sharepoint_nome,sharepoint_origem,sharepoint_caminho,sharepoint_extensao,sharepoint_categoria,sharepoint_frente_primaria,sharepoint_fonte_inferida,sharepoint_periodo_inferido,minio_match_type,minio_match_count,minio_match_examples
OneDrive_1_18-08-2026.zip,,OneDrive_1_18-08-2026.zip,.zip,arquivo_compactado,nao_classificado,nao_identificada,,nao_encontrado_no_minio_consultado,0,
2023_05_mcmv_ogu_dados.zip,,OneDrive_2026-08-19/Casa civil/2023-05-Maio/2023_05_mcmv_ogu_dados.zip,.zip,arquivo_compactado,ogu_subsidiado,ogu;casa_civil,2023-05,nao_encontrado_no_minio_consultado,0,
2023_06_mcmv_ogu_dados.zip,,OneDrive_2026-08-19/Casa civil/2023-06-Junho/2023_06_mcmv_ogu_dados.zip,.zip,arquivo_compactado,ogu_subsidiado,ogu;casa_civil,2023-06,nao_encontrado_no_minio_consultado,0,
2023_07_mcmv_ogu_dados.zip,,OneDrive_2026-08-19/Casa civil/2023-07-Julho/2023_07_mcmv_ogu_dados.zip,.zip,arquivo_compactado,ogu_subsidiado,ogu;casa_civil,2023-07,nao_encontrado_no_minio_consultado,0,
2023_08_mcmv_fgts_dados.zip,,OneDrive_2026-08-19/Casa civil/2023-08-Agosto/2023_08_mcmv_fgts_dados.zip,.zip,arquivo_compactado,fgts_financiado,fgts;casa_civil,2023-08,nao_encontrado_no_minio_consultado,0,
2023_08_mcmv_fgts_entregas_dados.zip,,OneDrive_2026-08-19/Casa civil/2023-08-Agosto/2023_08_mcmv_fgts_entregas_dados.zip,.zip,arquivo_compactado,fgts_entregas,fgts;entregas;casa_civil,2023-08,nao_encontrado_no_minio_consultado,0,
2023_08_mcmv_ogu_dados.zip,,OneDrive_2026-08-19/Casa civil/2023-08-Agosto/2023_08_mcmv_ogu_dados.zip,.zip,arquivo_compactado,ogu_subsidiado,ogu;casa_civil,2023-08,nao_encontrado_no_minio_consultado,0,
2023_09_mcmv_fgts_dados.zip,,OneDrive_2026-08-19/Casa civil/2023-09-Setembro/2023_09_mcmv_fgts_dados.zip,.zip,arquivo_compactado,fgts_financiado,fgts;casa_civil,2023-09,nao_encontrado_no_minio_consultado,0,
2023_09_mcmv_fgts_entregas_dados.zip,,OneDrive_2026-08-19/Casa civil/2023-09-Setembro/2023_09_mcmv_fgts_entregas_dados.zip,.zip,arquivo_compactado,fgts_entregas,fgts;entregas;casa_civil,2023-09,nao_encontrado_no_minio_consultado,0,
2023_09_mcmv_ogu_dados.zip,,OneDrive_2026-08-19/Casa civil/2023-09-Setembro/2023_09_mcmv_ogu_dados.zip,.zip,arquivo_compactado,ogu_subsidiado,ogu;casa_civil,2023-09,nao_encontrado_no_minio_consultado,0,
2023_10_mcmv_fgts_dados.txt,,OneDrive_2026-08-19/Casa civil/2023-10-Outubro/2023_10_mcmv_fgts_dados.txt,.txt,dado_tabular_ou_serializado,fgts_financiado,fgts;casa_civil,2023-10,nao_encontrado_no_minio_consultado,0,
2023_10_mcmv_ogu_dados.txt,,OneDrive_2026-08-19/Casa civil/2023-10-Outubro/2023_10_mcmv_ogu_dados.txt,.txt,dado_tabular_ou_serializado,ogu_subsidiado,ogu;casa_civil,2023-10,nao_encontrado_no_minio_consultado,0,
2023_11_mcmv_fgts_dados.txt,,OneDrive_2026-08-19/Casa civil/2023-11-Novembro/2023_11_mcmv_fgts_dados.txt,.txt,dado_tabular_ou_serializado,fgts_financiado,fgts;casa_civil,2023-11,nao_encontrado_no_minio_consultado,0,
2023_11_mcmv_ogu_dados.txt,,OneDrive_2026-08-19/Casa civil/2023-11-Novembro/2023_11_mcmv_ogu_dados.txt,.txt,dado_tabular_ou_serializado,ogu_subsidiado,ogu;casa_civil,2023-11,nao_encontrado_no_minio_consultado,0,
2023_12_mcmv_FGTS_dados.zip,,OneDrive_2026-08-19/Casa civil/2023-12_Dezembro/2023_12_mcmv_FGTS_dados.zip,.zip,arquivo_compactado,fgts_financiado,fgts;casa_civil,2023-12,nao_encontrado_no_minio_consultado,0,
2023_12_mcmv_ogu_dados.zip,,OneDrive_2026-08-19/Casa civil/2023-12_Dezembro/2023_12_mcmv_ogu_dados.zip,.zip,arquivo_compactado,ogu_subsidiado,ogu;casa_civil,2023-12,nao_encontrado_no_minio_consultado,0,
2023_12_mcmv_ogu_dados_v2.zip,,OneDrive_2026-08-19/Casa civil/2023-12_Dezembro/2023_12_mcmv_ogu_dados_v2.zip,.zip,arquivo_compactado,ogu_subsidiado,ogu;casa_civil,2023-12,nao_encontrado_no_minio_consultado,0,
2023_12_mcmv_ogu_dados_v3.zip,,OneDrive_2026-08-19/Casa civil/2023-12_Dezembro/2023_12_mcmv_ogu_dados_v3.zip,.zip,arquivo_compactado,ogu_subsidiado,ogu;casa_civil,2023-12,nao_encontrado_no_minio_consultado,0,
2023_12_mcmv_ogu_dados_v4.zip,,OneDrive_2026-08-19/Casa civil/2023-12_Dezembro/2023_12_mcmv_ogu_dados_v4.zip,.zip,arquivo_compactado,ogu_subsidiado,ogu;casa_civil,2023-12,nao_encontrado_no_minio_consultado,0,
2023_12_mcmv_ogu_v5.zip,,OneDrive_2026-08-19/Casa civil/2023-12_Dezembro/2023_12_mcmv_ogu_v5.zip,.zip,arquivo_compactado,ogu_subsidiado,ogu;casa_civil,2023-12,nao_encontrado_no_minio_consultado,0,
base_fgts_2024_01.xlsx,,OneDrive_2026-08-19/Casa civil/2024 - 01_Janeiro/base_fgts_2024_01.xlsx,.xlsx,dado_tabular_ou_serializado,fgts_financiado,fgts;casa_civil,2024-01,nao_encontrado_no_minio_consultado,0,
base_ogu_2024_01.xlsx,,OneDrive_2026-08-19/Casa civil/2024 - 01_Janeiro/base_ogu_2024_01.xlsx,.xlsx,dado_tabular_ou_serializado,ogu_subsidiado,ogu;casa_civil,2024-01,nao_encontrado_no_minio_consultado,0,
2024_08_mcmv_fgts_dados.zip,,OneDrive_2026-08-19/Casa civil/2024-08_Agosto/2024_08_mcmv_fgts_dados.zip,.zip,arquivo_compactado,fgts_financiado,fgts;casa_civil,2024-08,nao_encontrado_no_minio_consultado,0,
2024_08_mcmv_fgts_entregas_dados.zip,,OneDrive_2026-08-19/Casa civil/2024-08_Agosto/2024_08_mcmv_fgts_entregas_dados.zip,.zip,arquivo_compactado,fgts_entregas,fgts;entregas;casa_civil,2024-08,nao_encontrado_no_minio_consultado,0,
2024_08_mcmv_ogu_dados.zip,,OneDrive_2026-08-19/Casa civil/2024-08_Agosto/2024_08_mcmv_ogu_dados.zip,.zip,arquivo_compactado,ogu_subsidiado,ogu;casa_civil,2024-08,nao_encontrado_no_minio_consultado,0,
2023_09_27_mcmv_fgts_entregas_metadado.xlsx,,OneDrive_2026-08-19/Casa civil/Fichas de Metadados da Casa Civil/2023_09_27_mcmv_fgts_entregas_metadado.xlsx,.xlsx,dado_tabular_ou_serializado,fgts_entregas,fgts;entregas;metadados;casa_civil,2023-09,nao_encontrado_no_minio_consultado,0,
20240902_OGU_Contratacao_Casa_Civil_Metadados_v1.6 (1).xlsx,,OneDrive_2026-08-19/Casa civil/Fichas de Metadados da Casa Civil/20240902_OGU_Contratacao_Casa_Civil_Metadados_v1.6 (1).xlsx,.xlsx,dado_tabular_ou_serializado,ogu_subsidiado,ogu;metadados;casa_civil,2024-09,nao_encontrado_no_minio_consultado,0,
20240918_FGTS_Contratacao_Casa_Civil_Metadados_v1.4 (1).xlsx,,OneDrive_2026-08-19/Casa civil/Fichas de Metadados da Casa Civil/20240918_FGTS_Contratacao_Casa_Civil_Metadados_v1.4 (1).xlsx,.xlsx,dado_tabular_ou_serializado,fgts_financiado,fgts;metadados;casa_civil,2024-09,nao_encontrado_no_minio_consultado,0,
2024_09_18_mcmv_fgts_entregas_metadado.xlsx,,OneDrive_2026-08-19/Casa civil/Fichas de Metadados da Casa Civil/2024_09_18_mcmv_fgts_entregas_metadado.xlsx,.xlsx,dado_tabular_ou_serializado,fgts_entregas,fgts;entregas;metadados;casa_civil,2024-09,nao_encontrado_no_minio_consultado,0,
2024_09_18_mcmv_fgts_metadado.xlsx,,OneDrive_2026-08-19/Casa civil/Fichas de Metadados da Casa Civil/2024_09_18_mcmv_fgts_metadado.xlsx,.xlsx,dado_tabular_ou_serializado,fgts_financiado,fgts;metadados;casa_civil,2024-09,nao_encontrado_no_minio_consultado,0,
2023_09_27_mcmv_fgts_metadado.xlsx,,OneDrive_2026-08-19/Casa civil/Fichas de Metadados da Casa Civil/antigos/2023_09_27_mcmv_fgts_metadado.xlsx,.xlsx,dado_tabular_ou_serializado,fgts_financiado,fgts;metadados;casa_civil,2023-09,nao_encontrado_no_minio_consultado,0,
2023_09_27_mcmv_ogu_metadado.xlsx,,OneDrive_2026-08-19/Casa civil/Fichas de Metadados da Casa Civil/antigos/2023_09_27_mcmv_ogu_metadado.xlsx,.xlsx,dado_tabular_ou_serializado,ogu_subsidiado,ogu;metadados;casa_civil,2023-09,nao_encontrado_no_minio_consultado,0,
OneDrive_2026-08-19 (1).zip,,OneDrive_2026-08-19 (1).zip,.zip,arquivo_compactado,nao_classificado,nao_identificada,,nao_encontrado_no_minio_consultado,0,
OneDrive_2026-08-19 (2).zip,,OneDrive_2026-08-19 (2).zip,.zip,arquivo_compactado,nao_classificado,nao_identificada,,nao_encontrado_no_minio_consultado,0,
OneDrive_2026-08-19 (3).zip,,OneDrive_2026-08-19 (3).zip,.zip,arquivo_compactado,nao_classificado,nao_identificada,,nao_encontrado_no_minio_consultado,0,
OneDrive_2026-08-19 (4).zip,,OneDrive_2026-08-19 (4).zip,.zip,arquivo_compactado,nao_classificado,nao_identificada,,nao_encontrado_no_minio_consultado,0,
OneDrive_2026-08-19 (5).zip,,OneDrive_2026-08-19 (5).zip,.zip,arquivo_compactado,nao_classificado,nao_identificada,,nao_encontrado_no_minio_consultado,0,
OneDrive_2026-08-19 (6).zip,,OneDrive_2026-08-19 (6).zip,.zip,arquivo_compactado,nao_classificado,nao_identificada,,nao_encontrado_no_minio_consultado,0,
OneDrive_2026-08-19 (7).zip,,OneDrive_2026-08-19 (7).zip,.zip,arquivo_compactado,nao_classificado,nao_identificada,,nao_encontrado_no_minio_consultado,0,
OneDrive_2026-08-19.zip,,OneDrive_2026-08-19.zip,.zip,arquivo_compactado,nao_classificado,nao_identificada,,nao_encontrado_no_minio_consultado,0,
PASSAGEM_BASTAO.pdf,,PASSAGEM_BASTAO.pdf,.pdf,documento,nao_classificado,nao_identificada,,nao_encontrado_no_minio_consultado,0,
Painel Show do Milhão 06 03 2025.pdf,OneDrive_1_18-08-2026.zip,Painel Show do Milhão 06 03 2025.pdf,.pdf,documento,nao_classificado,nao_identificada,,nao_encontrado_no_minio_consultado,0,
Painel_Show_do_milhão20250313.pdf,OneDrive_1_18-08-2026.zip,Painel_Show_do_milhão20250313.pdf,.pdf,documento,nao_classificado,nao_identificada,,nao_encontrado_no_minio_consultado,0,
Painel_Show_do_milhão20250317.pdf,OneDrive_1_18-08-2026.zip,Painel_Show_do_milhão20250317.pdf,.pdf,documento,nao_classificado,nao_identificada,,nao_encontrado_no_minio_consultado,0,
Painel_Show_do_milhão20250319.pdf,OneDrive_1_18-08-2026.zip,Painel_Show_do_milhão20250319.pdf,.pdf,documento,nao_classificado,nao_identificada,,nao_encontrado_no_minio_consultado,0,
Painel_Show_do_milhão20250321.pdf,OneDrive_1_18-08-2026.zip,Painel_Show_do_milhão20250321.pdf,.pdf,documento,nao_classificado,nao_identificada,,nao_encontrado_no_minio_consultado,0,
Painel_Show_do_milhão20250404.pdf,OneDrive_1_18-08-2026.zip,Painel_Show_do_milhão20250404.pdf,.pdf,documento,nao_classificado,nao_identificada,,nao_encontrado_no_minio_consultado,0,
Painel_Show_do_milhão20250505.pdf,OneDrive_1_18-08-2026.zip,Painel_Show_do_milhão20250505.pdf,.pdf,documento,nao_classificado,nao_identificada,,nao_encontrado_no_minio_consultado,0,
2023_05_mcmv_ogu_dados.txt,OneDrive_2026-08-19/Casa civil/2023-05-Maio/2023_05_mcmv_ogu_dados.zip,2023_05_mcmv_ogu_dados.txt,.txt,dado_tabular_ou_serializado,ogu_subsidiado,ogu;casa_civil,2023-05,nao_encontrado_no_minio_consultado,0,
2023_06_mcmv_ogu_dados.txt,OneDrive_2026-08-19/Casa civil/2023-06-Junho/2023_06_mcmv_ogu_dados.zip,2023_06_mcmv_ogu_dados.txt,.txt,dado_tabular_ou_serializado,ogu_subsidiado,ogu;casa_civil,2023-06,nao_encontrado_no_minio_consultado,0,
2023_07_mcmv_ogu_dados.txt,OneDrive_2026-08-19/Casa civil/2023-07-Julho/2023_07_mcmv_ogu_dados.zip,2023_07_mcmv_ogu_dados.txt,.txt,dado_tabular_ou_serializado,ogu_subsidiado,ogu;casa_civil,2023-07,nao_encontrado_no_minio_consultado,0,
2023_08_mcmv_fgts_dados.txt,OneDrive_2026-08-19/Casa civil/2023-08-Agosto/2023_08_mcmv_fgts_dados.zip,2023_08_mcmv_fgts_dados.txt,.txt,dado_tabular_ou_serializado,fgts_financiado,fgts;casa_civil,2023-08,nao_encontrado_no_minio_consultado,0,
2023_08_mcmv_fgts_entregas_dados.txt,OneDrive_2026-08-19/Casa civil/2023-08-Agosto/2023_08_mcmv_fgts_entregas_dados.zip,2023_08_mcmv_fgts_entregas_dados.txt,.txt,dado_tabular_ou_serializado,fgts_entregas,fgts;entregas;casa_civil,2023-08,nao_encontrado_no_minio_consultado,0,
2023_08_mcmv_ogu_dados.txt,OneDrive_2026-08-19/Casa civil/2023-08-Agosto/2023_08_mcmv_ogu_dados.zip,2023_08_mcmv_ogu_dados.txt,.txt,dado_tabular_ou_serializado,ogu_subsidiado,ogu;casa_civil,2023-08,nao_encontrado_no_minio_consultado,0,
2023_09_mcmv_fgts_dados.txt,OneDrive_2026-08-19/Casa civil/2023-09-Setembro/2023_09_mcmv_fgts_dados.zip,2023_09_mcmv_fgts_dados.txt,.txt,dado_tabular_ou_serializado,fgts_financiado,fgts;casa_civil,2023-09,nao_encontrado_no_minio_consultado,0,
2023_09_mcmv_fgts_entregas_dados.txt,OneDrive_2026-08-19/Casa civil/2023-09-Setembro/2023_09_mcmv_fgts_entregas_dados.zip,2023_09_mcmv_fgts_entregas_dados.txt,.txt,dado_tabular_ou_serializado,fgts_entregas,fgts;entregas;casa_civil,2023-09,nao_encontrado_no_minio_consultado,0,
2023_09_mcmv_ogu_dados.txt,OneDrive_2026-08-19/Casa civil/2023-09-Setembro/2023_09_mcmv_ogu_dados.zip,2023_09_mcmv_ogu_dados.txt,.txt,dado_tabular_ou_serializado,ogu_subsidiado,ogu;casa_civil,2023-09,nao_encontrado_no_minio_consultado,0,
2023_12_mcmv_FGTS_dados.txt,OneDrive_2026-08-19/Casa civil/2023-12_Dezembro/2023_12_mcmv_FGTS_dados.zip,2023_12_mcmv_FGTS_dados.txt,.txt,dado_tabular_ou_serializado,fgts_financiado,fgts;casa_civil,2023-12,nao_encontrado_no_minio_consultado,0,
2023_12_mcmv_ogu_dados.txt,OneDrive_2026-08-19/Casa civil/2023-12_Dezembro/2023_12_mcmv_ogu_dados.zip,2023_12_mcmv_ogu_dados.txt,.txt,dado_tabular_ou_serializado,ogu_subsidiado,ogu;casa_civil,2023-12,nao_encontrado_no_minio_consultado,0,
2023_12_mcmv_ogu_dados_v2.txt,OneDrive_2026-08-19/Casa civil/2023-12_Dezembro/2023_12_mcmv_ogu_dados_v2.zip,2023_12_mcmv_ogu_dados_v2.txt,.txt,dado_tabular_ou_serializado,ogu_subsidiado,ogu;casa_civil,2023-12,nao_encontrado_no_minio_consultado,0,
base_ogu_2023_12_v3.xlsx,OneDrive_2026-08-19/Casa civil/2023-12_Dezembro/2023_12_mcmv_ogu_dados_v3.zip,base_ogu_2023_12_v3.xlsx,.xlsx,dado_tabular_ou_serializado,ogu_subsidiado,ogu;casa_civil,2023-12,nao_encontrado_no_minio_consultado,0,
base_ogu_2023_12_v4.xlsx,OneDrive_2026-08-19/Casa civil/2023-12_Dezembro/2023_12_mcmv_ogu_dados_v4.zip,base_ogu_2023_12_v4.xlsx,.xlsx,dado_tabular_ou_serializado,ogu_subsidiado,ogu;casa_civil,2023-12,nao_encontrado_no_minio_consultado,0,
base_ogu_2023_12_v5.xlsx,OneDrive_2026-08-19/Casa civil/2023-12_Dezembro/2023_12_mcmv_ogu_v5.zip,base_ogu_2023_12_v5.xlsx,.xlsx,dado_tabular_ou_serializado,ogu_subsidiado,ogu;casa_civil,2023-12,nao_encontrado_no_minio_consultado,0,
2024_08_mcmv_ogu_dados.txt,OneDrive_2026-08-19/Casa civil/2024-08_Agosto/2024_08_mcmv_fgts_dados.zip,2024_08_mcmv_ogu_dados.txt,.txt,dado_tabular_ou_serializado,fgts_financiado,ogu;fgts;casa_civil,2024-08,nao_encontrado_no_minio_consultado,0,
2024_08_mcmv_fgts_entregas_dados.txt,OneDrive_2026-08-19/Casa civil/2024-08_Agosto/2024_08_mcmv_fgts_entregas_dados.zip,2024_08_mcmv_fgts_entregas_dados.txt,.txt,dado_tabular_ou_serializado,fgts_entregas,fgts;entregas;casa_civil,2024-08,nao_encontrado_no_minio_consultado,0,
2024_08_mcmv_ogu_dados.txt,OneDrive_2026-08-19/Casa civil/2024-08_Agosto/2024_08_mcmv_ogu_dados.zip,2024_08_mcmv_ogu_dados.txt,.txt,dado_tabular_ou_serializado,ogu_subsidiado,ogu;casa_civil,2024-08,nao_encontrado_no_minio_consultado,0,
Catálogo de Dados da Habitação - 2025-05-13.pptx,OneDrive_2026-08-19 (1).zip,Catálogo de Dados/Apresentacao do Catalogo - Maio-2025/Catálogo de Dados da Habitação - 2025-05-13.pptx,.pptx,documento,nao_classificado,nao_identificada,2025-05,pista_semantica_mesma_frente_periodo_fonte,17,bronze/caixa_andamento_obra/anomes=202505/_arquivo=caixa_af_gehis_andamento_obra_m20250515_e16c93df/data_0.parquet | bronze/caixa_andamento_obra/anomes=202505/_arquivo=caixa_af_gehis_andamento_obra_m20250522_7206a643/data_0.parquet | raw/dados_historicos/historico_recente_202505_snh_pmcmv_dados_prioritarios_af_bb.csv | raw/dados_historicos/historico_recente_202505_snh_pmcmv_dados_prioritarios_af_caixa.csv | raw/sftp/fabrica/GEFUS/ANTERIORES/202505_SNH_PMCMV_DADOS_PRIORITARIOS_AF_BB.csv
SEI_6353135_Nota_Tecnica_17.pdf,OneDrive_2026-08-19 (1).zip,Catálogo de Dados/Nota Técnica do Catálogo - 2a Versao - 2024 em diante/SEI_6353135_Nota_Tecnica_17.pdf,.pdf,documento,nao_classificado,nao_identificada,,nao_encontrado_no_minio_consultado,0,
Anexo I da NT - Inventário.pdf,OneDrive_2026-08-19 (1).zip,Catálogo de Dados/Nota Técnica e Catálogo de Dados - 1a Versao - 2023/Anexo I da NT - Inventário.pdf,.pdf,documento,nao_classificado,nao_identificada,,nao_encontrado_no_minio_consultado,0,
Catálogo de Dados 3.docx,OneDrive_2026-08-19 (1).zip,Catálogo de Dados/Nota Técnica e Catálogo de Dados - 1a Versao - 2023/Docs editáveis/Catálogo de Dados 3.docx,.docx,documento,nao_classificado,nao_identificada,,nao_encontrado_no_minio_consultado,0,
Inventário.pptx,OneDrive_2026-08-19 (1).zip,Catálogo de Dados/Nota Técnica e Catálogo de Dados - 1a Versao - 2023/Docs editáveis/Inventário.pptx,.pptx,documento,nao_classificado,nao_identificada,,nao_encontrado_no_minio_consultado,0,
Listagem dos Conjuntos de Dados v3.xlsx,OneDrive_2026-08-19 (1).zip,Catálogo de Dados/Nota Técnica e Catálogo de Dados - 1a Versao - 2023/Docs editáveis/Listagem dos Conjuntos de Dados v3.xlsx,.xlsx,dado_tabular_ou_serializado,nao_classificado,nao_identificada,,nao_encontrado_no_minio_consultado,0,
Nota Técnica 9.docx,OneDrive_2026-08-19 (1).zip,Catálogo de Dados/Nota Técnica e Catálogo de Dados - 1a Versao - 2023/Docs editáveis/Nota Técnica 9.docx,.docx,documento,nao_classificado,nao_identificada,,nao_encontrado_no_minio_consultado,0,
MNPO - MCMV - RURAL - versão 003.pdf,OneDrive_2026-08-19 (1).zip,Catálogo de Dados/Nota Técnica e Catálogo de Dados - 1a Versao - 2023/MNPO/MNPO - MCMV - RURAL - versão 003.pdf,.pdf,documento,rural,nao_identificada,,nao_encontrado_no_minio_consultado,0,
MNPO - NOVO MCMV 2023 - RECURSOS FAR (VERSÃO 001).pdf,OneDrive_2026-08-19 (1).zip,Catálogo de Dados/Nota Técnica e Catálogo de Dados - 1a Versao - 2023/MNPO/MNPO - NOVO MCMV 2023 - RECURSOS FAR (VERSÃO 001).pdf,.pdf,documento,far,nao_identificada,,nao_encontrado_no_minio_consultado,0,
MNPO MCMV FAR - LEGADO.pdf,OneDrive_2026-08-19 (1).zip,Catálogo de Dados/Nota Técnica e Catálogo de Dados - 1a Versao - 2023/MNPO/MNPO MCMV FAR - LEGADO.pdf,.pdf,documento,far,nao_identificada,,nao_encontrado_no_minio_consultado,0,
MNPO_MCMV ENTIDADES 2023_FDS (v003).pdf,OneDrive_2026-08-19 (1).zip,Catálogo de Dados/Nota Técnica e Catálogo de Dados - 1a Versao - 2023/MNPO/MNPO_MCMV ENTIDADES 2023_FDS (v003).pdf,.pdf,documento,entidades,nao_identificada,,nao_encontrado_no_minio_consultado,0,
Anexo II da NT - Catálogo de Dados da SNH.pdf,OneDrive_2026-08-19 (1).zip,Catálogo de Dados/Nota Técnica e Catálogo de Dados - 1a Versao - 2023/Anexo II da NT - Catálogo de Dados da SNH.pdf,.pdf,documento,nao_classificado,nao_identificada,,nao_encontrado_no_minio_consultado,0,
Nota Técnica - SEI_MIDR - 4782781.pdf,OneDrive_2026-08-19 (1).zip,Catálogo de Dados/Nota Técnica e Catálogo de Dados - 1a Versao - 2023/Nota Técnica - SEI_MIDR - 4782781.pdf,.pdf,documento,nao_classificado,nao_identificada,,nao_encontrado_no_minio_consultado,0,
Lista Selecionadas_Autorizadas MCMV-Rural_20240220.xlsx,OneDrive_2026-08-19 (2).zip,Novo MCMV - Rural/Lista Selecionadas_Autorizadas MCMV-Rural_20240220.xlsx,.xlsx,dado_tabular_ou_serializado,rural,nao_identificada,2024-02,pista_semantica_mesma_frente_periodo_fonte,4,raw/sftp/fabrica/GEFUS/ANTERIORES/INT057_MinisterioCidades_PNHR_BB_EMPREENDIMENTOS_20240229.TXT | raw/sftp/fabrica/GEFUS/ANTERIORES/INT058_MinisterioCidades_PNHR_BB_PF_20240229.TXT | raw/sftp/fabrica/GEFUS/ANTERIORES/INT064_MinisterioCidades_PNHR_CAIXA_PF_20240229.TXT | raw/sftp/fabrica/GEFUS/ANTERIORES/INT065_MinisterioCidades_PNHR_CAIXA_EMPREENDIMENTOS_20240229.TXT
MONIT_CAD_PJ_RURAL_20251224_101226.CSV,OneDrive_2026-08-19 (2).zip,Novo MCMV - Rural/Arquivados/Arquivo 2025 - Cad PJ/MONIT_CAD_PJ_RURAL_20251224_101226.CSV,.csv,dado_tabular_ou_serializado,rural,nao_identificada,2025-12,nao_encontrado_no_minio_consultado,0,
MONIT_MOV_FINANC_RURAL_20251223_124903.CSV,OneDrive_2026-08-19 (2).zip,Novo MCMV - Rural/Arquivados/Arquivo 2025 - Financeiro/MONIT_MOV_FINANC_RURAL_20251223_124903.CSV,.csv,dado_tabular_ou_serializado,rural,nao_identificada,2025-12,nao_encontrado_no_minio_consultado,0,
MONIT_MOV_FINANC_RURAL_20251224_103041.CSV,OneDrive_2026-08-19 (2).zip,Novo MCMV - Rural/Arquivados/Arquivo 2025 - Financeiro/MONIT_MOV_FINANC_RURAL_20251224_103041.CSV,.csv,dado_tabular_ou_serializado,rural,nao_identificada,2025-12,nao_encontrado_no_minio_consultado,0,
MONIT_MOV_FINANC_RURAL_DIARIO_20251229_103027.CSV,OneDrive_2026-08-19 (2).zip,Novo MCMV - Rural/Arquivados/Arquivo 2025 - Financeiro/MONIT_MOV_FINANC_RURAL_DIARIO_20251229_103027.CSV,.csv,dado_tabular_ou_serializado,rural,nao_identificada,2025-12,nao_encontrado_no_minio_consultado,0,
MONIT_MOV_FINANC_RURAL_DIARIO_20251230_103055.CSV,OneDrive_2026-08-19 (2).zip,Novo MCMV - Rural/Arquivados/Arquivo 2025 - Financeiro/MONIT_MOV_FINANC_RURAL_DIARIO_20251230_103055.CSV,.csv,dado_tabular_ou_serializado,rural,nao_identificada,2025-12,nao_encontrado_no_minio_consultado,0,
MONIT_MOV_FINANC_RURAL_DIARIO_20251231_103040.CSV,OneDrive_2026-08-19 (2).zip,Novo MCMV - Rural/Arquivados/Arquivo 2025 - Financeiro/MONIT_MOV_FINANC_RURAL_DIARIO_20251231_103040.CSV,.csv,dado_tabular_ou_serializado,rural,nao_identificada,2025-12,nao_encontrado_no_minio_consultado,0,
MONIT_MOV_FINANC_RURAL_DIARIO_20260105_103055.CSV,OneDrive_2026-08-19 (2).zip,Novo MCMV - Rural/Arquivados/Arquivo 2025 - Financeiro/MONIT_MOV_FINANC_RURAL_DIARIO_20260105_103055.CSV,.csv,dado_tabular_ou_serializado,rural,nao_identificada,2026-01,nao_encontrado_no_minio_consultado,0,
MONIT_MOV_FINANC_RURAL_DIARIO_20260106_103055.CSV,OneDrive_2026-08-19 (2).zip,Novo MCMV - Rural/Arquivados/Arquivo 2025 - Financeiro/MONIT_MOV_FINANC_RURAL_DIARIO_20260106_103055.CSV,.csv,dado_tabular_ou_serializado,rural,nao_identificada,2026-01,nao_encontrado_no_minio_consultado,0,
MONIT_MOV_FINANC_RURAL_DIARIO_20260107_103043.CSV,OneDrive_2026-08-19 (2).zip,Novo MCMV - Rural/Arquivados/Arquivo 2025 - Financeiro/MONIT_MOV_FINANC_RURAL_DIARIO_20260107_103043.CSV,.csv,dado_tabular_ou_serializado,rural,nao_identificada,2026-01,nao_encontrado_no_minio_consultado,0,
MONIT_MOV_FINANC_RURAL_DIARIO_20260108_103040.CSV,OneDrive_2026-08-19 (2).zip,Novo MCMV - Rural/Arquivados/Arquivo 2025 - Financeiro/MONIT_MOV_FINANC_RURAL_DIARIO_20260108_103040.CSV,.csv,dado_tabular_ou_serializado,rural,nao_identificada,2026-01,nao_encontrado_no_minio_consultado,0,
MONIT_MOV_FINANC_RURAL_DIARIO_20260109_103040.CSV,OneDrive_2026-08-19 (2).zip,Novo MCMV - Rural/Arquivados/Arquivo 2025 - Financeiro/MONIT_MOV_FINANC_RURAL_DIARIO_20260109_103040.CSV,.csv,dado_tabular_ou_serializado,rural,nao_identificada,2026-01,nao_encontrado_no_minio_consultado,0,
MONIT_MOV_FINANC_RURAL_DIARIO_20260112_103044.CSV,OneDrive_2026-08-19 (2).zip,Novo MCMV - Rural/Arquivados/Arquivo 2025 - Financeiro/MONIT_MOV_FINANC_RURAL_DIARIO_20260112_103044.CSV,.csv,dado_tabular_ou_serializado,rural,nao_identificada,2026-01,nao_encontrado_no_minio_consultado,0,
MONIT_MOV_FINANC_RURAL_DIARIO_20260113_103043.CSV,OneDrive_2026-08-19 (2).zip,Novo MCMV - Rural/Arquivados/Arquivo 2025 - Financeiro/MONIT_MOV_FINANC_RURAL_DIARIO_20260113_103043.CSV,.csv,dado_tabular_ou_serializado,rural,nao_identificada,2026-01,nao_encontrado_no_minio_consultado,0,
MONIT_MOV_FINANC_RURAL_DIARIO_20260114_103044.CSV,OneDrive_2026-08-19 (2).zip,Novo MCMV - Rural/Arquivados/Arquivo 2025 - Financeiro/MONIT_MOV_FINANC_RURAL_DIARIO_20260114_103044.CSV,.csv,dado_tabular_ou_serializado,rural,nao_identificada,2026-01,nao_encontrado_no_minio_consultado,0,
MONIT_MOV_FINANC_RURAL_DIARIO_20260115_103115.CSV,OneDrive_2026-08-19 (2).zip,Novo MCMV - Rural/Arquivados/Arquivo 2025 - Financeiro/MONIT_MOV_FINANC_RURAL_DIARIO_20260115_103115.CSV,.csv,dado_tabular_ou_serializado,rural,nao_identificada,2026-01,nao_encontrado_no_minio_consultado,0,
MONIT_MOV_FINANC_RURAL_DIARIO_20260116_103051.CSV,OneDrive_2026-08-19 (2).zip,Novo MCMV - Rural/Arquivados/Arquivo 2025 - Financeiro/MONIT_MOV_FINANC_RURAL_DIARIO_20260116_103051.CSV,.csv,dado_tabular_ou_serializado,rural,nao_identificada,2026-01,nao_encontrado_no_minio_consultado,0,
MONIT_MOV_FINANC_RURAL_DIARIO_20260119_103041.CSV,OneDrive_2026-08-19 (2).zip,Novo MCMV - Rural/Arquivados/Arquivo 2025 - Financeiro/MONIT_MOV_FINANC_RURAL_DIARIO_20260119_103041.CSV,.csv,dado_tabular_ou_serializado,rural,nao_identificada,2026-01,nao_encontrado_no_minio_consultado,0,
MONIT_MOV_OBRA_RURAL_20251223_130310.CSV,OneDrive_2026-08-19 (2).zip,Novo MCMV - Rural/Arquivados/Arquivo 2025 - Obra/MONIT_MOV_OBRA_RURAL_20251223_130310.CSV,.csv,dado_tabular_ou_serializado,rural,nao_identificada,2025-12,nao_encontrado_no_minio_consultado,0,
MONIT_MOV_OBRA_RURAL_20251224_040838.CSV,OneDrive_2026-08-19 (2).zip,Novo MCMV - Rural/Arquivados/Arquivo 2025 - Obra/MONIT_MOV_OBRA_RURAL_20251224_040838.CSV,.csv,dado_tabular_ou_serializado,rural,nao_identificada,2025-12,nao_encontrado_no_minio_consultado,0,
MONIT_CADASTRO_PF_RURAL_MENSAL_202601_042112.CSV,OneDrive_2026-08-19 (2).zip,Novo MCMV - Rural/RURAL - Cadastro PF - Mensal/MONIT_CADASTRO_PF_RURAL_MENSAL_202601_042112.CSV,.csv,dado_tabular_ou_serializado,rural,nao_identificada,2026-01,nao_encontrado_no_minio_consultado,0,
MONIT_CADASTRO_PF_RURAL_DIARIO_20260105_125412.CSV,OneDrive_2026-08-19 (2).zip,Novo MCMV - Rural/RURAL - Cadastro PF - Semanal/MONIT_CADASTRO_PF_RURAL_DIARIO_20260105_125412.CSV,.csv,dado_tabular_ou_serializado,rural,nao_identificada,2026-01,nao_encontrado_no_minio_consultado,0,
MONIT_CAD_PJ_RURAL_MENSAL_202512_041043.CSV,OneDrive_2026-08-19 (2).zip,Novo MCMV - Rural/RURAL - Cadastro PJ - Mensal/MONIT_CAD_PJ_RURAL_MENSAL_202512_041043.CSV,.csv,dado_tabular_ou_serializado,rural,nao_identificada,2025-12,nao_encontrado_no_minio_consultado,0,
MONIT_CAD_PJ_RURAL_MENSAL_202601_042245.CSV,OneDrive_2026-08-19 (2).zip,Novo MCMV - Rural/RURAL - Cadastro PJ - Mensal/MONIT_CAD_PJ_RURAL_MENSAL_202601_042245.CSV,.csv,dado_tabular_ou_serializado,rural,nao_identificada,2026-01,nao_encontrado_no_minio_consultado,0,
MONIT_MOV_FINANC_RURAL_MENSAL_202512_103102.CSV,OneDrive_2026-08-19 (2).zip,Novo MCMV - Rural/RURAL - Financeiro - Mensal/MONIT_MOV_FINANC_RURAL_MENSAL_202512_103102.CSV,.csv,dado_tabular_ou_serializado,rural,nao_identificada,2025-12,nao_encontrado_no_minio_consultado,0,
MONIT_MOV_FINANC_RURAL_MENSAL_202601_103138.CSV,OneDrive_2026-08-19 (2).zip,Novo MCMV - Rural/RURAL - Financeiro - Mensal/MONIT_MOV_FINANC_RURAL_MENSAL_202601_103138.CSV,.csv,dado_tabular_ou_serializado,rural,nao_identificada,2026-01,nao_encontrado_no_minio_consultado,0,
MONIT_MOV_FINANC_RURAL_SEMANAL_20260126_103044.CSV,OneDrive_2026-08-19 (2).zip,Novo MCMV - Rural/RURAL - Financeiro - Semanal/MONIT_MOV_FINANC_RURAL_SEMANAL_20260126_103044.CSV,.csv,dado_tabular_ou_serializado,rural,nao_identificada,2026-01,nao_encontrado_no_minio_consultado,0,
MONIT_MOV_FINANC_RURAL_SEMANAL_20260202_103138.CSV,OneDrive_2026-08-19 (2).zip,Novo MCMV - Rural/RURAL - Financeiro - Semanal/MONIT_MOV_FINANC_RURAL_SEMANAL_20260202_103138.CSV,.csv,dado_tabular_ou_serializado,rural,nao_identificada,2026-02,nao_encontrado_no_minio_consultado,0,
MONIT_MOV_OBRA_RURAL_MENSAL_202512_040833.CSV,OneDrive_2026-08-19 (2).zip,Novo MCMV - Rural/RURAL - Obra - Mensal/MONIT_MOV_OBRA_RURAL_MENSAL_202512_040833.CSV,.csv,dado_tabular_ou_serializado,rural,nao_identificada,2025-12,nao_encontrado_no_minio_consultado,0,
MONIT_MOV_OBRA_RURAL_MENSAL_202601_042020.CSV,OneDrive_2026-08-19 (2).zip,Novo MCMV - Rural/RURAL - Obra - Mensal/MONIT_MOV_OBRA_RURAL_MENSAL_202601_042020.CSV,.csv,dado_tabular_ou_serializado,rural,nao_identificada,2026-01,nao_encontrado_no_minio_consultado,0,
MONIT_MOV_OBRA_RURAL_DIARIO_20260107_040822.CSV,OneDrive_2026-08-19 (2).zip,Novo MCMV - Rural/RURAL - Obra - Semanal/MONIT_MOV_OBRA_RURAL_DIARIO_20260107_040822.CSV,.csv,dado_tabular_ou_serializado,rural,nao_identificada,2026-01,nao_encontrado_no_minio_consultado,0,
MONIT_MOV_OBRA_RURAL_DIARIO_20260108_040754.CSV,OneDrive_2026-08-19 (2).zip,Novo MCMV - Rural/RURAL - Obra - Semanal/MONIT_MOV_OBRA_RURAL_DIARIO_20260108_040754.CSV,.csv,dado_tabular_ou_serializado,rural,nao_identificada,2026-01,nao_encontrado_no_minio_consultado,0,
MONIT_MOV_OBRA_RURAL_DIARIO_20260114_040821.CSV,OneDrive_2026-08-19 (2).zip,Novo MCMV - Rural/RURAL - Obra - Semanal/MONIT_MOV_OBRA_RURAL_DIARIO_20260114_040821.CSV,.csv,dado_tabular_ou_serializado,rural,nao_identificada,2026-01,nao_encontrado_no_minio_consultado,0,
MONIT_MOV_OBRA_RURAL_SEMANAL_20260126_040825.CSV,OneDrive_2026-08-19 (2).zip,Novo MCMV - Rural/RURAL - Obra - Semanal/MONIT_MOV_OBRA_RURAL_SEMANAL_20260126_040825.CSV,.csv,dado_tabular_ou_serializado,rural,nao_identificada,2026-01,nao_encontrado_no_minio_consultado,0,
MONIT_MOV_OBRA_RURAL_SEMANAL_20260202_042020.CSV,OneDrive_2026-08-19 (2).zip,Novo MCMV - Rural/RURAL - Obra - Semanal/MONIT_MOV_OBRA_RURAL_SEMANAL_20260202_042020.CSV,.csv,dado_tabular_ou_serializado,rural,nao_identificada,2026-02,nao_encontrado_no_minio_consultado,0,
MONIT_CAD_PJ_RURAL_LAYOUT_20260401_043425.CSV,OneDrive_2026-08-19 (2).zip,Novo MCMV - Rural/MONIT_CAD_PJ_RURAL_LAYOUT_20260401_043425.CSV,.csv,dado_tabular_ou_serializado,rural,nao_identificada,2026-04,pista_semantica_mesma_frente_periodo_fonte,2,raw/sftp/fabrica/GEFUS/INT058_MinisterioCidades_PNHR_BB_PF_20260430_CONTINGENCIA.TXT | raw/sftp/fabrica/GEFUS/INT064_MinisterioCidades_PNHR_CAIXA_PF_20260430_CONTINGENCIA.TXT
MONIT_CAD_PJ_RURAL_LAYOUT_20260504_043834.CSV,OneDrive_2026-08-19 (2).zip,Novo MCMV - Rural/MONIT_CAD_PJ_RURAL_LAYOUT_20260504_043834.CSV,.csv,dado_tabular_ou_serializado,rural,nao_identificada,2026-05,nao_encontrado_no_minio_consultado,0,
MONIT_CAD_PJ_RURAL_LAYOUT_20260601_043616.CSV,OneDrive_2026-08-19 (2).zip,Novo MCMV - Rural/MONIT_CAD_PJ_RURAL_LAYOUT_20260601_043616.CSV,.csv,dado_tabular_ou_serializado,rural,nao_identificada,2026-06,nao_encontrado_no_minio_consultado,0,
MONIT_CAD_PJ_RURAL_LAYOUT_20260701_043056.CSV,OneDrive_2026-08-19 (2).zip,Novo MCMV - Rural/MONIT_CAD_PJ_RURAL_LAYOUT_20260701_043056.CSV,.csv,dado_tabular_ou_serializado,rural,nao_identificada,2026-07,nao_encontrado_no_minio_consultado,0,
MONIT_CAD_PJ_RURAL_LAYOUT_20260803_042059.CSV,OneDrive_2026-08-19 (2).zip,Novo MCMV - Rural/MONIT_CAD_PJ_RURAL_LAYOUT_20260803_042059.CSV,.csv,dado_tabular_ou_serializado,rural,nao_identificada,2026-08,nao_encontrado_no_minio_consultado,0,
MONIT_CAD_PJ_RURAL_MENSAL_202602_043001.CSV,OneDrive_2026-08-19 (2).zip,Novo MCMV - Rural/MONIT_CAD_PJ_RURAL_MENSAL_202602_043001.CSV,.csv,dado_tabular_ou_serializado,rural,nao_identificada,2026-02,nao_encontrado_no_minio_consultado,0,
MONIT_CAD_PJ_RURAL_MENSAL_202603_043425.CSV,OneDrive_2026-08-19 (2).zip,Novo MCMV - Rural/MONIT_CAD_PJ_RURAL_MENSAL_202603_043425.CSV,.csv,dado_tabular_ou_serializado,rural,nao_identificada,2026-03,nao_encontrado_no_minio_consultado,0,
MONIT_CAD_PJ_RURAL_MENSAL_202604_043834.CSV,OneDrive_2026-08-19 (2).zip,Novo MCMV - Rural/MONIT_CAD_PJ_RURAL_MENSAL_202604_043834.CSV,.csv,dado_tabular_ou_serializado,rural,nao_identificada,2026-04,pista_semantica_mesma_frente_periodo_fonte,2,raw/sftp/fabrica/GEFUS/INT058_MinisterioCidades_PNHR_BB_PF_20260430_CONTINGENCIA.TXT | raw/sftp/fabrica/GEFUS/INT064_MinisterioCidades_PNHR_CAIXA_PF_20260430_CONTINGENCIA.TXT
MONIT_CAD_PJ_RURAL_MENSAL_202605_043616.CSV,OneDrive_2026-08-19 (2).zip,Novo MCMV - Rural/MONIT_CAD_PJ_RURAL_MENSAL_202605_043616.CSV,.csv,dado_tabular_ou_serializado,rural,nao_identificada,2026-05,nao_encontrado_no_minio_consultado,0,
MONIT_CAD_PJ_RURAL_MENSAL_202606_043056.CSV,OneDrive_2026-08-19 (2).zip,Novo MCMV - Rural/MONIT_CAD_PJ_RURAL_MENSAL_202606_043056.CSV,.csv,dado_tabular_ou_serializado,rural,nao_identificada,2026-06,nao_encontrado_no_minio_consultado,0,
MONIT_CAD_PJ_RURAL_MENSAL_202607_042059.CSV,OneDrive_2026-08-19 (2).zip,Novo MCMV - Rural/MONIT_CAD_PJ_RURAL_MENSAL_202607_042059.CSV,.csv,dado_tabular_ou_serializado,rural,nao_identificada,2026-07,nao_encontrado_no_minio_consultado,0,
MONIT_CADASTRO_PF_RURAL_MENSAL_202602_042724.CSV,OneDrive_2026-08-19 (2).zip,Novo MCMV - Rural/MONIT_CADASTRO_PF_RURAL_MENSAL_202602_042724.CSV,.csv,dado_tabular_ou_serializado,rural,nao_identificada,2026-02,nao_encontrado_no_minio_consultado,0,
MONIT_CADASTRO_PF_RURAL_MENSAL_202603_043200.CSV,OneDrive_2026-08-19 (2).zip,Novo MCMV - Rural/MONIT_CADASTRO_PF_RURAL_MENSAL_202603_043200.CSV,.csv,dado_tabular_ou_serializado,rural,nao_identificada,2026-03,nao_encontrado_no_minio_consultado,0,
MONIT_CADASTRO_PF_RURAL_MENSAL_202604_043346.CSV,OneDrive_2026-08-19 (2).zip,Novo MCMV - Rural/MONIT_CADASTRO_PF_RURAL_MENSAL_202604_043346.CSV,.csv,dado_tabular_ou_serializado,rural,nao_identificada,2026-04,pista_semantica_mesma_frente_periodo_fonte,2,raw/sftp/fabrica/GEFUS/INT058_MinisterioCidades_PNHR_BB_PF_20260430_CONTINGENCIA.TXT | raw/sftp/fabrica/GEFUS/INT064_MinisterioCidades_PNHR_CAIXA_PF_20260430_CONTINGENCIA.TXT
MONIT_CADASTRO_PF_RURAL_MENSAL_202605_043232.CSV,OneDrive_2026-08-19 (2).zip,Novo MCMV - Rural/MONIT_CADASTRO_PF_RURAL_MENSAL_202605_043232.CSV,.csv,dado_tabular_ou_serializado,rural,nao_identificada,2026-05,nao_encontrado_no_minio_consultado,0,
MONIT_CADASTRO_PF_RURAL_MENSAL_202606_042950.CSV,OneDrive_2026-08-19 (2).zip,Novo MCMV - Rural/MONIT_CADASTRO_PF_RURAL_MENSAL_202606_042950.CSV,.csv,dado_tabular_ou_serializado,rural,nao_identificada,2026-06,nao_encontrado_no_minio_consultado,0,
MONIT_CADASTRO_PF_RURAL_MENSAL_202607_041741.CSV,OneDrive_2026-08-19 (2).zip,Novo MCMV - Rural/MONIT_CADASTRO_PF_RURAL_MENSAL_202607_041741.CSV,.csv,dado_tabular_ou_serializado,rural,nao_identificada,2026-07,nao_encontrado_no_minio_consultado,0,
MONIT_MOV_FINANC_RURAL_LAYOUT_20260309_103116.CSV,OneDrive_2026-08-19 (2).zip,Novo MCMV - Rural/MONIT_MOV_FINANC_RURAL_LAYOUT_20260309_103116.CSV,.csv,dado_tabular_ou_serializado,rural,nao_identificada,2026-03,nao_encontrado_no_minio_consultado,0,
MONIT_MOV_FINANC_RURAL_LAYOUT_20260316_103058.CSV,OneDrive_2026-08-19 (2).zip,Novo MCMV - Rural/MONIT_MOV_FINANC_RURAL_LAYOUT_20260316_103058.CSV,.csv,dado_tabular_ou_serializado,rural,nao_identificada,2026-03,nao_encontrado_no_minio_consultado,0,
MONIT_MOV_FINANC_RURAL_LAYOUT_20260330_103055.CSV,OneDrive_2026-08-19 (2).zip,Novo MCMV - Rural/MONIT_MOV_FINANC_RURAL_LAYOUT_20260330_103055.CSV,.csv,dado_tabular_ou_serializado,rural,nao_identificada,2026-03,nao_encontrado_no_minio_consultado,0,
MONIT_MOV_FINANC_RURAL_LAYOUT_20260401_103125.CSV,OneDrive_2026-08-19 (2).zip,Novo MCMV - Rural/MONIT_MOV_FINANC_RURAL_LAYOUT_20260401_103125.CSV,.csv,dado_tabular_ou_serializado,rural,nao_identificada,2026-04,pista_semantica_mesma_frente_periodo_fonte,2,raw/sftp/fabrica/GEFUS/INT058_MinisterioCidades_PNHR_BB_PF_20260430_CONTINGENCIA.TXT | raw/sftp/fabrica/GEFUS/INT064_MinisterioCidades_PNHR_CAIXA_PF_20260430_CONTINGENCIA.TXT
MONIT_MOV_FINANC_RURAL_LAYOUT_20260406_103119.CSV,OneDrive_2026-08-19 (2).zip,Novo MCMV - Rural/MONIT_MOV_FINANC_RURAL_LAYOUT_20260406_103119.CSV,.csv,dado_tabular_ou_serializado,rural,nao_identificada,2026-04,pista_semantica_mesma_frente_periodo_fonte,2,raw/sftp/fabrica/GEFUS/INT058_MinisterioCidades_PNHR_BB_PF_20260430_CONTINGENCIA.TXT | raw/sftp/fabrica/GEFUS/INT064_MinisterioCidades_PNHR_CAIXA_PF_20260430_CONTINGENCIA.TXT
MONIT_MOV_FINANC_RURAL_LAYOUT_20260413_103118.CSV,OneDrive_2026-08-19 (2).zip,Novo MCMV - Rural/MONIT_MOV_FINANC_RURAL_LAYOUT_20260413_103118.CSV,.csv,dado_tabular_ou_serializado,rural,nao_identificada,2026-04,pista_semantica_mesma_frente_periodo_fonte,2,raw/sftp/fabrica/GEFUS/INT058_MinisterioCidades_PNHR_BB_PF_20260430_CONTINGENCIA.TXT | raw/sftp/fabrica/GEFUS/INT064_MinisterioCidades_PNHR_CAIXA_PF_20260430_CONTINGENCIA.TXT
MONIT_MOV_FINANC_RURAL_LAYOUT_20260420_103113.CSV,OneDrive_2026-08-19 (2).zip,Novo MCMV - Rural/MONIT_MOV_FINANC_RURAL_LAYOUT_20260420_103113.CSV,.csv,dado_tabular_ou_serializado,rural,nao_identificada,2026-04,pista_semantica_mesma_frente_periodo_fonte,2,raw/sftp/fabrica/GEFUS/INT058_MinisterioCidades_PNHR_BB_PF_20260430_CONTINGENCIA.TXT | raw/sftp/fabrica/GEFUS/INT064_MinisterioCidades_PNHR_CAIXA_PF_20260430_CONTINGENCIA.TXT
MONIT_MOV_FINANC_RURAL_LAYOUT_20260427_103141.CSV,OneDrive_2026-08-19 (2).zip,Novo MCMV - Rural/MONIT_MOV_FINANC_RURAL_LAYOUT_20260427_103141.CSV,.csv,dado_tabular_ou_serializado,rural,nao_identificada,2026-04,pista_semantica_mesma_frente_periodo_fonte,2,raw/sftp/fabrica/GEFUS/INT058_MinisterioCidades_PNHR_BB_PF_20260430_CONTINGENCIA.TXT | raw/sftp/fabrica/GEFUS/INT064_MinisterioCidades_PNHR_CAIXA_PF_20260430_CONTINGENCIA.TXT
MONIT_MOV_FINANC_RURAL_LAYOUT_20260504_103300.CSV,OneDrive_2026-08-19 (2).zip,Novo MCMV - Rural/MONIT_MOV_FINANC_RURAL_LAYOUT_20260504_103300.CSV,.csv,dado_tabular_ou_serializado,rural,nao_identificada,2026-05,nao_encontrado_no_minio_consultado,0,
MONIT_MOV_FINANC_RURAL_LAYOUT_20260511_103134.CSV,OneDrive_2026-08-19 (2).zip,Novo MCMV - Rural/MONIT_MOV_FINANC_RURAL_LAYOUT_20260511_103134.CSV,.csv,dado_tabular_ou_serializado,rural,nao_identificada,2026-05,nao_encontrado_no_minio_consultado,0,
MONIT_MOV_FINANC_RURAL_LAYOUT_20260518_103116.CSV,OneDrive_2026-08-19 (2).zip,Novo MCMV - Rural/MONIT_MOV_FINANC_RURAL_LAYOUT_20260518_103116.CSV,.csv,dado_tabular_ou_serializado,rural,nao_identificada,2026-05,nao_encontrado_no_minio_consultado,0,
MONIT_MOV_FINANC_RURAL_LAYOUT_20260525_103142.CSV,OneDrive_2026-08-19 (2).zip,Novo MCMV - Rural/MONIT_MOV_FINANC_RURAL_LAYOUT_20260525_103142.CSV,.csv,dado_tabular_ou_serializado,rural,nao_identificada,2026-05,nao_encontrado_no_minio_consultado,0,
MONIT_MOV_FINANC_RURAL_LAYOUT_20260601_103254.CSV,OneDrive_2026-08-19 (2).zip,Novo MCMV - Rural/MONIT_MOV_FINANC_RURAL_LAYOUT_20260601_103254.CSV,.csv,dado_tabular_ou_serializado,rural,nao_identificada,2026-06,nao_encontrado_no_minio_consultado,0,
MONIT_MOV_FINANC_RURAL_LAYOUT_20260608_103133.CSV,OneDrive_2026-08-19 (2).zip,Novo MCMV - Rural/MONIT_MOV_FINANC_RURAL_LAYOUT_20260608_103133.CSV,.csv,dado_tabular_ou_serializado,rural,nao_identificada,2026-06,nao_encontrado_no_minio_consultado,0,
MONIT_MOV_FINANC_RURAL_LAYOUT_20260615_103129.CSV,OneDrive_2026-08-19 (2).zip,Novo MCMV - Rural/MONIT_MOV_FINANC_RURAL_LAYOUT_20260615_103129.CSV,.csv,dado_tabular_ou_serializado,rural,nao_identificada,2026-06,nao_encontrado_no_minio_consultado,0,
MONIT_MOV_FINANC_RURAL_LAYOUT_20260622_103124.CSV,OneDrive_2026-08-19 (2).zip,Novo MCMV - Rural/MONIT_MOV_FINANC_RURAL_LAYOUT_20260622_103124.CSV,.csv,dado_tabular_ou_serializado,rural,nao_identificada,2026-06,nao_encontrado_no_minio_consultado,0,
MONIT_MOV_FINANC_RURAL_LAYOUT_20260629_103132.CSV,OneDrive_2026-08-19 (2).zip,Novo MCMV - Rural/MONIT_MOV_FINANC_RURAL_LAYOUT_20260629_103132.CSV,.csv,dado_tabular_ou_serializado,rural,nao_identificada,2026-06,nao_encontrado_no_minio_consultado,0,
MONIT_MOV_FINANC_RURAL_LAYOUT_20260701_103202.CSV,OneDrive_2026-08-19 (2).zip,Novo MCMV - Rural/MONIT_MOV_FINANC_RURAL_LAYOUT_20260701_103202.CSV,.csv,dado_tabular_ou_serializado,rural,nao_identificada,2026-07,nao_encontrado_no_minio_consultado,0,
MONIT_MOV_FINANC_RURAL_LAYOUT_20260706_103143.CSV,OneDrive_2026-08-19 (2).zip,Novo MCMV - Rural/MONIT_MOV_FINANC_RURAL_LAYOUT_20260706_103143.CSV,.csv,dado_tabular_ou_serializado,rural,nao_identificada,2026-07,nao_encontrado_no_minio_consultado,0,
MONIT_MOV_FINANC_RURAL_LAYOUT_20260713_103134.CSV,OneDrive_2026-08-19 (2).zip,Novo MCMV - Rural/MONIT_MOV_FINANC_RURAL_LAYOUT_20260713_103134.CSV,.csv,dado_tabular_ou_serializado,rural,nao_identificada,2026-07,nao_encontrado_no_minio_consultado,0,
MONIT_MOV_FINANC_RURAL_LAYOUT_20260720_103127.CSV,OneDrive_2026-08-19 (2).zip,Novo MCMV - Rural/MONIT_MOV_FINANC_RURAL_LAYOUT_20260720_103127.CSV,.csv,dado_tabular_ou_serializado,rural,nao_identificada,2026-07,nao_encontrado_no_minio_consultado,0,
MONIT_MOV_FINANC_RURAL_LAYOUT_20260727_103147.CSV,OneDrive_2026-08-19 (2).zip,Novo MCMV - Rural/MONIT_MOV_FINANC_RURAL_LAYOUT_20260727_103147.CSV,.csv,dado_tabular_ou_serializado,rural,nao_identificada,2026-07,nao_encontrado_no_minio_consultado,0,
MONIT_MOV_FINANC_RURAL_LAYOUT_20260803_103337.CSV,OneDrive_2026-08-19 (2).zip,Novo MCMV - Rural/MONIT_MOV_FINANC_RURAL_LAYOUT_20260803_103337.CSV,.csv,dado_tabular_ou_serializado,rural,nao_identificada,2026-08,nao_encontrado_no_minio_consultado,0,
MONIT_MOV_FINANC_RURAL_LAYOUT_20260810_103131.CSV,OneDrive_2026-08-19 (2).zip,Novo MCMV - Rural/MONIT_MOV_FINANC_RURAL_LAYOUT_20260810_103131.CSV,.csv,dado_tabular_ou_serializado,rural,nao_identificada,2026-08,nao_encontrado_no_minio_consultado,0,
MONIT_MOV_FINANC_RURAL_LAYOUT_20260817_103150.CSV,OneDrive_2026-08-19 (2).zip,Novo MCMV - Rural/MONIT_MOV_FINANC_RURAL_LAYOUT_20260817_103150.CSV,.csv,dado_tabular_ou_serializado,rural,nao_identificada,2026-08,nao_encontrado_no_minio_consultado,0,
MONIT_MOV_FINANC_RURAL_MENSAL_202602_103215.CSV,OneDrive_2026-08-19 (2).zip,Novo MCMV - Rural/MONIT_MOV_FINANC_RURAL_MENSAL_202602_103215.CSV,.csv,dado_tabular_ou_serializado,rural,nao_identificada,2026-02,nao_encontrado_no_minio_consultado,0,
MONIT_MOV_FINANC_RURAL_MENSAL_202603_103125.CSV,OneDrive_2026-08-19 (2).zip,Novo MCMV - Rural/MONIT_MOV_FINANC_RURAL_MENSAL_202603_103125.CSV,.csv,dado_tabular_ou_serializado,rural,nao_identificada,2026-03,nao_encontrado_no_minio_consultado,0,
MONIT_MOV_FINANC_RURAL_MENSAL_202604_103300.CSV,OneDrive_2026-08-19 (2).zip,Novo MCMV - Rural/MONIT_MOV_FINANC_RURAL_MENSAL_202604_103300.CSV,.csv,dado_tabular_ou_serializado,rural,nao_identificada,2026-04,pista_semantica_mesma_frente_periodo_fonte,2,raw/sftp/fabrica/GEFUS/INT058_MinisterioCidades_PNHR_BB_PF_20260430_CONTINGENCIA.TXT | raw/sftp/fabrica/GEFUS/INT064_MinisterioCidades_PNHR_CAIXA_PF_20260430_CONTINGENCIA.TXT
MONIT_MOV_FINANC_RURAL_MENSAL_202605_103254.CSV,OneDrive_2026-08-19 (2).zip,Novo MCMV - Rural/MONIT_MOV_FINANC_RURAL_MENSAL_202605_103254.CSV,.csv,dado_tabular_ou_serializado,rural,nao_identificada,2026-05,nao_encontrado_no_minio_consultado,0,
MONIT_MOV_FINANC_RURAL_MENSAL_202606_103202.CSV,OneDrive_2026-08-19 (2).zip,Novo MCMV - Rural/MONIT_MOV_FINANC_RURAL_MENSAL_202606_103202.CSV,.csv,dado_tabular_ou_serializado,rural,nao_identificada,2026-06,nao_encontrado_no_minio_consultado,0,
MONIT_MOV_FINANC_RURAL_MENSAL_202607_103337.CSV,OneDrive_2026-08-19 (2).zip,Novo MCMV - Rural/MONIT_MOV_FINANC_RURAL_MENSAL_202607_103337.CSV,.csv,dado_tabular_ou_serializado,rural,nao_identificada,2026-07,nao_encontrado_no_minio_consultado,0,
MONIT_MOV_FINANC_RURAL_SEMANAL_202602_103055.CSV,OneDrive_2026-08-19 (2).zip,Novo MCMV - Rural/MONIT_MOV_FINANC_RURAL_SEMANAL_202602_103055.CSV,.csv,dado_tabular_ou_serializado,rural,nao_identificada,2026-02,nao_encontrado_no_minio_consultado,0,
MONIT_MOV_FINANC_RURAL_SEMANAL_202602_103058.CSV,OneDrive_2026-08-19 (2).zip,Novo MCMV - Rural/MONIT_MOV_FINANC_RURAL_SEMANAL_202602_103058.CSV,.csv,dado_tabular_ou_serializado,rural,nao_identificada,2026-02,nao_encontrado_no_minio_consultado,0,
MONIT_MOV_FINANC_RURAL_SEMANAL_202602_103116.CSV,OneDrive_2026-08-19 (2).zip,Novo MCMV - Rural/MONIT_MOV_FINANC_RURAL_SEMANAL_202602_103116.CSV,.csv,dado_tabular_ou_serializado,rural,nao_identificada,2026-02,nao_encontrado_no_minio_consultado,0,
MONIT_MOV_FINANC_RURAL_SEMANAL_20260209_103059.CSV,OneDrive_2026-08-19 (2).zip,Novo MCMV - Rural/MONIT_MOV_FINANC_RURAL_SEMANAL_20260209_103059.CSV,.csv,dado_tabular_ou_serializado,rural,nao_identificada,2026-02,nao_encontrado_no_minio_consultado,0,
MONIT_MOV_FINANC_RURAL_SEMANAL_20260216_103059.CSV,OneDrive_2026-08-19 (2).zip,Novo MCMV - Rural/MONIT_MOV_FINANC_RURAL_SEMANAL_20260216_103059.CSV,.csv,dado_tabular_ou_serializado,rural,nao_identificada,2026-02,nao_encontrado_no_minio_consultado,0,
MONIT_MOV_FINANC_RURAL_SEMANAL_20260223_103039.CSV,OneDrive_2026-08-19 (2).zip,Novo MCMV - Rural/MONIT_MOV_FINANC_RURAL_SEMANAL_20260223_103039.CSV,.csv,dado_tabular_ou_serializado,rural,nao_identificada,2026-02,nao_encontrado_no_minio_consultado,0,
MONIT_MOV_FINANC_RURAL_SEMANAL_202603_103113.CSV,OneDrive_2026-08-19 (2).zip,Novo MCMV - Rural/MONIT_MOV_FINANC_RURAL_SEMANAL_202603_103113.CSV,.csv,dado_tabular_ou_serializado,rural,nao_identificada,2026-03,nao_encontrado_no_minio_consultado,0,
MONIT_MOV_FINANC_RURAL_SEMANAL_202603_103118.CSV,OneDrive_2026-08-19 (2).zip,Novo MCMV - Rural/MONIT_MOV_FINANC_RURAL_SEMANAL_202603_103118.CSV,.csv,dado_tabular_ou_serializado,rural,nao_identificada,2026-03,nao_encontrado_no_minio_consultado,0,
MONIT_MOV_FINANC_RURAL_SEMANAL_202603_103119.CSV,OneDrive_2026-08-19 (2).zip,Novo MCMV - Rural/MONIT_MOV_FINANC_RURAL_SEMANAL_202603_103119.CSV,.csv,dado_tabular_ou_serializado,rural,nao_identificada,2026-03,nao_encontrado_no_minio_consultado,0,
MONIT_MOV_FINANC_RURAL_SEMANAL_202603_103141.CSV,OneDrive_2026-08-19 (2).zip,Novo MCMV - Rural/MONIT_MOV_FINANC_RURAL_SEMANAL_202603_103141.CSV,.csv,dado_tabular_ou_serializado,rural,nao_identificada,2026-03,nao_encontrado_no_minio_consultado,0,
MONIT_MOV_FINANC_RURAL_SEMANAL_20260302_103215.CSV,OneDrive_2026-08-19 (2).zip,Novo MCMV - Rural/MONIT_MOV_FINANC_RURAL_SEMANAL_20260302_103215.CSV,.csv,dado_tabular_ou_serializado,rural,nao_identificada,2026-03,nao_encontrado_no_minio_consultado,0,
MONIT_MOV_FINANC_RURAL_SEMANAL_202604_103116.CSV,OneDrive_2026-08-19 (2).zip,Novo MCMV - Rural/MONIT_MOV_FINANC_RURAL_SEMANAL_202604_103116.CSV,.csv,dado_tabular_ou_serializado,rural,nao_identificada,2026-04,pista_semantica_mesma_frente_periodo_fonte,2,raw/sftp/fabrica/GEFUS/INT058_MinisterioCidades_PNHR_BB_PF_20260430_CONTINGENCIA.TXT | raw/sftp/fabrica/GEFUS/INT064_MinisterioCidades_PNHR_CAIXA_PF_20260430_CONTINGENCIA.TXT
MONIT_MOV_FINANC_RURAL_SEMANAL_202604_103134.CSV,OneDrive_2026-08-19 (2).zip,Novo MCMV - Rural/MONIT_MOV_FINANC_RURAL_SEMANAL_202604_103134.CSV,.csv,dado_tabular_ou_serializado,rural,nao_identificada,2026-04,pista_semantica_mesma_frente_periodo_fonte,2,raw/sftp/fabrica/GEFUS/INT058_MinisterioCidades_PNHR_BB_PF_20260430_CONTINGENCIA.TXT | raw/sftp/fabrica/GEFUS/INT064_MinisterioCidades_PNHR_CAIXA_PF_20260430_CONTINGENCIA.TXT
MONIT_MOV_FINANC_RURAL_SEMANAL_202604_103142.CSV,OneDrive_2026-08-19 (2).zip,Novo MCMV - Rural/MONIT_MOV_FINANC_RURAL_SEMANAL_202604_103142.CSV,.csv,dado_tabular_ou_serializado,rural,nao_identificada,2026-04,pista_semantica_mesma_frente_periodo_fonte,2,raw/sftp/fabrica/GEFUS/INT058_MinisterioCidades_PNHR_BB_PF_20260430_CONTINGENCIA.TXT | raw/sftp/fabrica/GEFUS/INT064_MinisterioCidades_PNHR_CAIXA_PF_20260430_CONTINGENCIA.TXT
MONIT_MOV_FINANC_RURAL_SEMANAL_202604_103300.CSV,OneDrive_2026-08-19 (2).zip,Novo MCMV - Rural/MONIT_MOV_FINANC_RURAL_SEMANAL_202604_103300.CSV,.csv,dado_tabular_ou_serializado,rural,nao_identificada,2026-04,pista_semantica_mesma_frente_periodo_fonte,2,raw/sftp/fabrica/GEFUS/INT058_MinisterioCidades_PNHR_BB_PF_20260430_CONTINGENCIA.TXT | raw/sftp/fabrica/GEFUS/INT064_MinisterioCidades_PNHR_CAIXA_PF_20260430_CONTINGENCIA.TXT
MONIT_MOV_FINANC_RURAL_SEMANAL_202605_103124.CSV,OneDrive_2026-08-19 (2).zip,Novo MCMV - Rural/MONIT_MOV_FINANC_RURAL_SEMANAL_202605_103124.CSV,.csv,dado_tabular_ou_serializado,rural,nao_identificada,2026-05,nao_encontrado_no_minio_consultado,0,
MONIT_MOV_FINANC_RURAL_SEMANAL_202605_103129.CSV,OneDrive_2026-08-19 (2).zip,Novo MCMV - Rural/MONIT_MOV_FINANC_RURAL_SEMANAL_202605_103129.CSV,.csv,dado_tabular_ou_serializado,rural,nao_identificada,2026-05,nao_encontrado_no_minio_consultado,0,
MONIT_MOV_FINANC_RURAL_SEMANAL_202605_103132.CSV,OneDrive_2026-08-19 (2).zip,Novo MCMV - Rural/MONIT_MOV_FINANC_RURAL_SEMANAL_202605_103132.CSV,.csv,dado_tabular_ou_serializado,rural,nao_identificada,2026-05,nao_encontrado_no_minio_consultado,0,
MONIT_MOV_FINANC_RURAL_SEMANAL_202605_103133.CSV,OneDrive_2026-08-19 (2).zip,Novo MCMV - Rural/MONIT_MOV_FINANC_RURAL_SEMANAL_202605_103133.CSV,.csv,dado_tabular_ou_serializado,rural,nao_identificada,2026-05,nao_encontrado_no_minio_consultado,0,
MONIT_MOV_FINANC_RURAL_SEMANAL_202605_103254.CSV,OneDrive_2026-08-19 (2).zip,Novo MCMV - Rural/MONIT_MOV_FINANC_RURAL_SEMANAL_202605_103254.CSV,.csv,dado_tabular_ou_serializado,rural,nao_identificada,2026-05,nao_encontrado_no_minio_consultado,0,
MONIT_MOV_FINANC_RURAL_SEMANAL_202606_103127.CSV,OneDrive_2026-08-19 (2).zip,Novo MCMV - Rural/MONIT_MOV_FINANC_RURAL_SEMANAL_202606_103127.CSV,.csv,dado_tabular_ou_serializado,rural,nao_identificada,2026-06,nao_encontrado_no_minio_consultado,0,
MONIT_MOV_FINANC_RURAL_SEMANAL_202606_103134.CSV,OneDrive_2026-08-19 (2).zip,Novo MCMV - Rural/MONIT_MOV_FINANC_RURAL_SEMANAL_202606_103134.CSV,.csv,dado_tabular_ou_serializado,rural,nao_identificada,2026-06,nao_encontrado_no_minio_consultado,0,
MONIT_MOV_FINANC_RURAL_SEMANAL_202606_103143.CSV,OneDrive_2026-08-19 (2).zip,Novo MCMV - Rural/MONIT_MOV_FINANC_RURAL_SEMANAL_202606_103143.CSV,.csv,dado_tabular_ou_serializado,rural,nao_identificada,2026-06,nao_encontrado_no_minio_consultado,0,
MONIT_MOV_FINANC_RURAL_SEMANAL_202606_103147.CSV,OneDrive_2026-08-19 (2).zip,Novo MCMV - Rural/MONIT_MOV_FINANC_RURAL_SEMANAL_202606_103147.CSV,.csv,dado_tabular_ou_serializado,rural,nao_identificada,2026-06,nao_encontrado_no_minio_consultado,0,
MONIT_MOV_FINANC_RURAL_SEMANAL_202607_103131.CSV,OneDrive_2026-08-19 (2).zip,Novo MCMV - Rural/MONIT_MOV_FINANC_RURAL_SEMANAL_202607_103131.CSV,.csv,dado_tabular_ou_serializado,rural,nao_identificada,2026-07,nao_encontrado_no_minio_consultado,0,
MONIT_MOV_FINANC_RURAL_SEMANAL_202607_103150.CSV,OneDrive_2026-08-19 (2).zip,Novo MCMV - Rural/MONIT_MOV_FINANC_RURAL_SEMANAL_202607_103150.CSV,.csv,dado_tabular_ou_serializado,rural,nao_identificada,2026-07,nao_encontrado_no_minio_consultado,0,
MONIT_MOV_FINANC_RURAL_SEMANAL_202607_103337.CSV,OneDrive_2026-08-19 (2).zip,Novo MCMV - Rural/MONIT_MOV_FINANC_RURAL_SEMANAL_202607_103337.CSV,.csv,dado_tabular_ou_serializado,rural,nao_identificada,2026-07,nao_encontrado_no_minio_consultado,0,
MONIT_MOV_OBRA_RURAL_LAYOUT_20260323_043220.CSV,OneDrive_2026-08-19 (2).zip,Novo MCMV - Rural/MONIT_MOV_OBRA_RURAL_LAYOUT_20260323_043220.CSV,.csv,dado_tabular_ou_serializado,rural,nao_identificada,2026-03,nao_encontrado_no_minio_consultado,0,
MONIT_MOV_OBRA_RURAL_LAYOUT_20260401_043057.CSV,OneDrive_2026-08-19 (2).zip,Novo MCMV - Rural/MONIT_MOV_OBRA_RURAL_LAYOUT_20260401_043057.CSV,.csv,dado_tabular_ou_serializado,rural,nao_identificada,2026-04,pista_semantica_mesma_frente_periodo_fonte,2,raw/sftp/fabrica/GEFUS/INT058_MinisterioCidades_PNHR_BB_PF_20260430_CONTINGENCIA.TXT | raw/sftp/fabrica/GEFUS/INT064_MinisterioCidades_PNHR_CAIXA_PF_20260430_CONTINGENCIA.TXT
MONIT_MOV_OBRA_RURAL_LAYOUT_20260504_043213.CSV,OneDrive_2026-08-19 (2).zip,Novo MCMV - Rural/MONIT_MOV_OBRA_RURAL_LAYOUT_20260504_043213.CSV,.csv,dado_tabular_ou_serializado,rural,nao_identificada,2026-05,nao_encontrado_no_minio_consultado,0,
MONIT_MOV_OBRA_RURAL_LAYOUT_20260601_043139.CSV,OneDrive_2026-08-19 (2).zip,Novo MCMV - Rural/MONIT_MOV_OBRA_RURAL_LAYOUT_20260601_043139.CSV,.csv,dado_tabular_ou_serializado,rural,nao_identificada,2026-06,nao_encontrado_no_minio_consultado,0,
MONIT_MOV_OBRA_RURAL_LAYOUT_20260701_042851.CSV,OneDrive_2026-08-19 (2).zip,Novo MCMV - Rural/MONIT_MOV_OBRA_RURAL_LAYOUT_20260701_042851.CSV,.csv,dado_tabular_ou_serializado,rural,nao_identificada,2026-07,nao_encontrado_no_minio_consultado,0,
MONIT_MOV_OBRA_RURAL_LAYOUT_20260803_041647.CSV,OneDrive_2026-08-19 (2).zip,Novo MCMV - Rural/MONIT_MOV_OBRA_RURAL_LAYOUT_20260803_041647.CSV,.csv,dado_tabular_ou_serializado,rural,nao_identificada,2026-08,nao_encontrado_no_minio_consultado,0,
MONIT_MOV_OBRA_RURAL_MENSAL_202603_043057.CSV,OneDrive_2026-08-19 (2).zip,Novo MCMV - Rural/MONIT_MOV_OBRA_RURAL_MENSAL_202603_043057.CSV,.csv,dado_tabular_ou_serializado,rural,nao_identificada,2026-03,nao_encontrado_no_minio_consultado,0,
MONIT_MOV_OBRA_RURAL_MENSAL_202604_043213.CSV,OneDrive_2026-08-19 (2).zip,Novo MCMV - Rural/MONIT_MOV_OBRA_RURAL_MENSAL_202604_043213.CSV,.csv,dado_tabular_ou_serializado,rural,nao_identificada,2026-04,pista_semantica_mesma_frente_periodo_fonte,2,raw/sftp/fabrica/GEFUS/INT058_MinisterioCidades_PNHR_BB_PF_20260430_CONTINGENCIA.TXT | raw/sftp/fabrica/GEFUS/INT064_MinisterioCidades_PNHR_CAIXA_PF_20260430_CONTINGENCIA.TXT
MONIT_MOV_OBRA_RURAL_MENSAL_202605_043139.CSV,OneDrive_2026-08-19 (2).zip,Novo MCMV - Rural/MONIT_MOV_OBRA_RURAL_MENSAL_202605_043139.CSV,.csv,dado_tabular_ou_serializado,rural,nao_identificada,2026-05,nao_encontrado_no_minio_consultado,0,
MONIT_MOV_OBRA_RURAL_MENSAL_202606_042851.CSV,OneDrive_2026-08-19 (2).zip,Novo MCMV - Rural/MONIT_MOV_OBRA_RURAL_MENSAL_202606_042851.CSV,.csv,dado_tabular_ou_serializado,rural,nao_identificada,2026-06,nao_encontrado_no_minio_consultado,0,
MONIT_MOV_OBRA_RURAL_MENSAL_202607_041647.CSV,OneDrive_2026-08-19 (2).zip,Novo MCMV - Rural/MONIT_MOV_OBRA_RURAL_MENSAL_202607_041647.CSV,.csv,dado_tabular_ou_serializado,rural,nao_identificada,2026-07,nao_encontrado_no_minio_consultado,0,
MONIT_MOV_OBRA_RURAL_SEMANAL_202602_043220.CSV,OneDrive_2026-08-19 (2).zip,Novo MCMV - Rural/MONIT_MOV_OBRA_RURAL_SEMANAL_202602_043220.CSV,.csv,dado_tabular_ou_serializado,rural,nao_identificada,2026-02,nao_encontrado_no_minio_consultado,0,
MONIT_MOV_OBRA_RURAL_SEMANAL_20260223_043032.CSV,OneDrive_2026-08-19 (2).zip,Novo MCMV - Rural/MONIT_MOV_OBRA_RURAL_SEMANAL_20260223_043032.CSV,.csv,dado_tabular_ou_serializado,rural,nao_identificada,2026-02,nao_encontrado_no_minio_consultado,0,
HIS_MCIDADES_CONSOLIDADO_20260209.csv,OneDrive_2026-08-19 (3).zip,Novo MCMV - FAR/HIS_MCIDADES_CONSOLIDADO_20260209.csv,.csv,dado_tabular_ou_serializado,far,nao_identificada,2026-02,pista_semantica_mesma_frente_periodo_fonte,4,raw/sftp/fabrica/GEFUS/ANTERIORES/Dados_Prioritarios_Contratacoes_MCMV_FAR_FDS_RURAL_Semanal_20260206.csv | raw/sftp/fabrica/GEFUS/ANTERIORES/Dados_Prioritarios_Contratacoes_MCMV_FAR_FDS_RURAL_Semanal_20260213.csv | raw/sftp/fabrica/GEFUS/ANTERIORES/Dados_Prioritarios_Contratacoes_MCMV_FAR_FDS_RURAL_Semanal_20260220.csv | raw/sftp/fabrica/GEFUS/ANTERIORES/Dados_Prioritarios_Contratacoes_MCMV_FAR_FDS_RURAL_Semanal_20260227.csv
MONIT_CAD_PJ_FAR_20250505_040201.csv,OneDrive_2026-08-19 (3).zip,Novo MCMV - FAR/Arquivados/Arquivo 2025 - Cad PJ/MONIT_CAD_PJ_FAR_20250505_040201.csv,.csv,dado_tabular_ou_serializado,far,nao_identificada,2025-05,nao_encontrado_no_minio_consultado,0,
MONIT_CAD_PJ_FAR_20250507_040108.csv,OneDrive_2026-08-19 (3).zip,Novo MCMV - FAR/Arquivados/Arquivo 2025 - Cad PJ/MONIT_CAD_PJ_FAR_20250507_040108.csv,.csv,dado_tabular_ou_serializado,far,nao_identificada,2025-05,nao_encontrado_no_minio_consultado,0,
MONIT_CAD_PJ_FAR_20250508_040104.csv,OneDrive_2026-08-19 (3).zip,Novo MCMV - FAR/Arquivados/Arquivo 2025 - Cad PJ/MONIT_CAD_PJ_FAR_20250508_040104.csv,.csv,dado_tabular_ou_serializado,far,nao_identificada,2025-05,nao_encontrado_no_minio_consultado,0,
MONIT_CAD_PJ_FAR_20250512_040113.csv,OneDrive_2026-08-19 (3).zip,Novo MCMV - FAR/Arquivados/Arquivo 2025 - Cad PJ/MONIT_CAD_PJ_FAR_20250512_040113.csv,.csv,dado_tabular_ou_serializado,far,nao_identificada,2025-05,nao_encontrado_no_minio_consultado,0,
MONIT_CAD_PJ_FAR_20250514_040110.csv,OneDrive_2026-08-19 (3).zip,Novo MCMV - FAR/Arquivados/Arquivo 2025 - Cad PJ/MONIT_CAD_PJ_FAR_20250514_040110.csv,.csv,dado_tabular_ou_serializado,far,nao_identificada,2025-05,nao_encontrado_no_minio_consultado,0,
MONIT_CAD_PJ_FAR_20250515_040114.csv,OneDrive_2026-08-19 (3).zip,Novo MCMV - FAR/Arquivados/Arquivo 2025 - Cad PJ/MONIT_CAD_PJ_FAR_20250515_040114.csv,.csv,dado_tabular_ou_serializado,far,nao_identificada,2025-05,nao_encontrado_no_minio_consultado,0,
MONIT_CAD_PJ_FAR_20250516_040109.csv,OneDrive_2026-08-19 (3).zip,Novo MCMV - FAR/Arquivados/Arquivo 2025 - Cad PJ/MONIT_CAD_PJ_FAR_20250516_040109.csv,.csv,dado_tabular_ou_serializado,far,nao_identificada,2025-05,nao_encontrado_no_minio_consultado,0,
MONIT_CAD_PJ_FAR_20250519_040111.csv,OneDrive_2026-08-19 (3).zip,Novo MCMV - FAR/Arquivados/Arquivo 2025 - Cad PJ/MONIT_CAD_PJ_FAR_20250519_040111.csv,.csv,dado_tabular_ou_serializado,far,nao_identificada,2025-05,nao_encontrado_no_minio_consultado,0,
MONIT_CAD_PJ_FAR_20250520_120000.csv,OneDrive_2026-08-19 (3).zip,Novo MCMV - FAR/Arquivados/Arquivo 2025 - Cad PJ/MONIT_CAD_PJ_FAR_20250520_120000.csv,.csv,dado_tabular_ou_serializado,far,nao_identificada,2025-05,nao_encontrado_no_minio_consultado,0,
MONIT_CAD_PJ_FAR_20250528_040109.csv,OneDrive_2026-08-19 (3).zip,Novo MCMV - FAR/Arquivados/Arquivo 2025 - Cad PJ/MONIT_CAD_PJ_FAR_20250528_040109.csv,.csv,dado_tabular_ou_serializado,far,nao_identificada,2025-05,nao_encontrado_no_minio_consultado,0,
MONIT_CAD_PJ_FAR_20250602_040119.csv,OneDrive_2026-08-19 (3).zip,Novo MCMV - FAR/Arquivados/Arquivo 2025 - Cad PJ/MONIT_CAD_PJ_FAR_20250602_040119.csv,.csv,dado_tabular_ou_serializado,far,nao_identificada,2025-06,nao_encontrado_no_minio_consultado,0,
MONIT_CAD_PJ_FAR_20250606_040112.csv,OneDrive_2026-08-19 (3).zip,Novo MCMV - FAR/Arquivados/Arquivo 2025 - Cad PJ/MONIT_CAD_PJ_FAR_20250606_040112.csv,.csv,dado_tabular_ou_serializado,far,nao_identificada,2025-06,nao_encontrado_no_minio_consultado,0,
MONIT_CAD_PJ_FAR_20250609_040113.csv,OneDrive_2026-08-19 (3).zip,Novo MCMV - FAR/Arquivados/Arquivo 2025 - Cad PJ/MONIT_CAD_PJ_FAR_20250609_040113.csv,.csv,dado_tabular_ou_serializado,far,nao_identificada,2025-06,nao_encontrado_no_minio_consultado,0,
MONIT_CAD_PJ_FAR_20250619_040110.csv,OneDrive_2026-08-19 (3).zip,Novo MCMV - FAR/Arquivados/Arquivo 2025 - Cad PJ/MONIT_CAD_PJ_FAR_20250619_040110.csv,.csv,dado_tabular_ou_serializado,far,nao_identificada,2025-06,nao_encontrado_no_minio_consultado,0,
MONIT_CAD_PJ_FAR_20250623_040110.csv,OneDrive_2026-08-19 (3).zip,Novo MCMV - FAR/Arquivados/Arquivo 2025 - Cad PJ/MONIT_CAD_PJ_FAR_20250623_040110.csv,.csv,dado_tabular_ou_serializado,far,nao_identificada,2025-06,nao_encontrado_no_minio_consultado,0,
MONIT_CAD_PJ_FAR_20250625_040108.csv,OneDrive_2026-08-19 (3).zip,Novo MCMV - FAR/Arquivados/Arquivo 2025 - Cad PJ/MONIT_CAD_PJ_FAR_20250625_040108.csv,.csv,dado_tabular_ou_serializado,far,nao_identificada,2025-06,nao_encontrado_no_minio_consultado,0,
MONIT_CAD_PJ_FAR_20250626_040114.csv,OneDrive_2026-08-19 (3).zip,Novo MCMV - FAR/Arquivados/Arquivo 2025 - Cad PJ/MONIT_CAD_PJ_FAR_20250626_040114.csv,.csv,dado_tabular_ou_serializado,far,nao_identificada,2025-06,nao_encontrado_no_minio_consultado,0,
MONIT_CAD_PJ_FAR_20250710_040119.csv,OneDrive_2026-08-19 (3).zip,Novo MCMV - FAR/Arquivados/Arquivo 2025 - Cad PJ/MONIT_CAD_PJ_FAR_20250710_040119.csv,.csv,dado_tabular_ou_serializado,far,nao_identificada,2025-07,pista_semantica_mesma_frente_periodo_fonte,2,raw/sftp/fabrica/GEFUS/ANTERIORES/Dados_Prioritarios_Contratacoes_MCMV_FAR_FDS_RURAL_Semanal_20250730.xlsx | raw/sftp/fabrica/GEFUS/ANTERIORES/INT021_MinisterioCidades_FAR_BB_PF_20250731.TXT
MONIT_CAD_PJ_FAR_20250718_040119.csv,OneDrive_2026-08-19 (3).zip,Novo MCMV - FAR/Arquivados/Arquivo 2025 - Cad PJ/MONIT_CAD_PJ_FAR_20250718_040119.csv,.csv,dado_tabular_ou_serializado,far,nao_identificada,2025-07,pista_semantica_mesma_frente_periodo_fonte,2,raw/sftp/fabrica/GEFUS/ANTERIORES/Dados_Prioritarios_Contratacoes_MCMV_FAR_FDS_RURAL_Semanal_20250730.xlsx | raw/sftp/fabrica/GEFUS/ANTERIORES/INT021_MinisterioCidades_FAR_BB_PF_20250731.TXT
MONIT_CAD_PJ_FAR_20250807_040132.csv,OneDrive_2026-08-19 (3).zip,Novo MCMV - FAR/Arquivados/Arquivo 2025 - Cad PJ/MONIT_CAD_PJ_FAR_20250807_040132.csv,.csv,dado_tabular_ou_serializado,far,nao_identificada,2025-08,pista_semantica_mesma_frente_periodo_fonte,3,raw/sftp/fabrica/GEFUS/ANTERIORES/Dados_Prioritarios_Contratacoes_MCMV_FAR_FDS_RURAL_Semanal_20250815.csv | raw/sftp/fabrica/GEFUS/ANTERIORES/Dados_Prioritarios_Contratacoes_MCMV_FAR_FDS_RURAL_Semanal_20250822.csv | raw/sftp/fabrica/GEFUS/ANTERIORES/Dados_Prioritarios_Contratacoes_MCMV_FAR_FDS_RURAL_Semanal_20250829.csv
MONIT_CAD_PJ_FAR_20250811_040131.csv,OneDrive_2026-08-19 (3).zip,Novo MCMV - FAR/Arquivados/Arquivo 2025 - Cad PJ/MONIT_CAD_PJ_FAR_20250811_040131.csv,.csv,dado_tabular_ou_serializado,far,nao_identificada,2025-08,pista_semantica_mesma_frente_periodo_fonte,3,raw/sftp/fabrica/GEFUS/ANTERIORES/Dados_Prioritarios_Contratacoes_MCMV_FAR_FDS_RURAL_Semanal_20250815.csv | raw/sftp/fabrica/GEFUS/ANTERIORES/Dados_Prioritarios_Contratacoes_MCMV_FAR_FDS_RURAL_Semanal_20250822.csv | raw/sftp/fabrica/GEFUS/ANTERIORES/Dados_Prioritarios_Contratacoes_MCMV_FAR_FDS_RURAL_Semanal_20250829.csv
MONIT_CAD_PJ_FAR_20250829_040346.csv,OneDrive_2026-08-19 (3).zip,Novo MCMV - FAR/Arquivados/Arquivo 2025 - Cad PJ/MONIT_CAD_PJ_FAR_20250829_040346.csv,.csv,dado_tabular_ou_serializado,far,nao_identificada,2025-08,pista_semantica_mesma_frente_periodo_fonte,3,raw/sftp/fabrica/GEFUS/ANTERIORES/Dados_Prioritarios_Contratacoes_MCMV_FAR_FDS_RURAL_Semanal_20250815.csv | raw/sftp/fabrica/GEFUS/ANTERIORES/Dados_Prioritarios_Contratacoes_MCMV_FAR_FDS_RURAL_Semanal_20250822.csv | raw/sftp/fabrica/GEFUS/ANTERIORES/Dados_Prioritarios_Contratacoes_MCMV_FAR_FDS_RURAL_Semanal_20250829.csv
MONIT_CAD_PJ_FAR_20251006_040142.csv,OneDrive_2026-08-19 (3).zip,Novo MCMV - FAR/Arquivados/Arquivo 2025 - Cad PJ/MONIT_CAD_PJ_FAR_20251006_040142.csv,.csv,dado_tabular_ou_serializado,far,nao_identificada,2025-10,pista_semantica_mesma_frente_periodo_fonte,7,raw/sftp/fabrica/GEFUS/ANTERIORES/Dados_Prioritarios_Contratacoes_MCMV_FAR_FDS_RURAL_Semanal_20251003.csv | raw/sftp/fabrica/GEFUS/ANTERIORES/Dados_Prioritarios_Contratacoes_MCMV_FAR_FDS_RURAL_Semanal_20251010.csv | raw/sftp/fabrica/GEFUS/ANTERIORES/Dados_Prioritarios_Contratacoes_MCMV_FAR_FDS_RURAL_Semanal_20251017.csv | raw/sftp/fabrica/GEFUS/ANTERIORES/Dados_Prioritarios_Contratacoes_MCMV_FAR_FDS_RURAL_Semanal_20251024.csv | raw/sftp/fabrica/GEFUS/ANTERIORES/Dados_Prioritarios_Contratacoes_MCMV_FAR_FDS_RURAL_Semanal_20251031.csv
MONIT_CAD_PJ_FAR_20251024_040214.csv,OneDrive_2026-08-19 (3).zip,Novo MCMV - FAR/Arquivados/Arquivo 2025 - Cad PJ/MONIT_CAD_PJ_FAR_20251024_040214.csv,.csv,dado_tabular_ou_serializado,far,nao_identificada,2025-10,pista_semantica_mesma_frente_periodo_fonte,7,raw/sftp/fabrica/GEFUS/ANTERIORES/Dados_Prioritarios_Contratacoes_MCMV_FAR_FDS_RURAL_Semanal_20251003.csv | raw/sftp/fabrica/GEFUS/ANTERIORES/Dados_Prioritarios_Contratacoes_MCMV_FAR_FDS_RURAL_Semanal_20251010.csv | raw/sftp/fabrica/GEFUS/ANTERIORES/Dados_Prioritarios_Contratacoes_MCMV_FAR_FDS_RURAL_Semanal_20251017.csv | raw/sftp/fabrica/GEFUS/ANTERIORES/Dados_Prioritarios_Contratacoes_MCMV_FAR_FDS_RURAL_Semanal_20251024.csv | raw/sftp/fabrica/GEFUS/ANTERIORES/Dados_Prioritarios_Contratacoes_MCMV_FAR_FDS_RURAL_Semanal_20251031.csv
MONIT_CAD_PJ_FAR_20251030_040145.csv,OneDrive_2026-08-19 (3).zip,Novo MCMV - FAR/Arquivados/Arquivo 2025 - Cad PJ/MONIT_CAD_PJ_FAR_20251030_040145.csv,.csv,dado_tabular_ou_serializado,far,nao_identificada,2025-10,pista_semantica_mesma_frente_periodo_fonte,7,raw/sftp/fabrica/GEFUS/ANTERIORES/Dados_Prioritarios_Contratacoes_MCMV_FAR_FDS_RURAL_Semanal_20251003.csv | raw/sftp/fabrica/GEFUS/ANTERIORES/Dados_Prioritarios_Contratacoes_MCMV_FAR_FDS_RURAL_Semanal_20251010.csv | raw/sftp/fabrica/GEFUS/ANTERIORES/Dados_Prioritarios_Contratacoes_MCMV_FAR_FDS_RURAL_Semanal_20251017.csv | raw/sftp/fabrica/GEFUS/ANTERIORES/Dados_Prioritarios_Contratacoes_MCMV_FAR_FDS_RURAL_Semanal_20251024.csv | raw/sftp/fabrica/GEFUS/ANTERIORES/Dados_Prioritarios_Contratacoes_MCMV_FAR_FDS_RURAL_Semanal_20251031.csv
MONIT_CAD_PJ_FAR_20251208_040948.csv,OneDrive_2026-08-19 (3).zip,Novo MCMV - FAR/Arquivados/Arquivo 2025 - Cad PJ/MONIT_CAD_PJ_FAR_20251208_040948.csv,.csv,dado_tabular_ou_serializado,far,nao_identificada,2025-12,pista_semantica_mesma_frente_periodo_fonte,4,raw/sftp/fabrica/GEFUS/ANTERIORES/Dados_Prioritarios_Contratacoes_MCMV_FAR_FDS_RURAL_Semanal_20251205.csv | raw/sftp/fabrica/GEFUS/ANTERIORES/Dados_Prioritarios_Contratacoes_MCMV_FAR_FDS_RURAL_Semanal_20251212.csv | raw/sftp/fabrica/GEFUS/ANTERIORES/Dados_Prioritarios_Contratacoes_MCMV_FAR_FDS_RURAL_Semanal_20251219.csv | raw/sftp/fabrica/GEFUS/ANTERIORES/Dados_Prioritarios_Contratacoes_MCMV_FAR_FDS_RURAL_Semanal_20251226.csv
MONIT_CAD_PJ_FAR_DIARIO_20251230_084744.CSV,OneDrive_2026-08-19 (3).zip,Novo MCMV - FAR/Arquivados/Arquivo 2025 - Cad PJ/MONIT_CAD_PJ_FAR_DIARIO_20251230_084744.CSV,.csv,dado_tabular_ou_serializado,far,nao_identificada,2025-12,pista_semantica_mesma_frente_periodo_fonte,4,raw/sftp/fabrica/GEFUS/ANTERIORES/Dados_Prioritarios_Contratacoes_MCMV_FAR_FDS_RURAL_Semanal_20251205.csv | raw/sftp/fabrica/GEFUS/ANTERIORES/Dados_Prioritarios_Contratacoes_MCMV_FAR_FDS_RURAL_Semanal_20251212.csv | raw/sftp/fabrica/GEFUS/ANTERIORES/Dados_Prioritarios_Contratacoes_MCMV_FAR_FDS_RURAL_Semanal_20251219.csv | raw/sftp/fabrica/GEFUS/ANTERIORES/Dados_Prioritarios_Contratacoes_MCMV_FAR_FDS_RURAL_Semanal_20251226.csv
HIS_MCIDADES_CONSOLIDADO_20250312.csv,OneDrive_2026-08-19 (3).zip,Novo MCMV - FAR/Arquivados/Arquivo 2025 - Consolidado/HIS_MCIDADES_CONSOLIDADO_20250312.csv,.csv,dado_tabular_ou_serializado,far,nao_identificada,2025-03,nao_encontrado_no_minio_consultado,0,
HIS_MCIDADES_CONSOLIDADO_20250312.txt,OneDrive_2026-08-19 (3).zip,Novo MCMV - FAR/Arquivados/Arquivo 2025 - Consolidado/HIS_MCIDADES_CONSOLIDADO_20250312.txt,.txt,dado_tabular_ou_serializado,far,nao_identificada,2025-03,nao_encontrado_no_minio_consultado,0,
HIS_MCIDADES_CONSOLIDADO_20250324.csv,OneDrive_2026-08-19 (3).zip,Novo MCMV - FAR/Arquivados/Arquivo 2025 - Consolidado/HIS_MCIDADES_CONSOLIDADO_20250324.csv,.csv,dado_tabular_ou_serializado,far,nao_identificada,2025-03,nao_encontrado_no_minio_consultado,0,
HIS_MCIDADES_CONSOLIDADO_20250324.txt,OneDrive_2026-08-19 (3).zip,Novo MCMV - FAR/Arquivados/Arquivo 2025 - Consolidado/HIS_MCIDADES_CONSOLIDADO_20250324.txt,.txt,dado_tabular_ou_serializado,far,nao_identificada,2025-03,nao_encontrado_no_minio_consultado,0,
HIS_MCIDADES_CONSOLIDADO_20250401.csv,OneDrive_2026-08-19 (3).zip,Novo MCMV - FAR/Arquivados/Arquivo 2025 - Consolidado/HIS_MCIDADES_CONSOLIDADO_20250401.csv,.csv,dado_tabular_ou_serializado,far,nao_identificada,2025-04,nao_encontrado_no_minio_consultado,0,
HIS_MCIDADES_CONSOLIDADO_20250401.txt,OneDrive_2026-08-19 (3).zip,Novo MCMV - FAR/Arquivados/Arquivo 2025 - Consolidado/HIS_MCIDADES_CONSOLIDADO_20250401.txt,.txt,dado_tabular_ou_serializado,far,nao_identificada,2025-04,nao_encontrado_no_minio_consultado,0,
HIS_MCIDADES_CONSOLIDADO_20250407.csv,OneDrive_2026-08-19 (3).zip,Novo MCMV - FAR/Arquivados/Arquivo 2025 - Consolidado/HIS_MCIDADES_CONSOLIDADO_20250407.csv,.csv,dado_tabular_ou_serializado,far,nao_identificada,2025-04,nao_encontrado_no_minio_consultado,0,
HIS_MCIDADES_CONSOLIDADO_20250407.txt,OneDrive_2026-08-19 (3).zip,Novo MCMV - FAR/Arquivados/Arquivo 2025 - Consolidado/HIS_MCIDADES_CONSOLIDADO_20250407.txt,.txt,dado_tabular_ou_serializado,far,nao_identificada,2025-04,nao_encontrado_no_minio_consultado,0,
HIS_MCIDADES_CONSOLIDADO_20250414.csv,OneDrive_2026-08-19 (3).zip,Novo MCMV - FAR/Arquivados/Arquivo 2025 - Consolidado/HIS_MCIDADES_CONSOLIDADO_20250414.csv,.csv,dado_tabular_ou_serializado,far,nao_identificada,2025-04,nao_encontrado_no_minio_consultado,0,
HIS_MCIDADES_CONSOLIDADO_20250414.txt,OneDrive_2026-08-19 (3).zip,Novo MCMV - FAR/Arquivados/Arquivo 2025 - Consolidado/HIS_MCIDADES_CONSOLIDADO_20250414.txt,.txt,dado_tabular_ou_serializado,far,nao_identificada,2025-04,nao_encontrado_no_minio_consultado,0,
HIS_MCIDADES_CONSOLIDADO_20250422.csv,OneDrive_2026-08-19 (3).zip,Novo MCMV - FAR/Arquivados/Arquivo 2025 - Consolidado/HIS_MCIDADES_CONSOLIDADO_20250422.csv,.csv,dado_tabular_ou_serializado,far,nao_identificada,2025-04,nao_encontrado_no_minio_consultado,0,
HIS_MCIDADES_CONSOLIDADO_20250422.txt,OneDrive_2026-08-19 (3).zip,Novo MCMV - FAR/Arquivados/Arquivo 2025 - Consolidado/HIS_MCIDADES_CONSOLIDADO_20250422.txt,.txt,dado_tabular_ou_serializado,far,nao_identificada,2025-04,nao_encontrado_no_minio_consultado,0,
HIS_MCIDADES_CONSOLIDADO_20250428.csv,OneDrive_2026-08-19 (3).zip,Novo MCMV - FAR/Arquivados/Arquivo 2025 - Consolidado/HIS_MCIDADES_CONSOLIDADO_20250428.csv,.csv,dado_tabular_ou_serializado,far,nao_identificada,2025-04,nao_encontrado_no_minio_consultado,0,
HIS_MCIDADES_CONSOLIDADO_20250428.txt,OneDrive_2026-08-19 (3).zip,Novo MCMV - FAR/Arquivados/Arquivo 2025 - Consolidado/HIS_MCIDADES_CONSOLIDADO_20250428.txt,.txt,dado_tabular_ou_serializado,far,nao_identificada,2025-04,nao_encontrado_no_minio_consultado,0,
HIS_MCIDADES_CONSOLIDADO_20250520.csv,OneDrive_2026-08-19 (3).zip,Novo MCMV - FAR/Arquivados/Arquivo 2025 - Consolidado/HIS_MCIDADES_CONSOLIDADO_20250520.csv,.csv,dado_tabular_ou_serializado,far,nao_identificada,2025-05,nao_encontrado_no_minio_consultado,0,
HIS_MCIDADES_CONSOLIDADO_20250520.txt,OneDrive_2026-08-19 (3).zip,Novo MCMV - FAR/Arquivados/Arquivo 2025 - Consolidado/HIS_MCIDADES_CONSOLIDADO_20250520.txt,.txt,dado_tabular_ou_serializado,far,nao_identificada,2025-05,nao_encontrado_no_minio_consultado,0,
HIS_MCIDADES_CONSOLIDADO_20250526.csv,OneDrive_2026-08-19 (3).zip,Novo MCMV - FAR/Arquivados/Arquivo 2025 - Consolidado/HIS_MCIDADES_CONSOLIDADO_20250526.csv,.csv,dado_tabular_ou_serializado,far,nao_identificada,2025-05,nao_encontrado_no_minio_consultado,0,
HIS_MCIDADES_CONSOLIDADO_20250526.txt,OneDrive_2026-08-19 (3).zip,Novo MCMV - FAR/Arquivados/Arquivo 2025 - Consolidado/HIS_MCIDADES_CONSOLIDADO_20250526.txt,.txt,dado_tabular_ou_serializado,far,nao_identificada,2025-05,nao_encontrado_no_minio_consultado,0,
HIS_MCIDADES_CONSOLIDADO_20250602.csv,OneDrive_2026-08-19 (3).zip,Novo MCMV - FAR/Arquivados/Arquivo 2025 - Consolidado/HIS_MCIDADES_CONSOLIDADO_20250602.csv,.csv,dado_tabular_ou_serializado,far,nao_identificada,2025-06,nao_encontrado_no_minio_consultado,0,
HIS_MCIDADES_CONSOLIDADO_20250602.txt,OneDrive_2026-08-19 (3).zip,Novo MCMV - FAR/Arquivados/Arquivo 2025 - Consolidado/HIS_MCIDADES_CONSOLIDADO_20250602.txt,.txt,dado_tabular_ou_serializado,far,nao_identificada,2025-06,nao_encontrado_no_minio_consultado,0,
HIS_MCIDADES_CONSOLIDADO_20250609.csv,OneDrive_2026-08-19 (3).zip,Novo MCMV - FAR/Arquivados/Arquivo 2025 - Consolidado/HIS_MCIDADES_CONSOLIDADO_20250609.csv,.csv,dado_tabular_ou_serializado,far,nao_identificada,2025-06,nao_encontrado_no_minio_consultado,0,
HIS_MCIDADES_CONSOLIDADO_20250609.txt,OneDrive_2026-08-19 (3).zip,Novo MCMV - FAR/Arquivados/Arquivo 2025 - Consolidado/HIS_MCIDADES_CONSOLIDADO_20250609.txt,.txt,dado_tabular_ou_serializado,far,nao_identificada,2025-06,nao_encontrado_no_minio_consultado,0,
HIS_MCIDADES_CONSOLIDADO_20250616.csv,OneDrive_2026-08-19 (3).zip,Novo MCMV - FAR/Arquivados/Arquivo 2025 - Consolidado/HIS_MCIDADES_CONSOLIDADO_20250616.csv,.csv,dado_tabular_ou_serializado,far,nao_identificada,2025-06,nao_encontrado_no_minio_consultado,0,
HIS_MCIDADES_CONSOLIDADO_20250616.txt,OneDrive_2026-08-19 (3).zip,Novo MCMV - FAR/Arquivados/Arquivo 2025 - Consolidado/HIS_MCIDADES_CONSOLIDADO_20250616.txt,.txt,dado_tabular_ou_serializado,far,nao_identificada,2025-06,nao_encontrado_no_minio_consultado,0,
HIS_MCIDADES_CONSOLIDADO_20250623.csv,OneDrive_2026-08-19 (3).zip,Novo MCMV - FAR/Arquivados/Arquivo 2025 - Consolidado/HIS_MCIDADES_CONSOLIDADO_20250623.csv,.csv,dado_tabular_ou_serializado,far,nao_identificada,2025-06,nao_encontrado_no_minio_consultado,0,
HIS_MCIDADES_CONSOLIDADO_20250623.txt,OneDrive_2026-08-19 (3).zip,Novo MCMV - FAR/Arquivados/Arquivo 2025 - Consolidado/HIS_MCIDADES_CONSOLIDADO_20250623.txt,.txt,dado_tabular_ou_serializado,far,nao_identificada,2025-06,nao_encontrado_no_minio_consultado,0,
HIS_MCIDADES_CONSOLIDADO_20250630.csv,OneDrive_2026-08-19 (3).zip,Novo MCMV - FAR/Arquivados/Arquivo 2025 - Consolidado/HIS_MCIDADES_CONSOLIDADO_20250630.csv,.csv,dado_tabular_ou_serializado,far,nao_identificada,2025-06,nao_encontrado_no_minio_consultado,0,
HIS_MCIDADES_CONSOLIDADO_20250630.txt,OneDrive_2026-08-19 (3).zip,Novo MCMV - FAR/Arquivados/Arquivo 2025 - Consolidado/HIS_MCIDADES_CONSOLIDADO_20250630.txt,.txt,dado_tabular_ou_serializado,far,nao_identificada,2025-06,nao_encontrado_no_minio_consultado,0,
HIS_MCIDADES_CONSOLIDADO_20250707.csv,OneDrive_2026-08-19 (3).zip,Novo MCMV - FAR/Arquivados/Arquivo 2025 - Consolidado/HIS_MCIDADES_CONSOLIDADO_20250707.csv,.csv,dado_tabular_ou_serializado,far,nao_identificada,2025-07,pista_semantica_mesma_frente_periodo_fonte,2,raw/sftp/fabrica/GEFUS/ANTERIORES/Dados_Prioritarios_Contratacoes_MCMV_FAR_FDS_RURAL_Semanal_20250730.xlsx | raw/sftp/fabrica/GEFUS/ANTERIORES/INT021_MinisterioCidades_FAR_BB_PF_20250731.TXT
HIS_MCIDADES_CONSOLIDADO_20250707.txt,OneDrive_2026-08-19 (3).zip,Novo MCMV - FAR/Arquivados/Arquivo 2025 - Consolidado/HIS_MCIDADES_CONSOLIDADO_20250707.txt,.txt,dado_tabular_ou_serializado,far,nao_identificada,2025-07,pista_semantica_mesma_frente_periodo_fonte,2,raw/sftp/fabrica/GEFUS/ANTERIORES/Dados_Prioritarios_Contratacoes_MCMV_FAR_FDS_RURAL_Semanal_20250730.xlsx | raw/sftp/fabrica/GEFUS/ANTERIORES/INT021_MinisterioCidades_FAR_BB_PF_20250731.TXT
HIS_MCIDADES_CONSOLIDADO_20250714.csv,OneDrive_2026-08-19 (3).zip,Novo MCMV - FAR/Arquivados/Arquivo 2025 - Consolidado/HIS_MCIDADES_CONSOLIDADO_20250714.csv,.csv,dado_tabular_ou_serializado,far,nao_identificada,2025-07,pista_semantica_mesma_frente_periodo_fonte,2,raw/sftp/fabrica/GEFUS/ANTERIORES/Dados_Prioritarios_Contratacoes_MCMV_FAR_FDS_RURAL_Semanal_20250730.xlsx | raw/sftp/fabrica/GEFUS/ANTERIORES/INT021_MinisterioCidades_FAR_BB_PF_20250731.TXT
HIS_MCIDADES_CONSOLIDADO_20250714.txt,OneDrive_2026-08-19 (3).zip,Novo MCMV - FAR/Arquivados/Arquivo 2025 - Consolidado/HIS_MCIDADES_CONSOLIDADO_20250714.txt,.txt,dado_tabular_ou_serializado,far,nao_identificada,2025-07,pista_semantica_mesma_frente_periodo_fonte,2,raw/sftp/fabrica/GEFUS/ANTERIORES/Dados_Prioritarios_Contratacoes_MCMV_FAR_FDS_RURAL_Semanal_20250730.xlsx | raw/sftp/fabrica/GEFUS/ANTERIORES/INT021_MinisterioCidades_FAR_BB_PF_20250731.TXT
HIS_MCIDADES_CONSOLIDADO_20250721.csv,OneDrive_2026-08-19 (3).zip,Novo MCMV - FAR/Arquivados/Arquivo 2025 - Consolidado/HIS_MCIDADES_CONSOLIDADO_20250721.csv,.csv,dado_tabular_ou_serializado,far,nao_identificada,2025-07,pista_semantica_mesma_frente_periodo_fonte,2,raw/sftp/fabrica/GEFUS/ANTERIORES/Dados_Prioritarios_Contratacoes_MCMV_FAR_FDS_RURAL_Semanal_20250730.xlsx | raw/sftp/fabrica/GEFUS/ANTERIORES/INT021_MinisterioCidades_FAR_BB_PF_20250731.TXT
HIS_MCIDADES_CONSOLIDADO_20250721.txt,OneDrive_2026-08-19 (3).zip,Novo MCMV - FAR/Arquivados/Arquivo 2025 - Consolidado/HIS_MCIDADES_CONSOLIDADO_20250721.txt,.txt,dado_tabular_ou_serializado,far,nao_identificada,2025-07,pista_semantica_mesma_frente_periodo_fonte,2,raw/sftp/fabrica/GEFUS/ANTERIORES/Dados_Prioritarios_Contratacoes_MCMV_FAR_FDS_RURAL_Semanal_20250730.xlsx | raw/sftp/fabrica/GEFUS/ANTERIORES/INT021_MinisterioCidades_FAR_BB_PF_20250731.TXT
HIS_MCIDADES_CONSOLIDADO_20250728.csv,OneDrive_2026-08-19 (3).zip,Novo MCMV - FAR/Arquivados/Arquivo 2025 - Consolidado/HIS_MCIDADES_CONSOLIDADO_20250728.csv,.csv,dado_tabular_ou_serializado,far,nao_identificada,2025-07,pista_semantica_mesma_frente_periodo_fonte,2,raw/sftp/fabrica/GEFUS/ANTERIORES/Dados_Prioritarios_Contratacoes_MCMV_FAR_FDS_RURAL_Semanal_20250730.xlsx | raw/sftp/fabrica/GEFUS/ANTERIORES/INT021_MinisterioCidades_FAR_BB_PF_20250731.TXT
HIS_MCIDADES_CONSOLIDADO_20250728.txt,OneDrive_2026-08-19 (3).zip,Novo MCMV - FAR/Arquivados/Arquivo 2025 - Consolidado/HIS_MCIDADES_CONSOLIDADO_20250728.txt,.txt,dado_tabular_ou_serializado,far,nao_identificada,2025-07,pista_semantica_mesma_frente_periodo_fonte,2,raw/sftp/fabrica/GEFUS/ANTERIORES/Dados_Prioritarios_Contratacoes_MCMV_FAR_FDS_RURAL_Semanal_20250730.xlsx | raw/sftp/fabrica/GEFUS/ANTERIORES/INT021_MinisterioCidades_FAR_BB_PF_20250731.TXT
HIS_MCIDADES_CONSOLIDADO_20250804.csv,OneDrive_2026-08-19 (3).zip,Novo MCMV - FAR/Arquivados/Arquivo 2025 - Consolidado/HIS_MCIDADES_CONSOLIDADO_20250804.csv,.csv,dado_tabular_ou_serializado,far,nao_identificada,2025-08,pista_semantica_mesma_frente_periodo_fonte,3,raw/sftp/fabrica/GEFUS/ANTERIORES/Dados_Prioritarios_Contratacoes_MCMV_FAR_FDS_RURAL_Semanal_20250815.csv | raw/sftp/fabrica/GEFUS/ANTERIORES/Dados_Prioritarios_Contratacoes_MCMV_FAR_FDS_RURAL_Semanal_20250822.csv | raw/sftp/fabrica/GEFUS/ANTERIORES/Dados_Prioritarios_Contratacoes_MCMV_FAR_FDS_RURAL_Semanal_20250829.csv
HIS_MCIDADES_CONSOLIDADO_20250804.txt,OneDrive_2026-08-19 (3).zip,Novo MCMV - FAR/Arquivados/Arquivo 2025 - Consolidado/HIS_MCIDADES_CONSOLIDADO_20250804.txt,.txt,dado_tabular_ou_serializado,far,nao_identificada,2025-08,pista_semantica_mesma_frente_periodo_fonte,3,raw/sftp/fabrica/GEFUS/ANTERIORES/Dados_Prioritarios_Contratacoes_MCMV_FAR_FDS_RURAL_Semanal_20250815.csv | raw/sftp/fabrica/GEFUS/ANTERIORES/Dados_Prioritarios_Contratacoes_MCMV_FAR_FDS_RURAL_Semanal_20250822.csv | raw/sftp/fabrica/GEFUS/ANTERIORES/Dados_Prioritarios_Contratacoes_MCMV_FAR_FDS_RURAL_Semanal_20250829.csv
HIS_MCIDADES_CONSOLIDADO_20250811.csv,OneDrive_2026-08-19 (3).zip,Novo MCMV - FAR/Arquivados/Arquivo 2025 - Consolidado/HIS_MCIDADES_CONSOLIDADO_20250811.csv,.csv,dado_tabular_ou_serializado,far,nao_identificada,2025-08,pista_semantica_mesma_frente_periodo_fonte,3,raw/sftp/fabrica/GEFUS/ANTERIORES/Dados_Prioritarios_Contratacoes_MCMV_FAR_FDS_RURAL_Semanal_20250815.csv | raw/sftp/fabrica/GEFUS/ANTERIORES/Dados_Prioritarios_Contratacoes_MCMV_FAR_FDS_RURAL_Semanal_20250822.csv | raw/sftp/fabrica/GEFUS/ANTERIORES/Dados_Prioritarios_Contratacoes_MCMV_FAR_FDS_RURAL_Semanal_20250829.csv
HIS_MCIDADES_CONSOLIDADO_20250811.txt,OneDrive_2026-08-19 (3).zip,Novo MCMV - FAR/Arquivados/Arquivo 2025 - Consolidado/HIS_MCIDADES_CONSOLIDADO_20250811.txt,.txt,dado_tabular_ou_serializado,far,nao_identificada,2025-08,pista_semantica_mesma_frente_periodo_fonte,3,raw/sftp/fabrica/GEFUS/ANTERIORES/Dados_Prioritarios_Contratacoes_MCMV_FAR_FDS_RURAL_Semanal_20250815.csv | raw/sftp/fabrica/GEFUS/ANTERIORES/Dados_Prioritarios_Contratacoes_MCMV_FAR_FDS_RURAL_Semanal_20250822.csv | raw/sftp/fabrica/GEFUS/ANTERIORES/Dados_Prioritarios_Contratacoes_MCMV_FAR_FDS_RURAL_Semanal_20250829.csv
HIS_MCIDADES_CONSOLIDADO_20250818.csv,OneDrive_2026-08-19 (3).zip,Novo MCMV - FAR/Arquivados/Arquivo 2025 - Consolidado/HIS_MCIDADES_CONSOLIDADO_20250818.csv,.csv,dado_tabular_ou_serializado,far,nao_identificada,2025-08,pista_semantica_mesma_frente_periodo_fonte,3,raw/sftp/fabrica/GEFUS/ANTERIORES/Dados_Prioritarios_Contratacoes_MCMV_FAR_FDS_RURAL_Semanal_20250815.csv | raw/sftp/fabrica/GEFUS/ANTERIORES/Dados_Prioritarios_Contratacoes_MCMV_FAR_FDS_RURAL_Semanal_20250822.csv | raw/sftp/fabrica/GEFUS/ANTERIORES/Dados_Prioritarios_Contratacoes_MCMV_FAR_FDS_RURAL_Semanal_20250829.csv
HIS_MCIDADES_CONSOLIDADO_20250818.txt,OneDrive_2026-08-19 (3).zip,Novo MCMV - FAR/Arquivados/Arquivo 2025 - Consolidado/HIS_MCIDADES_CONSOLIDADO_20250818.txt,.txt,dado_tabular_ou_serializado,far,nao_identificada,2025-08,pista_semantica_mesma_frente_periodo_fonte,3,raw/sftp/fabrica/GEFUS/ANTERIORES/Dados_Prioritarios_Contratacoes_MCMV_FAR_FDS_RURAL_Semanal_20250815.csv | raw/sftp/fabrica/GEFUS/ANTERIORES/Dados_Prioritarios_Contratacoes_MCMV_FAR_FDS_RURAL_Semanal_20250822.csv | raw/sftp/fabrica/GEFUS/ANTERIORES/Dados_Prioritarios_Contratacoes_MCMV_FAR_FDS_RURAL_Semanal_20250829.csv
HIS_MCIDADES_CONSOLIDADO_20250825.csv,OneDrive_2026-08-19 (3).zip,Novo MCMV - FAR/Arquivados/Arquivo 2025 - Consolidado/HIS_MCIDADES_CONSOLIDADO_20250825.csv,.csv,dado_tabular_ou_serializado,far,nao_identificada,2025-08,pista_semantica_mesma_frente_periodo_fonte,3,raw/sftp/fabrica/GEFUS/ANTERIORES/Dados_Prioritarios_Contratacoes_MCMV_FAR_FDS_RURAL_Semanal_20250815.csv | raw/sftp/fabrica/GEFUS/ANTERIORES/Dados_Prioritarios_Contratacoes_MCMV_FAR_FDS_RURAL_Semanal_20250822.csv | raw/sftp/fabrica/GEFUS/ANTERIORES/Dados_Prioritarios_Contratacoes_MCMV_FAR_FDS_RURAL_Semanal_20250829.csv
HIS_MCIDADES_CONSOLIDADO_20250825.txt,OneDrive_2026-08-19 (3).zip,Novo MCMV - FAR/Arquivados/Arquivo 2025 - Consolidado/HIS_MCIDADES_CONSOLIDADO_20250825.txt,.txt,dado_tabular_ou_serializado,far,nao_identificada,2025-08,pista_semantica_mesma_frente_periodo_fonte,3,raw/sftp/fabrica/GEFUS/ANTERIORES/Dados_Prioritarios_Contratacoes_MCMV_FAR_FDS_RURAL_Semanal_20250815.csv | raw/sftp/fabrica/GEFUS/ANTERIORES/Dados_Prioritarios_Contratacoes_MCMV_FAR_FDS_RURAL_Semanal_20250822.csv | raw/sftp/fabrica/GEFUS/ANTERIORES/Dados_Prioritarios_Contratacoes_MCMV_FAR_FDS_RURAL_Semanal_20250829.csv
HIS_MCIDADES_CONSOLIDADO_20250901.csv,OneDrive_2026-08-19 (3).zip,Novo MCMV - FAR/Arquivados/Arquivo 2025 - Consolidado/HIS_MCIDADES_CONSOLIDADO_20250901.csv,.csv,dado_tabular_ou_serializado,far,nao_identificada,2025-09,pista_semantica_mesma_frente_periodo_fonte,4,raw/sftp/fabrica/GEFUS/ANTERIORES/Dados_Prioritarios_Contratacoes_MCMV_FAR_FDS_RURAL_Semanal_20250905.csv | raw/sftp/fabrica/GEFUS/ANTERIORES/Dados_Prioritarios_Contratacoes_MCMV_FAR_FDS_RURAL_Semanal_20250912.csv | raw/sftp/fabrica/GEFUS/ANTERIORES/Dados_Prioritarios_Contratacoes_MCMV_FAR_FDS_RURAL_Semanal_20250919.csv | raw/sftp/fabrica/GEFUS/ANTERIORES/Dados_Prioritarios_Contratacoes_MCMV_FAR_FDS_RURAL_Semanal_20250926.csv
HIS_MCIDADES_CONSOLIDADO_20250901.txt,OneDrive_2026-08-19 (3).zip,Novo MCMV - FAR/Arquivados/Arquivo 2025 - Consolidado/HIS_MCIDADES_CONSOLIDADO_20250901.txt,.txt,dado_tabular_ou_serializado,far,nao_identificada,2025-09,pista_semantica_mesma_frente_periodo_fonte,4,raw/sftp/fabrica/GEFUS/ANTERIORES/Dados_Prioritarios_Contratacoes_MCMV_FAR_FDS_RURAL_Semanal_20250905.csv | raw/sftp/fabrica/GEFUS/ANTERIORES/Dados_Prioritarios_Contratacoes_MCMV_FAR_FDS_RURAL_Semanal_20250912.csv | raw/sftp/fabrica/GEFUS/ANTERIORES/Dados_Prioritarios_Contratacoes_MCMV_FAR_FDS_RURAL_Semanal_20250919.csv | raw/sftp/fabrica/GEFUS/ANTERIORES/Dados_Prioritarios_Contratacoes_MCMV_FAR_FDS_RURAL_Semanal_20250926.csv
HIS_MCIDADES_CONSOLIDADO_20250908.csv,OneDrive_2026-08-19 (3).zip,Novo MCMV - FAR/Arquivados/Arquivo 2025 - Consolidado/HIS_MCIDADES_CONSOLIDADO_20250908.csv,.csv,dado_tabular_ou_serializado,far,nao_identificada,2025-09,pista_semantica_mesma_frente_periodo_fonte,4,raw/sftp/fabrica/GEFUS/ANTERIORES/Dados_Prioritarios_Contratacoes_MCMV_FAR_FDS_RURAL_Semanal_20250905.csv | raw/sftp/fabrica/GEFUS/ANTERIORES/Dados_Prioritarios_Contratacoes_MCMV_FAR_FDS_RURAL_Semanal_20250912.csv | raw/sftp/fabrica/GEFUS/ANTERIORES/Dados_Prioritarios_Contratacoes_MCMV_FAR_FDS_RURAL_Semanal_20250919.csv | raw/sftp/fabrica/GEFUS/ANTERIORES/Dados_Prioritarios_Contratacoes_MCMV_FAR_FDS_RURAL_Semanal_20250926.csv
HIS_MCIDADES_CONSOLIDADO_20250908.txt,OneDrive_2026-08-19 (3).zip,Novo MCMV - FAR/Arquivados/Arquivo 2025 - Consolidado/HIS_MCIDADES_CONSOLIDADO_20250908.txt,.txt,dado_tabular_ou_serializado,far,nao_identificada,2025-09,pista_semantica_mesma_frente_periodo_fonte,4,raw/sftp/fabrica/GEFUS/ANTERIORES/Dados_Prioritarios_Contratacoes_MCMV_FAR_FDS_RURAL_Semanal_20250905.csv | raw/sftp/fabrica/GEFUS/ANTERIORES/Dados_Prioritarios_Contratacoes_MCMV_FAR_FDS_RURAL_Semanal_20250912.csv | raw/sftp/fabrica/GEFUS/ANTERIORES/Dados_Prioritarios_Contratacoes_MCMV_FAR_FDS_RURAL_Semanal_20250919.csv | raw/sftp/fabrica/GEFUS/ANTERIORES/Dados_Prioritarios_Contratacoes_MCMV_FAR_FDS_RURAL_Semanal_20250926.csv
HIS_MCIDADES_CONSOLIDADO_20250915.csv,OneDrive_2026-08-19 (3).zip,Novo MCMV - FAR/Arquivados/Arquivo 2025 - Consolidado/HIS_MCIDADES_CONSOLIDADO_20250915.csv,.csv,dado_tabular_ou_serializado,far,nao_identificada,2025-09,pista_semantica_mesma_frente_periodo_fonte,4,raw/sftp/fabrica/GEFUS/ANTERIORES/Dados_Prioritarios_Contratacoes_MCMV_FAR_FDS_RURAL_Semanal_20250905.csv | raw/sftp/fabrica/GEFUS/ANTERIORES/Dados_Prioritarios_Contratacoes_MCMV_FAR_FDS_RURAL_Semanal_20250912.csv | raw/sftp/fabrica/GEFUS/ANTERIORES/Dados_Prioritarios_Contratacoes_MCMV_FAR_FDS_RURAL_Semanal_20250919.csv | raw/sftp/fabrica/GEFUS/ANTERIORES/Dados_Prioritarios_Contratacoes_MCMV_FAR_FDS_RURAL_Semanal_20250926.csv
HIS_MCIDADES_CONSOLIDADO_20250915.txt,OneDrive_2026-08-19 (3).zip,Novo MCMV - FAR/Arquivados/Arquivo 2025 - Consolidado/HIS_MCIDADES_CONSOLIDADO_20250915.txt,.txt,dado_tabular_ou_serializado,far,nao_identificada,2025-09,pista_semantica_mesma_frente_periodo_fonte,4,raw/sftp/fabrica/GEFUS/ANTERIORES/Dados_Prioritarios_Contratacoes_MCMV_FAR_FDS_RURAL_Semanal_20250905.csv | raw/sftp/fabrica/GEFUS/ANTERIORES/Dados_Prioritarios_Contratacoes_MCMV_FAR_FDS_RURAL_Semanal_20250912.csv | raw/sftp/fabrica/GEFUS/ANTERIORES/Dados_Prioritarios_Contratacoes_MCMV_FAR_FDS_RURAL_Semanal_20250919.csv | raw/sftp/fabrica/GEFUS/ANTERIORES/Dados_Prioritarios_Contratacoes_MCMV_FAR_FDS_RURAL_Semanal_20250926.csv
HIS_MCIDADES_CONSOLIDADO_20250922.csv,OneDrive_2026-08-19 (3).zip,Novo MCMV - FAR/Arquivados/Arquivo 2025 - Consolidado/HIS_MCIDADES_CONSOLIDADO_20250922.csv,.csv,dado_tabular_ou_serializado,far,nao_identificada,2025-09,pista_semantica_mesma_frente_periodo_fonte,4,raw/sftp/fabrica/GEFUS/ANTERIORES/Dados_Prioritarios_Contratacoes_MCMV_FAR_FDS_RURAL_Semanal_20250905.csv | raw/sftp/fabrica/GEFUS/ANTERIORES/Dados_Prioritarios_Contratacoes_MCMV_FAR_FDS_RURAL_Semanal_20250912.csv | raw/sftp/fabrica/GEFUS/ANTERIORES/Dados_Prioritarios_Contratacoes_MCMV_FAR_FDS_RURAL_Semanal_20250919.csv | raw/sftp/fabrica/GEFUS/ANTERIORES/Dados_Prioritarios_Contratacoes_MCMV_FAR_FDS_RURAL_Semanal_20250926.csv
HIS_MCIDADES_CONSOLIDADO_20250922.txt,OneDrive_2026-08-19 (3).zip,Novo MCMV - FAR/Arquivados/Arquivo 2025 - Consolidado/HIS_MCIDADES_CONSOLIDADO_20250922.txt,.txt,dado_tabular_ou_serializado,far,nao_identificada,2025-09,pista_semantica_mesma_frente_periodo_fonte,4,raw/sftp/fabrica/GEFUS/ANTERIORES/Dados_Prioritarios_Contratacoes_MCMV_FAR_FDS_RURAL_Semanal_20250905.csv | raw/sftp/fabrica/GEFUS/ANTERIORES/Dados_Prioritarios_Contratacoes_MCMV_FAR_FDS_RURAL_Semanal_20250912.csv | raw/sftp/fabrica/GEFUS/ANTERIORES/Dados_Prioritarios_Contratacoes_MCMV_FAR_FDS_RURAL_Semanal_20250919.csv | raw/sftp/fabrica/GEFUS/ANTERIORES/Dados_Prioritarios_Contratacoes_MCMV_FAR_FDS_RURAL_Semanal_20250926.csv
HIS_MCIDADES_CONSOLIDADO_20250929.csv,OneDrive_2026-08-19 (3).zip,Novo MCMV - FAR/Arquivados/Arquivo 2025 - Consolidado/HIS_MCIDADES_CONSOLIDADO_20250929.csv,.csv,dado_tabular_ou_serializado,far,nao_identificada,2025-09,pista_semantica_mesma_frente_periodo_fonte,4,raw/sftp/fabrica/GEFUS/ANTERIORES/Dados_Prioritarios_Contratacoes_MCMV_FAR_FDS_RURAL_Semanal_20250905.csv | raw/sftp/fabrica/GEFUS/ANTERIORES/Dados_Prioritarios_Contratacoes_MCMV_FAR_FDS_RURAL_Semanal_20250912.csv | raw/sftp/fabrica/GEFUS/ANTERIORES/Dados_Prioritarios_Contratacoes_MCMV_FAR_FDS_RURAL_Semanal_20250919.csv | raw/sftp/fabrica/GEFUS/ANTERIORES/Dados_Prioritarios_Contratacoes_MCMV_FAR_FDS_RURAL_Semanal_20250926.csv
HIS_MCIDADES_CONSOLIDADO_20250929.txt,OneDrive_2026-08-19 (3).zip,Novo MCMV - FAR/Arquivados/Arquivo 2025 - Consolidado/HIS_MCIDADES_CONSOLIDADO_20250929.txt,.txt,dado_tabular_ou_serializado,far,nao_identificada,2025-09,pista_semantica_mesma_frente_periodo_fonte,4,raw/sftp/fabrica/GEFUS/ANTERIORES/Dados_Prioritarios_Contratacoes_MCMV_FAR_FDS_RURAL_Semanal_20250905.csv | raw/sftp/fabrica/GEFUS/ANTERIORES/Dados_Prioritarios_Contratacoes_MCMV_FAR_FDS_RURAL_Semanal_20250912.csv | raw/sftp/fabrica/GEFUS/ANTERIORES/Dados_Prioritarios_Contratacoes_MCMV_FAR_FDS_RURAL_Semanal_20250919.csv | raw/sftp/fabrica/GEFUS/ANTERIORES/Dados_Prioritarios_Contratacoes_MCMV_FAR_FDS_RURAL_Semanal_20250926.csv
HIS_MCIDADES_CONSOLIDADO_20251006.csv,OneDrive_2026-08-19 (3).zip,Novo MCMV - FAR/Arquivados/Arquivo 2025 - Consolidado/HIS_MCIDADES_CONSOLIDADO_20251006.csv,.csv,dado_tabular_ou_serializado,far,nao_identificada,2025-10,pista_semantica_mesma_frente_periodo_fonte,7,raw/sftp/fabrica/GEFUS/ANTERIORES/Dados_Prioritarios_Contratacoes_MCMV_FAR_FDS_RURAL_Semanal_20251003.csv | raw/sftp/fabrica/GEFUS/ANTERIORES/Dados_Prioritarios_Contratacoes_MCMV_FAR_FDS_RURAL_Semanal_20251010.csv | raw/sftp/fabrica/GEFUS/ANTERIORES/Dados_Prioritarios_Contratacoes_MCMV_FAR_FDS_RURAL_Semanal_20251017.csv | raw/sftp/fabrica/GEFUS/ANTERIORES/Dados_Prioritarios_Contratacoes_MCMV_FAR_FDS_RURAL_Semanal_20251024.csv | raw/sftp/fabrica/GEFUS/ANTERIORES/Dados_Prioritarios_Contratacoes_MCMV_FAR_FDS_RURAL_Semanal_20251031.csv
HIS_MCIDADES_CONSOLIDADO_20251006.txt,OneDrive_2026-08-19 (3).zip,Novo MCMV - FAR/Arquivados/Arquivo 2025 - Consolidado/HIS_MCIDADES_CONSOLIDADO_20251006.txt,.txt,dado_tabular_ou_serializado,far,nao_identificada,2025-10,pista_semantica_mesma_frente_periodo_fonte,7,raw/sftp/fabrica/GEFUS/ANTERIORES/Dados_Prioritarios_Contratacoes_MCMV_FAR_FDS_RURAL_Semanal_20251003.csv | raw/sftp/fabrica/GEFUS/ANTERIORES/Dados_Prioritarios_Contratacoes_MCMV_FAR_FDS_RURAL_Semanal_20251010.csv | raw/sftp/fabrica/GEFUS/ANTERIORES/Dados_Prioritarios_Contratacoes_MCMV_FAR_FDS_RURAL_Semanal_20251017.csv | raw/sftp/fabrica/GEFUS/ANTERIORES/Dados_Prioritarios_Contratacoes_MCMV_FAR_FDS_RURAL_Semanal_20251024.csv | raw/sftp/fabrica/GEFUS/ANTERIORES/Dados_Prioritarios_Contratacoes_MCMV_FAR_FDS_RURAL_Semanal_20251031.csv
HIS_MCIDADES_CONSOLIDADO_20251013.csv,OneDrive_2026-08-19 (3).zip,Novo MCMV - FAR/Arquivados/Arquivo 2025 - Consolidado/HIS_MCIDADES_CONSOLIDADO_20251013.csv,.csv,dado_tabular_ou_serializado,far,nao_identificada,2025-10,pista_semantica_mesma_frente_periodo_fonte,7,raw/sftp/fabrica/GEFUS/ANTERIORES/Dados_Prioritarios_Contratacoes_MCMV_FAR_FDS_RURAL_Semanal_20251003.csv | raw/sftp/fabrica/GEFUS/ANTERIORES/Dados_Prioritarios_Contratacoes_MCMV_FAR_FDS_RURAL_Semanal_20251010.csv | raw/sftp/fabrica/GEFUS/ANTERIORES/Dados_Prioritarios_Contratacoes_MCMV_FAR_FDS_RURAL_Semanal_20251017.csv | raw/sftp/fabrica/GEFUS/ANTERIORES/Dados_Prioritarios_Contratacoes_MCMV_FAR_FDS_RURAL_Semanal_20251024.csv | raw/sftp/fabrica/GEFUS/ANTERIORES/Dados_Prioritarios_Contratacoes_MCMV_FAR_FDS_RURAL_Semanal_20251031.csv
HIS_MCIDADES_CONSOLIDADO_20251013.txt,OneDrive_2026-08-19 (3).zip,Novo MCMV - FAR/Arquivados/Arquivo 2025 - Consolidado/HIS_MCIDADES_CONSOLIDADO_20251013.txt,.txt,dado_tabular_ou_serializado,far,nao_identificada,2025-10,pista_semantica_mesma_frente_periodo_fonte,7,raw/sftp/fabrica/GEFUS/ANTERIORES/Dados_Prioritarios_Contratacoes_MCMV_FAR_FDS_RURAL_Semanal_20251003.csv | raw/sftp/fabrica/GEFUS/ANTERIORES/Dados_Prioritarios_Contratacoes_MCMV_FAR_FDS_RURAL_Semanal_20251010.csv | raw/sftp/fabrica/GEFUS/ANTERIORES/Dados_Prioritarios_Contratacoes_MCMV_FAR_FDS_RURAL_Semanal_20251017.csv | raw/sftp/fabrica/GEFUS/ANTERIORES/Dados_Prioritarios_Contratacoes_MCMV_FAR_FDS_RURAL_Semanal_20251024.csv | raw/sftp/fabrica/GEFUS/ANTERIORES/Dados_Prioritarios_Contratacoes_MCMV_FAR_FDS_RURAL_Semanal_20251031.csv
HIS_MCIDADES_CONSOLIDADO_20251020.csv,OneDrive_2026-08-19 (3).zip,Novo MCMV - FAR/Arquivados/Arquivo 2025 - Consolidado/HIS_MCIDADES_CONSOLIDADO_20251020.csv,.csv,dado_tabular_ou_serializado,far,nao_identificada,2025-10,pista_semantica_mesma_frente_periodo_fonte,7,raw/sftp/fabrica/GEFUS/ANTERIORES/Dados_Prioritarios_Contratacoes_MCMV_FAR_FDS_RURAL_Semanal_20251003.csv | raw/sftp/fabrica/GEFUS/ANTERIORES/Dados_Prioritarios_Contratacoes_MCMV_FAR_FDS_RURAL_Semanal_20251010.csv | raw/sftp/fabrica/GEFUS/ANTERIORES/Dados_Prioritarios_Contratacoes_MCMV_FAR_FDS_RURAL_Semanal_20251017.csv | raw/sftp/fabrica/GEFUS/ANTERIORES/Dados_Prioritarios_Contratacoes_MCMV_FAR_FDS_RURAL_Semanal_20251024.csv | raw/sftp/fabrica/GEFUS/ANTERIORES/Dados_Prioritarios_Contratacoes_MCMV_FAR_FDS_RURAL_Semanal_20251031.csv
HIS_MCIDADES_CONSOLIDADO_20251020.txt,OneDrive_2026-08-19 (3).zip,Novo MCMV - FAR/Arquivados/Arquivo 2025 - Consolidado/HIS_MCIDADES_CONSOLIDADO_20251020.txt,.txt,dado_tabular_ou_serializado,far,nao_identificada,2025-10,pista_semantica_mesma_frente_periodo_fonte,7,raw/sftp/fabrica/GEFUS/ANTERIORES/Dados_Prioritarios_Contratacoes_MCMV_FAR_FDS_RURAL_Semanal_20251003.csv | raw/sftp/fabrica/GEFUS/ANTERIORES/Dados_Prioritarios_Contratacoes_MCMV_FAR_FDS_RURAL_Semanal_20251010.csv | raw/sftp/fabrica/GEFUS/ANTERIORES/Dados_Prioritarios_Contratacoes_MCMV_FAR_FDS_RURAL_Semanal_20251017.csv | raw/sftp/fabrica/GEFUS/ANTERIORES/Dados_Prioritarios_Contratacoes_MCMV_FAR_FDS_RURAL_Semanal_20251024.csv | raw/sftp/fabrica/GEFUS/ANTERIORES/Dados_Prioritarios_Contratacoes_MCMV_FAR_FDS_RURAL_Semanal_20251031.csv
HIS_MCIDADES_CONSOLIDADO_20251027.csv,OneDrive_2026-08-19 (3).zip,Novo MCMV - FAR/Arquivados/Arquivo 2025 - Consolidado/HIS_MCIDADES_CONSOLIDADO_20251027.csv,.csv,dado_tabular_ou_serializado,far,nao_identificada,2025-10,pista_semantica_mesma_frente_periodo_fonte,7,raw/sftp/fabrica/GEFUS/ANTERIORES/Dados_Prioritarios_Contratacoes_MCMV_FAR_FDS_RURAL_Semanal_20251003.csv | raw/sftp/fabrica/GEFUS/ANTERIORES/Dados_Prioritarios_Contratacoes_MCMV_FAR_FDS_RURAL_Semanal_20251010.csv | raw/sftp/fabrica/GEFUS/ANTERIORES/Dados_Prioritarios_Contratacoes_MCMV_FAR_FDS_RURAL_Semanal_20251017.csv | raw/sftp/fabrica/GEFUS/ANTERIORES/Dados_Prioritarios_Contratacoes_MCMV_FAR_FDS_RURAL_Semanal_20251024.csv | raw/sftp/fabrica/GEFUS/ANTERIORES/Dados_Prioritarios_Contratacoes_MCMV_FAR_FDS_RURAL_Semanal_20251031.csv
HIS_MCIDADES_CONSOLIDADO_20251027.txt,OneDrive_2026-08-19 (3).zip,Novo MCMV - FAR/Arquivados/Arquivo 2025 - Consolidado/HIS_MCIDADES_CONSOLIDADO_20251027.txt,.txt,dado_tabular_ou_serializado,far,nao_identificada,2025-10,pista_semantica_mesma_frente_periodo_fonte,7,raw/sftp/fabrica/GEFUS/ANTERIORES/Dados_Prioritarios_Contratacoes_MCMV_FAR_FDS_RURAL_Semanal_20251003.csv | raw/sftp/fabrica/GEFUS/ANTERIORES/Dados_Prioritarios_Contratacoes_MCMV_FAR_FDS_RURAL_Semanal_20251010.csv | raw/sftp/fabrica/GEFUS/ANTERIORES/Dados_Prioritarios_Contratacoes_MCMV_FAR_FDS_RURAL_Semanal_20251017.csv | raw/sftp/fabrica/GEFUS/ANTERIORES/Dados_Prioritarios_Contratacoes_MCMV_FAR_FDS_RURAL_Semanal_20251024.csv | raw/sftp/fabrica/GEFUS/ANTERIORES/Dados_Prioritarios_Contratacoes_MCMV_FAR_FDS_RURAL_Semanal_20251031.csv
HIS_MCIDADES_CONSOLIDADO_20251103.csv,OneDrive_2026-08-19 (3).zip,Novo MCMV - FAR/Arquivados/Arquivo 2025 - Consolidado/HIS_MCIDADES_CONSOLIDADO_20251103.csv,.csv,dado_tabular_ou_serializado,far,nao_identificada,2025-11,pista_semantica_mesma_frente_periodo_fonte,6,raw/sftp/fabrica/GEFUS/ANTERIORES/Dados_Prioritarios_Contratacoes_MCMV_FAR_FDS_RURAL_Semanal_20251107.csv | raw/sftp/fabrica/GEFUS/ANTERIORES/Dados_Prioritarios_Contratacoes_MCMV_FAR_FDS_RURAL_Semanal_20251114.csv | raw/sftp/fabrica/GEFUS/ANTERIORES/Dados_Prioritarios_Contratacoes_MCMV_FAR_FDS_RURAL_Semanal_20251121.csv | raw/sftp/fabrica/GEFUS/ANTERIORES/Dados_Prioritarios_Contratacoes_MCMV_FAR_FDS_RURAL_Semanal_20251128.csv | raw/sftp/fabrica/GEFUS/ANTERIORES/INT021_MinisterioCidades_FAR_BB_PF_20251128_CONTINGENCIA.TXT
HIS_MCIDADES_CONSOLIDADO_20251103.txt,OneDrive_2026-08-19 (3).zip,Novo MCMV - FAR/Arquivados/Arquivo 2025 - Consolidado/HIS_MCIDADES_CONSOLIDADO_20251103.txt,.txt,dado_tabular_ou_serializado,far,nao_identificada,2025-11,pista_semantica_mesma_frente_periodo_fonte,6,raw/sftp/fabrica/GEFUS/ANTERIORES/Dados_Prioritarios_Contratacoes_MCMV_FAR_FDS_RURAL_Semanal_20251107.csv | raw/sftp/fabrica/GEFUS/ANTERIORES/Dados_Prioritarios_Contratacoes_MCMV_FAR_FDS_RURAL_Semanal_20251114.csv | raw/sftp/fabrica/GEFUS/ANTERIORES/Dados_Prioritarios_Contratacoes_MCMV_FAR_FDS_RURAL_Semanal_20251121.csv | raw/sftp/fabrica/GEFUS/ANTERIORES/Dados_Prioritarios_Contratacoes_MCMV_FAR_FDS_RURAL_Semanal_20251128.csv | raw/sftp/fabrica/GEFUS/ANTERIORES/INT021_MinisterioCidades_FAR_BB_PF_20251128_CONTINGENCIA.TXT
HIS_MCIDADES_CONSOLIDADO_20251110.csv,OneDrive_2026-08-19 (3).zip,Novo MCMV - FAR/Arquivados/Arquivo 2025 - Consolidado/HIS_MCIDADES_CONSOLIDADO_20251110.csv,.csv,dado_tabular_ou_serializado,far,nao_identificada,2025-11,pista_semantica_mesma_frente_periodo_fonte,6,raw/sftp/fabrica/GEFUS/ANTERIORES/Dados_Prioritarios_Contratacoes_MCMV_FAR_FDS_RURAL_Semanal_20251107.csv | raw/sftp/fabrica/GEFUS/ANTERIORES/Dados_Prioritarios_Contratacoes_MCMV_FAR_FDS_RURAL_Semanal_20251114.csv | raw/sftp/fabrica/GEFUS/ANTERIORES/Dados_Prioritarios_Contratacoes_MCMV_FAR_FDS_RURAL_Semanal_20251121.csv | raw/sftp/fabrica/GEFUS/ANTERIORES/Dados_Prioritarios_Contratacoes_MCMV_FAR_FDS_RURAL_Semanal_20251128.csv | raw/sftp/fabrica/GEFUS/ANTERIORES/INT021_MinisterioCidades_FAR_BB_PF_20251128_CONTINGENCIA.TXT
HIS_MCIDADES_CONSOLIDADO_20251110.txt,OneDrive_2026-08-19 (3).zip,Novo MCMV - FAR/Arquivados/Arquivo 2025 - Consolidado/HIS_MCIDADES_CONSOLIDADO_20251110.txt,.txt,dado_tabular_ou_serializado,far,nao_identificada,2025-11,pista_semantica_mesma_frente_periodo_fonte,6,raw/sftp/fabrica/GEFUS/ANTERIORES/Dados_Prioritarios_Contratacoes_MCMV_FAR_FDS_RURAL_Semanal_20251107.csv | raw/sftp/fabrica/GEFUS/ANTERIORES/Dados_Prioritarios_Contratacoes_MCMV_FAR_FDS_RURAL_Semanal_20251114.csv | raw/sftp/fabrica/GEFUS/ANTERIORES/Dados_Prioritarios_Contratacoes_MCMV_FAR_FDS_RURAL_Semanal_20251121.csv | raw/sftp/fabrica/GEFUS/ANTERIORES/Dados_Prioritarios_Contratacoes_MCMV_FAR_FDS_RURAL_Semanal_20251128.csv | raw/sftp/fabrica/GEFUS/ANTERIORES/INT021_MinisterioCidades_FAR_BB_PF_20251128_CONTINGENCIA.TXT
HIS_MCIDADES_CONSOLIDADO_20251117.csv,OneDrive_2026-08-19 (3).zip,Novo MCMV - FAR/Arquivados/Arquivo 2025 - Consolidado/HIS_MCIDADES_CONSOLIDADO_20251117.csv,.csv,dado_tabular_ou_serializado,far,nao_identificada,2025-11,pista_semantica_mesma_frente_periodo_fonte,6,raw/sftp/fabrica/GEFUS/ANTERIORES/Dados_Prioritarios_Contratacoes_MCMV_FAR_FDS_RURAL_Semanal_20251107.csv | raw/sftp/fabrica/GEFUS/ANTERIORES/Dados_Prioritarios_Contratacoes_MCMV_FAR_FDS_RURAL_Semanal_20251114.csv | raw/sftp/fabrica/GEFUS/ANTERIORES/Dados_Prioritarios_Contratacoes_MCMV_FAR_FDS_RURAL_Semanal_20251121.csv | raw/sftp/fabrica/GEFUS/ANTERIORES/Dados_Prioritarios_Contratacoes_MCMV_FAR_FDS_RURAL_Semanal_20251128.csv | raw/sftp/fabrica/GEFUS/ANTERIORES/INT021_MinisterioCidades_FAR_BB_PF_20251128_CONTINGENCIA.TXT
HIS_MCIDADES_CONSOLIDADO_20251117.txt,OneDrive_2026-08-19 (3).zip,Novo MCMV - FAR/Arquivados/Arquivo 2025 - Consolidado/HIS_MCIDADES_CONSOLIDADO_20251117.txt,.txt,dado_tabular_ou_serializado,far,nao_identificada,2025-11,pista_semantica_mesma_frente_periodo_fonte,6,raw/sftp/fabrica/GEFUS/ANTERIORES/Dados_Prioritarios_Contratacoes_MCMV_FAR_FDS_RURAL_Semanal_20251107.csv | raw/sftp/fabrica/GEFUS/ANTERIORES/Dados_Prioritarios_Contratacoes_MCMV_FAR_FDS_RURAL_Semanal_20251114.csv | raw/sftp/fabrica/GEFUS/ANTERIORES/Dados_Prioritarios_Contratacoes_MCMV_FAR_FDS_RURAL_Semanal_20251121.csv | raw/sftp/fabrica/GEFUS/ANTERIORES/Dados_Prioritarios_Contratacoes_MCMV_FAR_FDS_RURAL_Semanal_20251128.csv | raw/sftp/fabrica/GEFUS/ANTERIORES/INT021_MinisterioCidades_FAR_BB_PF_20251128_CONTINGENCIA.TXT
HIS_MCIDADES_CONSOLIDADO_20251124.csv,OneDrive_2026-08-19 (3).zip,Novo MCMV - FAR/Arquivados/Arquivo 2025 - Consolidado/HIS_MCIDADES_CONSOLIDADO_20251124.csv,.csv,dado_tabular_ou_serializado,far,nao_identificada,2025-11,pista_semantica_mesma_frente_periodo_fonte,6,raw/sftp/fabrica/GEFUS/ANTERIORES/Dados_Prioritarios_Contratacoes_MCMV_FAR_FDS_RURAL_Semanal_20251107.csv | raw/sftp/fabrica/GEFUS/ANTERIORES/Dados_Prioritarios_Contratacoes_MCMV_FAR_FDS_RURAL_Semanal_20251114.csv | raw/sftp/fabrica/GEFUS/ANTERIORES/Dados_Prioritarios_Contratacoes_MCMV_FAR_FDS_RURAL_Semanal_20251121.csv | raw/sftp/fabrica/GEFUS/ANTERIORES/Dados_Prioritarios_Contratacoes_MCMV_FAR_FDS_RURAL_Semanal_20251128.csv | raw/sftp/fabrica/GEFUS/ANTERIORES/INT021_MinisterioCidades_FAR_BB_PF_20251128_CONTINGENCIA.TXT
HIS_MCIDADES_CONSOLIDADO_20251124.txt,OneDrive_2026-08-19 (3).zip,Novo MCMV - FAR/Arquivados/Arquivo 2025 - Consolidado/HIS_MCIDADES_CONSOLIDADO_20251124.txt,.txt,dado_tabular_ou_serializado,far,nao_identificada,2025-11,pista_semantica_mesma_frente_periodo_fonte,6,raw/sftp/fabrica/GEFUS/ANTERIORES/Dados_Prioritarios_Contratacoes_MCMV_FAR_FDS_RURAL_Semanal_20251107.csv | raw/sftp/fabrica/GEFUS/ANTERIORES/Dados_Prioritarios_Contratacoes_MCMV_FAR_FDS_RURAL_Semanal_20251114.csv | raw/sftp/fabrica/GEFUS/ANTERIORES/Dados_Prioritarios_Contratacoes_MCMV_FAR_FDS_RURAL_Semanal_20251121.csv | raw/sftp/fabrica/GEFUS/ANTERIORES/Dados_Prioritarios_Contratacoes_MCMV_FAR_FDS_RURAL_Semanal_20251128.csv | raw/sftp/fabrica/GEFUS/ANTERIORES/INT021_MinisterioCidades_FAR_BB_PF_20251128_CONTINGENCIA.TXT
HIS_MCIDADES_CONSOLIDADO_20251201.csv,OneDrive_2026-08-19 (3).zip,Novo MCMV - FAR/Arquivados/Arquivo 2025 - Consolidado/HIS_MCIDADES_CONSOLIDADO_20251201.csv,.csv,dado_tabular_ou_serializado,far,nao_identificada,2025-12,pista_semantica_mesma_frente_periodo_fonte,4,raw/sftp/fabrica/GEFUS/ANTERIORES/Dados_Prioritarios_Contratacoes_MCMV_FAR_FDS_RURAL_Semanal_20251205.csv | raw/sftp/fabrica/GEFUS/ANTERIORES/Dados_Prioritarios_Contratacoes_MCMV_FAR_FDS_RURAL_Semanal_20251212.csv | raw/sftp/fabrica/GEFUS/ANTERIORES/Dados_Prioritarios_Contratacoes_MCMV_FAR_FDS_RURAL_Semanal_20251219.csv | raw/sftp/fabrica/GEFUS/ANTERIORES/Dados_Prioritarios_Contratacoes_MCMV_FAR_FDS_RURAL_Semanal_20251226.csv
HIS_MCIDADES_CONSOLIDADO_20251201.txt,OneDrive_2026-08-19 (3).zip,Novo MCMV - FAR/Arquivados/Arquivo 2025 - Consolidado/HIS_MCIDADES_CONSOLIDADO_20251201.txt,.txt,dado_tabular_ou_serializado,far,nao_identificada,2025-12,pista_semantica_mesma_frente_periodo_fonte,4,raw/sftp/fabrica/GEFUS/ANTERIORES/Dados_Prioritarios_Contratacoes_MCMV_FAR_FDS_RURAL_Semanal_20251205.csv | raw/sftp/fabrica/GEFUS/ANTERIORES/Dados_Prioritarios_Contratacoes_MCMV_FAR_FDS_RURAL_Semanal_20251212.csv | raw/sftp/fabrica/GEFUS/ANTERIORES/Dados_Prioritarios_Contratacoes_MCMV_FAR_FDS_RURAL_Semanal_20251219.csv | raw/sftp/fabrica/GEFUS/ANTERIORES/Dados_Prioritarios_Contratacoes_MCMV_FAR_FDS_RURAL_Semanal_20251226.csv
HIS_MCIDADES_CONSOLIDADO_20251208.csv,OneDrive_2026-08-19 (3).zip,Novo MCMV - FAR/Arquivados/Arquivo 2025 - Consolidado/HIS_MCIDADES_CONSOLIDADO_20251208.csv,.csv,dado_tabular_ou_serializado,far,nao_identificada,2025-12,pista_semantica_mesma_frente_periodo_fonte,4,raw/sftp/fabrica/GEFUS/ANTERIORES/Dados_Prioritarios_Contratacoes_MCMV_FAR_FDS_RURAL_Semanal_20251205.csv | raw/sftp/fabrica/GEFUS/ANTERIORES/Dados_Prioritarios_Contratacoes_MCMV_FAR_FDS_RURAL_Semanal_20251212.csv | raw/sftp/fabrica/GEFUS/ANTERIORES/Dados_Prioritarios_Contratacoes_MCMV_FAR_FDS_RURAL_Semanal_20251219.csv | raw/sftp/fabrica/GEFUS/ANTERIORES/Dados_Prioritarios_Contratacoes_MCMV_FAR_FDS_RURAL_Semanal_20251226.csv
HIS_MCIDADES_CONSOLIDADO_20251208.txt,OneDrive_2026-08-19 (3).zip,Novo MCMV - FAR/Arquivados/Arquivo 2025 - Consolidado/HIS_MCIDADES_CONSOLIDADO_20251208.txt,.txt,dado_tabular_ou_serializado,far,nao_identificada,2025-12,pista_semantica_mesma_frente_periodo_fonte,4,raw/sftp/fabrica/GEFUS/ANTERIORES/Dados_Prioritarios_Contratacoes_MCMV_FAR_FDS_RURAL_Semanal_20251205.csv | raw/sftp/fabrica/GEFUS/ANTERIORES/Dados_Prioritarios_Contratacoes_MCMV_FAR_FDS_RURAL_Semanal_20251212.csv | raw/sftp/fabrica/GEFUS/ANTERIORES/Dados_Prioritarios_Contratacoes_MCMV_FAR_FDS_RURAL_Semanal_20251219.csv | raw/sftp/fabrica/GEFUS/ANTERIORES/Dados_Prioritarios_Contratacoes_MCMV_FAR_FDS_RURAL_Semanal_20251226.csv
HIS_MCIDADES_CONSOLIDADO_20251215.csv,OneDrive_2026-08-19 (3).zip,Novo MCMV - FAR/Arquivados/Arquivo 2025 - Consolidado/HIS_MCIDADES_CONSOLIDADO_20251215.csv,.csv,dado_tabular_ou_serializado,far,nao_identificada,2025-12,pista_semantica_mesma_frente_periodo_fonte,4,raw/sftp/fabrica/GEFUS/ANTERIORES/Dados_Prioritarios_Contratacoes_MCMV_FAR_FDS_RURAL_Semanal_20251205.csv | raw/sftp/fabrica/GEFUS/ANTERIORES/Dados_Prioritarios_Contratacoes_MCMV_FAR_FDS_RURAL_Semanal_20251212.csv | raw/sftp/fabrica/GEFUS/ANTERIORES/Dados_Prioritarios_Contratacoes_MCMV_FAR_FDS_RURAL_Semanal_20251219.csv | raw/sftp/fabrica/GEFUS/ANTERIORES/Dados_Prioritarios_Contratacoes_MCMV_FAR_FDS_RURAL_Semanal_20251226.csv
HIS_MCIDADES_CONSOLIDADO_20251215.txt,OneDrive_2026-08-19 (3).zip,Novo MCMV - FAR/Arquivados/Arquivo 2025 - Consolidado/HIS_MCIDADES_CONSOLIDADO_20251215.txt,.txt,dado_tabular_ou_serializado,far,nao_identificada,2025-12,pista_semantica_mesma_frente_periodo_fonte,4,raw/sftp/fabrica/GEFUS/ANTERIORES/Dados_Prioritarios_Contratacoes_MCMV_FAR_FDS_RURAL_Semanal_20251205.csv | raw/sftp/fabrica/GEFUS/ANTERIORES/Dados_Prioritarios_Contratacoes_MCMV_FAR_FDS_RURAL_Semanal_20251212.csv | raw/sftp/fabrica/GEFUS/ANTERIORES/Dados_Prioritarios_Contratacoes_MCMV_FAR_FDS_RURAL_Semanal_20251219.csv | raw/sftp/fabrica/GEFUS/ANTERIORES/Dados_Prioritarios_Contratacoes_MCMV_FAR_FDS_RURAL_Semanal_20251226.csv
HIS_MCIDADES_CONSOLIDADO_20251222.csv,OneDrive_2026-08-19 (3).zip,Novo MCMV - FAR/Arquivados/Arquivo 2025 - Consolidado/HIS_MCIDADES_CONSOLIDADO_20251222.csv,.csv,dado_tabular_ou_serializado,far,nao_identificada,2025-12,pista_semantica_mesma_frente_periodo_fonte,4,raw/sftp/fabrica/GEFUS/ANTERIORES/Dados_Prioritarios_Contratacoes_MCMV_FAR_FDS_RURAL_Semanal_20251205.csv | raw/sftp/fabrica/GEFUS/ANTERIORES/Dados_Prioritarios_Contratacoes_MCMV_FAR_FDS_RURAL_Semanal_20251212.csv | raw/sftp/fabrica/GEFUS/ANTERIORES/Dados_Prioritarios_Contratacoes_MCMV_FAR_FDS_RURAL_Semanal_20251219.csv | raw/sftp/fabrica/GEFUS/ANTERIORES/Dados_Prioritarios_Contratacoes_MCMV_FAR_FDS_RURAL_Semanal_20251226.csv
HIS_MCIDADES_CONSOLIDADO_20251222.txt,OneDrive_2026-08-19 (3).zip,Novo MCMV - FAR/Arquivados/Arquivo 2025 - Consolidado/HIS_MCIDADES_CONSOLIDADO_20251222.txt,.txt,dado_tabular_ou_serializado,far,nao_identificada,2025-12,pista_semantica_mesma_frente_periodo_fonte,4,raw/sftp/fabrica/GEFUS/ANTERIORES/Dados_Prioritarios_Contratacoes_MCMV_FAR_FDS_RURAL_Semanal_20251205.csv | raw/sftp/fabrica/GEFUS/ANTERIORES/Dados_Prioritarios_Contratacoes_MCMV_FAR_FDS_RURAL_Semanal_20251212.csv | raw/sftp/fabrica/GEFUS/ANTERIORES/Dados_Prioritarios_Contratacoes_MCMV_FAR_FDS_RURAL_Semanal_20251219.csv | raw/sftp/fabrica/GEFUS/ANTERIORES/Dados_Prioritarios_Contratacoes_MCMV_FAR_FDS_RURAL_Semanal_20251226.csv
HIS_MCIDADES_CONSOLIDADO_20251229.csv,OneDrive_2026-08-19 (3).zip,Novo MCMV - FAR/Arquivados/Arquivo 2025 - Consolidado/HIS_MCIDADES_CONSOLIDADO_20251229.csv,.csv,dado_tabular_ou_serializado,far,nao_identificada,2025-12,pista_semantica_mesma_frente_periodo_fonte,4,raw/sftp/fabrica/GEFUS/ANTERIORES/Dados_Prioritarios_Contratacoes_MCMV_FAR_FDS_RURAL_Semanal_20251205.csv | raw/sftp/fabrica/GEFUS/ANTERIORES/Dados_Prioritarios_Contratacoes_MCMV_FAR_FDS_RURAL_Semanal_20251212.csv | raw/sftp/fabrica/GEFUS/ANTERIORES/Dados_Prioritarios_Contratacoes_MCMV_FAR_FDS_RURAL_Semanal_20251219.csv | raw/sftp/fabrica/GEFUS/ANTERIORES/Dados_Prioritarios_Contratacoes_MCMV_FAR_FDS_RURAL_Semanal_20251226.csv
HIS_MCIDADES_CONSOLIDADO_20251229.txt,OneDrive_2026-08-19 (3).zip,Novo MCMV - FAR/Arquivados/Arquivo 2025 - Consolidado/HIS_MCIDADES_CONSOLIDADO_20251229.txt,.txt,dado_tabular_ou_serializado,far,nao_identificada,2025-12,pista_semantica_mesma_frente_periodo_fonte,4,raw/sftp/fabrica/GEFUS/ANTERIORES/Dados_Prioritarios_Contratacoes_MCMV_FAR_FDS_RURAL_Semanal_20251205.csv | raw/sftp/fabrica/GEFUS/ANTERIORES/Dados_Prioritarios_Contratacoes_MCMV_FAR_FDS_RURAL_Semanal_20251212.csv | raw/sftp/fabrica/GEFUS/ANTERIORES/Dados_Prioritarios_Contratacoes_MCMV_FAR_FDS_RURAL_Semanal_20251219.csv | raw/sftp/fabrica/GEFUS/ANTERIORES/Dados_Prioritarios_Contratacoes_MCMV_FAR_FDS_RURAL_Semanal_20251226.csv
HIS_MCIDADES_CONSOLIDADO_20260105.csv,OneDrive_2026-08-19 (3).zip,Novo MCMV - FAR/Arquivados/Arquivo 2025 - Consolidado/HIS_MCIDADES_CONSOLIDADO_20260105.csv,.csv,dado_tabular_ou_serializado,far,nao_identificada,2026-01,pista_semantica_mesma_frente_periodo_fonte,5,raw/sftp/fabrica/GEFUS/ANTERIORES/Dados_Prioritarios_Contratacoes_MCMV_FAR_FDS_RURAL_Semanal_20260102.csv | raw/sftp/fabrica/GEFUS/ANTERIORES/Dados_Prioritarios_Contratacoes_MCMV_FAR_FDS_RURAL_Semanal_20260109.csv | raw/sftp/fabrica/GEFUS/ANTERIORES/Dados_Prioritarios_Contratacoes_MCMV_FAR_FDS_RURAL_Semanal_20260116.csv | raw/sftp/fabrica/GEFUS/ANTERIORES/Dados_Prioritarios_Contratacoes_MCMV_FAR_FDS_RURAL_Semanal_20260123.csv | raw/sftp/fabrica/GEFUS/ANTERIORES/Dados_Prioritarios_Contratacoes_MCMV_FAR_FDS_RURAL_Semanal_20260130.csv
HIS_MCIDADES_CONSOLIDADO_20260105.txt,OneDrive_2026-08-19 (3).zip,Novo MCMV - FAR/Arquivados/Arquivo 2025 - Consolidado/HIS_MCIDADES_CONSOLIDADO_20260105.txt,.txt,dado_tabular_ou_serializado,far,nao_identificada,2026-01,pista_semantica_mesma_frente_periodo_fonte,5,raw/sftp/fabrica/GEFUS/ANTERIORES/Dados_Prioritarios_Contratacoes_MCMV_FAR_FDS_RURAL_Semanal_20260102.csv | raw/sftp/fabrica/GEFUS/ANTERIORES/Dados_Prioritarios_Contratacoes_MCMV_FAR_FDS_RURAL_Semanal_20260109.csv | raw/sftp/fabrica/GEFUS/ANTERIORES/Dados_Prioritarios_Contratacoes_MCMV_FAR_FDS_RURAL_Semanal_20260116.csv | raw/sftp/fabrica/GEFUS/ANTERIORES/Dados_Prioritarios_Contratacoes_MCMV_FAR_FDS_RURAL_Semanal_20260123.csv | raw/sftp/fabrica/GEFUS/ANTERIORES/Dados_Prioritarios_Contratacoes_MCMV_FAR_FDS_RURAL_Semanal_20260130.csv
HIS_MCIDADES_CONSOLIDADO_20260112.csv,OneDrive_2026-08-19 (3).zip,Novo MCMV - FAR/Arquivados/Arquivo 2025 - Consolidado/HIS_MCIDADES_CONSOLIDADO_20260112.csv,.csv,dado_tabular_ou_serializado,far,nao_identificada,2026-01,pista_semantica_mesma_frente_periodo_fonte,5,raw/sftp/fabrica/GEFUS/ANTERIORES/Dados_Prioritarios_Contratacoes_MCMV_FAR_FDS_RURAL_Semanal_20260102.csv | raw/sftp/fabrica/GEFUS/ANTERIORES/Dados_Prioritarios_Contratacoes_MCMV_FAR_FDS_RURAL_Semanal_20260109.csv | raw/sftp/fabrica/GEFUS/ANTERIORES/Dados_Prioritarios_Contratacoes_MCMV_FAR_FDS_RURAL_Semanal_20260116.csv | raw/sftp/fabrica/GEFUS/ANTERIORES/Dados_Prioritarios_Contratacoes_MCMV_FAR_FDS_RURAL_Semanal_20260123.csv | raw/sftp/fabrica/GEFUS/ANTERIORES/Dados_Prioritarios_Contratacoes_MCMV_FAR_FDS_RURAL_Semanal_20260130.csv
HIS_MCIDADES_CONSOLIDADO_20260112.txt,OneDrive_2026-08-19 (3).zip,Novo MCMV - FAR/Arquivados/Arquivo 2025 - Consolidado/HIS_MCIDADES_CONSOLIDADO_20260112.txt,.txt,dado_tabular_ou_serializado,far,nao_identificada,2026-01,pista_semantica_mesma_frente_periodo_fonte,5,raw/sftp/fabrica/GEFUS/ANTERIORES/Dados_Prioritarios_Contratacoes_MCMV_FAR_FDS_RURAL_Semanal_20260102.csv | raw/sftp/fabrica/GEFUS/ANTERIORES/Dados_Prioritarios_Contratacoes_MCMV_FAR_FDS_RURAL_Semanal_20260109.csv | raw/sftp/fabrica/GEFUS/ANTERIORES/Dados_Prioritarios_Contratacoes_MCMV_FAR_FDS_RURAL_Semanal_20260116.csv | raw/sftp/fabrica/GEFUS/ANTERIORES/Dados_Prioritarios_Contratacoes_MCMV_FAR_FDS_RURAL_Semanal_20260123.csv | raw/sftp/fabrica/GEFUS/ANTERIORES/Dados_Prioritarios_Contratacoes_MCMV_FAR_FDS_RURAL_Semanal_20260130.csv
HIS_MCIDADES_CONSOLIDADO_20260119.csv,OneDrive_2026-08-19 (3).zip,Novo MCMV - FAR/Arquivados/Arquivo 2025 - Consolidado/HIS_MCIDADES_CONSOLIDADO_20260119.csv,.csv,dado_tabular_ou_serializado,far,nao_identificada,2026-01,pista_semantica_mesma_frente_periodo_fonte,5,raw/sftp/fabrica/GEFUS/ANTERIORES/Dados_Prioritarios_Contratacoes_MCMV_FAR_FDS_RURAL_Semanal_20260102.csv | raw/sftp/fabrica/GEFUS/ANTERIORES/Dados_Prioritarios_Contratacoes_MCMV_FAR_FDS_RURAL_Semanal_20260109.csv | raw/sftp/fabrica/GEFUS/ANTERIORES/Dados_Prioritarios_Contratacoes_MCMV_FAR_FDS_RURAL_Semanal_20260116.csv | raw/sftp/fabrica/GEFUS/ANTERIORES/Dados_Prioritarios_Contratacoes_MCMV_FAR_FDS_RURAL_Semanal_20260123.csv | raw/sftp/fabrica/GEFUS/ANTERIORES/Dados_Prioritarios_Contratacoes_MCMV_FAR_FDS_RURAL_Semanal_20260130.csv
HIS_MCIDADES_CONSOLIDADO_20260119.txt,OneDrive_2026-08-19 (3).zip,Novo MCMV - FAR/Arquivados/Arquivo 2025 - Consolidado/HIS_MCIDADES_CONSOLIDADO_20260119.txt,.txt,dado_tabular_ou_serializado,far,nao_identificada,2026-01,pista_semantica_mesma_frente_periodo_fonte,5,raw/sftp/fabrica/GEFUS/ANTERIORES/Dados_Prioritarios_Contratacoes_MCMV_FAR_FDS_RURAL_Semanal_20260102.csv | raw/sftp/fabrica/GEFUS/ANTERIORES/Dados_Prioritarios_Contratacoes_MCMV_FAR_FDS_RURAL_Semanal_20260109.csv | raw/sftp/fabrica/GEFUS/ANTERIORES/Dados_Prioritarios_Contratacoes_MCMV_FAR_FDS_RURAL_Semanal_20260116.csv | raw/sftp/fabrica/GEFUS/ANTERIORES/Dados_Prioritarios_Contratacoes_MCMV_FAR_FDS_RURAL_Semanal_20260123.csv | raw/sftp/fabrica/GEFUS/ANTERIORES/Dados_Prioritarios_Contratacoes_MCMV_FAR_FDS_RURAL_Semanal_20260130.csv
HIS_MCIDADES_CONSOLIDADO_20260126.csv,OneDrive_2026-08-19 (3).zip,Novo MCMV - FAR/Arquivados/Arquivo 2025 - Consolidado/HIS_MCIDADES_CONSOLIDADO_20260126.csv,.csv,dado_tabular_ou_serializado,far,nao_identificada,2026-01,pista_semantica_mesma_frente_periodo_fonte,5,raw/sftp/fabrica/GEFUS/ANTERIORES/Dados_Prioritarios_Contratacoes_MCMV_FAR_FDS_RURAL_Semanal_20260102.csv | raw/sftp/fabrica/GEFUS/ANTERIORES/Dados_Prioritarios_Contratacoes_MCMV_FAR_FDS_RURAL_Semanal_20260109.csv | raw/sftp/fabrica/GEFUS/ANTERIORES/Dados_Prioritarios_Contratacoes_MCMV_FAR_FDS_RURAL_Semanal_20260116.csv | raw/sftp/fabrica/GEFUS/ANTERIORES/Dados_Prioritarios_Contratacoes_MCMV_FAR_FDS_RURAL_Semanal_20260123.csv | raw/sftp/fabrica/GEFUS/ANTERIORES/Dados_Prioritarios_Contratacoes_MCMV_FAR_FDS_RURAL_Semanal_20260130.csv
HIS_MCIDADES_CONSOLIDADO_20260126.txt,OneDrive_2026-08-19 (3).zip,Novo MCMV - FAR/Arquivados/Arquivo 2025 - Consolidado/HIS_MCIDADES_CONSOLIDADO_20260126.txt,.txt,dado_tabular_ou_serializado,far,nao_identificada,2026-01,pista_semantica_mesma_frente_periodo_fonte,5,raw/sftp/fabrica/GEFUS/ANTERIORES/Dados_Prioritarios_Contratacoes_MCMV_FAR_FDS_RURAL_Semanal_20260102.csv | raw/sftp/fabrica/GEFUS/ANTERIORES/Dados_Prioritarios_Contratacoes_MCMV_FAR_FDS_RURAL_Semanal_20260109.csv | raw/sftp/fabrica/GEFUS/ANTERIORES/Dados_Prioritarios_Contratacoes_MCMV_FAR_FDS_RURAL_Semanal_20260116.csv | raw/sftp/fabrica/GEFUS/ANTERIORES/Dados_Prioritarios_Contratacoes_MCMV_FAR_FDS_RURAL_Semanal_20260123.csv | raw/sftp/fabrica/GEFUS/ANTERIORES/Dados_Prioritarios_Contratacoes_MCMV_FAR_FDS_RURAL_Semanal_20260130.csv
HIS_MCIDADES_CONSOLIDADO_20260202.csv,OneDrive_2026-08-19 (3).zip,Novo MCMV - FAR/Arquivados/Arquivo 2025 - Consolidado/HIS_MCIDADES_CONSOLIDADO_20260202.csv,.csv,dado_tabular_ou_serializado,far,nao_identificada,2026-02,pista_semantica_mesma_frente_periodo_fonte,4,raw/sftp/fabrica/GEFUS/ANTERIORES/Dados_Prioritarios_Contratacoes_MCMV_FAR_FDS_RURAL_Semanal_20260206.csv | raw/sftp/fabrica/GEFUS/ANTERIORES/Dados_Prioritarios_Contratacoes_MCMV_FAR_FDS_RURAL_Semanal_20260213.csv | raw/sftp/fabrica/GEFUS/ANTERIORES/Dados_Prioritarios_Contratacoes_MCMV_FAR_FDS_RURAL_Semanal_20260220.csv | raw/sftp/fabrica/GEFUS/ANTERIORES/Dados_Prioritarios_Contratacoes_MCMV_FAR_FDS_RURAL_Semanal_20260227.csv
HIS_MCIDADES_CONSOLIDADO_20260202.txt,OneDrive_2026-08-19 (3).zip,Novo MCMV - FAR/Arquivados/Arquivo 2025 - Consolidado/HIS_MCIDADES_CONSOLIDADO_20260202.txt,.txt,dado_tabular_ou_serializado,far,nao_identificada,2026-02,pista_semantica_mesma_frente_periodo_fonte,4,raw/sftp/fabrica/GEFUS/ANTERIORES/Dados_Prioritarios_Contratacoes_MCMV_FAR_FDS_RURAL_Semanal_20260206.csv | raw/sftp/fabrica/GEFUS/ANTERIORES/Dados_Prioritarios_Contratacoes_MCMV_FAR_FDS_RURAL_Semanal_20260213.csv | raw/sftp/fabrica/GEFUS/ANTERIORES/Dados_Prioritarios_Contratacoes_MCMV_FAR_FDS_RURAL_Semanal_20260220.csv | raw/sftp/fabrica/GEFUS/ANTERIORES/Dados_Prioritarios_Contratacoes_MCMV_FAR_FDS_RURAL_Semanal_20260227.csv
HIS_MCIDADES_CONTRATACAO_20250925_180004.csv,OneDrive_2026-08-19 (3).zip,Novo MCMV - FAR/Arquivados/Arquivo 2025 - Contratação/HIS_MCIDADES_CONTRATACAO_20250925_180004.csv,.csv,dado_tabular_ou_serializado,far,nao_identificada,2025-09,pista_semantica_mesma_frente_periodo_fonte,4,raw/sftp/fabrica/GEFUS/ANTERIORES/Dados_Prioritarios_Contratacoes_MCMV_FAR_FDS_RURAL_Semanal_20250905.csv | raw/sftp/fabrica/GEFUS/ANTERIORES/Dados_Prioritarios_Contratacoes_MCMV_FAR_FDS_RURAL_Semanal_20250912.csv | raw/sftp/fabrica/GEFUS/ANTERIORES/Dados_Prioritarios_Contratacoes_MCMV_FAR_FDS_RURAL_Semanal_20250919.csv | raw/sftp/fabrica/GEFUS/ANTERIORES/Dados_Prioritarios_Contratacoes_MCMV_FAR_FDS_RURAL_Semanal_20250926.csv
HIS_MCIDADES_CONTRATACAO_20250925_180004.txt,OneDrive_2026-08-19 (3).zip,Novo MCMV - FAR/Arquivados/Arquivo 2025 - Contratação/HIS_MCIDADES_CONTRATACAO_20250925_180004.txt,.txt,dado_tabular_ou_serializado,far,nao_identificada,2025-09,pista_semantica_mesma_frente_periodo_fonte,4,raw/sftp/fabrica/GEFUS/ANTERIORES/Dados_Prioritarios_Contratacoes_MCMV_FAR_FDS_RURAL_Semanal_20250905.csv | raw/sftp/fabrica/GEFUS/ANTERIORES/Dados_Prioritarios_Contratacoes_MCMV_FAR_FDS_RURAL_Semanal_20250912.csv | raw/sftp/fabrica/GEFUS/ANTERIORES/Dados_Prioritarios_Contratacoes_MCMV_FAR_FDS_RURAL_Semanal_20250919.csv | raw/sftp/fabrica/GEFUS/ANTERIORES/Dados_Prioritarios_Contratacoes_MCMV_FAR_FDS_RURAL_Semanal_20250926.csv
HIS_MCIDADES_CONTRATACAO_20251003_180005.csv,OneDrive_2026-08-19 (3).zip,Novo MCMV - FAR/Arquivados/Arquivo 2025 - Contratação/HIS_MCIDADES_CONTRATACAO_20251003_180005.csv,.csv,dado_tabular_ou_serializado,far,nao_identificada,2025-10,pista_semantica_mesma_frente_periodo_fonte,7,raw/sftp/fabrica/GEFUS/ANTERIORES/Dados_Prioritarios_Contratacoes_MCMV_FAR_FDS_RURAL_Semanal_20251003.csv | raw/sftp/fabrica/GEFUS/ANTERIORES/Dados_Prioritarios_Contratacoes_MCMV_FAR_FDS_RURAL_Semanal_20251010.csv | raw/sftp/fabrica/GEFUS/ANTERIORES/Dados_Prioritarios_Contratacoes_MCMV_FAR_FDS_RURAL_Semanal_20251017.csv | raw/sftp/fabrica/GEFUS/ANTERIORES/Dados_Prioritarios_Contratacoes_MCMV_FAR_FDS_RURAL_Semanal_20251024.csv | raw/sftp/fabrica/GEFUS/ANTERIORES/Dados_Prioritarios_Contratacoes_MCMV_FAR_FDS_RURAL_Semanal_20251031.csv
HIS_MCIDADES_CONTRATACAO_20251003_180005.txt,OneDrive_2026-08-19 (3).zip,Novo MCMV - FAR/Arquivados/Arquivo 2025 - Contratação/HIS_MCIDADES_CONTRATACAO_20251003_180005.txt,.txt,dado_tabular_ou_serializado,far,nao_identificada,2025-10,pista_semantica_mesma_frente_periodo_fonte,7,raw/sftp/fabrica/GEFUS/ANTERIORES/Dados_Prioritarios_Contratacoes_MCMV_FAR_FDS_RURAL_Semanal_20251003.csv | raw/sftp/fabrica/GEFUS/ANTERIORES/Dados_Prioritarios_Contratacoes_MCMV_FAR_FDS_RURAL_Semanal_20251010.csv | raw/sftp/fabrica/GEFUS/ANTERIORES/Dados_Prioritarios_Contratacoes_MCMV_FAR_FDS_RURAL_Semanal_20251017.csv | raw/sftp/fabrica/GEFUS/ANTERIORES/Dados_Prioritarios_Contratacoes_MCMV_FAR_FDS_RURAL_Semanal_20251024.csv | raw/sftp/fabrica/GEFUS/ANTERIORES/Dados_Prioritarios_Contratacoes_MCMV_FAR_FDS_RURAL_Semanal_20251031.csv
HIS_MCIDADES_CONTRATACAO_20251024_180102.csv,OneDrive_2026-08-19 (3).zip,Novo MCMV - FAR/Arquivados/Arquivo 2025 - Contratação/HIS_MCIDADES_CONTRATACAO_20251024_180102.csv,.csv,dado_tabular_ou_serializado,far,nao_identificada,2025-10,pista_semantica_mesma_frente_periodo_fonte,7,raw/sftp/fabrica/GEFUS/ANTERIORES/Dados_Prioritarios_Contratacoes_MCMV_FAR_FDS_RURAL_Semanal_20251003.csv | raw/sftp/fabrica/GEFUS/ANTERIORES/Dados_Prioritarios_Contratacoes_MCMV_FAR_FDS_RURAL_Semanal_20251010.csv | raw/sftp/fabrica/GEFUS/ANTERIORES/Dados_Prioritarios_Contratacoes_MCMV_FAR_FDS_RURAL_Semanal_20251017.csv | raw/sftp/fabrica/GEFUS/ANTERIORES/Dados_Prioritarios_Contratacoes_MCMV_FAR_FDS_RURAL_Semanal_20251024.csv | raw/sftp/fabrica/GEFUS/ANTERIORES/Dados_Prioritarios_Contratacoes_MCMV_FAR_FDS_RURAL_Semanal_20251031.csv
HIS_MCIDADES_CONTRATACAO_20251024_180102.txt,OneDrive_2026-08-19 (3).zip,Novo MCMV - FAR/Arquivados/Arquivo 2025 - Contratação/HIS_MCIDADES_CONTRATACAO_20251024_180102.txt,.txt,dado_tabular_ou_serializado,far,nao_identificada,2025-10,pista_semantica_mesma_frente_periodo_fonte,7,raw/sftp/fabrica/GEFUS/ANTERIORES/Dados_Prioritarios_Contratacoes_MCMV_FAR_FDS_RURAL_Semanal_20251003.csv | raw/sftp/fabrica/GEFUS/ANTERIORES/Dados_Prioritarios_Contratacoes_MCMV_FAR_FDS_RURAL_Semanal_20251010.csv | raw/sftp/fabrica/GEFUS/ANTERIORES/Dados_Prioritarios_Contratacoes_MCMV_FAR_FDS_RURAL_Semanal_20251017.csv | raw/sftp/fabrica/GEFUS/ANTERIORES/Dados_Prioritarios_Contratacoes_MCMV_FAR_FDS_RURAL_Semanal_20251024.csv | raw/sftp/fabrica/GEFUS/ANTERIORES/Dados_Prioritarios_Contratacoes_MCMV_FAR_FDS_RURAL_Semanal_20251031.csv
HIS_MCIDADES_CONTRATACAO_20251105_180023.csv,OneDrive_2026-08-19 (3).zip,Novo MCMV - FAR/Arquivados/Arquivo 2025 - Contratação/HIS_MCIDADES_CONTRATACAO_20251105_180023.csv,.csv,dado_tabular_ou_serializado,far,nao_identificada,2025-11,pista_semantica_mesma_frente_periodo_fonte,6,raw/sftp/fabrica/GEFUS/ANTERIORES/Dados_Prioritarios_Contratacoes_MCMV_FAR_FDS_RURAL_Semanal_20251107.csv | raw/sftp/fabrica/GEFUS/ANTERIORES/Dados_Prioritarios_Contratacoes_MCMV_FAR_FDS_RURAL_Semanal_20251114.csv | raw/sftp/fabrica/GEFUS/ANTERIORES/Dados_Prioritarios_Contratacoes_MCMV_FAR_FDS_RURAL_Semanal_20251121.csv | raw/sftp/fabrica/GEFUS/ANTERIORES/Dados_Prioritarios_Contratacoes_MCMV_FAR_FDS_RURAL_Semanal_20251128.csv | raw/sftp/fabrica/GEFUS/ANTERIORES/INT021_MinisterioCidades_FAR_BB_PF_20251128_CONTINGENCIA.TXT
HIS_MCIDADES_CONTRATACAO_20251105_180023.txt,OneDrive_2026-08-19 (3).zip,Novo MCMV - FAR/Arquivados/Arquivo 2025 - Contratação/HIS_MCIDADES_CONTRATACAO_20251105_180023.txt,.txt,dado_tabular_ou_serializado,far,nao_identificada,2025-11,pista_semantica_mesma_frente_periodo_fonte,6,raw/sftp/fabrica/GEFUS/ANTERIORES/Dados_Prioritarios_Contratacoes_MCMV_FAR_FDS_RURAL_Semanal_20251107.csv | raw/sftp/fabrica/GEFUS/ANTERIORES/Dados_Prioritarios_Contratacoes_MCMV_FAR_FDS_RURAL_Semanal_20251114.csv | raw/sftp/fabrica/GEFUS/ANTERIORES/Dados_Prioritarios_Contratacoes_MCMV_FAR_FDS_RURAL_Semanal_20251121.csv | raw/sftp/fabrica/GEFUS/ANTERIORES/Dados_Prioritarios_Contratacoes_MCMV_FAR_FDS_RURAL_Semanal_20251128.csv | raw/sftp/fabrica/GEFUS/ANTERIORES/INT021_MinisterioCidades_FAR_BB_PF_20251128_CONTINGENCIA.TXT
HIS_MCIDADES_CONTRATACAO_20251114_110035.csv,OneDrive_2026-08-19 (3).zip,Novo MCMV - FAR/Arquivados/Arquivo 2025 - Contratação/HIS_MCIDADES_CONTRATACAO_20251114_110035.csv,.csv,dado_tabular_ou_serializado,far,nao_identificada,2025-11,pista_semantica_mesma_frente_periodo_fonte,6,raw/sftp/fabrica/GEFUS/ANTERIORES/Dados_Prioritarios_Contratacoes_MCMV_FAR_FDS_RURAL_Semanal_20251107.csv | raw/sftp/fabrica/GEFUS/ANTERIORES/Dados_Prioritarios_Contratacoes_MCMV_FAR_FDS_RURAL_Semanal_20251114.csv | raw/sftp/fabrica/GEFUS/ANTERIORES/Dados_Prioritarios_Contratacoes_MCMV_FAR_FDS_RURAL_Semanal_20251121.csv | raw/sftp/fabrica/GEFUS/ANTERIORES/Dados_Prioritarios_Contratacoes_MCMV_FAR_FDS_RURAL_Semanal_20251128.csv | raw/sftp/fabrica/GEFUS/ANTERIORES/INT021_MinisterioCidades_FAR_BB_PF_20251128_CONTINGENCIA.TXT
HIS_MCIDADES_CONTRATACAO_20251114_110035.txt,OneDrive_2026-08-19 (3).zip,Novo MCMV - FAR/Arquivados/Arquivo 2025 - Contratação/HIS_MCIDADES_CONTRATACAO_20251114_110035.txt,.txt,dado_tabular_ou_serializado,far,nao_identificada,2025-11,pista_semantica_mesma_frente_periodo_fonte,6,raw/sftp/fabrica/GEFUS/ANTERIORES/Dados_Prioritarios_Contratacoes_MCMV_FAR_FDS_RURAL_Semanal_20251107.csv | raw/sftp/fabrica/GEFUS/ANTERIORES/Dados_Prioritarios_Contratacoes_MCMV_FAR_FDS_RURAL_Semanal_20251114.csv | raw/sftp/fabrica/GEFUS/ANTERIORES/Dados_Prioritarios_Contratacoes_MCMV_FAR_FDS_RURAL_Semanal_20251121.csv | raw/sftp/fabrica/GEFUS/ANTERIORES/Dados_Prioritarios_Contratacoes_MCMV_FAR_FDS_RURAL_Semanal_20251128.csv | raw/sftp/fabrica/GEFUS/ANTERIORES/INT021_MinisterioCidades_FAR_BB_PF_20251128_CONTINGENCIA.TXT
HIS_MCIDADES_CONTRATACAO_20251118_180045.csv,OneDrive_2026-08-19 (3).zip,Novo MCMV - FAR/Arquivados/Arquivo 2025 - Contratação/HIS_MCIDADES_CONTRATACAO_20251118_180045.csv,.csv,dado_tabular_ou_serializado,far,nao_identificada,2025-11,pista_semantica_mesma_frente_periodo_fonte,6,raw/sftp/fabrica/GEFUS/ANTERIORES/Dados_Prioritarios_Contratacoes_MCMV_FAR_FDS_RURAL_Semanal_20251107.csv | raw/sftp/fabrica/GEFUS/ANTERIORES/Dados_Prioritarios_Contratacoes_MCMV_FAR_FDS_RURAL_Semanal_20251114.csv | raw/sftp/fabrica/GEFUS/ANTERIORES/Dados_Prioritarios_Contratacoes_MCMV_FAR_FDS_RURAL_Semanal_20251121.csv | raw/sftp/fabrica/GEFUS/ANTERIORES/Dados_Prioritarios_Contratacoes_MCMV_FAR_FDS_RURAL_Semanal_20251128.csv | raw/sftp/fabrica/GEFUS/ANTERIORES/INT021_MinisterioCidades_FAR_BB_PF_20251128_CONTINGENCIA.TXT
HIS_MCIDADES_CONTRATACAO_20251118_180045.txt,OneDrive_2026-08-19 (3).zip,Novo MCMV - FAR/Arquivados/Arquivo 2025 - Contratação/HIS_MCIDADES_CONTRATACAO_20251118_180045.txt,.txt,dado_tabular_ou_serializado,far,nao_identificada,2025-11,pista_semantica_mesma_frente_periodo_fonte,6,raw/sftp/fabrica/GEFUS/ANTERIORES/Dados_Prioritarios_Contratacoes_MCMV_FAR_FDS_RURAL_Semanal_20251107.csv | raw/sftp/fabrica/GEFUS/ANTERIORES/Dados_Prioritarios_Contratacoes_MCMV_FAR_FDS_RURAL_Semanal_20251114.csv | raw/sftp/fabrica/GEFUS/ANTERIORES/Dados_Prioritarios_Contratacoes_MCMV_FAR_FDS_RURAL_Semanal_20251121.csv | raw/sftp/fabrica/GEFUS/ANTERIORES/Dados_Prioritarios_Contratacoes_MCMV_FAR_FDS_RURAL_Semanal_20251128.csv | raw/sftp/fabrica/GEFUS/ANTERIORES/INT021_MinisterioCidades_FAR_BB_PF_20251128_CONTINGENCIA.TXT
HIS_MCIDADES_CONTRATACAO_20251127_110022.csv,OneDrive_2026-08-19 (3).zip,Novo MCMV - FAR/Arquivados/Arquivo 2025 - Contratação/HIS_MCIDADES_CONTRATACAO_20251127_110022.csv,.csv,dado_tabular_ou_serializado,far,nao_identificada,2025-11,pista_semantica_mesma_frente_periodo_fonte,6,raw/sftp/fabrica/GEFUS/ANTERIORES/Dados_Prioritarios_Contratacoes_MCMV_FAR_FDS_RURAL_Semanal_20251107.csv | raw/sftp/fabrica/GEFUS/ANTERIORES/Dados_Prioritarios_Contratacoes_MCMV_FAR_FDS_RURAL_Semanal_20251114.csv | raw/sftp/fabrica/GEFUS/ANTERIORES/Dados_Prioritarios_Contratacoes_MCMV_FAR_FDS_RURAL_Semanal_20251121.csv | raw/sftp/fabrica/GEFUS/ANTERIORES/Dados_Prioritarios_Contratacoes_MCMV_FAR_FDS_RURAL_Semanal_20251128.csv | raw/sftp/fabrica/GEFUS/ANTERIORES/INT021_MinisterioCidades_FAR_BB_PF_20251128_CONTINGENCIA.TXT
HIS_MCIDADES_CONTRATACAO_20251127_110022.txt,OneDrive_2026-08-19 (3).zip,Novo MCMV - FAR/Arquivados/Arquivo 2025 - Contratação/HIS_MCIDADES_CONTRATACAO_20251127_110022.txt,.txt,dado_tabular_ou_serializado,far,nao_identificada,2025-11,pista_semantica_mesma_frente_periodo_fonte,6,raw/sftp/fabrica/GEFUS/ANTERIORES/Dados_Prioritarios_Contratacoes_MCMV_FAR_FDS_RURAL_Semanal_20251107.csv | raw/sftp/fabrica/GEFUS/ANTERIORES/Dados_Prioritarios_Contratacoes_MCMV_FAR_FDS_RURAL_Semanal_20251114.csv | raw/sftp/fabrica/GEFUS/ANTERIORES/Dados_Prioritarios_Contratacoes_MCMV_FAR_FDS_RURAL_Semanal_20251121.csv | raw/sftp/fabrica/GEFUS/ANTERIORES/Dados_Prioritarios_Contratacoes_MCMV_FAR_FDS_RURAL_Semanal_20251128.csv | raw/sftp/fabrica/GEFUS/ANTERIORES/INT021_MinisterioCidades_FAR_BB_PF_20251128_CONTINGENCIA.TXT
HIS_MCIDADES_CONTRATACAO_20251208_180027.csv,OneDrive_2026-08-19 (3).zip,Novo MCMV - FAR/Arquivados/Arquivo 2025 - Contratação/HIS_MCIDADES_CONTRATACAO_20251208_180027.csv,.csv,dado_tabular_ou_serializado,far,nao_identificada,2025-12,pista_semantica_mesma_frente_periodo_fonte,4,raw/sftp/fabrica/GEFUS/ANTERIORES/Dados_Prioritarios_Contratacoes_MCMV_FAR_FDS_RURAL_Semanal_20251205.csv | raw/sftp/fabrica/GEFUS/ANTERIORES/Dados_Prioritarios_Contratacoes_MCMV_FAR_FDS_RURAL_Semanal_20251212.csv | raw/sftp/fabrica/GEFUS/ANTERIORES/Dados_Prioritarios_Contratacoes_MCMV_FAR_FDS_RURAL_Semanal_20251219.csv | raw/sftp/fabrica/GEFUS/ANTERIORES/Dados_Prioritarios_Contratacoes_MCMV_FAR_FDS_RURAL_Semanal_20251226.csv
HIS_MCIDADES_CONTRATACAO_20251208_180027.txt,OneDrive_2026-08-19 (3).zip,Novo MCMV - FAR/Arquivados/Arquivo 2025 - Contratação/HIS_MCIDADES_CONTRATACAO_20251208_180027.txt,.txt,dado_tabular_ou_serializado,far,nao_identificada,2025-12,pista_semantica_mesma_frente_periodo_fonte,4,raw/sftp/fabrica/GEFUS/ANTERIORES/Dados_Prioritarios_Contratacoes_MCMV_FAR_FDS_RURAL_Semanal_20251205.csv | raw/sftp/fabrica/GEFUS/ANTERIORES/Dados_Prioritarios_Contratacoes_MCMV_FAR_FDS_RURAL_Semanal_20251212.csv | raw/sftp/fabrica/GEFUS/ANTERIORES/Dados_Prioritarios_Contratacoes_MCMV_FAR_FDS_RURAL_Semanal_20251219.csv | raw/sftp/fabrica/GEFUS/ANTERIORES/Dados_Prioritarios_Contratacoes_MCMV_FAR_FDS_RURAL_Semanal_20251226.csv
HIS_MCIDADES_CONTRATACAO_20251209_180040.csv,OneDrive_2026-08-19 (3).zip,Novo MCMV - FAR/Arquivados/Arquivo 2025 - Contratação/HIS_MCIDADES_CONTRATACAO_20251209_180040.csv,.csv,dado_tabular_ou_serializado,far,nao_identificada,2025-12,pista_semantica_mesma_frente_periodo_fonte,4,raw/sftp/fabrica/GEFUS/ANTERIORES/Dados_Prioritarios_Contratacoes_MCMV_FAR_FDS_RURAL_Semanal_20251205.csv | raw/sftp/fabrica/GEFUS/ANTERIORES/Dados_Prioritarios_Contratacoes_MCMV_FAR_FDS_RURAL_Semanal_20251212.csv | raw/sftp/fabrica/GEFUS/ANTERIORES/Dados_Prioritarios_Contratacoes_MCMV_FAR_FDS_RURAL_Semanal_20251219.csv | raw/sftp/fabrica/GEFUS/ANTERIORES/Dados_Prioritarios_Contratacoes_MCMV_FAR_FDS_RURAL_Semanal_20251226.csv
HIS_MCIDADES_CONTRATACAO_20251209_180040.txt,OneDrive_2026-08-19 (3).zip,Novo MCMV - FAR/Arquivados/Arquivo 2025 - Contratação/HIS_MCIDADES_CONTRATACAO_20251209_180040.txt,.txt,dado_tabular_ou_serializado,far,nao_identificada,2025-12,pista_semantica_mesma_frente_periodo_fonte,4,raw/sftp/fabrica/GEFUS/ANTERIORES/Dados_Prioritarios_Contratacoes_MCMV_FAR_FDS_RURAL_Semanal_20251205.csv | raw/sftp/fabrica/GEFUS/ANTERIORES/Dados_Prioritarios_Contratacoes_MCMV_FAR_FDS_RURAL_Semanal_20251212.csv | raw/sftp/fabrica/GEFUS/ANTERIORES/Dados_Prioritarios_Contratacoes_MCMV_FAR_FDS_RURAL_Semanal_20251219.csv | raw/sftp/fabrica/GEFUS/ANTERIORES/Dados_Prioritarios_Contratacoes_MCMV_FAR_FDS_RURAL_Semanal_20251226.csv
HIS_MCIDADES_CONTRATACAO_20251210_180006.csv,OneDrive_2026-08-19 (3).zip,Novo MCMV - FAR/Arquivados/Arquivo 2025 - Contratação/HIS_MCIDADES_CONTRATACAO_20251210_180006.csv,.csv,dado_tabular_ou_serializado,far,nao_identificada,2025-12,pista_semantica_mesma_frente_periodo_fonte,4,raw/sftp/fabrica/GEFUS/ANTERIORES/Dados_Prioritarios_Contratacoes_MCMV_FAR_FDS_RURAL_Semanal_20251205.csv | raw/sftp/fabrica/GEFUS/ANTERIORES/Dados_Prioritarios_Contratacoes_MCMV_FAR_FDS_RURAL_Semanal_20251212.csv | raw/sftp/fabrica/GEFUS/ANTERIORES/Dados_Prioritarios_Contratacoes_MCMV_FAR_FDS_RURAL_Semanal_20251219.csv | raw/sftp/fabrica/GEFUS/ANTERIORES/Dados_Prioritarios_Contratacoes_MCMV_FAR_FDS_RURAL_Semanal_20251226.csv
HIS_MCIDADES_CONTRATACAO_20251210_180006.txt,OneDrive_2026-08-19 (3).zip,Novo MCMV - FAR/Arquivados/Arquivo 2025 - Contratação/HIS_MCIDADES_CONTRATACAO_20251210_180006.txt,.txt,dado_tabular_ou_serializado,far,nao_identificada,2025-12,pista_semantica_mesma_frente_periodo_fonte,4,raw/sftp/fabrica/GEFUS/ANTERIORES/Dados_Prioritarios_Contratacoes_MCMV_FAR_FDS_RURAL_Semanal_20251205.csv | raw/sftp/fabrica/GEFUS/ANTERIORES/Dados_Prioritarios_Contratacoes_MCMV_FAR_FDS_RURAL_Semanal_20251212.csv | raw/sftp/fabrica/GEFUS/ANTERIORES/Dados_Prioritarios_Contratacoes_MCMV_FAR_FDS_RURAL_Semanal_20251219.csv | raw/sftp/fabrica/GEFUS/ANTERIORES/Dados_Prioritarios_Contratacoes_MCMV_FAR_FDS_RURAL_Semanal_20251226.csv
HIS_MCIDADES_CONTRATACAO_20251230_180003.csv,OneDrive_2026-08-19 (3).zip,Novo MCMV - FAR/Arquivados/Arquivo 2025 - Contratação/HIS_MCIDADES_CONTRATACAO_20251230_180003.csv,.csv,dado_tabular_ou_serializado,far,nao_identificada,2025-12,pista_semantica_mesma_frente_periodo_fonte,4,raw/sftp/fabrica/GEFUS/ANTERIORES/Dados_Prioritarios_Contratacoes_MCMV_FAR_FDS_RURAL_Semanal_20251205.csv | raw/sftp/fabrica/GEFUS/ANTERIORES/Dados_Prioritarios_Contratacoes_MCMV_FAR_FDS_RURAL_Semanal_20251212.csv | raw/sftp/fabrica/GEFUS/ANTERIORES/Dados_Prioritarios_Contratacoes_MCMV_FAR_FDS_RURAL_Semanal_20251219.csv | raw/sftp/fabrica/GEFUS/ANTERIORES/Dados_Prioritarios_Contratacoes_MCMV_FAR_FDS_RURAL_Semanal_20251226.csv
HIS_MCIDADES_CONTRATACAO_20251230_180003.txt,OneDrive_2026-08-19 (3).zip,Novo MCMV - FAR/Arquivados/Arquivo 2025 - Contratação/HIS_MCIDADES_CONTRATACAO_20251230_180003.txt,.txt,dado_tabular_ou_serializado,far,nao_identificada,2025-12,pista_semantica_mesma_frente_periodo_fonte,4,raw/sftp/fabrica/GEFUS/ANTERIORES/Dados_Prioritarios_Contratacoes_MCMV_FAR_FDS_RURAL_Semanal_20251205.csv | raw/sftp/fabrica/GEFUS/ANTERIORES/Dados_Prioritarios_Contratacoes_MCMV_FAR_FDS_RURAL_Semanal_20251212.csv | raw/sftp/fabrica/GEFUS/ANTERIORES/Dados_Prioritarios_Contratacoes_MCMV_FAR_FDS_RURAL_Semanal_20251219.csv | raw/sftp/fabrica/GEFUS/ANTERIORES/Dados_Prioritarios_Contratacoes_MCMV_FAR_FDS_RURAL_Semanal_20251226.csv
HIS_MCIDADES_CONTRATACAO_20260102_180004.csv,OneDrive_2026-08-19 (3).zip,Novo MCMV - FAR/Arquivados/Arquivo 2025 - Contratação/HIS_MCIDADES_CONTRATACAO_20260102_180004.csv,.csv,dado_tabular_ou_serializado,far,nao_identificada,2026-01,pista_semantica_mesma_frente_periodo_fonte,5,raw/sftp/fabrica/GEFUS/ANTERIORES/Dados_Prioritarios_Contratacoes_MCMV_FAR_FDS_RURAL_Semanal_20260102.csv | raw/sftp/fabrica/GEFUS/ANTERIORES/Dados_Prioritarios_Contratacoes_MCMV_FAR_FDS_RURAL_Semanal_20260109.csv | raw/sftp/fabrica/GEFUS/ANTERIORES/Dados_Prioritarios_Contratacoes_MCMV_FAR_FDS_RURAL_Semanal_20260116.csv | raw/sftp/fabrica/GEFUS/ANTERIORES/Dados_Prioritarios_Contratacoes_MCMV_FAR_FDS_RURAL_Semanal_20260123.csv | raw/sftp/fabrica/GEFUS/ANTERIORES/Dados_Prioritarios_Contratacoes_MCMV_FAR_FDS_RURAL_Semanal_20260130.csv
HIS_MCIDADES_CONTRATACAO_20260102_180004.txt,OneDrive_2026-08-19 (3).zip,Novo MCMV - FAR/Arquivados/Arquivo 2025 - Contratação/HIS_MCIDADES_CONTRATACAO_20260102_180004.txt,.txt,dado_tabular_ou_serializado,far,nao_identificada,2026-01,pista_semantica_mesma_frente_periodo_fonte,5,raw/sftp/fabrica/GEFUS/ANTERIORES/Dados_Prioritarios_Contratacoes_MCMV_FAR_FDS_RURAL_Semanal_20260102.csv | raw/sftp/fabrica/GEFUS/ANTERIORES/Dados_Prioritarios_Contratacoes_MCMV_FAR_FDS_RURAL_Semanal_20260109.csv | raw/sftp/fabrica/GEFUS/ANTERIORES/Dados_Prioritarios_Contratacoes_MCMV_FAR_FDS_RURAL_Semanal_20260116.csv | raw/sftp/fabrica/GEFUS/ANTERIORES/Dados_Prioritarios_Contratacoes_MCMV_FAR_FDS_RURAL_Semanal_20260123.csv | raw/sftp/fabrica/GEFUS/ANTERIORES/Dados_Prioritarios_Contratacoes_MCMV_FAR_FDS_RURAL_Semanal_20260130.csv
HIS_MCIDADES_CONTRATACAO_20260108_110004.csv,OneDrive_2026-08-19 (3).zip,Novo MCMV - FAR/Arquivados/Arquivo 2025 - Contratação/HIS_MCIDADES_CONTRATACAO_20260108_110004.csv,.csv,dado_tabular_ou_serializado,far,nao_identificada,2026-01,pista_semantica_mesma_frente_periodo_fonte,5,raw/sftp/fabrica/GEFUS/ANTERIORES/Dados_Prioritarios_Contratacoes_MCMV_FAR_FDS_RURAL_Semanal_20260102.csv | raw/sftp/fabrica/GEFUS/ANTERIORES/Dados_Prioritarios_Contratacoes_MCMV_FAR_FDS_RURAL_Semanal_20260109.csv | raw/sftp/fabrica/GEFUS/ANTERIORES/Dados_Prioritarios_Contratacoes_MCMV_FAR_FDS_RURAL_Semanal_20260116.csv | raw/sftp/fabrica/GEFUS/ANTERIORES/Dados_Prioritarios_Contratacoes_MCMV_FAR_FDS_RURAL_Semanal_20260123.csv | raw/sftp/fabrica/GEFUS/ANTERIORES/Dados_Prioritarios_Contratacoes_MCMV_FAR_FDS_RURAL_Semanal_20260130.csv
HIS_MCIDADES_CONTRATACAO_20260108_110004.txt,OneDrive_2026-08-19 (3).zip,Novo MCMV - FAR/Arquivados/Arquivo 2025 - Contratação/HIS_MCIDADES_CONTRATACAO_20260108_110004.txt,.txt,dado_tabular_ou_serializado,far,nao_identificada,2026-01,pista_semantica_mesma_frente_periodo_fonte,5,raw/sftp/fabrica/GEFUS/ANTERIORES/Dados_Prioritarios_Contratacoes_MCMV_FAR_FDS_RURAL_Semanal_20260102.csv | raw/sftp/fabrica/GEFUS/ANTERIORES/Dados_Prioritarios_Contratacoes_MCMV_FAR_FDS_RURAL_Semanal_20260109.csv | raw/sftp/fabrica/GEFUS/ANTERIORES/Dados_Prioritarios_Contratacoes_MCMV_FAR_FDS_RURAL_Semanal_20260116.csv | raw/sftp/fabrica/GEFUS/ANTERIORES/Dados_Prioritarios_Contratacoes_MCMV_FAR_FDS_RURAL_Semanal_20260123.csv | raw/sftp/fabrica/GEFUS/ANTERIORES/Dados_Prioritarios_Contratacoes_MCMV_FAR_FDS_RURAL_Semanal_20260130.csv
HIS_MCIDADES_CONTRATACAO_20260119_180003.csv,OneDrive_2026-08-19 (3).zip,Novo MCMV - FAR/Arquivados/Arquivo 2025 - Contratação/HIS_MCIDADES_CONTRATACAO_20260119_180003.csv,.csv,dado_tabular_ou_serializado,far,nao_identificada,2026-01,pista_semantica_mesma_frente_periodo_fonte,5,raw/sftp/fabrica/GEFUS/ANTERIORES/Dados_Prioritarios_Contratacoes_MCMV_FAR_FDS_RURAL_Semanal_20260102.csv | raw/sftp/fabrica/GEFUS/ANTERIORES/Dados_Prioritarios_Contratacoes_MCMV_FAR_FDS_RURAL_Semanal_20260109.csv | raw/sftp/fabrica/GEFUS/ANTERIORES/Dados_Prioritarios_Contratacoes_MCMV_FAR_FDS_RURAL_Semanal_20260116.csv | raw/sftp/fabrica/GEFUS/ANTERIORES/Dados_Prioritarios_Contratacoes_MCMV_FAR_FDS_RURAL_Semanal_20260123.csv | raw/sftp/fabrica/GEFUS/ANTERIORES/Dados_Prioritarios_Contratacoes_MCMV_FAR_FDS_RURAL_Semanal_20260130.csv
HIS_MCIDADES_CONTRATACAO_20260119_180003.txt,OneDrive_2026-08-19 (3).zip,Novo MCMV - FAR/Arquivados/Arquivo 2025 - Contratação/HIS_MCIDADES_CONTRATACAO_20260119_180003.txt,.txt,dado_tabular_ou_serializado,far,nao_identificada,2026-01,pista_semantica_mesma_frente_periodo_fonte,5,raw/sftp/fabrica/GEFUS/ANTERIORES/Dados_Prioritarios_Contratacoes_MCMV_FAR_FDS_RURAL_Semanal_20260102.csv | raw/sftp/fabrica/GEFUS/ANTERIORES/Dados_Prioritarios_Contratacoes_MCMV_FAR_FDS_RURAL_Semanal_20260109.csv | raw/sftp/fabrica/GEFUS/ANTERIORES/Dados_Prioritarios_Contratacoes_MCMV_FAR_FDS_RURAL_Semanal_20260116.csv | raw/sftp/fabrica/GEFUS/ANTERIORES/Dados_Prioritarios_Contratacoes_MCMV_FAR_FDS_RURAL_Semanal_20260123.csv | raw/sftp/fabrica/GEFUS/ANTERIORES/Dados_Prioritarios_Contratacoes_MCMV_FAR_FDS_RURAL_Semanal_20260130.csv
HIS_MCIDADES_CONTRATACAO_20260122_180003.csv,OneDrive_2026-08-19 (3).zip,Novo MCMV - FAR/Arquivados/Arquivo 2025 - Contratação/HIS_MCIDADES_CONTRATACAO_20260122_180003.csv,.csv,dado_tabular_ou_serializado,far,nao_identificada,2026-01,pista_semantica_mesma_frente_periodo_fonte,5,raw/sftp/fabrica/GEFUS/ANTERIORES/Dados_Prioritarios_Contratacoes_MCMV_FAR_FDS_RURAL_Semanal_20260102.csv | raw/sftp/fabrica/GEFUS/ANTERIORES/Dados_Prioritarios_Contratacoes_MCMV_FAR_FDS_RURAL_Semanal_20260109.csv | raw/sftp/fabrica/GEFUS/ANTERIORES/Dados_Prioritarios_Contratacoes_MCMV_FAR_FDS_RURAL_Semanal_20260116.csv | raw/sftp/fabrica/GEFUS/ANTERIORES/Dados_Prioritarios_Contratacoes_MCMV_FAR_FDS_RURAL_Semanal_20260123.csv | raw/sftp/fabrica/GEFUS/ANTERIORES/Dados_Prioritarios_Contratacoes_MCMV_FAR_FDS_RURAL_Semanal_20260130.csv
HIS_MCIDADES_CONTRATACAO_20260122_180003.txt,OneDrive_2026-08-19 (3).zip,Novo MCMV - FAR/Arquivados/Arquivo 2025 - Contratação/HIS_MCIDADES_CONTRATACAO_20260122_180003.txt,.txt,dado_tabular_ou_serializado,far,nao_identificada,2026-01,pista_semantica_mesma_frente_periodo_fonte,5,raw/sftp/fabrica/GEFUS/ANTERIORES/Dados_Prioritarios_Contratacoes_MCMV_FAR_FDS_RURAL_Semanal_20260102.csv | raw/sftp/fabrica/GEFUS/ANTERIORES/Dados_Prioritarios_Contratacoes_MCMV_FAR_FDS_RURAL_Semanal_20260109.csv | raw/sftp/fabrica/GEFUS/ANTERIORES/Dados_Prioritarios_Contratacoes_MCMV_FAR_FDS_RURAL_Semanal_20260116.csv | raw/sftp/fabrica/GEFUS/ANTERIORES/Dados_Prioritarios_Contratacoes_MCMV_FAR_FDS_RURAL_Semanal_20260123.csv | raw/sftp/fabrica/GEFUS/ANTERIORES/Dados_Prioritarios_Contratacoes_MCMV_FAR_FDS_RURAL_Semanal_20260130.csv
HIS_MCIDADES_CONTRATACAO_20260123_180006.csv,OneDrive_2026-08-19 (3).zip,Novo MCMV - FAR/Arquivados/Arquivo 2025 - Contratação/HIS_MCIDADES_CONTRATACAO_20260123_180006.csv,.csv,dado_tabular_ou_serializado,far,nao_identificada,2026-01,pista_semantica_mesma_frente_periodo_fonte,5,raw/sftp/fabrica/GEFUS/ANTERIORES/Dados_Prioritarios_Contratacoes_MCMV_FAR_FDS_RURAL_Semanal_20260102.csv | raw/sftp/fabrica/GEFUS/ANTERIORES/Dados_Prioritarios_Contratacoes_MCMV_FAR_FDS_RURAL_Semanal_20260109.csv | raw/sftp/fabrica/GEFUS/ANTERIORES/Dados_Prioritarios_Contratacoes_MCMV_FAR_FDS_RURAL_Semanal_20260116.csv | raw/sftp/fabrica/GEFUS/ANTERIORES/Dados_Prioritarios_Contratacoes_MCMV_FAR_FDS_RURAL_Semanal_20260123.csv | raw/sftp/fabrica/GEFUS/ANTERIORES/Dados_Prioritarios_Contratacoes_MCMV_FAR_FDS_RURAL_Semanal_20260130.csv
HIS_MCIDADES_CONTRATACAO_20260123_180006.txt,OneDrive_2026-08-19 (3).zip,Novo MCMV - FAR/Arquivados/Arquivo 2025 - Contratação/HIS_MCIDADES_CONTRATACAO_20260123_180006.txt,.txt,dado_tabular_ou_serializado,far,nao_identificada,2026-01,pista_semantica_mesma_frente_periodo_fonte,5,raw/sftp/fabrica/GEFUS/ANTERIORES/Dados_Prioritarios_Contratacoes_MCMV_FAR_FDS_RURAL_Semanal_20260102.csv | raw/sftp/fabrica/GEFUS/ANTERIORES/Dados_Prioritarios_Contratacoes_MCMV_FAR_FDS_RURAL_Semanal_20260109.csv | raw/sftp/fabrica/GEFUS/ANTERIORES/Dados_Prioritarios_Contratacoes_MCMV_FAR_FDS_RURAL_Semanal_20260116.csv | raw/sftp/fabrica/GEFUS/ANTERIORES/Dados_Prioritarios_Contratacoes_MCMV_FAR_FDS_RURAL_Semanal_20260123.csv | raw/sftp/fabrica/GEFUS/ANTERIORES/Dados_Prioritarios_Contratacoes_MCMV_FAR_FDS_RURAL_Semanal_20260130.csv
HIS_MCIDADES_ENQUADRAMENTO_20250312.csv,OneDrive_2026-08-19 (3).zip,Novo MCMV - FAR/Arquivados/Arquivo 2025 - Enquadramento/HIS_MCIDADES_ENQUADRAMENTO_20250312.csv,.csv,dado_tabular_ou_serializado,far,nao_identificada,2025-03,nao_encontrado_no_minio_consultado,0,
HIS_MCIDADES_ENQUADRAMENTO_20250312.txt,OneDrive_2026-08-19 (3).zip,Novo MCMV - FAR/Arquivados/Arquivo 2025 - Enquadramento/HIS_MCIDADES_ENQUADRAMENTO_20250312.txt,.txt,dado_tabular_ou_serializado,far,nao_identificada,2025-03,nao_encontrado_no_minio_consultado,0,
HIS_MCIDADES_ENQUADRAMENTO_20250902.csv,OneDrive_2026-08-19 (3).zip,Novo MCMV - FAR/Arquivados/Arquivo 2025 - Enquadramento/HIS_MCIDADES_ENQUADRAMENTO_20250902.csv,.csv,dado_tabular_ou_serializado,far,nao_identificada,2025-09,pista_semantica_mesma_frente_periodo_fonte,4,raw/sftp/fabrica/GEFUS/ANTERIORES/Dados_Prioritarios_Contratacoes_MCMV_FAR_FDS_RURAL_Semanal_20250905.csv | raw/sftp/fabrica/GEFUS/ANTERIORES/Dados_Prioritarios_Contratacoes_MCMV_FAR_FDS_RURAL_Semanal_20250912.csv | raw/sftp/fabrica/GEFUS/ANTERIORES/Dados_Prioritarios_Contratacoes_MCMV_FAR_FDS_RURAL_Semanal_20250919.csv | raw/sftp/fabrica/GEFUS/ANTERIORES/Dados_Prioritarios_Contratacoes_MCMV_FAR_FDS_RURAL_Semanal_20250926.csv
HIS_MCIDADES_ENQUADRAMENTO_20250902.txt,OneDrive_2026-08-19 (3).zip,Novo MCMV - FAR/Arquivados/Arquivo 2025 - Enquadramento/HIS_MCIDADES_ENQUADRAMENTO_20250902.txt,.txt,dado_tabular_ou_serializado,far,nao_identificada,2025-09,pista_semantica_mesma_frente_periodo_fonte,4,raw/sftp/fabrica/GEFUS/ANTERIORES/Dados_Prioritarios_Contratacoes_MCMV_FAR_FDS_RURAL_Semanal_20250905.csv | raw/sftp/fabrica/GEFUS/ANTERIORES/Dados_Prioritarios_Contratacoes_MCMV_FAR_FDS_RURAL_Semanal_20250912.csv | raw/sftp/fabrica/GEFUS/ANTERIORES/Dados_Prioritarios_Contratacoes_MCMV_FAR_FDS_RURAL_Semanal_20250919.csv | raw/sftp/fabrica/GEFUS/ANTERIORES/Dados_Prioritarios_Contratacoes_MCMV_FAR_FDS_RURAL_Semanal_20250926.csv
MONIT_MOV_FINANC_FAR_20250505.csv,OneDrive_2026-08-19 (3).zip,Novo MCMV - FAR/Arquivados/Arquivo 2025 - Financeiro/MONIT_MOV_FINANC_FAR_20250505.csv,.csv,dado_tabular_ou_serializado,far,nao_identificada,2025-05,nao_encontrado_no_minio_consultado,0,
MONIT_MOV_FINANC_FAR_20250520.csv,OneDrive_2026-08-19 (3).zip,Novo MCMV - FAR/Arquivados/Arquivo 2025 - Financeiro/MONIT_MOV_FINANC_FAR_20250520.csv,.csv,dado_tabular_ou_serializado,far,nao_identificada,2025-05,nao_encontrado_no_minio_consultado,0,
MONIT_MOV_FINANC_FAR_DIARIO_20251230_103003.CSV_Error.txt,OneDrive_2026-08-19 (3).zip,__Novo MCMV - FAR/Arquivados/Arquivo 2025 - Financeiro/MONIT_MOV_FINANC_FAR_DIARIO_20251230_103003.CSV_Error.txt,.txt,dado_tabular_ou_serializado,far,nao_identificada,2025-12,pista_semantica_mesma_frente_periodo_fonte,4,raw/sftp/fabrica/GEFUS/ANTERIORES/Dados_Prioritarios_Contratacoes_MCMV_FAR_FDS_RURAL_Semanal_20251205.csv | raw/sftp/fabrica/GEFUS/ANTERIORES/Dados_Prioritarios_Contratacoes_MCMV_FAR_FDS_RURAL_Semanal_20251212.csv | raw/sftp/fabrica/GEFUS/ANTERIORES/Dados_Prioritarios_Contratacoes_MCMV_FAR_FDS_RURAL_Semanal_20251219.csv | raw/sftp/fabrica/GEFUS/ANTERIORES/Dados_Prioritarios_Contratacoes_MCMV_FAR_FDS_RURAL_Semanal_20251226.csv
MONIT_MOV_FINANC_FAR_DIARIO_20251231_103003.CSV_Error.txt,OneDrive_2026-08-19 (3).zip,__Novo MCMV - FAR/Arquivados/Arquivo 2025 - Financeiro/MONIT_MOV_FINANC_FAR_DIARIO_20251231_103003.CSV_Error.txt,.txt,dado_tabular_ou_serializado,far,nao_identificada,2025-12,pista_semantica_mesma_frente_periodo_fonte,4,raw/sftp/fabrica/GEFUS/ANTERIORES/Dados_Prioritarios_Contratacoes_MCMV_FAR_FDS_RURAL_Semanal_20251205.csv | raw/sftp/fabrica/GEFUS/ANTERIORES/Dados_Prioritarios_Contratacoes_MCMV_FAR_FDS_RURAL_Semanal_20251212.csv | raw/sftp/fabrica/GEFUS/ANTERIORES/Dados_Prioritarios_Contratacoes_MCMV_FAR_FDS_RURAL_Semanal_20251219.csv | raw/sftp/fabrica/GEFUS/ANTERIORES/Dados_Prioritarios_Contratacoes_MCMV_FAR_FDS_RURAL_Semanal_20251226.csv
MONIT_MOV_FINANC_FAR_MENSAL_202512_103003.CSV_Error.txt,OneDrive_2026-08-19 (3).zip,__Novo MCMV - FAR/Arquivados/Arquivo 2025 - Financeiro/MONIT_MOV_FINANC_FAR_MENSAL_202512_103003.CSV_Error.txt,.txt,dado_tabular_ou_serializado,far,nao_identificada,2025-12,pista_semantica_mesma_frente_periodo_fonte,4,raw/sftp/fabrica/GEFUS/ANTERIORES/Dados_Prioritarios_Contratacoes_MCMV_FAR_FDS_RURAL_Semanal_20251205.csv | raw/sftp/fabrica/GEFUS/ANTERIORES/Dados_Prioritarios_Contratacoes_MCMV_FAR_FDS_RURAL_Semanal_20251212.csv | raw/sftp/fabrica/GEFUS/ANTERIORES/Dados_Prioritarios_Contratacoes_MCMV_FAR_FDS_RURAL_Semanal_20251219.csv | raw/sftp/fabrica/GEFUS/ANTERIORES/Dados_Prioritarios_Contratacoes_MCMV_FAR_FDS_RURAL_Semanal_20251226.csv
MONIT_MOV_FINANC_FAR_MENSAL_202601_103004.CSV_Error.txt,OneDrive_2026-08-19 (3).zip,__Novo MCMV - FAR/Arquivados/Arquivo 2025 - Financeiro/MONIT_MOV_FINANC_FAR_MENSAL_202601_103004.CSV_Error.txt,.txt,dado_tabular_ou_serializado,far,nao_identificada,2026-01,pista_semantica_mesma_frente_periodo_fonte,5,raw/sftp/fabrica/GEFUS/ANTERIORES/Dados_Prioritarios_Contratacoes_MCMV_FAR_FDS_RURAL_Semanal_20260102.csv | raw/sftp/fabrica/GEFUS/ANTERIORES/Dados_Prioritarios_Contratacoes_MCMV_FAR_FDS_RURAL_Semanal_20260109.csv | raw/sftp/fabrica/GEFUS/ANTERIORES/Dados_Prioritarios_Contratacoes_MCMV_FAR_FDS_RURAL_Semanal_20260116.csv | raw/sftp/fabrica/GEFUS/ANTERIORES/Dados_Prioritarios_Contratacoes_MCMV_FAR_FDS_RURAL_Semanal_20260123.csv | raw/sftp/fabrica/GEFUS/ANTERIORES/Dados_Prioritarios_Contratacoes_MCMV_FAR_FDS_RURAL_Semanal_20260130.csv
MOV_FINANCEIRA_FAR_20250710_040128.csv_Error.txt,OneDrive_2026-08-19 (3).zip,__Novo MCMV - FAR/Arquivados/Arquivo 2025 - Financeiro/MOV_FINANCEIRA_FAR_20250710_040128.csv_Error.txt,.txt,dado_tabular_ou_serializado,far,nao_identificada,2025-07,pista_semantica_mesma_frente_periodo_fonte,2,raw/sftp/fabrica/GEFUS/ANTERIORES/Dados_Prioritarios_Contratacoes_MCMV_FAR_FDS_RURAL_Semanal_20250730.xlsx | raw/sftp/fabrica/GEFUS/ANTERIORES/INT021_MinisterioCidades_FAR_BB_PF_20250731.TXT
MOV_FINANCEIRA_FAR_20250711_040126.csv_Error.txt,OneDrive_2026-08-19 (3).zip,__Novo MCMV - FAR/Arquivados/Arquivo 2025 - Financeiro/MOV_FINANCEIRA_FAR_20250711_040126.csv_Error.txt,.txt,dado_tabular_ou_serializado,far,nao_identificada,2025-07,pista_semantica_mesma_frente_periodo_fonte,2,raw/sftp/fabrica/GEFUS/ANTERIORES/Dados_Prioritarios_Contratacoes_MCMV_FAR_FDS_RURAL_Semanal_20250730.xlsx | raw/sftp/fabrica/GEFUS/ANTERIORES/INT021_MinisterioCidades_FAR_BB_PF_20250731.TXT
MOV_FINANCEIRA_FAR_20250714_040126.csv_Error.txt,OneDrive_2026-08-19 (3).zip,__Novo MCMV - FAR/Arquivados/Arquivo 2025 - Financeiro/MOV_FINANCEIRA_FAR_20250714_040126.csv_Error.txt,.txt,dado_tabular_ou_serializado,far,nao_identificada,2025-07,pista_semantica_mesma_frente_periodo_fonte,2,raw/sftp/fabrica/GEFUS/ANTERIORES/Dados_Prioritarios_Contratacoes_MCMV_FAR_FDS_RURAL_Semanal_20250730.xlsx | raw/sftp/fabrica/GEFUS/ANTERIORES/INT021_MinisterioCidades_FAR_BB_PF_20250731.TXT
MOV_FINANCEIRA_FAR_20250715_040126.csv_Error.txt,OneDrive_2026-08-19 (3).zip,__Novo MCMV - FAR/Arquivados/Arquivo 2025 - Financeiro/MOV_FINANCEIRA_FAR_20250715_040126.csv_Error.txt,.txt,dado_tabular_ou_serializado,far,nao_identificada,2025-07,pista_semantica_mesma_frente_periodo_fonte,2,raw/sftp/fabrica/GEFUS/ANTERIORES/Dados_Prioritarios_Contratacoes_MCMV_FAR_FDS_RURAL_Semanal_20250730.xlsx | raw/sftp/fabrica/GEFUS/ANTERIORES/INT021_MinisterioCidades_FAR_BB_PF_20250731.TXT
MOV_FINANCEIRA_FAR_20250716_040127.csv_Error.txt,OneDrive_2026-08-19 (3).zip,__Novo MCMV - FAR/Arquivados/Arquivo 2025 - Financeiro/MOV_FINANCEIRA_FAR_20250716_040127.csv_Error.txt,.txt,dado_tabular_ou_serializado,far,nao_identificada,2025-07,pista_semantica_mesma_frente_periodo_fonte,2,raw/sftp/fabrica/GEFUS/ANTERIORES/Dados_Prioritarios_Contratacoes_MCMV_FAR_FDS_RURAL_Semanal_20250730.xlsx | raw/sftp/fabrica/GEFUS/ANTERIORES/INT021_MinisterioCidades_FAR_BB_PF_20250731.TXT
MOV_FINANCEIRA_FAR_20250717_040138.csv_Error.txt,OneDrive_2026-08-19 (3).zip,__Novo MCMV - FAR/Arquivados/Arquivo 2025 - Financeiro/MOV_FINANCEIRA_FAR_20250717_040138.csv_Error.txt,.txt,dado_tabular_ou_serializado,far,nao_identificada,2025-07,pista_semantica_mesma_frente_periodo_fonte,2,raw/sftp/fabrica/GEFUS/ANTERIORES/Dados_Prioritarios_Contratacoes_MCMV_FAR_FDS_RURAL_Semanal_20250730.xlsx | raw/sftp/fabrica/GEFUS/ANTERIORES/INT021_MinisterioCidades_FAR_BB_PF_20250731.TXT
MOV_FINANCEIRA_FAR_20250718_040127.csv_Error.txt,OneDrive_2026-08-19 (3).zip,__Novo MCMV - FAR/Arquivados/Arquivo 2025 - Financeiro/MOV_FINANCEIRA_FAR_20250718_040127.csv_Error.txt,.txt,dado_tabular_ou_serializado,far,nao_identificada,2025-07,pista_semantica_mesma_frente_periodo_fonte,2,raw/sftp/fabrica/GEFUS/ANTERIORES/Dados_Prioritarios_Contratacoes_MCMV_FAR_FDS_RURAL_Semanal_20250730.xlsx | raw/sftp/fabrica/GEFUS/ANTERIORES/INT021_MinisterioCidades_FAR_BB_PF_20250731.TXT
MOV_FINANCEIRA_FAR_20250721_151715.csv_Error.txt,OneDrive_2026-08-19 (3).zip,__Novo MCMV - FAR/Arquivados/Arquivo 2025 - Financeiro/MOV_FINANCEIRA_FAR_20250721_151715.csv_Error.txt,.txt,dado_tabular_ou_serializado,far,nao_identificada,2025-07,pista_semantica_mesma_frente_periodo_fonte,2,raw/sftp/fabrica/GEFUS/ANTERIORES/Dados_Prioritarios_Contratacoes_MCMV_FAR_FDS_RURAL_Semanal_20250730.xlsx | raw/sftp/fabrica/GEFUS/ANTERIORES/INT021_MinisterioCidades_FAR_BB_PF_20250731.TXT
MOV_FINANCEIRA_FAR_20250723_040133.csv_Error.txt,OneDrive_2026-08-19 (3).zip,__Novo MCMV - FAR/Arquivados/Arquivo 2025 - Financeiro/MOV_FINANCEIRA_FAR_20250723_040133.csv_Error.txt,.txt,dado_tabular_ou_serializado,far,nao_identificada,2025-07,pista_semantica_mesma_frente_periodo_fonte,2,raw/sftp/fabrica/GEFUS/ANTERIORES/Dados_Prioritarios_Contratacoes_MCMV_FAR_FDS_RURAL_Semanal_20250730.xlsx | raw/sftp/fabrica/GEFUS/ANTERIORES/INT021_MinisterioCidades_FAR_BB_PF_20250731.TXT
MOV_FINANCEIRA_FAR_20250724_040141.csv_Error.txt,OneDrive_2026-08-19 (3).zip,__Novo MCMV - FAR/Arquivados/Arquivo 2025 - Financeiro/MOV_FINANCEIRA_FAR_20250724_040141.csv_Error.txt,.txt,dado_tabular_ou_serializado,far,nao_identificada,2025-07,pista_semantica_mesma_frente_periodo_fonte,2,raw/sftp/fabrica/GEFUS/ANTERIORES/Dados_Prioritarios_Contratacoes_MCMV_FAR_FDS_RURAL_Semanal_20250730.xlsx | raw/sftp/fabrica/GEFUS/ANTERIORES/INT021_MinisterioCidades_FAR_BB_PF_20250731.TXT
MOV_FINANCEIRA_FAR_20250728_040131.csv_Error.txt,OneDrive_2026-08-19 (3).zip,__Novo MCMV - FAR/Arquivados/Arquivo 2025 - Financeiro/MOV_FINANCEIRA_FAR_20250728_040131.csv_Error.txt,.txt,dado_tabular_ou_serializado,far,nao_identificada,2025-07,pista_semantica_mesma_frente_periodo_fonte,2,raw/sftp/fabrica/GEFUS/ANTERIORES/Dados_Prioritarios_Contratacoes_MCMV_FAR_FDS_RURAL_Semanal_20250730.xlsx | raw/sftp/fabrica/GEFUS/ANTERIORES/INT021_MinisterioCidades_FAR_BB_PF_20250731.TXT
MOV_FINANCEIRA_FAR_20250729_040129.csv_Error.txt,OneDrive_2026-08-19 (3).zip,__Novo MCMV - FAR/Arquivados/Arquivo 2025 - Financeiro/MOV_FINANCEIRA_FAR_20250729_040129.csv_Error.txt,.txt,dado_tabular_ou_serializado,far,nao_identificada,2025-07,pista_semantica_mesma_frente_periodo_fonte,2,raw/sftp/fabrica/GEFUS/ANTERIORES/Dados_Prioritarios_Contratacoes_MCMV_FAR_FDS_RURAL_Semanal_20250730.xlsx | raw/sftp/fabrica/GEFUS/ANTERIORES/INT021_MinisterioCidades_FAR_BB_PF_20250731.TXT
MOV_FINANCEIRA_FAR_20250730_040139.csv_Error.txt,OneDrive_2026-08-19 (3).zip,__Novo MCMV - FAR/Arquivados/Arquivo 2025 - Financeiro/MOV_FINANCEIRA_FAR_20250730_040139.csv_Error.txt,.txt,dado_tabular_ou_serializado,far,nao_identificada,2025-07,pista_semantica_mesma_frente_periodo_fonte,2,raw/sftp/fabrica/GEFUS/ANTERIORES/Dados_Prioritarios_Contratacoes_MCMV_FAR_FDS_RURAL_Semanal_20250730.xlsx | raw/sftp/fabrica/GEFUS/ANTERIORES/INT021_MinisterioCidades_FAR_BB_PF_20250731.TXT
MOV_FINANCEIRA_FAR_20250731_040132.csv_Error.txt,OneDrive_2026-08-19 (3).zip,__Novo MCMV - FAR/Arquivados/Arquivo 2025 - Financeiro/MOV_FINANCEIRA_FAR_20250731_040132.csv_Error.txt,.txt,dado_tabular_ou_serializado,far,nao_identificada,2025-07,pista_semantica_mesma_frente_periodo_fonte,2,raw/sftp/fabrica/GEFUS/ANTERIORES/Dados_Prioritarios_Contratacoes_MCMV_FAR_FDS_RURAL_Semanal_20250730.xlsx | raw/sftp/fabrica/GEFUS/ANTERIORES/INT021_MinisterioCidades_FAR_BB_PF_20250731.TXT
MOV_FINANCEIRA_FAR_20250801_040143.csv_Error.txt,OneDrive_2026-08-19 (3).zip,__Novo MCMV - FAR/Arquivados/Arquivo 2025 - Financeiro/MOV_FINANCEIRA_FAR_20250801_040143.csv_Error.txt,.txt,dado_tabular_ou_serializado,far,nao_identificada,2025-08,pista_semantica_mesma_frente_periodo_fonte,3,raw/sftp/fabrica/GEFUS/ANTERIORES/Dados_Prioritarios_Contratacoes_MCMV_FAR_FDS_RURAL_Semanal_20250815.csv | raw/sftp/fabrica/GEFUS/ANTERIORES/Dados_Prioritarios_Contratacoes_MCMV_FAR_FDS_RURAL_Semanal_20250822.csv | raw/sftp/fabrica/GEFUS/ANTERIORES/Dados_Prioritarios_Contratacoes_MCMV_FAR_FDS_RURAL_Semanal_20250829.csv
MOV_FINANCEIRA_FAR_20250804_040158.csv_Error.txt,OneDrive_2026-08-19 (3).zip,__Novo MCMV - FAR/Arquivados/Arquivo 2025 - Financeiro/MOV_FINANCEIRA_FAR_20250804_040158.csv_Error.txt,.txt,dado_tabular_ou_serializado,far,nao_identificada,2025-08,pista_semantica_mesma_frente_periodo_fonte,3,raw/sftp/fabrica/GEFUS/ANTERIORES/Dados_Prioritarios_Contratacoes_MCMV_FAR_FDS_RURAL_Semanal_20250815.csv | raw/sftp/fabrica/GEFUS/ANTERIORES/Dados_Prioritarios_Contratacoes_MCMV_FAR_FDS_RURAL_Semanal_20250822.csv | raw/sftp/fabrica/GEFUS/ANTERIORES/Dados_Prioritarios_Contratacoes_MCMV_FAR_FDS_RURAL_Semanal_20250829.csv
MOV_FINANCEIRA_FAR_20250805_040141.csv_Error.txt,OneDrive_2026-08-19 (3).zip,__Novo MCMV - FAR/Arquivados/Arquivo 2025 - Financeiro/MOV_FINANCEIRA_FAR_20250805_040141.csv_Error.txt,.txt,dado_tabular_ou_serializado,far,nao_identificada,2025-08,pista_semantica_mesma_frente_periodo_fonte,3,raw/sftp/fabrica/GEFUS/ANTERIORES/Dados_Prioritarios_Contratacoes_MCMV_FAR_FDS_RURAL_Semanal_20250815.csv | raw/sftp/fabrica/GEFUS/ANTERIORES/Dados_Prioritarios_Contratacoes_MCMV_FAR_FDS_RURAL_Semanal_20250822.csv | raw/sftp/fabrica/GEFUS/ANTERIORES/Dados_Prioritarios_Contratacoes_MCMV_FAR_FDS_RURAL_Semanal_20250829.csv
MOV_FINANCEIRA_FAR_20250806_040144.csv_Error.txt,OneDrive_2026-08-19 (3).zip,__Novo MCMV - FAR/Arquivados/Arquivo 2025 - Financeiro/MOV_FINANCEIRA_FAR_20250806_040144.csv_Error.txt,.txt,dado_tabular_ou_serializado,far,nao_identificada,2025-08,pista_semantica_mesma_frente_periodo_fonte,3,raw/sftp/fabrica/GEFUS/ANTERIORES/Dados_Prioritarios_Contratacoes_MCMV_FAR_FDS_RURAL_Semanal_20250815.csv | raw/sftp/fabrica/GEFUS/ANTERIORES/Dados_Prioritarios_Contratacoes_MCMV_FAR_FDS_RURAL_Semanal_20250822.csv | raw/sftp/fabrica/GEFUS/ANTERIORES/Dados_Prioritarios_Contratacoes_MCMV_FAR_FDS_RURAL_Semanal_20250829.csv
MOV_FINANCEIRA_FAR_20250807_040144.csv_Error.txt,OneDrive_2026-08-19 (3).zip,__Novo MCMV - FAR/Arquivados/Arquivo 2025 - Financeiro/MOV_FINANCEIRA_FAR_20250807_040144.csv_Error.txt,.txt,dado_tabular_ou_serializado,far,nao_identificada,2025-08,pista_semantica_mesma_frente_periodo_fonte,3,raw/sftp/fabrica/GEFUS/ANTERIORES/Dados_Prioritarios_Contratacoes_MCMV_FAR_FDS_RURAL_Semanal_20250815.csv | raw/sftp/fabrica/GEFUS/ANTERIORES/Dados_Prioritarios_Contratacoes_MCMV_FAR_FDS_RURAL_Semanal_20250822.csv | raw/sftp/fabrica/GEFUS/ANTERIORES/Dados_Prioritarios_Contratacoes_MCMV_FAR_FDS_RURAL_Semanal_20250829.csv
MOV_FINANCEIRA_FAR_20250808_040133.csv_Error.txt,OneDrive_2026-08-19 (3).zip,__Novo MCMV - FAR/Arquivados/Arquivo 2025 - Financeiro/MOV_FINANCEIRA_FAR_20250808_040133.csv_Error.txt,.txt,dado_tabular_ou_serializado,far,nao_identificada,2025-08,pista_semantica_mesma_frente_periodo_fonte,3,raw/sftp/fabrica/GEFUS/ANTERIORES/Dados_Prioritarios_Contratacoes_MCMV_FAR_FDS_RURAL_Semanal_20250815.csv | raw/sftp/fabrica/GEFUS/ANTERIORES/Dados_Prioritarios_Contratacoes_MCMV_FAR_FDS_RURAL_Semanal_20250822.csv | raw/sftp/fabrica/GEFUS/ANTERIORES/Dados_Prioritarios_Contratacoes_MCMV_FAR_FDS_RURAL_Semanal_20250829.csv
MOV_FINANCEIRA_FAR_20250811_040139.csv_Error.txt,OneDrive_2026-08-19 (3).zip,__Novo MCMV - FAR/Arquivados/Arquivo 2025 - Financeiro/MOV_FINANCEIRA_FAR_20250811_040139.csv_Error.txt,.txt,dado_tabular_ou_serializado,far,nao_identificada,2025-08,pista_semantica_mesma_frente_periodo_fonte,3,raw/sftp/fabrica/GEFUS/ANTERIORES/Dados_Prioritarios_Contratacoes_MCMV_FAR_FDS_RURAL_Semanal_20250815.csv | raw/sftp/fabrica/GEFUS/ANTERIORES/Dados_Prioritarios_Contratacoes_MCMV_FAR_FDS_RURAL_Semanal_20250822.csv | raw/sftp/fabrica/GEFUS/ANTERIORES/Dados_Prioritarios_Contratacoes_MCMV_FAR_FDS_RURAL_Semanal_20250829.csv
MOV_FINANCEIRA_FAR_20250812_040147.csv_Error.txt,OneDrive_2026-08-19 (3).zip,__Novo MCMV - FAR/Arquivados/Arquivo 2025 - Financeiro/MOV_FINANCEIRA_FAR_20250812_040147.csv_Error.txt,.txt,dado_tabular_ou_serializado,far,nao_identificada,2025-08,pista_semantica_mesma_frente_periodo_fonte,3,raw/sftp/fabrica/GEFUS/ANTERIORES/Dados_Prioritarios_Contratacoes_MCMV_FAR_FDS_RURAL_Semanal_20250815.csv | raw/sftp/fabrica/GEFUS/ANTERIORES/Dados_Prioritarios_Contratacoes_MCMV_FAR_FDS_RURAL_Semanal_20250822.csv | raw/sftp/fabrica/GEFUS/ANTERIORES/Dados_Prioritarios_Contratacoes_MCMV_FAR_FDS_RURAL_Semanal_20250829.csv
MOV_FINANCEIRA_FAR_20250813_040134.csv_Error.txt,OneDrive_2026-08-19 (3).zip,__Novo MCMV - FAR/Arquivados/Arquivo 2025 - Financeiro/MOV_FINANCEIRA_FAR_20250813_040134.csv_Error.txt,.txt,dado_tabular_ou_serializado,far,nao_identificada,2025-08,pista_semantica_mesma_frente_periodo_fonte,3,raw/sftp/fabrica/GEFUS/ANTERIORES/Dados_Prioritarios_Contratacoes_MCMV_FAR_FDS_RURAL_Semanal_20250815.csv | raw/sftp/fabrica/GEFUS/ANTERIORES/Dados_Prioritarios_Contratacoes_MCMV_FAR_FDS_RURAL_Semanal_20250822.csv | raw/sftp/fabrica/GEFUS/ANTERIORES/Dados_Prioritarios_Contratacoes_MCMV_FAR_FDS_RURAL_Semanal_20250829.csv
MOV_FINANCEIRA_FAR_20250814_040144.csv_Error.txt,OneDrive_2026-08-19 (3).zip,__Novo MCMV - FAR/Arquivados/Arquivo 2025 - Financeiro/MOV_FINANCEIRA_FAR_20250814_040144.csv_Error.txt,.txt,dado_tabular_ou_serializado,far,nao_identificada,2025-08,pista_semantica_mesma_frente_periodo_fonte,3,raw/sftp/fabrica/GEFUS/ANTERIORES/Dados_Prioritarios_Contratacoes_MCMV_FAR_FDS_RURAL_Semanal_20250815.csv | raw/sftp/fabrica/GEFUS/ANTERIORES/Dados_Prioritarios_Contratacoes_MCMV_FAR_FDS_RURAL_Semanal_20250822.csv | raw/sftp/fabrica/GEFUS/ANTERIORES/Dados_Prioritarios_Contratacoes_MCMV_FAR_FDS_RURAL_Semanal_20250829.csv
MOV_FINANCEIRA_FAR_20250815_040133.csv_Error.txt,OneDrive_2026-08-19 (3).zip,__Novo MCMV - FAR/Arquivados/Arquivo 2025 - Financeiro/MOV_FINANCEIRA_FAR_20250815_040133.csv_Error.txt,.txt,dado_tabular_ou_serializado,far,nao_identificada,2025-08,pista_semantica_mesma_frente_periodo_fonte,3,raw/sftp/fabrica/GEFUS/ANTERIORES/Dados_Prioritarios_Contratacoes_MCMV_FAR_FDS_RURAL_Semanal_20250815.csv | raw/sftp/fabrica/GEFUS/ANTERIORES/Dados_Prioritarios_Contratacoes_MCMV_FAR_FDS_RURAL_Semanal_20250822.csv | raw/sftp/fabrica/GEFUS/ANTERIORES/Dados_Prioritarios_Contratacoes_MCMV_FAR_FDS_RURAL_Semanal_20250829.csv
MOV_FINANCEIRA_FAR_20250818_040135.csv_Error.txt,OneDrive_2026-08-19 (3).zip,__Novo MCMV - FAR/Arquivados/Arquivo 2025 - Financeiro/MOV_FINANCEIRA_FAR_20250818_040135.csv_Error.txt,.txt,dado_tabular_ou_serializado,far,nao_identificada,2025-08,pista_semantica_mesma_frente_periodo_fonte,3,raw/sftp/fabrica/GEFUS/ANTERIORES/Dados_Prioritarios_Contratacoes_MCMV_FAR_FDS_RURAL_Semanal_20250815.csv | raw/sftp/fabrica/GEFUS/ANTERIORES/Dados_Prioritarios_Contratacoes_MCMV_FAR_FDS_RURAL_Semanal_20250822.csv | raw/sftp/fabrica/GEFUS/ANTERIORES/Dados_Prioritarios_Contratacoes_MCMV_FAR_FDS_RURAL_Semanal_20250829.csv
MOV_FINANCEIRA_FAR_20250819_040125.csv_Error.txt,OneDrive_2026-08-19 (3).zip,__Novo MCMV - FAR/Arquivados/Arquivo 2025 - Financeiro/MOV_FINANCEIRA_FAR_20250819_040125.csv_Error.txt,.txt,dado_tabular_ou_serializado,far,nao_identificada,2025-08,pista_semantica_mesma_frente_periodo_fonte,3,raw/sftp/fabrica/GEFUS/ANTERIORES/Dados_Prioritarios_Contratacoes_MCMV_FAR_FDS_RURAL_Semanal_20250815.csv | raw/sftp/fabrica/GEFUS/ANTERIORES/Dados_Prioritarios_Contratacoes_MCMV_FAR_FDS_RURAL_Semanal_20250822.csv | raw/sftp/fabrica/GEFUS/ANTERIORES/Dados_Prioritarios_Contratacoes_MCMV_FAR_FDS_RURAL_Semanal_20250829.csv
MOV_FINANCEIRA_FAR_20250820_040129.csv_Error.txt,OneDrive_2026-08-19 (3).zip,__Novo MCMV - FAR/Arquivados/Arquivo 2025 - Financeiro/MOV_FINANCEIRA_FAR_20250820_040129.csv_Error.txt,.txt,dado_tabular_ou_serializado,far,nao_identificada,2025-08,pista_semantica_mesma_frente_periodo_fonte,3,raw/sftp/fabrica/GEFUS/ANTERIORES/Dados_Prioritarios_Contratacoes_MCMV_FAR_FDS_RURAL_Semanal_20250815.csv | raw/sftp/fabrica/GEFUS/ANTERIORES/Dados_Prioritarios_Contratacoes_MCMV_FAR_FDS_RURAL_Semanal_20250822.csv | raw/sftp/fabrica/GEFUS/ANTERIORES/Dados_Prioritarios_Contratacoes_MCMV_FAR_FDS_RURAL_Semanal_20250829.csv
MOV_FINANCEIRA_FAR_20250821_040130.csv_Error.txt,OneDrive_2026-08-19 (3).zip,__Novo MCMV - FAR/Arquivados/Arquivo 2025 - Financeiro/MOV_FINANCEIRA_FAR_20250821_040130.csv_Error.txt,.txt,dado_tabular_ou_serializado,far,nao_identificada,2025-08,pista_semantica_mesma_frente_periodo_fonte,3,raw/sftp/fabrica/GEFUS/ANTERIORES/Dados_Prioritarios_Contratacoes_MCMV_FAR_FDS_RURAL_Semanal_20250815.csv | raw/sftp/fabrica/GEFUS/ANTERIORES/Dados_Prioritarios_Contratacoes_MCMV_FAR_FDS_RURAL_Semanal_20250822.csv | raw/sftp/fabrica/GEFUS/ANTERIORES/Dados_Prioritarios_Contratacoes_MCMV_FAR_FDS_RURAL_Semanal_20250829.csv
MOV_FINANCEIRA_FAR_20250822_040241.csv_Error.txt,OneDrive_2026-08-19 (3).zip,__Novo MCMV - FAR/Arquivados/Arquivo 2025 - Financeiro/MOV_FINANCEIRA_FAR_20250822_040241.csv_Error.txt,.txt,dado_tabular_ou_serializado,far,nao_identificada,2025-08,pista_semantica_mesma_frente_periodo_fonte,3,raw/sftp/fabrica/GEFUS/ANTERIORES/Dados_Prioritarios_Contratacoes_MCMV_FAR_FDS_RURAL_Semanal_20250815.csv | raw/sftp/fabrica/GEFUS/ANTERIORES/Dados_Prioritarios_Contratacoes_MCMV_FAR_FDS_RURAL_Semanal_20250822.csv | raw/sftp/fabrica/GEFUS/ANTERIORES/Dados_Prioritarios_Contratacoes_MCMV_FAR_FDS_RURAL_Semanal_20250829.csv
MOV_FINANCEIRA_FAR_20250825_040258.csv_Error.txt,OneDrive_2026-08-19 (3).zip,__Novo MCMV - FAR/Arquivados/Arquivo 2025 - Financeiro/MOV_FINANCEIRA_FAR_20250825_040258.csv_Error.txt,.txt,dado_tabular_ou_serializado,far,nao_identificada,2025-08,pista_semantica_mesma_frente_periodo_fonte,3,raw/sftp/fabrica/GEFUS/ANTERIORES/Dados_Prioritarios_Contratacoes_MCMV_FAR_FDS_RURAL_Semanal_20250815.csv | raw/sftp/fabrica/GEFUS/ANTERIORES/Dados_Prioritarios_Contratacoes_MCMV_FAR_FDS_RURAL_Semanal_20250822.csv | raw/sftp/fabrica/GEFUS/ANTERIORES/Dados_Prioritarios_Contratacoes_MCMV_FAR_FDS_RURAL_Semanal_20250829.csv
MOV_FINANCEIRA_FAR_20250826_040156.csv_Error.txt,OneDrive_2026-08-19 (3).zip,__Novo MCMV - FAR/Arquivados/Arquivo 2025 - Financeiro/MOV_FINANCEIRA_FAR_20250826_040156.csv_Error.txt,.txt,dado_tabular_ou_serializado,far,nao_identificada,2025-08,pista_semantica_mesma_frente_periodo_fonte,3,raw/sftp/fabrica/GEFUS/ANTERIORES/Dados_Prioritarios_Contratacoes_MCMV_FAR_FDS_RURAL_Semanal_20250815.csv | raw/sftp/fabrica/GEFUS/ANTERIORES/Dados_Prioritarios_Contratacoes_MCMV_FAR_FDS_RURAL_Semanal_20250822.csv | raw/sftp/fabrica/GEFUS/ANTERIORES/Dados_Prioritarios_Contratacoes_MCMV_FAR_FDS_RURAL_Semanal_20250829.csv
MOV_FINANCEIRA_FAR_20250828_040202.csv_Error.txt,OneDrive_2026-08-19 (3).zip,__Novo MCMV - FAR/Arquivados/Arquivo 2025 - Financeiro/MOV_FINANCEIRA_FAR_20250828_040202.csv_Error.txt,.txt,dado_tabular_ou_serializado,far,nao_identificada,2025-08,pista_semantica_mesma_frente_periodo_fonte,3,raw/sftp/fabrica/GEFUS/ANTERIORES/Dados_Prioritarios_Contratacoes_MCMV_FAR_FDS_RURAL_Semanal_20250815.csv | raw/sftp/fabrica/GEFUS/ANTERIORES/Dados_Prioritarios_Contratacoes_MCMV_FAR_FDS_RURAL_Semanal_20250822.csv | raw/sftp/fabrica/GEFUS/ANTERIORES/Dados_Prioritarios_Contratacoes_MCMV_FAR_FDS_RURAL_Semanal_20250829.csv
MOV_FINANCEIRA_FAR_20250829_040356.csv_Error.txt,OneDrive_2026-08-19 (3).zip,__Novo MCMV - FAR/Arquivados/Arquivo 2025 - Financeiro/MOV_FINANCEIRA_FAR_20250829_040356.csv_Error.txt,.txt,dado_tabular_ou_serializado,far,nao_identificada,2025-08,pista_semantica_mesma_frente_periodo_fonte,3,raw/sftp/fabrica/GEFUS/ANTERIORES/Dados_Prioritarios_Contratacoes_MCMV_FAR_FDS_RURAL_Semanal_20250815.csv | raw/sftp/fabrica/GEFUS/ANTERIORES/Dados_Prioritarios_Contratacoes_MCMV_FAR_FDS_RURAL_Semanal_20250822.csv | raw/sftp/fabrica/GEFUS/ANTERIORES/Dados_Prioritarios_Contratacoes_MCMV_FAR_FDS_RURAL_Semanal_20250829.csv
MOV_FINANCEIRA_FAR_20250901_040159.csv_Error.txt,OneDrive_2026-08-19 (3).zip,__Novo MCMV - FAR/Arquivados/Arquivo 2025 - Financeiro/MOV_FINANCEIRA_FAR_20250901_040159.csv_Error.txt,.txt,dado_tabular_ou_serializado,far,nao_identificada,2025-09,pista_semantica_mesma_frente_periodo_fonte,4,raw/sftp/fabrica/GEFUS/ANTERIORES/Dados_Prioritarios_Contratacoes_MCMV_FAR_FDS_RURAL_Semanal_20250905.csv | raw/sftp/fabrica/GEFUS/ANTERIORES/Dados_Prioritarios_Contratacoes_MCMV_FAR_FDS_RURAL_Semanal_20250912.csv | raw/sftp/fabrica/GEFUS/ANTERIORES/Dados_Prioritarios_Contratacoes_MCMV_FAR_FDS_RURAL_Semanal_20250919.csv | raw/sftp/fabrica/GEFUS/ANTERIORES/Dados_Prioritarios_Contratacoes_MCMV_FAR_FDS_RURAL_Semanal_20250926.csv
MOV_FINANCEIRA_FAR_20250902_040129.csv_Error.txt,OneDrive_2026-08-19 (3).zip,__Novo MCMV - FAR/Arquivados/Arquivo 2025 - Financeiro/MOV_FINANCEIRA_FAR_20250902_040129.csv_Error.txt,.txt,dado_tabular_ou_serializado,far,nao_identificada,2025-09,pista_semantica_mesma_frente_periodo_fonte,4,raw/sftp/fabrica/GEFUS/ANTERIORES/Dados_Prioritarios_Contratacoes_MCMV_FAR_FDS_RURAL_Semanal_20250905.csv | raw/sftp/fabrica/GEFUS/ANTERIORES/Dados_Prioritarios_Contratacoes_MCMV_FAR_FDS_RURAL_Semanal_20250912.csv | raw/sftp/fabrica/GEFUS/ANTERIORES/Dados_Prioritarios_Contratacoes_MCMV_FAR_FDS_RURAL_Semanal_20250919.csv | raw/sftp/fabrica/GEFUS/ANTERIORES/Dados_Prioritarios_Contratacoes_MCMV_FAR_FDS_RURAL_Semanal_20250926.csv
MOV_FINANCEIRA_FAR_20250903_040234.csv_Error.txt,OneDrive_2026-08-19 (3).zip,__Novo MCMV - FAR/Arquivados/Arquivo 2025 - Financeiro/MOV_FINANCEIRA_FAR_20250903_040234.csv_Error.txt,.txt,dado_tabular_ou_serializado,far,nao_identificada,2025-09,pista_semantica_mesma_frente_periodo_fonte,4,raw/sftp/fabrica/GEFUS/ANTERIORES/Dados_Prioritarios_Contratacoes_MCMV_FAR_FDS_RURAL_Semanal_20250905.csv | raw/sftp/fabrica/GEFUS/ANTERIORES/Dados_Prioritarios_Contratacoes_MCMV_FAR_FDS_RURAL_Semanal_20250912.csv | raw/sftp/fabrica/GEFUS/ANTERIORES/Dados_Prioritarios_Contratacoes_MCMV_FAR_FDS_RURAL_Semanal_20250919.csv | raw/sftp/fabrica/GEFUS/ANTERIORES/Dados_Prioritarios_Contratacoes_MCMV_FAR_FDS_RURAL_Semanal_20250926.csv
MOV_FINANCEIRA_FAR_20250904_040124.csv_Error.txt,OneDrive_2026-08-19 (3).zip,__Novo MCMV - FAR/Arquivados/Arquivo 2025 - Financeiro/MOV_FINANCEIRA_FAR_20250904_040124.csv_Error.txt,.txt,dado_tabular_ou_serializado,far,nao_identificada,2025-09,pista_semantica_mesma_frente_periodo_fonte,4,raw/sftp/fabrica/GEFUS/ANTERIORES/Dados_Prioritarios_Contratacoes_MCMV_FAR_FDS_RURAL_Semanal_20250905.csv | raw/sftp/fabrica/GEFUS/ANTERIORES/Dados_Prioritarios_Contratacoes_MCMV_FAR_FDS_RURAL_Semanal_20250912.csv | raw/sftp/fabrica/GEFUS/ANTERIORES/Dados_Prioritarios_Contratacoes_MCMV_FAR_FDS_RURAL_Semanal_20250919.csv | raw/sftp/fabrica/GEFUS/ANTERIORES/Dados_Prioritarios_Contratacoes_MCMV_FAR_FDS_RURAL_Semanal_20250926.csv
MOV_FINANCEIRA_FAR_20250905_040126.csv_Error.txt,OneDrive_2026-08-19 (3).zip,__Novo MCMV - FAR/Arquivados/Arquivo 2025 - Financeiro/MOV_FINANCEIRA_FAR_20250905_040126.csv_Error.txt,.txt,dado_tabular_ou_serializado,far,nao_identificada,2025-09,pista_semantica_mesma_frente_periodo_fonte,4,raw/sftp/fabrica/GEFUS/ANTERIORES/Dados_Prioritarios_Contratacoes_MCMV_FAR_FDS_RURAL_Semanal_20250905.csv | raw/sftp/fabrica/GEFUS/ANTERIORES/Dados_Prioritarios_Contratacoes_MCMV_FAR_FDS_RURAL_Semanal_20250912.csv | raw/sftp/fabrica/GEFUS/ANTERIORES/Dados_Prioritarios_Contratacoes_MCMV_FAR_FDS_RURAL_Semanal_20250919.csv | raw/sftp/fabrica/GEFUS/ANTERIORES/Dados_Prioritarios_Contratacoes_MCMV_FAR_FDS_RURAL_Semanal_20250926.csv
MOV_FINANCEIRA_FAR_20250908_040222.csv_Error.txt,OneDrive_2026-08-19 (3).zip,__Novo MCMV - FAR/Arquivados/Arquivo 2025 - Financeiro/MOV_FINANCEIRA_FAR_20250908_040222.csv_Error.txt,.txt,dado_tabular_ou_serializado,far,nao_identificada,2025-09,pista_semantica_mesma_frente_periodo_fonte,4,raw/sftp/fabrica/GEFUS/ANTERIORES/Dados_Prioritarios_Contratacoes_MCMV_FAR_FDS_RURAL_Semanal_20250905.csv | raw/sftp/fabrica/GEFUS/ANTERIORES/Dados_Prioritarios_Contratacoes_MCMV_FAR_FDS_RURAL_Semanal_20250912.csv | raw/sftp/fabrica/GEFUS/ANTERIORES/Dados_Prioritarios_Contratacoes_MCMV_FAR_FDS_RURAL_Semanal_20250919.csv | raw/sftp/fabrica/GEFUS/ANTERIORES/Dados_Prioritarios_Contratacoes_MCMV_FAR_FDS_RURAL_Semanal_20250926.csv
MOV_FINANCEIRA_FAR_20250909_040129.csv_Error.txt,OneDrive_2026-08-19 (3).zip,__Novo MCMV - FAR/Arquivados/Arquivo 2025 - Financeiro/MOV_FINANCEIRA_FAR_20250909_040129.csv_Error.txt,.txt,dado_tabular_ou_serializado,far,nao_identificada,2025-09,pista_semantica_mesma_frente_periodo_fonte,4,raw/sftp/fabrica/GEFUS/ANTERIORES/Dados_Prioritarios_Contratacoes_MCMV_FAR_FDS_RURAL_Semanal_20250905.csv | raw/sftp/fabrica/GEFUS/ANTERIORES/Dados_Prioritarios_Contratacoes_MCMV_FAR_FDS_RURAL_Semanal_20250912.csv | raw/sftp/fabrica/GEFUS/ANTERIORES/Dados_Prioritarios_Contratacoes_MCMV_FAR_FDS_RURAL_Semanal_20250919.csv | raw/sftp/fabrica/GEFUS/ANTERIORES/Dados_Prioritarios_Contratacoes_MCMV_FAR_FDS_RURAL_Semanal_20250926.csv
MOV_FINANCEIRA_FAR_20250910_133847.csv_Error.txt,OneDrive_2026-08-19 (3).zip,__Novo MCMV - FAR/Arquivados/Arquivo 2025 - Financeiro/MOV_FINANCEIRA_FAR_20250910_133847.csv_Error.txt,.txt,dado_tabular_ou_serializado,far,nao_identificada,2025-09,pista_semantica_mesma_frente_periodo_fonte,4,raw/sftp/fabrica/GEFUS/ANTERIORES/Dados_Prioritarios_Contratacoes_MCMV_FAR_FDS_RURAL_Semanal_20250905.csv | raw/sftp/fabrica/GEFUS/ANTERIORES/Dados_Prioritarios_Contratacoes_MCMV_FAR_FDS_RURAL_Semanal_20250912.csv | raw/sftp/fabrica/GEFUS/ANTERIORES/Dados_Prioritarios_Contratacoes_MCMV_FAR_FDS_RURAL_Semanal_20250919.csv | raw/sftp/fabrica/GEFUS/ANTERIORES/Dados_Prioritarios_Contratacoes_MCMV_FAR_FDS_RURAL_Semanal_20250926.csv
MOV_FINANCEIRA_FAR_20250912_040131.csv_Error.txt,OneDrive_2026-08-19 (3).zip,__Novo MCMV - FAR/Arquivados/Arquivo 2025 - Financeiro/MOV_FINANCEIRA_FAR_20250912_040131.csv_Error.txt,.txt,dado_tabular_ou_serializado,far,nao_identificada,2025-09,pista_semantica_mesma_frente_periodo_fonte,4,raw/sftp/fabrica/GEFUS/ANTERIORES/Dados_Prioritarios_Contratacoes_MCMV_FAR_FDS_RURAL_Semanal_20250905.csv | raw/sftp/fabrica/GEFUS/ANTERIORES/Dados_Prioritarios_Contratacoes_MCMV_FAR_FDS_RURAL_Semanal_20250912.csv | raw/sftp/fabrica/GEFUS/ANTERIORES/Dados_Prioritarios_Contratacoes_MCMV_FAR_FDS_RURAL_Semanal_20250919.csv | raw/sftp/fabrica/GEFUS/ANTERIORES/Dados_Prioritarios_Contratacoes_MCMV_FAR_FDS_RURAL_Semanal_20250926.csv
MOV_FINANCEIRA_FAR_20250915_040155.csv_Error.txt,OneDrive_2026-08-19 (3).zip,__Novo MCMV - FAR/Arquivados/Arquivo 2025 - Financeiro/MOV_FINANCEIRA_FAR_20250915_040155.csv_Error.txt,.txt,dado_tabular_ou_serializado,far,nao_identificada,2025-09,pista_semantica_mesma_frente_periodo_fonte,4,raw/sftp/fabrica/GEFUS/ANTERIORES/Dados_Prioritarios_Contratacoes_MCMV_FAR_FDS_RURAL_Semanal_20250905.csv | raw/sftp/fabrica/GEFUS/ANTERIORES/Dados_Prioritarios_Contratacoes_MCMV_FAR_FDS_RURAL_Semanal_20250912.csv | raw/sftp/fabrica/GEFUS/ANTERIORES/Dados_Prioritarios_Contratacoes_MCMV_FAR_FDS_RURAL_Semanal_20250919.csv | raw/sftp/fabrica/GEFUS/ANTERIORES/Dados_Prioritarios_Contratacoes_MCMV_FAR_FDS_RURAL_Semanal_20250926.csv
MOV_FINANCEIRA_FAR_20250916_040157.csv_Error.txt,OneDrive_2026-08-19 (3).zip,__Novo MCMV - FAR/Arquivados/Arquivo 2025 - Financeiro/MOV_FINANCEIRA_FAR_20250916_040157.csv_Error.txt,.txt,dado_tabular_ou_serializado,far,nao_identificada,2025-09,pista_semantica_mesma_frente_periodo_fonte,4,raw/sftp/fabrica/GEFUS/ANTERIORES/Dados_Prioritarios_Contratacoes_MCMV_FAR_FDS_RURAL_Semanal_20250905.csv | raw/sftp/fabrica/GEFUS/ANTERIORES/Dados_Prioritarios_Contratacoes_MCMV_FAR_FDS_RURAL_Semanal_20250912.csv | raw/sftp/fabrica/GEFUS/ANTERIORES/Dados_Prioritarios_Contratacoes_MCMV_FAR_FDS_RURAL_Semanal_20250919.csv | raw/sftp/fabrica/GEFUS/ANTERIORES/Dados_Prioritarios_Contratacoes_MCMV_FAR_FDS_RURAL_Semanal_20250926.csv
MOV_FINANCEIRA_FAR_20250917_040201.csv_Error.txt,OneDrive_2026-08-19 (3).zip,__Novo MCMV - FAR/Arquivados/Arquivo 2025 - Financeiro/MOV_FINANCEIRA_FAR_20250917_040201.csv_Error.txt,.txt,dado_tabular_ou_serializado,far,nao_identificada,2025-09,pista_semantica_mesma_frente_periodo_fonte,4,raw/sftp/fabrica/GEFUS/ANTERIORES/Dados_Prioritarios_Contratacoes_MCMV_FAR_FDS_RURAL_Semanal_20250905.csv | raw/sftp/fabrica/GEFUS/ANTERIORES/Dados_Prioritarios_Contratacoes_MCMV_FAR_FDS_RURAL_Semanal_20250912.csv | raw/sftp/fabrica/GEFUS/ANTERIORES/Dados_Prioritarios_Contratacoes_MCMV_FAR_FDS_RURAL_Semanal_20250919.csv | raw/sftp/fabrica/GEFUS/ANTERIORES/Dados_Prioritarios_Contratacoes_MCMV_FAR_FDS_RURAL_Semanal_20250926.csv
MOV_FINANCEIRA_FAR_20250918_040207.csv_Error.txt,OneDrive_2026-08-19 (3).zip,__Novo MCMV - FAR/Arquivados/Arquivo 2025 - Financeiro/MOV_FINANCEIRA_FAR_20250918_040207.csv_Error.txt,.txt,dado_tabular_ou_serializado,far,nao_identificada,2025-09,pista_semantica_mesma_frente_periodo_fonte,4,raw/sftp/fabrica/GEFUS/ANTERIORES/Dados_Prioritarios_Contratacoes_MCMV_FAR_FDS_RURAL_Semanal_20250905.csv | raw/sftp/fabrica/GEFUS/ANTERIORES/Dados_Prioritarios_Contratacoes_MCMV_FAR_FDS_RURAL_Semanal_20250912.csv | raw/sftp/fabrica/GEFUS/ANTERIORES/Dados_Prioritarios_Contratacoes_MCMV_FAR_FDS_RURAL_Semanal_20250919.csv | raw/sftp/fabrica/GEFUS/ANTERIORES/Dados_Prioritarios_Contratacoes_MCMV_FAR_FDS_RURAL_Semanal_20250926.csv
MOV_FINANCEIRA_FAR_20250922_040134.csv_Error.txt,OneDrive_2026-08-19 (3).zip,__Novo MCMV - FAR/Arquivados/Arquivo 2025 - Financeiro/MOV_FINANCEIRA_FAR_20250922_040134.csv_Error.txt,.txt,dado_tabular_ou_serializado,far,nao_identificada,2025-09,pista_semantica_mesma_frente_periodo_fonte,4,raw/sftp/fabrica/GEFUS/ANTERIORES/Dados_Prioritarios_Contratacoes_MCMV_FAR_FDS_RURAL_Semanal_20250905.csv | raw/sftp/fabrica/GEFUS/ANTERIORES/Dados_Prioritarios_Contratacoes_MCMV_FAR_FDS_RURAL_Semanal_20250912.csv | raw/sftp/fabrica/GEFUS/ANTERIORES/Dados_Prioritarios_Contratacoes_MCMV_FAR_FDS_RURAL_Semanal_20250919.csv | raw/sftp/fabrica/GEFUS/ANTERIORES/Dados_Prioritarios_Contratacoes_MCMV_FAR_FDS_RURAL_Semanal_20250926.csv
MOV_FINANCEIRA_FAR_20250923_040132.csv_Error.txt,OneDrive_2026-08-19 (3).zip,__Novo MCMV - FAR/Arquivados/Arquivo 2025 - Financeiro/MOV_FINANCEIRA_FAR_20250923_040132.csv_Error.txt,.txt,dado_tabular_ou_serializado,far,nao_identificada,2025-09,pista_semantica_mesma_frente_periodo_fonte,4,raw/sftp/fabrica/GEFUS/ANTERIORES/Dados_Prioritarios_Contratacoes_MCMV_FAR_FDS_RURAL_Semanal_20250905.csv | raw/sftp/fabrica/GEFUS/ANTERIORES/Dados_Prioritarios_Contratacoes_MCMV_FAR_FDS_RURAL_Semanal_20250912.csv | raw/sftp/fabrica/GEFUS/ANTERIORES/Dados_Prioritarios_Contratacoes_MCMV_FAR_FDS_RURAL_Semanal_20250919.csv | raw/sftp/fabrica/GEFUS/ANTERIORES/Dados_Prioritarios_Contratacoes_MCMV_FAR_FDS_RURAL_Semanal_20250926.csv
MOV_FINANCEIRA_FAR_20250924_040127.csv_Error.txt,OneDrive_2026-08-19 (3).zip,__Novo MCMV - FAR/Arquivados/Arquivo 2025 - Financeiro/MOV_FINANCEIRA_FAR_20250924_040127.csv_Error.txt,.txt,dado_tabular_ou_serializado,far,nao_identificada,2025-09,pista_semantica_mesma_frente_periodo_fonte,4,raw/sftp/fabrica/GEFUS/ANTERIORES/Dados_Prioritarios_Contratacoes_MCMV_FAR_FDS_RURAL_Semanal_20250905.csv | raw/sftp/fabrica/GEFUS/ANTERIORES/Dados_Prioritarios_Contratacoes_MCMV_FAR_FDS_RURAL_Semanal_20250912.csv | raw/sftp/fabrica/GEFUS/ANTERIORES/Dados_Prioritarios_Contratacoes_MCMV_FAR_FDS_RURAL_Semanal_20250919.csv | raw/sftp/fabrica/GEFUS/ANTERIORES/Dados_Prioritarios_Contratacoes_MCMV_FAR_FDS_RURAL_Semanal_20250926.csv
MOV_FINANCEIRA_FAR_20250925_040239.csv_Error.txt,OneDrive_2026-08-19 (3).zip,__Novo MCMV - FAR/Arquivados/Arquivo 2025 - Financeiro/MOV_FINANCEIRA_FAR_20250925_040239.csv_Error.txt,.txt,dado_tabular_ou_serializado,far,nao_identificada,2025-09,pista_semantica_mesma_frente_periodo_fonte,4,raw/sftp/fabrica/GEFUS/ANTERIORES/Dados_Prioritarios_Contratacoes_MCMV_FAR_FDS_RURAL_Semanal_20250905.csv | raw/sftp/fabrica/GEFUS/ANTERIORES/Dados_Prioritarios_Contratacoes_MCMV_FAR_FDS_RURAL_Semanal_20250912.csv | raw/sftp/fabrica/GEFUS/ANTERIORES/Dados_Prioritarios_Contratacoes_MCMV_FAR_FDS_RURAL_Semanal_20250919.csv | raw/sftp/fabrica/GEFUS/ANTERIORES/Dados_Prioritarios_Contratacoes_MCMV_FAR_FDS_RURAL_Semanal_20250926.csv
MOV_FINANCEIRA_FAR_20250929_040256.csv_Error.txt,OneDrive_2026-08-19 (3).zip,__Novo MCMV - FAR/Arquivados/Arquivo 2025 - Financeiro/MOV_FINANCEIRA_FAR_20250929_040256.csv_Error.txt,.txt,dado_tabular_ou_serializado,far,nao_identificada,2025-09,pista_semantica_mesma_frente_periodo_fonte,4,raw/sftp/fabrica/GEFUS/ANTERIORES/Dados_Prioritarios_Contratacoes_MCMV_FAR_FDS_RURAL_Semanal_20250905.csv | raw/sftp/fabrica/GEFUS/ANTERIORES/Dados_Prioritarios_Contratacoes_MCMV_FAR_FDS_RURAL_Semanal_20250912.csv | raw/sftp/fabrica/GEFUS/ANTERIORES/Dados_Prioritarios_Contratacoes_MCMV_FAR_FDS_RURAL_Semanal_20250919.csv | raw/sftp/fabrica/GEFUS/ANTERIORES/Dados_Prioritarios_Contratacoes_MCMV_FAR_FDS_RURAL_Semanal_20250926.csv
MOV_FINANCEIRA_FAR_20250930_040241.csv_Error.txt,OneDrive_2026-08-19 (3).zip,__Novo MCMV - FAR/Arquivados/Arquivo 2025 - Financeiro/MOV_FINANCEIRA_FAR_20250930_040241.csv_Error.txt,.txt,dado_tabular_ou_serializado,far,nao_identificada,2025-09,pista_semantica_mesma_frente_periodo_fonte,4,raw/sftp/fabrica/GEFUS/ANTERIORES/Dados_Prioritarios_Contratacoes_MCMV_FAR_FDS_RURAL_Semanal_20250905.csv | raw/sftp/fabrica/GEFUS/ANTERIORES/Dados_Prioritarios_Contratacoes_MCMV_FAR_FDS_RURAL_Semanal_20250912.csv | raw/sftp/fabrica/GEFUS/ANTERIORES/Dados_Prioritarios_Contratacoes_MCMV_FAR_FDS_RURAL_Semanal_20250919.csv | raw/sftp/fabrica/GEFUS/ANTERIORES/Dados_Prioritarios_Contratacoes_MCMV_FAR_FDS_RURAL_Semanal_20250926.csv
MOV_FINANCEIRA_FAR_20251001_040216.csv_Error.txt,OneDrive_2026-08-19 (3).zip,__Novo MCMV - FAR/Arquivados/Arquivo 2025 - Financeiro/MOV_FINANCEIRA_FAR_20251001_040216.csv_Error.txt,.txt,dado_tabular_ou_serializado,far,nao_identificada,2025-10,pista_semantica_mesma_frente_periodo_fonte,7,raw/sftp/fabrica/GEFUS/ANTERIORES/Dados_Prioritarios_Contratacoes_MCMV_FAR_FDS_RURAL_Semanal_20251003.csv | raw/sftp/fabrica/GEFUS/ANTERIORES/Dados_Prioritarios_Contratacoes_MCMV_FAR_FDS_RURAL_Semanal_20251010.csv | raw/sftp/fabrica/GEFUS/ANTERIORES/Dados_Prioritarios_Contratacoes_MCMV_FAR_FDS_RURAL_Semanal_20251017.csv | raw/sftp/fabrica/GEFUS/ANTERIORES/Dados_Prioritarios_Contratacoes_MCMV_FAR_FDS_RURAL_Semanal_20251024.csv | raw/sftp/fabrica/GEFUS/ANTERIORES/Dados_Prioritarios_Contratacoes_MCMV_FAR_FDS_RURAL_Semanal_20251031.csv
MOV_FINANCEIRA_FAR_20251002_040230.csv_Error.txt,OneDrive_2026-08-19 (3).zip,__Novo MCMV - FAR/Arquivados/Arquivo 2025 - Financeiro/MOV_FINANCEIRA_FAR_20251002_040230.csv_Error.txt,.txt,dado_tabular_ou_serializado,far,nao_identificada,2025-10,pista_semantica_mesma_frente_periodo_fonte,7,raw/sftp/fabrica/GEFUS/ANTERIORES/Dados_Prioritarios_Contratacoes_MCMV_FAR_FDS_RURAL_Semanal_20251003.csv | raw/sftp/fabrica/GEFUS/ANTERIORES/Dados_Prioritarios_Contratacoes_MCMV_FAR_FDS_RURAL_Semanal_20251010.csv | raw/sftp/fabrica/GEFUS/ANTERIORES/Dados_Prioritarios_Contratacoes_MCMV_FAR_FDS_RURAL_Semanal_20251017.csv | raw/sftp/fabrica/GEFUS/ANTERIORES/Dados_Prioritarios_Contratacoes_MCMV_FAR_FDS_RURAL_Semanal_20251024.csv | raw/sftp/fabrica/GEFUS/ANTERIORES/Dados_Prioritarios_Contratacoes_MCMV_FAR_FDS_RURAL_Semanal_20251031.csv
MOV_FINANCEIRA_FAR_20251003_040144.csv_Error.txt,OneDrive_2026-08-19 (3).zip,__Novo MCMV - FAR/Arquivados/Arquivo 2025 - Financeiro/MOV_FINANCEIRA_FAR_20251003_040144.csv_Error.txt,.txt,dado_tabular_ou_serializado,far,nao_identificada,2025-10,pista_semantica_mesma_frente_periodo_fonte,7,raw/sftp/fabrica/GEFUS/ANTERIORES/Dados_Prioritarios_Contratacoes_MCMV_FAR_FDS_RURAL_Semanal_20251003.csv | raw/sftp/fabrica/GEFUS/ANTERIORES/Dados_Prioritarios_Contratacoes_MCMV_FAR_FDS_RURAL_Semanal_20251010.csv | raw/sftp/fabrica/GEFUS/ANTERIORES/Dados_Prioritarios_Contratacoes_MCMV_FAR_FDS_RURAL_Semanal_20251017.csv | raw/sftp/fabrica/GEFUS/ANTERIORES/Dados_Prioritarios_Contratacoes_MCMV_FAR_FDS_RURAL_Semanal_20251024.csv | raw/sftp/fabrica/GEFUS/ANTERIORES/Dados_Prioritarios_Contratacoes_MCMV_FAR_FDS_RURAL_Semanal_20251031.csv
MOV_FINANCEIRA_FAR_20251006_040149.csv_Error.txt,OneDrive_2026-08-19 (3).zip,__Novo MCMV - FAR/Arquivados/Arquivo 2025 - Financeiro/MOV_FINANCEIRA_FAR_20251006_040149.csv_Error.txt,.txt,dado_tabular_ou_serializado,far,nao_identificada,2025-10,pista_semantica_mesma_frente_periodo_fonte,7,raw/sftp/fabrica/GEFUS/ANTERIORES/Dados_Prioritarios_Contratacoes_MCMV_FAR_FDS_RURAL_Semanal_20251003.csv | raw/sftp/fabrica/GEFUS/ANTERIORES/Dados_Prioritarios_Contratacoes_MCMV_FAR_FDS_RURAL_Semanal_20251010.csv | raw/sftp/fabrica/GEFUS/ANTERIORES/Dados_Prioritarios_Contratacoes_MCMV_FAR_FDS_RURAL_Semanal_20251017.csv | raw/sftp/fabrica/GEFUS/ANTERIORES/Dados_Prioritarios_Contratacoes_MCMV_FAR_FDS_RURAL_Semanal_20251024.csv | raw/sftp/fabrica/GEFUS/ANTERIORES/Dados_Prioritarios_Contratacoes_MCMV_FAR_FDS_RURAL_Semanal_20251031.csv
MOV_FINANCEIRA_FAR_20251007_040154.csv_Error.txt,OneDrive_2026-08-19 (3).zip,__Novo MCMV - FAR/Arquivados/Arquivo 2025 - Financeiro/MOV_FINANCEIRA_FAR_20251007_040154.csv_Error.txt,.txt,dado_tabular_ou_serializado,far,nao_identificada,2025-10,pista_semantica_mesma_frente_periodo_fonte,7,raw/sftp/fabrica/GEFUS/ANTERIORES/Dados_Prioritarios_Contratacoes_MCMV_FAR_FDS_RURAL_Semanal_20251003.csv | raw/sftp/fabrica/GEFUS/ANTERIORES/Dados_Prioritarios_Contratacoes_MCMV_FAR_FDS_RURAL_Semanal_20251010.csv | raw/sftp/fabrica/GEFUS/ANTERIORES/Dados_Prioritarios_Contratacoes_MCMV_FAR_FDS_RURAL_Semanal_20251017.csv | raw/sftp/fabrica/GEFUS/ANTERIORES/Dados_Prioritarios_Contratacoes_MCMV_FAR_FDS_RURAL_Semanal_20251024.csv | raw/sftp/fabrica/GEFUS/ANTERIORES/Dados_Prioritarios_Contratacoes_MCMV_FAR_FDS_RURAL_Semanal_20251031.csv
MOV_FINANCEIRA_FAR_20251008_040148.csv_Error.txt,OneDrive_2026-08-19 (3).zip,__Novo MCMV - FAR/Arquivados/Arquivo 2025 - Financeiro/MOV_FINANCEIRA_FAR_20251008_040148.csv_Error.txt,.txt,dado_tabular_ou_serializado,far,nao_identificada,2025-10,pista_semantica_mesma_frente_periodo_fonte,7,raw/sftp/fabrica/GEFUS/ANTERIORES/Dados_Prioritarios_Contratacoes_MCMV_FAR_FDS_RURAL_Semanal_20251003.csv | raw/sftp/fabrica/GEFUS/ANTERIORES/Dados_Prioritarios_Contratacoes_MCMV_FAR_FDS_RURAL_Semanal_20251010.csv | raw/sftp/fabrica/GEFUS/ANTERIORES/Dados_Prioritarios_Contratacoes_MCMV_FAR_FDS_RURAL_Semanal_20251017.csv | raw/sftp/fabrica/GEFUS/ANTERIORES/Dados_Prioritarios_Contratacoes_MCMV_FAR_FDS_RURAL_Semanal_20251024.csv | raw/sftp/fabrica/GEFUS/ANTERIORES/Dados_Prioritarios_Contratacoes_MCMV_FAR_FDS_RURAL_Semanal_20251031.csv
MOV_FINANCEIRA_FAR_20251009_040142.csv_Error.txt,OneDrive_2026-08-19 (3).zip,__Novo MCMV - FAR/Arquivados/Arquivo 2025 - Financeiro/MOV_FINANCEIRA_FAR_20251009_040142.csv_Error.txt,.txt,dado_tabular_ou_serializado,far,nao_identificada,2025-10,pista_semantica_mesma_frente_periodo_fonte,7,raw/sftp/fabrica/GEFUS/ANTERIORES/Dados_Prioritarios_Contratacoes_MCMV_FAR_FDS_RURAL_Semanal_20251003.csv | raw/sftp/fabrica/GEFUS/ANTERIORES/Dados_Prioritarios_Contratacoes_MCMV_FAR_FDS_RURAL_Semanal_20251010.csv | raw/sftp/fabrica/GEFUS/ANTERIORES/Dados_Prioritarios_Contratacoes_MCMV_FAR_FDS_RURAL_Semanal_20251017.csv | raw/sftp/fabrica/GEFUS/ANTERIORES/Dados_Prioritarios_Contratacoes_MCMV_FAR_FDS_RURAL_Semanal_20251024.csv | raw/sftp/fabrica/GEFUS/ANTERIORES/Dados_Prioritarios_Contratacoes_MCMV_FAR_FDS_RURAL_Semanal_20251031.csv
MOV_FINANCEIRA_FAR_20251010_040147.csv_Error.txt,OneDrive_2026-08-19 (3).zip,__Novo MCMV - FAR/Arquivados/Arquivo 2025 - Financeiro/MOV_FINANCEIRA_FAR_20251010_040147.csv_Error.txt,.txt,dado_tabular_ou_serializado,far,nao_identificada,2025-10,pista_semantica_mesma_frente_periodo_fonte,7,raw/sftp/fabrica/GEFUS/ANTERIORES/Dados_Prioritarios_Contratacoes_MCMV_FAR_FDS_RURAL_Semanal_20251003.csv | raw/sftp/fabrica/GEFUS/ANTERIORES/Dados_Prioritarios_Contratacoes_MCMV_FAR_FDS_RURAL_Semanal_20251010.csv | raw/sftp/fabrica/GEFUS/ANTERIORES/Dados_Prioritarios_Contratacoes_MCMV_FAR_FDS_RURAL_Semanal_20251017.csv | raw/sftp/fabrica/GEFUS/ANTERIORES/Dados_Prioritarios_Contratacoes_MCMV_FAR_FDS_RURAL_Semanal_20251024.csv | raw/sftp/fabrica/GEFUS/ANTERIORES/Dados_Prioritarios_Contratacoes_MCMV_FAR_FDS_RURAL_Semanal_20251031.csv
MOV_FINANCEIRA_FAR_20251013_040220.csv_Error.txt,OneDrive_2026-08-19 (3).zip,__Novo MCMV - FAR/Arquivados/Arquivo 2025 - Financeiro/MOV_FINANCEIRA_FAR_20251013_040220.csv_Error.txt,.txt,dado_tabular_ou_serializado,far,nao_identificada,2025-10,pista_semantica_mesma_frente_periodo_fonte,7,raw/sftp/fabrica/GEFUS/ANTERIORES/Dados_Prioritarios_Contratacoes_MCMV_FAR_FDS_RURAL_Semanal_20251003.csv | raw/sftp/fabrica/GEFUS/ANTERIORES/Dados_Prioritarios_Contratacoes_MCMV_FAR_FDS_RURAL_Semanal_20251010.csv | raw/sftp/fabrica/GEFUS/ANTERIORES/Dados_Prioritarios_Contratacoes_MCMV_FAR_FDS_RURAL_Semanal_20251017.csv | raw/sftp/fabrica/GEFUS/ANTERIORES/Dados_Prioritarios_Contratacoes_MCMV_FAR_FDS_RURAL_Semanal_20251024.csv | raw/sftp/fabrica/GEFUS/ANTERIORES/Dados_Prioritarios_Contratacoes_MCMV_FAR_FDS_RURAL_Semanal_20251031.csv
MOV_FINANCEIRA_FAR_20251014_040155.csv_Error.txt,OneDrive_2026-08-19 (3).zip,__Novo MCMV - FAR/Arquivados/Arquivo 2025 - Financeiro/MOV_FINANCEIRA_FAR_20251014_040155.csv_Error.txt,.txt,dado_tabular_ou_serializado,far,nao_identificada,2025-10,pista_semantica_mesma_frente_periodo_fonte,7,raw/sftp/fabrica/GEFUS/ANTERIORES/Dados_Prioritarios_Contratacoes_MCMV_FAR_FDS_RURAL_Semanal_20251003.csv | raw/sftp/fabrica/GEFUS/ANTERIORES/Dados_Prioritarios_Contratacoes_MCMV_FAR_FDS_RURAL_Semanal_20251010.csv | raw/sftp/fabrica/GEFUS/ANTERIORES/Dados_Prioritarios_Contratacoes_MCMV_FAR_FDS_RURAL_Semanal_20251017.csv | raw/sftp/fabrica/GEFUS/ANTERIORES/Dados_Prioritarios_Contratacoes_MCMV_FAR_FDS_RURAL_Semanal_20251024.csv | raw/sftp/fabrica/GEFUS/ANTERIORES/Dados_Prioritarios_Contratacoes_MCMV_FAR_FDS_RURAL_Semanal_20251031.csv
MOV_FINANCEIRA_FAR_20251015_040215.csv_Error.txt,OneDrive_2026-08-19 (3).zip,__Novo MCMV - FAR/Arquivados/Arquivo 2025 - Financeiro/MOV_FINANCEIRA_FAR_20251015_040215.csv_Error.txt,.txt,dado_tabular_ou_serializado,far,nao_identificada,2025-10,pista_semantica_mesma_frente_periodo_fonte,7,raw/sftp/fabrica/GEFUS/ANTERIORES/Dados_Prioritarios_Contratacoes_MCMV_FAR_FDS_RURAL_Semanal_20251003.csv | raw/sftp/fabrica/GEFUS/ANTERIORES/Dados_Prioritarios_Contratacoes_MCMV_FAR_FDS_RURAL_Semanal_20251010.csv | raw/sftp/fabrica/GEFUS/ANTERIORES/Dados_Prioritarios_Contratacoes_MCMV_FAR_FDS_RURAL_Semanal_20251017.csv | raw/sftp/fabrica/GEFUS/ANTERIORES/Dados_Prioritarios_Contratacoes_MCMV_FAR_FDS_RURAL_Semanal_20251024.csv | raw/sftp/fabrica/GEFUS/ANTERIORES/Dados_Prioritarios_Contratacoes_MCMV_FAR_FDS_RURAL_Semanal_20251031.csv
MOV_FINANCEIRA_FAR_20251016_040152.csv_Error.txt,OneDrive_2026-08-19 (3).zip,__Novo MCMV - FAR/Arquivados/Arquivo 2025 - Financeiro/MOV_FINANCEIRA_FAR_20251016_040152.csv_Error.txt,.txt,dado_tabular_ou_serializado,far,nao_identificada,2025-10,pista_semantica_mesma_frente_periodo_fonte,7,raw/sftp/fabrica/GEFUS/ANTERIORES/Dados_Prioritarios_Contratacoes_MCMV_FAR_FDS_RURAL_Semanal_20251003.csv | raw/sftp/fabrica/GEFUS/ANTERIORES/Dados_Prioritarios_Contratacoes_MCMV_FAR_FDS_RURAL_Semanal_20251010.csv | raw/sftp/fabrica/GEFUS/ANTERIORES/Dados_Prioritarios_Contratacoes_MCMV_FAR_FDS_RURAL_Semanal_20251017.csv | raw/sftp/fabrica/GEFUS/ANTERIORES/Dados_Prioritarios_Contratacoes_MCMV_FAR_FDS_RURAL_Semanal_20251024.csv | raw/sftp/fabrica/GEFUS/ANTERIORES/Dados_Prioritarios_Contratacoes_MCMV_FAR_FDS_RURAL_Semanal_20251031.csv
MOV_FINANCEIRA_FAR_20251017_040256.csv_Error.txt,OneDrive_2026-08-19 (3).zip,__Novo MCMV - FAR/Arquivados/Arquivo 2025 - Financeiro/MOV_FINANCEIRA_FAR_20251017_040256.csv_Error.txt,.txt,dado_tabular_ou_serializado,far,nao_identificada,2025-10,pista_semantica_mesma_frente_periodo_fonte,7,raw/sftp/fabrica/GEFUS/ANTERIORES/Dados_Prioritarios_Contratacoes_MCMV_FAR_FDS_RURAL_Semanal_20251003.csv | raw/sftp/fabrica/GEFUS/ANTERIORES/Dados_Prioritarios_Contratacoes_MCMV_FAR_FDS_RURAL_Semanal_20251010.csv | raw/sftp/fabrica/GEFUS/ANTERIORES/Dados_Prioritarios_Contratacoes_MCMV_FAR_FDS_RURAL_Semanal_20251017.csv | raw/sftp/fabrica/GEFUS/ANTERIORES/Dados_Prioritarios_Contratacoes_MCMV_FAR_FDS_RURAL_Semanal_20251024.csv | raw/sftp/fabrica/GEFUS/ANTERIORES/Dados_Prioritarios_Contratacoes_MCMV_FAR_FDS_RURAL_Semanal_20251031.csv
MOV_FINANCEIRA_FAR_20251020_040220.csv_Error.txt,OneDrive_2026-08-19 (3).zip,__Novo MCMV - FAR/Arquivados/Arquivo 2025 - Financeiro/MOV_FINANCEIRA_FAR_20251020_040220.csv_Error.txt,.txt,dado_tabular_ou_serializado,far,nao_identificada,2025-10,pista_semantica_mesma_frente_periodo_fonte,7,raw/sftp/fabrica/GEFUS/ANTERIORES/Dados_Prioritarios_Contratacoes_MCMV_FAR_FDS_RURAL_Semanal_20251003.csv | raw/sftp/fabrica/GEFUS/ANTERIORES/Dados_Prioritarios_Contratacoes_MCMV_FAR_FDS_RURAL_Semanal_20251010.csv | raw/sftp/fabrica/GEFUS/ANTERIORES/Dados_Prioritarios_Contratacoes_MCMV_FAR_FDS_RURAL_Semanal_20251017.csv | raw/sftp/fabrica/GEFUS/ANTERIORES/Dados_Prioritarios_Contratacoes_MCMV_FAR_FDS_RURAL_Semanal_20251024.csv | raw/sftp/fabrica/GEFUS/ANTERIORES/Dados_Prioritarios_Contratacoes_MCMV_FAR_FDS_RURAL_Semanal_20251031.csv
MOV_FINANCEIRA_FAR_20251021_040155.csv_Error.txt,OneDrive_2026-08-19 (3).zip,__Novo MCMV - FAR/Arquivados/Arquivo 2025 - Financeiro/MOV_FINANCEIRA_FAR_20251021_040155.csv_Error.txt,.txt,dado_tabular_ou_serializado,far,nao_identificada,2025-10,pista_semantica_mesma_frente_periodo_fonte,7,raw/sftp/fabrica/GEFUS/ANTERIORES/Dados_Prioritarios_Contratacoes_MCMV_FAR_FDS_RURAL_Semanal_20251003.csv | raw/sftp/fabrica/GEFUS/ANTERIORES/Dados_Prioritarios_Contratacoes_MCMV_FAR_FDS_RURAL_Semanal_20251010.csv | raw/sftp/fabrica/GEFUS/ANTERIORES/Dados_Prioritarios_Contratacoes_MCMV_FAR_FDS_RURAL_Semanal_20251017.csv | raw/sftp/fabrica/GEFUS/ANTERIORES/Dados_Prioritarios_Contratacoes_MCMV_FAR_FDS_RURAL_Semanal_20251024.csv | raw/sftp/fabrica/GEFUS/ANTERIORES/Dados_Prioritarios_Contratacoes_MCMV_FAR_FDS_RURAL_Semanal_20251031.csv
MOV_FINANCEIRA_FAR_20251022_040228.csv_Error.txt,OneDrive_2026-08-19 (3).zip,__Novo MCMV - FAR/Arquivados/Arquivo 2025 - Financeiro/MOV_FINANCEIRA_FAR_20251022_040228.csv_Error.txt,.txt,dado_tabular_ou_serializado,far,nao_identificada,2025-10,pista_semantica_mesma_frente_periodo_fonte,7,raw/sftp/fabrica/GEFUS/ANTERIORES/Dados_Prioritarios_Contratacoes_MCMV_FAR_FDS_RURAL_Semanal_20251003.csv | raw/sftp/fabrica/GEFUS/ANTERIORES/Dados_Prioritarios_Contratacoes_MCMV_FAR_FDS_RURAL_Semanal_20251010.csv | raw/sftp/fabrica/GEFUS/ANTERIORES/Dados_Prioritarios_Contratacoes_MCMV_FAR_FDS_RURAL_Semanal_20251017.csv | raw/sftp/fabrica/GEFUS/ANTERIORES/Dados_Prioritarios_Contratacoes_MCMV_FAR_FDS_RURAL_Semanal_20251024.csv | raw/sftp/fabrica/GEFUS/ANTERIORES/Dados_Prioritarios_Contratacoes_MCMV_FAR_FDS_RURAL_Semanal_20251031.csv
MOV_FINANCEIRA_FAR_20251023_040227.csv_Error.txt,OneDrive_2026-08-19 (3).zip,__Novo MCMV - FAR/Arquivados/Arquivo 2025 - Financeiro/MOV_FINANCEIRA_FAR_20251023_040227.csv_Error.txt,.txt,dado_tabular_ou_serializado,far,nao_identificada,2025-10,pista_semantica_mesma_frente_periodo_fonte,7,raw/sftp/fabrica/GEFUS/ANTERIORES/Dados_Prioritarios_Contratacoes_MCMV_FAR_FDS_RURAL_Semanal_20251003.csv | raw/sftp/fabrica/GEFUS/ANTERIORES/Dados_Prioritarios_Contratacoes_MCMV_FAR_FDS_RURAL_Semanal_20251010.csv | raw/sftp/fabrica/GEFUS/ANTERIORES/Dados_Prioritarios_Contratacoes_MCMV_FAR_FDS_RURAL_Semanal_20251017.csv | raw/sftp/fabrica/GEFUS/ANTERIORES/Dados_Prioritarios_Contratacoes_MCMV_FAR_FDS_RURAL_Semanal_20251024.csv | raw/sftp/fabrica/GEFUS/ANTERIORES/Dados_Prioritarios_Contratacoes_MCMV_FAR_FDS_RURAL_Semanal_20251031.csv
MOV_FINANCEIRA_FAR_20251024_040249.csv_Error.txt,OneDrive_2026-08-19 (3).zip,__Novo MCMV - FAR/Arquivados/Arquivo 2025 - Financeiro/MOV_FINANCEIRA_FAR_20251024_040249.csv_Error.txt,.txt,dado_tabular_ou_serializado,far,nao_identificada,2025-10,pista_semantica_mesma_frente_periodo_fonte,7,raw/sftp/fabrica/GEFUS/ANTERIORES/Dados_Prioritarios_Contratacoes_MCMV_FAR_FDS_RURAL_Semanal_20251003.csv | raw/sftp/fabrica/GEFUS/ANTERIORES/Dados_Prioritarios_Contratacoes_MCMV_FAR_FDS_RURAL_Semanal_20251010.csv | raw/sftp/fabrica/GEFUS/ANTERIORES/Dados_Prioritarios_Contratacoes_MCMV_FAR_FDS_RURAL_Semanal_20251017.csv | raw/sftp/fabrica/GEFUS/ANTERIORES/Dados_Prioritarios_Contratacoes_MCMV_FAR_FDS_RURAL_Semanal_20251024.csv | raw/sftp/fabrica/GEFUS/ANTERIORES/Dados_Prioritarios_Contratacoes_MCMV_FAR_FDS_RURAL_Semanal_20251031.csv
MOV_FINANCEIRA_FAR_20251028_040223.csv_Error.txt,OneDrive_2026-08-19 (3).zip,__Novo MCMV - FAR/Arquivados/Arquivo 2025 - Financeiro/MOV_FINANCEIRA_FAR_20251028_040223.csv_Error.txt,.txt,dado_tabular_ou_serializado,far,nao_identificada,2025-10,pista_semantica_mesma_frente_periodo_fonte,7,raw/sftp/fabrica/GEFUS/ANTERIORES/Dados_Prioritarios_Contratacoes_MCMV_FAR_FDS_RURAL_Semanal_20251003.csv | raw/sftp/fabrica/GEFUS/ANTERIORES/Dados_Prioritarios_Contratacoes_MCMV_FAR_FDS_RURAL_Semanal_20251010.csv | raw/sftp/fabrica/GEFUS/ANTERIORES/Dados_Prioritarios_Contratacoes_MCMV_FAR_FDS_RURAL_Semanal_20251017.csv | raw/sftp/fabrica/GEFUS/ANTERIORES/Dados_Prioritarios_Contratacoes_MCMV_FAR_FDS_RURAL_Semanal_20251024.csv | raw/sftp/fabrica/GEFUS/ANTERIORES/Dados_Prioritarios_Contratacoes_MCMV_FAR_FDS_RURAL_Semanal_20251031.csv
MOV_FINANCEIRA_FAR_20251029_040220.csv_Error.txt,OneDrive_2026-08-19 (3).zip,__Novo MCMV - FAR/Arquivados/Arquivo 2025 - Financeiro/MOV_FINANCEIRA_FAR_20251029_040220.csv_Error.txt,.txt,dado_tabular_ou_serializado,far,nao_identificada,2025-10,pista_semantica_mesma_frente_periodo_fonte,7,raw/sftp/fabrica/GEFUS/ANTERIORES/Dados_Prioritarios_Contratacoes_MCMV_FAR_FDS_RURAL_Semanal_20251003.csv | raw/sftp/fabrica/GEFUS/ANTERIORES/Dados_Prioritarios_Contratacoes_MCMV_FAR_FDS_RURAL_Semanal_20251010.csv | raw/sftp/fabrica/GEFUS/ANTERIORES/Dados_Prioritarios_Contratacoes_MCMV_FAR_FDS_RURAL_Semanal_20251017.csv | raw/sftp/fabrica/GEFUS/ANTERIORES/Dados_Prioritarios_Contratacoes_MCMV_FAR_FDS_RURAL_Semanal_20251024.csv | raw/sftp/fabrica/GEFUS/ANTERIORES/Dados_Prioritarios_Contratacoes_MCMV_FAR_FDS_RURAL_Semanal_20251031.csv
MOV_FINANCEIRA_FAR_20251030_040202.csv_Error.txt,OneDrive_2026-08-19 (3).zip,__Novo MCMV - FAR/Arquivados/Arquivo 2025 - Financeiro/MOV_FINANCEIRA_FAR_20251030_040202.csv_Error.txt,.txt,dado_tabular_ou_serializado,far,nao_identificada,2025-10,pista_semantica_mesma_frente_periodo_fonte,7,raw/sftp/fabrica/GEFUS/ANTERIORES/Dados_Prioritarios_Contratacoes_MCMV_FAR_FDS_RURAL_Semanal_20251003.csv | raw/sftp/fabrica/GEFUS/ANTERIORES/Dados_Prioritarios_Contratacoes_MCMV_FAR_FDS_RURAL_Semanal_20251010.csv | raw/sftp/fabrica/GEFUS/ANTERIORES/Dados_Prioritarios_Contratacoes_MCMV_FAR_FDS_RURAL_Semanal_20251017.csv | raw/sftp/fabrica/GEFUS/ANTERIORES/Dados_Prioritarios_Contratacoes_MCMV_FAR_FDS_RURAL_Semanal_20251024.csv | raw/sftp/fabrica/GEFUS/ANTERIORES/Dados_Prioritarios_Contratacoes_MCMV_FAR_FDS_RURAL_Semanal_20251031.csv
MOV_FINANCEIRA_FAR_20251031_040222.csv_Error.txt,OneDrive_2026-08-19 (3).zip,__Novo MCMV - FAR/Arquivados/Arquivo 2025 - Financeiro/MOV_FINANCEIRA_FAR_20251031_040222.csv_Error.txt,.txt,dado_tabular_ou_serializado,far,nao_identificada,2025-10,pista_semantica_mesma_frente_periodo_fonte,7,raw/sftp/fabrica/GEFUS/ANTERIORES/Dados_Prioritarios_Contratacoes_MCMV_FAR_FDS_RURAL_Semanal_20251003.csv | raw/sftp/fabrica/GEFUS/ANTERIORES/Dados_Prioritarios_Contratacoes_MCMV_FAR_FDS_RURAL_Semanal_20251010.csv | raw/sftp/fabrica/GEFUS/ANTERIORES/Dados_Prioritarios_Contratacoes_MCMV_FAR_FDS_RURAL_Semanal_20251017.csv | raw/sftp/fabrica/GEFUS/ANTERIORES/Dados_Prioritarios_Contratacoes_MCMV_FAR_FDS_RURAL_Semanal_20251024.csv | raw/sftp/fabrica/GEFUS/ANTERIORES/Dados_Prioritarios_Contratacoes_MCMV_FAR_FDS_RURAL_Semanal_20251031.csv
MOV_FINANCEIRA_FAR_20251103_040221.csv_Error.txt,OneDrive_2026-08-19 (3).zip,__Novo MCMV - FAR/Arquivados/Arquivo 2025 - Financeiro/MOV_FINANCEIRA_FAR_20251103_040221.csv_Error.txt,.txt,dado_tabular_ou_serializado,far,nao_identificada,2025-11,pista_semantica_mesma_frente_periodo_fonte,6,raw/sftp/fabrica/GEFUS/ANTERIORES/Dados_Prioritarios_Contratacoes_MCMV_FAR_FDS_RURAL_Semanal_20251107.csv | raw/sftp/fabrica/GEFUS/ANTERIORES/Dados_Prioritarios_Contratacoes_MCMV_FAR_FDS_RURAL_Semanal_20251114.csv | raw/sftp/fabrica/GEFUS/ANTERIORES/Dados_Prioritarios_Contratacoes_MCMV_FAR_FDS_RURAL_Semanal_20251121.csv | raw/sftp/fabrica/GEFUS/ANTERIORES/Dados_Prioritarios_Contratacoes_MCMV_FAR_FDS_RURAL_Semanal_20251128.csv | raw/sftp/fabrica/GEFUS/ANTERIORES/INT021_MinisterioCidades_FAR_BB_PF_20251128_CONTINGENCIA.TXT
MOV_FINANCEIRA_FAR_20251105_040224.csv_Error.txt,OneDrive_2026-08-19 (3).zip,__Novo MCMV - FAR/Arquivados/Arquivo 2025 - Financeiro/MOV_FINANCEIRA_FAR_20251105_040224.csv_Error.txt,.txt,dado_tabular_ou_serializado,far,nao_identificada,2025-11,pista_semantica_mesma_frente_periodo_fonte,6,raw/sftp/fabrica/GEFUS/ANTERIORES/Dados_Prioritarios_Contratacoes_MCMV_FAR_FDS_RURAL_Semanal_20251107.csv | raw/sftp/fabrica/GEFUS/ANTERIORES/Dados_Prioritarios_Contratacoes_MCMV_FAR_FDS_RURAL_Semanal_20251114.csv | raw/sftp/fabrica/GEFUS/ANTERIORES/Dados_Prioritarios_Contratacoes_MCMV_FAR_FDS_RURAL_Semanal_20251121.csv | raw/sftp/fabrica/GEFUS/ANTERIORES/Dados_Prioritarios_Contratacoes_MCMV_FAR_FDS_RURAL_Semanal_20251128.csv | raw/sftp/fabrica/GEFUS/ANTERIORES/INT021_MinisterioCidades_FAR_BB_PF_20251128_CONTINGENCIA.TXT
MOV_FINANCEIRA_FAR_20251106_040202.csv_Error.txt,OneDrive_2026-08-19 (3).zip,__Novo MCMV - FAR/Arquivados/Arquivo 2025 - Financeiro/MOV_FINANCEIRA_FAR_20251106_040202.csv_Error.txt,.txt,dado_tabular_ou_serializado,far,nao_identificada,2025-11,pista_semantica_mesma_frente_periodo_fonte,6,raw/sftp/fabrica/GEFUS/ANTERIORES/Dados_Prioritarios_Contratacoes_MCMV_FAR_FDS_RURAL_Semanal_20251107.csv | raw/sftp/fabrica/GEFUS/ANTERIORES/Dados_Prioritarios_Contratacoes_MCMV_FAR_FDS_RURAL_Semanal_20251114.csv | raw/sftp/fabrica/GEFUS/ANTERIORES/Dados_Prioritarios_Contratacoes_MCMV_FAR_FDS_RURAL_Semanal_20251121.csv | raw/sftp/fabrica/GEFUS/ANTERIORES/Dados_Prioritarios_Contratacoes_MCMV_FAR_FDS_RURAL_Semanal_20251128.csv | raw/sftp/fabrica/GEFUS/ANTERIORES/INT021_MinisterioCidades_FAR_BB_PF_20251128_CONTINGENCIA.TXT
MOV_FINANCEIRA_FAR_20251110_040352.csv_Error.txt,OneDrive_2026-08-19 (3).zip,__Novo MCMV - FAR/Arquivados/Arquivo 2025 - Financeiro/MOV_FINANCEIRA_FAR_20251110_040352.csv_Error.txt,.txt,dado_tabular_ou_serializado,far,nao_identificada,2025-11,pista_semantica_mesma_frente_periodo_fonte,6,raw/sftp/fabrica/GEFUS/ANTERIORES/Dados_Prioritarios_Contratacoes_MCMV_FAR_FDS_RURAL_Semanal_20251107.csv | raw/sftp/fabrica/GEFUS/ANTERIORES/Dados_Prioritarios_Contratacoes_MCMV_FAR_FDS_RURAL_Semanal_20251114.csv | raw/sftp/fabrica/GEFUS/ANTERIORES/Dados_Prioritarios_Contratacoes_MCMV_FAR_FDS_RURAL_Semanal_20251121.csv | raw/sftp/fabrica/GEFUS/ANTERIORES/Dados_Prioritarios_Contratacoes_MCMV_FAR_FDS_RURAL_Semanal_20251128.csv | raw/sftp/fabrica/GEFUS/ANTERIORES/INT021_MinisterioCidades_FAR_BB_PF_20251128_CONTINGENCIA.TXT
MOV_FINANCEIRA_FAR_20251111_040649.csv_Error.txt,OneDrive_2026-08-19 (3).zip,__Novo MCMV - FAR/Arquivados/Arquivo 2025 - Financeiro/MOV_FINANCEIRA_FAR_20251111_040649.csv_Error.txt,.txt,dado_tabular_ou_serializado,far,nao_identificada,2025-11,pista_semantica_mesma_frente_periodo_fonte,6,raw/sftp/fabrica/GEFUS/ANTERIORES/Dados_Prioritarios_Contratacoes_MCMV_FAR_FDS_RURAL_Semanal_20251107.csv | raw/sftp/fabrica/GEFUS/ANTERIORES/Dados_Prioritarios_Contratacoes_MCMV_FAR_FDS_RURAL_Semanal_20251114.csv | raw/sftp/fabrica/GEFUS/ANTERIORES/Dados_Prioritarios_Contratacoes_MCMV_FAR_FDS_RURAL_Semanal_20251121.csv | raw/sftp/fabrica/GEFUS/ANTERIORES/Dados_Prioritarios_Contratacoes_MCMV_FAR_FDS_RURAL_Semanal_20251128.csv | raw/sftp/fabrica/GEFUS/ANTERIORES/INT021_MinisterioCidades_FAR_BB_PF_20251128_CONTINGENCIA.TXT
MOV_FINANCEIRA_FAR_20251114_041453.csv_Error.txt,OneDrive_2026-08-19 (3).zip,__Novo MCMV - FAR/Arquivados/Arquivo 2025 - Financeiro/MOV_FINANCEIRA_FAR_20251114_041453.csv_Error.txt,.txt,dado_tabular_ou_serializado,far,nao_identificada,2025-11,pista_semantica_mesma_frente_periodo_fonte,6,raw/sftp/fabrica/GEFUS/ANTERIORES/Dados_Prioritarios_Contratacoes_MCMV_FAR_FDS_RURAL_Semanal_20251107.csv | raw/sftp/fabrica/GEFUS/ANTERIORES/Dados_Prioritarios_Contratacoes_MCMV_FAR_FDS_RURAL_Semanal_20251114.csv | raw/sftp/fabrica/GEFUS/ANTERIORES/Dados_Prioritarios_Contratacoes_MCMV_FAR_FDS_RURAL_Semanal_20251121.csv | raw/sftp/fabrica/GEFUS/ANTERIORES/Dados_Prioritarios_Contratacoes_MCMV_FAR_FDS_RURAL_Semanal_20251128.csv | raw/sftp/fabrica/GEFUS/ANTERIORES/INT021_MinisterioCidades_FAR_BB_PF_20251128_CONTINGENCIA.TXT
MOV_FINANCEIRA_FAR_20251117_041041.csv_Error.txt,OneDrive_2026-08-19 (3).zip,__Novo MCMV - FAR/Arquivados/Arquivo 2025 - Financeiro/MOV_FINANCEIRA_FAR_20251117_041041.csv_Error.txt,.txt,dado_tabular_ou_serializado,far,nao_identificada,2025-11,pista_semantica_mesma_frente_periodo_fonte,6,raw/sftp/fabrica/GEFUS/ANTERIORES/Dados_Prioritarios_Contratacoes_MCMV_FAR_FDS_RURAL_Semanal_20251107.csv | raw/sftp/fabrica/GEFUS/ANTERIORES/Dados_Prioritarios_Contratacoes_MCMV_FAR_FDS_RURAL_Semanal_20251114.csv | raw/sftp/fabrica/GEFUS/ANTERIORES/Dados_Prioritarios_Contratacoes_MCMV_FAR_FDS_RURAL_Semanal_20251121.csv | raw/sftp/fabrica/GEFUS/ANTERIORES/Dados_Prioritarios_Contratacoes_MCMV_FAR_FDS_RURAL_Semanal_20251128.csv | raw/sftp/fabrica/GEFUS/ANTERIORES/INT021_MinisterioCidades_FAR_BB_PF_20251128_CONTINGENCIA.TXT
MOV_FINANCEIRA_FAR_20251119_040944.csv_Error.txt,OneDrive_2026-08-19 (3).zip,__Novo MCMV - FAR/Arquivados/Arquivo 2025 - Financeiro/MOV_FINANCEIRA_FAR_20251119_040944.csv_Error.txt,.txt,dado_tabular_ou_serializado,far,nao_identificada,2025-11,pista_semantica_mesma_frente_periodo_fonte,6,raw/sftp/fabrica/GEFUS/ANTERIORES/Dados_Prioritarios_Contratacoes_MCMV_FAR_FDS_RURAL_Semanal_20251107.csv | raw/sftp/fabrica/GEFUS/ANTERIORES/Dados_Prioritarios_Contratacoes_MCMV_FAR_FDS_RURAL_Semanal_20251114.csv | raw/sftp/fabrica/GEFUS/ANTERIORES/Dados_Prioritarios_Contratacoes_MCMV_FAR_FDS_RURAL_Semanal_20251121.csv | raw/sftp/fabrica/GEFUS/ANTERIORES/Dados_Prioritarios_Contratacoes_MCMV_FAR_FDS_RURAL_Semanal_20251128.csv | raw/sftp/fabrica/GEFUS/ANTERIORES/INT021_MinisterioCidades_FAR_BB_PF_20251128_CONTINGENCIA.TXT
MOV_FINANCEIRA_FAR_20251120_040904.csv_Error.txt,OneDrive_2026-08-19 (3).zip,__Novo MCMV - FAR/Arquivados/Arquivo 2025 - Financeiro/MOV_FINANCEIRA_FAR_20251120_040904.csv_Error.txt,.txt,dado_tabular_ou_serializado,far,nao_identificada,2025-11,pista_semantica_mesma_frente_periodo_fonte,6,raw/sftp/fabrica/GEFUS/ANTERIORES/Dados_Prioritarios_Contratacoes_MCMV_FAR_FDS_RURAL_Semanal_20251107.csv | raw/sftp/fabrica/GEFUS/ANTERIORES/Dados_Prioritarios_Contratacoes_MCMV_FAR_FDS_RURAL_Semanal_20251114.csv | raw/sftp/fabrica/GEFUS/ANTERIORES/Dados_Prioritarios_Contratacoes_MCMV_FAR_FDS_RURAL_Semanal_20251121.csv | raw/sftp/fabrica/GEFUS/ANTERIORES/Dados_Prioritarios_Contratacoes_MCMV_FAR_FDS_RURAL_Semanal_20251128.csv | raw/sftp/fabrica/GEFUS/ANTERIORES/INT021_MinisterioCidades_FAR_BB_PF_20251128_CONTINGENCIA.TXT
MOV_FINANCEIRA_FAR_20251125_040910.csv_Error.txt,OneDrive_2026-08-19 (3).zip,__Novo MCMV - FAR/Arquivados/Arquivo 2025 - Financeiro/MOV_FINANCEIRA_FAR_20251125_040910.csv_Error.txt,.txt,dado_tabular_ou_serializado,far,nao_identificada,2025-11,pista_semantica_mesma_frente_periodo_fonte,6,raw/sftp/fabrica/GEFUS/ANTERIORES/Dados_Prioritarios_Contratacoes_MCMV_FAR_FDS_RURAL_Semanal_20251107.csv | raw/sftp/fabrica/GEFUS/ANTERIORES/Dados_Prioritarios_Contratacoes_MCMV_FAR_FDS_RURAL_Semanal_20251114.csv | raw/sftp/fabrica/GEFUS/ANTERIORES/Dados_Prioritarios_Contratacoes_MCMV_FAR_FDS_RURAL_Semanal_20251121.csv | raw/sftp/fabrica/GEFUS/ANTERIORES/Dados_Prioritarios_Contratacoes_MCMV_FAR_FDS_RURAL_Semanal_20251128.csv | raw/sftp/fabrica/GEFUS/ANTERIORES/INT021_MinisterioCidades_FAR_BB_PF_20251128_CONTINGENCIA.TXT
MOV_FINANCEIRA_FAR_20251126_041004.csv_Error.txt,OneDrive_2026-08-19 (3).zip,__Novo MCMV - FAR/Arquivados/Arquivo 2025 - Financeiro/MOV_FINANCEIRA_FAR_20251126_041004.csv_Error.txt,.txt,dado_tabular_ou_serializado,far,nao_identificada,2025-11,pista_semantica_mesma_frente_periodo_fonte,6,raw/sftp/fabrica/GEFUS/ANTERIORES/Dados_Prioritarios_Contratacoes_MCMV_FAR_FDS_RURAL_Semanal_20251107.csv | raw/sftp/fabrica/GEFUS/ANTERIORES/Dados_Prioritarios_Contratacoes_MCMV_FAR_FDS_RURAL_Semanal_20251114.csv | raw/sftp/fabrica/GEFUS/ANTERIORES/Dados_Prioritarios_Contratacoes_MCMV_FAR_FDS_RURAL_Semanal_20251121.csv | raw/sftp/fabrica/GEFUS/ANTERIORES/Dados_Prioritarios_Contratacoes_MCMV_FAR_FDS_RURAL_Semanal_20251128.csv | raw/sftp/fabrica/GEFUS/ANTERIORES/INT021_MinisterioCidades_FAR_BB_PF_20251128_CONTINGENCIA.TXT
MOV_FINANCEIRA_FAR_20251128_041024.csv_Error.txt,OneDrive_2026-08-19 (3).zip,__Novo MCMV - FAR/Arquivados/Arquivo 2025 - Financeiro/MOV_FINANCEIRA_FAR_20251128_041024.csv_Error.txt,.txt,dado_tabular_ou_serializado,far,nao_identificada,2025-11,pista_semantica_mesma_frente_periodo_fonte,6,raw/sftp/fabrica/GEFUS/ANTERIORES/Dados_Prioritarios_Contratacoes_MCMV_FAR_FDS_RURAL_Semanal_20251107.csv | raw/sftp/fabrica/GEFUS/ANTERIORES/Dados_Prioritarios_Contratacoes_MCMV_FAR_FDS_RURAL_Semanal_20251114.csv | raw/sftp/fabrica/GEFUS/ANTERIORES/Dados_Prioritarios_Contratacoes_MCMV_FAR_FDS_RURAL_Semanal_20251121.csv | raw/sftp/fabrica/GEFUS/ANTERIORES/Dados_Prioritarios_Contratacoes_MCMV_FAR_FDS_RURAL_Semanal_20251128.csv | raw/sftp/fabrica/GEFUS/ANTERIORES/INT021_MinisterioCidades_FAR_BB_PF_20251128_CONTINGENCIA.TXT
MOV_FINANCEIRA_FAR_20251201_041005.csv_Error.txt,OneDrive_2026-08-19 (3).zip,__Novo MCMV - FAR/Arquivados/Arquivo 2025 - Financeiro/MOV_FINANCEIRA_FAR_20251201_041005.csv_Error.txt,.txt,dado_tabular_ou_serializado,far,nao_identificada,2025-12,pista_semantica_mesma_frente_periodo_fonte,4,raw/sftp/fabrica/GEFUS/ANTERIORES/Dados_Prioritarios_Contratacoes_MCMV_FAR_FDS_RURAL_Semanal_20251205.csv | raw/sftp/fabrica/GEFUS/ANTERIORES/Dados_Prioritarios_Contratacoes_MCMV_FAR_FDS_RURAL_Semanal_20251212.csv | raw/sftp/fabrica/GEFUS/ANTERIORES/Dados_Prioritarios_Contratacoes_MCMV_FAR_FDS_RURAL_Semanal_20251219.csv | raw/sftp/fabrica/GEFUS/ANTERIORES/Dados_Prioritarios_Contratacoes_MCMV_FAR_FDS_RURAL_Semanal_20251226.csv
MOV_FINANCEIRA_FAR_20251202_040954.csv_Error.txt,OneDrive_2026-08-19 (3).zip,__Novo MCMV - FAR/Arquivados/Arquivo 2025 - Financeiro/MOV_FINANCEIRA_FAR_20251202_040954.csv_Error.txt,.txt,dado_tabular_ou_serializado,far,nao_identificada,2025-12,pista_semantica_mesma_frente_periodo_fonte,4,raw/sftp/fabrica/GEFUS/ANTERIORES/Dados_Prioritarios_Contratacoes_MCMV_FAR_FDS_RURAL_Semanal_20251205.csv | raw/sftp/fabrica/GEFUS/ANTERIORES/Dados_Prioritarios_Contratacoes_MCMV_FAR_FDS_RURAL_Semanal_20251212.csv | raw/sftp/fabrica/GEFUS/ANTERIORES/Dados_Prioritarios_Contratacoes_MCMV_FAR_FDS_RURAL_Semanal_20251219.csv | raw/sftp/fabrica/GEFUS/ANTERIORES/Dados_Prioritarios_Contratacoes_MCMV_FAR_FDS_RURAL_Semanal_20251226.csv
MOV_FINANCEIRA_FAR_20251204_040952.csv_Error.txt,OneDrive_2026-08-19 (3).zip,__Novo MCMV - FAR/Arquivados/Arquivo 2025 - Financeiro/MOV_FINANCEIRA_FAR_20251204_040952.csv_Error.txt,.txt,dado_tabular_ou_serializado,far,nao_identificada,2025-12,pista_semantica_mesma_frente_periodo_fonte,4,raw/sftp/fabrica/GEFUS/ANTERIORES/Dados_Prioritarios_Contratacoes_MCMV_FAR_FDS_RURAL_Semanal_20251205.csv | raw/sftp/fabrica/GEFUS/ANTERIORES/Dados_Prioritarios_Contratacoes_MCMV_FAR_FDS_RURAL_Semanal_20251212.csv | raw/sftp/fabrica/GEFUS/ANTERIORES/Dados_Prioritarios_Contratacoes_MCMV_FAR_FDS_RURAL_Semanal_20251219.csv | raw/sftp/fabrica/GEFUS/ANTERIORES/Dados_Prioritarios_Contratacoes_MCMV_FAR_FDS_RURAL_Semanal_20251226.csv
MOV_FINANCEIRA_FAR_20251208_041004.csv_Error.txt,OneDrive_2026-08-19 (3).zip,__Novo MCMV - FAR/Arquivados/Arquivo 2025 - Financeiro/MOV_FINANCEIRA_FAR_20251208_041004.csv_Error.txt,.txt,dado_tabular_ou_serializado,far,nao_identificada,2025-12,pista_semantica_mesma_frente_periodo_fonte,4,raw/sftp/fabrica/GEFUS/ANTERIORES/Dados_Prioritarios_Contratacoes_MCMV_FAR_FDS_RURAL_Semanal_20251205.csv | raw/sftp/fabrica/GEFUS/ANTERIORES/Dados_Prioritarios_Contratacoes_MCMV_FAR_FDS_RURAL_Semanal_20251212.csv | raw/sftp/fabrica/GEFUS/ANTERIORES/Dados_Prioritarios_Contratacoes_MCMV_FAR_FDS_RURAL_Semanal_20251219.csv | raw/sftp/fabrica/GEFUS/ANTERIORES/Dados_Prioritarios_Contratacoes_MCMV_FAR_FDS_RURAL_Semanal_20251226.csv
MOV_FINANCEIRA_FAR_20251209_040905.csv_Error.txt,OneDrive_2026-08-19 (3).zip,__Novo MCMV - FAR/Arquivados/Arquivo 2025 - Financeiro/MOV_FINANCEIRA_FAR_20251209_040905.csv_Error.txt,.txt,dado_tabular_ou_serializado,far,nao_identificada,2025-12,pista_semantica_mesma_frente_periodo_fonte,4,raw/sftp/fabrica/GEFUS/ANTERIORES/Dados_Prioritarios_Contratacoes_MCMV_FAR_FDS_RURAL_Semanal_20251205.csv | raw/sftp/fabrica/GEFUS/ANTERIORES/Dados_Prioritarios_Contratacoes_MCMV_FAR_FDS_RURAL_Semanal_20251212.csv | raw/sftp/fabrica/GEFUS/ANTERIORES/Dados_Prioritarios_Contratacoes_MCMV_FAR_FDS_RURAL_Semanal_20251219.csv | raw/sftp/fabrica/GEFUS/ANTERIORES/Dados_Prioritarios_Contratacoes_MCMV_FAR_FDS_RURAL_Semanal_20251226.csv
MOV_FINANCEIRA_FAR_20251210_041119.csv_Error.txt,OneDrive_2026-08-19 (3).zip,__Novo MCMV - FAR/Arquivados/Arquivo 2025 - Financeiro/MOV_FINANCEIRA_FAR_20251210_041119.csv_Error.txt,.txt,dado_tabular_ou_serializado,far,nao_identificada,2025-12,pista_semantica_mesma_frente_periodo_fonte,4,raw/sftp/fabrica/GEFUS/ANTERIORES/Dados_Prioritarios_Contratacoes_MCMV_FAR_FDS_RURAL_Semanal_20251205.csv | raw/sftp/fabrica/GEFUS/ANTERIORES/Dados_Prioritarios_Contratacoes_MCMV_FAR_FDS_RURAL_Semanal_20251212.csv | raw/sftp/fabrica/GEFUS/ANTERIORES/Dados_Prioritarios_Contratacoes_MCMV_FAR_FDS_RURAL_Semanal_20251219.csv | raw/sftp/fabrica/GEFUS/ANTERIORES/Dados_Prioritarios_Contratacoes_MCMV_FAR_FDS_RURAL_Semanal_20251226.csv
MOV_FINANCEIRA_FAR_20251211_040905.csv_Error.txt,OneDrive_2026-08-19 (3).zip,__Novo MCMV - FAR/Arquivados/Arquivo 2025 - Financeiro/MOV_FINANCEIRA_FAR_20251211_040905.csv_Error.txt,.txt,dado_tabular_ou_serializado,far,nao_identificada,2025-12,pista_semantica_mesma_frente_periodo_fonte,4,raw/sftp/fabrica/GEFUS/ANTERIORES/Dados_Prioritarios_Contratacoes_MCMV_FAR_FDS_RURAL_Semanal_20251205.csv | raw/sftp/fabrica/GEFUS/ANTERIORES/Dados_Prioritarios_Contratacoes_MCMV_FAR_FDS_RURAL_Semanal_20251212.csv | raw/sftp/fabrica/GEFUS/ANTERIORES/Dados_Prioritarios_Contratacoes_MCMV_FAR_FDS_RURAL_Semanal_20251219.csv | raw/sftp/fabrica/GEFUS/ANTERIORES/Dados_Prioritarios_Contratacoes_MCMV_FAR_FDS_RURAL_Semanal_20251226.csv
MOV_FINANCEIRA_FAR_20251212_103007.csv_Error.txt,OneDrive_2026-08-19 (3).zip,__Novo MCMV - FAR/Arquivados/Arquivo 2025 - Financeiro/MOV_FINANCEIRA_FAR_20251212_103007.csv_Error.txt,.txt,dado_tabular_ou_serializado,far,nao_identificada,2025-12,pista_semantica_mesma_frente_periodo_fonte,4,raw/sftp/fabrica/GEFUS/ANTERIORES/Dados_Prioritarios_Contratacoes_MCMV_FAR_FDS_RURAL_Semanal_20251205.csv | raw/sftp/fabrica/GEFUS/ANTERIORES/Dados_Prioritarios_Contratacoes_MCMV_FAR_FDS_RURAL_Semanal_20251212.csv | raw/sftp/fabrica/GEFUS/ANTERIORES/Dados_Prioritarios_Contratacoes_MCMV_FAR_FDS_RURAL_Semanal_20251219.csv | raw/sftp/fabrica/GEFUS/ANTERIORES/Dados_Prioritarios_Contratacoes_MCMV_FAR_FDS_RURAL_Semanal_20251226.csv
MOV_FINANCEIRA_FAR_20251215_103014.csv_Error.txt,OneDrive_2026-08-19 (3).zip,__Novo MCMV - FAR/Arquivados/Arquivo 2025 - Financeiro/MOV_FINANCEIRA_FAR_20251215_103014.csv_Error.txt,.txt,dado_tabular_ou_serializado,far,nao_identificada,2025-12,pista_semantica_mesma_frente_periodo_fonte,4,raw/sftp/fabrica/GEFUS/ANTERIORES/Dados_Prioritarios_Contratacoes_MCMV_FAR_FDS_RURAL_Semanal_20251205.csv | raw/sftp/fabrica/GEFUS/ANTERIORES/Dados_Prioritarios_Contratacoes_MCMV_FAR_FDS_RURAL_Semanal_20251212.csv | raw/sftp/fabrica/GEFUS/ANTERIORES/Dados_Prioritarios_Contratacoes_MCMV_FAR_FDS_RURAL_Semanal_20251219.csv | raw/sftp/fabrica/GEFUS/ANTERIORES/Dados_Prioritarios_Contratacoes_MCMV_FAR_FDS_RURAL_Semanal_20251226.csv
MOV_FINANCEIRA_FAR_20251216_103012.csv_Error.txt,OneDrive_2026-08-19 (3).zip,__Novo MCMV - FAR/Arquivados/Arquivo 2025 - Financeiro/MOV_FINANCEIRA_FAR_20251216_103012.csv_Error.txt,.txt,dado_tabular_ou_serializado,far,nao_identificada,2025-12,pista_semantica_mesma_frente_periodo_fonte,4,raw/sftp/fabrica/GEFUS/ANTERIORES/Dados_Prioritarios_Contratacoes_MCMV_FAR_FDS_RURAL_Semanal_20251205.csv | raw/sftp/fabrica/GEFUS/ANTERIORES/Dados_Prioritarios_Contratacoes_MCMV_FAR_FDS_RURAL_Semanal_20251212.csv | raw/sftp/fabrica/GEFUS/ANTERIORES/Dados_Prioritarios_Contratacoes_MCMV_FAR_FDS_RURAL_Semanal_20251219.csv | raw/sftp/fabrica/GEFUS/ANTERIORES/Dados_Prioritarios_Contratacoes_MCMV_FAR_FDS_RURAL_Semanal_20251226.csv
MOV_FINANCEIRA_FAR_20251217_103005.csv_Error.txt,OneDrive_2026-08-19 (3).zip,__Novo MCMV - FAR/Arquivados/Arquivo 2025 - Financeiro/MOV_FINANCEIRA_FAR_20251217_103005.csv_Error.txt,.txt,dado_tabular_ou_serializado,far,nao_identificada,2025-12,pista_semantica_mesma_frente_periodo_fonte,4,raw/sftp/fabrica/GEFUS/ANTERIORES/Dados_Prioritarios_Contratacoes_MCMV_FAR_FDS_RURAL_Semanal_20251205.csv | raw/sftp/fabrica/GEFUS/ANTERIORES/Dados_Prioritarios_Contratacoes_MCMV_FAR_FDS_RURAL_Semanal_20251212.csv | raw/sftp/fabrica/GEFUS/ANTERIORES/Dados_Prioritarios_Contratacoes_MCMV_FAR_FDS_RURAL_Semanal_20251219.csv | raw/sftp/fabrica/GEFUS/ANTERIORES/Dados_Prioritarios_Contratacoes_MCMV_FAR_FDS_RURAL_Semanal_20251226.csv
MOV_FINANCEIRA_FAR_20251218_103004.csv_Error.txt,OneDrive_2026-08-19 (3).zip,__Novo MCMV - FAR/Arquivados/Arquivo 2025 - Financeiro/MOV_FINANCEIRA_FAR_20251218_103004.csv_Error.txt,.txt,dado_tabular_ou_serializado,far,nao_identificada,2025-12,pista_semantica_mesma_frente_periodo_fonte,4,raw/sftp/fabrica/GEFUS/ANTERIORES/Dados_Prioritarios_Contratacoes_MCMV_FAR_FDS_RURAL_Semanal_20251205.csv | raw/sftp/fabrica/GEFUS/ANTERIORES/Dados_Prioritarios_Contratacoes_MCMV_FAR_FDS_RURAL_Semanal_20251212.csv | raw/sftp/fabrica/GEFUS/ANTERIORES/Dados_Prioritarios_Contratacoes_MCMV_FAR_FDS_RURAL_Semanal_20251219.csv | raw/sftp/fabrica/GEFUS/ANTERIORES/Dados_Prioritarios_Contratacoes_MCMV_FAR_FDS_RURAL_Semanal_20251226.csv
MOV_FINANCEIRA_FAR_20251219_103005.csv_Error.txt,OneDrive_2026-08-19 (3).zip,__Novo MCMV - FAR/Arquivados/Arquivo 2025 - Financeiro/MOV_FINANCEIRA_FAR_20251219_103005.csv_Error.txt,.txt,dado_tabular_ou_serializado,far,nao_identificada,2025-12,pista_semantica_mesma_frente_periodo_fonte,4,raw/sftp/fabrica/GEFUS/ANTERIORES/Dados_Prioritarios_Contratacoes_MCMV_FAR_FDS_RURAL_Semanal_20251205.csv | raw/sftp/fabrica/GEFUS/ANTERIORES/Dados_Prioritarios_Contratacoes_MCMV_FAR_FDS_RURAL_Semanal_20251212.csv | raw/sftp/fabrica/GEFUS/ANTERIORES/Dados_Prioritarios_Contratacoes_MCMV_FAR_FDS_RURAL_Semanal_20251219.csv | raw/sftp/fabrica/GEFUS/ANTERIORES/Dados_Prioritarios_Contratacoes_MCMV_FAR_FDS_RURAL_Semanal_20251226.csv
MOV_FINANCEIRA_FAR_20251222_103010.csv_Error.txt,OneDrive_2026-08-19 (3).zip,__Novo MCMV - FAR/Arquivados/Arquivo 2025 - Financeiro/MOV_FINANCEIRA_FAR_20251222_103010.csv_Error.txt,.txt,dado_tabular_ou_serializado,far,nao_identificada,2025-12,pista_semantica_mesma_frente_periodo_fonte,4,raw/sftp/fabrica/GEFUS/ANTERIORES/Dados_Prioritarios_Contratacoes_MCMV_FAR_FDS_RURAL_Semanal_20251205.csv | raw/sftp/fabrica/GEFUS/ANTERIORES/Dados_Prioritarios_Contratacoes_MCMV_FAR_FDS_RURAL_Semanal_20251212.csv | raw/sftp/fabrica/GEFUS/ANTERIORES/Dados_Prioritarios_Contratacoes_MCMV_FAR_FDS_RURAL_Semanal_20251219.csv | raw/sftp/fabrica/GEFUS/ANTERIORES/Dados_Prioritarios_Contratacoes_MCMV_FAR_FDS_RURAL_Semanal_20251226.csv
MOV_FINANCEIRA_FAR_20251223_103003.csv_Error.txt,OneDrive_2026-08-19 (3).zip,__Novo MCMV - FAR/Arquivados/Arquivo 2025 - Financeiro/MOV_FINANCEIRA_FAR_20251223_103003.csv_Error.txt,.txt,dado_tabular_ou_serializado,far,nao_identificada,2025-12,pista_semantica_mesma_frente_periodo_fonte,4,raw/sftp/fabrica/GEFUS/ANTERIORES/Dados_Prioritarios_Contratacoes_MCMV_FAR_FDS_RURAL_Semanal_20251205.csv | raw/sftp/fabrica/GEFUS/ANTERIORES/Dados_Prioritarios_Contratacoes_MCMV_FAR_FDS_RURAL_Semanal_20251212.csv | raw/sftp/fabrica/GEFUS/ANTERIORES/Dados_Prioritarios_Contratacoes_MCMV_FAR_FDS_RURAL_Semanal_20251219.csv | raw/sftp/fabrica/GEFUS/ANTERIORES/Dados_Prioritarios_Contratacoes_MCMV_FAR_FDS_RURAL_Semanal_20251226.csv
MOV_FINANCEIRA_FAR_20251224_103004.csv_Error.txt,OneDrive_2026-08-19 (3).zip,__Novo MCMV - FAR/Arquivados/Arquivo 2025 - Financeiro/MOV_FINANCEIRA_FAR_20251224_103004.csv_Error.txt,.txt,dado_tabular_ou_serializado,far,nao_identificada,2025-12,pista_semantica_mesma_frente_periodo_fonte,4,raw/sftp/fabrica/GEFUS/ANTERIORES/Dados_Prioritarios_Contratacoes_MCMV_FAR_FDS_RURAL_Semanal_20251205.csv | raw/sftp/fabrica/GEFUS/ANTERIORES/Dados_Prioritarios_Contratacoes_MCMV_FAR_FDS_RURAL_Semanal_20251212.csv | raw/sftp/fabrica/GEFUS/ANTERIORES/Dados_Prioritarios_Contratacoes_MCMV_FAR_FDS_RURAL_Semanal_20251219.csv | raw/sftp/fabrica/GEFUS/ANTERIORES/Dados_Prioritarios_Contratacoes_MCMV_FAR_FDS_RURAL_Semanal_20251226.csv
MOV_FINANCEIRA_FAR_20251229_103002.csv_Error.txt,OneDrive_2026-08-19 (3).zip,__Novo MCMV - FAR/Arquivados/Arquivo 2025 - Financeiro/MOV_FINANCEIRA_FAR_20251229_103002.csv_Error.txt,.txt,dado_tabular_ou_serializado,far,nao_identificada,2025-12,pista_semantica_mesma_frente_periodo_fonte,4,raw/sftp/fabrica/GEFUS/ANTERIORES/Dados_Prioritarios_Contratacoes_MCMV_FAR_FDS_RURAL_Semanal_20251205.csv | raw/sftp/fabrica/GEFUS/ANTERIORES/Dados_Prioritarios_Contratacoes_MCMV_FAR_FDS_RURAL_Semanal_20251212.csv | raw/sftp/fabrica/GEFUS/ANTERIORES/Dados_Prioritarios_Contratacoes_MCMV_FAR_FDS_RURAL_Semanal_20251219.csv | raw/sftp/fabrica/GEFUS/ANTERIORES/Dados_Prioritarios_Contratacoes_MCMV_FAR_FDS_RURAL_Semanal_20251226.csv
MOV_FINANCEIRA_FAR_MENSAL_20251201_041005.csv_Error.txt,OneDrive_2026-08-19 (3).zip,__Novo MCMV - FAR/Arquivados/Arquivo 2025 - Financeiro/MOV_FINANCEIRA_FAR_MENSAL_20251201_041005.csv_Error.txt,.txt,dado_tabular_ou_serializado,far,nao_identificada,2025-12,pista_semantica_mesma_frente_periodo_fonte,4,raw/sftp/fabrica/GEFUS/ANTERIORES/Dados_Prioritarios_Contratacoes_MCMV_FAR_FDS_RURAL_Semanal_20251205.csv | raw/sftp/fabrica/GEFUS/ANTERIORES/Dados_Prioritarios_Contratacoes_MCMV_FAR_FDS_RURAL_Semanal_20251212.csv | raw/sftp/fabrica/GEFUS/ANTERIORES/Dados_Prioritarios_Contratacoes_MCMV_FAR_FDS_RURAL_Semanal_20251219.csv | raw/sftp/fabrica/GEFUS/ANTERIORES/Dados_Prioritarios_Contratacoes_MCMV_FAR_FDS_RURAL_Semanal_20251226.csv
MONIT_MOV_OBRA_FAR_20250424_131326.csv_Error.txt,OneDrive_2026-08-19 (3).zip,__Novo MCMV - FAR/Arquivados/Arquivo 2025 - Obra/MONIT_MOV_OBRA_FAR_20250424_131326.csv_Error.txt,.txt,dado_tabular_ou_serializado,far,nao_identificada,2025-04,nao_encontrado_no_minio_consultado,0,
MONIT_MOV_OBRA_FAR_20250505_040205.csv_Error.txt,OneDrive_2026-08-19 (3).zip,__Novo MCMV - FAR/Arquivados/Arquivo 2025 - Obra/MONIT_MOV_OBRA_FAR_20250505_040205.csv_Error.txt,.txt,dado_tabular_ou_serializado,far,nao_identificada,2025-05,nao_encontrado_no_minio_consultado,0,
MONIT_MOV_OBRA_FAR_20250507_040111.csv_Error.txt,OneDrive_2026-08-19 (3).zip,__Novo MCMV - FAR/Arquivados/Arquivo 2025 - Obra/MONIT_MOV_OBRA_FAR_20250507_040111.csv_Error.txt,.txt,dado_tabular_ou_serializado,far,nao_identificada,2025-05,nao_encontrado_no_minio_consultado,0,
MONIT_MOV_OBRA_FAR_20250508_040110.csv_Error.txt,OneDrive_2026-08-19 (3).zip,__Novo MCMV - FAR/Arquivados/Arquivo 2025 - Obra/MONIT_MOV_OBRA_FAR_20250508_040110.csv_Error.txt,.txt,dado_tabular_ou_serializado,far,nao_identificada,2025-05,nao_encontrado_no_minio_consultado,0,
MONIT_MOV_OBRA_FAR_20250512_040117.csv_Error.txt,OneDrive_2026-08-19 (3).zip,__Novo MCMV - FAR/Arquivados/Arquivo 2025 - Obra/MONIT_MOV_OBRA_FAR_20250512_040117.csv_Error.txt,.txt,dado_tabular_ou_serializado,far,nao_identificada,2025-05,nao_encontrado_no_minio_consultado,0,
MONIT_MOV_OBRA_FAR_20250514_040113.csv_Error.txt,OneDrive_2026-08-19 (3).zip,__Novo MCMV - FAR/Arquivados/Arquivo 2025 - Obra/MONIT_MOV_OBRA_FAR_20250514_040113.csv_Error.txt,.txt,dado_tabular_ou_serializado,far,nao_identificada,2025-05,nao_encontrado_no_minio_consultado,0,
MONIT_MOV_OBRA_FAR_20250515_040120.csv_Error.txt,OneDrive_2026-08-19 (3).zip,__Novo MCMV - FAR/Arquivados/Arquivo 2025 - Obra/MONIT_MOV_OBRA_FAR_20250515_040120.csv_Error.txt,.txt,dado_tabular_ou_serializado,far,nao_identificada,2025-05,nao_encontrado_no_minio_consultado,0,
MONIT_MOV_OBRA_FAR_20250516_040112.csv_Error.txt,OneDrive_2026-08-19 (3).zip,__Novo MCMV - FAR/Arquivados/Arquivo 2025 - Obra/MONIT_MOV_OBRA_FAR_20250516_040112.csv_Error.txt,.txt,dado_tabular_ou_serializado,far,nao_identificada,2025-05,nao_encontrado_no_minio_consultado,0,
MONIT_MOV_OBRA_FAR_20250519_040117.csv_Error.txt,OneDrive_2026-08-19 (3).zip,__Novo MCMV - FAR/Arquivados/Arquivo 2025 - Obra/MONIT_MOV_OBRA_FAR_20250519_040117.csv_Error.txt,.txt,dado_tabular_ou_serializado,far,nao_identificada,2025-05,nao_encontrado_no_minio_consultado,0,
MONIT_MOV_OBRA_FAR_20250602_040125.csv_Error.txt,OneDrive_2026-08-19 (3).zip,__Novo MCMV - FAR/Arquivados/Arquivo 2025 - Obra/MONIT_MOV_OBRA_FAR_20250602_040125.csv_Error.txt,.txt,dado_tabular_ou_serializado,far,nao_identificada,2025-06,nao_encontrado_no_minio_consultado,0,
MONIT_MOV_OBRA_FAR_20250606_040118.csv_Error.txt,OneDrive_2026-08-19 (3).zip,__Novo MCMV - FAR/Arquivados/Arquivo 2025 - Obra/MONIT_MOV_OBRA_FAR_20250606_040118.csv_Error.txt,.txt,dado_tabular_ou_serializado,far,nao_identificada,2025-06,nao_encontrado_no_minio_consultado,0,
MONIT_MOV_OBRA_FAR_20250609_040115.csv_Error.txt,OneDrive_2026-08-19 (3).zip,__Novo MCMV - FAR/Arquivados/Arquivo 2025 - Obra/MONIT_MOV_OBRA_FAR_20250609_040115.csv_Error.txt,.txt,dado_tabular_ou_serializado,far,nao_identificada,2025-06,nao_encontrado_no_minio_consultado,0,
MONIT_MOV_OBRA_FAR_20250619_040113.csv_Error.txt,OneDrive_2026-08-19 (3).zip,__Novo MCMV - FAR/Arquivados/Arquivo 2025 - Obra/MONIT_MOV_OBRA_FAR_20250619_040113.csv_Error.txt,.txt,dado_tabular_ou_serializado,far,nao_identificada,2025-06,nao_encontrado_no_minio_consultado,0,
MONIT_MOV_OBRA_FAR_20250623_040116.csv_Error.txt,OneDrive_2026-08-19 (3).zip,__Novo MCMV - FAR/Arquivados/Arquivo 2025 - Obra/MONIT_MOV_OBRA_FAR_20250623_040116.csv_Error.txt,.txt,dado_tabular_ou_serializado,far,nao_identificada,2025-06,nao_encontrado_no_minio_consultado,0,
MONIT_MOV_OBRA_FAR_20250625_040112.csv_Error.txt,OneDrive_2026-08-19 (3).zip,__Novo MCMV - FAR/Arquivados/Arquivo 2025 - Obra/MONIT_MOV_OBRA_FAR_20250625_040112.csv_Error.txt,.txt,dado_tabular_ou_serializado,far,nao_identificada,2025-06,nao_encontrado_no_minio_consultado,0,
MONIT_MOV_OBRA_FAR_20250626_040120.csv_Error.txt,OneDrive_2026-08-19 (3).zip,__Novo MCMV - FAR/Arquivados/Arquivo 2025 - Obra/MONIT_MOV_OBRA_FAR_20250626_040120.csv_Error.txt,.txt,dado_tabular_ou_serializado,far,nao_identificada,2025-06,nao_encontrado_no_minio_consultado,0,
MONIT_MOV_OBRA_FAR_20250710_040124.csv_Error.txt,OneDrive_2026-08-19 (3).zip,__Novo MCMV - FAR/Arquivados/Arquivo 2025 - Obra/MONIT_MOV_OBRA_FAR_20250710_040124.csv_Error.txt,.txt,dado_tabular_ou_serializado,far,nao_identificada,2025-07,pista_semantica_mesma_frente_periodo_fonte,2,raw/sftp/fabrica/GEFUS/ANTERIORES/Dados_Prioritarios_Contratacoes_MCMV_FAR_FDS_RURAL_Semanal_20250730.xlsx | raw/sftp/fabrica/GEFUS/ANTERIORES/INT021_MinisterioCidades_FAR_BB_PF_20250731.TXT
MONIT_MOV_OBRA_FAR_20250718_040122.csv_Error.txt,OneDrive_2026-08-19 (3).zip,__Novo MCMV - FAR/Arquivados/Arquivo 2025 - Obra/MONIT_MOV_OBRA_FAR_20250718_040122.csv_Error.txt,.txt,dado_tabular_ou_serializado,far,nao_identificada,2025-07,pista_semantica_mesma_frente_periodo_fonte,2,raw/sftp/fabrica/GEFUS/ANTERIORES/Dados_Prioritarios_Contratacoes_MCMV_FAR_FDS_RURAL_Semanal_20250730.xlsx | raw/sftp/fabrica/GEFUS/ANTERIORES/INT021_MinisterioCidades_FAR_BB_PF_20250731.TXT
MONIT_MOV_OBRA_FAR_20250807_040137.csv_Error.txt,OneDrive_2026-08-19 (3).zip,__Novo MCMV - FAR/Arquivados/Arquivo 2025 - Obra/MONIT_MOV_OBRA_FAR_20250807_040137.csv_Error.txt,.txt,dado_tabular_ou_serializado,far,nao_identificada,2025-08,pista_semantica_mesma_frente_periodo_fonte,3,raw/sftp/fabrica/GEFUS/ANTERIORES/Dados_Prioritarios_Contratacoes_MCMV_FAR_FDS_RURAL_Semanal_20250815.csv | raw/sftp/fabrica/GEFUS/ANTERIORES/Dados_Prioritarios_Contratacoes_MCMV_FAR_FDS_RURAL_Semanal_20250822.csv | raw/sftp/fabrica/GEFUS/ANTERIORES/Dados_Prioritarios_Contratacoes_MCMV_FAR_FDS_RURAL_Semanal_20250829.csv
MONIT_MOV_OBRA_FAR_20250811_040135.csv_Error.txt,OneDrive_2026-08-19 (3).zip,__Novo MCMV - FAR/Arquivados/Arquivo 2025 - Obra/MONIT_MOV_OBRA_FAR_20250811_040135.csv_Error.txt,.txt,dado_tabular_ou_serializado,far,nao_identificada,2025-08,pista_semantica_mesma_frente_periodo_fonte,3,raw/sftp/fabrica/GEFUS/ANTERIORES/Dados_Prioritarios_Contratacoes_MCMV_FAR_FDS_RURAL_Semanal_20250815.csv | raw/sftp/fabrica/GEFUS/ANTERIORES/Dados_Prioritarios_Contratacoes_MCMV_FAR_FDS_RURAL_Semanal_20250822.csv | raw/sftp/fabrica/GEFUS/ANTERIORES/Dados_Prioritarios_Contratacoes_MCMV_FAR_FDS_RURAL_Semanal_20250829.csv
MONIT_MOV_OBRA_FAR_20250829_040350.csv_Error.txt,OneDrive_2026-08-19 (3).zip,__Novo MCMV - FAR/Arquivados/Arquivo 2025 - Obra/MONIT_MOV_OBRA_FAR_20250829_040350.csv_Error.txt,.txt,dado_tabular_ou_serializado,far,nao_identificada,2025-08,pista_semantica_mesma_frente_periodo_fonte,3,raw/sftp/fabrica/GEFUS/ANTERIORES/Dados_Prioritarios_Contratacoes_MCMV_FAR_FDS_RURAL_Semanal_20250815.csv | raw/sftp/fabrica/GEFUS/ANTERIORES/Dados_Prioritarios_Contratacoes_MCMV_FAR_FDS_RURAL_Semanal_20250822.csv | raw/sftp/fabrica/GEFUS/ANTERIORES/Dados_Prioritarios_Contratacoes_MCMV_FAR_FDS_RURAL_Semanal_20250829.csv
MONIT_MOV_OBRA_FAR_20251006_040146.csv_Error.txt,OneDrive_2026-08-19 (3).zip,__Novo MCMV - FAR/Arquivados/Arquivo 2025 - Obra/MONIT_MOV_OBRA_FAR_20251006_040146.csv_Error.txt,.txt,dado_tabular_ou_serializado,far,nao_identificada,2025-10,pista_semantica_mesma_frente_periodo_fonte,7,raw/sftp/fabrica/GEFUS/ANTERIORES/Dados_Prioritarios_Contratacoes_MCMV_FAR_FDS_RURAL_Semanal_20251003.csv | raw/sftp/fabrica/GEFUS/ANTERIORES/Dados_Prioritarios_Contratacoes_MCMV_FAR_FDS_RURAL_Semanal_20251010.csv | raw/sftp/fabrica/GEFUS/ANTERIORES/Dados_Prioritarios_Contratacoes_MCMV_FAR_FDS_RURAL_Semanal_20251017.csv | raw/sftp/fabrica/GEFUS/ANTERIORES/Dados_Prioritarios_Contratacoes_MCMV_FAR_FDS_RURAL_Semanal_20251024.csv | raw/sftp/fabrica/GEFUS/ANTERIORES/Dados_Prioritarios_Contratacoes_MCMV_FAR_FDS_RURAL_Semanal_20251031.csv
MONIT_MOV_OBRA_FAR_20251024_040235.csv_Error.txt,OneDrive_2026-08-19 (3).zip,__Novo MCMV - FAR/Arquivados/Arquivo 2025 - Obra/MONIT_MOV_OBRA_FAR_20251024_040235.csv_Error.txt,.txt,dado_tabular_ou_serializado,far,nao_identificada,2025-10,pista_semantica_mesma_frente_periodo_fonte,7,raw/sftp/fabrica/GEFUS/ANTERIORES/Dados_Prioritarios_Contratacoes_MCMV_FAR_FDS_RURAL_Semanal_20251003.csv | raw/sftp/fabrica/GEFUS/ANTERIORES/Dados_Prioritarios_Contratacoes_MCMV_FAR_FDS_RURAL_Semanal_20251010.csv | raw/sftp/fabrica/GEFUS/ANTERIORES/Dados_Prioritarios_Contratacoes_MCMV_FAR_FDS_RURAL_Semanal_20251017.csv | raw/sftp/fabrica/GEFUS/ANTERIORES/Dados_Prioritarios_Contratacoes_MCMV_FAR_FDS_RURAL_Semanal_20251024.csv | raw/sftp/fabrica/GEFUS/ANTERIORES/Dados_Prioritarios_Contratacoes_MCMV_FAR_FDS_RURAL_Semanal_20251031.csv
MONIT_MOV_OBRA_FAR_20251030_040153.csv_Error.txt,OneDrive_2026-08-19 (3).zip,__Novo MCMV - FAR/Arquivados/Arquivo 2025 - Obra/MONIT_MOV_OBRA_FAR_20251030_040153.csv_Error.txt,.txt,dado_tabular_ou_serializado,far,nao_identificada,2025-10,pista_semantica_mesma_frente_periodo_fonte,7,raw/sftp/fabrica/GEFUS/ANTERIORES/Dados_Prioritarios_Contratacoes_MCMV_FAR_FDS_RURAL_Semanal_20251003.csv | raw/sftp/fabrica/GEFUS/ANTERIORES/Dados_Prioritarios_Contratacoes_MCMV_FAR_FDS_RURAL_Semanal_20251010.csv | raw/sftp/fabrica/GEFUS/ANTERIORES/Dados_Prioritarios_Contratacoes_MCMV_FAR_FDS_RURAL_Semanal_20251017.csv | raw/sftp/fabrica/GEFUS/ANTERIORES/Dados_Prioritarios_Contratacoes_MCMV_FAR_FDS_RURAL_Semanal_20251024.csv | raw/sftp/fabrica/GEFUS/ANTERIORES/Dados_Prioritarios_Contratacoes_MCMV_FAR_FDS_RURAL_Semanal_20251031.csv
MONIT_MOV_OBRA_FAR_20251103_040209.csv_Error.txt,OneDrive_2026-08-19 (3).zip,__Novo MCMV - FAR/Arquivados/Arquivo 2025 - Obra/MONIT_MOV_OBRA_FAR_20251103_040209.csv_Error.txt,.txt,dado_tabular_ou_serializado,far,nao_identificada,2025-11,pista_semantica_mesma_frente_periodo_fonte,6,raw/sftp/fabrica/GEFUS/ANTERIORES/Dados_Prioritarios_Contratacoes_MCMV_FAR_FDS_RURAL_Semanal_20251107.csv | raw/sftp/fabrica/GEFUS/ANTERIORES/Dados_Prioritarios_Contratacoes_MCMV_FAR_FDS_RURAL_Semanal_20251114.csv | raw/sftp/fabrica/GEFUS/ANTERIORES/Dados_Prioritarios_Contratacoes_MCMV_FAR_FDS_RURAL_Semanal_20251121.csv | raw/sftp/fabrica/GEFUS/ANTERIORES/Dados_Prioritarios_Contratacoes_MCMV_FAR_FDS_RURAL_Semanal_20251128.csv | raw/sftp/fabrica/GEFUS/ANTERIORES/INT021_MinisterioCidades_FAR_BB_PF_20251128_CONTINGENCIA.TXT
MONIT_MOV_OBRA_FAR_20251201_040957.csv_Error.txt,OneDrive_2026-08-19 (3).zip,__Novo MCMV - FAR/Arquivados/Arquivo 2025 - Obra/MONIT_MOV_OBRA_FAR_20251201_040957.csv_Error.txt,.txt,dado_tabular_ou_serializado,far,nao_identificada,2025-12,pista_semantica_mesma_frente_periodo_fonte,4,raw/sftp/fabrica/GEFUS/ANTERIORES/Dados_Prioritarios_Contratacoes_MCMV_FAR_FDS_RURAL_Semanal_20251205.csv | raw/sftp/fabrica/GEFUS/ANTERIORES/Dados_Prioritarios_Contratacoes_MCMV_FAR_FDS_RURAL_Semanal_20251212.csv | raw/sftp/fabrica/GEFUS/ANTERIORES/Dados_Prioritarios_Contratacoes_MCMV_FAR_FDS_RURAL_Semanal_20251219.csv | raw/sftp/fabrica/GEFUS/ANTERIORES/Dados_Prioritarios_Contratacoes_MCMV_FAR_FDS_RURAL_Semanal_20251226.csv
MONIT_MOV_OBRA_FAR_20251208_040955.csv_Error.txt,OneDrive_2026-08-19 (3).zip,__Novo MCMV - FAR/Arquivados/Arquivo 2025 - Obra/MONIT_MOV_OBRA_FAR_20251208_040955.csv_Error.txt,.txt,dado_tabular_ou_serializado,far,nao_identificada,2025-12,pista_semantica_mesma_frente_periodo_fonte,4,raw/sftp/fabrica/GEFUS/ANTERIORES/Dados_Prioritarios_Contratacoes_MCMV_FAR_FDS_RURAL_Semanal_20251205.csv | raw/sftp/fabrica/GEFUS/ANTERIORES/Dados_Prioritarios_Contratacoes_MCMV_FAR_FDS_RURAL_Semanal_20251212.csv | raw/sftp/fabrica/GEFUS/ANTERIORES/Dados_Prioritarios_Contratacoes_MCMV_FAR_FDS_RURAL_Semanal_20251219.csv | raw/sftp/fabrica/GEFUS/ANTERIORES/Dados_Prioritarios_Contratacoes_MCMV_FAR_FDS_RURAL_Semanal_20251226.csv
MONIT_MOV_OBRA_FAR_DIARIO_20251230_040925.CSV_Error.txt,OneDrive_2026-08-19 (3).zip,__Novo MCMV - FAR/Arquivados/Arquivo 2025 - Obra/MONIT_MOV_OBRA_FAR_DIARIO_20251230_040925.CSV_Error.txt,.txt,dado_tabular_ou_serializado,far,nao_identificada,2025-12,pista_semantica_mesma_frente_periodo_fonte,4,raw/sftp/fabrica/GEFUS/ANTERIORES/Dados_Prioritarios_Contratacoes_MCMV_FAR_FDS_RURAL_Semanal_20251205.csv | raw/sftp/fabrica/GEFUS/ANTERIORES/Dados_Prioritarios_Contratacoes_MCMV_FAR_FDS_RURAL_Semanal_20251212.csv | raw/sftp/fabrica/GEFUS/ANTERIORES/Dados_Prioritarios_Contratacoes_MCMV_FAR_FDS_RURAL_Semanal_20251219.csv | raw/sftp/fabrica/GEFUS/ANTERIORES/Dados_Prioritarios_Contratacoes_MCMV_FAR_FDS_RURAL_Semanal_20251226.csv
MONIT_MOV_OBRA_FAR_DIARIO_20260105_041004.CSV_Error.txt,OneDrive_2026-08-19 (3).zip,__Novo MCMV - FAR/Arquivados/Arquivo 2025 - Obra/MONIT_MOV_OBRA_FAR_DIARIO_20260105_041004.CSV_Error.txt,.txt,dado_tabular_ou_serializado,far,nao_identificada,2026-01,pista_semantica_mesma_frente_periodo_fonte,5,raw/sftp/fabrica/GEFUS/ANTERIORES/Dados_Prioritarios_Contratacoes_MCMV_FAR_FDS_RURAL_Semanal_20260102.csv | raw/sftp/fabrica/GEFUS/ANTERIORES/Dados_Prioritarios_Contratacoes_MCMV_FAR_FDS_RURAL_Semanal_20260109.csv | raw/sftp/fabrica/GEFUS/ANTERIORES/Dados_Prioritarios_Contratacoes_MCMV_FAR_FDS_RURAL_Semanal_20260116.csv | raw/sftp/fabrica/GEFUS/ANTERIORES/Dados_Prioritarios_Contratacoes_MCMV_FAR_FDS_RURAL_Semanal_20260123.csv | raw/sftp/fabrica/GEFUS/ANTERIORES/Dados_Prioritarios_Contratacoes_MCMV_FAR_FDS_RURAL_Semanal_20260130.csv
MONIT_CAD_PJ_FAR_DIARIO_20260105_040951.CSV_Error.txt,OneDrive_2026-08-19 (3).zip,__Novo MCMV - FAR/Cadastro_PJ_Semanal/MONIT_CAD_PJ_FAR_DIARIO_20260105_040951.CSV_Error.txt,.txt,dado_tabular_ou_serializado,far,nao_identificada,2026-01,pista_semantica_mesma_frente_periodo_fonte,5,raw/sftp/fabrica/GEFUS/ANTERIORES/Dados_Prioritarios_Contratacoes_MCMV_FAR_FDS_RURAL_Semanal_20260102.csv | raw/sftp/fabrica/GEFUS/ANTERIORES/Dados_Prioritarios_Contratacoes_MCMV_FAR_FDS_RURAL_Semanal_20260109.csv | raw/sftp/fabrica/GEFUS/ANTERIORES/Dados_Prioritarios_Contratacoes_MCMV_FAR_FDS_RURAL_Semanal_20260116.csv | raw/sftp/fabrica/GEFUS/ANTERIORES/Dados_Prioritarios_Contratacoes_MCMV_FAR_FDS_RURAL_Semanal_20260123.csv | raw/sftp/fabrica/GEFUS/ANTERIORES/Dados_Prioritarios_Contratacoes_MCMV_FAR_FDS_RURAL_Semanal_20260130.csv
MONIT_CAD_PJ_FAR_MENSAL_202512_041016.CSV_Error.txt,OneDrive_2026-08-19 (3).zip,__Novo MCMV - FAR/FAR - Cadastro PJ - Mensal/MONIT_CAD_PJ_FAR_MENSAL_202512_041016.CSV_Error.txt,.txt,dado_tabular_ou_serializado,far,nao_identificada,2025-12,pista_semantica_mesma_frente_periodo_fonte,4,raw/sftp/fabrica/GEFUS/ANTERIORES/Dados_Prioritarios_Contratacoes_MCMV_FAR_FDS_RURAL_Semanal_20251205.csv | raw/sftp/fabrica/GEFUS/ANTERIORES/Dados_Prioritarios_Contratacoes_MCMV_FAR_FDS_RURAL_Semanal_20251212.csv | raw/sftp/fabrica/GEFUS/ANTERIORES/Dados_Prioritarios_Contratacoes_MCMV_FAR_FDS_RURAL_Semanal_20251219.csv | raw/sftp/fabrica/GEFUS/ANTERIORES/Dados_Prioritarios_Contratacoes_MCMV_FAR_FDS_RURAL_Semanal_20251226.csv
MONIT_CAD_PJ_FAR_MENSAL_202512_041016.xlsx_Error.txt,OneDrive_2026-08-19 (3).zip,__Novo MCMV - FAR/FAR - Cadastro PJ - Mensal/MONIT_CAD_PJ_FAR_MENSAL_202512_041016.xlsx_Error.txt,.txt,dado_tabular_ou_serializado,far,nao_identificada,2025-12,pista_semantica_mesma_frente_periodo_fonte,4,raw/sftp/fabrica/GEFUS/ANTERIORES/Dados_Prioritarios_Contratacoes_MCMV_FAR_FDS_RURAL_Semanal_20251205.csv | raw/sftp/fabrica/GEFUS/ANTERIORES/Dados_Prioritarios_Contratacoes_MCMV_FAR_FDS_RURAL_Semanal_20251212.csv | raw/sftp/fabrica/GEFUS/ANTERIORES/Dados_Prioritarios_Contratacoes_MCMV_FAR_FDS_RURAL_Semanal_20251219.csv | raw/sftp/fabrica/GEFUS/ANTERIORES/Dados_Prioritarios_Contratacoes_MCMV_FAR_FDS_RURAL_Semanal_20251226.csv
MONIT_CAD_PJ_FAR_MENSAL_202601_042218.CSV_Error.txt,OneDrive_2026-08-19 (3).zip,__Novo MCMV - FAR/FAR - Cadastro PJ - Mensal/MONIT_CAD_PJ_FAR_MENSAL_202601_042218.CSV_Error.txt,.txt,dado_tabular_ou_serializado,far,nao_identificada,2026-01,pista_semantica_mesma_frente_periodo_fonte,5,raw/sftp/fabrica/GEFUS/ANTERIORES/Dados_Prioritarios_Contratacoes_MCMV_FAR_FDS_RURAL_Semanal_20260102.csv | raw/sftp/fabrica/GEFUS/ANTERIORES/Dados_Prioritarios_Contratacoes_MCMV_FAR_FDS_RURAL_Semanal_20260109.csv | raw/sftp/fabrica/GEFUS/ANTERIORES/Dados_Prioritarios_Contratacoes_MCMV_FAR_FDS_RURAL_Semanal_20260116.csv | raw/sftp/fabrica/GEFUS/ANTERIORES/Dados_Prioritarios_Contratacoes_MCMV_FAR_FDS_RURAL_Semanal_20260123.csv | raw/sftp/fabrica/GEFUS/ANTERIORES/Dados_Prioritarios_Contratacoes_MCMV_FAR_FDS_RURAL_Semanal_20260130.csv
anexos_mcid.zip_Error.txt,OneDrive_2026-08-19 (3).zip,__Novo MCMV - FAR/FAR - Consolidado/anexos_mcid.zip_Error.txt,.txt,dado_tabular_ou_serializado,far,nao_identificada,,nao_encontrado_no_minio_consultado,0,
MONIT_MOV_FINANC_FAR_DIARIO_20260105_103005.CSV_Error.txt,OneDrive_2026-08-19 (3).zip,__Novo MCMV - FAR/FAR - Financeiro - Semanal/MONIT_MOV_FINANC_FAR_DIARIO_20260105_103005.CSV_Error.txt,.txt,dado_tabular_ou_serializado,far,nao_identificada,2026-01,pista_semantica_mesma_frente_periodo_fonte,5,raw/sftp/fabrica/GEFUS/ANTERIORES/Dados_Prioritarios_Contratacoes_MCMV_FAR_FDS_RURAL_Semanal_20260102.csv | raw/sftp/fabrica/GEFUS/ANTERIORES/Dados_Prioritarios_Contratacoes_MCMV_FAR_FDS_RURAL_Semanal_20260109.csv | raw/sftp/fabrica/GEFUS/ANTERIORES/Dados_Prioritarios_Contratacoes_MCMV_FAR_FDS_RURAL_Semanal_20260116.csv | raw/sftp/fabrica/GEFUS/ANTERIORES/Dados_Prioritarios_Contratacoes_MCMV_FAR_FDS_RURAL_Semanal_20260123.csv | raw/sftp/fabrica/GEFUS/ANTERIORES/Dados_Prioritarios_Contratacoes_MCMV_FAR_FDS_RURAL_Semanal_20260130.csv
MONIT_MOV_FINANC_FAR_DIARIO_20260106_103006.CSV_Error.txt,OneDrive_2026-08-19 (3).zip,__Novo MCMV - FAR/FAR - Financeiro - Semanal/MONIT_MOV_FINANC_FAR_DIARIO_20260106_103006.CSV_Error.txt,.txt,dado_tabular_ou_serializado,far,nao_identificada,2026-01,pista_semantica_mesma_frente_periodo_fonte,5,raw/sftp/fabrica/GEFUS/ANTERIORES/Dados_Prioritarios_Contratacoes_MCMV_FAR_FDS_RURAL_Semanal_20260102.csv | raw/sftp/fabrica/GEFUS/ANTERIORES/Dados_Prioritarios_Contratacoes_MCMV_FAR_FDS_RURAL_Semanal_20260109.csv | raw/sftp/fabrica/GEFUS/ANTERIORES/Dados_Prioritarios_Contratacoes_MCMV_FAR_FDS_RURAL_Semanal_20260116.csv | raw/sftp/fabrica/GEFUS/ANTERIORES/Dados_Prioritarios_Contratacoes_MCMV_FAR_FDS_RURAL_Semanal_20260123.csv | raw/sftp/fabrica/GEFUS/ANTERIORES/Dados_Prioritarios_Contratacoes_MCMV_FAR_FDS_RURAL_Semanal_20260130.csv
MONIT_MOV_FINANC_FAR_DIARIO_20260107_103002.CSV_Error.txt,OneDrive_2026-08-19 (3).zip,__Novo MCMV - FAR/FAR - Financeiro - Semanal/MONIT_MOV_FINANC_FAR_DIARIO_20260107_103002.CSV_Error.txt,.txt,dado_tabular_ou_serializado,far,nao_identificada,2026-01,pista_semantica_mesma_frente_periodo_fonte,5,raw/sftp/fabrica/GEFUS/ANTERIORES/Dados_Prioritarios_Contratacoes_MCMV_FAR_FDS_RURAL_Semanal_20260102.csv | raw/sftp/fabrica/GEFUS/ANTERIORES/Dados_Prioritarios_Contratacoes_MCMV_FAR_FDS_RURAL_Semanal_20260109.csv | raw/sftp/fabrica/GEFUS/ANTERIORES/Dados_Prioritarios_Contratacoes_MCMV_FAR_FDS_RURAL_Semanal_20260116.csv | raw/sftp/fabrica/GEFUS/ANTERIORES/Dados_Prioritarios_Contratacoes_MCMV_FAR_FDS_RURAL_Semanal_20260123.csv | raw/sftp/fabrica/GEFUS/ANTERIORES/Dados_Prioritarios_Contratacoes_MCMV_FAR_FDS_RURAL_Semanal_20260130.csv
MONIT_MOV_FINANC_FAR_DIARIO_20260108_103003.CSV_Error.txt,OneDrive_2026-08-19 (3).zip,__Novo MCMV - FAR/FAR - Financeiro - Semanal/MONIT_MOV_FINANC_FAR_DIARIO_20260108_103003.CSV_Error.txt,.txt,dado_tabular_ou_serializado,far,nao_identificada,2026-01,pista_semantica_mesma_frente_periodo_fonte,5,raw/sftp/fabrica/GEFUS/ANTERIORES/Dados_Prioritarios_Contratacoes_MCMV_FAR_FDS_RURAL_Semanal_20260102.csv | raw/sftp/fabrica/GEFUS/ANTERIORES/Dados_Prioritarios_Contratacoes_MCMV_FAR_FDS_RURAL_Semanal_20260109.csv | raw/sftp/fabrica/GEFUS/ANTERIORES/Dados_Prioritarios_Contratacoes_MCMV_FAR_FDS_RURAL_Semanal_20260116.csv | raw/sftp/fabrica/GEFUS/ANTERIORES/Dados_Prioritarios_Contratacoes_MCMV_FAR_FDS_RURAL_Semanal_20260123.csv | raw/sftp/fabrica/GEFUS/ANTERIORES/Dados_Prioritarios_Contratacoes_MCMV_FAR_FDS_RURAL_Semanal_20260130.csv
MONIT_MOV_FINANC_FAR_DIARIO_20260109_103004.CSV_Error.txt,OneDrive_2026-08-19 (3).zip,__Novo MCMV - FAR/FAR - Financeiro - Semanal/MONIT_MOV_FINANC_FAR_DIARIO_20260109_103004.CSV_Error.txt,.txt,dado_tabular_ou_serializado,far,nao_identificada,2026-01,pista_semantica_mesma_frente_periodo_fonte,5,raw/sftp/fabrica/GEFUS/ANTERIORES/Dados_Prioritarios_Contratacoes_MCMV_FAR_FDS_RURAL_Semanal_20260102.csv | raw/sftp/fabrica/GEFUS/ANTERIORES/Dados_Prioritarios_Contratacoes_MCMV_FAR_FDS_RURAL_Semanal_20260109.csv | raw/sftp/fabrica/GEFUS/ANTERIORES/Dados_Prioritarios_Contratacoes_MCMV_FAR_FDS_RURAL_Semanal_20260116.csv | raw/sftp/fabrica/GEFUS/ANTERIORES/Dados_Prioritarios_Contratacoes_MCMV_FAR_FDS_RURAL_Semanal_20260123.csv | raw/sftp/fabrica/GEFUS/ANTERIORES/Dados_Prioritarios_Contratacoes_MCMV_FAR_FDS_RURAL_Semanal_20260130.csv
MONIT_MOV_FINANC_FAR_DIARIO_20260112_103003.CSV_Error.txt,OneDrive_2026-08-19 (3).zip,__Novo MCMV - FAR/FAR - Financeiro - Semanal/MONIT_MOV_FINANC_FAR_DIARIO_20260112_103003.CSV_Error.txt,.txt,dado_tabular_ou_serializado,far,nao_identificada,2026-01,pista_semantica_mesma_frente_periodo_fonte,5,raw/sftp/fabrica/GEFUS/ANTERIORES/Dados_Prioritarios_Contratacoes_MCMV_FAR_FDS_RURAL_Semanal_20260102.csv | raw/sftp/fabrica/GEFUS/ANTERIORES/Dados_Prioritarios_Contratacoes_MCMV_FAR_FDS_RURAL_Semanal_20260109.csv | raw/sftp/fabrica/GEFUS/ANTERIORES/Dados_Prioritarios_Contratacoes_MCMV_FAR_FDS_RURAL_Semanal_20260116.csv | raw/sftp/fabrica/GEFUS/ANTERIORES/Dados_Prioritarios_Contratacoes_MCMV_FAR_FDS_RURAL_Semanal_20260123.csv | raw/sftp/fabrica/GEFUS/ANTERIORES/Dados_Prioritarios_Contratacoes_MCMV_FAR_FDS_RURAL_Semanal_20260130.csv
MONIT_MOV_FINANC_FAR_DIARIO_20260113_103004.CSV_Error.txt,OneDrive_2026-08-19 (3).zip,__Novo MCMV - FAR/FAR - Financeiro - Semanal/MONIT_MOV_FINANC_FAR_DIARIO_20260113_103004.CSV_Error.txt,.txt,dado_tabular_ou_serializado,far,nao_identificada,2026-01,pista_semantica_mesma_frente_periodo_fonte,5,raw/sftp/fabrica/GEFUS/ANTERIORES/Dados_Prioritarios_Contratacoes_MCMV_FAR_FDS_RURAL_Semanal_20260102.csv | raw/sftp/fabrica/GEFUS/ANTERIORES/Dados_Prioritarios_Contratacoes_MCMV_FAR_FDS_RURAL_Semanal_20260109.csv | raw/sftp/fabrica/GEFUS/ANTERIORES/Dados_Prioritarios_Contratacoes_MCMV_FAR_FDS_RURAL_Semanal_20260116.csv | raw/sftp/fabrica/GEFUS/ANTERIORES/Dados_Prioritarios_Contratacoes_MCMV_FAR_FDS_RURAL_Semanal_20260123.csv | raw/sftp/fabrica/GEFUS/ANTERIORES/Dados_Prioritarios_Contratacoes_MCMV_FAR_FDS_RURAL_Semanal_20260130.csv
MONIT_MOV_FINANC_FAR_DIARIO_20260114_103002.CSV_Error.txt,OneDrive_2026-08-19 (3).zip,__Novo MCMV - FAR/FAR - Financeiro - Semanal/MONIT_MOV_FINANC_FAR_DIARIO_20260114_103002.CSV_Error.txt,.txt,dado_tabular_ou_serializado,far,nao_identificada,2026-01,pista_semantica_mesma_frente_periodo_fonte,5,raw/sftp/fabrica/GEFUS/ANTERIORES/Dados_Prioritarios_Contratacoes_MCMV_FAR_FDS_RURAL_Semanal_20260102.csv | raw/sftp/fabrica/GEFUS/ANTERIORES/Dados_Prioritarios_Contratacoes_MCMV_FAR_FDS_RURAL_Semanal_20260109.csv | raw/sftp/fabrica/GEFUS/ANTERIORES/Dados_Prioritarios_Contratacoes_MCMV_FAR_FDS_RURAL_Semanal_20260116.csv | raw/sftp/fabrica/GEFUS/ANTERIORES/Dados_Prioritarios_Contratacoes_MCMV_FAR_FDS_RURAL_Semanal_20260123.csv | raw/sftp/fabrica/GEFUS/ANTERIORES/Dados_Prioritarios_Contratacoes_MCMV_FAR_FDS_RURAL_Semanal_20260130.csv
MONIT_MOV_FINANC_FAR_DIARIO_20260115_103005.CSV_Error.txt,OneDrive_2026-08-19 (3).zip,__Novo MCMV - FAR/FAR - Financeiro - Semanal/MONIT_MOV_FINANC_FAR_DIARIO_20260115_103005.CSV_Error.txt,.txt,dado_tabular_ou_serializado,far,nao_identificada,2026-01,pista_semantica_mesma_frente_periodo_fonte,5,raw/sftp/fabrica/GEFUS/ANTERIORES/Dados_Prioritarios_Contratacoes_MCMV_FAR_FDS_RURAL_Semanal_20260102.csv | raw/sftp/fabrica/GEFUS/ANTERIORES/Dados_Prioritarios_Contratacoes_MCMV_FAR_FDS_RURAL_Semanal_20260109.csv | raw/sftp/fabrica/GEFUS/ANTERIORES/Dados_Prioritarios_Contratacoes_MCMV_FAR_FDS_RURAL_Semanal_20260116.csv | raw/sftp/fabrica/GEFUS/ANTERIORES/Dados_Prioritarios_Contratacoes_MCMV_FAR_FDS_RURAL_Semanal_20260123.csv | raw/sftp/fabrica/GEFUS/ANTERIORES/Dados_Prioritarios_Contratacoes_MCMV_FAR_FDS_RURAL_Semanal_20260130.csv
MONIT_MOV_FINANC_FAR_DIARIO_20260116_103003.CSV_Error.txt,OneDrive_2026-08-19 (3).zip,__Novo MCMV - FAR/FAR - Financeiro - Semanal/MONIT_MOV_FINANC_FAR_DIARIO_20260116_103003.CSV_Error.txt,.txt,dado_tabular_ou_serializado,far,nao_identificada,2026-01,pista_semantica_mesma_frente_periodo_fonte,5,raw/sftp/fabrica/GEFUS/ANTERIORES/Dados_Prioritarios_Contratacoes_MCMV_FAR_FDS_RURAL_Semanal_20260102.csv | raw/sftp/fabrica/GEFUS/ANTERIORES/Dados_Prioritarios_Contratacoes_MCMV_FAR_FDS_RURAL_Semanal_20260109.csv | raw/sftp/fabrica/GEFUS/ANTERIORES/Dados_Prioritarios_Contratacoes_MCMV_FAR_FDS_RURAL_Semanal_20260116.csv | raw/sftp/fabrica/GEFUS/ANTERIORES/Dados_Prioritarios_Contratacoes_MCMV_FAR_FDS_RURAL_Semanal_20260123.csv | raw/sftp/fabrica/GEFUS/ANTERIORES/Dados_Prioritarios_Contratacoes_MCMV_FAR_FDS_RURAL_Semanal_20260130.csv
MONIT_MOV_FINANC_FAR_DIARIO_20260119_103004.CSV_Error.txt,OneDrive_2026-08-19 (3).zip,__Novo MCMV - FAR/FAR - Financeiro - Semanal/MONIT_MOV_FINANC_FAR_DIARIO_20260119_103004.CSV_Error.txt,.txt,dado_tabular_ou_serializado,far,nao_identificada,2026-01,pista_semantica_mesma_frente_periodo_fonte,5,raw/sftp/fabrica/GEFUS/ANTERIORES/Dados_Prioritarios_Contratacoes_MCMV_FAR_FDS_RURAL_Semanal_20260102.csv | raw/sftp/fabrica/GEFUS/ANTERIORES/Dados_Prioritarios_Contratacoes_MCMV_FAR_FDS_RURAL_Semanal_20260109.csv | raw/sftp/fabrica/GEFUS/ANTERIORES/Dados_Prioritarios_Contratacoes_MCMV_FAR_FDS_RURAL_Semanal_20260116.csv | raw/sftp/fabrica/GEFUS/ANTERIORES/Dados_Prioritarios_Contratacoes_MCMV_FAR_FDS_RURAL_Semanal_20260123.csv | raw/sftp/fabrica/GEFUS/ANTERIORES/Dados_Prioritarios_Contratacoes_MCMV_FAR_FDS_RURAL_Semanal_20260130.csv
MONIT_MOV_FINANC_FAR_DIARIO_20260120_103004.CSV_Error.txt,OneDrive_2026-08-19 (3).zip,__Novo MCMV - FAR/FAR - Financeiro - Semanal/MONIT_MOV_FINANC_FAR_DIARIO_20260120_103004.CSV_Error.txt,.txt,dado_tabular_ou_serializado,far,nao_identificada,2026-01,pista_semantica_mesma_frente_periodo_fonte,5,raw/sftp/fabrica/GEFUS/ANTERIORES/Dados_Prioritarios_Contratacoes_MCMV_FAR_FDS_RURAL_Semanal_20260102.csv | raw/sftp/fabrica/GEFUS/ANTERIORES/Dados_Prioritarios_Contratacoes_MCMV_FAR_FDS_RURAL_Semanal_20260109.csv | raw/sftp/fabrica/GEFUS/ANTERIORES/Dados_Prioritarios_Contratacoes_MCMV_FAR_FDS_RURAL_Semanal_20260116.csv | raw/sftp/fabrica/GEFUS/ANTERIORES/Dados_Prioritarios_Contratacoes_MCMV_FAR_FDS_RURAL_Semanal_20260123.csv | raw/sftp/fabrica/GEFUS/ANTERIORES/Dados_Prioritarios_Contratacoes_MCMV_FAR_FDS_RURAL_Semanal_20260130.csv
MONIT_MOV_FINANC_FAR_DIARIO_20260121_103003.CSV_Error.txt,OneDrive_2026-08-19 (3).zip,__Novo MCMV - FAR/FAR - Financeiro - Semanal/MONIT_MOV_FINANC_FAR_DIARIO_20260121_103003.CSV_Error.txt,.txt,dado_tabular_ou_serializado,far,nao_identificada,2026-01,pista_semantica_mesma_frente_periodo_fonte,5,raw/sftp/fabrica/GEFUS/ANTERIORES/Dados_Prioritarios_Contratacoes_MCMV_FAR_FDS_RURAL_Semanal_20260102.csv | raw/sftp/fabrica/GEFUS/ANTERIORES/Dados_Prioritarios_Contratacoes_MCMV_FAR_FDS_RURAL_Semanal_20260109.csv | raw/sftp/fabrica/GEFUS/ANTERIORES/Dados_Prioritarios_Contratacoes_MCMV_FAR_FDS_RURAL_Semanal_20260116.csv | raw/sftp/fabrica/GEFUS/ANTERIORES/Dados_Prioritarios_Contratacoes_MCMV_FAR_FDS_RURAL_Semanal_20260123.csv | raw/sftp/fabrica/GEFUS/ANTERIORES/Dados_Prioritarios_Contratacoes_MCMV_FAR_FDS_RURAL_Semanal_20260130.csv
MONIT_MOV_FINANC_FAR_DIARIO_20260122_103005.CSV_Error.txt,OneDrive_2026-08-19 (3).zip,__Novo MCMV - FAR/FAR - Financeiro - Semanal/MONIT_MOV_FINANC_FAR_DIARIO_20260122_103005.CSV_Error.txt,.txt,dado_tabular_ou_serializado,far,nao_identificada,2026-01,pista_semantica_mesma_frente_periodo_fonte,5,raw/sftp/fabrica/GEFUS/ANTERIORES/Dados_Prioritarios_Contratacoes_MCMV_FAR_FDS_RURAL_Semanal_20260102.csv | raw/sftp/fabrica/GEFUS/ANTERIORES/Dados_Prioritarios_Contratacoes_MCMV_FAR_FDS_RURAL_Semanal_20260109.csv | raw/sftp/fabrica/GEFUS/ANTERIORES/Dados_Prioritarios_Contratacoes_MCMV_FAR_FDS_RURAL_Semanal_20260116.csv | raw/sftp/fabrica/GEFUS/ANTERIORES/Dados_Prioritarios_Contratacoes_MCMV_FAR_FDS_RURAL_Semanal_20260123.csv | raw/sftp/fabrica/GEFUS/ANTERIORES/Dados_Prioritarios_Contratacoes_MCMV_FAR_FDS_RURAL_Semanal_20260130.csv
MONIT_MOV_FINANC_FAR_DIARIO_20260123_103002.CSV_Error.txt,OneDrive_2026-08-19 (3).zip,__Novo MCMV - FAR/FAR - Financeiro - Semanal/MONIT_MOV_FINANC_FAR_DIARIO_20260123_103002.CSV_Error.txt,.txt,dado_tabular_ou_serializado,far,nao_identificada,2026-01,pista_semantica_mesma_frente_periodo_fonte,5,raw/sftp/fabrica/GEFUS/ANTERIORES/Dados_Prioritarios_Contratacoes_MCMV_FAR_FDS_RURAL_Semanal_20260102.csv | raw/sftp/fabrica/GEFUS/ANTERIORES/Dados_Prioritarios_Contratacoes_MCMV_FAR_FDS_RURAL_Semanal_20260109.csv | raw/sftp/fabrica/GEFUS/ANTERIORES/Dados_Prioritarios_Contratacoes_MCMV_FAR_FDS_RURAL_Semanal_20260116.csv | raw/sftp/fabrica/GEFUS/ANTERIORES/Dados_Prioritarios_Contratacoes_MCMV_FAR_FDS_RURAL_Semanal_20260123.csv | raw/sftp/fabrica/GEFUS/ANTERIORES/Dados_Prioritarios_Contratacoes_MCMV_FAR_FDS_RURAL_Semanal_20260130.csv
MONIT_MOV_FINANC_FAR_DIARIO_20260126_103004.CSV_Error.txt,OneDrive_2026-08-19 (3).zip,__Novo MCMV - FAR/FAR - Financeiro - Semanal/MONIT_MOV_FINANC_FAR_DIARIO_20260126_103004.CSV_Error.txt,.txt,dado_tabular_ou_serializado,far,nao_identificada,2026-01,pista_semantica_mesma_frente_periodo_fonte,5,raw/sftp/fabrica/GEFUS/ANTERIORES/Dados_Prioritarios_Contratacoes_MCMV_FAR_FDS_RURAL_Semanal_20260102.csv | raw/sftp/fabrica/GEFUS/ANTERIORES/Dados_Prioritarios_Contratacoes_MCMV_FAR_FDS_RURAL_Semanal_20260109.csv | raw/sftp/fabrica/GEFUS/ANTERIORES/Dados_Prioritarios_Contratacoes_MCMV_FAR_FDS_RURAL_Semanal_20260116.csv | raw/sftp/fabrica/GEFUS/ANTERIORES/Dados_Prioritarios_Contratacoes_MCMV_FAR_FDS_RURAL_Semanal_20260123.csv | raw/sftp/fabrica/GEFUS/ANTERIORES/Dados_Prioritarios_Contratacoes_MCMV_FAR_FDS_RURAL_Semanal_20260130.csv
MONIT_MOV_OBRA_FAR_MENSAL_202512_041030.CSV_Error.txt,OneDrive_2026-08-19 (3).zip,__Novo MCMV - FAR/FAR - Obra - Mensal/MONIT_MOV_OBRA_FAR_MENSAL_202512_041030.CSV_Error.txt,.txt,dado_tabular_ou_serializado,far,nao_identificada,2025-12,pista_semantica_mesma_frente_periodo_fonte,4,raw/sftp/fabrica/GEFUS/ANTERIORES/Dados_Prioritarios_Contratacoes_MCMV_FAR_FDS_RURAL_Semanal_20251205.csv | raw/sftp/fabrica/GEFUS/ANTERIORES/Dados_Prioritarios_Contratacoes_MCMV_FAR_FDS_RURAL_Semanal_20251212.csv | raw/sftp/fabrica/GEFUS/ANTERIORES/Dados_Prioritarios_Contratacoes_MCMV_FAR_FDS_RURAL_Semanal_20251219.csv | raw/sftp/fabrica/GEFUS/ANTERIORES/Dados_Prioritarios_Contratacoes_MCMV_FAR_FDS_RURAL_Semanal_20251226.csv
MONIT_MOV_OBRA_FAR_MENSAL_202601_042231.CSV_Error.txt,OneDrive_2026-08-19 (3).zip,__Novo MCMV - FAR/FAR - Obra - Mensal/MONIT_MOV_OBRA_FAR_MENSAL_202601_042231.CSV_Error.txt,.txt,dado_tabular_ou_serializado,far,nao_identificada,2026-01,pista_semantica_mesma_frente_periodo_fonte,5,raw/sftp/fabrica/GEFUS/ANTERIORES/Dados_Prioritarios_Contratacoes_MCMV_FAR_FDS_RURAL_Semanal_20260102.csv | raw/sftp/fabrica/GEFUS/ANTERIORES/Dados_Prioritarios_Contratacoes_MCMV_FAR_FDS_RURAL_Semanal_20260109.csv | raw/sftp/fabrica/GEFUS/ANTERIORES/Dados_Prioritarios_Contratacoes_MCMV_FAR_FDS_RURAL_Semanal_20260116.csv | raw/sftp/fabrica/GEFUS/ANTERIORES/Dados_Prioritarios_Contratacoes_MCMV_FAR_FDS_RURAL_Semanal_20260123.csv | raw/sftp/fabrica/GEFUS/ANTERIORES/Dados_Prioritarios_Contratacoes_MCMV_FAR_FDS_RURAL_Semanal_20260130.csv
HIS_MCIDADES_CONSOLIDADO_20260209.txt_Error.txt,OneDrive_2026-08-19 (3).zip,__Novo MCMV - FAR/HIS_MCIDADES_CONSOLIDADO_20260209.txt_Error.txt,.txt,dado_tabular_ou_serializado,far,nao_identificada,2026-02,pista_semantica_mesma_frente_periodo_fonte,4,raw/sftp/fabrica/GEFUS/ANTERIORES/Dados_Prioritarios_Contratacoes_MCMV_FAR_FDS_RURAL_Semanal_20260206.csv | raw/sftp/fabrica/GEFUS/ANTERIORES/Dados_Prioritarios_Contratacoes_MCMV_FAR_FDS_RURAL_Semanal_20260213.csv | raw/sftp/fabrica/GEFUS/ANTERIORES/Dados_Prioritarios_Contratacoes_MCMV_FAR_FDS_RURAL_Semanal_20260220.csv | raw/sftp/fabrica/GEFUS/ANTERIORES/Dados_Prioritarios_Contratacoes_MCMV_FAR_FDS_RURAL_Semanal_20260227.csv
HIS_MCIDADES_CONSOLIDADO_20260218.csv_Error.txt,OneDrive_2026-08-19 (3).zip,__Novo MCMV - FAR/HIS_MCIDADES_CONSOLIDADO_20260218.csv_Error.txt,.txt,dado_tabular_ou_serializado,far,nao_identificada,2026-02,pista_semantica_mesma_frente_periodo_fonte,4,raw/sftp/fabrica/GEFUS/ANTERIORES/Dados_Prioritarios_Contratacoes_MCMV_FAR_FDS_RURAL_Semanal_20260206.csv | raw/sftp/fabrica/GEFUS/ANTERIORES/Dados_Prioritarios_Contratacoes_MCMV_FAR_FDS_RURAL_Semanal_20260213.csv | raw/sftp/fabrica/GEFUS/ANTERIORES/Dados_Prioritarios_Contratacoes_MCMV_FAR_FDS_RURAL_Semanal_20260220.csv | raw/sftp/fabrica/GEFUS/ANTERIORES/Dados_Prioritarios_Contratacoes_MCMV_FAR_FDS_RURAL_Semanal_20260227.csv
HIS_MCIDADES_CONSOLIDADO_20260218.txt_Error.txt,OneDrive_2026-08-19 (3).zip,__Novo MCMV - FAR/HIS_MCIDADES_CONSOLIDADO_20260218.txt_Error.txt,.txt,dado_tabular_ou_serializado,far,nao_identificada,2026-02,pista_semantica_mesma_frente_periodo_fonte,4,raw/sftp/fabrica/GEFUS/ANTERIORES/Dados_Prioritarios_Contratacoes_MCMV_FAR_FDS_RURAL_Semanal_20260206.csv | raw/sftp/fabrica/GEFUS/ANTERIORES/Dados_Prioritarios_Contratacoes_MCMV_FAR_FDS_RURAL_Semanal_20260213.csv | raw/sftp/fabrica/GEFUS/ANTERIORES/Dados_Prioritarios_Contratacoes_MCMV_FAR_FDS_RURAL_Semanal_20260220.csv | raw/sftp/fabrica/GEFUS/ANTERIORES/Dados_Prioritarios_Contratacoes_MCMV_FAR_FDS_RURAL_Semanal_20260227.csv
HIS_MCIDADES_CONSOLIDADO_20260223.csv_Error.txt,OneDrive_2026-08-19 (3).zip,__Novo MCMV - FAR/HIS_MCIDADES_CONSOLIDADO_20260223.csv_Error.txt,.txt,dado_tabular_ou_serializado,far,nao_identificada,2026-02,pista_semantica_mesma_frente_periodo_fonte,4,raw/sftp/fabrica/GEFUS/ANTERIORES/Dados_Prioritarios_Contratacoes_MCMV_FAR_FDS_RURAL_Semanal_20260206.csv | raw/sftp/fabrica/GEFUS/ANTERIORES/Dados_Prioritarios_Contratacoes_MCMV_FAR_FDS_RURAL_Semanal_20260213.csv | raw/sftp/fabrica/GEFUS/ANTERIORES/Dados_Prioritarios_Contratacoes_MCMV_FAR_FDS_RURAL_Semanal_20260220.csv | raw/sftp/fabrica/GEFUS/ANTERIORES/Dados_Prioritarios_Contratacoes_MCMV_FAR_FDS_RURAL_Semanal_20260227.csv
HIS_MCIDADES_CONSOLIDADO_20260223.txt_Error.txt,OneDrive_2026-08-19 (3).zip,__Novo MCMV - FAR/HIS_MCIDADES_CONSOLIDADO_20260223.txt_Error.txt,.txt,dado_tabular_ou_serializado,far,nao_identificada,2026-02,pista_semantica_mesma_frente_periodo_fonte,4,raw/sftp/fabrica/GEFUS/ANTERIORES/Dados_Prioritarios_Contratacoes_MCMV_FAR_FDS_RURAL_Semanal_20260206.csv | raw/sftp/fabrica/GEFUS/ANTERIORES/Dados_Prioritarios_Contratacoes_MCMV_FAR_FDS_RURAL_Semanal_20260213.csv | raw/sftp/fabrica/GEFUS/ANTERIORES/Dados_Prioritarios_Contratacoes_MCMV_FAR_FDS_RURAL_Semanal_20260220.csv | raw/sftp/fabrica/GEFUS/ANTERIORES/Dados_Prioritarios_Contratacoes_MCMV_FAR_FDS_RURAL_Semanal_20260227.csv
HIS_MCIDADES_CONSOLIDADO_20260302.csv_Error.txt,OneDrive_2026-08-19 (3).zip,__Novo MCMV - FAR/HIS_MCIDADES_CONSOLIDADO_20260302.csv_Error.txt,.txt,dado_tabular_ou_serializado,far,nao_identificada,2026-03,pista_semantica_mesma_frente_periodo_fonte,4,raw/sftp/fabrica/GEFUS/ANTERIORES/Dados_Prioritarios_Contratacoes_MCMV_FAR_FDS_RURAL_Semanal_20260306.csv | raw/sftp/fabrica/GEFUS/ANTERIORES/Dados_Prioritarios_Contratacoes_MCMV_FAR_FDS_RURAL_Semanal_20260313.csv | raw/sftp/fabrica/GEFUS/ANTERIORES/Dados_Prioritarios_Contratacoes_MCMV_FAR_FDS_RURAL_Semanal_20260320.csv | raw/sftp/fabrica/GEFUS/ANTERIORES/Dados_Prioritarios_Contratacoes_MCMV_FAR_FDS_RURAL_Semanal_20260327.csv
HIS_MCIDADES_CONSOLIDADO_20260302.txt_Error.txt,OneDrive_2026-08-19 (3).zip,__Novo MCMV - FAR/HIS_MCIDADES_CONSOLIDADO_20260302.txt_Error.txt,.txt,dado_tabular_ou_serializado,far,nao_identificada,2026-03,pista_semantica_mesma_frente_periodo_fonte,4,raw/sftp/fabrica/GEFUS/ANTERIORES/Dados_Prioritarios_Contratacoes_MCMV_FAR_FDS_RURAL_Semanal_20260306.csv | raw/sftp/fabrica/GEFUS/ANTERIORES/Dados_Prioritarios_Contratacoes_MCMV_FAR_FDS_RURAL_Semanal_20260313.csv | raw/sftp/fabrica/GEFUS/ANTERIORES/Dados_Prioritarios_Contratacoes_MCMV_FAR_FDS_RURAL_Semanal_20260320.csv | raw/sftp/fabrica/GEFUS/ANTERIORES/Dados_Prioritarios_Contratacoes_MCMV_FAR_FDS_RURAL_Semanal_20260327.csv
HIS_MCIDADES_CONSOLIDADO_20260309.csv_Error.txt,OneDrive_2026-08-19 (3).zip,__Novo MCMV - FAR/HIS_MCIDADES_CONSOLIDADO_20260309.csv_Error.txt,.txt,dado_tabular_ou_serializado,far,nao_identificada,2026-03,pista_semantica_mesma_frente_periodo_fonte,4,raw/sftp/fabrica/GEFUS/ANTERIORES/Dados_Prioritarios_Contratacoes_MCMV_FAR_FDS_RURAL_Semanal_20260306.csv | raw/sftp/fabrica/GEFUS/ANTERIORES/Dados_Prioritarios_Contratacoes_MCMV_FAR_FDS_RURAL_Semanal_20260313.csv | raw/sftp/fabrica/GEFUS/ANTERIORES/Dados_Prioritarios_Contratacoes_MCMV_FAR_FDS_RURAL_Semanal_20260320.csv | raw/sftp/fabrica/GEFUS/ANTERIORES/Dados_Prioritarios_Contratacoes_MCMV_FAR_FDS_RURAL_Semanal_20260327.csv
HIS_MCIDADES_CONSOLIDADO_20260309.txt_Error.txt,OneDrive_2026-08-19 (3).zip,__Novo MCMV - FAR/HIS_MCIDADES_CONSOLIDADO_20260309.txt_Error.txt,.txt,dado_tabular_ou_serializado,far,nao_identificada,2026-03,pista_semantica_mesma_frente_periodo_fonte,4,raw/sftp/fabrica/GEFUS/ANTERIORES/Dados_Prioritarios_Contratacoes_MCMV_FAR_FDS_RURAL_Semanal_20260306.csv | raw/sftp/fabrica/GEFUS/ANTERIORES/Dados_Prioritarios_Contratacoes_MCMV_FAR_FDS_RURAL_Semanal_20260313.csv | raw/sftp/fabrica/GEFUS/ANTERIORES/Dados_Prioritarios_Contratacoes_MCMV_FAR_FDS_RURAL_Semanal_20260320.csv | raw/sftp/fabrica/GEFUS/ANTERIORES/Dados_Prioritarios_Contratacoes_MCMV_FAR_FDS_RURAL_Semanal_20260327.csv
HIS_MCIDADES_CONSOLIDADO_20260316.csv_Error.txt,OneDrive_2026-08-19 (3).zip,__Novo MCMV - FAR/HIS_MCIDADES_CONSOLIDADO_20260316.csv_Error.txt,.txt,dado_tabular_ou_serializado,far,nao_identificada,2026-03,pista_semantica_mesma_frente_periodo_fonte,4,raw/sftp/fabrica/GEFUS/ANTERIORES/Dados_Prioritarios_Contratacoes_MCMV_FAR_FDS_RURAL_Semanal_20260306.csv | raw/sftp/fabrica/GEFUS/ANTERIORES/Dados_Prioritarios_Contratacoes_MCMV_FAR_FDS_RURAL_Semanal_20260313.csv | raw/sftp/fabrica/GEFUS/ANTERIORES/Dados_Prioritarios_Contratacoes_MCMV_FAR_FDS_RURAL_Semanal_20260320.csv | raw/sftp/fabrica/GEFUS/ANTERIORES/Dados_Prioritarios_Contratacoes_MCMV_FAR_FDS_RURAL_Semanal_20260327.csv
HIS_MCIDADES_CONSOLIDADO_20260316.txt_Error.txt,OneDrive_2026-08-19 (3).zip,__Novo MCMV - FAR/HIS_MCIDADES_CONSOLIDADO_20260316.txt_Error.txt,.txt,dado_tabular_ou_serializado,far,nao_identificada,2026-03,pista_semantica_mesma_frente_periodo_fonte,4,raw/sftp/fabrica/GEFUS/ANTERIORES/Dados_Prioritarios_Contratacoes_MCMV_FAR_FDS_RURAL_Semanal_20260306.csv | raw/sftp/fabrica/GEFUS/ANTERIORES/Dados_Prioritarios_Contratacoes_MCMV_FAR_FDS_RURAL_Semanal_20260313.csv | raw/sftp/fabrica/GEFUS/ANTERIORES/Dados_Prioritarios_Contratacoes_MCMV_FAR_FDS_RURAL_Semanal_20260320.csv | raw/sftp/fabrica/GEFUS/ANTERIORES/Dados_Prioritarios_Contratacoes_MCMV_FAR_FDS_RURAL_Semanal_20260327.csv
HIS_MCIDADES_CONSOLIDADO_20260323.csv_Error.txt,OneDrive_2026-08-19 (3).zip,__Novo MCMV - FAR/HIS_MCIDADES_CONSOLIDADO_20260323.csv_Error.txt,.txt,dado_tabular_ou_serializado,far,nao_identificada,2026-03,pista_semantica_mesma_frente_periodo_fonte,4,raw/sftp/fabrica/GEFUS/ANTERIORES/Dados_Prioritarios_Contratacoes_MCMV_FAR_FDS_RURAL_Semanal_20260306.csv | raw/sftp/fabrica/GEFUS/ANTERIORES/Dados_Prioritarios_Contratacoes_MCMV_FAR_FDS_RURAL_Semanal_20260313.csv | raw/sftp/fabrica/GEFUS/ANTERIORES/Dados_Prioritarios_Contratacoes_MCMV_FAR_FDS_RURAL_Semanal_20260320.csv | raw/sftp/fabrica/GEFUS/ANTERIORES/Dados_Prioritarios_Contratacoes_MCMV_FAR_FDS_RURAL_Semanal_20260327.csv
HIS_MCIDADES_CONSOLIDADO_20260323.txt_Error.txt,OneDrive_2026-08-19 (3).zip,__Novo MCMV - FAR/HIS_MCIDADES_CONSOLIDADO_20260323.txt_Error.txt,.txt,dado_tabular_ou_serializado,far,nao_identificada,2026-03,pista_semantica_mesma_frente_periodo_fonte,4,raw/sftp/fabrica/GEFUS/ANTERIORES/Dados_Prioritarios_Contratacoes_MCMV_FAR_FDS_RURAL_Semanal_20260306.csv | raw/sftp/fabrica/GEFUS/ANTERIORES/Dados_Prioritarios_Contratacoes_MCMV_FAR_FDS_RURAL_Semanal_20260313.csv | raw/sftp/fabrica/GEFUS/ANTERIORES/Dados_Prioritarios_Contratacoes_MCMV_FAR_FDS_RURAL_Semanal_20260320.csv | raw/sftp/fabrica/GEFUS/ANTERIORES/Dados_Prioritarios_Contratacoes_MCMV_FAR_FDS_RURAL_Semanal_20260327.csv
HIS_MCIDADES_CONSOLIDADO_20260330.csv_Error.txt,OneDrive_2026-08-19 (3).zip,__Novo MCMV - FAR/HIS_MCIDADES_CONSOLIDADO_20260330.csv_Error.txt,.txt,dado_tabular_ou_serializado,far,nao_identificada,2026-03,pista_semantica_mesma_frente_periodo_fonte,4,raw/sftp/fabrica/GEFUS/ANTERIORES/Dados_Prioritarios_Contratacoes_MCMV_FAR_FDS_RURAL_Semanal_20260306.csv | raw/sftp/fabrica/GEFUS/ANTERIORES/Dados_Prioritarios_Contratacoes_MCMV_FAR_FDS_RURAL_Semanal_20260313.csv | raw/sftp/fabrica/GEFUS/ANTERIORES/Dados_Prioritarios_Contratacoes_MCMV_FAR_FDS_RURAL_Semanal_20260320.csv | raw/sftp/fabrica/GEFUS/ANTERIORES/Dados_Prioritarios_Contratacoes_MCMV_FAR_FDS_RURAL_Semanal_20260327.csv
HIS_MCIDADES_CONSOLIDADO_20260330.txt_Error.txt,OneDrive_2026-08-19 (3).zip,__Novo MCMV - FAR/HIS_MCIDADES_CONSOLIDADO_20260330.txt_Error.txt,.txt,dado_tabular_ou_serializado,far,nao_identificada,2026-03,pista_semantica_mesma_frente_periodo_fonte,4,raw/sftp/fabrica/GEFUS/ANTERIORES/Dados_Prioritarios_Contratacoes_MCMV_FAR_FDS_RURAL_Semanal_20260306.csv | raw/sftp/fabrica/GEFUS/ANTERIORES/Dados_Prioritarios_Contratacoes_MCMV_FAR_FDS_RURAL_Semanal_20260313.csv | raw/sftp/fabrica/GEFUS/ANTERIORES/Dados_Prioritarios_Contratacoes_MCMV_FAR_FDS_RURAL_Semanal_20260320.csv | raw/sftp/fabrica/GEFUS/ANTERIORES/Dados_Prioritarios_Contratacoes_MCMV_FAR_FDS_RURAL_Semanal_20260327.csv
HIS_MCIDADES_CONSOLIDADO_20260406.csv_Error.txt,OneDrive_2026-08-19 (3).zip,__Novo MCMV - FAR/HIS_MCIDADES_CONSOLIDADO_20260406.csv_Error.txt,.txt,dado_tabular_ou_serializado,far,nao_identificada,2026-04,pista_semantica_mesma_frente_periodo_fonte,5,raw/sftp/fabrica/GEFUS/ANTERIORES/Dados_Prioritarios_Contratacoes_MCMV_FAR_FDS_RURAL_Semanal_20260403.csv | raw/sftp/fabrica/GEFUS/ANTERIORES/Dados_Prioritarios_Contratacoes_MCMV_FAR_FDS_RURAL_Semanal_20260410.csv | raw/sftp/fabrica/GEFUS/ANTERIORES/Dados_Prioritarios_Contratacoes_MCMV_FAR_FDS_RURAL_Semanal_20260417.csv | raw/sftp/fabrica/GEFUS/INT021_MinisterioCidades_FAR_BB_PF_20260430_CONTINGENCIA.TXT | raw/sftp/fabrica/GEFUS/INT039_MinisterioCidades_FAR_CAIXA_PF_20260430_CONTINGENCIA.TXT
HIS_MCIDADES_CONSOLIDADO_20260406.txt_Error.txt,OneDrive_2026-08-19 (3).zip,__Novo MCMV - FAR/HIS_MCIDADES_CONSOLIDADO_20260406.txt_Error.txt,.txt,dado_tabular_ou_serializado,far,nao_identificada,2026-04,pista_semantica_mesma_frente_periodo_fonte,5,raw/sftp/fabrica/GEFUS/ANTERIORES/Dados_Prioritarios_Contratacoes_MCMV_FAR_FDS_RURAL_Semanal_20260403.csv | raw/sftp/fabrica/GEFUS/ANTERIORES/Dados_Prioritarios_Contratacoes_MCMV_FAR_FDS_RURAL_Semanal_20260410.csv | raw/sftp/fabrica/GEFUS/ANTERIORES/Dados_Prioritarios_Contratacoes_MCMV_FAR_FDS_RURAL_Semanal_20260417.csv | raw/sftp/fabrica/GEFUS/INT021_MinisterioCidades_FAR_BB_PF_20260430_CONTINGENCIA.TXT | raw/sftp/fabrica/GEFUS/INT039_MinisterioCidades_FAR_CAIXA_PF_20260430_CONTINGENCIA.TXT
HIS_MCIDADES_CONSOLIDADO_20260413.csv_Error.txt,OneDrive_2026-08-19 (3).zip,__Novo MCMV - FAR/HIS_MCIDADES_CONSOLIDADO_20260413.csv_Error.txt,.txt,dado_tabular_ou_serializado,far,nao_identificada,2026-04,pista_semantica_mesma_frente_periodo_fonte,5,raw/sftp/fabrica/GEFUS/ANTERIORES/Dados_Prioritarios_Contratacoes_MCMV_FAR_FDS_RURAL_Semanal_20260403.csv | raw/sftp/fabrica/GEFUS/ANTERIORES/Dados_Prioritarios_Contratacoes_MCMV_FAR_FDS_RURAL_Semanal_20260410.csv | raw/sftp/fabrica/GEFUS/ANTERIORES/Dados_Prioritarios_Contratacoes_MCMV_FAR_FDS_RURAL_Semanal_20260417.csv | raw/sftp/fabrica/GEFUS/INT021_MinisterioCidades_FAR_BB_PF_20260430_CONTINGENCIA.TXT | raw/sftp/fabrica/GEFUS/INT039_MinisterioCidades_FAR_CAIXA_PF_20260430_CONTINGENCIA.TXT
HIS_MCIDADES_CONSOLIDADO_20260413.txt_Error.txt,OneDrive_2026-08-19 (3).zip,__Novo MCMV - FAR/HIS_MCIDADES_CONSOLIDADO_20260413.txt_Error.txt,.txt,dado_tabular_ou_serializado,far,nao_identificada,2026-04,pista_semantica_mesma_frente_periodo_fonte,5,raw/sftp/fabrica/GEFUS/ANTERIORES/Dados_Prioritarios_Contratacoes_MCMV_FAR_FDS_RURAL_Semanal_20260403.csv | raw/sftp/fabrica/GEFUS/ANTERIORES/Dados_Prioritarios_Contratacoes_MCMV_FAR_FDS_RURAL_Semanal_20260410.csv | raw/sftp/fabrica/GEFUS/ANTERIORES/Dados_Prioritarios_Contratacoes_MCMV_FAR_FDS_RURAL_Semanal_20260417.csv | raw/sftp/fabrica/GEFUS/INT021_MinisterioCidades_FAR_BB_PF_20260430_CONTINGENCIA.TXT | raw/sftp/fabrica/GEFUS/INT039_MinisterioCidades_FAR_CAIXA_PF_20260430_CONTINGENCIA.TXT
HIS_MCIDADES_CONSOLIDADO_20260420.csv_Error.txt,OneDrive_2026-08-19 (3).zip,__Novo MCMV - FAR/HIS_MCIDADES_CONSOLIDADO_20260420.csv_Error.txt,.txt,dado_tabular_ou_serializado,far,nao_identificada,2026-04,pista_semantica_mesma_frente_periodo_fonte,5,raw/sftp/fabrica/GEFUS/ANTERIORES/Dados_Prioritarios_Contratacoes_MCMV_FAR_FDS_RURAL_Semanal_20260403.csv | raw/sftp/fabrica/GEFUS/ANTERIORES/Dados_Prioritarios_Contratacoes_MCMV_FAR_FDS_RURAL_Semanal_20260410.csv | raw/sftp/fabrica/GEFUS/ANTERIORES/Dados_Prioritarios_Contratacoes_MCMV_FAR_FDS_RURAL_Semanal_20260417.csv | raw/sftp/fabrica/GEFUS/INT021_MinisterioCidades_FAR_BB_PF_20260430_CONTINGENCIA.TXT | raw/sftp/fabrica/GEFUS/INT039_MinisterioCidades_FAR_CAIXA_PF_20260430_CONTINGENCIA.TXT
HIS_MCIDADES_CONSOLIDADO_20260420.txt_Error.txt,OneDrive_2026-08-19 (3).zip,__Novo MCMV - FAR/HIS_MCIDADES_CONSOLIDADO_20260420.txt_Error.txt,.txt,dado_tabular_ou_serializado,far,nao_identificada,2026-04,pista_semantica_mesma_frente_periodo_fonte,5,raw/sftp/fabrica/GEFUS/ANTERIORES/Dados_Prioritarios_Contratacoes_MCMV_FAR_FDS_RURAL_Semanal_20260403.csv | raw/sftp/fabrica/GEFUS/ANTERIORES/Dados_Prioritarios_Contratacoes_MCMV_FAR_FDS_RURAL_Semanal_20260410.csv | raw/sftp/fabrica/GEFUS/ANTERIORES/Dados_Prioritarios_Contratacoes_MCMV_FAR_FDS_RURAL_Semanal_20260417.csv | raw/sftp/fabrica/GEFUS/INT021_MinisterioCidades_FAR_BB_PF_20260430_CONTINGENCIA.TXT | raw/sftp/fabrica/GEFUS/INT039_MinisterioCidades_FAR_CAIXA_PF_20260430_CONTINGENCIA.TXT
HIS_MCIDADES_CONSOLIDADO_20260427.csv_Error.txt,OneDrive_2026-08-19 (3).zip,__Novo MCMV - FAR/HIS_MCIDADES_CONSOLIDADO_20260427.csv_Error.txt,.txt,dado_tabular_ou_serializado,far,nao_identificada,2026-04,pista_semantica_mesma_frente_periodo_fonte,5,raw/sftp/fabrica/GEFUS/ANTERIORES/Dados_Prioritarios_Contratacoes_MCMV_FAR_FDS_RURAL_Semanal_20260403.csv | raw/sftp/fabrica/GEFUS/ANTERIORES/Dados_Prioritarios_Contratacoes_MCMV_FAR_FDS_RURAL_Semanal_20260410.csv | raw/sftp/fabrica/GEFUS/ANTERIORES/Dados_Prioritarios_Contratacoes_MCMV_FAR_FDS_RURAL_Semanal_20260417.csv | raw/sftp/fabrica/GEFUS/INT021_MinisterioCidades_FAR_BB_PF_20260430_CONTINGENCIA.TXT | raw/sftp/fabrica/GEFUS/INT039_MinisterioCidades_FAR_CAIXA_PF_20260430_CONTINGENCIA.TXT
HIS_MCIDADES_CONSOLIDADO_20260427.txt_Error.txt,OneDrive_2026-08-19 (3).zip,__Novo MCMV - FAR/HIS_MCIDADES_CONSOLIDADO_20260427.txt_Error.txt,.txt,dado_tabular_ou_serializado,far,nao_identificada,2026-04,pista_semantica_mesma_frente_periodo_fonte,5,raw/sftp/fabrica/GEFUS/ANTERIORES/Dados_Prioritarios_Contratacoes_MCMV_FAR_FDS_RURAL_Semanal_20260403.csv | raw/sftp/fabrica/GEFUS/ANTERIORES/Dados_Prioritarios_Contratacoes_MCMV_FAR_FDS_RURAL_Semanal_20260410.csv | raw/sftp/fabrica/GEFUS/ANTERIORES/Dados_Prioritarios_Contratacoes_MCMV_FAR_FDS_RURAL_Semanal_20260417.csv | raw/sftp/fabrica/GEFUS/INT021_MinisterioCidades_FAR_BB_PF_20260430_CONTINGENCIA.TXT | raw/sftp/fabrica/GEFUS/INT039_MinisterioCidades_FAR_CAIXA_PF_20260430_CONTINGENCIA.TXT
HIS_MCIDADES_CONSOLIDADO_20260504.csv_Error.txt,OneDrive_2026-08-19 (3).zip,__Novo MCMV - FAR/HIS_MCIDADES_CONSOLIDADO_20260504.csv_Error.txt,.txt,dado_tabular_ou_serializado,far,nao_identificada,2026-05,pista_semantica_mesma_frente_periodo_fonte,5,raw/sftp/fabrica/GEFUS/ANTERIORES/Dados_Prioritarios_Contratacoes_MCMV_FAR_FDS_RURAL_Semanal_20260505.csv | raw/sftp/fabrica/GEFUS/ANTERIORES/Dados_Prioritarios_Contratacoes_MCMV_FAR_FDS_RURAL_Semanal_20260508.csv | raw/sftp/fabrica/GEFUS/ANTERIORES/Dados_Prioritarios_Contratacoes_MCMV_FAR_FDS_RURAL_Semanal_20260515.csv | raw/sftp/fabrica/GEFUS/ANTERIORES/Dados_Prioritarios_Contratacoes_MCMV_FAR_FDS_RURAL_Semanal_20260522.csv | raw/sftp/fabrica/GEFUS/ANTERIORES/Dados_Prioritarios_Contratacoes_MCMV_FAR_FDS_RURAL_Semanal_20260529.csv
HIS_MCIDADES_CONSOLIDADO_20260504.txt_Error.txt,OneDrive_2026-08-19 (3).zip,__Novo MCMV - FAR/HIS_MCIDADES_CONSOLIDADO_20260504.txt_Error.txt,.txt,dado_tabular_ou_serializado,far,nao_identificada,2026-05,pista_semantica_mesma_frente_periodo_fonte,5,raw/sftp/fabrica/GEFUS/ANTERIORES/Dados_Prioritarios_Contratacoes_MCMV_FAR_FDS_RURAL_Semanal_20260505.csv | raw/sftp/fabrica/GEFUS/ANTERIORES/Dados_Prioritarios_Contratacoes_MCMV_FAR_FDS_RURAL_Semanal_20260508.csv | raw/sftp/fabrica/GEFUS/ANTERIORES/Dados_Prioritarios_Contratacoes_MCMV_FAR_FDS_RURAL_Semanal_20260515.csv | raw/sftp/fabrica/GEFUS/ANTERIORES/Dados_Prioritarios_Contratacoes_MCMV_FAR_FDS_RURAL_Semanal_20260522.csv | raw/sftp/fabrica/GEFUS/ANTERIORES/Dados_Prioritarios_Contratacoes_MCMV_FAR_FDS_RURAL_Semanal_20260529.csv
HIS_MCIDADES_CONSOLIDADO_20260511.csv_Error.txt,OneDrive_2026-08-19 (3).zip,__Novo MCMV - FAR/HIS_MCIDADES_CONSOLIDADO_20260511.csv_Error.txt,.txt,dado_tabular_ou_serializado,far,nao_identificada,2026-05,pista_semantica_mesma_frente_periodo_fonte,5,raw/sftp/fabrica/GEFUS/ANTERIORES/Dados_Prioritarios_Contratacoes_MCMV_FAR_FDS_RURAL_Semanal_20260505.csv | raw/sftp/fabrica/GEFUS/ANTERIORES/Dados_Prioritarios_Contratacoes_MCMV_FAR_FDS_RURAL_Semanal_20260508.csv | raw/sftp/fabrica/GEFUS/ANTERIORES/Dados_Prioritarios_Contratacoes_MCMV_FAR_FDS_RURAL_Semanal_20260515.csv | raw/sftp/fabrica/GEFUS/ANTERIORES/Dados_Prioritarios_Contratacoes_MCMV_FAR_FDS_RURAL_Semanal_20260522.csv | raw/sftp/fabrica/GEFUS/ANTERIORES/Dados_Prioritarios_Contratacoes_MCMV_FAR_FDS_RURAL_Semanal_20260529.csv
HIS_MCIDADES_CONSOLIDADO_20260511.txt_Error.txt,OneDrive_2026-08-19 (3).zip,__Novo MCMV - FAR/HIS_MCIDADES_CONSOLIDADO_20260511.txt_Error.txt,.txt,dado_tabular_ou_serializado,far,nao_identificada,2026-05,pista_semantica_mesma_frente_periodo_fonte,5,raw/sftp/fabrica/GEFUS/ANTERIORES/Dados_Prioritarios_Contratacoes_MCMV_FAR_FDS_RURAL_Semanal_20260505.csv | raw/sftp/fabrica/GEFUS/ANTERIORES/Dados_Prioritarios_Contratacoes_MCMV_FAR_FDS_RURAL_Semanal_20260508.csv | raw/sftp/fabrica/GEFUS/ANTERIORES/Dados_Prioritarios_Contratacoes_MCMV_FAR_FDS_RURAL_Semanal_20260515.csv | raw/sftp/fabrica/GEFUS/ANTERIORES/Dados_Prioritarios_Contratacoes_MCMV_FAR_FDS_RURAL_Semanal_20260522.csv | raw/sftp/fabrica/GEFUS/ANTERIORES/Dados_Prioritarios_Contratacoes_MCMV_FAR_FDS_RURAL_Semanal_20260529.csv
HIS_MCIDADES_CONSOLIDADO_20260518.csv_Error.txt,OneDrive_2026-08-19 (3).zip,__Novo MCMV - FAR/HIS_MCIDADES_CONSOLIDADO_20260518.csv_Error.txt,.txt,dado_tabular_ou_serializado,far,nao_identificada,2026-05,pista_semantica_mesma_frente_periodo_fonte,5,raw/sftp/fabrica/GEFUS/ANTERIORES/Dados_Prioritarios_Contratacoes_MCMV_FAR_FDS_RURAL_Semanal_20260505.csv | raw/sftp/fabrica/GEFUS/ANTERIORES/Dados_Prioritarios_Contratacoes_MCMV_FAR_FDS_RURAL_Semanal_20260508.csv | raw/sftp/fabrica/GEFUS/ANTERIORES/Dados_Prioritarios_Contratacoes_MCMV_FAR_FDS_RURAL_Semanal_20260515.csv | raw/sftp/fabrica/GEFUS/ANTERIORES/Dados_Prioritarios_Contratacoes_MCMV_FAR_FDS_RURAL_Semanal_20260522.csv | raw/sftp/fabrica/GEFUS/ANTERIORES/Dados_Prioritarios_Contratacoes_MCMV_FAR_FDS_RURAL_Semanal_20260529.csv
HIS_MCIDADES_CONSOLIDADO_20260518.txt_Error.txt,OneDrive_2026-08-19 (3).zip,__Novo MCMV - FAR/HIS_MCIDADES_CONSOLIDADO_20260518.txt_Error.txt,.txt,dado_tabular_ou_serializado,far,nao_identificada,2026-05,pista_semantica_mesma_frente_periodo_fonte,5,raw/sftp/fabrica/GEFUS/ANTERIORES/Dados_Prioritarios_Contratacoes_MCMV_FAR_FDS_RURAL_Semanal_20260505.csv | raw/sftp/fabrica/GEFUS/ANTERIORES/Dados_Prioritarios_Contratacoes_MCMV_FAR_FDS_RURAL_Semanal_20260508.csv | raw/sftp/fabrica/GEFUS/ANTERIORES/Dados_Prioritarios_Contratacoes_MCMV_FAR_FDS_RURAL_Semanal_20260515.csv | raw/sftp/fabrica/GEFUS/ANTERIORES/Dados_Prioritarios_Contratacoes_MCMV_FAR_FDS_RURAL_Semanal_20260522.csv | raw/sftp/fabrica/GEFUS/ANTERIORES/Dados_Prioritarios_Contratacoes_MCMV_FAR_FDS_RURAL_Semanal_20260529.csv
HIS_MCIDADES_CONSOLIDADO_20260525.csv_Error.txt,OneDrive_2026-08-19 (3).zip,__Novo MCMV - FAR/HIS_MCIDADES_CONSOLIDADO_20260525.csv_Error.txt,.txt,dado_tabular_ou_serializado,far,nao_identificada,2026-05,pista_semantica_mesma_frente_periodo_fonte,5,raw/sftp/fabrica/GEFUS/ANTERIORES/Dados_Prioritarios_Contratacoes_MCMV_FAR_FDS_RURAL_Semanal_20260505.csv | raw/sftp/fabrica/GEFUS/ANTERIORES/Dados_Prioritarios_Contratacoes_MCMV_FAR_FDS_RURAL_Semanal_20260508.csv | raw/sftp/fabrica/GEFUS/ANTERIORES/Dados_Prioritarios_Contratacoes_MCMV_FAR_FDS_RURAL_Semanal_20260515.csv | raw/sftp/fabrica/GEFUS/ANTERIORES/Dados_Prioritarios_Contratacoes_MCMV_FAR_FDS_RURAL_Semanal_20260522.csv | raw/sftp/fabrica/GEFUS/ANTERIORES/Dados_Prioritarios_Contratacoes_MCMV_FAR_FDS_RURAL_Semanal_20260529.csv
HIS_MCIDADES_CONSOLIDADO_20260525.txt_Error.txt,OneDrive_2026-08-19 (3).zip,__Novo MCMV - FAR/HIS_MCIDADES_CONSOLIDADO_20260525.txt_Error.txt,.txt,dado_tabular_ou_serializado,far,nao_identificada,2026-05,pista_semantica_mesma_frente_periodo_fonte,5,raw/sftp/fabrica/GEFUS/ANTERIORES/Dados_Prioritarios_Contratacoes_MCMV_FAR_FDS_RURAL_Semanal_20260505.csv | raw/sftp/fabrica/GEFUS/ANTERIORES/Dados_Prioritarios_Contratacoes_MCMV_FAR_FDS_RURAL_Semanal_20260508.csv | raw/sftp/fabrica/GEFUS/ANTERIORES/Dados_Prioritarios_Contratacoes_MCMV_FAR_FDS_RURAL_Semanal_20260515.csv | raw/sftp/fabrica/GEFUS/ANTERIORES/Dados_Prioritarios_Contratacoes_MCMV_FAR_FDS_RURAL_Semanal_20260522.csv | raw/sftp/fabrica/GEFUS/ANTERIORES/Dados_Prioritarios_Contratacoes_MCMV_FAR_FDS_RURAL_Semanal_20260529.csv
HIS_MCIDADES_CONSOLIDADO_20260601.csv_Error.txt,OneDrive_2026-08-19 (3).zip,__Novo MCMV - FAR/HIS_MCIDADES_CONSOLIDADO_20260601.csv_Error.txt,.txt,dado_tabular_ou_serializado,far,nao_identificada,2026-06,pista_semantica_mesma_frente_periodo_fonte,5,raw/sftp/fabrica/GEFUS/ANTERIORES/Dados_Prioritarios_Contratacoes_MCMV_FAR_FDS_RURAL_Semanal_20260605.csv | raw/sftp/fabrica/GEFUS/Dados_Prioritarios_Contratacoes_MCMV_FAR_FDS_RURAL_Semanal_20260612.csv | raw/sftp/fabrica/GEFUS/Dados_Prioritarios_Contratacoes_MCMV_FAR_FDS_RURAL_Semanal_20260619.csv | raw/sftp/fabrica/GEFUS/MONT_CONT_PF_FAR_20260616.csv | raw/sftp/fabrica/GEFUS/MONT_CONT_PF_FAR_LAYOUT_20260616.xlsx
HIS_MCIDADES_CONSOLIDADO_20260601.txt_Error.txt,OneDrive_2026-08-19 (3).zip,__Novo MCMV - FAR/HIS_MCIDADES_CONSOLIDADO_20260601.txt_Error.txt,.txt,dado_tabular_ou_serializado,far,nao_identificada,2026-06,pista_semantica_mesma_frente_periodo_fonte,5,raw/sftp/fabrica/GEFUS/ANTERIORES/Dados_Prioritarios_Contratacoes_MCMV_FAR_FDS_RURAL_Semanal_20260605.csv | raw/sftp/fabrica/GEFUS/Dados_Prioritarios_Contratacoes_MCMV_FAR_FDS_RURAL_Semanal_20260612.csv | raw/sftp/fabrica/GEFUS/Dados_Prioritarios_Contratacoes_MCMV_FAR_FDS_RURAL_Semanal_20260619.csv | raw/sftp/fabrica/GEFUS/MONT_CONT_PF_FAR_20260616.csv | raw/sftp/fabrica/GEFUS/MONT_CONT_PF_FAR_LAYOUT_20260616.xlsx
HIS_MCIDADES_CONSOLIDADO_20260608.csv_Error.txt,OneDrive_2026-08-19 (3).zip,__Novo MCMV - FAR/HIS_MCIDADES_CONSOLIDADO_20260608.csv_Error.txt,.txt,dado_tabular_ou_serializado,far,nao_identificada,2026-06,pista_semantica_mesma_frente_periodo_fonte,5,raw/sftp/fabrica/GEFUS/ANTERIORES/Dados_Prioritarios_Contratacoes_MCMV_FAR_FDS_RURAL_Semanal_20260605.csv | raw/sftp/fabrica/GEFUS/Dados_Prioritarios_Contratacoes_MCMV_FAR_FDS_RURAL_Semanal_20260612.csv | raw/sftp/fabrica/GEFUS/Dados_Prioritarios_Contratacoes_MCMV_FAR_FDS_RURAL_Semanal_20260619.csv | raw/sftp/fabrica/GEFUS/MONT_CONT_PF_FAR_20260616.csv | raw/sftp/fabrica/GEFUS/MONT_CONT_PF_FAR_LAYOUT_20260616.xlsx
HIS_MCIDADES_CONSOLIDADO_20260608.txt_Error.txt,OneDrive_2026-08-19 (3).zip,__Novo MCMV - FAR/HIS_MCIDADES_CONSOLIDADO_20260608.txt_Error.txt,.txt,dado_tabular_ou_serializado,far,nao_identificada,2026-06,pista_semantica_mesma_frente_periodo_fonte,5,raw/sftp/fabrica/GEFUS/ANTERIORES/Dados_Prioritarios_Contratacoes_MCMV_FAR_FDS_RURAL_Semanal_20260605.csv | raw/sftp/fabrica/GEFUS/Dados_Prioritarios_Contratacoes_MCMV_FAR_FDS_RURAL_Semanal_20260612.csv | raw/sftp/fabrica/GEFUS/Dados_Prioritarios_Contratacoes_MCMV_FAR_FDS_RURAL_Semanal_20260619.csv | raw/sftp/fabrica/GEFUS/MONT_CONT_PF_FAR_20260616.csv | raw/sftp/fabrica/GEFUS/MONT_CONT_PF_FAR_LAYOUT_20260616.xlsx
HIS_MCIDADES_CONSOLIDADO_20260615.csv_Error.txt,OneDrive_2026-08-19 (3).zip,__Novo MCMV - FAR/HIS_MCIDADES_CONSOLIDADO_20260615.csv_Error.txt,.txt,dado_tabular_ou_serializado,far,nao_identificada,2026-06,pista_semantica_mesma_frente_periodo_fonte,5,raw/sftp/fabrica/GEFUS/ANTERIORES/Dados_Prioritarios_Contratacoes_MCMV_FAR_FDS_RURAL_Semanal_20260605.csv | raw/sftp/fabrica/GEFUS/Dados_Prioritarios_Contratacoes_MCMV_FAR_FDS_RURAL_Semanal_20260612.csv | raw/sftp/fabrica/GEFUS/Dados_Prioritarios_Contratacoes_MCMV_FAR_FDS_RURAL_Semanal_20260619.csv | raw/sftp/fabrica/GEFUS/MONT_CONT_PF_FAR_20260616.csv | raw/sftp/fabrica/GEFUS/MONT_CONT_PF_FAR_LAYOUT_20260616.xlsx
HIS_MCIDADES_CONSOLIDADO_20260615.txt_Error.txt,OneDrive_2026-08-19 (3).zip,__Novo MCMV - FAR/HIS_MCIDADES_CONSOLIDADO_20260615.txt_Error.txt,.txt,dado_tabular_ou_serializado,far,nao_identificada,2026-06,pista_semantica_mesma_frente_periodo_fonte,5,raw/sftp/fabrica/GEFUS/ANTERIORES/Dados_Prioritarios_Contratacoes_MCMV_FAR_FDS_RURAL_Semanal_20260605.csv | raw/sftp/fabrica/GEFUS/Dados_Prioritarios_Contratacoes_MCMV_FAR_FDS_RURAL_Semanal_20260612.csv | raw/sftp/fabrica/GEFUS/Dados_Prioritarios_Contratacoes_MCMV_FAR_FDS_RURAL_Semanal_20260619.csv | raw/sftp/fabrica/GEFUS/MONT_CONT_PF_FAR_20260616.csv | raw/sftp/fabrica/GEFUS/MONT_CONT_PF_FAR_LAYOUT_20260616.xlsx
HIS_MCIDADES_CONSOLIDADO_20260622.csv_Error.txt,OneDrive_2026-08-19 (3).zip,__Novo MCMV - FAR/HIS_MCIDADES_CONSOLIDADO_20260622.csv_Error.txt,.txt,dado_tabular_ou_serializado,far,nao_identificada,2026-06,pista_semantica_mesma_frente_periodo_fonte,5,raw/sftp/fabrica/GEFUS/ANTERIORES/Dados_Prioritarios_Contratacoes_MCMV_FAR_FDS_RURAL_Semanal_20260605.csv | raw/sftp/fabrica/GEFUS/Dados_Prioritarios_Contratacoes_MCMV_FAR_FDS_RURAL_Semanal_20260612.csv | raw/sftp/fabrica/GEFUS/Dados_Prioritarios_Contratacoes_MCMV_FAR_FDS_RURAL_Semanal_20260619.csv | raw/sftp/fabrica/GEFUS/MONT_CONT_PF_FAR_20260616.csv | raw/sftp/fabrica/GEFUS/MONT_CONT_PF_FAR_LAYOUT_20260616.xlsx
HIS_MCIDADES_CONSOLIDADO_20260622.txt_Error.txt,OneDrive_2026-08-19 (3).zip,__Novo MCMV - FAR/HIS_MCIDADES_CONSOLIDADO_20260622.txt_Error.txt,.txt,dado_tabular_ou_serializado,far,nao_identificada,2026-06,pista_semantica_mesma_frente_periodo_fonte,5,raw/sftp/fabrica/GEFUS/ANTERIORES/Dados_Prioritarios_Contratacoes_MCMV_FAR_FDS_RURAL_Semanal_20260605.csv | raw/sftp/fabrica/GEFUS/Dados_Prioritarios_Contratacoes_MCMV_FAR_FDS_RURAL_Semanal_20260612.csv | raw/sftp/fabrica/GEFUS/Dados_Prioritarios_Contratacoes_MCMV_FAR_FDS_RURAL_Semanal_20260619.csv | raw/sftp/fabrica/GEFUS/MONT_CONT_PF_FAR_20260616.csv | raw/sftp/fabrica/GEFUS/MONT_CONT_PF_FAR_LAYOUT_20260616.xlsx
HIS_MCIDADES_CONSOLIDADO_20260629.csv_Error.txt,OneDrive_2026-08-19 (3).zip,__Novo MCMV - FAR/HIS_MCIDADES_CONSOLIDADO_20260629.csv_Error.txt,.txt,dado_tabular_ou_serializado,far,nao_identificada,2026-06,pista_semantica_mesma_frente_periodo_fonte,5,raw/sftp/fabrica/GEFUS/ANTERIORES/Dados_Prioritarios_Contratacoes_MCMV_FAR_FDS_RURAL_Semanal_20260605.csv | raw/sftp/fabrica/GEFUS/Dados_Prioritarios_Contratacoes_MCMV_FAR_FDS_RURAL_Semanal_20260612.csv | raw/sftp/fabrica/GEFUS/Dados_Prioritarios_Contratacoes_MCMV_FAR_FDS_RURAL_Semanal_20260619.csv | raw/sftp/fabrica/GEFUS/MONT_CONT_PF_FAR_20260616.csv | raw/sftp/fabrica/GEFUS/MONT_CONT_PF_FAR_LAYOUT_20260616.xlsx
HIS_MCIDADES_CONSOLIDADO_20260629.txt_Error.txt,OneDrive_2026-08-19 (3).zip,__Novo MCMV - FAR/HIS_MCIDADES_CONSOLIDADO_20260629.txt_Error.txt,.txt,dado_tabular_ou_serializado,far,nao_identificada,2026-06,pista_semantica_mesma_frente_periodo_fonte,5,raw/sftp/fabrica/GEFUS/ANTERIORES/Dados_Prioritarios_Contratacoes_MCMV_FAR_FDS_RURAL_Semanal_20260605.csv | raw/sftp/fabrica/GEFUS/Dados_Prioritarios_Contratacoes_MCMV_FAR_FDS_RURAL_Semanal_20260612.csv | raw/sftp/fabrica/GEFUS/Dados_Prioritarios_Contratacoes_MCMV_FAR_FDS_RURAL_Semanal_20260619.csv | raw/sftp/fabrica/GEFUS/MONT_CONT_PF_FAR_20260616.csv | raw/sftp/fabrica/GEFUS/MONT_CONT_PF_FAR_LAYOUT_20260616.xlsx
HIS_MCIDADES_CONSOLIDADO_20260706.csv_Error.txt,OneDrive_2026-08-19 (3).zip,__Novo MCMV - FAR/HIS_MCIDADES_CONSOLIDADO_20260706.csv_Error.txt,.txt,dado_tabular_ou_serializado,far,nao_identificada,2026-07,pista_semantica_mesma_frente_periodo_fonte,7,raw/sftp/fabrica/GEFUS/Dados_Prioritarios_Contratacoes_MCMV_FAR_FDS_RURAL_Semanal_20260703.csv | raw/sftp/fabrica/GEFUS/Dados_Prioritarios_Contratacoes_MCMV_FAR_FDS_RURAL_Semanal_20260710.csv | raw/sftp/fabrica/GEFUS/Dados_Prioritarios_Contratacoes_MCMV_FAR_FDS_RURAL_Semanal_20260717.csv | raw/sftp/fabrica/GEFUS/Dados_Prioritarios_Contratacoes_MCMV_FAR_FDS_RURAL_Semanal_20260724.csv | raw/sftp/fabrica/GEFUS/Dados_Prioritarios_Contratacoes_MCMV_FAR_FDS_RURAL_Semanal_20260731.csv
HIS_MCIDADES_CONSOLIDADO_20260706.txt_Error.txt,OneDrive_2026-08-19 (3).zip,__Novo MCMV - FAR/HIS_MCIDADES_CONSOLIDADO_20260706.txt_Error.txt,.txt,dado_tabular_ou_serializado,far,nao_identificada,2026-07,pista_semantica_mesma_frente_periodo_fonte,7,raw/sftp/fabrica/GEFUS/Dados_Prioritarios_Contratacoes_MCMV_FAR_FDS_RURAL_Semanal_20260703.csv | raw/sftp/fabrica/GEFUS/Dados_Prioritarios_Contratacoes_MCMV_FAR_FDS_RURAL_Semanal_20260710.csv | raw/sftp/fabrica/GEFUS/Dados_Prioritarios_Contratacoes_MCMV_FAR_FDS_RURAL_Semanal_20260717.csv | raw/sftp/fabrica/GEFUS/Dados_Prioritarios_Contratacoes_MCMV_FAR_FDS_RURAL_Semanal_20260724.csv | raw/sftp/fabrica/GEFUS/Dados_Prioritarios_Contratacoes_MCMV_FAR_FDS_RURAL_Semanal_20260731.csv
HIS_MCIDADES_CONSOLIDADO_20260713.csv_Error.txt,OneDrive_2026-08-19 (3).zip,__Novo MCMV - FAR/HIS_MCIDADES_CONSOLIDADO_20260713.csv_Error.txt,.txt,dado_tabular_ou_serializado,far,nao_identificada,2026-07,pista_semantica_mesma_frente_periodo_fonte,7,raw/sftp/fabrica/GEFUS/Dados_Prioritarios_Contratacoes_MCMV_FAR_FDS_RURAL_Semanal_20260703.csv | raw/sftp/fabrica/GEFUS/Dados_Prioritarios_Contratacoes_MCMV_FAR_FDS_RURAL_Semanal_20260710.csv | raw/sftp/fabrica/GEFUS/Dados_Prioritarios_Contratacoes_MCMV_FAR_FDS_RURAL_Semanal_20260717.csv | raw/sftp/fabrica/GEFUS/Dados_Prioritarios_Contratacoes_MCMV_FAR_FDS_RURAL_Semanal_20260724.csv | raw/sftp/fabrica/GEFUS/Dados_Prioritarios_Contratacoes_MCMV_FAR_FDS_RURAL_Semanal_20260731.csv
HIS_MCIDADES_CONSOLIDADO_20260713.txt_Error.txt,OneDrive_2026-08-19 (3).zip,__Novo MCMV - FAR/HIS_MCIDADES_CONSOLIDADO_20260713.txt_Error.txt,.txt,dado_tabular_ou_serializado,far,nao_identificada,2026-07,pista_semantica_mesma_frente_periodo_fonte,7,raw/sftp/fabrica/GEFUS/Dados_Prioritarios_Contratacoes_MCMV_FAR_FDS_RURAL_Semanal_20260703.csv | raw/sftp/fabrica/GEFUS/Dados_Prioritarios_Contratacoes_MCMV_FAR_FDS_RURAL_Semanal_20260710.csv | raw/sftp/fabrica/GEFUS/Dados_Prioritarios_Contratacoes_MCMV_FAR_FDS_RURAL_Semanal_20260717.csv | raw/sftp/fabrica/GEFUS/Dados_Prioritarios_Contratacoes_MCMV_FAR_FDS_RURAL_Semanal_20260724.csv | raw/sftp/fabrica/GEFUS/Dados_Prioritarios_Contratacoes_MCMV_FAR_FDS_RURAL_Semanal_20260731.csv
HIS_MCIDADES_CONSOLIDADO_20260720.csv_Error.txt,OneDrive_2026-08-19 (3).zip,__Novo MCMV - FAR/HIS_MCIDADES_CONSOLIDADO_20260720.csv_Error.txt,.txt,dado_tabular_ou_serializado,far,nao_identificada,2026-07,pista_semantica_mesma_frente_periodo_fonte,7,raw/sftp/fabrica/GEFUS/Dados_Prioritarios_Contratacoes_MCMV_FAR_FDS_RURAL_Semanal_20260703.csv | raw/sftp/fabrica/GEFUS/Dados_Prioritarios_Contratacoes_MCMV_FAR_FDS_RURAL_Semanal_20260710.csv | raw/sftp/fabrica/GEFUS/Dados_Prioritarios_Contratacoes_MCMV_FAR_FDS_RURAL_Semanal_20260717.csv | raw/sftp/fabrica/GEFUS/Dados_Prioritarios_Contratacoes_MCMV_FAR_FDS_RURAL_Semanal_20260724.csv | raw/sftp/fabrica/GEFUS/Dados_Prioritarios_Contratacoes_MCMV_FAR_FDS_RURAL_Semanal_20260731.csv
HIS_MCIDADES_CONSOLIDADO_20260720.txt_Error.txt,OneDrive_2026-08-19 (3).zip,__Novo MCMV - FAR/HIS_MCIDADES_CONSOLIDADO_20260720.txt_Error.txt,.txt,dado_tabular_ou_serializado,far,nao_identificada,2026-07,pista_semantica_mesma_frente_periodo_fonte,7,raw/sftp/fabrica/GEFUS/Dados_Prioritarios_Contratacoes_MCMV_FAR_FDS_RURAL_Semanal_20260703.csv | raw/sftp/fabrica/GEFUS/Dados_Prioritarios_Contratacoes_MCMV_FAR_FDS_RURAL_Semanal_20260710.csv | raw/sftp/fabrica/GEFUS/Dados_Prioritarios_Contratacoes_MCMV_FAR_FDS_RURAL_Semanal_20260717.csv | raw/sftp/fabrica/GEFUS/Dados_Prioritarios_Contratacoes_MCMV_FAR_FDS_RURAL_Semanal_20260724.csv | raw/sftp/fabrica/GEFUS/Dados_Prioritarios_Contratacoes_MCMV_FAR_FDS_RURAL_Semanal_20260731.csv
HIS_MCIDADES_CONSOLIDADO_20260727.csv_Error.txt,OneDrive_2026-08-19 (3).zip,__Novo MCMV - FAR/HIS_MCIDADES_CONSOLIDADO_20260727.csv_Error.txt,.txt,dado_tabular_ou_serializado,far,nao_identificada,2026-07,pista_semantica_mesma_frente_periodo_fonte,7,raw/sftp/fabrica/GEFUS/Dados_Prioritarios_Contratacoes_MCMV_FAR_FDS_RURAL_Semanal_20260703.csv | raw/sftp/fabrica/GEFUS/Dados_Prioritarios_Contratacoes_MCMV_FAR_FDS_RURAL_Semanal_20260710.csv | raw/sftp/fabrica/GEFUS/Dados_Prioritarios_Contratacoes_MCMV_FAR_FDS_RURAL_Semanal_20260717.csv | raw/sftp/fabrica/GEFUS/Dados_Prioritarios_Contratacoes_MCMV_FAR_FDS_RURAL_Semanal_20260724.csv | raw/sftp/fabrica/GEFUS/Dados_Prioritarios_Contratacoes_MCMV_FAR_FDS_RURAL_Semanal_20260731.csv
HIS_MCIDADES_CONSOLIDADO_20260727.txt_Error.txt,OneDrive_2026-08-19 (3).zip,__Novo MCMV - FAR/HIS_MCIDADES_CONSOLIDADO_20260727.txt_Error.txt,.txt,dado_tabular_ou_serializado,far,nao_identificada,2026-07,pista_semantica_mesma_frente_periodo_fonte,7,raw/sftp/fabrica/GEFUS/Dados_Prioritarios_Contratacoes_MCMV_FAR_FDS_RURAL_Semanal_20260703.csv | raw/sftp/fabrica/GEFUS/Dados_Prioritarios_Contratacoes_MCMV_FAR_FDS_RURAL_Semanal_20260710.csv | raw/sftp/fabrica/GEFUS/Dados_Prioritarios_Contratacoes_MCMV_FAR_FDS_RURAL_Semanal_20260717.csv | raw/sftp/fabrica/GEFUS/Dados_Prioritarios_Contratacoes_MCMV_FAR_FDS_RURAL_Semanal_20260724.csv | raw/sftp/fabrica/GEFUS/Dados_Prioritarios_Contratacoes_MCMV_FAR_FDS_RURAL_Semanal_20260731.csv
HIS_MCIDADES_CONSOLIDADO_20260803.csv_Error.txt,OneDrive_2026-08-19 (3).zip,__Novo MCMV - FAR/HIS_MCIDADES_CONSOLIDADO_20260803.csv_Error.txt,.txt,dado_tabular_ou_serializado,far,nao_identificada,2026-08,nao_encontrado_no_minio_consultado,0,
HIS_MCIDADES_CONSOLIDADO_20260803.txt_Error.txt,OneDrive_2026-08-19 (3).zip,__Novo MCMV - FAR/HIS_MCIDADES_CONSOLIDADO_20260803.txt_Error.txt,.txt,dado_tabular_ou_serializado,far,nao_identificada,2026-08,nao_encontrado_no_minio_consultado,0,
HIS_MCIDADES_CONSOLIDADO_20260810.csv_Error.txt,OneDrive_2026-08-19 (3).zip,__Novo MCMV - FAR/HIS_MCIDADES_CONSOLIDADO_20260810.csv_Error.txt,.txt,dado_tabular_ou_serializado,far,nao_identificada,2026-08,nao_encontrado_no_minio_consultado,0,
HIS_MCIDADES_CONSOLIDADO_20260810.txt_Error.txt,OneDrive_2026-08-19 (3).zip,__Novo MCMV - FAR/HIS_MCIDADES_CONSOLIDADO_20260810.txt_Error.txt,.txt,dado_tabular_ou_serializado,far,nao_identificada,2026-08,nao_encontrado_no_minio_consultado,0,
HIS_MCIDADES_CONSOLIDADO_20260817.csv_Error.txt,OneDrive_2026-08-19 (3).zip,__Novo MCMV - FAR/HIS_MCIDADES_CONSOLIDADO_20260817.csv_Error.txt,.txt,dado_tabular_ou_serializado,far,nao_identificada,2026-08,nao_encontrado_no_minio_consultado,0,
HIS_MCIDADES_CONSOLIDADO_20260817.txt_Error.txt,OneDrive_2026-08-19 (3).zip,__Novo MCMV - FAR/HIS_MCIDADES_CONSOLIDADO_20260817.txt_Error.txt,.txt,dado_tabular_ou_serializado,far,nao_identificada,2026-08,nao_encontrado_no_minio_consultado,0,
HIS_MCIDADES_CONTRATACAO_20260211_180005.csv_Error.txt,OneDrive_2026-08-19 (3).zip,__Novo MCMV - FAR/HIS_MCIDADES_CONTRATACAO_20260211_180005.csv_Error.txt,.txt,dado_tabular_ou_serializado,far,nao_identificada,2026-02,pista_semantica_mesma_frente_periodo_fonte,4,raw/sftp/fabrica/GEFUS/ANTERIORES/Dados_Prioritarios_Contratacoes_MCMV_FAR_FDS_RURAL_Semanal_20260206.csv | raw/sftp/fabrica/GEFUS/ANTERIORES/Dados_Prioritarios_Contratacoes_MCMV_FAR_FDS_RURAL_Semanal_20260213.csv | raw/sftp/fabrica/GEFUS/ANTERIORES/Dados_Prioritarios_Contratacoes_MCMV_FAR_FDS_RURAL_Semanal_20260220.csv | raw/sftp/fabrica/GEFUS/ANTERIORES/Dados_Prioritarios_Contratacoes_MCMV_FAR_FDS_RURAL_Semanal_20260227.csv
HIS_MCIDADES_CONTRATACAO_20260211_180005.txt_Error.txt,OneDrive_2026-08-19 (3).zip,__Novo MCMV - FAR/HIS_MCIDADES_CONTRATACAO_20260211_180005.txt_Error.txt,.txt,dado_tabular_ou_serializado,far,nao_identificada,2026-02,pista_semantica_mesma_frente_periodo_fonte,4,raw/sftp/fabrica/GEFUS/ANTERIORES/Dados_Prioritarios_Contratacoes_MCMV_FAR_FDS_RURAL_Semanal_20260206.csv | raw/sftp/fabrica/GEFUS/ANTERIORES/Dados_Prioritarios_Contratacoes_MCMV_FAR_FDS_RURAL_Semanal_20260213.csv | raw/sftp/fabrica/GEFUS/ANTERIORES/Dados_Prioritarios_Contratacoes_MCMV_FAR_FDS_RURAL_Semanal_20260220.csv | raw/sftp/fabrica/GEFUS/ANTERIORES/Dados_Prioritarios_Contratacoes_MCMV_FAR_FDS_RURAL_Semanal_20260227.csv
HIS_MCIDADES_CONTRATACAO_20260212_180004.csv_Error.txt,OneDrive_2026-08-19 (3).zip,__Novo MCMV - FAR/HIS_MCIDADES_CONTRATACAO_20260212_180004.csv_Error.txt,.txt,dado_tabular_ou_serializado,far,nao_identificada,2026-02,pista_semantica_mesma_frente_periodo_fonte,4,raw/sftp/fabrica/GEFUS/ANTERIORES/Dados_Prioritarios_Contratacoes_MCMV_FAR_FDS_RURAL_Semanal_20260206.csv | raw/sftp/fabrica/GEFUS/ANTERIORES/Dados_Prioritarios_Contratacoes_MCMV_FAR_FDS_RURAL_Semanal_20260213.csv | raw/sftp/fabrica/GEFUS/ANTERIORES/Dados_Prioritarios_Contratacoes_MCMV_FAR_FDS_RURAL_Semanal_20260220.csv | raw/sftp/fabrica/GEFUS/ANTERIORES/Dados_Prioritarios_Contratacoes_MCMV_FAR_FDS_RURAL_Semanal_20260227.csv
HIS_MCIDADES_CONTRATACAO_20260212_180004.txt_Error.txt,OneDrive_2026-08-19 (3).zip,__Novo MCMV - FAR/HIS_MCIDADES_CONTRATACAO_20260212_180004.txt_Error.txt,.txt,dado_tabular_ou_serializado,far,nao_identificada,2026-02,pista_semantica_mesma_frente_periodo_fonte,4,raw/sftp/fabrica/GEFUS/ANTERIORES/Dados_Prioritarios_Contratacoes_MCMV_FAR_FDS_RURAL_Semanal_20260206.csv | raw/sftp/fabrica/GEFUS/ANTERIORES/Dados_Prioritarios_Contratacoes_MCMV_FAR_FDS_RURAL_Semanal_20260213.csv | raw/sftp/fabrica/GEFUS/ANTERIORES/Dados_Prioritarios_Contratacoes_MCMV_FAR_FDS_RURAL_Semanal_20260220.csv | raw/sftp/fabrica/GEFUS/ANTERIORES/Dados_Prioritarios_Contratacoes_MCMV_FAR_FDS_RURAL_Semanal_20260227.csv
HIS_MCIDADES_CONTRATACAO_20260213_180004.csv_Error.txt,OneDrive_2026-08-19 (3).zip,__Novo MCMV - FAR/HIS_MCIDADES_CONTRATACAO_20260213_180004.csv_Error.txt,.txt,dado_tabular_ou_serializado,far,nao_identificada,2026-02,pista_semantica_mesma_frente_periodo_fonte,4,raw/sftp/fabrica/GEFUS/ANTERIORES/Dados_Prioritarios_Contratacoes_MCMV_FAR_FDS_RURAL_Semanal_20260206.csv | raw/sftp/fabrica/GEFUS/ANTERIORES/Dados_Prioritarios_Contratacoes_MCMV_FAR_FDS_RURAL_Semanal_20260213.csv | raw/sftp/fabrica/GEFUS/ANTERIORES/Dados_Prioritarios_Contratacoes_MCMV_FAR_FDS_RURAL_Semanal_20260220.csv | raw/sftp/fabrica/GEFUS/ANTERIORES/Dados_Prioritarios_Contratacoes_MCMV_FAR_FDS_RURAL_Semanal_20260227.csv
HIS_MCIDADES_CONTRATACAO_20260213_180004.txt_Error.txt,OneDrive_2026-08-19 (3).zip,__Novo MCMV - FAR/HIS_MCIDADES_CONTRATACAO_20260213_180004.txt_Error.txt,.txt,dado_tabular_ou_serializado,far,nao_identificada,2026-02,pista_semantica_mesma_frente_periodo_fonte,4,raw/sftp/fabrica/GEFUS/ANTERIORES/Dados_Prioritarios_Contratacoes_MCMV_FAR_FDS_RURAL_Semanal_20260206.csv | raw/sftp/fabrica/GEFUS/ANTERIORES/Dados_Prioritarios_Contratacoes_MCMV_FAR_FDS_RURAL_Semanal_20260213.csv | raw/sftp/fabrica/GEFUS/ANTERIORES/Dados_Prioritarios_Contratacoes_MCMV_FAR_FDS_RURAL_Semanal_20260220.csv | raw/sftp/fabrica/GEFUS/ANTERIORES/Dados_Prioritarios_Contratacoes_MCMV_FAR_FDS_RURAL_Semanal_20260227.csv
HIS_MCIDADES_CONTRATACAO_20260218_180005.csv_Error.txt,OneDrive_2026-08-19 (3).zip,__Novo MCMV - FAR/HIS_MCIDADES_CONTRATACAO_20260218_180005.csv_Error.txt,.txt,dado_tabular_ou_serializado,far,nao_identificada,2026-02,pista_semantica_mesma_frente_periodo_fonte,4,raw/sftp/fabrica/GEFUS/ANTERIORES/Dados_Prioritarios_Contratacoes_MCMV_FAR_FDS_RURAL_Semanal_20260206.csv | raw/sftp/fabrica/GEFUS/ANTERIORES/Dados_Prioritarios_Contratacoes_MCMV_FAR_FDS_RURAL_Semanal_20260213.csv | raw/sftp/fabrica/GEFUS/ANTERIORES/Dados_Prioritarios_Contratacoes_MCMV_FAR_FDS_RURAL_Semanal_20260220.csv | raw/sftp/fabrica/GEFUS/ANTERIORES/Dados_Prioritarios_Contratacoes_MCMV_FAR_FDS_RURAL_Semanal_20260227.csv
HIS_MCIDADES_CONTRATACAO_20260218_180005.txt_Error.txt,OneDrive_2026-08-19 (3).zip,__Novo MCMV - FAR/HIS_MCIDADES_CONTRATACAO_20260218_180005.txt_Error.txt,.txt,dado_tabular_ou_serializado,far,nao_identificada,2026-02,pista_semantica_mesma_frente_periodo_fonte,4,raw/sftp/fabrica/GEFUS/ANTERIORES/Dados_Prioritarios_Contratacoes_MCMV_FAR_FDS_RURAL_Semanal_20260206.csv | raw/sftp/fabrica/GEFUS/ANTERIORES/Dados_Prioritarios_Contratacoes_MCMV_FAR_FDS_RURAL_Semanal_20260213.csv | raw/sftp/fabrica/GEFUS/ANTERIORES/Dados_Prioritarios_Contratacoes_MCMV_FAR_FDS_RURAL_Semanal_20260220.csv | raw/sftp/fabrica/GEFUS/ANTERIORES/Dados_Prioritarios_Contratacoes_MCMV_FAR_FDS_RURAL_Semanal_20260227.csv
HIS_MCIDADES_CONTRATACAO_20260219_180005.csv_Error.txt,OneDrive_2026-08-19 (3).zip,__Novo MCMV - FAR/HIS_MCIDADES_CONTRATACAO_20260219_180005.csv_Error.txt,.txt,dado_tabular_ou_serializado,far,nao_identificada,2026-02,pista_semantica_mesma_frente_periodo_fonte,4,raw/sftp/fabrica/GEFUS/ANTERIORES/Dados_Prioritarios_Contratacoes_MCMV_FAR_FDS_RURAL_Semanal_20260206.csv | raw/sftp/fabrica/GEFUS/ANTERIORES/Dados_Prioritarios_Contratacoes_MCMV_FAR_FDS_RURAL_Semanal_20260213.csv | raw/sftp/fabrica/GEFUS/ANTERIORES/Dados_Prioritarios_Contratacoes_MCMV_FAR_FDS_RURAL_Semanal_20260220.csv | raw/sftp/fabrica/GEFUS/ANTERIORES/Dados_Prioritarios_Contratacoes_MCMV_FAR_FDS_RURAL_Semanal_20260227.csv
HIS_MCIDADES_CONTRATACAO_20260219_180005.txt_Error.txt,OneDrive_2026-08-19 (3).zip,__Novo MCMV - FAR/HIS_MCIDADES_CONTRATACAO_20260219_180005.txt_Error.txt,.txt,dado_tabular_ou_serializado,far,nao_identificada,2026-02,pista_semantica_mesma_frente_periodo_fonte,4,raw/sftp/fabrica/GEFUS/ANTERIORES/Dados_Prioritarios_Contratacoes_MCMV_FAR_FDS_RURAL_Semanal_20260206.csv | raw/sftp/fabrica/GEFUS/ANTERIORES/Dados_Prioritarios_Contratacoes_MCMV_FAR_FDS_RURAL_Semanal_20260213.csv | raw/sftp/fabrica/GEFUS/ANTERIORES/Dados_Prioritarios_Contratacoes_MCMV_FAR_FDS_RURAL_Semanal_20260220.csv | raw/sftp/fabrica/GEFUS/ANTERIORES/Dados_Prioritarios_Contratacoes_MCMV_FAR_FDS_RURAL_Semanal_20260227.csv
HIS_MCIDADES_CONTRATACAO_20260223_180004.csv_Error.txt,OneDrive_2026-08-19 (3).zip,__Novo MCMV - FAR/HIS_MCIDADES_CONTRATACAO_20260223_180004.csv_Error.txt,.txt,dado_tabular_ou_serializado,far,nao_identificada,2026-02,pista_semantica_mesma_frente_periodo_fonte,4,raw/sftp/fabrica/GEFUS/ANTERIORES/Dados_Prioritarios_Contratacoes_MCMV_FAR_FDS_RURAL_Semanal_20260206.csv | raw/sftp/fabrica/GEFUS/ANTERIORES/Dados_Prioritarios_Contratacoes_MCMV_FAR_FDS_RURAL_Semanal_20260213.csv | raw/sftp/fabrica/GEFUS/ANTERIORES/Dados_Prioritarios_Contratacoes_MCMV_FAR_FDS_RURAL_Semanal_20260220.csv | raw/sftp/fabrica/GEFUS/ANTERIORES/Dados_Prioritarios_Contratacoes_MCMV_FAR_FDS_RURAL_Semanal_20260227.csv
HIS_MCIDADES_CONTRATACAO_20260223_180004.txt_Error.txt,OneDrive_2026-08-19 (3).zip,__Novo MCMV - FAR/HIS_MCIDADES_CONTRATACAO_20260223_180004.txt_Error.txt,.txt,dado_tabular_ou_serializado,far,nao_identificada,2026-02,pista_semantica_mesma_frente_periodo_fonte,4,raw/sftp/fabrica/GEFUS/ANTERIORES/Dados_Prioritarios_Contratacoes_MCMV_FAR_FDS_RURAL_Semanal_20260206.csv | raw/sftp/fabrica/GEFUS/ANTERIORES/Dados_Prioritarios_Contratacoes_MCMV_FAR_FDS_RURAL_Semanal_20260213.csv | raw/sftp/fabrica/GEFUS/ANTERIORES/Dados_Prioritarios_Contratacoes_MCMV_FAR_FDS_RURAL_Semanal_20260220.csv | raw/sftp/fabrica/GEFUS/ANTERIORES/Dados_Prioritarios_Contratacoes_MCMV_FAR_FDS_RURAL_Semanal_20260227.csv
HIS_MCIDADES_CONTRATACAO_20260227_110004.csv_Error.txt,OneDrive_2026-08-19 (3).zip,__Novo MCMV - FAR/HIS_MCIDADES_CONTRATACAO_20260227_110004.csv_Error.txt,.txt,dado_tabular_ou_serializado,far,nao_identificada,2026-02,pista_semantica_mesma_frente_periodo_fonte,4,raw/sftp/fabrica/GEFUS/ANTERIORES/Dados_Prioritarios_Contratacoes_MCMV_FAR_FDS_RURAL_Semanal_20260206.csv | raw/sftp/fabrica/GEFUS/ANTERIORES/Dados_Prioritarios_Contratacoes_MCMV_FAR_FDS_RURAL_Semanal_20260213.csv | raw/sftp/fabrica/GEFUS/ANTERIORES/Dados_Prioritarios_Contratacoes_MCMV_FAR_FDS_RURAL_Semanal_20260220.csv | raw/sftp/fabrica/GEFUS/ANTERIORES/Dados_Prioritarios_Contratacoes_MCMV_FAR_FDS_RURAL_Semanal_20260227.csv
HIS_MCIDADES_CONTRATACAO_20260227_110004.txt_Error.txt,OneDrive_2026-08-19 (3).zip,__Novo MCMV - FAR/HIS_MCIDADES_CONTRATACAO_20260227_110004.txt_Error.txt,.txt,dado_tabular_ou_serializado,far,nao_identificada,2026-02,pista_semantica_mesma_frente_periodo_fonte,4,raw/sftp/fabrica/GEFUS/ANTERIORES/Dados_Prioritarios_Contratacoes_MCMV_FAR_FDS_RURAL_Semanal_20260206.csv | raw/sftp/fabrica/GEFUS/ANTERIORES/Dados_Prioritarios_Contratacoes_MCMV_FAR_FDS_RURAL_Semanal_20260213.csv | raw/sftp/fabrica/GEFUS/ANTERIORES/Dados_Prioritarios_Contratacoes_MCMV_FAR_FDS_RURAL_Semanal_20260220.csv | raw/sftp/fabrica/GEFUS/ANTERIORES/Dados_Prioritarios_Contratacoes_MCMV_FAR_FDS_RURAL_Semanal_20260227.csv
HIS_MCIDADES_CONTRATACAO_20260303_180004.csv_Error.txt,OneDrive_2026-08-19 (3).zip,__Novo MCMV - FAR/HIS_MCIDADES_CONTRATACAO_20260303_180004.csv_Error.txt,.txt,dado_tabular_ou_serializado,far,nao_identificada,2026-03,pista_semantica_mesma_frente_periodo_fonte,4,raw/sftp/fabrica/GEFUS/ANTERIORES/Dados_Prioritarios_Contratacoes_MCMV_FAR_FDS_RURAL_Semanal_20260306.csv | raw/sftp/fabrica/GEFUS/ANTERIORES/Dados_Prioritarios_Contratacoes_MCMV_FAR_FDS_RURAL_Semanal_20260313.csv | raw/sftp/fabrica/GEFUS/ANTERIORES/Dados_Prioritarios_Contratacoes_MCMV_FAR_FDS_RURAL_Semanal_20260320.csv | raw/sftp/fabrica/GEFUS/ANTERIORES/Dados_Prioritarios_Contratacoes_MCMV_FAR_FDS_RURAL_Semanal_20260327.csv
HIS_MCIDADES_CONTRATACAO_20260303_180004.txt_Error.txt,OneDrive_2026-08-19 (3).zip,__Novo MCMV - FAR/HIS_MCIDADES_CONTRATACAO_20260303_180004.txt_Error.txt,.txt,dado_tabular_ou_serializado,far,nao_identificada,2026-03,pista_semantica_mesma_frente_periodo_fonte,4,raw/sftp/fabrica/GEFUS/ANTERIORES/Dados_Prioritarios_Contratacoes_MCMV_FAR_FDS_RURAL_Semanal_20260306.csv | raw/sftp/fabrica/GEFUS/ANTERIORES/Dados_Prioritarios_Contratacoes_MCMV_FAR_FDS_RURAL_Semanal_20260313.csv | raw/sftp/fabrica/GEFUS/ANTERIORES/Dados_Prioritarios_Contratacoes_MCMV_FAR_FDS_RURAL_Semanal_20260320.csv | raw/sftp/fabrica/GEFUS/ANTERIORES/Dados_Prioritarios_Contratacoes_MCMV_FAR_FDS_RURAL_Semanal_20260327.csv
HIS_MCIDADES_CONTRATACAO_20260305_180003.csv_Error.txt,OneDrive_2026-08-19 (3).zip,__Novo MCMV - FAR/HIS_MCIDADES_CONTRATACAO_20260305_180003.csv_Error.txt,.txt,dado_tabular_ou_serializado,far,nao_identificada,2026-03,pista_semantica_mesma_frente_periodo_fonte,4,raw/sftp/fabrica/GEFUS/ANTERIORES/Dados_Prioritarios_Contratacoes_MCMV_FAR_FDS_RURAL_Semanal_20260306.csv | raw/sftp/fabrica/GEFUS/ANTERIORES/Dados_Prioritarios_Contratacoes_MCMV_FAR_FDS_RURAL_Semanal_20260313.csv | raw/sftp/fabrica/GEFUS/ANTERIORES/Dados_Prioritarios_Contratacoes_MCMV_FAR_FDS_RURAL_Semanal_20260320.csv | raw/sftp/fabrica/GEFUS/ANTERIORES/Dados_Prioritarios_Contratacoes_MCMV_FAR_FDS_RURAL_Semanal_20260327.csv
HIS_MCIDADES_CONTRATACAO_20260305_180003.txt_Error.txt,OneDrive_2026-08-19 (3).zip,__Novo MCMV - FAR/HIS_MCIDADES_CONTRATACAO_20260305_180003.txt_Error.txt,.txt,dado_tabular_ou_serializado,far,nao_identificada,2026-03,pista_semantica_mesma_frente_periodo_fonte,4,raw/sftp/fabrica/GEFUS/ANTERIORES/Dados_Prioritarios_Contratacoes_MCMV_FAR_FDS_RURAL_Semanal_20260306.csv | raw/sftp/fabrica/GEFUS/ANTERIORES/Dados_Prioritarios_Contratacoes_MCMV_FAR_FDS_RURAL_Semanal_20260313.csv | raw/sftp/fabrica/GEFUS/ANTERIORES/Dados_Prioritarios_Contratacoes_MCMV_FAR_FDS_RURAL_Semanal_20260320.csv | raw/sftp/fabrica/GEFUS/ANTERIORES/Dados_Prioritarios_Contratacoes_MCMV_FAR_FDS_RURAL_Semanal_20260327.csv
HIS_MCIDADES_CONTRATACAO_20260306_180004.csv_Error.txt,OneDrive_2026-08-19 (3).zip,__Novo MCMV - FAR/HIS_MCIDADES_CONTRATACAO_20260306_180004.csv_Error.txt,.txt,dado_tabular_ou_serializado,far,nao_identificada,2026-03,pista_semantica_mesma_frente_periodo_fonte,4,raw/sftp/fabrica/GEFUS/ANTERIORES/Dados_Prioritarios_Contratacoes_MCMV_FAR_FDS_RURAL_Semanal_20260306.csv | raw/sftp/fabrica/GEFUS/ANTERIORES/Dados_Prioritarios_Contratacoes_MCMV_FAR_FDS_RURAL_Semanal_20260313.csv | raw/sftp/fabrica/GEFUS/ANTERIORES/Dados_Prioritarios_Contratacoes_MCMV_FAR_FDS_RURAL_Semanal_20260320.csv | raw/sftp/fabrica/GEFUS/ANTERIORES/Dados_Prioritarios_Contratacoes_MCMV_FAR_FDS_RURAL_Semanal_20260327.csv
HIS_MCIDADES_CONTRATACAO_20260306_180004.txt_Error.txt,OneDrive_2026-08-19 (3).zip,__Novo MCMV - FAR/HIS_MCIDADES_CONTRATACAO_20260306_180004.txt_Error.txt,.txt,dado_tabular_ou_serializado,far,nao_identificada,2026-03,pista_semantica_mesma_frente_periodo_fonte,4,raw/sftp/fabrica/GEFUS/ANTERIORES/Dados_Prioritarios_Contratacoes_MCMV_FAR_FDS_RURAL_Semanal_20260306.csv | raw/sftp/fabrica/GEFUS/ANTERIORES/Dados_Prioritarios_Contratacoes_MCMV_FAR_FDS_RURAL_Semanal_20260313.csv | raw/sftp/fabrica/GEFUS/ANTERIORES/Dados_Prioritarios_Contratacoes_MCMV_FAR_FDS_RURAL_Semanal_20260320.csv | raw/sftp/fabrica/GEFUS/ANTERIORES/Dados_Prioritarios_Contratacoes_MCMV_FAR_FDS_RURAL_Semanal_20260327.csv
HIS_MCIDADES_CONTRATACAO_20260309_180004.csv_Error.txt,OneDrive_2026-08-19 (3).zip,__Novo MCMV - FAR/HIS_MCIDADES_CONTRATACAO_20260309_180004.csv_Error.txt,.txt,dado_tabular_ou_serializado,far,nao_identificada,2026-03,pista_semantica_mesma_frente_periodo_fonte,4,raw/sftp/fabrica/GEFUS/ANTERIORES/Dados_Prioritarios_Contratacoes_MCMV_FAR_FDS_RURAL_Semanal_20260306.csv | raw/sftp/fabrica/GEFUS/ANTERIORES/Dados_Prioritarios_Contratacoes_MCMV_FAR_FDS_RURAL_Semanal_20260313.csv | raw/sftp/fabrica/GEFUS/ANTERIORES/Dados_Prioritarios_Contratacoes_MCMV_FAR_FDS_RURAL_Semanal_20260320.csv | raw/sftp/fabrica/GEFUS/ANTERIORES/Dados_Prioritarios_Contratacoes_MCMV_FAR_FDS_RURAL_Semanal_20260327.csv
HIS_MCIDADES_CONTRATACAO_20260309_180004.txt_Error.txt,OneDrive_2026-08-19 (3).zip,__Novo MCMV - FAR/HIS_MCIDADES_CONTRATACAO_20260309_180004.txt_Error.txt,.txt,dado_tabular_ou_serializado,far,nao_identificada,2026-03,pista_semantica_mesma_frente_periodo_fonte,4,raw/sftp/fabrica/GEFUS/ANTERIORES/Dados_Prioritarios_Contratacoes_MCMV_FAR_FDS_RURAL_Semanal_20260306.csv | raw/sftp/fabrica/GEFUS/ANTERIORES/Dados_Prioritarios_Contratacoes_MCMV_FAR_FDS_RURAL_Semanal_20260313.csv | raw/sftp/fabrica/GEFUS/ANTERIORES/Dados_Prioritarios_Contratacoes_MCMV_FAR_FDS_RURAL_Semanal_20260320.csv | raw/sftp/fabrica/GEFUS/ANTERIORES/Dados_Prioritarios_Contratacoes_MCMV_FAR_FDS_RURAL_Semanal_20260327.csv
HIS_MCIDADES_CONTRATACAO_20260310_180005.csv_Error.txt,OneDrive_2026-08-19 (3).zip,__Novo MCMV - FAR/HIS_MCIDADES_CONTRATACAO_20260310_180005.csv_Error.txt,.txt,dado_tabular_ou_serializado,far,nao_identificada,2026-03,pista_semantica_mesma_frente_periodo_fonte,4,raw/sftp/fabrica/GEFUS/ANTERIORES/Dados_Prioritarios_Contratacoes_MCMV_FAR_FDS_RURAL_Semanal_20260306.csv | raw/sftp/fabrica/GEFUS/ANTERIORES/Dados_Prioritarios_Contratacoes_MCMV_FAR_FDS_RURAL_Semanal_20260313.csv | raw/sftp/fabrica/GEFUS/ANTERIORES/Dados_Prioritarios_Contratacoes_MCMV_FAR_FDS_RURAL_Semanal_20260320.csv | raw/sftp/fabrica/GEFUS/ANTERIORES/Dados_Prioritarios_Contratacoes_MCMV_FAR_FDS_RURAL_Semanal_20260327.csv
HIS_MCIDADES_CONTRATACAO_20260310_180005.txt_Error.txt,OneDrive_2026-08-19 (3).zip,__Novo MCMV - FAR/HIS_MCIDADES_CONTRATACAO_20260310_180005.txt_Error.txt,.txt,dado_tabular_ou_serializado,far,nao_identificada,2026-03,pista_semantica_mesma_frente_periodo_fonte,4,raw/sftp/fabrica/GEFUS/ANTERIORES/Dados_Prioritarios_Contratacoes_MCMV_FAR_FDS_RURAL_Semanal_20260306.csv | raw/sftp/fabrica/GEFUS/ANTERIORES/Dados_Prioritarios_Contratacoes_MCMV_FAR_FDS_RURAL_Semanal_20260313.csv | raw/sftp/fabrica/GEFUS/ANTERIORES/Dados_Prioritarios_Contratacoes_MCMV_FAR_FDS_RURAL_Semanal_20260320.csv | raw/sftp/fabrica/GEFUS/ANTERIORES/Dados_Prioritarios_Contratacoes_MCMV_FAR_FDS_RURAL_Semanal_20260327.csv
HIS_MCIDADES_CONTRATACAO_20260312_180005.csv_Error.txt,OneDrive_2026-08-19 (3).zip,__Novo MCMV - FAR/HIS_MCIDADES_CONTRATACAO_20260312_180005.csv_Error.txt,.txt,dado_tabular_ou_serializado,far,nao_identificada,2026-03,pista_semantica_mesma_frente_periodo_fonte,4,raw/sftp/fabrica/GEFUS/ANTERIORES/Dados_Prioritarios_Contratacoes_MCMV_FAR_FDS_RURAL_Semanal_20260306.csv | raw/sftp/fabrica/GEFUS/ANTERIORES/Dados_Prioritarios_Contratacoes_MCMV_FAR_FDS_RURAL_Semanal_20260313.csv | raw/sftp/fabrica/GEFUS/ANTERIORES/Dados_Prioritarios_Contratacoes_MCMV_FAR_FDS_RURAL_Semanal_20260320.csv | raw/sftp/fabrica/GEFUS/ANTERIORES/Dados_Prioritarios_Contratacoes_MCMV_FAR_FDS_RURAL_Semanal_20260327.csv
HIS_MCIDADES_CONTRATACAO_20260312_180005.txt_Error.txt,OneDrive_2026-08-19 (3).zip,__Novo MCMV - FAR/HIS_MCIDADES_CONTRATACAO_20260312_180005.txt_Error.txt,.txt,dado_tabular_ou_serializado,far,nao_identificada,2026-03,pista_semantica_mesma_frente_periodo_fonte,4,raw/sftp/fabrica/GEFUS/ANTERIORES/Dados_Prioritarios_Contratacoes_MCMV_FAR_FDS_RURAL_Semanal_20260306.csv | raw/sftp/fabrica/GEFUS/ANTERIORES/Dados_Prioritarios_Contratacoes_MCMV_FAR_FDS_RURAL_Semanal_20260313.csv | raw/sftp/fabrica/GEFUS/ANTERIORES/Dados_Prioritarios_Contratacoes_MCMV_FAR_FDS_RURAL_Semanal_20260320.csv | raw/sftp/fabrica/GEFUS/ANTERIORES/Dados_Prioritarios_Contratacoes_MCMV_FAR_FDS_RURAL_Semanal_20260327.csv
HIS_MCIDADES_CONTRATACAO_20260313_180005.csv_Error.txt,OneDrive_2026-08-19 (3).zip,__Novo MCMV - FAR/HIS_MCIDADES_CONTRATACAO_20260313_180005.csv_Error.txt,.txt,dado_tabular_ou_serializado,far,nao_identificada,2026-03,pista_semantica_mesma_frente_periodo_fonte,4,raw/sftp/fabrica/GEFUS/ANTERIORES/Dados_Prioritarios_Contratacoes_MCMV_FAR_FDS_RURAL_Semanal_20260306.csv | raw/sftp/fabrica/GEFUS/ANTERIORES/Dados_Prioritarios_Contratacoes_MCMV_FAR_FDS_RURAL_Semanal_20260313.csv | raw/sftp/fabrica/GEFUS/ANTERIORES/Dados_Prioritarios_Contratacoes_MCMV_FAR_FDS_RURAL_Semanal_20260320.csv | raw/sftp/fabrica/GEFUS/ANTERIORES/Dados_Prioritarios_Contratacoes_MCMV_FAR_FDS_RURAL_Semanal_20260327.csv
HIS_MCIDADES_CONTRATACAO_20260313_180005.txt_Error.txt,OneDrive_2026-08-19 (3).zip,__Novo MCMV - FAR/HIS_MCIDADES_CONTRATACAO_20260313_180005.txt_Error.txt,.txt,dado_tabular_ou_serializado,far,nao_identificada,2026-03,pista_semantica_mesma_frente_periodo_fonte,4,raw/sftp/fabrica/GEFUS/ANTERIORES/Dados_Prioritarios_Contratacoes_MCMV_FAR_FDS_RURAL_Semanal_20260306.csv | raw/sftp/fabrica/GEFUS/ANTERIORES/Dados_Prioritarios_Contratacoes_MCMV_FAR_FDS_RURAL_Semanal_20260313.csv | raw/sftp/fabrica/GEFUS/ANTERIORES/Dados_Prioritarios_Contratacoes_MCMV_FAR_FDS_RURAL_Semanal_20260320.csv | raw/sftp/fabrica/GEFUS/ANTERIORES/Dados_Prioritarios_Contratacoes_MCMV_FAR_FDS_RURAL_Semanal_20260327.csv
HIS_MCIDADES_CONTRATACAO_20260317_110007.csv_Error.txt,OneDrive_2026-08-19 (3).zip,__Novo MCMV - FAR/HIS_MCIDADES_CONTRATACAO_20260317_110007.csv_Error.txt,.txt,dado_tabular_ou_serializado,far,nao_identificada,2026-03,pista_semantica_mesma_frente_periodo_fonte,4,raw/sftp/fabrica/GEFUS/ANTERIORES/Dados_Prioritarios_Contratacoes_MCMV_FAR_FDS_RURAL_Semanal_20260306.csv | raw/sftp/fabrica/GEFUS/ANTERIORES/Dados_Prioritarios_Contratacoes_MCMV_FAR_FDS_RURAL_Semanal_20260313.csv | raw/sftp/fabrica/GEFUS/ANTERIORES/Dados_Prioritarios_Contratacoes_MCMV_FAR_FDS_RURAL_Semanal_20260320.csv | raw/sftp/fabrica/GEFUS/ANTERIORES/Dados_Prioritarios_Contratacoes_MCMV_FAR_FDS_RURAL_Semanal_20260327.csv
HIS_MCIDADES_CONTRATACAO_20260317_110007.txt_Error.txt,OneDrive_2026-08-19 (3).zip,__Novo MCMV - FAR/HIS_MCIDADES_CONTRATACAO_20260317_110007.txt_Error.txt,.txt,dado_tabular_ou_serializado,far,nao_identificada,2026-03,pista_semantica_mesma_frente_periodo_fonte,4,raw/sftp/fabrica/GEFUS/ANTERIORES/Dados_Prioritarios_Contratacoes_MCMV_FAR_FDS_RURAL_Semanal_20260306.csv | raw/sftp/fabrica/GEFUS/ANTERIORES/Dados_Prioritarios_Contratacoes_MCMV_FAR_FDS_RURAL_Semanal_20260313.csv | raw/sftp/fabrica/GEFUS/ANTERIORES/Dados_Prioritarios_Contratacoes_MCMV_FAR_FDS_RURAL_Semanal_20260320.csv | raw/sftp/fabrica/GEFUS/ANTERIORES/Dados_Prioritarios_Contratacoes_MCMV_FAR_FDS_RURAL_Semanal_20260327.csv
HIS_MCIDADES_CONTRATACAO_20260319_110005.csv_Error.txt,OneDrive_2026-08-19 (3).zip,__Novo MCMV - FAR/HIS_MCIDADES_CONTRATACAO_20260319_110005.csv_Error.txt,.txt,dado_tabular_ou_serializado,far,nao_identificada,2026-03,pista_semantica_mesma_frente_periodo_fonte,4,raw/sftp/fabrica/GEFUS/ANTERIORES/Dados_Prioritarios_Contratacoes_MCMV_FAR_FDS_RURAL_Semanal_20260306.csv | raw/sftp/fabrica/GEFUS/ANTERIORES/Dados_Prioritarios_Contratacoes_MCMV_FAR_FDS_RURAL_Semanal_20260313.csv | raw/sftp/fabrica/GEFUS/ANTERIORES/Dados_Prioritarios_Contratacoes_MCMV_FAR_FDS_RURAL_Semanal_20260320.csv | raw/sftp/fabrica/GEFUS/ANTERIORES/Dados_Prioritarios_Contratacoes_MCMV_FAR_FDS_RURAL_Semanal_20260327.csv
HIS_MCIDADES_CONTRATACAO_20260319_110005.txt_Error.txt,OneDrive_2026-08-19 (3).zip,__Novo MCMV - FAR/HIS_MCIDADES_CONTRATACAO_20260319_110005.txt_Error.txt,.txt,dado_tabular_ou_serializado,far,nao_identificada,2026-03,pista_semantica_mesma_frente_periodo_fonte,4,raw/sftp/fabrica/GEFUS/ANTERIORES/Dados_Prioritarios_Contratacoes_MCMV_FAR_FDS_RURAL_Semanal_20260306.csv | raw/sftp/fabrica/GEFUS/ANTERIORES/Dados_Prioritarios_Contratacoes_MCMV_FAR_FDS_RURAL_Semanal_20260313.csv | raw/sftp/fabrica/GEFUS/ANTERIORES/Dados_Prioritarios_Contratacoes_MCMV_FAR_FDS_RURAL_Semanal_20260320.csv | raw/sftp/fabrica/GEFUS/ANTERIORES/Dados_Prioritarios_Contratacoes_MCMV_FAR_FDS_RURAL_Semanal_20260327.csv
HIS_MCIDADES_CONTRATACAO_20260323_123904.csv_Error.txt,OneDrive_2026-08-19 (3).zip,__Novo MCMV - FAR/HIS_MCIDADES_CONTRATACAO_20260323_123904.csv_Error.txt,.txt,dado_tabular_ou_serializado,far,nao_identificada,2026-03,pista_semantica_mesma_frente_periodo_fonte,4,raw/sftp/fabrica/GEFUS/ANTERIORES/Dados_Prioritarios_Contratacoes_MCMV_FAR_FDS_RURAL_Semanal_20260306.csv | raw/sftp/fabrica/GEFUS/ANTERIORES/Dados_Prioritarios_Contratacoes_MCMV_FAR_FDS_RURAL_Semanal_20260313.csv | raw/sftp/fabrica/GEFUS/ANTERIORES/Dados_Prioritarios_Contratacoes_MCMV_FAR_FDS_RURAL_Semanal_20260320.csv | raw/sftp/fabrica/GEFUS/ANTERIORES/Dados_Prioritarios_Contratacoes_MCMV_FAR_FDS_RURAL_Semanal_20260327.csv
HIS_MCIDADES_CONTRATACAO_20260323_123904.txt_Error.txt,OneDrive_2026-08-19 (3).zip,__Novo MCMV - FAR/HIS_MCIDADES_CONTRATACAO_20260323_123904.txt_Error.txt,.txt,dado_tabular_ou_serializado,far,nao_identificada,2026-03,pista_semantica_mesma_frente_periodo_fonte,4,raw/sftp/fabrica/GEFUS/ANTERIORES/Dados_Prioritarios_Contratacoes_MCMV_FAR_FDS_RURAL_Semanal_20260306.csv | raw/sftp/fabrica/GEFUS/ANTERIORES/Dados_Prioritarios_Contratacoes_MCMV_FAR_FDS_RURAL_Semanal_20260313.csv | raw/sftp/fabrica/GEFUS/ANTERIORES/Dados_Prioritarios_Contratacoes_MCMV_FAR_FDS_RURAL_Semanal_20260320.csv | raw/sftp/fabrica/GEFUS/ANTERIORES/Dados_Prioritarios_Contratacoes_MCMV_FAR_FDS_RURAL_Semanal_20260327.csv
HIS_MCIDADES_CONTRATACAO_20260327_180005.csv_Error.txt,OneDrive_2026-08-19 (3).zip,__Novo MCMV - FAR/HIS_MCIDADES_CONTRATACAO_20260327_180005.csv_Error.txt,.txt,dado_tabular_ou_serializado,far,nao_identificada,2026-03,pista_semantica_mesma_frente_periodo_fonte,4,raw/sftp/fabrica/GEFUS/ANTERIORES/Dados_Prioritarios_Contratacoes_MCMV_FAR_FDS_RURAL_Semanal_20260306.csv | raw/sftp/fabrica/GEFUS/ANTERIORES/Dados_Prioritarios_Contratacoes_MCMV_FAR_FDS_RURAL_Semanal_20260313.csv | raw/sftp/fabrica/GEFUS/ANTERIORES/Dados_Prioritarios_Contratacoes_MCMV_FAR_FDS_RURAL_Semanal_20260320.csv | raw/sftp/fabrica/GEFUS/ANTERIORES/Dados_Prioritarios_Contratacoes_MCMV_FAR_FDS_RURAL_Semanal_20260327.csv
HIS_MCIDADES_CONTRATACAO_20260327_180005.txt_Error.txt,OneDrive_2026-08-19 (3).zip,__Novo MCMV - FAR/HIS_MCIDADES_CONTRATACAO_20260327_180005.txt_Error.txt,.txt,dado_tabular_ou_serializado,far,nao_identificada,2026-03,pista_semantica_mesma_frente_periodo_fonte,4,raw/sftp/fabrica/GEFUS/ANTERIORES/Dados_Prioritarios_Contratacoes_MCMV_FAR_FDS_RURAL_Semanal_20260306.csv | raw/sftp/fabrica/GEFUS/ANTERIORES/Dados_Prioritarios_Contratacoes_MCMV_FAR_FDS_RURAL_Semanal_20260313.csv | raw/sftp/fabrica/GEFUS/ANTERIORES/Dados_Prioritarios_Contratacoes_MCMV_FAR_FDS_RURAL_Semanal_20260320.csv | raw/sftp/fabrica/GEFUS/ANTERIORES/Dados_Prioritarios_Contratacoes_MCMV_FAR_FDS_RURAL_Semanal_20260327.csv
HIS_MCIDADES_CONTRATACAO_20260402_180004.csv_Error.txt,OneDrive_2026-08-19 (3).zip,__Novo MCMV - FAR/HIS_MCIDADES_CONTRATACAO_20260402_180004.csv_Error.txt,.txt,dado_tabular_ou_serializado,far,nao_identificada,2026-04,pista_semantica_mesma_frente_periodo_fonte,5,raw/sftp/fabrica/GEFUS/ANTERIORES/Dados_Prioritarios_Contratacoes_MCMV_FAR_FDS_RURAL_Semanal_20260403.csv | raw/sftp/fabrica/GEFUS/ANTERIORES/Dados_Prioritarios_Contratacoes_MCMV_FAR_FDS_RURAL_Semanal_20260410.csv | raw/sftp/fabrica/GEFUS/ANTERIORES/Dados_Prioritarios_Contratacoes_MCMV_FAR_FDS_RURAL_Semanal_20260417.csv | raw/sftp/fabrica/GEFUS/INT021_MinisterioCidades_FAR_BB_PF_20260430_CONTINGENCIA.TXT | raw/sftp/fabrica/GEFUS/INT039_MinisterioCidades_FAR_CAIXA_PF_20260430_CONTINGENCIA.TXT
HIS_MCIDADES_CONTRATACAO_20260402_180004.txt_Error.txt,OneDrive_2026-08-19 (3).zip,__Novo MCMV - FAR/HIS_MCIDADES_CONTRATACAO_20260402_180004.txt_Error.txt,.txt,dado_tabular_ou_serializado,far,nao_identificada,2026-04,pista_semantica_mesma_frente_periodo_fonte,5,raw/sftp/fabrica/GEFUS/ANTERIORES/Dados_Prioritarios_Contratacoes_MCMV_FAR_FDS_RURAL_Semanal_20260403.csv | raw/sftp/fabrica/GEFUS/ANTERIORES/Dados_Prioritarios_Contratacoes_MCMV_FAR_FDS_RURAL_Semanal_20260410.csv | raw/sftp/fabrica/GEFUS/ANTERIORES/Dados_Prioritarios_Contratacoes_MCMV_FAR_FDS_RURAL_Semanal_20260417.csv | raw/sftp/fabrica/GEFUS/INT021_MinisterioCidades_FAR_BB_PF_20260430_CONTINGENCIA.TXT | raw/sftp/fabrica/GEFUS/INT039_MinisterioCidades_FAR_CAIXA_PF_20260430_CONTINGENCIA.TXT
HIS_MCIDADES_CONTRATACAO_20260408_110005.csv_Error.txt,OneDrive_2026-08-19 (3).zip,__Novo MCMV - FAR/HIS_MCIDADES_CONTRATACAO_20260408_110005.csv_Error.txt,.txt,dado_tabular_ou_serializado,far,nao_identificada,2026-04,pista_semantica_mesma_frente_periodo_fonte,5,raw/sftp/fabrica/GEFUS/ANTERIORES/Dados_Prioritarios_Contratacoes_MCMV_FAR_FDS_RURAL_Semanal_20260403.csv | raw/sftp/fabrica/GEFUS/ANTERIORES/Dados_Prioritarios_Contratacoes_MCMV_FAR_FDS_RURAL_Semanal_20260410.csv | raw/sftp/fabrica/GEFUS/ANTERIORES/Dados_Prioritarios_Contratacoes_MCMV_FAR_FDS_RURAL_Semanal_20260417.csv | raw/sftp/fabrica/GEFUS/INT021_MinisterioCidades_FAR_BB_PF_20260430_CONTINGENCIA.TXT | raw/sftp/fabrica/GEFUS/INT039_MinisterioCidades_FAR_CAIXA_PF_20260430_CONTINGENCIA.TXT
HIS_MCIDADES_CONTRATACAO_20260408_110005.txt_Error.txt,OneDrive_2026-08-19 (3).zip,__Novo MCMV - FAR/HIS_MCIDADES_CONTRATACAO_20260408_110005.txt_Error.txt,.txt,dado_tabular_ou_serializado,far,nao_identificada,2026-04,pista_semantica_mesma_frente_periodo_fonte,5,raw/sftp/fabrica/GEFUS/ANTERIORES/Dados_Prioritarios_Contratacoes_MCMV_FAR_FDS_RURAL_Semanal_20260403.csv | raw/sftp/fabrica/GEFUS/ANTERIORES/Dados_Prioritarios_Contratacoes_MCMV_FAR_FDS_RURAL_Semanal_20260410.csv | raw/sftp/fabrica/GEFUS/ANTERIORES/Dados_Prioritarios_Contratacoes_MCMV_FAR_FDS_RURAL_Semanal_20260417.csv | raw/sftp/fabrica/GEFUS/INT021_MinisterioCidades_FAR_BB_PF_20260430_CONTINGENCIA.TXT | raw/sftp/fabrica/GEFUS/INT039_MinisterioCidades_FAR_CAIXA_PF_20260430_CONTINGENCIA.TXT
HIS_MCIDADES_CONTRATACAO_20260413_110006.csv_Error.txt,OneDrive_2026-08-19 (3).zip,__Novo MCMV - FAR/HIS_MCIDADES_CONTRATACAO_20260413_110006.csv_Error.txt,.txt,dado_tabular_ou_serializado,far,nao_identificada,2026-04,pista_semantica_mesma_frente_periodo_fonte,5,raw/sftp/fabrica/GEFUS/ANTERIORES/Dados_Prioritarios_Contratacoes_MCMV_FAR_FDS_RURAL_Semanal_20260403.csv | raw/sftp/fabrica/GEFUS/ANTERIORES/Dados_Prioritarios_Contratacoes_MCMV_FAR_FDS_RURAL_Semanal_20260410.csv | raw/sftp/fabrica/GEFUS/ANTERIORES/Dados_Prioritarios_Contratacoes_MCMV_FAR_FDS_RURAL_Semanal_20260417.csv | raw/sftp/fabrica/GEFUS/INT021_MinisterioCidades_FAR_BB_PF_20260430_CONTINGENCIA.TXT | raw/sftp/fabrica/GEFUS/INT039_MinisterioCidades_FAR_CAIXA_PF_20260430_CONTINGENCIA.TXT
HIS_MCIDADES_CONTRATACAO_20260413_110006.txt_Error.txt,OneDrive_2026-08-19 (3).zip,__Novo MCMV - FAR/HIS_MCIDADES_CONTRATACAO_20260413_110006.txt_Error.txt,.txt,dado_tabular_ou_serializado,far,nao_identificada,2026-04,pista_semantica_mesma_frente_periodo_fonte,5,raw/sftp/fabrica/GEFUS/ANTERIORES/Dados_Prioritarios_Contratacoes_MCMV_FAR_FDS_RURAL_Semanal_20260403.csv | raw/sftp/fabrica/GEFUS/ANTERIORES/Dados_Prioritarios_Contratacoes_MCMV_FAR_FDS_RURAL_Semanal_20260410.csv | raw/sftp/fabrica/GEFUS/ANTERIORES/Dados_Prioritarios_Contratacoes_MCMV_FAR_FDS_RURAL_Semanal_20260417.csv | raw/sftp/fabrica/GEFUS/INT021_MinisterioCidades_FAR_BB_PF_20260430_CONTINGENCIA.TXT | raw/sftp/fabrica/GEFUS/INT039_MinisterioCidades_FAR_CAIXA_PF_20260430_CONTINGENCIA.TXT
HIS_MCIDADES_CONTRATACAO_20260414_110004.csv_Error.txt,OneDrive_2026-08-19 (3).zip,__Novo MCMV - FAR/HIS_MCIDADES_CONTRATACAO_20260414_110004.csv_Error.txt,.txt,dado_tabular_ou_serializado,far,nao_identificada,2026-04,pista_semantica_mesma_frente_periodo_fonte,5,raw/sftp/fabrica/GEFUS/ANTERIORES/Dados_Prioritarios_Contratacoes_MCMV_FAR_FDS_RURAL_Semanal_20260403.csv | raw/sftp/fabrica/GEFUS/ANTERIORES/Dados_Prioritarios_Contratacoes_MCMV_FAR_FDS_RURAL_Semanal_20260410.csv | raw/sftp/fabrica/GEFUS/ANTERIORES/Dados_Prioritarios_Contratacoes_MCMV_FAR_FDS_RURAL_Semanal_20260417.csv | raw/sftp/fabrica/GEFUS/INT021_MinisterioCidades_FAR_BB_PF_20260430_CONTINGENCIA.TXT | raw/sftp/fabrica/GEFUS/INT039_MinisterioCidades_FAR_CAIXA_PF_20260430_CONTINGENCIA.TXT
HIS_MCIDADES_CONTRATACAO_20260414_110004.txt_Error.txt,OneDrive_2026-08-19 (3).zip,__Novo MCMV - FAR/HIS_MCIDADES_CONTRATACAO_20260414_110004.txt_Error.txt,.txt,dado_tabular_ou_serializado,far,nao_identificada,2026-04,pista_semantica_mesma_frente_periodo_fonte,5,raw/sftp/fabrica/GEFUS/ANTERIORES/Dados_Prioritarios_Contratacoes_MCMV_FAR_FDS_RURAL_Semanal_20260403.csv | raw/sftp/fabrica/GEFUS/ANTERIORES/Dados_Prioritarios_Contratacoes_MCMV_FAR_FDS_RURAL_Semanal_20260410.csv | raw/sftp/fabrica/GEFUS/ANTERIORES/Dados_Prioritarios_Contratacoes_MCMV_FAR_FDS_RURAL_Semanal_20260417.csv | raw/sftp/fabrica/GEFUS/INT021_MinisterioCidades_FAR_BB_PF_20260430_CONTINGENCIA.TXT | raw/sftp/fabrica/GEFUS/INT039_MinisterioCidades_FAR_CAIXA_PF_20260430_CONTINGENCIA.TXT
HIS_MCIDADES_CONTRATACAO_20260416_110007.csv_Error.txt,OneDrive_2026-08-19 (3).zip,__Novo MCMV - FAR/HIS_MCIDADES_CONTRATACAO_20260416_110007.csv_Error.txt,.txt,dado_tabular_ou_serializado,far,nao_identificada,2026-04,pista_semantica_mesma_frente_periodo_fonte,5,raw/sftp/fabrica/GEFUS/ANTERIORES/Dados_Prioritarios_Contratacoes_MCMV_FAR_FDS_RURAL_Semanal_20260403.csv | raw/sftp/fabrica/GEFUS/ANTERIORES/Dados_Prioritarios_Contratacoes_MCMV_FAR_FDS_RURAL_Semanal_20260410.csv | raw/sftp/fabrica/GEFUS/ANTERIORES/Dados_Prioritarios_Contratacoes_MCMV_FAR_FDS_RURAL_Semanal_20260417.csv | raw/sftp/fabrica/GEFUS/INT021_MinisterioCidades_FAR_BB_PF_20260430_CONTINGENCIA.TXT | raw/sftp/fabrica/GEFUS/INT039_MinisterioCidades_FAR_CAIXA_PF_20260430_CONTINGENCIA.TXT
HIS_MCIDADES_CONTRATACAO_20260416_110007.txt_Error.txt,OneDrive_2026-08-19 (3).zip,__Novo MCMV - FAR/HIS_MCIDADES_CONTRATACAO_20260416_110007.txt_Error.txt,.txt,dado_tabular_ou_serializado,far,nao_identificada,2026-04,pista_semantica_mesma_frente_periodo_fonte,5,raw/sftp/fabrica/GEFUS/ANTERIORES/Dados_Prioritarios_Contratacoes_MCMV_FAR_FDS_RURAL_Semanal_20260403.csv | raw/sftp/fabrica/GEFUS/ANTERIORES/Dados_Prioritarios_Contratacoes_MCMV_FAR_FDS_RURAL_Semanal_20260410.csv | raw/sftp/fabrica/GEFUS/ANTERIORES/Dados_Prioritarios_Contratacoes_MCMV_FAR_FDS_RURAL_Semanal_20260417.csv | raw/sftp/fabrica/GEFUS/INT021_MinisterioCidades_FAR_BB_PF_20260430_CONTINGENCIA.TXT | raw/sftp/fabrica/GEFUS/INT039_MinisterioCidades_FAR_CAIXA_PF_20260430_CONTINGENCIA.TXT
HIS_MCIDADES_CONTRATACAO_20260416_180004.csv_Error.txt,OneDrive_2026-08-19 (3).zip,__Novo MCMV - FAR/HIS_MCIDADES_CONTRATACAO_20260416_180004.csv_Error.txt,.txt,dado_tabular_ou_serializado,far,nao_identificada,2026-04,pista_semantica_mesma_frente_periodo_fonte,5,raw/sftp/fabrica/GEFUS/ANTERIORES/Dados_Prioritarios_Contratacoes_MCMV_FAR_FDS_RURAL_Semanal_20260403.csv | raw/sftp/fabrica/GEFUS/ANTERIORES/Dados_Prioritarios_Contratacoes_MCMV_FAR_FDS_RURAL_Semanal_20260410.csv | raw/sftp/fabrica/GEFUS/ANTERIORES/Dados_Prioritarios_Contratacoes_MCMV_FAR_FDS_RURAL_Semanal_20260417.csv | raw/sftp/fabrica/GEFUS/INT021_MinisterioCidades_FAR_BB_PF_20260430_CONTINGENCIA.TXT | raw/sftp/fabrica/GEFUS/INT039_MinisterioCidades_FAR_CAIXA_PF_20260430_CONTINGENCIA.TXT
HIS_MCIDADES_CONTRATACAO_20260416_180004.txt_Error.txt,OneDrive_2026-08-19 (3).zip,__Novo MCMV - FAR/HIS_MCIDADES_CONTRATACAO_20260416_180004.txt_Error.txt,.txt,dado_tabular_ou_serializado,far,nao_identificada,2026-04,pista_semantica_mesma_frente_periodo_fonte,5,raw/sftp/fabrica/GEFUS/ANTERIORES/Dados_Prioritarios_Contratacoes_MCMV_FAR_FDS_RURAL_Semanal_20260403.csv | raw/sftp/fabrica/GEFUS/ANTERIORES/Dados_Prioritarios_Contratacoes_MCMV_FAR_FDS_RURAL_Semanal_20260410.csv | raw/sftp/fabrica/GEFUS/ANTERIORES/Dados_Prioritarios_Contratacoes_MCMV_FAR_FDS_RURAL_Semanal_20260417.csv | raw/sftp/fabrica/GEFUS/INT021_MinisterioCidades_FAR_BB_PF_20260430_CONTINGENCIA.TXT | raw/sftp/fabrica/GEFUS/INT039_MinisterioCidades_FAR_CAIXA_PF_20260430_CONTINGENCIA.TXT
HIS_MCIDADES_CONTRATACAO_20260420_110009.csv_Error.txt,OneDrive_2026-08-19 (3).zip,__Novo MCMV - FAR/HIS_MCIDADES_CONTRATACAO_20260420_110009.csv_Error.txt,.txt,dado_tabular_ou_serializado,far,nao_identificada,2026-04,pista_semantica_mesma_frente_periodo_fonte,5,raw/sftp/fabrica/GEFUS/ANTERIORES/Dados_Prioritarios_Contratacoes_MCMV_FAR_FDS_RURAL_Semanal_20260403.csv | raw/sftp/fabrica/GEFUS/ANTERIORES/Dados_Prioritarios_Contratacoes_MCMV_FAR_FDS_RURAL_Semanal_20260410.csv | raw/sftp/fabrica/GEFUS/ANTERIORES/Dados_Prioritarios_Contratacoes_MCMV_FAR_FDS_RURAL_Semanal_20260417.csv | raw/sftp/fabrica/GEFUS/INT021_MinisterioCidades_FAR_BB_PF_20260430_CONTINGENCIA.TXT | raw/sftp/fabrica/GEFUS/INT039_MinisterioCidades_FAR_CAIXA_PF_20260430_CONTINGENCIA.TXT
HIS_MCIDADES_CONTRATACAO_20260420_110009.txt_Error.txt,OneDrive_2026-08-19 (3).zip,__Novo MCMV - FAR/HIS_MCIDADES_CONTRATACAO_20260420_110009.txt_Error.txt,.txt,dado_tabular_ou_serializado,far,nao_identificada,2026-04,pista_semantica_mesma_frente_periodo_fonte,5,raw/sftp/fabrica/GEFUS/ANTERIORES/Dados_Prioritarios_Contratacoes_MCMV_FAR_FDS_RURAL_Semanal_20260403.csv | raw/sftp/fabrica/GEFUS/ANTERIORES/Dados_Prioritarios_Contratacoes_MCMV_FAR_FDS_RURAL_Semanal_20260410.csv | raw/sftp/fabrica/GEFUS/ANTERIORES/Dados_Prioritarios_Contratacoes_MCMV_FAR_FDS_RURAL_Semanal_20260417.csv | raw/sftp/fabrica/GEFUS/INT021_MinisterioCidades_FAR_BB_PF_20260430_CONTINGENCIA.TXT | raw/sftp/fabrica/GEFUS/INT039_MinisterioCidades_FAR_CAIXA_PF_20260430_CONTINGENCIA.TXT
HIS_MCIDADES_CONTRATACAO_20260428_180004.csv_Error.txt,OneDrive_2026-08-19 (3).zip,__Novo MCMV - FAR/HIS_MCIDADES_CONTRATACAO_20260428_180004.csv_Error.txt,.txt,dado_tabular_ou_serializado,far,nao_identificada,2026-04,pista_semantica_mesma_frente_periodo_fonte,5,raw/sftp/fabrica/GEFUS/ANTERIORES/Dados_Prioritarios_Contratacoes_MCMV_FAR_FDS_RURAL_Semanal_20260403.csv | raw/sftp/fabrica/GEFUS/ANTERIORES/Dados_Prioritarios_Contratacoes_MCMV_FAR_FDS_RURAL_Semanal_20260410.csv | raw/sftp/fabrica/GEFUS/ANTERIORES/Dados_Prioritarios_Contratacoes_MCMV_FAR_FDS_RURAL_Semanal_20260417.csv | raw/sftp/fabrica/GEFUS/INT021_MinisterioCidades_FAR_BB_PF_20260430_CONTINGENCIA.TXT | raw/sftp/fabrica/GEFUS/INT039_MinisterioCidades_FAR_CAIXA_PF_20260430_CONTINGENCIA.TXT
HIS_MCIDADES_CONTRATACAO_20260428_180004.txt_Error.txt,OneDrive_2026-08-19 (3).zip,__Novo MCMV - FAR/HIS_MCIDADES_CONTRATACAO_20260428_180004.txt_Error.txt,.txt,dado_tabular_ou_serializado,far,nao_identificada,2026-04,pista_semantica_mesma_frente_periodo_fonte,5,raw/sftp/fabrica/GEFUS/ANTERIORES/Dados_Prioritarios_Contratacoes_MCMV_FAR_FDS_RURAL_Semanal_20260403.csv | raw/sftp/fabrica/GEFUS/ANTERIORES/Dados_Prioritarios_Contratacoes_MCMV_FAR_FDS_RURAL_Semanal_20260410.csv | raw/sftp/fabrica/GEFUS/ANTERIORES/Dados_Prioritarios_Contratacoes_MCMV_FAR_FDS_RURAL_Semanal_20260417.csv | raw/sftp/fabrica/GEFUS/INT021_MinisterioCidades_FAR_BB_PF_20260430_CONTINGENCIA.TXT | raw/sftp/fabrica/GEFUS/INT039_MinisterioCidades_FAR_CAIXA_PF_20260430_CONTINGENCIA.TXT
HIS_MCIDADES_CONTRATACAO_20260429_180005.csv_Error.txt,OneDrive_2026-08-19 (3).zip,__Novo MCMV - FAR/HIS_MCIDADES_CONTRATACAO_20260429_180005.csv_Error.txt,.txt,dado_tabular_ou_serializado,far,nao_identificada,2026-04,pista_semantica_mesma_frente_periodo_fonte,5,raw/sftp/fabrica/GEFUS/ANTERIORES/Dados_Prioritarios_Contratacoes_MCMV_FAR_FDS_RURAL_Semanal_20260403.csv | raw/sftp/fabrica/GEFUS/ANTERIORES/Dados_Prioritarios_Contratacoes_MCMV_FAR_FDS_RURAL_Semanal_20260410.csv | raw/sftp/fabrica/GEFUS/ANTERIORES/Dados_Prioritarios_Contratacoes_MCMV_FAR_FDS_RURAL_Semanal_20260417.csv | raw/sftp/fabrica/GEFUS/INT021_MinisterioCidades_FAR_BB_PF_20260430_CONTINGENCIA.TXT | raw/sftp/fabrica/GEFUS/INT039_MinisterioCidades_FAR_CAIXA_PF_20260430_CONTINGENCIA.TXT
HIS_MCIDADES_CONTRATACAO_20260429_180005.txt_Error.txt,OneDrive_2026-08-19 (3).zip,__Novo MCMV - FAR/HIS_MCIDADES_CONTRATACAO_20260429_180005.txt_Error.txt,.txt,dado_tabular_ou_serializado,far,nao_identificada,2026-04,pista_semantica_mesma_frente_periodo_fonte,5,raw/sftp/fabrica/GEFUS/ANTERIORES/Dados_Prioritarios_Contratacoes_MCMV_FAR_FDS_RURAL_Semanal_20260403.csv | raw/sftp/fabrica/GEFUS/ANTERIORES/Dados_Prioritarios_Contratacoes_MCMV_FAR_FDS_RURAL_Semanal_20260410.csv | raw/sftp/fabrica/GEFUS/ANTERIORES/Dados_Prioritarios_Contratacoes_MCMV_FAR_FDS_RURAL_Semanal_20260417.csv | raw/sftp/fabrica/GEFUS/INT021_MinisterioCidades_FAR_BB_PF_20260430_CONTINGENCIA.TXT | raw/sftp/fabrica/GEFUS/INT039_MinisterioCidades_FAR_CAIXA_PF_20260430_CONTINGENCIA.TXT
HIS_MCIDADES_CONTRATACAO_20260430_110004.csv_Error.txt,OneDrive_2026-08-19 (3).zip,__Novo MCMV - FAR/HIS_MCIDADES_CONTRATACAO_20260430_110004.csv_Error.txt,.txt,dado_tabular_ou_serializado,far,nao_identificada,2026-04,pista_semantica_mesma_frente_periodo_fonte,5,raw/sftp/fabrica/GEFUS/ANTERIORES/Dados_Prioritarios_Contratacoes_MCMV_FAR_FDS_RURAL_Semanal_20260403.csv | raw/sftp/fabrica/GEFUS/ANTERIORES/Dados_Prioritarios_Contratacoes_MCMV_FAR_FDS_RURAL_Semanal_20260410.csv | raw/sftp/fabrica/GEFUS/ANTERIORES/Dados_Prioritarios_Contratacoes_MCMV_FAR_FDS_RURAL_Semanal_20260417.csv | raw/sftp/fabrica/GEFUS/INT021_MinisterioCidades_FAR_BB_PF_20260430_CONTINGENCIA.TXT | raw/sftp/fabrica/GEFUS/INT039_MinisterioCidades_FAR_CAIXA_PF_20260430_CONTINGENCIA.TXT
HIS_MCIDADES_CONTRATACAO_20260430_110004.txt_Error.txt,OneDrive_2026-08-19 (3).zip,__Novo MCMV - FAR/HIS_MCIDADES_CONTRATACAO_20260430_110004.txt_Error.txt,.txt,dado_tabular_ou_serializado,far,nao_identificada,2026-04,pista_semantica_mesma_frente_periodo_fonte,5,raw/sftp/fabrica/GEFUS/ANTERIORES/Dados_Prioritarios_Contratacoes_MCMV_FAR_FDS_RURAL_Semanal_20260403.csv | raw/sftp/fabrica/GEFUS/ANTERIORES/Dados_Prioritarios_Contratacoes_MCMV_FAR_FDS_RURAL_Semanal_20260410.csv | raw/sftp/fabrica/GEFUS/ANTERIORES/Dados_Prioritarios_Contratacoes_MCMV_FAR_FDS_RURAL_Semanal_20260417.csv | raw/sftp/fabrica/GEFUS/INT021_MinisterioCidades_FAR_BB_PF_20260430_CONTINGENCIA.TXT | raw/sftp/fabrica/GEFUS/INT039_MinisterioCidades_FAR_CAIXA_PF_20260430_CONTINGENCIA.TXT
HIS_MCIDADES_CONTRATACAO_20260504_180005.csv_Error.txt,OneDrive_2026-08-19 (3).zip,__Novo MCMV - FAR/HIS_MCIDADES_CONTRATACAO_20260504_180005.csv_Error.txt,.txt,dado_tabular_ou_serializado,far,nao_identificada,2026-05,pista_semantica_mesma_frente_periodo_fonte,5,raw/sftp/fabrica/GEFUS/ANTERIORES/Dados_Prioritarios_Contratacoes_MCMV_FAR_FDS_RURAL_Semanal_20260505.csv | raw/sftp/fabrica/GEFUS/ANTERIORES/Dados_Prioritarios_Contratacoes_MCMV_FAR_FDS_RURAL_Semanal_20260508.csv | raw/sftp/fabrica/GEFUS/ANTERIORES/Dados_Prioritarios_Contratacoes_MCMV_FAR_FDS_RURAL_Semanal_20260515.csv | raw/sftp/fabrica/GEFUS/ANTERIORES/Dados_Prioritarios_Contratacoes_MCMV_FAR_FDS_RURAL_Semanal_20260522.csv | raw/sftp/fabrica/GEFUS/ANTERIORES/Dados_Prioritarios_Contratacoes_MCMV_FAR_FDS_RURAL_Semanal_20260529.csv
HIS_MCIDADES_CONTRATACAO_20260504_180005.txt_Error.txt,OneDrive_2026-08-19 (3).zip,__Novo MCMV - FAR/HIS_MCIDADES_CONTRATACAO_20260504_180005.txt_Error.txt,.txt,dado_tabular_ou_serializado,far,nao_identificada,2026-05,pista_semantica_mesma_frente_periodo_fonte,5,raw/sftp/fabrica/GEFUS/ANTERIORES/Dados_Prioritarios_Contratacoes_MCMV_FAR_FDS_RURAL_Semanal_20260505.csv | raw/sftp/fabrica/GEFUS/ANTERIORES/Dados_Prioritarios_Contratacoes_MCMV_FAR_FDS_RURAL_Semanal_20260508.csv | raw/sftp/fabrica/GEFUS/ANTERIORES/Dados_Prioritarios_Contratacoes_MCMV_FAR_FDS_RURAL_Semanal_20260515.csv | raw/sftp/fabrica/GEFUS/ANTERIORES/Dados_Prioritarios_Contratacoes_MCMV_FAR_FDS_RURAL_Semanal_20260522.csv | raw/sftp/fabrica/GEFUS/ANTERIORES/Dados_Prioritarios_Contratacoes_MCMV_FAR_FDS_RURAL_Semanal_20260529.csv
HIS_MCIDADES_CONTRATACAO_20260505_110006.csv_Error.txt,OneDrive_2026-08-19 (3).zip,__Novo MCMV - FAR/HIS_MCIDADES_CONTRATACAO_20260505_110006.csv_Error.txt,.txt,dado_tabular_ou_serializado,far,nao_identificada,2026-05,pista_semantica_mesma_frente_periodo_fonte,5,raw/sftp/fabrica/GEFUS/ANTERIORES/Dados_Prioritarios_Contratacoes_MCMV_FAR_FDS_RURAL_Semanal_20260505.csv | raw/sftp/fabrica/GEFUS/ANTERIORES/Dados_Prioritarios_Contratacoes_MCMV_FAR_FDS_RURAL_Semanal_20260508.csv | raw/sftp/fabrica/GEFUS/ANTERIORES/Dados_Prioritarios_Contratacoes_MCMV_FAR_FDS_RURAL_Semanal_20260515.csv | raw/sftp/fabrica/GEFUS/ANTERIORES/Dados_Prioritarios_Contratacoes_MCMV_FAR_FDS_RURAL_Semanal_20260522.csv | raw/sftp/fabrica/GEFUS/ANTERIORES/Dados_Prioritarios_Contratacoes_MCMV_FAR_FDS_RURAL_Semanal_20260529.csv
HIS_MCIDADES_CONTRATACAO_20260505_110006.txt_Error.txt,OneDrive_2026-08-19 (3).zip,__Novo MCMV - FAR/HIS_MCIDADES_CONTRATACAO_20260505_110006.txt_Error.txt,.txt,dado_tabular_ou_serializado,far,nao_identificada,2026-05,pista_semantica_mesma_frente_periodo_fonte,5,raw/sftp/fabrica/GEFUS/ANTERIORES/Dados_Prioritarios_Contratacoes_MCMV_FAR_FDS_RURAL_Semanal_20260505.csv | raw/sftp/fabrica/GEFUS/ANTERIORES/Dados_Prioritarios_Contratacoes_MCMV_FAR_FDS_RURAL_Semanal_20260508.csv | raw/sftp/fabrica/GEFUS/ANTERIORES/Dados_Prioritarios_Contratacoes_MCMV_FAR_FDS_RURAL_Semanal_20260515.csv | raw/sftp/fabrica/GEFUS/ANTERIORES/Dados_Prioritarios_Contratacoes_MCMV_FAR_FDS_RURAL_Semanal_20260522.csv | raw/sftp/fabrica/GEFUS/ANTERIORES/Dados_Prioritarios_Contratacoes_MCMV_FAR_FDS_RURAL_Semanal_20260529.csv
HIS_MCIDADES_CONTRATACAO_20260507_180003.csv_Error.txt,OneDrive_2026-08-19 (3).zip,__Novo MCMV - FAR/HIS_MCIDADES_CONTRATACAO_20260507_180003.csv_Error.txt,.txt,dado_tabular_ou_serializado,far,nao_identificada,2026-05,pista_semantica_mesma_frente_periodo_fonte,5,raw/sftp/fabrica/GEFUS/ANTERIORES/Dados_Prioritarios_Contratacoes_MCMV_FAR_FDS_RURAL_Semanal_20260505.csv | raw/sftp/fabrica/GEFUS/ANTERIORES/Dados_Prioritarios_Contratacoes_MCMV_FAR_FDS_RURAL_Semanal_20260508.csv | raw/sftp/fabrica/GEFUS/ANTERIORES/Dados_Prioritarios_Contratacoes_MCMV_FAR_FDS_RURAL_Semanal_20260515.csv | raw/sftp/fabrica/GEFUS/ANTERIORES/Dados_Prioritarios_Contratacoes_MCMV_FAR_FDS_RURAL_Semanal_20260522.csv | raw/sftp/fabrica/GEFUS/ANTERIORES/Dados_Prioritarios_Contratacoes_MCMV_FAR_FDS_RURAL_Semanal_20260529.csv
HIS_MCIDADES_CONTRATACAO_20260507_180003.txt_Error.txt,OneDrive_2026-08-19 (3).zip,__Novo MCMV - FAR/HIS_MCIDADES_CONTRATACAO_20260507_180003.txt_Error.txt,.txt,dado_tabular_ou_serializado,far,nao_identificada,2026-05,pista_semantica_mesma_frente_periodo_fonte,5,raw/sftp/fabrica/GEFUS/ANTERIORES/Dados_Prioritarios_Contratacoes_MCMV_FAR_FDS_RURAL_Semanal_20260505.csv | raw/sftp/fabrica/GEFUS/ANTERIORES/Dados_Prioritarios_Contratacoes_MCMV_FAR_FDS_RURAL_Semanal_20260508.csv | raw/sftp/fabrica/GEFUS/ANTERIORES/Dados_Prioritarios_Contratacoes_MCMV_FAR_FDS_RURAL_Semanal_20260515.csv | raw/sftp/fabrica/GEFUS/ANTERIORES/Dados_Prioritarios_Contratacoes_MCMV_FAR_FDS_RURAL_Semanal_20260522.csv | raw/sftp/fabrica/GEFUS/ANTERIORES/Dados_Prioritarios_Contratacoes_MCMV_FAR_FDS_RURAL_Semanal_20260529.csv
HIS_MCIDADES_CONTRATACAO_20260508_110004.csv_Error.txt,OneDrive_2026-08-19 (3).zip,__Novo MCMV - FAR/HIS_MCIDADES_CONTRATACAO_20260508_110004.csv_Error.txt,.txt,dado_tabular_ou_serializado,far,nao_identificada,2026-05,pista_semantica_mesma_frente_periodo_fonte,5,raw/sftp/fabrica/GEFUS/ANTERIORES/Dados_Prioritarios_Contratacoes_MCMV_FAR_FDS_RURAL_Semanal_20260505.csv | raw/sftp/fabrica/GEFUS/ANTERIORES/Dados_Prioritarios_Contratacoes_MCMV_FAR_FDS_RURAL_Semanal_20260508.csv | raw/sftp/fabrica/GEFUS/ANTERIORES/Dados_Prioritarios_Contratacoes_MCMV_FAR_FDS_RURAL_Semanal_20260515.csv | raw/sftp/fabrica/GEFUS/ANTERIORES/Dados_Prioritarios_Contratacoes_MCMV_FAR_FDS_RURAL_Semanal_20260522.csv | raw/sftp/fabrica/GEFUS/ANTERIORES/Dados_Prioritarios_Contratacoes_MCMV_FAR_FDS_RURAL_Semanal_20260529.csv
HIS_MCIDADES_CONTRATACAO_20260508_110004.txt_Error.txt,OneDrive_2026-08-19 (3).zip,__Novo MCMV - FAR/HIS_MCIDADES_CONTRATACAO_20260508_110004.txt_Error.txt,.txt,dado_tabular_ou_serializado,far,nao_identificada,2026-05,pista_semantica_mesma_frente_periodo_fonte,5,raw/sftp/fabrica/GEFUS/ANTERIORES/Dados_Prioritarios_Contratacoes_MCMV_FAR_FDS_RURAL_Semanal_20260505.csv | raw/sftp/fabrica/GEFUS/ANTERIORES/Dados_Prioritarios_Contratacoes_MCMV_FAR_FDS_RURAL_Semanal_20260508.csv | raw/sftp/fabrica/GEFUS/ANTERIORES/Dados_Prioritarios_Contratacoes_MCMV_FAR_FDS_RURAL_Semanal_20260515.csv | raw/sftp/fabrica/GEFUS/ANTERIORES/Dados_Prioritarios_Contratacoes_MCMV_FAR_FDS_RURAL_Semanal_20260522.csv | raw/sftp/fabrica/GEFUS/ANTERIORES/Dados_Prioritarios_Contratacoes_MCMV_FAR_FDS_RURAL_Semanal_20260529.csv
HIS_MCIDADES_CONTRATACAO_20260511_110006.csv_Error.txt,OneDrive_2026-08-19 (3).zip,__Novo MCMV - FAR/HIS_MCIDADES_CONTRATACAO_20260511_110006.csv_Error.txt,.txt,dado_tabular_ou_serializado,far,nao_identificada,2026-05,pista_semantica_mesma_frente_periodo_fonte,5,raw/sftp/fabrica/GEFUS/ANTERIORES/Dados_Prioritarios_Contratacoes_MCMV_FAR_FDS_RURAL_Semanal_20260505.csv | raw/sftp/fabrica/GEFUS/ANTERIORES/Dados_Prioritarios_Contratacoes_MCMV_FAR_FDS_RURAL_Semanal_20260508.csv | raw/sftp/fabrica/GEFUS/ANTERIORES/Dados_Prioritarios_Contratacoes_MCMV_FAR_FDS_RURAL_Semanal_20260515.csv | raw/sftp/fabrica/GEFUS/ANTERIORES/Dados_Prioritarios_Contratacoes_MCMV_FAR_FDS_RURAL_Semanal_20260522.csv | raw/sftp/fabrica/GEFUS/ANTERIORES/Dados_Prioritarios_Contratacoes_MCMV_FAR_FDS_RURAL_Semanal_20260529.csv
HIS_MCIDADES_CONTRATACAO_20260511_110006.txt_Error.txt,OneDrive_2026-08-19 (3).zip,__Novo MCMV - FAR/HIS_MCIDADES_CONTRATACAO_20260511_110006.txt_Error.txt,.txt,dado_tabular_ou_serializado,far,nao_identificada,2026-05,pista_semantica_mesma_frente_periodo_fonte,5,raw/sftp/fabrica/GEFUS/ANTERIORES/Dados_Prioritarios_Contratacoes_MCMV_FAR_FDS_RURAL_Semanal_20260505.csv | raw/sftp/fabrica/GEFUS/ANTERIORES/Dados_Prioritarios_Contratacoes_MCMV_FAR_FDS_RURAL_Semanal_20260508.csv | raw/sftp/fabrica/GEFUS/ANTERIORES/Dados_Prioritarios_Contratacoes_MCMV_FAR_FDS_RURAL_Semanal_20260515.csv | raw/sftp/fabrica/GEFUS/ANTERIORES/Dados_Prioritarios_Contratacoes_MCMV_FAR_FDS_RURAL_Semanal_20260522.csv | raw/sftp/fabrica/GEFUS/ANTERIORES/Dados_Prioritarios_Contratacoes_MCMV_FAR_FDS_RURAL_Semanal_20260529.csv
HIS_MCIDADES_CONTRATACAO_20260512_110007.csv_Error.txt,OneDrive_2026-08-19 (3).zip,__Novo MCMV - FAR/HIS_MCIDADES_CONTRATACAO_20260512_110007.csv_Error.txt,.txt,dado_tabular_ou_serializado,far,nao_identificada,2026-05,pista_semantica_mesma_frente_periodo_fonte,5,raw/sftp/fabrica/GEFUS/ANTERIORES/Dados_Prioritarios_Contratacoes_MCMV_FAR_FDS_RURAL_Semanal_20260505.csv | raw/sftp/fabrica/GEFUS/ANTERIORES/Dados_Prioritarios_Contratacoes_MCMV_FAR_FDS_RURAL_Semanal_20260508.csv | raw/sftp/fabrica/GEFUS/ANTERIORES/Dados_Prioritarios_Contratacoes_MCMV_FAR_FDS_RURAL_Semanal_20260515.csv | raw/sftp/fabrica/GEFUS/ANTERIORES/Dados_Prioritarios_Contratacoes_MCMV_FAR_FDS_RURAL_Semanal_20260522.csv | raw/sftp/fabrica/GEFUS/ANTERIORES/Dados_Prioritarios_Contratacoes_MCMV_FAR_FDS_RURAL_Semanal_20260529.csv
HIS_MCIDADES_CONTRATACAO_20260512_110007.txt_Error.txt,OneDrive_2026-08-19 (3).zip,__Novo MCMV - FAR/HIS_MCIDADES_CONTRATACAO_20260512_110007.txt_Error.txt,.txt,dado_tabular_ou_serializado,far,nao_identificada,2026-05,pista_semantica_mesma_frente_periodo_fonte,5,raw/sftp/fabrica/GEFUS/ANTERIORES/Dados_Prioritarios_Contratacoes_MCMV_FAR_FDS_RURAL_Semanal_20260505.csv | raw/sftp/fabrica/GEFUS/ANTERIORES/Dados_Prioritarios_Contratacoes_MCMV_FAR_FDS_RURAL_Semanal_20260508.csv | raw/sftp/fabrica/GEFUS/ANTERIORES/Dados_Prioritarios_Contratacoes_MCMV_FAR_FDS_RURAL_Semanal_20260515.csv | raw/sftp/fabrica/GEFUS/ANTERIORES/Dados_Prioritarios_Contratacoes_MCMV_FAR_FDS_RURAL_Semanal_20260522.csv | raw/sftp/fabrica/GEFUS/ANTERIORES/Dados_Prioritarios_Contratacoes_MCMV_FAR_FDS_RURAL_Semanal_20260529.csv
HIS_MCIDADES_CONTRATACAO_20260513_110006.csv_Error.txt,OneDrive_2026-08-19 (3).zip,__Novo MCMV - FAR/HIS_MCIDADES_CONTRATACAO_20260513_110006.csv_Error.txt,.txt,dado_tabular_ou_serializado,far,nao_identificada,2026-05,pista_semantica_mesma_frente_periodo_fonte,5,raw/sftp/fabrica/GEFUS/ANTERIORES/Dados_Prioritarios_Contratacoes_MCMV_FAR_FDS_RURAL_Semanal_20260505.csv | raw/sftp/fabrica/GEFUS/ANTERIORES/Dados_Prioritarios_Contratacoes_MCMV_FAR_FDS_RURAL_Semanal_20260508.csv | raw/sftp/fabrica/GEFUS/ANTERIORES/Dados_Prioritarios_Contratacoes_MCMV_FAR_FDS_RURAL_Semanal_20260515.csv | raw/sftp/fabrica/GEFUS/ANTERIORES/Dados_Prioritarios_Contratacoes_MCMV_FAR_FDS_RURAL_Semanal_20260522.csv | raw/sftp/fabrica/GEFUS/ANTERIORES/Dados_Prioritarios_Contratacoes_MCMV_FAR_FDS_RURAL_Semanal_20260529.csv
HIS_MCIDADES_CONTRATACAO_20260513_110006.txt_Error.txt,OneDrive_2026-08-19 (3).zip,__Novo MCMV - FAR/HIS_MCIDADES_CONTRATACAO_20260513_110006.txt_Error.txt,.txt,dado_tabular_ou_serializado,far,nao_identificada,2026-05,pista_semantica_mesma_frente_periodo_fonte,5,raw/sftp/fabrica/GEFUS/ANTERIORES/Dados_Prioritarios_Contratacoes_MCMV_FAR_FDS_RURAL_Semanal_20260505.csv | raw/sftp/fabrica/GEFUS/ANTERIORES/Dados_Prioritarios_Contratacoes_MCMV_FAR_FDS_RURAL_Semanal_20260508.csv | raw/sftp/fabrica/GEFUS/ANTERIORES/Dados_Prioritarios_Contratacoes_MCMV_FAR_FDS_RURAL_Semanal_20260515.csv | raw/sftp/fabrica/GEFUS/ANTERIORES/Dados_Prioritarios_Contratacoes_MCMV_FAR_FDS_RURAL_Semanal_20260522.csv | raw/sftp/fabrica/GEFUS/ANTERIORES/Dados_Prioritarios_Contratacoes_MCMV_FAR_FDS_RURAL_Semanal_20260529.csv
HIS_MCIDADES_CONTRATACAO_20260518_110008.csv_Error.txt,OneDrive_2026-08-19 (3).zip,__Novo MCMV - FAR/HIS_MCIDADES_CONTRATACAO_20260518_110008.csv_Error.txt,.txt,dado_tabular_ou_serializado,far,nao_identificada,2026-05,pista_semantica_mesma_frente_periodo_fonte,5,raw/sftp/fabrica/GEFUS/ANTERIORES/Dados_Prioritarios_Contratacoes_MCMV_FAR_FDS_RURAL_Semanal_20260505.csv | raw/sftp/fabrica/GEFUS/ANTERIORES/Dados_Prioritarios_Contratacoes_MCMV_FAR_FDS_RURAL_Semanal_20260508.csv | raw/sftp/fabrica/GEFUS/ANTERIORES/Dados_Prioritarios_Contratacoes_MCMV_FAR_FDS_RURAL_Semanal_20260515.csv | raw/sftp/fabrica/GEFUS/ANTERIORES/Dados_Prioritarios_Contratacoes_MCMV_FAR_FDS_RURAL_Semanal_20260522.csv | raw/sftp/fabrica/GEFUS/ANTERIORES/Dados_Prioritarios_Contratacoes_MCMV_FAR_FDS_RURAL_Semanal_20260529.csv
HIS_MCIDADES_CONTRATACAO_20260518_110008.txt_Error.txt,OneDrive_2026-08-19 (3).zip,__Novo MCMV - FAR/HIS_MCIDADES_CONTRATACAO_20260518_110008.txt_Error.txt,.txt,dado_tabular_ou_serializado,far,nao_identificada,2026-05,pista_semantica_mesma_frente_periodo_fonte,5,raw/sftp/fabrica/GEFUS/ANTERIORES/Dados_Prioritarios_Contratacoes_MCMV_FAR_FDS_RURAL_Semanal_20260505.csv | raw/sftp/fabrica/GEFUS/ANTERIORES/Dados_Prioritarios_Contratacoes_MCMV_FAR_FDS_RURAL_Semanal_20260508.csv | raw/sftp/fabrica/GEFUS/ANTERIORES/Dados_Prioritarios_Contratacoes_MCMV_FAR_FDS_RURAL_Semanal_20260515.csv | raw/sftp/fabrica/GEFUS/ANTERIORES/Dados_Prioritarios_Contratacoes_MCMV_FAR_FDS_RURAL_Semanal_20260522.csv | raw/sftp/fabrica/GEFUS/ANTERIORES/Dados_Prioritarios_Contratacoes_MCMV_FAR_FDS_RURAL_Semanal_20260529.csv
HIS_MCIDADES_CONTRATACAO_20260520_110005.csv_Error.txt,OneDrive_2026-08-19 (3).zip,__Novo MCMV - FAR/HIS_MCIDADES_CONTRATACAO_20260520_110005.csv_Error.txt,.txt,dado_tabular_ou_serializado,far,nao_identificada,2026-05,pista_semantica_mesma_frente_periodo_fonte,5,raw/sftp/fabrica/GEFUS/ANTERIORES/Dados_Prioritarios_Contratacoes_MCMV_FAR_FDS_RURAL_Semanal_20260505.csv | raw/sftp/fabrica/GEFUS/ANTERIORES/Dados_Prioritarios_Contratacoes_MCMV_FAR_FDS_RURAL_Semanal_20260508.csv | raw/sftp/fabrica/GEFUS/ANTERIORES/Dados_Prioritarios_Contratacoes_MCMV_FAR_FDS_RURAL_Semanal_20260515.csv | raw/sftp/fabrica/GEFUS/ANTERIORES/Dados_Prioritarios_Contratacoes_MCMV_FAR_FDS_RURAL_Semanal_20260522.csv | raw/sftp/fabrica/GEFUS/ANTERIORES/Dados_Prioritarios_Contratacoes_MCMV_FAR_FDS_RURAL_Semanal_20260529.csv
HIS_MCIDADES_CONTRATACAO_20260520_110005.txt_Error.txt,OneDrive_2026-08-19 (3).zip,__Novo MCMV - FAR/HIS_MCIDADES_CONTRATACAO_20260520_110005.txt_Error.txt,.txt,dado_tabular_ou_serializado,far,nao_identificada,2026-05,pista_semantica_mesma_frente_periodo_fonte,5,raw/sftp/fabrica/GEFUS/ANTERIORES/Dados_Prioritarios_Contratacoes_MCMV_FAR_FDS_RURAL_Semanal_20260505.csv | raw/sftp/fabrica/GEFUS/ANTERIORES/Dados_Prioritarios_Contratacoes_MCMV_FAR_FDS_RURAL_Semanal_20260508.csv | raw/sftp/fabrica/GEFUS/ANTERIORES/Dados_Prioritarios_Contratacoes_MCMV_FAR_FDS_RURAL_Semanal_20260515.csv | raw/sftp/fabrica/GEFUS/ANTERIORES/Dados_Prioritarios_Contratacoes_MCMV_FAR_FDS_RURAL_Semanal_20260522.csv | raw/sftp/fabrica/GEFUS/ANTERIORES/Dados_Prioritarios_Contratacoes_MCMV_FAR_FDS_RURAL_Semanal_20260529.csv
HIS_MCIDADES_CONTRATACAO_20260521_110009.csv_Error.txt,OneDrive_2026-08-19 (3).zip,__Novo MCMV - FAR/HIS_MCIDADES_CONTRATACAO_20260521_110009.csv_Error.txt,.txt,dado_tabular_ou_serializado,far,nao_identificada,2026-05,pista_semantica_mesma_frente_periodo_fonte,5,raw/sftp/fabrica/GEFUS/ANTERIORES/Dados_Prioritarios_Contratacoes_MCMV_FAR_FDS_RURAL_Semanal_20260505.csv | raw/sftp/fabrica/GEFUS/ANTERIORES/Dados_Prioritarios_Contratacoes_MCMV_FAR_FDS_RURAL_Semanal_20260508.csv | raw/sftp/fabrica/GEFUS/ANTERIORES/Dados_Prioritarios_Contratacoes_MCMV_FAR_FDS_RURAL_Semanal_20260515.csv | raw/sftp/fabrica/GEFUS/ANTERIORES/Dados_Prioritarios_Contratacoes_MCMV_FAR_FDS_RURAL_Semanal_20260522.csv | raw/sftp/fabrica/GEFUS/ANTERIORES/Dados_Prioritarios_Contratacoes_MCMV_FAR_FDS_RURAL_Semanal_20260529.csv
HIS_MCIDADES_CONTRATACAO_20260521_110009.txt_Error.txt,OneDrive_2026-08-19 (3).zip,__Novo MCMV - FAR/HIS_MCIDADES_CONTRATACAO_20260521_110009.txt_Error.txt,.txt,dado_tabular_ou_serializado,far,nao_identificada,2026-05,pista_semantica_mesma_frente_periodo_fonte,5,raw/sftp/fabrica/GEFUS/ANTERIORES/Dados_Prioritarios_Contratacoes_MCMV_FAR_FDS_RURAL_Semanal_20260505.csv | raw/sftp/fabrica/GEFUS/ANTERIORES/Dados_Prioritarios_Contratacoes_MCMV_FAR_FDS_RURAL_Semanal_20260508.csv | raw/sftp/fabrica/GEFUS/ANTERIORES/Dados_Prioritarios_Contratacoes_MCMV_FAR_FDS_RURAL_Semanal_20260515.csv | raw/sftp/fabrica/GEFUS/ANTERIORES/Dados_Prioritarios_Contratacoes_MCMV_FAR_FDS_RURAL_Semanal_20260522.csv | raw/sftp/fabrica/GEFUS/ANTERIORES/Dados_Prioritarios_Contratacoes_MCMV_FAR_FDS_RURAL_Semanal_20260529.csv
HIS_MCIDADES_CONTRATACAO_20260521_180008.csv_Error.txt,OneDrive_2026-08-19 (3).zip,__Novo MCMV - FAR/HIS_MCIDADES_CONTRATACAO_20260521_180008.csv_Error.txt,.txt,dado_tabular_ou_serializado,far,nao_identificada,2026-05,pista_semantica_mesma_frente_periodo_fonte,5,raw/sftp/fabrica/GEFUS/ANTERIORES/Dados_Prioritarios_Contratacoes_MCMV_FAR_FDS_RURAL_Semanal_20260505.csv | raw/sftp/fabrica/GEFUS/ANTERIORES/Dados_Prioritarios_Contratacoes_MCMV_FAR_FDS_RURAL_Semanal_20260508.csv | raw/sftp/fabrica/GEFUS/ANTERIORES/Dados_Prioritarios_Contratacoes_MCMV_FAR_FDS_RURAL_Semanal_20260515.csv | raw/sftp/fabrica/GEFUS/ANTERIORES/Dados_Prioritarios_Contratacoes_MCMV_FAR_FDS_RURAL_Semanal_20260522.csv | raw/sftp/fabrica/GEFUS/ANTERIORES/Dados_Prioritarios_Contratacoes_MCMV_FAR_FDS_RURAL_Semanal_20260529.csv
HIS_MCIDADES_CONTRATACAO_20260521_180008.txt_Error.txt,OneDrive_2026-08-19 (3).zip,__Novo MCMV - FAR/HIS_MCIDADES_CONTRATACAO_20260521_180008.txt_Error.txt,.txt,dado_tabular_ou_serializado,far,nao_identificada,2026-05,pista_semantica_mesma_frente_periodo_fonte,5,raw/sftp/fabrica/GEFUS/ANTERIORES/Dados_Prioritarios_Contratacoes_MCMV_FAR_FDS_RURAL_Semanal_20260505.csv | raw/sftp/fabrica/GEFUS/ANTERIORES/Dados_Prioritarios_Contratacoes_MCMV_FAR_FDS_RURAL_Semanal_20260508.csv | raw/sftp/fabrica/GEFUS/ANTERIORES/Dados_Prioritarios_Contratacoes_MCMV_FAR_FDS_RURAL_Semanal_20260515.csv | raw/sftp/fabrica/GEFUS/ANTERIORES/Dados_Prioritarios_Contratacoes_MCMV_FAR_FDS_RURAL_Semanal_20260522.csv | raw/sftp/fabrica/GEFUS/ANTERIORES/Dados_Prioritarios_Contratacoes_MCMV_FAR_FDS_RURAL_Semanal_20260529.csv
HIS_MCIDADES_CONTRATACAO_20260522_110008.csv_Error.txt,OneDrive_2026-08-19 (3).zip,__Novo MCMV - FAR/HIS_MCIDADES_CONTRATACAO_20260522_110008.csv_Error.txt,.txt,dado_tabular_ou_serializado,far,nao_identificada,2026-05,pista_semantica_mesma_frente_periodo_fonte,5,raw/sftp/fabrica/GEFUS/ANTERIORES/Dados_Prioritarios_Contratacoes_MCMV_FAR_FDS_RURAL_Semanal_20260505.csv | raw/sftp/fabrica/GEFUS/ANTERIORES/Dados_Prioritarios_Contratacoes_MCMV_FAR_FDS_RURAL_Semanal_20260508.csv | raw/sftp/fabrica/GEFUS/ANTERIORES/Dados_Prioritarios_Contratacoes_MCMV_FAR_FDS_RURAL_Semanal_20260515.csv | raw/sftp/fabrica/GEFUS/ANTERIORES/Dados_Prioritarios_Contratacoes_MCMV_FAR_FDS_RURAL_Semanal_20260522.csv | raw/sftp/fabrica/GEFUS/ANTERIORES/Dados_Prioritarios_Contratacoes_MCMV_FAR_FDS_RURAL_Semanal_20260529.csv
HIS_MCIDADES_CONTRATACAO_20260522_110008.txt_Error.txt,OneDrive_2026-08-19 (3).zip,__Novo MCMV - FAR/HIS_MCIDADES_CONTRATACAO_20260522_110008.txt_Error.txt,.txt,dado_tabular_ou_serializado,far,nao_identificada,2026-05,pista_semantica_mesma_frente_periodo_fonte,5,raw/sftp/fabrica/GEFUS/ANTERIORES/Dados_Prioritarios_Contratacoes_MCMV_FAR_FDS_RURAL_Semanal_20260505.csv | raw/sftp/fabrica/GEFUS/ANTERIORES/Dados_Prioritarios_Contratacoes_MCMV_FAR_FDS_RURAL_Semanal_20260508.csv | raw/sftp/fabrica/GEFUS/ANTERIORES/Dados_Prioritarios_Contratacoes_MCMV_FAR_FDS_RURAL_Semanal_20260515.csv | raw/sftp/fabrica/GEFUS/ANTERIORES/Dados_Prioritarios_Contratacoes_MCMV_FAR_FDS_RURAL_Semanal_20260522.csv | raw/sftp/fabrica/GEFUS/ANTERIORES/Dados_Prioritarios_Contratacoes_MCMV_FAR_FDS_RURAL_Semanal_20260529.csv
HIS_MCIDADES_CONTRATACAO_20260525_180005.csv_Error.txt,OneDrive_2026-08-19 (3).zip,__Novo MCMV - FAR/HIS_MCIDADES_CONTRATACAO_20260525_180005.csv_Error.txt,.txt,dado_tabular_ou_serializado,far,nao_identificada,2026-05,pista_semantica_mesma_frente_periodo_fonte,5,raw/sftp/fabrica/GEFUS/ANTERIORES/Dados_Prioritarios_Contratacoes_MCMV_FAR_FDS_RURAL_Semanal_20260505.csv | raw/sftp/fabrica/GEFUS/ANTERIORES/Dados_Prioritarios_Contratacoes_MCMV_FAR_FDS_RURAL_Semanal_20260508.csv | raw/sftp/fabrica/GEFUS/ANTERIORES/Dados_Prioritarios_Contratacoes_MCMV_FAR_FDS_RURAL_Semanal_20260515.csv | raw/sftp/fabrica/GEFUS/ANTERIORES/Dados_Prioritarios_Contratacoes_MCMV_FAR_FDS_RURAL_Semanal_20260522.csv | raw/sftp/fabrica/GEFUS/ANTERIORES/Dados_Prioritarios_Contratacoes_MCMV_FAR_FDS_RURAL_Semanal_20260529.csv
HIS_MCIDADES_CONTRATACAO_20260525_180005.txt_Error.txt,OneDrive_2026-08-19 (3).zip,__Novo MCMV - FAR/HIS_MCIDADES_CONTRATACAO_20260525_180005.txt_Error.txt,.txt,dado_tabular_ou_serializado,far,nao_identificada,2026-05,pista_semantica_mesma_frente_periodo_fonte,5,raw/sftp/fabrica/GEFUS/ANTERIORES/Dados_Prioritarios_Contratacoes_MCMV_FAR_FDS_RURAL_Semanal_20260505.csv | raw/sftp/fabrica/GEFUS/ANTERIORES/Dados_Prioritarios_Contratacoes_MCMV_FAR_FDS_RURAL_Semanal_20260508.csv | raw/sftp/fabrica/GEFUS/ANTERIORES/Dados_Prioritarios_Contratacoes_MCMV_FAR_FDS_RURAL_Semanal_20260515.csv | raw/sftp/fabrica/GEFUS/ANTERIORES/Dados_Prioritarios_Contratacoes_MCMV_FAR_FDS_RURAL_Semanal_20260522.csv | raw/sftp/fabrica/GEFUS/ANTERIORES/Dados_Prioritarios_Contratacoes_MCMV_FAR_FDS_RURAL_Semanal_20260529.csv
HIS_MCIDADES_CONTRATACAO_20260526_110005.csv_Error.txt,OneDrive_2026-08-19 (3).zip,__Novo MCMV - FAR/HIS_MCIDADES_CONTRATACAO_20260526_110005.csv_Error.txt,.txt,dado_tabular_ou_serializado,far,nao_identificada,2026-05,pista_semantica_mesma_frente_periodo_fonte,5,raw/sftp/fabrica/GEFUS/ANTERIORES/Dados_Prioritarios_Contratacoes_MCMV_FAR_FDS_RURAL_Semanal_20260505.csv | raw/sftp/fabrica/GEFUS/ANTERIORES/Dados_Prioritarios_Contratacoes_MCMV_FAR_FDS_RURAL_Semanal_20260508.csv | raw/sftp/fabrica/GEFUS/ANTERIORES/Dados_Prioritarios_Contratacoes_MCMV_FAR_FDS_RURAL_Semanal_20260515.csv | raw/sftp/fabrica/GEFUS/ANTERIORES/Dados_Prioritarios_Contratacoes_MCMV_FAR_FDS_RURAL_Semanal_20260522.csv | raw/sftp/fabrica/GEFUS/ANTERIORES/Dados_Prioritarios_Contratacoes_MCMV_FAR_FDS_RURAL_Semanal_20260529.csv
HIS_MCIDADES_CONTRATACAO_20260526_110005.txt_Error.txt,OneDrive_2026-08-19 (3).zip,__Novo MCMV - FAR/HIS_MCIDADES_CONTRATACAO_20260526_110005.txt_Error.txt,.txt,dado_tabular_ou_serializado,far,nao_identificada,2026-05,pista_semantica_mesma_frente_periodo_fonte,5,raw/sftp/fabrica/GEFUS/ANTERIORES/Dados_Prioritarios_Contratacoes_MCMV_FAR_FDS_RURAL_Semanal_20260505.csv | raw/sftp/fabrica/GEFUS/ANTERIORES/Dados_Prioritarios_Contratacoes_MCMV_FAR_FDS_RURAL_Semanal_20260508.csv | raw/sftp/fabrica/GEFUS/ANTERIORES/Dados_Prioritarios_Contratacoes_MCMV_FAR_FDS_RURAL_Semanal_20260515.csv | raw/sftp/fabrica/GEFUS/ANTERIORES/Dados_Prioritarios_Contratacoes_MCMV_FAR_FDS_RURAL_Semanal_20260522.csv | raw/sftp/fabrica/GEFUS/ANTERIORES/Dados_Prioritarios_Contratacoes_MCMV_FAR_FDS_RURAL_Semanal_20260529.csv
HIS_MCIDADES_CONTRATACAO_20260526_180006.csv_Error.txt,OneDrive_2026-08-19 (3).zip,__Novo MCMV - FAR/HIS_MCIDADES_CONTRATACAO_20260526_180006.csv_Error.txt,.txt,dado_tabular_ou_serializado,far,nao_identificada,2026-05,pista_semantica_mesma_frente_periodo_fonte,5,raw/sftp/fabrica/GEFUS/ANTERIORES/Dados_Prioritarios_Contratacoes_MCMV_FAR_FDS_RURAL_Semanal_20260505.csv | raw/sftp/fabrica/GEFUS/ANTERIORES/Dados_Prioritarios_Contratacoes_MCMV_FAR_FDS_RURAL_Semanal_20260508.csv | raw/sftp/fabrica/GEFUS/ANTERIORES/Dados_Prioritarios_Contratacoes_MCMV_FAR_FDS_RURAL_Semanal_20260515.csv | raw/sftp/fabrica/GEFUS/ANTERIORES/Dados_Prioritarios_Contratacoes_MCMV_FAR_FDS_RURAL_Semanal_20260522.csv | raw/sftp/fabrica/GEFUS/ANTERIORES/Dados_Prioritarios_Contratacoes_MCMV_FAR_FDS_RURAL_Semanal_20260529.csv
HIS_MCIDADES_CONTRATACAO_20260526_180006.txt_Error.txt,OneDrive_2026-08-19 (3).zip,__Novo MCMV - FAR/HIS_MCIDADES_CONTRATACAO_20260526_180006.txt_Error.txt,.txt,dado_tabular_ou_serializado,far,nao_identificada,2026-05,pista_semantica_mesma_frente_periodo_fonte,5,raw/sftp/fabrica/GEFUS/ANTERIORES/Dados_Prioritarios_Contratacoes_MCMV_FAR_FDS_RURAL_Semanal_20260505.csv | raw/sftp/fabrica/GEFUS/ANTERIORES/Dados_Prioritarios_Contratacoes_MCMV_FAR_FDS_RURAL_Semanal_20260508.csv | raw/sftp/fabrica/GEFUS/ANTERIORES/Dados_Prioritarios_Contratacoes_MCMV_FAR_FDS_RURAL_Semanal_20260515.csv | raw/sftp/fabrica/GEFUS/ANTERIORES/Dados_Prioritarios_Contratacoes_MCMV_FAR_FDS_RURAL_Semanal_20260522.csv | raw/sftp/fabrica/GEFUS/ANTERIORES/Dados_Prioritarios_Contratacoes_MCMV_FAR_FDS_RURAL_Semanal_20260529.csv
HIS_MCIDADES_CONTRATACAO_20260527_180006.csv_Error.txt,OneDrive_2026-08-19 (3).zip,__Novo MCMV - FAR/HIS_MCIDADES_CONTRATACAO_20260527_180006.csv_Error.txt,.txt,dado_tabular_ou_serializado,far,nao_identificada,2026-05,pista_semantica_mesma_frente_periodo_fonte,5,raw/sftp/fabrica/GEFUS/ANTERIORES/Dados_Prioritarios_Contratacoes_MCMV_FAR_FDS_RURAL_Semanal_20260505.csv | raw/sftp/fabrica/GEFUS/ANTERIORES/Dados_Prioritarios_Contratacoes_MCMV_FAR_FDS_RURAL_Semanal_20260508.csv | raw/sftp/fabrica/GEFUS/ANTERIORES/Dados_Prioritarios_Contratacoes_MCMV_FAR_FDS_RURAL_Semanal_20260515.csv | raw/sftp/fabrica/GEFUS/ANTERIORES/Dados_Prioritarios_Contratacoes_MCMV_FAR_FDS_RURAL_Semanal_20260522.csv | raw/sftp/fabrica/GEFUS/ANTERIORES/Dados_Prioritarios_Contratacoes_MCMV_FAR_FDS_RURAL_Semanal_20260529.csv
HIS_MCIDADES_CONTRATACAO_20260527_180006.txt_Error.txt,OneDrive_2026-08-19 (3).zip,__Novo MCMV - FAR/HIS_MCIDADES_CONTRATACAO_20260527_180006.txt_Error.txt,.txt,dado_tabular_ou_serializado,far,nao_identificada,2026-05,pista_semantica_mesma_frente_periodo_fonte,5,raw/sftp/fabrica/GEFUS/ANTERIORES/Dados_Prioritarios_Contratacoes_MCMV_FAR_FDS_RURAL_Semanal_20260505.csv | raw/sftp/fabrica/GEFUS/ANTERIORES/Dados_Prioritarios_Contratacoes_MCMV_FAR_FDS_RURAL_Semanal_20260508.csv | raw/sftp/fabrica/GEFUS/ANTERIORES/Dados_Prioritarios_Contratacoes_MCMV_FAR_FDS_RURAL_Semanal_20260515.csv | raw/sftp/fabrica/GEFUS/ANTERIORES/Dados_Prioritarios_Contratacoes_MCMV_FAR_FDS_RURAL_Semanal_20260522.csv | raw/sftp/fabrica/GEFUS/ANTERIORES/Dados_Prioritarios_Contratacoes_MCMV_FAR_FDS_RURAL_Semanal_20260529.csv
HIS_MCIDADES_CONTRATACAO_20260528_180007.csv_Error.txt,OneDrive_2026-08-19 (3).zip,__Novo MCMV - FAR/HIS_MCIDADES_CONTRATACAO_20260528_180007.csv_Error.txt,.txt,dado_tabular_ou_serializado,far,nao_identificada,2026-05,pista_semantica_mesma_frente_periodo_fonte,5,raw/sftp/fabrica/GEFUS/ANTERIORES/Dados_Prioritarios_Contratacoes_MCMV_FAR_FDS_RURAL_Semanal_20260505.csv | raw/sftp/fabrica/GEFUS/ANTERIORES/Dados_Prioritarios_Contratacoes_MCMV_FAR_FDS_RURAL_Semanal_20260508.csv | raw/sftp/fabrica/GEFUS/ANTERIORES/Dados_Prioritarios_Contratacoes_MCMV_FAR_FDS_RURAL_Semanal_20260515.csv | raw/sftp/fabrica/GEFUS/ANTERIORES/Dados_Prioritarios_Contratacoes_MCMV_FAR_FDS_RURAL_Semanal_20260522.csv | raw/sftp/fabrica/GEFUS/ANTERIORES/Dados_Prioritarios_Contratacoes_MCMV_FAR_FDS_RURAL_Semanal_20260529.csv
HIS_MCIDADES_CONTRATACAO_20260528_180007.txt_Error.txt,OneDrive_2026-08-19 (3).zip,__Novo MCMV - FAR/HIS_MCIDADES_CONTRATACAO_20260528_180007.txt_Error.txt,.txt,dado_tabular_ou_serializado,far,nao_identificada,2026-05,pista_semantica_mesma_frente_periodo_fonte,5,raw/sftp/fabrica/GEFUS/ANTERIORES/Dados_Prioritarios_Contratacoes_MCMV_FAR_FDS_RURAL_Semanal_20260505.csv | raw/sftp/fabrica/GEFUS/ANTERIORES/Dados_Prioritarios_Contratacoes_MCMV_FAR_FDS_RURAL_Semanal_20260508.csv | raw/sftp/fabrica/GEFUS/ANTERIORES/Dados_Prioritarios_Contratacoes_MCMV_FAR_FDS_RURAL_Semanal_20260515.csv | raw/sftp/fabrica/GEFUS/ANTERIORES/Dados_Prioritarios_Contratacoes_MCMV_FAR_FDS_RURAL_Semanal_20260522.csv | raw/sftp/fabrica/GEFUS/ANTERIORES/Dados_Prioritarios_Contratacoes_MCMV_FAR_FDS_RURAL_Semanal_20260529.csv
HIS_MCIDADES_CONTRATACAO_20260529_110008.csv_Error.txt,OneDrive_2026-08-19 (3).zip,__Novo MCMV - FAR/HIS_MCIDADES_CONTRATACAO_20260529_110008.csv_Error.txt,.txt,dado_tabular_ou_serializado,far,nao_identificada,2026-05,pista_semantica_mesma_frente_periodo_fonte,5,raw/sftp/fabrica/GEFUS/ANTERIORES/Dados_Prioritarios_Contratacoes_MCMV_FAR_FDS_RURAL_Semanal_20260505.csv | raw/sftp/fabrica/GEFUS/ANTERIORES/Dados_Prioritarios_Contratacoes_MCMV_FAR_FDS_RURAL_Semanal_20260508.csv | raw/sftp/fabrica/GEFUS/ANTERIORES/Dados_Prioritarios_Contratacoes_MCMV_FAR_FDS_RURAL_Semanal_20260515.csv | raw/sftp/fabrica/GEFUS/ANTERIORES/Dados_Prioritarios_Contratacoes_MCMV_FAR_FDS_RURAL_Semanal_20260522.csv | raw/sftp/fabrica/GEFUS/ANTERIORES/Dados_Prioritarios_Contratacoes_MCMV_FAR_FDS_RURAL_Semanal_20260529.csv
HIS_MCIDADES_CONTRATACAO_20260529_110008.txt_Error.txt,OneDrive_2026-08-19 (3).zip,__Novo MCMV - FAR/HIS_MCIDADES_CONTRATACAO_20260529_110008.txt_Error.txt,.txt,dado_tabular_ou_serializado,far,nao_identificada,2026-05,pista_semantica_mesma_frente_periodo_fonte,5,raw/sftp/fabrica/GEFUS/ANTERIORES/Dados_Prioritarios_Contratacoes_MCMV_FAR_FDS_RURAL_Semanal_20260505.csv | raw/sftp/fabrica/GEFUS/ANTERIORES/Dados_Prioritarios_Contratacoes_MCMV_FAR_FDS_RURAL_Semanal_20260508.csv | raw/sftp/fabrica/GEFUS/ANTERIORES/Dados_Prioritarios_Contratacoes_MCMV_FAR_FDS_RURAL_Semanal_20260515.csv | raw/sftp/fabrica/GEFUS/ANTERIORES/Dados_Prioritarios_Contratacoes_MCMV_FAR_FDS_RURAL_Semanal_20260522.csv | raw/sftp/fabrica/GEFUS/ANTERIORES/Dados_Prioritarios_Contratacoes_MCMV_FAR_FDS_RURAL_Semanal_20260529.csv
HIS_MCIDADES_CONTRATACAO_20260529_180004.csv_Error.txt,OneDrive_2026-08-19 (3).zip,__Novo MCMV - FAR/HIS_MCIDADES_CONTRATACAO_20260529_180004.csv_Error.txt,.txt,dado_tabular_ou_serializado,far,nao_identificada,2026-05,pista_semantica_mesma_frente_periodo_fonte,5,raw/sftp/fabrica/GEFUS/ANTERIORES/Dados_Prioritarios_Contratacoes_MCMV_FAR_FDS_RURAL_Semanal_20260505.csv | raw/sftp/fabrica/GEFUS/ANTERIORES/Dados_Prioritarios_Contratacoes_MCMV_FAR_FDS_RURAL_Semanal_20260508.csv | raw/sftp/fabrica/GEFUS/ANTERIORES/Dados_Prioritarios_Contratacoes_MCMV_FAR_FDS_RURAL_Semanal_20260515.csv | raw/sftp/fabrica/GEFUS/ANTERIORES/Dados_Prioritarios_Contratacoes_MCMV_FAR_FDS_RURAL_Semanal_20260522.csv | raw/sftp/fabrica/GEFUS/ANTERIORES/Dados_Prioritarios_Contratacoes_MCMV_FAR_FDS_RURAL_Semanal_20260529.csv
HIS_MCIDADES_CONTRATACAO_20260529_180004.txt_Error.txt,OneDrive_2026-08-19 (3).zip,__Novo MCMV - FAR/HIS_MCIDADES_CONTRATACAO_20260529_180004.txt_Error.txt,.txt,dado_tabular_ou_serializado,far,nao_identificada,2026-05,pista_semantica_mesma_frente_periodo_fonte,5,raw/sftp/fabrica/GEFUS/ANTERIORES/Dados_Prioritarios_Contratacoes_MCMV_FAR_FDS_RURAL_Semanal_20260505.csv | raw/sftp/fabrica/GEFUS/ANTERIORES/Dados_Prioritarios_Contratacoes_MCMV_FAR_FDS_RURAL_Semanal_20260508.csv | raw/sftp/fabrica/GEFUS/ANTERIORES/Dados_Prioritarios_Contratacoes_MCMV_FAR_FDS_RURAL_Semanal_20260515.csv | raw/sftp/fabrica/GEFUS/ANTERIORES/Dados_Prioritarios_Contratacoes_MCMV_FAR_FDS_RURAL_Semanal_20260522.csv | raw/sftp/fabrica/GEFUS/ANTERIORES/Dados_Prioritarios_Contratacoes_MCMV_FAR_FDS_RURAL_Semanal_20260529.csv
HIS_MCIDADES_CONTRATACAO_20260601_110006.csv_Error.txt,OneDrive_2026-08-19 (3).zip,__Novo MCMV - FAR/HIS_MCIDADES_CONTRATACAO_20260601_110006.csv_Error.txt,.txt,dado_tabular_ou_serializado,far,nao_identificada,2026-06,pista_semantica_mesma_frente_periodo_fonte,5,raw/sftp/fabrica/GEFUS/ANTERIORES/Dados_Prioritarios_Contratacoes_MCMV_FAR_FDS_RURAL_Semanal_20260605.csv | raw/sftp/fabrica/GEFUS/Dados_Prioritarios_Contratacoes_MCMV_FAR_FDS_RURAL_Semanal_20260612.csv | raw/sftp/fabrica/GEFUS/Dados_Prioritarios_Contratacoes_MCMV_FAR_FDS_RURAL_Semanal_20260619.csv | raw/sftp/fabrica/GEFUS/MONT_CONT_PF_FAR_20260616.csv | raw/sftp/fabrica/GEFUS/MONT_CONT_PF_FAR_LAYOUT_20260616.xlsx
HIS_MCIDADES_CONTRATACAO_20260601_110006.txt_Error.txt,OneDrive_2026-08-19 (3).zip,__Novo MCMV - FAR/HIS_MCIDADES_CONTRATACAO_20260601_110006.txt_Error.txt,.txt,dado_tabular_ou_serializado,far,nao_identificada,2026-06,pista_semantica_mesma_frente_periodo_fonte,5,raw/sftp/fabrica/GEFUS/ANTERIORES/Dados_Prioritarios_Contratacoes_MCMV_FAR_FDS_RURAL_Semanal_20260605.csv | raw/sftp/fabrica/GEFUS/Dados_Prioritarios_Contratacoes_MCMV_FAR_FDS_RURAL_Semanal_20260612.csv | raw/sftp/fabrica/GEFUS/Dados_Prioritarios_Contratacoes_MCMV_FAR_FDS_RURAL_Semanal_20260619.csv | raw/sftp/fabrica/GEFUS/MONT_CONT_PF_FAR_20260616.csv | raw/sftp/fabrica/GEFUS/MONT_CONT_PF_FAR_LAYOUT_20260616.xlsx
HIS_MCIDADES_CONTRATACAO_20260603_110009.csv_Error.txt,OneDrive_2026-08-19 (3).zip,__Novo MCMV - FAR/HIS_MCIDADES_CONTRATACAO_20260603_110009.csv_Error.txt,.txt,dado_tabular_ou_serializado,far,nao_identificada,2026-06,pista_semantica_mesma_frente_periodo_fonte,5,raw/sftp/fabrica/GEFUS/ANTERIORES/Dados_Prioritarios_Contratacoes_MCMV_FAR_FDS_RURAL_Semanal_20260605.csv | raw/sftp/fabrica/GEFUS/Dados_Prioritarios_Contratacoes_MCMV_FAR_FDS_RURAL_Semanal_20260612.csv | raw/sftp/fabrica/GEFUS/Dados_Prioritarios_Contratacoes_MCMV_FAR_FDS_RURAL_Semanal_20260619.csv | raw/sftp/fabrica/GEFUS/MONT_CONT_PF_FAR_20260616.csv | raw/sftp/fabrica/GEFUS/MONT_CONT_PF_FAR_LAYOUT_20260616.xlsx
HIS_MCIDADES_CONTRATACAO_20260603_110009.txt_Error.txt,OneDrive_2026-08-19 (3).zip,__Novo MCMV - FAR/HIS_MCIDADES_CONTRATACAO_20260603_110009.txt_Error.txt,.txt,dado_tabular_ou_serializado,far,nao_identificada,2026-06,pista_semantica_mesma_frente_periodo_fonte,5,raw/sftp/fabrica/GEFUS/ANTERIORES/Dados_Prioritarios_Contratacoes_MCMV_FAR_FDS_RURAL_Semanal_20260605.csv | raw/sftp/fabrica/GEFUS/Dados_Prioritarios_Contratacoes_MCMV_FAR_FDS_RURAL_Semanal_20260612.csv | raw/sftp/fabrica/GEFUS/Dados_Prioritarios_Contratacoes_MCMV_FAR_FDS_RURAL_Semanal_20260619.csv | raw/sftp/fabrica/GEFUS/MONT_CONT_PF_FAR_20260616.csv | raw/sftp/fabrica/GEFUS/MONT_CONT_PF_FAR_LAYOUT_20260616.xlsx
HIS_MCIDADES_CONTRATACAO_20260603_180004.csv_Error.txt,OneDrive_2026-08-19 (3).zip,__Novo MCMV - FAR/HIS_MCIDADES_CONTRATACAO_20260603_180004.csv_Error.txt,.txt,dado_tabular_ou_serializado,far,nao_identificada,2026-06,pista_semantica_mesma_frente_periodo_fonte,5,raw/sftp/fabrica/GEFUS/ANTERIORES/Dados_Prioritarios_Contratacoes_MCMV_FAR_FDS_RURAL_Semanal_20260605.csv | raw/sftp/fabrica/GEFUS/Dados_Prioritarios_Contratacoes_MCMV_FAR_FDS_RURAL_Semanal_20260612.csv | raw/sftp/fabrica/GEFUS/Dados_Prioritarios_Contratacoes_MCMV_FAR_FDS_RURAL_Semanal_20260619.csv | raw/sftp/fabrica/GEFUS/MONT_CONT_PF_FAR_20260616.csv | raw/sftp/fabrica/GEFUS/MONT_CONT_PF_FAR_LAYOUT_20260616.xlsx
HIS_MCIDADES_CONTRATACAO_20260603_180004.txt_Error.txt,OneDrive_2026-08-19 (3).zip,__Novo MCMV - FAR/HIS_MCIDADES_CONTRATACAO_20260603_180004.txt_Error.txt,.txt,dado_tabular_ou_serializado,far,nao_identificada,2026-06,pista_semantica_mesma_frente_periodo_fonte,5,raw/sftp/fabrica/GEFUS/ANTERIORES/Dados_Prioritarios_Contratacoes_MCMV_FAR_FDS_RURAL_Semanal_20260605.csv | raw/sftp/fabrica/GEFUS/Dados_Prioritarios_Contratacoes_MCMV_FAR_FDS_RURAL_Semanal_20260612.csv | raw/sftp/fabrica/GEFUS/Dados_Prioritarios_Contratacoes_MCMV_FAR_FDS_RURAL_Semanal_20260619.csv | raw/sftp/fabrica/GEFUS/MONT_CONT_PF_FAR_20260616.csv | raw/sftp/fabrica/GEFUS/MONT_CONT_PF_FAR_LAYOUT_20260616.xlsx
HIS_MCIDADES_CONTRATACAO_20260608_180009.csv_Error.txt,OneDrive_2026-08-19 (3).zip,__Novo MCMV - FAR/HIS_MCIDADES_CONTRATACAO_20260608_180009.csv_Error.txt,.txt,dado_tabular_ou_serializado,far,nao_identificada,2026-06,pista_semantica_mesma_frente_periodo_fonte,5,raw/sftp/fabrica/GEFUS/ANTERIORES/Dados_Prioritarios_Contratacoes_MCMV_FAR_FDS_RURAL_Semanal_20260605.csv | raw/sftp/fabrica/GEFUS/Dados_Prioritarios_Contratacoes_MCMV_FAR_FDS_RURAL_Semanal_20260612.csv | raw/sftp/fabrica/GEFUS/Dados_Prioritarios_Contratacoes_MCMV_FAR_FDS_RURAL_Semanal_20260619.csv | raw/sftp/fabrica/GEFUS/MONT_CONT_PF_FAR_20260616.csv | raw/sftp/fabrica/GEFUS/MONT_CONT_PF_FAR_LAYOUT_20260616.xlsx
HIS_MCIDADES_CONTRATACAO_20260608_180009.txt_Error.txt,OneDrive_2026-08-19 (3).zip,__Novo MCMV - FAR/HIS_MCIDADES_CONTRATACAO_20260608_180009.txt_Error.txt,.txt,dado_tabular_ou_serializado,far,nao_identificada,2026-06,pista_semantica_mesma_frente_periodo_fonte,5,raw/sftp/fabrica/GEFUS/ANTERIORES/Dados_Prioritarios_Contratacoes_MCMV_FAR_FDS_RURAL_Semanal_20260605.csv | raw/sftp/fabrica/GEFUS/Dados_Prioritarios_Contratacoes_MCMV_FAR_FDS_RURAL_Semanal_20260612.csv | raw/sftp/fabrica/GEFUS/Dados_Prioritarios_Contratacoes_MCMV_FAR_FDS_RURAL_Semanal_20260619.csv | raw/sftp/fabrica/GEFUS/MONT_CONT_PF_FAR_20260616.csv | raw/sftp/fabrica/GEFUS/MONT_CONT_PF_FAR_LAYOUT_20260616.xlsx
HIS_MCIDADES_CONTRATACAO_20260609_110006.csv_Error.txt,OneDrive_2026-08-19 (3).zip,__Novo MCMV - FAR/HIS_MCIDADES_CONTRATACAO_20260609_110006.csv_Error.txt,.txt,dado_tabular_ou_serializado,far,nao_identificada,2026-06,pista_semantica_mesma_frente_periodo_fonte,5,raw/sftp/fabrica/GEFUS/ANTERIORES/Dados_Prioritarios_Contratacoes_MCMV_FAR_FDS_RURAL_Semanal_20260605.csv | raw/sftp/fabrica/GEFUS/Dados_Prioritarios_Contratacoes_MCMV_FAR_FDS_RURAL_Semanal_20260612.csv | raw/sftp/fabrica/GEFUS/Dados_Prioritarios_Contratacoes_MCMV_FAR_FDS_RURAL_Semanal_20260619.csv | raw/sftp/fabrica/GEFUS/MONT_CONT_PF_FAR_20260616.csv | raw/sftp/fabrica/GEFUS/MONT_CONT_PF_FAR_LAYOUT_20260616.xlsx
HIS_MCIDADES_CONTRATACAO_20260609_110006.txt_Error.txt,OneDrive_2026-08-19 (3).zip,__Novo MCMV - FAR/HIS_MCIDADES_CONTRATACAO_20260609_110006.txt_Error.txt,.txt,dado_tabular_ou_serializado,far,nao_identificada,2026-06,pista_semantica_mesma_frente_periodo_fonte,5,raw/sftp/fabrica/GEFUS/ANTERIORES/Dados_Prioritarios_Contratacoes_MCMV_FAR_FDS_RURAL_Semanal_20260605.csv | raw/sftp/fabrica/GEFUS/Dados_Prioritarios_Contratacoes_MCMV_FAR_FDS_RURAL_Semanal_20260612.csv | raw/sftp/fabrica/GEFUS/Dados_Prioritarios_Contratacoes_MCMV_FAR_FDS_RURAL_Semanal_20260619.csv | raw/sftp/fabrica/GEFUS/MONT_CONT_PF_FAR_20260616.csv | raw/sftp/fabrica/GEFUS/MONT_CONT_PF_FAR_LAYOUT_20260616.xlsx
HIS_MCIDADES_CONTRATACAO_20260609_180007.csv_Error.txt,OneDrive_2026-08-19 (3).zip,__Novo MCMV - FAR/HIS_MCIDADES_CONTRATACAO_20260609_180007.csv_Error.txt,.txt,dado_tabular_ou_serializado,far,nao_identificada,2026-06,pista_semantica_mesma_frente_periodo_fonte,5,raw/sftp/fabrica/GEFUS/ANTERIORES/Dados_Prioritarios_Contratacoes_MCMV_FAR_FDS_RURAL_Semanal_20260605.csv | raw/sftp/fabrica/GEFUS/Dados_Prioritarios_Contratacoes_MCMV_FAR_FDS_RURAL_Semanal_20260612.csv | raw/sftp/fabrica/GEFUS/Dados_Prioritarios_Contratacoes_MCMV_FAR_FDS_RURAL_Semanal_20260619.csv | raw/sftp/fabrica/GEFUS/MONT_CONT_PF_FAR_20260616.csv | raw/sftp/fabrica/GEFUS/MONT_CONT_PF_FAR_LAYOUT_20260616.xlsx
HIS_MCIDADES_CONTRATACAO_20260609_180007.txt_Error.txt,OneDrive_2026-08-19 (3).zip,__Novo MCMV - FAR/HIS_MCIDADES_CONTRATACAO_20260609_180007.txt_Error.txt,.txt,dado_tabular_ou_serializado,far,nao_identificada,2026-06,pista_semantica_mesma_frente_periodo_fonte,5,raw/sftp/fabrica/GEFUS/ANTERIORES/Dados_Prioritarios_Contratacoes_MCMV_FAR_FDS_RURAL_Semanal_20260605.csv | raw/sftp/fabrica/GEFUS/Dados_Prioritarios_Contratacoes_MCMV_FAR_FDS_RURAL_Semanal_20260612.csv | raw/sftp/fabrica/GEFUS/Dados_Prioritarios_Contratacoes_MCMV_FAR_FDS_RURAL_Semanal_20260619.csv | raw/sftp/fabrica/GEFUS/MONT_CONT_PF_FAR_20260616.csv | raw/sftp/fabrica/GEFUS/MONT_CONT_PF_FAR_LAYOUT_20260616.xlsx
HIS_MCIDADES_CONTRATACAO_20260610_110008.csv_Error.txt,OneDrive_2026-08-19 (3).zip,__Novo MCMV - FAR/HIS_MCIDADES_CONTRATACAO_20260610_110008.csv_Error.txt,.txt,dado_tabular_ou_serializado,far,nao_identificada,2026-06,pista_semantica_mesma_frente_periodo_fonte,5,raw/sftp/fabrica/GEFUS/ANTERIORES/Dados_Prioritarios_Contratacoes_MCMV_FAR_FDS_RURAL_Semanal_20260605.csv | raw/sftp/fabrica/GEFUS/Dados_Prioritarios_Contratacoes_MCMV_FAR_FDS_RURAL_Semanal_20260612.csv | raw/sftp/fabrica/GEFUS/Dados_Prioritarios_Contratacoes_MCMV_FAR_FDS_RURAL_Semanal_20260619.csv | raw/sftp/fabrica/GEFUS/MONT_CONT_PF_FAR_20260616.csv | raw/sftp/fabrica/GEFUS/MONT_CONT_PF_FAR_LAYOUT_20260616.xlsx
HIS_MCIDADES_CONTRATACAO_20260610_110008.txt_Error.txt,OneDrive_2026-08-19 (3).zip,__Novo MCMV - FAR/HIS_MCIDADES_CONTRATACAO_20260610_110008.txt_Error.txt,.txt,dado_tabular_ou_serializado,far,nao_identificada,2026-06,pista_semantica_mesma_frente_periodo_fonte,5,raw/sftp/fabrica/GEFUS/ANTERIORES/Dados_Prioritarios_Contratacoes_MCMV_FAR_FDS_RURAL_Semanal_20260605.csv | raw/sftp/fabrica/GEFUS/Dados_Prioritarios_Contratacoes_MCMV_FAR_FDS_RURAL_Semanal_20260612.csv | raw/sftp/fabrica/GEFUS/Dados_Prioritarios_Contratacoes_MCMV_FAR_FDS_RURAL_Semanal_20260619.csv | raw/sftp/fabrica/GEFUS/MONT_CONT_PF_FAR_20260616.csv | raw/sftp/fabrica/GEFUS/MONT_CONT_PF_FAR_LAYOUT_20260616.xlsx
HIS_MCIDADES_CONTRATACAO_20260612_180007.csv_Error.txt,OneDrive_2026-08-19 (3).zip,__Novo MCMV - FAR/HIS_MCIDADES_CONTRATACAO_20260612_180007.csv_Error.txt,.txt,dado_tabular_ou_serializado,far,nao_identificada,2026-06,pista_semantica_mesma_frente_periodo_fonte,5,raw/sftp/fabrica/GEFUS/ANTERIORES/Dados_Prioritarios_Contratacoes_MCMV_FAR_FDS_RURAL_Semanal_20260605.csv | raw/sftp/fabrica/GEFUS/Dados_Prioritarios_Contratacoes_MCMV_FAR_FDS_RURAL_Semanal_20260612.csv | raw/sftp/fabrica/GEFUS/Dados_Prioritarios_Contratacoes_MCMV_FAR_FDS_RURAL_Semanal_20260619.csv | raw/sftp/fabrica/GEFUS/MONT_CONT_PF_FAR_20260616.csv | raw/sftp/fabrica/GEFUS/MONT_CONT_PF_FAR_LAYOUT_20260616.xlsx
HIS_MCIDADES_CONTRATACAO_20260612_180007.txt_Error.txt,OneDrive_2026-08-19 (3).zip,__Novo MCMV - FAR/HIS_MCIDADES_CONTRATACAO_20260612_180007.txt_Error.txt,.txt,dado_tabular_ou_serializado,far,nao_identificada,2026-06,pista_semantica_mesma_frente_periodo_fonte,5,raw/sftp/fabrica/GEFUS/ANTERIORES/Dados_Prioritarios_Contratacoes_MCMV_FAR_FDS_RURAL_Semanal_20260605.csv | raw/sftp/fabrica/GEFUS/Dados_Prioritarios_Contratacoes_MCMV_FAR_FDS_RURAL_Semanal_20260612.csv | raw/sftp/fabrica/GEFUS/Dados_Prioritarios_Contratacoes_MCMV_FAR_FDS_RURAL_Semanal_20260619.csv | raw/sftp/fabrica/GEFUS/MONT_CONT_PF_FAR_20260616.csv | raw/sftp/fabrica/GEFUS/MONT_CONT_PF_FAR_LAYOUT_20260616.xlsx
HIS_MCIDADES_CONTRATACAO_20260615_180006.csv_Error.txt,OneDrive_2026-08-19 (3).zip,__Novo MCMV - FAR/HIS_MCIDADES_CONTRATACAO_20260615_180006.csv_Error.txt,.txt,dado_tabular_ou_serializado,far,nao_identificada,2026-06,pista_semantica_mesma_frente_periodo_fonte,5,raw/sftp/fabrica/GEFUS/ANTERIORES/Dados_Prioritarios_Contratacoes_MCMV_FAR_FDS_RURAL_Semanal_20260605.csv | raw/sftp/fabrica/GEFUS/Dados_Prioritarios_Contratacoes_MCMV_FAR_FDS_RURAL_Semanal_20260612.csv | raw/sftp/fabrica/GEFUS/Dados_Prioritarios_Contratacoes_MCMV_FAR_FDS_RURAL_Semanal_20260619.csv | raw/sftp/fabrica/GEFUS/MONT_CONT_PF_FAR_20260616.csv | raw/sftp/fabrica/GEFUS/MONT_CONT_PF_FAR_LAYOUT_20260616.xlsx
HIS_MCIDADES_CONTRATACAO_20260615_180006.txt_Error.txt,OneDrive_2026-08-19 (3).zip,__Novo MCMV - FAR/HIS_MCIDADES_CONTRATACAO_20260615_180006.txt_Error.txt,.txt,dado_tabular_ou_serializado,far,nao_identificada,2026-06,pista_semantica_mesma_frente_periodo_fonte,5,raw/sftp/fabrica/GEFUS/ANTERIORES/Dados_Prioritarios_Contratacoes_MCMV_FAR_FDS_RURAL_Semanal_20260605.csv | raw/sftp/fabrica/GEFUS/Dados_Prioritarios_Contratacoes_MCMV_FAR_FDS_RURAL_Semanal_20260612.csv | raw/sftp/fabrica/GEFUS/Dados_Prioritarios_Contratacoes_MCMV_FAR_FDS_RURAL_Semanal_20260619.csv | raw/sftp/fabrica/GEFUS/MONT_CONT_PF_FAR_20260616.csv | raw/sftp/fabrica/GEFUS/MONT_CONT_PF_FAR_LAYOUT_20260616.xlsx
HIS_MCIDADES_CONTRATACAO_20260618_110005.csv_Error.txt,OneDrive_2026-08-19 (3).zip,__Novo MCMV - FAR/HIS_MCIDADES_CONTRATACAO_20260618_110005.csv_Error.txt,.txt,dado_tabular_ou_serializado,far,nao_identificada,2026-06,pista_semantica_mesma_frente_periodo_fonte,5,raw/sftp/fabrica/GEFUS/ANTERIORES/Dados_Prioritarios_Contratacoes_MCMV_FAR_FDS_RURAL_Semanal_20260605.csv | raw/sftp/fabrica/GEFUS/Dados_Prioritarios_Contratacoes_MCMV_FAR_FDS_RURAL_Semanal_20260612.csv | raw/sftp/fabrica/GEFUS/Dados_Prioritarios_Contratacoes_MCMV_FAR_FDS_RURAL_Semanal_20260619.csv | raw/sftp/fabrica/GEFUS/MONT_CONT_PF_FAR_20260616.csv | raw/sftp/fabrica/GEFUS/MONT_CONT_PF_FAR_LAYOUT_20260616.xlsx
HIS_MCIDADES_CONTRATACAO_20260618_110005.txt_Error.txt,OneDrive_2026-08-19 (3).zip,__Novo MCMV - FAR/HIS_MCIDADES_CONTRATACAO_20260618_110005.txt_Error.txt,.txt,dado_tabular_ou_serializado,far,nao_identificada,2026-06,pista_semantica_mesma_frente_periodo_fonte,5,raw/sftp/fabrica/GEFUS/ANTERIORES/Dados_Prioritarios_Contratacoes_MCMV_FAR_FDS_RURAL_Semanal_20260605.csv | raw/sftp/fabrica/GEFUS/Dados_Prioritarios_Contratacoes_MCMV_FAR_FDS_RURAL_Semanal_20260612.csv | raw/sftp/fabrica/GEFUS/Dados_Prioritarios_Contratacoes_MCMV_FAR_FDS_RURAL_Semanal_20260619.csv | raw/sftp/fabrica/GEFUS/MONT_CONT_PF_FAR_20260616.csv | raw/sftp/fabrica/GEFUS/MONT_CONT_PF_FAR_LAYOUT_20260616.xlsx
HIS_MCIDADES_CONTRATACAO_20260619_110007.csv_Error.txt,OneDrive_2026-08-19 (3).zip,__Novo MCMV - FAR/HIS_MCIDADES_CONTRATACAO_20260619_110007.csv_Error.txt,.txt,dado_tabular_ou_serializado,far,nao_identificada,2026-06,pista_semantica_mesma_frente_periodo_fonte,5,raw/sftp/fabrica/GEFUS/ANTERIORES/Dados_Prioritarios_Contratacoes_MCMV_FAR_FDS_RURAL_Semanal_20260605.csv | raw/sftp/fabrica/GEFUS/Dados_Prioritarios_Contratacoes_MCMV_FAR_FDS_RURAL_Semanal_20260612.csv | raw/sftp/fabrica/GEFUS/Dados_Prioritarios_Contratacoes_MCMV_FAR_FDS_RURAL_Semanal_20260619.csv | raw/sftp/fabrica/GEFUS/MONT_CONT_PF_FAR_20260616.csv | raw/sftp/fabrica/GEFUS/MONT_CONT_PF_FAR_LAYOUT_20260616.xlsx
HIS_MCIDADES_CONTRATACAO_20260619_110007.txt_Error.txt,OneDrive_2026-08-19 (3).zip,__Novo MCMV - FAR/HIS_MCIDADES_CONTRATACAO_20260619_110007.txt_Error.txt,.txt,dado_tabular_ou_serializado,far,nao_identificada,2026-06,pista_semantica_mesma_frente_periodo_fonte,5,raw/sftp/fabrica/GEFUS/ANTERIORES/Dados_Prioritarios_Contratacoes_MCMV_FAR_FDS_RURAL_Semanal_20260605.csv | raw/sftp/fabrica/GEFUS/Dados_Prioritarios_Contratacoes_MCMV_FAR_FDS_RURAL_Semanal_20260612.csv | raw/sftp/fabrica/GEFUS/Dados_Prioritarios_Contratacoes_MCMV_FAR_FDS_RURAL_Semanal_20260619.csv | raw/sftp/fabrica/GEFUS/MONT_CONT_PF_FAR_20260616.csv | raw/sftp/fabrica/GEFUS/MONT_CONT_PF_FAR_LAYOUT_20260616.xlsx
HIS_MCIDADES_CONTRATACAO_20260622_110005.csv_Error.txt,OneDrive_2026-08-19 (3).zip,__Novo MCMV - FAR/HIS_MCIDADES_CONTRATACAO_20260622_110005.csv_Error.txt,.txt,dado_tabular_ou_serializado,far,nao_identificada,2026-06,pista_semantica_mesma_frente_periodo_fonte,5,raw/sftp/fabrica/GEFUS/ANTERIORES/Dados_Prioritarios_Contratacoes_MCMV_FAR_FDS_RURAL_Semanal_20260605.csv | raw/sftp/fabrica/GEFUS/Dados_Prioritarios_Contratacoes_MCMV_FAR_FDS_RURAL_Semanal_20260612.csv | raw/sftp/fabrica/GEFUS/Dados_Prioritarios_Contratacoes_MCMV_FAR_FDS_RURAL_Semanal_20260619.csv | raw/sftp/fabrica/GEFUS/MONT_CONT_PF_FAR_20260616.csv | raw/sftp/fabrica/GEFUS/MONT_CONT_PF_FAR_LAYOUT_20260616.xlsx
HIS_MCIDADES_CONTRATACAO_20260622_110005.txt_Error.txt,OneDrive_2026-08-19 (3).zip,__Novo MCMV - FAR/HIS_MCIDADES_CONTRATACAO_20260622_110005.txt_Error.txt,.txt,dado_tabular_ou_serializado,far,nao_identificada,2026-06,pista_semantica_mesma_frente_periodo_fonte,5,raw/sftp/fabrica/GEFUS/ANTERIORES/Dados_Prioritarios_Contratacoes_MCMV_FAR_FDS_RURAL_Semanal_20260605.csv | raw/sftp/fabrica/GEFUS/Dados_Prioritarios_Contratacoes_MCMV_FAR_FDS_RURAL_Semanal_20260612.csv | raw/sftp/fabrica/GEFUS/Dados_Prioritarios_Contratacoes_MCMV_FAR_FDS_RURAL_Semanal_20260619.csv | raw/sftp/fabrica/GEFUS/MONT_CONT_PF_FAR_20260616.csv | raw/sftp/fabrica/GEFUS/MONT_CONT_PF_FAR_LAYOUT_20260616.xlsx
HIS_MCIDADES_CONTRATACAO_20260623_110007.csv_Error.txt,OneDrive_2026-08-19 (3).zip,__Novo MCMV - FAR/HIS_MCIDADES_CONTRATACAO_20260623_110007.csv_Error.txt,.txt,dado_tabular_ou_serializado,far,nao_identificada,2026-06,pista_semantica_mesma_frente_periodo_fonte,5,raw/sftp/fabrica/GEFUS/ANTERIORES/Dados_Prioritarios_Contratacoes_MCMV_FAR_FDS_RURAL_Semanal_20260605.csv | raw/sftp/fabrica/GEFUS/Dados_Prioritarios_Contratacoes_MCMV_FAR_FDS_RURAL_Semanal_20260612.csv | raw/sftp/fabrica/GEFUS/Dados_Prioritarios_Contratacoes_MCMV_FAR_FDS_RURAL_Semanal_20260619.csv | raw/sftp/fabrica/GEFUS/MONT_CONT_PF_FAR_20260616.csv | raw/sftp/fabrica/GEFUS/MONT_CONT_PF_FAR_LAYOUT_20260616.xlsx
HIS_MCIDADES_CONTRATACAO_20260623_110007.txt_Error.txt,OneDrive_2026-08-19 (3).zip,__Novo MCMV - FAR/HIS_MCIDADES_CONTRATACAO_20260623_110007.txt_Error.txt,.txt,dado_tabular_ou_serializado,far,nao_identificada,2026-06,pista_semantica_mesma_frente_periodo_fonte,5,raw/sftp/fabrica/GEFUS/ANTERIORES/Dados_Prioritarios_Contratacoes_MCMV_FAR_FDS_RURAL_Semanal_20260605.csv | raw/sftp/fabrica/GEFUS/Dados_Prioritarios_Contratacoes_MCMV_FAR_FDS_RURAL_Semanal_20260612.csv | raw/sftp/fabrica/GEFUS/Dados_Prioritarios_Contratacoes_MCMV_FAR_FDS_RURAL_Semanal_20260619.csv | raw/sftp/fabrica/GEFUS/MONT_CONT_PF_FAR_20260616.csv | raw/sftp/fabrica/GEFUS/MONT_CONT_PF_FAR_LAYOUT_20260616.xlsx
HIS_MCIDADES_CONTRATACAO_20260624_110012.csv_Error.txt,OneDrive_2026-08-19 (3).zip,__Novo MCMV - FAR/HIS_MCIDADES_CONTRATACAO_20260624_110012.csv_Error.txt,.txt,dado_tabular_ou_serializado,far,nao_identificada,2026-06,pista_semantica_mesma_frente_periodo_fonte,5,raw/sftp/fabrica/GEFUS/ANTERIORES/Dados_Prioritarios_Contratacoes_MCMV_FAR_FDS_RURAL_Semanal_20260605.csv | raw/sftp/fabrica/GEFUS/Dados_Prioritarios_Contratacoes_MCMV_FAR_FDS_RURAL_Semanal_20260612.csv | raw/sftp/fabrica/GEFUS/Dados_Prioritarios_Contratacoes_MCMV_FAR_FDS_RURAL_Semanal_20260619.csv | raw/sftp/fabrica/GEFUS/MONT_CONT_PF_FAR_20260616.csv | raw/sftp/fabrica/GEFUS/MONT_CONT_PF_FAR_LAYOUT_20260616.xlsx
HIS_MCIDADES_CONTRATACAO_20260624_110012.txt_Error.txt,OneDrive_2026-08-19 (3).zip,__Novo MCMV - FAR/HIS_MCIDADES_CONTRATACAO_20260624_110012.txt_Error.txt,.txt,dado_tabular_ou_serializado,far,nao_identificada,2026-06,pista_semantica_mesma_frente_periodo_fonte,5,raw/sftp/fabrica/GEFUS/ANTERIORES/Dados_Prioritarios_Contratacoes_MCMV_FAR_FDS_RURAL_Semanal_20260605.csv | raw/sftp/fabrica/GEFUS/Dados_Prioritarios_Contratacoes_MCMV_FAR_FDS_RURAL_Semanal_20260612.csv | raw/sftp/fabrica/GEFUS/Dados_Prioritarios_Contratacoes_MCMV_FAR_FDS_RURAL_Semanal_20260619.csv | raw/sftp/fabrica/GEFUS/MONT_CONT_PF_FAR_20260616.csv | raw/sftp/fabrica/GEFUS/MONT_CONT_PF_FAR_LAYOUT_20260616.xlsx
HIS_MCIDADES_CONTRATACAO_20260625_180007.csv_Error.txt,OneDrive_2026-08-19 (3).zip,__Novo MCMV - FAR/HIS_MCIDADES_CONTRATACAO_20260625_180007.csv_Error.txt,.txt,dado_tabular_ou_serializado,far,nao_identificada,2026-06,pista_semantica_mesma_frente_periodo_fonte,5,raw/sftp/fabrica/GEFUS/ANTERIORES/Dados_Prioritarios_Contratacoes_MCMV_FAR_FDS_RURAL_Semanal_20260605.csv | raw/sftp/fabrica/GEFUS/Dados_Prioritarios_Contratacoes_MCMV_FAR_FDS_RURAL_Semanal_20260612.csv | raw/sftp/fabrica/GEFUS/Dados_Prioritarios_Contratacoes_MCMV_FAR_FDS_RURAL_Semanal_20260619.csv | raw/sftp/fabrica/GEFUS/MONT_CONT_PF_FAR_20260616.csv | raw/sftp/fabrica/GEFUS/MONT_CONT_PF_FAR_LAYOUT_20260616.xlsx
HIS_MCIDADES_CONTRATACAO_20260625_180007.txt_Error.txt,OneDrive_2026-08-19 (3).zip,__Novo MCMV - FAR/HIS_MCIDADES_CONTRATACAO_20260625_180007.txt_Error.txt,.txt,dado_tabular_ou_serializado,far,nao_identificada,2026-06,pista_semantica_mesma_frente_periodo_fonte,5,raw/sftp/fabrica/GEFUS/ANTERIORES/Dados_Prioritarios_Contratacoes_MCMV_FAR_FDS_RURAL_Semanal_20260605.csv | raw/sftp/fabrica/GEFUS/Dados_Prioritarios_Contratacoes_MCMV_FAR_FDS_RURAL_Semanal_20260612.csv | raw/sftp/fabrica/GEFUS/Dados_Prioritarios_Contratacoes_MCMV_FAR_FDS_RURAL_Semanal_20260619.csv | raw/sftp/fabrica/GEFUS/MONT_CONT_PF_FAR_20260616.csv | raw/sftp/fabrica/GEFUS/MONT_CONT_PF_FAR_LAYOUT_20260616.xlsx
HIS_MCIDADES_CONTRATACAO_20260629_180004.csv_Error.txt,OneDrive_2026-08-19 (3).zip,__Novo MCMV - FAR/HIS_MCIDADES_CONTRATACAO_20260629_180004.csv_Error.txt,.txt,dado_tabular_ou_serializado,far,nao_identificada,2026-06,pista_semantica_mesma_frente_periodo_fonte,5,raw/sftp/fabrica/GEFUS/ANTERIORES/Dados_Prioritarios_Contratacoes_MCMV_FAR_FDS_RURAL_Semanal_20260605.csv | raw/sftp/fabrica/GEFUS/Dados_Prioritarios_Contratacoes_MCMV_FAR_FDS_RURAL_Semanal_20260612.csv | raw/sftp/fabrica/GEFUS/Dados_Prioritarios_Contratacoes_MCMV_FAR_FDS_RURAL_Semanal_20260619.csv | raw/sftp/fabrica/GEFUS/MONT_CONT_PF_FAR_20260616.csv | raw/sftp/fabrica/GEFUS/MONT_CONT_PF_FAR_LAYOUT_20260616.xlsx
HIS_MCIDADES_CONTRATACAO_20260629_180004.txt_Error.txt,OneDrive_2026-08-19 (3).zip,__Novo MCMV - FAR/HIS_MCIDADES_CONTRATACAO_20260629_180004.txt_Error.txt,.txt,dado_tabular_ou_serializado,far,nao_identificada,2026-06,pista_semantica_mesma_frente_periodo_fonte,5,raw/sftp/fabrica/GEFUS/ANTERIORES/Dados_Prioritarios_Contratacoes_MCMV_FAR_FDS_RURAL_Semanal_20260605.csv | raw/sftp/fabrica/GEFUS/Dados_Prioritarios_Contratacoes_MCMV_FAR_FDS_RURAL_Semanal_20260612.csv | raw/sftp/fabrica/GEFUS/Dados_Prioritarios_Contratacoes_MCMV_FAR_FDS_RURAL_Semanal_20260619.csv | raw/sftp/fabrica/GEFUS/MONT_CONT_PF_FAR_20260616.csv | raw/sftp/fabrica/GEFUS/MONT_CONT_PF_FAR_LAYOUT_20260616.xlsx
HIS_MCIDADES_CONTRATACAO_20260702_110013.csv_Error.txt,OneDrive_2026-08-19 (3).zip,__Novo MCMV - FAR/HIS_MCIDADES_CONTRATACAO_20260702_110013.csv_Error.txt,.txt,dado_tabular_ou_serializado,far,nao_identificada,2026-07,pista_semantica_mesma_frente_periodo_fonte,7,raw/sftp/fabrica/GEFUS/Dados_Prioritarios_Contratacoes_MCMV_FAR_FDS_RURAL_Semanal_20260703.csv | raw/sftp/fabrica/GEFUS/Dados_Prioritarios_Contratacoes_MCMV_FAR_FDS_RURAL_Semanal_20260710.csv | raw/sftp/fabrica/GEFUS/Dados_Prioritarios_Contratacoes_MCMV_FAR_FDS_RURAL_Semanal_20260717.csv | raw/sftp/fabrica/GEFUS/Dados_Prioritarios_Contratacoes_MCMV_FAR_FDS_RURAL_Semanal_20260724.csv | raw/sftp/fabrica/GEFUS/Dados_Prioritarios_Contratacoes_MCMV_FAR_FDS_RURAL_Semanal_20260731.csv
HIS_MCIDADES_CONTRATACAO_20260702_110013.txt_Error.txt,OneDrive_2026-08-19 (3).zip,__Novo MCMV - FAR/HIS_MCIDADES_CONTRATACAO_20260702_110013.txt_Error.txt,.txt,dado_tabular_ou_serializado,far,nao_identificada,2026-07,pista_semantica_mesma_frente_periodo_fonte,7,raw/sftp/fabrica/GEFUS/Dados_Prioritarios_Contratacoes_MCMV_FAR_FDS_RURAL_Semanal_20260703.csv | raw/sftp/fabrica/GEFUS/Dados_Prioritarios_Contratacoes_MCMV_FAR_FDS_RURAL_Semanal_20260710.csv | raw/sftp/fabrica/GEFUS/Dados_Prioritarios_Contratacoes_MCMV_FAR_FDS_RURAL_Semanal_20260717.csv | raw/sftp/fabrica/GEFUS/Dados_Prioritarios_Contratacoes_MCMV_FAR_FDS_RURAL_Semanal_20260724.csv | raw/sftp/fabrica/GEFUS/Dados_Prioritarios_Contratacoes_MCMV_FAR_FDS_RURAL_Semanal_20260731.csv
HIS_MCIDADES_CONTRATACAO_20260703_110005.csv_Error.txt,OneDrive_2026-08-19 (3).zip,__Novo MCMV - FAR/HIS_MCIDADES_CONTRATACAO_20260703_110005.csv_Error.txt,.txt,dado_tabular_ou_serializado,far,nao_identificada,2026-07,pista_semantica_mesma_frente_periodo_fonte,7,raw/sftp/fabrica/GEFUS/Dados_Prioritarios_Contratacoes_MCMV_FAR_FDS_RURAL_Semanal_20260703.csv | raw/sftp/fabrica/GEFUS/Dados_Prioritarios_Contratacoes_MCMV_FAR_FDS_RURAL_Semanal_20260710.csv | raw/sftp/fabrica/GEFUS/Dados_Prioritarios_Contratacoes_MCMV_FAR_FDS_RURAL_Semanal_20260717.csv | raw/sftp/fabrica/GEFUS/Dados_Prioritarios_Contratacoes_MCMV_FAR_FDS_RURAL_Semanal_20260724.csv | raw/sftp/fabrica/GEFUS/Dados_Prioritarios_Contratacoes_MCMV_FAR_FDS_RURAL_Semanal_20260731.csv
HIS_MCIDADES_CONTRATACAO_20260703_110005.txt_Error.txt,OneDrive_2026-08-19 (3).zip,__Novo MCMV - FAR/HIS_MCIDADES_CONTRATACAO_20260703_110005.txt_Error.txt,.txt,dado_tabular_ou_serializado,far,nao_identificada,2026-07,pista_semantica_mesma_frente_periodo_fonte,7,raw/sftp/fabrica/GEFUS/Dados_Prioritarios_Contratacoes_MCMV_FAR_FDS_RURAL_Semanal_20260703.csv | raw/sftp/fabrica/GEFUS/Dados_Prioritarios_Contratacoes_MCMV_FAR_FDS_RURAL_Semanal_20260710.csv | raw/sftp/fabrica/GEFUS/Dados_Prioritarios_Contratacoes_MCMV_FAR_FDS_RURAL_Semanal_20260717.csv | raw/sftp/fabrica/GEFUS/Dados_Prioritarios_Contratacoes_MCMV_FAR_FDS_RURAL_Semanal_20260724.csv | raw/sftp/fabrica/GEFUS/Dados_Prioritarios_Contratacoes_MCMV_FAR_FDS_RURAL_Semanal_20260731.csv
HIS_MCIDADES_CONTRATACAO_20260708_180006.csv_Error.txt,OneDrive_2026-08-19 (3).zip,__Novo MCMV - FAR/HIS_MCIDADES_CONTRATACAO_20260708_180006.csv_Error.txt,.txt,dado_tabular_ou_serializado,far,nao_identificada,2026-07,pista_semantica_mesma_frente_periodo_fonte,7,raw/sftp/fabrica/GEFUS/Dados_Prioritarios_Contratacoes_MCMV_FAR_FDS_RURAL_Semanal_20260703.csv | raw/sftp/fabrica/GEFUS/Dados_Prioritarios_Contratacoes_MCMV_FAR_FDS_RURAL_Semanal_20260710.csv | raw/sftp/fabrica/GEFUS/Dados_Prioritarios_Contratacoes_MCMV_FAR_FDS_RURAL_Semanal_20260717.csv | raw/sftp/fabrica/GEFUS/Dados_Prioritarios_Contratacoes_MCMV_FAR_FDS_RURAL_Semanal_20260724.csv | raw/sftp/fabrica/GEFUS/Dados_Prioritarios_Contratacoes_MCMV_FAR_FDS_RURAL_Semanal_20260731.csv
HIS_MCIDADES_CONTRATACAO_20260708_180006.txt_Error.txt,OneDrive_2026-08-19 (3).zip,__Novo MCMV - FAR/HIS_MCIDADES_CONTRATACAO_20260708_180006.txt_Error.txt,.txt,dado_tabular_ou_serializado,far,nao_identificada,2026-07,pista_semantica_mesma_frente_periodo_fonte,7,raw/sftp/fabrica/GEFUS/Dados_Prioritarios_Contratacoes_MCMV_FAR_FDS_RURAL_Semanal_20260703.csv | raw/sftp/fabrica/GEFUS/Dados_Prioritarios_Contratacoes_MCMV_FAR_FDS_RURAL_Semanal_20260710.csv | raw/sftp/fabrica/GEFUS/Dados_Prioritarios_Contratacoes_MCMV_FAR_FDS_RURAL_Semanal_20260717.csv | raw/sftp/fabrica/GEFUS/Dados_Prioritarios_Contratacoes_MCMV_FAR_FDS_RURAL_Semanal_20260724.csv | raw/sftp/fabrica/GEFUS/Dados_Prioritarios_Contratacoes_MCMV_FAR_FDS_RURAL_Semanal_20260731.csv
HIS_MCIDADES_CONTRATACAO_20260709_110005.csv_Error.txt,OneDrive_2026-08-19 (3).zip,__Novo MCMV - FAR/HIS_MCIDADES_CONTRATACAO_20260709_110005.csv_Error.txt,.txt,dado_tabular_ou_serializado,far,nao_identificada,2026-07,pista_semantica_mesma_frente_periodo_fonte,7,raw/sftp/fabrica/GEFUS/Dados_Prioritarios_Contratacoes_MCMV_FAR_FDS_RURAL_Semanal_20260703.csv | raw/sftp/fabrica/GEFUS/Dados_Prioritarios_Contratacoes_MCMV_FAR_FDS_RURAL_Semanal_20260710.csv | raw/sftp/fabrica/GEFUS/Dados_Prioritarios_Contratacoes_MCMV_FAR_FDS_RURAL_Semanal_20260717.csv | raw/sftp/fabrica/GEFUS/Dados_Prioritarios_Contratacoes_MCMV_FAR_FDS_RURAL_Semanal_20260724.csv | raw/sftp/fabrica/GEFUS/Dados_Prioritarios_Contratacoes_MCMV_FAR_FDS_RURAL_Semanal_20260731.csv
HIS_MCIDADES_CONTRATACAO_20260709_110005.txt_Error.txt,OneDrive_2026-08-19 (3).zip,__Novo MCMV - FAR/HIS_MCIDADES_CONTRATACAO_20260709_110005.txt_Error.txt,.txt,dado_tabular_ou_serializado,far,nao_identificada,2026-07,pista_semantica_mesma_frente_periodo_fonte,7,raw/sftp/fabrica/GEFUS/Dados_Prioritarios_Contratacoes_MCMV_FAR_FDS_RURAL_Semanal_20260703.csv | raw/sftp/fabrica/GEFUS/Dados_Prioritarios_Contratacoes_MCMV_FAR_FDS_RURAL_Semanal_20260710.csv | raw/sftp/fabrica/GEFUS/Dados_Prioritarios_Contratacoes_MCMV_FAR_FDS_RURAL_Semanal_20260717.csv | raw/sftp/fabrica/GEFUS/Dados_Prioritarios_Contratacoes_MCMV_FAR_FDS_RURAL_Semanal_20260724.csv | raw/sftp/fabrica/GEFUS/Dados_Prioritarios_Contratacoes_MCMV_FAR_FDS_RURAL_Semanal_20260731.csv
HIS_MCIDADES_CONTRATACAO_20260713_180004.csv_Error.txt,OneDrive_2026-08-19 (3).zip,__Novo MCMV - FAR/HIS_MCIDADES_CONTRATACAO_20260713_180004.csv_Error.txt,.txt,dado_tabular_ou_serializado,far,nao_identificada,2026-07,pista_semantica_mesma_frente_periodo_fonte,7,raw/sftp/fabrica/GEFUS/Dados_Prioritarios_Contratacoes_MCMV_FAR_FDS_RURAL_Semanal_20260703.csv | raw/sftp/fabrica/GEFUS/Dados_Prioritarios_Contratacoes_MCMV_FAR_FDS_RURAL_Semanal_20260710.csv | raw/sftp/fabrica/GEFUS/Dados_Prioritarios_Contratacoes_MCMV_FAR_FDS_RURAL_Semanal_20260717.csv | raw/sftp/fabrica/GEFUS/Dados_Prioritarios_Contratacoes_MCMV_FAR_FDS_RURAL_Semanal_20260724.csv | raw/sftp/fabrica/GEFUS/Dados_Prioritarios_Contratacoes_MCMV_FAR_FDS_RURAL_Semanal_20260731.csv
HIS_MCIDADES_CONTRATACAO_20260713_180004.txt_Error.txt,OneDrive_2026-08-19 (3).zip,__Novo MCMV - FAR/HIS_MCIDADES_CONTRATACAO_20260713_180004.txt_Error.txt,.txt,dado_tabular_ou_serializado,far,nao_identificada,2026-07,pista_semantica_mesma_frente_periodo_fonte,7,raw/sftp/fabrica/GEFUS/Dados_Prioritarios_Contratacoes_MCMV_FAR_FDS_RURAL_Semanal_20260703.csv | raw/sftp/fabrica/GEFUS/Dados_Prioritarios_Contratacoes_MCMV_FAR_FDS_RURAL_Semanal_20260710.csv | raw/sftp/fabrica/GEFUS/Dados_Prioritarios_Contratacoes_MCMV_FAR_FDS_RURAL_Semanal_20260717.csv | raw/sftp/fabrica/GEFUS/Dados_Prioritarios_Contratacoes_MCMV_FAR_FDS_RURAL_Semanal_20260724.csv | raw/sftp/fabrica/GEFUS/Dados_Prioritarios_Contratacoes_MCMV_FAR_FDS_RURAL_Semanal_20260731.csv
HIS_MCIDADES_CONTRATACAO_20260714_110004.csv_Error.txt,OneDrive_2026-08-19 (3).zip,__Novo MCMV - FAR/HIS_MCIDADES_CONTRATACAO_20260714_110004.csv_Error.txt,.txt,dado_tabular_ou_serializado,far,nao_identificada,2026-07,pista_semantica_mesma_frente_periodo_fonte,7,raw/sftp/fabrica/GEFUS/Dados_Prioritarios_Contratacoes_MCMV_FAR_FDS_RURAL_Semanal_20260703.csv | raw/sftp/fabrica/GEFUS/Dados_Prioritarios_Contratacoes_MCMV_FAR_FDS_RURAL_Semanal_20260710.csv | raw/sftp/fabrica/GEFUS/Dados_Prioritarios_Contratacoes_MCMV_FAR_FDS_RURAL_Semanal_20260717.csv | raw/sftp/fabrica/GEFUS/Dados_Prioritarios_Contratacoes_MCMV_FAR_FDS_RURAL_Semanal_20260724.csv | raw/sftp/fabrica/GEFUS/Dados_Prioritarios_Contratacoes_MCMV_FAR_FDS_RURAL_Semanal_20260731.csv
HIS_MCIDADES_CONTRATACAO_20260714_110004.txt_Error.txt,OneDrive_2026-08-19 (3).zip,__Novo MCMV - FAR/HIS_MCIDADES_CONTRATACAO_20260714_110004.txt_Error.txt,.txt,dado_tabular_ou_serializado,far,nao_identificada,2026-07,pista_semantica_mesma_frente_periodo_fonte,7,raw/sftp/fabrica/GEFUS/Dados_Prioritarios_Contratacoes_MCMV_FAR_FDS_RURAL_Semanal_20260703.csv | raw/sftp/fabrica/GEFUS/Dados_Prioritarios_Contratacoes_MCMV_FAR_FDS_RURAL_Semanal_20260710.csv | raw/sftp/fabrica/GEFUS/Dados_Prioritarios_Contratacoes_MCMV_FAR_FDS_RURAL_Semanal_20260717.csv | raw/sftp/fabrica/GEFUS/Dados_Prioritarios_Contratacoes_MCMV_FAR_FDS_RURAL_Semanal_20260724.csv | raw/sftp/fabrica/GEFUS/Dados_Prioritarios_Contratacoes_MCMV_FAR_FDS_RURAL_Semanal_20260731.csv
HIS_MCIDADES_CONTRATACAO_20260717_180003.csv_Error.txt,OneDrive_2026-08-19 (3).zip,__Novo MCMV - FAR/HIS_MCIDADES_CONTRATACAO_20260717_180003.csv_Error.txt,.txt,dado_tabular_ou_serializado,far,nao_identificada,2026-07,pista_semantica_mesma_frente_periodo_fonte,7,raw/sftp/fabrica/GEFUS/Dados_Prioritarios_Contratacoes_MCMV_FAR_FDS_RURAL_Semanal_20260703.csv | raw/sftp/fabrica/GEFUS/Dados_Prioritarios_Contratacoes_MCMV_FAR_FDS_RURAL_Semanal_20260710.csv | raw/sftp/fabrica/GEFUS/Dados_Prioritarios_Contratacoes_MCMV_FAR_FDS_RURAL_Semanal_20260717.csv | raw/sftp/fabrica/GEFUS/Dados_Prioritarios_Contratacoes_MCMV_FAR_FDS_RURAL_Semanal_20260724.csv | raw/sftp/fabrica/GEFUS/Dados_Prioritarios_Contratacoes_MCMV_FAR_FDS_RURAL_Semanal_20260731.csv
HIS_MCIDADES_CONTRATACAO_20260717_180003.txt_Error.txt,OneDrive_2026-08-19 (3).zip,__Novo MCMV - FAR/HIS_MCIDADES_CONTRATACAO_20260717_180003.txt_Error.txt,.txt,dado_tabular_ou_serializado,far,nao_identificada,2026-07,pista_semantica_mesma_frente_periodo_fonte,7,raw/sftp/fabrica/GEFUS/Dados_Prioritarios_Contratacoes_MCMV_FAR_FDS_RURAL_Semanal_20260703.csv | raw/sftp/fabrica/GEFUS/Dados_Prioritarios_Contratacoes_MCMV_FAR_FDS_RURAL_Semanal_20260710.csv | raw/sftp/fabrica/GEFUS/Dados_Prioritarios_Contratacoes_MCMV_FAR_FDS_RURAL_Semanal_20260717.csv | raw/sftp/fabrica/GEFUS/Dados_Prioritarios_Contratacoes_MCMV_FAR_FDS_RURAL_Semanal_20260724.csv | raw/sftp/fabrica/GEFUS/Dados_Prioritarios_Contratacoes_MCMV_FAR_FDS_RURAL_Semanal_20260731.csv
HIS_MCIDADES_CONTRATACAO_20260721_110006.csv_Error.txt,OneDrive_2026-08-19 (3).zip,__Novo MCMV - FAR/HIS_MCIDADES_CONTRATACAO_20260721_110006.csv_Error.txt,.txt,dado_tabular_ou_serializado,far,nao_identificada,2026-07,pista_semantica_mesma_frente_periodo_fonte,7,raw/sftp/fabrica/GEFUS/Dados_Prioritarios_Contratacoes_MCMV_FAR_FDS_RURAL_Semanal_20260703.csv | raw/sftp/fabrica/GEFUS/Dados_Prioritarios_Contratacoes_MCMV_FAR_FDS_RURAL_Semanal_20260710.csv | raw/sftp/fabrica/GEFUS/Dados_Prioritarios_Contratacoes_MCMV_FAR_FDS_RURAL_Semanal_20260717.csv | raw/sftp/fabrica/GEFUS/Dados_Prioritarios_Contratacoes_MCMV_FAR_FDS_RURAL_Semanal_20260724.csv | raw/sftp/fabrica/GEFUS/Dados_Prioritarios_Contratacoes_MCMV_FAR_FDS_RURAL_Semanal_20260731.csv
HIS_MCIDADES_CONTRATACAO_20260721_110006.txt_Error.txt,OneDrive_2026-08-19 (3).zip,__Novo MCMV - FAR/HIS_MCIDADES_CONTRATACAO_20260721_110006.txt_Error.txt,.txt,dado_tabular_ou_serializado,far,nao_identificada,2026-07,pista_semantica_mesma_frente_periodo_fonte,7,raw/sftp/fabrica/GEFUS/Dados_Prioritarios_Contratacoes_MCMV_FAR_FDS_RURAL_Semanal_20260703.csv | raw/sftp/fabrica/GEFUS/Dados_Prioritarios_Contratacoes_MCMV_FAR_FDS_RURAL_Semanal_20260710.csv | raw/sftp/fabrica/GEFUS/Dados_Prioritarios_Contratacoes_MCMV_FAR_FDS_RURAL_Semanal_20260717.csv | raw/sftp/fabrica/GEFUS/Dados_Prioritarios_Contratacoes_MCMV_FAR_FDS_RURAL_Semanal_20260724.csv | raw/sftp/fabrica/GEFUS/Dados_Prioritarios_Contratacoes_MCMV_FAR_FDS_RURAL_Semanal_20260731.csv
HIS_MCIDADES_CONTRATACAO_20260723_110002.csv_Error.txt,OneDrive_2026-08-19 (3).zip,__Novo MCMV - FAR/HIS_MCIDADES_CONTRATACAO_20260723_110002.csv_Error.txt,.txt,dado_tabular_ou_serializado,far,nao_identificada,2026-07,pista_semantica_mesma_frente_periodo_fonte,7,raw/sftp/fabrica/GEFUS/Dados_Prioritarios_Contratacoes_MCMV_FAR_FDS_RURAL_Semanal_20260703.csv | raw/sftp/fabrica/GEFUS/Dados_Prioritarios_Contratacoes_MCMV_FAR_FDS_RURAL_Semanal_20260710.csv | raw/sftp/fabrica/GEFUS/Dados_Prioritarios_Contratacoes_MCMV_FAR_FDS_RURAL_Semanal_20260717.csv | raw/sftp/fabrica/GEFUS/Dados_Prioritarios_Contratacoes_MCMV_FAR_FDS_RURAL_Semanal_20260724.csv | raw/sftp/fabrica/GEFUS/Dados_Prioritarios_Contratacoes_MCMV_FAR_FDS_RURAL_Semanal_20260731.csv
HIS_MCIDADES_CONTRATACAO_20260723_110002.txt_Error.txt,OneDrive_2026-08-19 (3).zip,__Novo MCMV - FAR/HIS_MCIDADES_CONTRATACAO_20260723_110002.txt_Error.txt,.txt,dado_tabular_ou_serializado,far,nao_identificada,2026-07,pista_semantica_mesma_frente_periodo_fonte,7,raw/sftp/fabrica/GEFUS/Dados_Prioritarios_Contratacoes_MCMV_FAR_FDS_RURAL_Semanal_20260703.csv | raw/sftp/fabrica/GEFUS/Dados_Prioritarios_Contratacoes_MCMV_FAR_FDS_RURAL_Semanal_20260710.csv | raw/sftp/fabrica/GEFUS/Dados_Prioritarios_Contratacoes_MCMV_FAR_FDS_RURAL_Semanal_20260717.csv | raw/sftp/fabrica/GEFUS/Dados_Prioritarios_Contratacoes_MCMV_FAR_FDS_RURAL_Semanal_20260724.csv | raw/sftp/fabrica/GEFUS/Dados_Prioritarios_Contratacoes_MCMV_FAR_FDS_RURAL_Semanal_20260731.csv
HIS_MCIDADES_CONTRATACAO_20260728_110005.csv_Error.txt,OneDrive_2026-08-19 (3).zip,__Novo MCMV - FAR/HIS_MCIDADES_CONTRATACAO_20260728_110005.csv_Error.txt,.txt,dado_tabular_ou_serializado,far,nao_identificada,2026-07,pista_semantica_mesma_frente_periodo_fonte,7,raw/sftp/fabrica/GEFUS/Dados_Prioritarios_Contratacoes_MCMV_FAR_FDS_RURAL_Semanal_20260703.csv | raw/sftp/fabrica/GEFUS/Dados_Prioritarios_Contratacoes_MCMV_FAR_FDS_RURAL_Semanal_20260710.csv | raw/sftp/fabrica/GEFUS/Dados_Prioritarios_Contratacoes_MCMV_FAR_FDS_RURAL_Semanal_20260717.csv | raw/sftp/fabrica/GEFUS/Dados_Prioritarios_Contratacoes_MCMV_FAR_FDS_RURAL_Semanal_20260724.csv | raw/sftp/fabrica/GEFUS/Dados_Prioritarios_Contratacoes_MCMV_FAR_FDS_RURAL_Semanal_20260731.csv
HIS_MCIDADES_CONTRATACAO_20260728_110005.txt_Error.txt,OneDrive_2026-08-19 (3).zip,__Novo MCMV - FAR/HIS_MCIDADES_CONTRATACAO_20260728_110005.txt_Error.txt,.txt,dado_tabular_ou_serializado,far,nao_identificada,2026-07,pista_semantica_mesma_frente_periodo_fonte,7,raw/sftp/fabrica/GEFUS/Dados_Prioritarios_Contratacoes_MCMV_FAR_FDS_RURAL_Semanal_20260703.csv | raw/sftp/fabrica/GEFUS/Dados_Prioritarios_Contratacoes_MCMV_FAR_FDS_RURAL_Semanal_20260710.csv | raw/sftp/fabrica/GEFUS/Dados_Prioritarios_Contratacoes_MCMV_FAR_FDS_RURAL_Semanal_20260717.csv | raw/sftp/fabrica/GEFUS/Dados_Prioritarios_Contratacoes_MCMV_FAR_FDS_RURAL_Semanal_20260724.csv | raw/sftp/fabrica/GEFUS/Dados_Prioritarios_Contratacoes_MCMV_FAR_FDS_RURAL_Semanal_20260731.csv
HIS_MCIDADES_CONTRATACAO_20260729_110008.csv_Error.txt,OneDrive_2026-08-19 (3).zip,__Novo MCMV - FAR/HIS_MCIDADES_CONTRATACAO_20260729_110008.csv_Error.txt,.txt,dado_tabular_ou_serializado,far,nao_identificada,2026-07,pista_semantica_mesma_frente_periodo_fonte,7,raw/sftp/fabrica/GEFUS/Dados_Prioritarios_Contratacoes_MCMV_FAR_FDS_RURAL_Semanal_20260703.csv | raw/sftp/fabrica/GEFUS/Dados_Prioritarios_Contratacoes_MCMV_FAR_FDS_RURAL_Semanal_20260710.csv | raw/sftp/fabrica/GEFUS/Dados_Prioritarios_Contratacoes_MCMV_FAR_FDS_RURAL_Semanal_20260717.csv | raw/sftp/fabrica/GEFUS/Dados_Prioritarios_Contratacoes_MCMV_FAR_FDS_RURAL_Semanal_20260724.csv | raw/sftp/fabrica/GEFUS/Dados_Prioritarios_Contratacoes_MCMV_FAR_FDS_RURAL_Semanal_20260731.csv
HIS_MCIDADES_CONTRATACAO_20260729_110008.txt_Error.txt,OneDrive_2026-08-19 (3).zip,__Novo MCMV - FAR/HIS_MCIDADES_CONTRATACAO_20260729_110008.txt_Error.txt,.txt,dado_tabular_ou_serializado,far,nao_identificada,2026-07,pista_semantica_mesma_frente_periodo_fonte,7,raw/sftp/fabrica/GEFUS/Dados_Prioritarios_Contratacoes_MCMV_FAR_FDS_RURAL_Semanal_20260703.csv | raw/sftp/fabrica/GEFUS/Dados_Prioritarios_Contratacoes_MCMV_FAR_FDS_RURAL_Semanal_20260710.csv | raw/sftp/fabrica/GEFUS/Dados_Prioritarios_Contratacoes_MCMV_FAR_FDS_RURAL_Semanal_20260717.csv | raw/sftp/fabrica/GEFUS/Dados_Prioritarios_Contratacoes_MCMV_FAR_FDS_RURAL_Semanal_20260724.csv | raw/sftp/fabrica/GEFUS/Dados_Prioritarios_Contratacoes_MCMV_FAR_FDS_RURAL_Semanal_20260731.csv
HIS_MCIDADES_CONTRATACAO_20260731_110005.csv_Error.txt,OneDrive_2026-08-19 (3).zip,__Novo MCMV - FAR/HIS_MCIDADES_CONTRATACAO_20260731_110005.csv_Error.txt,.txt,dado_tabular_ou_serializado,far,nao_identificada,2026-07,pista_semantica_mesma_frente_periodo_fonte,7,raw/sftp/fabrica/GEFUS/Dados_Prioritarios_Contratacoes_MCMV_FAR_FDS_RURAL_Semanal_20260703.csv | raw/sftp/fabrica/GEFUS/Dados_Prioritarios_Contratacoes_MCMV_FAR_FDS_RURAL_Semanal_20260710.csv | raw/sftp/fabrica/GEFUS/Dados_Prioritarios_Contratacoes_MCMV_FAR_FDS_RURAL_Semanal_20260717.csv | raw/sftp/fabrica/GEFUS/Dados_Prioritarios_Contratacoes_MCMV_FAR_FDS_RURAL_Semanal_20260724.csv | raw/sftp/fabrica/GEFUS/Dados_Prioritarios_Contratacoes_MCMV_FAR_FDS_RURAL_Semanal_20260731.csv
HIS_MCIDADES_CONTRATACAO_20260731_110005.txt_Error.txt,OneDrive_2026-08-19 (3).zip,__Novo MCMV - FAR/HIS_MCIDADES_CONTRATACAO_20260731_110005.txt_Error.txt,.txt,dado_tabular_ou_serializado,far,nao_identificada,2026-07,pista_semantica_mesma_frente_periodo_fonte,7,raw/sftp/fabrica/GEFUS/Dados_Prioritarios_Contratacoes_MCMV_FAR_FDS_RURAL_Semanal_20260703.csv | raw/sftp/fabrica/GEFUS/Dados_Prioritarios_Contratacoes_MCMV_FAR_FDS_RURAL_Semanal_20260710.csv | raw/sftp/fabrica/GEFUS/Dados_Prioritarios_Contratacoes_MCMV_FAR_FDS_RURAL_Semanal_20260717.csv | raw/sftp/fabrica/GEFUS/Dados_Prioritarios_Contratacoes_MCMV_FAR_FDS_RURAL_Semanal_20260724.csv | raw/sftp/fabrica/GEFUS/Dados_Prioritarios_Contratacoes_MCMV_FAR_FDS_RURAL_Semanal_20260731.csv
HIS_MCIDADES_CONTRATACAO_20260731_180004.csv_Error.txt,OneDrive_2026-08-19 (3).zip,__Novo MCMV - FAR/HIS_MCIDADES_CONTRATACAO_20260731_180004.csv_Error.txt,.txt,dado_tabular_ou_serializado,far,nao_identificada,2026-07,pista_semantica_mesma_frente_periodo_fonte,7,raw/sftp/fabrica/GEFUS/Dados_Prioritarios_Contratacoes_MCMV_FAR_FDS_RURAL_Semanal_20260703.csv | raw/sftp/fabrica/GEFUS/Dados_Prioritarios_Contratacoes_MCMV_FAR_FDS_RURAL_Semanal_20260710.csv | raw/sftp/fabrica/GEFUS/Dados_Prioritarios_Contratacoes_MCMV_FAR_FDS_RURAL_Semanal_20260717.csv | raw/sftp/fabrica/GEFUS/Dados_Prioritarios_Contratacoes_MCMV_FAR_FDS_RURAL_Semanal_20260724.csv | raw/sftp/fabrica/GEFUS/Dados_Prioritarios_Contratacoes_MCMV_FAR_FDS_RURAL_Semanal_20260731.csv
HIS_MCIDADES_CONTRATACAO_20260731_180004.txt_Error.txt,OneDrive_2026-08-19 (3).zip,__Novo MCMV - FAR/HIS_MCIDADES_CONTRATACAO_20260731_180004.txt_Error.txt,.txt,dado_tabular_ou_serializado,far,nao_identificada,2026-07,pista_semantica_mesma_frente_periodo_fonte,7,raw/sftp/fabrica/GEFUS/Dados_Prioritarios_Contratacoes_MCMV_FAR_FDS_RURAL_Semanal_20260703.csv | raw/sftp/fabrica/GEFUS/Dados_Prioritarios_Contratacoes_MCMV_FAR_FDS_RURAL_Semanal_20260710.csv | raw/sftp/fabrica/GEFUS/Dados_Prioritarios_Contratacoes_MCMV_FAR_FDS_RURAL_Semanal_20260717.csv | raw/sftp/fabrica/GEFUS/Dados_Prioritarios_Contratacoes_MCMV_FAR_FDS_RURAL_Semanal_20260724.csv | raw/sftp/fabrica/GEFUS/Dados_Prioritarios_Contratacoes_MCMV_FAR_FDS_RURAL_Semanal_20260731.csv
HIS_MCIDADES_CONTRATACAO_20260804_110004.csv_Error.txt,OneDrive_2026-08-19 (3).zip,__Novo MCMV - FAR/HIS_MCIDADES_CONTRATACAO_20260804_110004.csv_Error.txt,.txt,dado_tabular_ou_serializado,far,nao_identificada,2026-08,nao_encontrado_no_minio_consultado,0,
HIS_MCIDADES_CONTRATACAO_20260804_110004.txt_Error.txt,OneDrive_2026-08-19 (3).zip,__Novo MCMV - FAR/HIS_MCIDADES_CONTRATACAO_20260804_110004.txt_Error.txt,.txt,dado_tabular_ou_serializado,far,nao_identificada,2026-08,nao_encontrado_no_minio_consultado,0,
HIS_MCIDADES_CONTRATACAO_20260804_180003.csv_Error.txt,OneDrive_2026-08-19 (3).zip,__Novo MCMV - FAR/HIS_MCIDADES_CONTRATACAO_20260804_180003.csv_Error.txt,.txt,dado_tabular_ou_serializado,far,nao_identificada,2026-08,nao_encontrado_no_minio_consultado,0,
HIS_MCIDADES_CONTRATACAO_20260804_180003.txt_Error.txt,OneDrive_2026-08-19 (3).zip,__Novo MCMV - FAR/HIS_MCIDADES_CONTRATACAO_20260804_180003.txt_Error.txt,.txt,dado_tabular_ou_serializado,far,nao_identificada,2026-08,nao_encontrado_no_minio_consultado,0,
HIS_MCIDADES_CONTRATACAO_20260806_180004.csv_Error.txt,OneDrive_2026-08-19 (3).zip,__Novo MCMV - FAR/HIS_MCIDADES_CONTRATACAO_20260806_180004.csv_Error.txt,.txt,dado_tabular_ou_serializado,far,nao_identificada,2026-08,nao_encontrado_no_minio_consultado,0,
HIS_MCIDADES_CONTRATACAO_20260806_180004.txt_Error.txt,OneDrive_2026-08-19 (3).zip,__Novo MCMV - FAR/HIS_MCIDADES_CONTRATACAO_20260806_180004.txt_Error.txt,.txt,dado_tabular_ou_serializado,far,nao_identificada,2026-08,nao_encontrado_no_minio_consultado,0,
HIS_MCIDADES_CONTRATACAO_20260807_180004.csv_Error.txt,OneDrive_2026-08-19 (3).zip,__Novo MCMV - FAR/HIS_MCIDADES_CONTRATACAO_20260807_180004.csv_Error.txt,.txt,dado_tabular_ou_serializado,far,nao_identificada,2026-08,nao_encontrado_no_minio_consultado,0,
HIS_MCIDADES_CONTRATACAO_20260807_180004.txt_Error.txt,OneDrive_2026-08-19 (3).zip,__Novo MCMV - FAR/HIS_MCIDADES_CONTRATACAO_20260807_180004.txt_Error.txt,.txt,dado_tabular_ou_serializado,far,nao_identificada,2026-08,nao_encontrado_no_minio_consultado,0,
HIS_MCIDADES_CONTRATACAO_20260810_110004.csv_Error.txt,OneDrive_2026-08-19 (3).zip,__Novo MCMV - FAR/HIS_MCIDADES_CONTRATACAO_20260810_110004.csv_Error.txt,.txt,dado_tabular_ou_serializado,far,nao_identificada,2026-08,nao_encontrado_no_minio_consultado,0,
HIS_MCIDADES_CONTRATACAO_20260810_110004.txt_Error.txt,OneDrive_2026-08-19 (3).zip,__Novo MCMV - FAR/HIS_MCIDADES_CONTRATACAO_20260810_110004.txt_Error.txt,.txt,dado_tabular_ou_serializado,far,nao_identificada,2026-08,nao_encontrado_no_minio_consultado,0,
HIS_MCIDADES_CONTRATACAO_20260811_110005.csv_Error.txt,OneDrive_2026-08-19 (3).zip,__Novo MCMV - FAR/HIS_MCIDADES_CONTRATACAO_20260811_110005.csv_Error.txt,.txt,dado_tabular_ou_serializado,far,nao_identificada,2026-08,nao_encontrado_no_minio_consultado,0,
HIS_MCIDADES_CONTRATACAO_20260811_110005.txt_Error.txt,OneDrive_2026-08-19 (3).zip,__Novo MCMV - FAR/HIS_MCIDADES_CONTRATACAO_20260811_110005.txt_Error.txt,.txt,dado_tabular_ou_serializado,far,nao_identificada,2026-08,nao_encontrado_no_minio_consultado,0,
HIS_MCIDADES_CONTRATACAO_20260811_180005.csv_Error.txt,OneDrive_2026-08-19 (3).zip,__Novo MCMV - FAR/HIS_MCIDADES_CONTRATACAO_20260811_180005.csv_Error.txt,.txt,dado_tabular_ou_serializado,far,nao_identificada,2026-08,nao_encontrado_no_minio_consultado,0,
HIS_MCIDADES_CONTRATACAO_20260811_180005.txt_Error.txt,OneDrive_2026-08-19 (3).zip,__Novo MCMV - FAR/HIS_MCIDADES_CONTRATACAO_20260811_180005.txt_Error.txt,.txt,dado_tabular_ou_serializado,far,nao_identificada,2026-08,nao_encontrado_no_minio_consultado,0,
HIS_MCIDADES_CONTRATACAO_20260812_180002.csv_Error.txt,OneDrive_2026-08-19 (3).zip,__Novo MCMV - FAR/HIS_MCIDADES_CONTRATACAO_20260812_180002.csv_Error.txt,.txt,dado_tabular_ou_serializado,far,nao_identificada,2026-08,nao_encontrado_no_minio_consultado,0,
HIS_MCIDADES_CONTRATACAO_20260812_180002.txt_Error.txt,OneDrive_2026-08-19 (3).zip,__Novo MCMV - FAR/HIS_MCIDADES_CONTRATACAO_20260812_180002.txt_Error.txt,.txt,dado_tabular_ou_serializado,far,nao_identificada,2026-08,nao_encontrado_no_minio_consultado,0,
HIS_MCIDADES_CONTRATACAO_20260814_110003.csv_Error.txt,OneDrive_2026-08-19 (3).zip,__Novo MCMV - FAR/HIS_MCIDADES_CONTRATACAO_20260814_110003.csv_Error.txt,.txt,dado_tabular_ou_serializado,far,nao_identificada,2026-08,nao_encontrado_no_minio_consultado,0,
HIS_MCIDADES_CONTRATACAO_20260814_110003.txt_Error.txt,OneDrive_2026-08-19 (3).zip,__Novo MCMV - FAR/HIS_MCIDADES_CONTRATACAO_20260814_110003.txt_Error.txt,.txt,dado_tabular_ou_serializado,far,nao_identificada,2026-08,nao_encontrado_no_minio_consultado,0,
HIS_MCIDADES_CONTRATACAO_20260817_110003.csv_Error.txt,OneDrive_2026-08-19 (3).zip,__Novo MCMV - FAR/HIS_MCIDADES_CONTRATACAO_20260817_110003.csv_Error.txt,.txt,dado_tabular_ou_serializado,far,nao_identificada,2026-08,nao_encontrado_no_minio_consultado,0,
HIS_MCIDADES_CONTRATACAO_20260817_110003.txt_Error.txt,OneDrive_2026-08-19 (3).zip,__Novo MCMV - FAR/HIS_MCIDADES_CONTRATACAO_20260817_110003.txt_Error.txt,.txt,dado_tabular_ou_serializado,far,nao_identificada,2026-08,nao_encontrado_no_minio_consultado,0,
HIS_MCIDADES_CONTRATACAO_20260818_110005.csv_Error.txt,OneDrive_2026-08-19 (3).zip,__Novo MCMV - FAR/HIS_MCIDADES_CONTRATACAO_20260818_110005.csv_Error.txt,.txt,dado_tabular_ou_serializado,far,nao_identificada,2026-08,nao_encontrado_no_minio_consultado,0,
HIS_MCIDADES_CONTRATACAO_20260818_110005.txt_Error.txt,OneDrive_2026-08-19 (3).zip,__Novo MCMV - FAR/HIS_MCIDADES_CONTRATACAO_20260818_110005.txt_Error.txt,.txt,dado_tabular_ou_serializado,far,nao_identificada,2026-08,nao_encontrado_no_minio_consultado,0,
MONIT_CAD_PJ_FAR_LAYOUT_20260330_042258.CSV_Error.txt,OneDrive_2026-08-19 (3).zip,__Novo MCMV - FAR/MONIT_CAD_PJ_FAR_LAYOUT_20260330_042258.CSV_Error.txt,.txt,dado_tabular_ou_serializado,far,nao_identificada,2026-03,pista_semantica_mesma_frente_periodo_fonte,4,raw/sftp/fabrica/GEFUS/ANTERIORES/Dados_Prioritarios_Contratacoes_MCMV_FAR_FDS_RURAL_Semanal_20260306.csv | raw/sftp/fabrica/GEFUS/ANTERIORES/Dados_Prioritarios_Contratacoes_MCMV_FAR_FDS_RURAL_Semanal_20260313.csv | raw/sftp/fabrica/GEFUS/ANTERIORES/Dados_Prioritarios_Contratacoes_MCMV_FAR_FDS_RURAL_Semanal_20260320.csv | raw/sftp/fabrica/GEFUS/ANTERIORES/Dados_Prioritarios_Contratacoes_MCMV_FAR_FDS_RURAL_Semanal_20260327.csv
MONIT_CAD_PJ_FAR_LAYOUT_20260401_043332.CSV_Error.txt,OneDrive_2026-08-19 (3).zip,__Novo MCMV - FAR/MONIT_CAD_PJ_FAR_LAYOUT_20260401_043332.CSV_Error.txt,.txt,dado_tabular_ou_serializado,far,nao_identificada,2026-04,pista_semantica_mesma_frente_periodo_fonte,5,raw/sftp/fabrica/GEFUS/ANTERIORES/Dados_Prioritarios_Contratacoes_MCMV_FAR_FDS_RURAL_Semanal_20260403.csv | raw/sftp/fabrica/GEFUS/ANTERIORES/Dados_Prioritarios_Contratacoes_MCMV_FAR_FDS_RURAL_Semanal_20260410.csv | raw/sftp/fabrica/GEFUS/ANTERIORES/Dados_Prioritarios_Contratacoes_MCMV_FAR_FDS_RURAL_Semanal_20260417.csv | raw/sftp/fabrica/GEFUS/INT021_MinisterioCidades_FAR_BB_PF_20260430_CONTINGENCIA.TXT | raw/sftp/fabrica/GEFUS/INT039_MinisterioCidades_FAR_CAIXA_PF_20260430_CONTINGENCIA.TXT
MONIT_CAD_PJ_FAR_LAYOUT_20260413_042904.CSV_Error.txt,OneDrive_2026-08-19 (3).zip,__Novo MCMV - FAR/MONIT_CAD_PJ_FAR_LAYOUT_20260413_042904.CSV_Error.txt,.txt,dado_tabular_ou_serializado,far,nao_identificada,2026-04,pista_semantica_mesma_frente_periodo_fonte,5,raw/sftp/fabrica/GEFUS/ANTERIORES/Dados_Prioritarios_Contratacoes_MCMV_FAR_FDS_RURAL_Semanal_20260403.csv | raw/sftp/fabrica/GEFUS/ANTERIORES/Dados_Prioritarios_Contratacoes_MCMV_FAR_FDS_RURAL_Semanal_20260410.csv | raw/sftp/fabrica/GEFUS/ANTERIORES/Dados_Prioritarios_Contratacoes_MCMV_FAR_FDS_RURAL_Semanal_20260417.csv | raw/sftp/fabrica/GEFUS/INT021_MinisterioCidades_FAR_BB_PF_20260430_CONTINGENCIA.TXT | raw/sftp/fabrica/GEFUS/INT039_MinisterioCidades_FAR_CAIXA_PF_20260430_CONTINGENCIA.TXT
MONIT_CAD_PJ_FAR_LAYOUT_20260420_044606.CSV_Error.txt,OneDrive_2026-08-19 (3).zip,__Novo MCMV - FAR/MONIT_CAD_PJ_FAR_LAYOUT_20260420_044606.CSV_Error.txt,.txt,dado_tabular_ou_serializado,far,nao_identificada,2026-04,pista_semantica_mesma_frente_periodo_fonte,5,raw/sftp/fabrica/GEFUS/ANTERIORES/Dados_Prioritarios_Contratacoes_MCMV_FAR_FDS_RURAL_Semanal_20260403.csv | raw/sftp/fabrica/GEFUS/ANTERIORES/Dados_Prioritarios_Contratacoes_MCMV_FAR_FDS_RURAL_Semanal_20260410.csv | raw/sftp/fabrica/GEFUS/ANTERIORES/Dados_Prioritarios_Contratacoes_MCMV_FAR_FDS_RURAL_Semanal_20260417.csv | raw/sftp/fabrica/GEFUS/INT021_MinisterioCidades_FAR_BB_PF_20260430_CONTINGENCIA.TXT | raw/sftp/fabrica/GEFUS/INT039_MinisterioCidades_FAR_CAIXA_PF_20260430_CONTINGENCIA.TXT
MONIT_CAD_PJ_FAR_LAYOUT_20260427_043728.CSV_Error.txt,OneDrive_2026-08-19 (3).zip,__Novo MCMV - FAR/MONIT_CAD_PJ_FAR_LAYOUT_20260427_043728.CSV_Error.txt,.txt,dado_tabular_ou_serializado,far,nao_identificada,2026-04,pista_semantica_mesma_frente_periodo_fonte,5,raw/sftp/fabrica/GEFUS/ANTERIORES/Dados_Prioritarios_Contratacoes_MCMV_FAR_FDS_RURAL_Semanal_20260403.csv | raw/sftp/fabrica/GEFUS/ANTERIORES/Dados_Prioritarios_Contratacoes_MCMV_FAR_FDS_RURAL_Semanal_20260410.csv | raw/sftp/fabrica/GEFUS/ANTERIORES/Dados_Prioritarios_Contratacoes_MCMV_FAR_FDS_RURAL_Semanal_20260417.csv | raw/sftp/fabrica/GEFUS/INT021_MinisterioCidades_FAR_BB_PF_20260430_CONTINGENCIA.TXT | raw/sftp/fabrica/GEFUS/INT039_MinisterioCidades_FAR_CAIXA_PF_20260430_CONTINGENCIA.TXT
MONIT_CAD_PJ_FAR_LAYOUT_20260504_043649.CSV_Error.txt,OneDrive_2026-08-19 (3).zip,__Novo MCMV - FAR/MONIT_CAD_PJ_FAR_LAYOUT_20260504_043649.CSV_Error.txt,.txt,dado_tabular_ou_serializado,far,nao_identificada,2026-05,pista_semantica_mesma_frente_periodo_fonte,5,raw/sftp/fabrica/GEFUS/ANTERIORES/Dados_Prioritarios_Contratacoes_MCMV_FAR_FDS_RURAL_Semanal_20260505.csv | raw/sftp/fabrica/GEFUS/ANTERIORES/Dados_Prioritarios_Contratacoes_MCMV_FAR_FDS_RURAL_Semanal_20260508.csv | raw/sftp/fabrica/GEFUS/ANTERIORES/Dados_Prioritarios_Contratacoes_MCMV_FAR_FDS_RURAL_Semanal_20260515.csv | raw/sftp/fabrica/GEFUS/ANTERIORES/Dados_Prioritarios_Contratacoes_MCMV_FAR_FDS_RURAL_Semanal_20260522.csv | raw/sftp/fabrica/GEFUS/ANTERIORES/Dados_Prioritarios_Contratacoes_MCMV_FAR_FDS_RURAL_Semanal_20260529.csv
MONIT_CAD_PJ_FAR_LAYOUT_20260511_043726.CSV_Error.txt,OneDrive_2026-08-19 (3).zip,__Novo MCMV - FAR/MONIT_CAD_PJ_FAR_LAYOUT_20260511_043726.CSV_Error.txt,.txt,dado_tabular_ou_serializado,far,nao_identificada,2026-05,pista_semantica_mesma_frente_periodo_fonte,5,raw/sftp/fabrica/GEFUS/ANTERIORES/Dados_Prioritarios_Contratacoes_MCMV_FAR_FDS_RURAL_Semanal_20260505.csv | raw/sftp/fabrica/GEFUS/ANTERIORES/Dados_Prioritarios_Contratacoes_MCMV_FAR_FDS_RURAL_Semanal_20260508.csv | raw/sftp/fabrica/GEFUS/ANTERIORES/Dados_Prioritarios_Contratacoes_MCMV_FAR_FDS_RURAL_Semanal_20260515.csv | raw/sftp/fabrica/GEFUS/ANTERIORES/Dados_Prioritarios_Contratacoes_MCMV_FAR_FDS_RURAL_Semanal_20260522.csv | raw/sftp/fabrica/GEFUS/ANTERIORES/Dados_Prioritarios_Contratacoes_MCMV_FAR_FDS_RURAL_Semanal_20260529.csv
MONIT_CAD_PJ_FAR_LAYOUT_20260518_043524.CSV_Error.txt,OneDrive_2026-08-19 (3).zip,__Novo MCMV - FAR/MONIT_CAD_PJ_FAR_LAYOUT_20260518_043524.CSV_Error.txt,.txt,dado_tabular_ou_serializado,far,nao_identificada,2026-05,pista_semantica_mesma_frente_periodo_fonte,5,raw/sftp/fabrica/GEFUS/ANTERIORES/Dados_Prioritarios_Contratacoes_MCMV_FAR_FDS_RURAL_Semanal_20260505.csv | raw/sftp/fabrica/GEFUS/ANTERIORES/Dados_Prioritarios_Contratacoes_MCMV_FAR_FDS_RURAL_Semanal_20260508.csv | raw/sftp/fabrica/GEFUS/ANTERIORES/Dados_Prioritarios_Contratacoes_MCMV_FAR_FDS_RURAL_Semanal_20260515.csv | raw/sftp/fabrica/GEFUS/ANTERIORES/Dados_Prioritarios_Contratacoes_MCMV_FAR_FDS_RURAL_Semanal_20260522.csv | raw/sftp/fabrica/GEFUS/ANTERIORES/Dados_Prioritarios_Contratacoes_MCMV_FAR_FDS_RURAL_Semanal_20260529.csv
MONIT_CAD_PJ_FAR_LAYOUT_20260525_043230.CSV_Error.txt,OneDrive_2026-08-19 (3).zip,__Novo MCMV - FAR/MONIT_CAD_PJ_FAR_LAYOUT_20260525_043230.CSV_Error.txt,.txt,dado_tabular_ou_serializado,far,nao_identificada,2026-05,pista_semantica_mesma_frente_periodo_fonte,5,raw/sftp/fabrica/GEFUS/ANTERIORES/Dados_Prioritarios_Contratacoes_MCMV_FAR_FDS_RURAL_Semanal_20260505.csv | raw/sftp/fabrica/GEFUS/ANTERIORES/Dados_Prioritarios_Contratacoes_MCMV_FAR_FDS_RURAL_Semanal_20260508.csv | raw/sftp/fabrica/GEFUS/ANTERIORES/Dados_Prioritarios_Contratacoes_MCMV_FAR_FDS_RURAL_Semanal_20260515.csv | raw/sftp/fabrica/GEFUS/ANTERIORES/Dados_Prioritarios_Contratacoes_MCMV_FAR_FDS_RURAL_Semanal_20260522.csv | raw/sftp/fabrica/GEFUS/ANTERIORES/Dados_Prioritarios_Contratacoes_MCMV_FAR_FDS_RURAL_Semanal_20260529.csv
MONIT_CAD_PJ_FAR_LAYOUT_20260601_043431.CSV_Error.txt,OneDrive_2026-08-19 (3).zip,__Novo MCMV - FAR/MONIT_CAD_PJ_FAR_LAYOUT_20260601_043431.CSV_Error.txt,.txt,dado_tabular_ou_serializado,far,nao_identificada,2026-06,pista_semantica_mesma_frente_periodo_fonte,5,raw/sftp/fabrica/GEFUS/ANTERIORES/Dados_Prioritarios_Contratacoes_MCMV_FAR_FDS_RURAL_Semanal_20260605.csv | raw/sftp/fabrica/GEFUS/Dados_Prioritarios_Contratacoes_MCMV_FAR_FDS_RURAL_Semanal_20260612.csv | raw/sftp/fabrica/GEFUS/Dados_Prioritarios_Contratacoes_MCMV_FAR_FDS_RURAL_Semanal_20260619.csv | raw/sftp/fabrica/GEFUS/MONT_CONT_PF_FAR_20260616.csv | raw/sftp/fabrica/GEFUS/MONT_CONT_PF_FAR_LAYOUT_20260616.xlsx
MONIT_CAD_PJ_FAR_LAYOUT_20260615_043146.CSV_Error.txt,OneDrive_2026-08-19 (3).zip,__Novo MCMV - FAR/MONIT_CAD_PJ_FAR_LAYOUT_20260615_043146.CSV_Error.txt,.txt,dado_tabular_ou_serializado,far,nao_identificada,2026-06,pista_semantica_mesma_frente_periodo_fonte,5,raw/sftp/fabrica/GEFUS/ANTERIORES/Dados_Prioritarios_Contratacoes_MCMV_FAR_FDS_RURAL_Semanal_20260605.csv | raw/sftp/fabrica/GEFUS/Dados_Prioritarios_Contratacoes_MCMV_FAR_FDS_RURAL_Semanal_20260612.csv | raw/sftp/fabrica/GEFUS/Dados_Prioritarios_Contratacoes_MCMV_FAR_FDS_RURAL_Semanal_20260619.csv | raw/sftp/fabrica/GEFUS/MONT_CONT_PF_FAR_20260616.csv | raw/sftp/fabrica/GEFUS/MONT_CONT_PF_FAR_LAYOUT_20260616.xlsx
MONIT_CAD_PJ_FAR_LAYOUT_20260629_042723.CSV_Error.txt,OneDrive_2026-08-19 (3).zip,__Novo MCMV - FAR/MONIT_CAD_PJ_FAR_LAYOUT_20260629_042723.CSV_Error.txt,.txt,dado_tabular_ou_serializado,far,nao_identificada,2026-06,pista_semantica_mesma_frente_periodo_fonte,5,raw/sftp/fabrica/GEFUS/ANTERIORES/Dados_Prioritarios_Contratacoes_MCMV_FAR_FDS_RURAL_Semanal_20260605.csv | raw/sftp/fabrica/GEFUS/Dados_Prioritarios_Contratacoes_MCMV_FAR_FDS_RURAL_Semanal_20260612.csv | raw/sftp/fabrica/GEFUS/Dados_Prioritarios_Contratacoes_MCMV_FAR_FDS_RURAL_Semanal_20260619.csv | raw/sftp/fabrica/GEFUS/MONT_CONT_PF_FAR_20260616.csv | raw/sftp/fabrica/GEFUS/MONT_CONT_PF_FAR_LAYOUT_20260616.xlsx
MONIT_CAD_PJ_FAR_LAYOUT_20260706_043007.CSV_Error.txt,OneDrive_2026-08-19 (3).zip,__Novo MCMV - FAR/MONIT_CAD_PJ_FAR_LAYOUT_20260706_043007.CSV_Error.txt,.txt,dado_tabular_ou_serializado,far,nao_identificada,2026-07,pista_semantica_mesma_frente_periodo_fonte,7,raw/sftp/fabrica/GEFUS/Dados_Prioritarios_Contratacoes_MCMV_FAR_FDS_RURAL_Semanal_20260703.csv | raw/sftp/fabrica/GEFUS/Dados_Prioritarios_Contratacoes_MCMV_FAR_FDS_RURAL_Semanal_20260710.csv | raw/sftp/fabrica/GEFUS/Dados_Prioritarios_Contratacoes_MCMV_FAR_FDS_RURAL_Semanal_20260717.csv | raw/sftp/fabrica/GEFUS/Dados_Prioritarios_Contratacoes_MCMV_FAR_FDS_RURAL_Semanal_20260724.csv | raw/sftp/fabrica/GEFUS/Dados_Prioritarios_Contratacoes_MCMV_FAR_FDS_RURAL_Semanal_20260731.csv
MONIT_CAD_PJ_FAR_LAYOUT_20260713_043033.CSV_Error.txt,OneDrive_2026-08-19 (3).zip,__Novo MCMV - FAR/MONIT_CAD_PJ_FAR_LAYOUT_20260713_043033.CSV_Error.txt,.txt,dado_tabular_ou_serializado,far,nao_identificada,2026-07,pista_semantica_mesma_frente_periodo_fonte,7,raw/sftp/fabrica/GEFUS/Dados_Prioritarios_Contratacoes_MCMV_FAR_FDS_RURAL_Semanal_20260703.csv | raw/sftp/fabrica/GEFUS/Dados_Prioritarios_Contratacoes_MCMV_FAR_FDS_RURAL_Semanal_20260710.csv | raw/sftp/fabrica/GEFUS/Dados_Prioritarios_Contratacoes_MCMV_FAR_FDS_RURAL_Semanal_20260717.csv | raw/sftp/fabrica/GEFUS/Dados_Prioritarios_Contratacoes_MCMV_FAR_FDS_RURAL_Semanal_20260724.csv | raw/sftp/fabrica/GEFUS/Dados_Prioritarios_Contratacoes_MCMV_FAR_FDS_RURAL_Semanal_20260731.csv
MONIT_CAD_PJ_FAR_LAYOUT_20260720_041613.CSV_Error.txt,OneDrive_2026-08-19 (3).zip,__Novo MCMV - FAR/MONIT_CAD_PJ_FAR_LAYOUT_20260720_041613.CSV_Error.txt,.txt,dado_tabular_ou_serializado,far,nao_identificada,2026-07,pista_semantica_mesma_frente_periodo_fonte,7,raw/sftp/fabrica/GEFUS/Dados_Prioritarios_Contratacoes_MCMV_FAR_FDS_RURAL_Semanal_20260703.csv | raw/sftp/fabrica/GEFUS/Dados_Prioritarios_Contratacoes_MCMV_FAR_FDS_RURAL_Semanal_20260710.csv | raw/sftp/fabrica/GEFUS/Dados_Prioritarios_Contratacoes_MCMV_FAR_FDS_RURAL_Semanal_20260717.csv | raw/sftp/fabrica/GEFUS/Dados_Prioritarios_Contratacoes_MCMV_FAR_FDS_RURAL_Semanal_20260724.csv | raw/sftp/fabrica/GEFUS/Dados_Prioritarios_Contratacoes_MCMV_FAR_FDS_RURAL_Semanal_20260731.csv
MONIT_CAD_PJ_FAR_LAYOUT_20260727_041658.CSV_Error.txt,OneDrive_2026-08-19 (3).zip,__Novo MCMV - FAR/MONIT_CAD_PJ_FAR_LAYOUT_20260727_041658.CSV_Error.txt,.txt,dado_tabular_ou_serializado,far,nao_identificada,2026-07,pista_semantica_mesma_frente_periodo_fonte,7,raw/sftp/fabrica/GEFUS/Dados_Prioritarios_Contratacoes_MCMV_FAR_FDS_RURAL_Semanal_20260703.csv | raw/sftp/fabrica/GEFUS/Dados_Prioritarios_Contratacoes_MCMV_FAR_FDS_RURAL_Semanal_20260710.csv | raw/sftp/fabrica/GEFUS/Dados_Prioritarios_Contratacoes_MCMV_FAR_FDS_RURAL_Semanal_20260717.csv | raw/sftp/fabrica/GEFUS/Dados_Prioritarios_Contratacoes_MCMV_FAR_FDS_RURAL_Semanal_20260724.csv | raw/sftp/fabrica/GEFUS/Dados_Prioritarios_Contratacoes_MCMV_FAR_FDS_RURAL_Semanal_20260731.csv
MONIT_CAD_PJ_FAR_LAYOUT_20260803_041913.CSV_Error.txt,OneDrive_2026-08-19 (3).zip,__Novo MCMV - FAR/MONIT_CAD_PJ_FAR_LAYOUT_20260803_041913.CSV_Error.txt,.txt,dado_tabular_ou_serializado,far,nao_identificada,2026-08,nao_encontrado_no_minio_consultado,0,
MONIT_CAD_PJ_FAR_LAYOUT_20260810_041718.CSV_Error.txt,OneDrive_2026-08-19 (3).zip,__Novo MCMV - FAR/MONIT_CAD_PJ_FAR_LAYOUT_20260810_041718.CSV_Error.txt,.txt,dado_tabular_ou_serializado,far,nao_identificada,2026-08,nao_encontrado_no_minio_consultado,0,
MONIT_CAD_PJ_FAR_MENSAL_202602_042922.CSV_Error.txt,OneDrive_2026-08-19 (3).zip,__Novo MCMV - FAR/MONIT_CAD_PJ_FAR_MENSAL_202602_042922.CSV_Error.txt,.txt,dado_tabular_ou_serializado,far,nao_identificada,2026-02,pista_semantica_mesma_frente_periodo_fonte,4,raw/sftp/fabrica/GEFUS/ANTERIORES/Dados_Prioritarios_Contratacoes_MCMV_FAR_FDS_RURAL_Semanal_20260206.csv | raw/sftp/fabrica/GEFUS/ANTERIORES/Dados_Prioritarios_Contratacoes_MCMV_FAR_FDS_RURAL_Semanal_20260213.csv | raw/sftp/fabrica/GEFUS/ANTERIORES/Dados_Prioritarios_Contratacoes_MCMV_FAR_FDS_RURAL_Semanal_20260220.csv | raw/sftp/fabrica/GEFUS/ANTERIORES/Dados_Prioritarios_Contratacoes_MCMV_FAR_FDS_RURAL_Semanal_20260227.csv
MONIT_CAD_PJ_FAR_MENSAL_202603_043332.CSV_Error.txt,OneDrive_2026-08-19 (3).zip,__Novo MCMV - FAR/MONIT_CAD_PJ_FAR_MENSAL_202603_043332.CSV_Error.txt,.txt,dado_tabular_ou_serializado,far,nao_identificada,2026-03,pista_semantica_mesma_frente_periodo_fonte,4,raw/sftp/fabrica/GEFUS/ANTERIORES/Dados_Prioritarios_Contratacoes_MCMV_FAR_FDS_RURAL_Semanal_20260306.csv | raw/sftp/fabrica/GEFUS/ANTERIORES/Dados_Prioritarios_Contratacoes_MCMV_FAR_FDS_RURAL_Semanal_20260313.csv | raw/sftp/fabrica/GEFUS/ANTERIORES/Dados_Prioritarios_Contratacoes_MCMV_FAR_FDS_RURAL_Semanal_20260320.csv | raw/sftp/fabrica/GEFUS/ANTERIORES/Dados_Prioritarios_Contratacoes_MCMV_FAR_FDS_RURAL_Semanal_20260327.csv
MONIT_CAD_PJ_FAR_MENSAL_202604_043649.CSV_Error.txt,OneDrive_2026-08-19 (3).zip,__Novo MCMV - FAR/MONIT_CAD_PJ_FAR_MENSAL_202604_043649.CSV_Error.txt,.txt,dado_tabular_ou_serializado,far,nao_identificada,2026-04,pista_semantica_mesma_frente_periodo_fonte,5,raw/sftp/fabrica/GEFUS/ANTERIORES/Dados_Prioritarios_Contratacoes_MCMV_FAR_FDS_RURAL_Semanal_20260403.csv | raw/sftp/fabrica/GEFUS/ANTERIORES/Dados_Prioritarios_Contratacoes_MCMV_FAR_FDS_RURAL_Semanal_20260410.csv | raw/sftp/fabrica/GEFUS/ANTERIORES/Dados_Prioritarios_Contratacoes_MCMV_FAR_FDS_RURAL_Semanal_20260417.csv | raw/sftp/fabrica/GEFUS/INT021_MinisterioCidades_FAR_BB_PF_20260430_CONTINGENCIA.TXT | raw/sftp/fabrica/GEFUS/INT039_MinisterioCidades_FAR_CAIXA_PF_20260430_CONTINGENCIA.TXT
MONIT_CAD_PJ_FAR_MENSAL_202605_043431.CSV_Error.txt,OneDrive_2026-08-19 (3).zip,__Novo MCMV - FAR/MONIT_CAD_PJ_FAR_MENSAL_202605_043431.CSV_Error.txt,.txt,dado_tabular_ou_serializado,far,nao_identificada,2026-05,pista_semantica_mesma_frente_periodo_fonte,5,raw/sftp/fabrica/GEFUS/ANTERIORES/Dados_Prioritarios_Contratacoes_MCMV_FAR_FDS_RURAL_Semanal_20260505.csv | raw/sftp/fabrica/GEFUS/ANTERIORES/Dados_Prioritarios_Contratacoes_MCMV_FAR_FDS_RURAL_Semanal_20260508.csv | raw/sftp/fabrica/GEFUS/ANTERIORES/Dados_Prioritarios_Contratacoes_MCMV_FAR_FDS_RURAL_Semanal_20260515.csv | raw/sftp/fabrica/GEFUS/ANTERIORES/Dados_Prioritarios_Contratacoes_MCMV_FAR_FDS_RURAL_Semanal_20260522.csv | raw/sftp/fabrica/GEFUS/ANTERIORES/Dados_Prioritarios_Contratacoes_MCMV_FAR_FDS_RURAL_Semanal_20260529.csv
MONIT_CAD_PJ_FAR_MENSAL_202607_041913.CSV_Error.txt,OneDrive_2026-08-19 (3).zip,__Novo MCMV - FAR/MONIT_CAD_PJ_FAR_MENSAL_202607_041913.CSV_Error.txt,.txt,dado_tabular_ou_serializado,far,nao_identificada,2026-07,pista_semantica_mesma_frente_periodo_fonte,7,raw/sftp/fabrica/GEFUS/Dados_Prioritarios_Contratacoes_MCMV_FAR_FDS_RURAL_Semanal_20260703.csv | raw/sftp/fabrica/GEFUS/Dados_Prioritarios_Contratacoes_MCMV_FAR_FDS_RURAL_Semanal_20260710.csv | raw/sftp/fabrica/GEFUS/Dados_Prioritarios_Contratacoes_MCMV_FAR_FDS_RURAL_Semanal_20260717.csv | raw/sftp/fabrica/GEFUS/Dados_Prioritarios_Contratacoes_MCMV_FAR_FDS_RURAL_Semanal_20260724.csv | raw/sftp/fabrica/GEFUS/Dados_Prioritarios_Contratacoes_MCMV_FAR_FDS_RURAL_Semanal_20260731.csv
MONIT_CAD_PJ_FAR_SEMANAL_202602_042258.CSV_Error.txt,OneDrive_2026-08-19 (3).zip,__Novo MCMV - FAR/MONIT_CAD_PJ_FAR_SEMANAL_202602_042258.CSV_Error.txt,.txt,dado_tabular_ou_serializado,far,nao_identificada,2026-02,pista_semantica_mesma_frente_periodo_fonte,4,raw/sftp/fabrica/GEFUS/ANTERIORES/Dados_Prioritarios_Contratacoes_MCMV_FAR_FDS_RURAL_Semanal_20260206.csv | raw/sftp/fabrica/GEFUS/ANTERIORES/Dados_Prioritarios_Contratacoes_MCMV_FAR_FDS_RURAL_Semanal_20260213.csv | raw/sftp/fabrica/GEFUS/ANTERIORES/Dados_Prioritarios_Contratacoes_MCMV_FAR_FDS_RURAL_Semanal_20260220.csv | raw/sftp/fabrica/GEFUS/ANTERIORES/Dados_Prioritarios_Contratacoes_MCMV_FAR_FDS_RURAL_Semanal_20260227.csv
MONIT_CAD_PJ_FAR_SEMANAL_20260223_043045.CSV_Error.txt,OneDrive_2026-08-19 (3).zip,__Novo MCMV - FAR/MONIT_CAD_PJ_FAR_SEMANAL_20260223_043045.CSV_Error.txt,.txt,dado_tabular_ou_serializado,far,nao_identificada,2026-02,pista_semantica_mesma_frente_periodo_fonte,4,raw/sftp/fabrica/GEFUS/ANTERIORES/Dados_Prioritarios_Contratacoes_MCMV_FAR_FDS_RURAL_Semanal_20260206.csv | raw/sftp/fabrica/GEFUS/ANTERIORES/Dados_Prioritarios_Contratacoes_MCMV_FAR_FDS_RURAL_Semanal_20260213.csv | raw/sftp/fabrica/GEFUS/ANTERIORES/Dados_Prioritarios_Contratacoes_MCMV_FAR_FDS_RURAL_Semanal_20260220.csv | raw/sftp/fabrica/GEFUS/ANTERIORES/Dados_Prioritarios_Contratacoes_MCMV_FAR_FDS_RURAL_Semanal_20260227.csv
MONIT_CAD_PJ_FAR_SEMANAL_202603_042904.CSV_Error.txt,OneDrive_2026-08-19 (3).zip,__Novo MCMV - FAR/MONIT_CAD_PJ_FAR_SEMANAL_202603_042904.CSV_Error.txt,.txt,dado_tabular_ou_serializado,far,nao_identificada,2026-03,pista_semantica_mesma_frente_periodo_fonte,4,raw/sftp/fabrica/GEFUS/ANTERIORES/Dados_Prioritarios_Contratacoes_MCMV_FAR_FDS_RURAL_Semanal_20260306.csv | raw/sftp/fabrica/GEFUS/ANTERIORES/Dados_Prioritarios_Contratacoes_MCMV_FAR_FDS_RURAL_Semanal_20260313.csv | raw/sftp/fabrica/GEFUS/ANTERIORES/Dados_Prioritarios_Contratacoes_MCMV_FAR_FDS_RURAL_Semanal_20260320.csv | raw/sftp/fabrica/GEFUS/ANTERIORES/Dados_Prioritarios_Contratacoes_MCMV_FAR_FDS_RURAL_Semanal_20260327.csv
MONIT_CAD_PJ_FAR_SEMANAL_202603_043728.CSV_Error.txt,OneDrive_2026-08-19 (3).zip,__Novo MCMV - FAR/MONIT_CAD_PJ_FAR_SEMANAL_202603_043728.CSV_Error.txt,.txt,dado_tabular_ou_serializado,far,nao_identificada,2026-03,pista_semantica_mesma_frente_periodo_fonte,4,raw/sftp/fabrica/GEFUS/ANTERIORES/Dados_Prioritarios_Contratacoes_MCMV_FAR_FDS_RURAL_Semanal_20260306.csv | raw/sftp/fabrica/GEFUS/ANTERIORES/Dados_Prioritarios_Contratacoes_MCMV_FAR_FDS_RURAL_Semanal_20260313.csv | raw/sftp/fabrica/GEFUS/ANTERIORES/Dados_Prioritarios_Contratacoes_MCMV_FAR_FDS_RURAL_Semanal_20260320.csv | raw/sftp/fabrica/GEFUS/ANTERIORES/Dados_Prioritarios_Contratacoes_MCMV_FAR_FDS_RURAL_Semanal_20260327.csv
MONIT_CAD_PJ_FAR_SEMANAL_202603_044606.CSV_Error.txt,OneDrive_2026-08-19 (3).zip,__Novo MCMV - FAR/MONIT_CAD_PJ_FAR_SEMANAL_202603_044606.CSV_Error.txt,.txt,dado_tabular_ou_serializado,far,nao_identificada,2026-03,pista_semantica_mesma_frente_periodo_fonte,4,raw/sftp/fabrica/GEFUS/ANTERIORES/Dados_Prioritarios_Contratacoes_MCMV_FAR_FDS_RURAL_Semanal_20260306.csv | raw/sftp/fabrica/GEFUS/ANTERIORES/Dados_Prioritarios_Contratacoes_MCMV_FAR_FDS_RURAL_Semanal_20260313.csv | raw/sftp/fabrica/GEFUS/ANTERIORES/Dados_Prioritarios_Contratacoes_MCMV_FAR_FDS_RURAL_Semanal_20260320.csv | raw/sftp/fabrica/GEFUS/ANTERIORES/Dados_Prioritarios_Contratacoes_MCMV_FAR_FDS_RURAL_Semanal_20260327.csv
MONIT_CAD_PJ_FAR_SEMANAL_202604_043230.CSV_Error.txt,OneDrive_2026-08-19 (3).zip,__Novo MCMV - FAR/MONIT_CAD_PJ_FAR_SEMANAL_202604_043230.CSV_Error.txt,.txt,dado_tabular_ou_serializado,far,nao_identificada,2026-04,pista_semantica_mesma_frente_periodo_fonte,5,raw/sftp/fabrica/GEFUS/ANTERIORES/Dados_Prioritarios_Contratacoes_MCMV_FAR_FDS_RURAL_Semanal_20260403.csv | raw/sftp/fabrica/GEFUS/ANTERIORES/Dados_Prioritarios_Contratacoes_MCMV_FAR_FDS_RURAL_Semanal_20260410.csv | raw/sftp/fabrica/GEFUS/ANTERIORES/Dados_Prioritarios_Contratacoes_MCMV_FAR_FDS_RURAL_Semanal_20260417.csv | raw/sftp/fabrica/GEFUS/INT021_MinisterioCidades_FAR_BB_PF_20260430_CONTINGENCIA.TXT | raw/sftp/fabrica/GEFUS/INT039_MinisterioCidades_FAR_CAIXA_PF_20260430_CONTINGENCIA.TXT
MONIT_CAD_PJ_FAR_SEMANAL_202604_043524.CSV_Error.txt,OneDrive_2026-08-19 (3).zip,__Novo MCMV - FAR/MONIT_CAD_PJ_FAR_SEMANAL_202604_043524.CSV_Error.txt,.txt,dado_tabular_ou_serializado,far,nao_identificada,2026-04,pista_semantica_mesma_frente_periodo_fonte,5,raw/sftp/fabrica/GEFUS/ANTERIORES/Dados_Prioritarios_Contratacoes_MCMV_FAR_FDS_RURAL_Semanal_20260403.csv | raw/sftp/fabrica/GEFUS/ANTERIORES/Dados_Prioritarios_Contratacoes_MCMV_FAR_FDS_RURAL_Semanal_20260410.csv | raw/sftp/fabrica/GEFUS/ANTERIORES/Dados_Prioritarios_Contratacoes_MCMV_FAR_FDS_RURAL_Semanal_20260417.csv | raw/sftp/fabrica/GEFUS/INT021_MinisterioCidades_FAR_BB_PF_20260430_CONTINGENCIA.TXT | raw/sftp/fabrica/GEFUS/INT039_MinisterioCidades_FAR_CAIXA_PF_20260430_CONTINGENCIA.TXT
MONIT_CAD_PJ_FAR_SEMANAL_202604_043649.CSV_Error.txt,OneDrive_2026-08-19 (3).zip,__Novo MCMV - FAR/MONIT_CAD_PJ_FAR_SEMANAL_202604_043649.CSV_Error.txt,.txt,dado_tabular_ou_serializado,far,nao_identificada,2026-04,pista_semantica_mesma_frente_periodo_fonte,5,raw/sftp/fabrica/GEFUS/ANTERIORES/Dados_Prioritarios_Contratacoes_MCMV_FAR_FDS_RURAL_Semanal_20260403.csv | raw/sftp/fabrica/GEFUS/ANTERIORES/Dados_Prioritarios_Contratacoes_MCMV_FAR_FDS_RURAL_Semanal_20260410.csv | raw/sftp/fabrica/GEFUS/ANTERIORES/Dados_Prioritarios_Contratacoes_MCMV_FAR_FDS_RURAL_Semanal_20260417.csv | raw/sftp/fabrica/GEFUS/INT021_MinisterioCidades_FAR_BB_PF_20260430_CONTINGENCIA.TXT | raw/sftp/fabrica/GEFUS/INT039_MinisterioCidades_FAR_CAIXA_PF_20260430_CONTINGENCIA.TXT
MONIT_CAD_PJ_FAR_SEMANAL_202604_043726.CSV_Error.txt,OneDrive_2026-08-19 (3).zip,__Novo MCMV - FAR/MONIT_CAD_PJ_FAR_SEMANAL_202604_043726.CSV_Error.txt,.txt,dado_tabular_ou_serializado,far,nao_identificada,2026-04,pista_semantica_mesma_frente_periodo_fonte,5,raw/sftp/fabrica/GEFUS/ANTERIORES/Dados_Prioritarios_Contratacoes_MCMV_FAR_FDS_RURAL_Semanal_20260403.csv | raw/sftp/fabrica/GEFUS/ANTERIORES/Dados_Prioritarios_Contratacoes_MCMV_FAR_FDS_RURAL_Semanal_20260410.csv | raw/sftp/fabrica/GEFUS/ANTERIORES/Dados_Prioritarios_Contratacoes_MCMV_FAR_FDS_RURAL_Semanal_20260417.csv | raw/sftp/fabrica/GEFUS/INT021_MinisterioCidades_FAR_BB_PF_20260430_CONTINGENCIA.TXT | raw/sftp/fabrica/GEFUS/INT039_MinisterioCidades_FAR_CAIXA_PF_20260430_CONTINGENCIA.TXT
MONIT_CAD_PJ_FAR_SEMANAL_202605_042723.CSV_Error.txt,OneDrive_2026-08-19 (3).zip,__Novo MCMV - FAR/MONIT_CAD_PJ_FAR_SEMANAL_202605_042723.CSV_Error.txt,.txt,dado_tabular_ou_serializado,far,nao_identificada,2026-05,pista_semantica_mesma_frente_periodo_fonte,5,raw/sftp/fabrica/GEFUS/ANTERIORES/Dados_Prioritarios_Contratacoes_MCMV_FAR_FDS_RURAL_Semanal_20260505.csv | raw/sftp/fabrica/GEFUS/ANTERIORES/Dados_Prioritarios_Contratacoes_MCMV_FAR_FDS_RURAL_Semanal_20260508.csv | raw/sftp/fabrica/GEFUS/ANTERIORES/Dados_Prioritarios_Contratacoes_MCMV_FAR_FDS_RURAL_Semanal_20260515.csv | raw/sftp/fabrica/GEFUS/ANTERIORES/Dados_Prioritarios_Contratacoes_MCMV_FAR_FDS_RURAL_Semanal_20260522.csv | raw/sftp/fabrica/GEFUS/ANTERIORES/Dados_Prioritarios_Contratacoes_MCMV_FAR_FDS_RURAL_Semanal_20260529.csv
MONIT_CAD_PJ_FAR_SEMANAL_202605_043146.CSV_Error.txt,OneDrive_2026-08-19 (3).zip,__Novo MCMV - FAR/MONIT_CAD_PJ_FAR_SEMANAL_202605_043146.CSV_Error.txt,.txt,dado_tabular_ou_serializado,far,nao_identificada,2026-05,pista_semantica_mesma_frente_periodo_fonte,5,raw/sftp/fabrica/GEFUS/ANTERIORES/Dados_Prioritarios_Contratacoes_MCMV_FAR_FDS_RURAL_Semanal_20260505.csv | raw/sftp/fabrica/GEFUS/ANTERIORES/Dados_Prioritarios_Contratacoes_MCMV_FAR_FDS_RURAL_Semanal_20260508.csv | raw/sftp/fabrica/GEFUS/ANTERIORES/Dados_Prioritarios_Contratacoes_MCMV_FAR_FDS_RURAL_Semanal_20260515.csv | raw/sftp/fabrica/GEFUS/ANTERIORES/Dados_Prioritarios_Contratacoes_MCMV_FAR_FDS_RURAL_Semanal_20260522.csv | raw/sftp/fabrica/GEFUS/ANTERIORES/Dados_Prioritarios_Contratacoes_MCMV_FAR_FDS_RURAL_Semanal_20260529.csv
MONIT_CAD_PJ_FAR_SEMANAL_202605_043431.CSV_Error.txt,OneDrive_2026-08-19 (3).zip,__Novo MCMV - FAR/MONIT_CAD_PJ_FAR_SEMANAL_202605_043431.CSV_Error.txt,.txt,dado_tabular_ou_serializado,far,nao_identificada,2026-05,pista_semantica_mesma_frente_periodo_fonte,5,raw/sftp/fabrica/GEFUS/ANTERIORES/Dados_Prioritarios_Contratacoes_MCMV_FAR_FDS_RURAL_Semanal_20260505.csv | raw/sftp/fabrica/GEFUS/ANTERIORES/Dados_Prioritarios_Contratacoes_MCMV_FAR_FDS_RURAL_Semanal_20260508.csv | raw/sftp/fabrica/GEFUS/ANTERIORES/Dados_Prioritarios_Contratacoes_MCMV_FAR_FDS_RURAL_Semanal_20260515.csv | raw/sftp/fabrica/GEFUS/ANTERIORES/Dados_Prioritarios_Contratacoes_MCMV_FAR_FDS_RURAL_Semanal_20260522.csv | raw/sftp/fabrica/GEFUS/ANTERIORES/Dados_Prioritarios_Contratacoes_MCMV_FAR_FDS_RURAL_Semanal_20260529.csv
MONIT_CAD_PJ_FAR_SEMANAL_202606_041613.CSV_Error.txt,OneDrive_2026-08-19 (3).zip,__Novo MCMV - FAR/MONIT_CAD_PJ_FAR_SEMANAL_202606_041613.CSV_Error.txt,.txt,dado_tabular_ou_serializado,far,nao_identificada,2026-06,pista_semantica_mesma_frente_periodo_fonte,5,raw/sftp/fabrica/GEFUS/ANTERIORES/Dados_Prioritarios_Contratacoes_MCMV_FAR_FDS_RURAL_Semanal_20260605.csv | raw/sftp/fabrica/GEFUS/Dados_Prioritarios_Contratacoes_MCMV_FAR_FDS_RURAL_Semanal_20260612.csv | raw/sftp/fabrica/GEFUS/Dados_Prioritarios_Contratacoes_MCMV_FAR_FDS_RURAL_Semanal_20260619.csv | raw/sftp/fabrica/GEFUS/MONT_CONT_PF_FAR_20260616.csv | raw/sftp/fabrica/GEFUS/MONT_CONT_PF_FAR_LAYOUT_20260616.xlsx
MONIT_CAD_PJ_FAR_SEMANAL_202606_041658.CSV_Error.txt,OneDrive_2026-08-19 (3).zip,__Novo MCMV - FAR/MONIT_CAD_PJ_FAR_SEMANAL_202606_041658.CSV_Error.txt,.txt,dado_tabular_ou_serializado,far,nao_identificada,2026-06,pista_semantica_mesma_frente_periodo_fonte,5,raw/sftp/fabrica/GEFUS/ANTERIORES/Dados_Prioritarios_Contratacoes_MCMV_FAR_FDS_RURAL_Semanal_20260605.csv | raw/sftp/fabrica/GEFUS/Dados_Prioritarios_Contratacoes_MCMV_FAR_FDS_RURAL_Semanal_20260612.csv | raw/sftp/fabrica/GEFUS/Dados_Prioritarios_Contratacoes_MCMV_FAR_FDS_RURAL_Semanal_20260619.csv | raw/sftp/fabrica/GEFUS/MONT_CONT_PF_FAR_20260616.csv | raw/sftp/fabrica/GEFUS/MONT_CONT_PF_FAR_LAYOUT_20260616.xlsx
MONIT_CAD_PJ_FAR_SEMANAL_202606_043007.CSV_Error.txt,OneDrive_2026-08-19 (3).zip,__Novo MCMV - FAR/MONIT_CAD_PJ_FAR_SEMANAL_202606_043007.CSV_Error.txt,.txt,dado_tabular_ou_serializado,far,nao_identificada,2026-06,pista_semantica_mesma_frente_periodo_fonte,5,raw/sftp/fabrica/GEFUS/ANTERIORES/Dados_Prioritarios_Contratacoes_MCMV_FAR_FDS_RURAL_Semanal_20260605.csv | raw/sftp/fabrica/GEFUS/Dados_Prioritarios_Contratacoes_MCMV_FAR_FDS_RURAL_Semanal_20260612.csv | raw/sftp/fabrica/GEFUS/Dados_Prioritarios_Contratacoes_MCMV_FAR_FDS_RURAL_Semanal_20260619.csv | raw/sftp/fabrica/GEFUS/MONT_CONT_PF_FAR_20260616.csv | raw/sftp/fabrica/GEFUS/MONT_CONT_PF_FAR_LAYOUT_20260616.xlsx
MONIT_CAD_PJ_FAR_SEMANAL_202606_043033.CSV_Error.txt,OneDrive_2026-08-19 (3).zip,__Novo MCMV - FAR/MONIT_CAD_PJ_FAR_SEMANAL_202606_043033.CSV_Error.txt,.txt,dado_tabular_ou_serializado,far,nao_identificada,2026-06,pista_semantica_mesma_frente_periodo_fonte,5,raw/sftp/fabrica/GEFUS/ANTERIORES/Dados_Prioritarios_Contratacoes_MCMV_FAR_FDS_RURAL_Semanal_20260605.csv | raw/sftp/fabrica/GEFUS/Dados_Prioritarios_Contratacoes_MCMV_FAR_FDS_RURAL_Semanal_20260612.csv | raw/sftp/fabrica/GEFUS/Dados_Prioritarios_Contratacoes_MCMV_FAR_FDS_RURAL_Semanal_20260619.csv | raw/sftp/fabrica/GEFUS/MONT_CONT_PF_FAR_20260616.csv | raw/sftp/fabrica/GEFUS/MONT_CONT_PF_FAR_LAYOUT_20260616.xlsx
MONIT_CAD_PJ_FAR_SEMANAL_202607_041718.CSV_Error.txt,OneDrive_2026-08-19 (3).zip,__Novo MCMV - FAR/MONIT_CAD_PJ_FAR_SEMANAL_202607_041718.CSV_Error.txt,.txt,dado_tabular_ou_serializado,far,nao_identificada,2026-07,pista_semantica_mesma_frente_periodo_fonte,7,raw/sftp/fabrica/GEFUS/Dados_Prioritarios_Contratacoes_MCMV_FAR_FDS_RURAL_Semanal_20260703.csv | raw/sftp/fabrica/GEFUS/Dados_Prioritarios_Contratacoes_MCMV_FAR_FDS_RURAL_Semanal_20260710.csv | raw/sftp/fabrica/GEFUS/Dados_Prioritarios_Contratacoes_MCMV_FAR_FDS_RURAL_Semanal_20260717.csv | raw/sftp/fabrica/GEFUS/Dados_Prioritarios_Contratacoes_MCMV_FAR_FDS_RURAL_Semanal_20260724.csv | raw/sftp/fabrica/GEFUS/Dados_Prioritarios_Contratacoes_MCMV_FAR_FDS_RURAL_Semanal_20260731.csv
MONIT_CAD_PJ_FAR_SEMANAL_202607_041913.CSV_Error.txt,OneDrive_2026-08-19 (3).zip,__Novo MCMV - FAR/MONIT_CAD_PJ_FAR_SEMANAL_202607_041913.CSV_Error.txt,.txt,dado_tabular_ou_serializado,far,nao_identificada,2026-07,pista_semantica_mesma_frente_periodo_fonte,7,raw/sftp/fabrica/GEFUS/Dados_Prioritarios_Contratacoes_MCMV_FAR_FDS_RURAL_Semanal_20260703.csv | raw/sftp/fabrica/GEFUS/Dados_Prioritarios_Contratacoes_MCMV_FAR_FDS_RURAL_Semanal_20260710.csv | raw/sftp/fabrica/GEFUS/Dados_Prioritarios_Contratacoes_MCMV_FAR_FDS_RURAL_Semanal_20260717.csv | raw/sftp/fabrica/GEFUS/Dados_Prioritarios_Contratacoes_MCMV_FAR_FDS_RURAL_Semanal_20260724.csv | raw/sftp/fabrica/GEFUS/Dados_Prioritarios_Contratacoes_MCMV_FAR_FDS_RURAL_Semanal_20260731.csv
MONIT_MOV_FINANC_FAR_LAYOUT_20260401_103003.CSV_Error.txt,OneDrive_2026-08-19 (3).zip,__Novo MCMV - FAR/MONIT_MOV_FINANC_FAR_LAYOUT_20260401_103003.CSV_Error.txt,.txt,dado_tabular_ou_serializado,far,nao_identificada,2026-04,pista_semantica_mesma_frente_periodo_fonte,5,raw/sftp/fabrica/GEFUS/ANTERIORES/Dados_Prioritarios_Contratacoes_MCMV_FAR_FDS_RURAL_Semanal_20260403.csv | raw/sftp/fabrica/GEFUS/ANTERIORES/Dados_Prioritarios_Contratacoes_MCMV_FAR_FDS_RURAL_Semanal_20260410.csv | raw/sftp/fabrica/GEFUS/ANTERIORES/Dados_Prioritarios_Contratacoes_MCMV_FAR_FDS_RURAL_Semanal_20260417.csv | raw/sftp/fabrica/GEFUS/INT021_MinisterioCidades_FAR_BB_PF_20260430_CONTINGENCIA.TXT | raw/sftp/fabrica/GEFUS/INT039_MinisterioCidades_FAR_CAIXA_PF_20260430_CONTINGENCIA.TXT
MONIT_MOV_FINANC_FAR_LAYOUT_20260406_103004.CSV_Error.txt,OneDrive_2026-08-19 (3).zip,__Novo MCMV - FAR/MONIT_MOV_FINANC_FAR_LAYOUT_20260406_103004.CSV_Error.txt,.txt,dado_tabular_ou_serializado,far,nao_identificada,2026-04,pista_semantica_mesma_frente_periodo_fonte,5,raw/sftp/fabrica/GEFUS/ANTERIORES/Dados_Prioritarios_Contratacoes_MCMV_FAR_FDS_RURAL_Semanal_20260403.csv | raw/sftp/fabrica/GEFUS/ANTERIORES/Dados_Prioritarios_Contratacoes_MCMV_FAR_FDS_RURAL_Semanal_20260410.csv | raw/sftp/fabrica/GEFUS/ANTERIORES/Dados_Prioritarios_Contratacoes_MCMV_FAR_FDS_RURAL_Semanal_20260417.csv | raw/sftp/fabrica/GEFUS/INT021_MinisterioCidades_FAR_BB_PF_20260430_CONTINGENCIA.TXT | raw/sftp/fabrica/GEFUS/INT039_MinisterioCidades_FAR_CAIXA_PF_20260430_CONTINGENCIA.TXT
MONIT_MOV_FINANC_FAR_LAYOUT_20260413_103004.CSV_Error.txt,OneDrive_2026-08-19 (3).zip,__Novo MCMV - FAR/MONIT_MOV_FINANC_FAR_LAYOUT_20260413_103004.CSV_Error.txt,.txt,dado_tabular_ou_serializado,far,nao_identificada,2026-04,pista_semantica_mesma_frente_periodo_fonte,5,raw/sftp/fabrica/GEFUS/ANTERIORES/Dados_Prioritarios_Contratacoes_MCMV_FAR_FDS_RURAL_Semanal_20260403.csv | raw/sftp/fabrica/GEFUS/ANTERIORES/Dados_Prioritarios_Contratacoes_MCMV_FAR_FDS_RURAL_Semanal_20260410.csv | raw/sftp/fabrica/GEFUS/ANTERIORES/Dados_Prioritarios_Contratacoes_MCMV_FAR_FDS_RURAL_Semanal_20260417.csv | raw/sftp/fabrica/GEFUS/INT021_MinisterioCidades_FAR_BB_PF_20260430_CONTINGENCIA.TXT | raw/sftp/fabrica/GEFUS/INT039_MinisterioCidades_FAR_CAIXA_PF_20260430_CONTINGENCIA.TXT
MONIT_MOV_FINANC_FAR_LAYOUT_20260420_103008.CSV_Error.txt,OneDrive_2026-08-19 (3).zip,__Novo MCMV - FAR/MONIT_MOV_FINANC_FAR_LAYOUT_20260420_103008.CSV_Error.txt,.txt,dado_tabular_ou_serializado,far,nao_identificada,2026-04,pista_semantica_mesma_frente_periodo_fonte,5,raw/sftp/fabrica/GEFUS/ANTERIORES/Dados_Prioritarios_Contratacoes_MCMV_FAR_FDS_RURAL_Semanal_20260403.csv | raw/sftp/fabrica/GEFUS/ANTERIORES/Dados_Prioritarios_Contratacoes_MCMV_FAR_FDS_RURAL_Semanal_20260410.csv | raw/sftp/fabrica/GEFUS/ANTERIORES/Dados_Prioritarios_Contratacoes_MCMV_FAR_FDS_RURAL_Semanal_20260417.csv | raw/sftp/fabrica/GEFUS/INT021_MinisterioCidades_FAR_BB_PF_20260430_CONTINGENCIA.TXT | raw/sftp/fabrica/GEFUS/INT039_MinisterioCidades_FAR_CAIXA_PF_20260430_CONTINGENCIA.TXT
MONIT_MOV_FINANC_FAR_LAYOUT_20260427_103016.CSV_Error.txt,OneDrive_2026-08-19 (3).zip,__Novo MCMV - FAR/MONIT_MOV_FINANC_FAR_LAYOUT_20260427_103016.CSV_Error.txt,.txt,dado_tabular_ou_serializado,far,nao_identificada,2026-04,pista_semantica_mesma_frente_periodo_fonte,5,raw/sftp/fabrica/GEFUS/ANTERIORES/Dados_Prioritarios_Contratacoes_MCMV_FAR_FDS_RURAL_Semanal_20260403.csv | raw/sftp/fabrica/GEFUS/ANTERIORES/Dados_Prioritarios_Contratacoes_MCMV_FAR_FDS_RURAL_Semanal_20260410.csv | raw/sftp/fabrica/GEFUS/ANTERIORES/Dados_Prioritarios_Contratacoes_MCMV_FAR_FDS_RURAL_Semanal_20260417.csv | raw/sftp/fabrica/GEFUS/INT021_MinisterioCidades_FAR_BB_PF_20260430_CONTINGENCIA.TXT | raw/sftp/fabrica/GEFUS/INT039_MinisterioCidades_FAR_CAIXA_PF_20260430_CONTINGENCIA.TXT
MONIT_MOV_FINANC_FAR_LAYOUT_20260504_103014.CSV_Error.txt,OneDrive_2026-08-19 (3).zip,__Novo MCMV - FAR/MONIT_MOV_FINANC_FAR_LAYOUT_20260504_103014.CSV_Error.txt,.txt,dado_tabular_ou_serializado,far,nao_identificada,2026-05,pista_semantica_mesma_frente_periodo_fonte,5,raw/sftp/fabrica/GEFUS/ANTERIORES/Dados_Prioritarios_Contratacoes_MCMV_FAR_FDS_RURAL_Semanal_20260505.csv | raw/sftp/fabrica/GEFUS/ANTERIORES/Dados_Prioritarios_Contratacoes_MCMV_FAR_FDS_RURAL_Semanal_20260508.csv | raw/sftp/fabrica/GEFUS/ANTERIORES/Dados_Prioritarios_Contratacoes_MCMV_FAR_FDS_RURAL_Semanal_20260515.csv | raw/sftp/fabrica/GEFUS/ANTERIORES/Dados_Prioritarios_Contratacoes_MCMV_FAR_FDS_RURAL_Semanal_20260522.csv | raw/sftp/fabrica/GEFUS/ANTERIORES/Dados_Prioritarios_Contratacoes_MCMV_FAR_FDS_RURAL_Semanal_20260529.csv
MONIT_MOV_FINANC_FAR_LAYOUT_20260511_103003.CSV_Error.txt,OneDrive_2026-08-19 (3).zip,__Novo MCMV - FAR/MONIT_MOV_FINANC_FAR_LAYOUT_20260511_103003.CSV_Error.txt,.txt,dado_tabular_ou_serializado,far,nao_identificada,2026-05,pista_semantica_mesma_frente_periodo_fonte,5,raw/sftp/fabrica/GEFUS/ANTERIORES/Dados_Prioritarios_Contratacoes_MCMV_FAR_FDS_RURAL_Semanal_20260505.csv | raw/sftp/fabrica/GEFUS/ANTERIORES/Dados_Prioritarios_Contratacoes_MCMV_FAR_FDS_RURAL_Semanal_20260508.csv | raw/sftp/fabrica/GEFUS/ANTERIORES/Dados_Prioritarios_Contratacoes_MCMV_FAR_FDS_RURAL_Semanal_20260515.csv | raw/sftp/fabrica/GEFUS/ANTERIORES/Dados_Prioritarios_Contratacoes_MCMV_FAR_FDS_RURAL_Semanal_20260522.csv | raw/sftp/fabrica/GEFUS/ANTERIORES/Dados_Prioritarios_Contratacoes_MCMV_FAR_FDS_RURAL_Semanal_20260529.csv
MONIT_MOV_FINANC_FAR_LAYOUT_20260518_103002.CSV_Error.txt,OneDrive_2026-08-19 (3).zip,__Novo MCMV - FAR/MONIT_MOV_FINANC_FAR_LAYOUT_20260518_103002.CSV_Error.txt,.txt,dado_tabular_ou_serializado,far,nao_identificada,2026-05,pista_semantica_mesma_frente_periodo_fonte,5,raw/sftp/fabrica/GEFUS/ANTERIORES/Dados_Prioritarios_Contratacoes_MCMV_FAR_FDS_RURAL_Semanal_20260505.csv | raw/sftp/fabrica/GEFUS/ANTERIORES/Dados_Prioritarios_Contratacoes_MCMV_FAR_FDS_RURAL_Semanal_20260508.csv | raw/sftp/fabrica/GEFUS/ANTERIORES/Dados_Prioritarios_Contratacoes_MCMV_FAR_FDS_RURAL_Semanal_20260515.csv | raw/sftp/fabrica/GEFUS/ANTERIORES/Dados_Prioritarios_Contratacoes_MCMV_FAR_FDS_RURAL_Semanal_20260522.csv | raw/sftp/fabrica/GEFUS/ANTERIORES/Dados_Prioritarios_Contratacoes_MCMV_FAR_FDS_RURAL_Semanal_20260529.csv
MONIT_MOV_FINANC_FAR_LAYOUT_20260525_103004.CSV_Error.txt,OneDrive_2026-08-19 (3).zip,__Novo MCMV - FAR/MONIT_MOV_FINANC_FAR_LAYOUT_20260525_103004.CSV_Error.txt,.txt,dado_tabular_ou_serializado,far,nao_identificada,2026-05,pista_semantica_mesma_frente_periodo_fonte,5,raw/sftp/fabrica/GEFUS/ANTERIORES/Dados_Prioritarios_Contratacoes_MCMV_FAR_FDS_RURAL_Semanal_20260505.csv | raw/sftp/fabrica/GEFUS/ANTERIORES/Dados_Prioritarios_Contratacoes_MCMV_FAR_FDS_RURAL_Semanal_20260508.csv | raw/sftp/fabrica/GEFUS/ANTERIORES/Dados_Prioritarios_Contratacoes_MCMV_FAR_FDS_RURAL_Semanal_20260515.csv | raw/sftp/fabrica/GEFUS/ANTERIORES/Dados_Prioritarios_Contratacoes_MCMV_FAR_FDS_RURAL_Semanal_20260522.csv | raw/sftp/fabrica/GEFUS/ANTERIORES/Dados_Prioritarios_Contratacoes_MCMV_FAR_FDS_RURAL_Semanal_20260529.csv
MONIT_MOV_FINANC_FAR_LAYOUT_20260601_103005.CSV_Error.txt,OneDrive_2026-08-19 (3).zip,__Novo MCMV - FAR/MONIT_MOV_FINANC_FAR_LAYOUT_20260601_103005.CSV_Error.txt,.txt,dado_tabular_ou_serializado,far,nao_identificada,2026-06,pista_semantica_mesma_frente_periodo_fonte,5,raw/sftp/fabrica/GEFUS/ANTERIORES/Dados_Prioritarios_Contratacoes_MCMV_FAR_FDS_RURAL_Semanal_20260605.csv | raw/sftp/fabrica/GEFUS/Dados_Prioritarios_Contratacoes_MCMV_FAR_FDS_RURAL_Semanal_20260612.csv | raw/sftp/fabrica/GEFUS/Dados_Prioritarios_Contratacoes_MCMV_FAR_FDS_RURAL_Semanal_20260619.csv | raw/sftp/fabrica/GEFUS/MONT_CONT_PF_FAR_20260616.csv | raw/sftp/fabrica/GEFUS/MONT_CONT_PF_FAR_LAYOUT_20260616.xlsx
MONIT_MOV_FINANC_FAR_LAYOUT_20260608_103005.CSV_Error.txt,OneDrive_2026-08-19 (3).zip,__Novo MCMV - FAR/MONIT_MOV_FINANC_FAR_LAYOUT_20260608_103005.CSV_Error.txt,.txt,dado_tabular_ou_serializado,far,nao_identificada,2026-06,pista_semantica_mesma_frente_periodo_fonte,5,raw/sftp/fabrica/GEFUS/ANTERIORES/Dados_Prioritarios_Contratacoes_MCMV_FAR_FDS_RURAL_Semanal_20260605.csv | raw/sftp/fabrica/GEFUS/Dados_Prioritarios_Contratacoes_MCMV_FAR_FDS_RURAL_Semanal_20260612.csv | raw/sftp/fabrica/GEFUS/Dados_Prioritarios_Contratacoes_MCMV_FAR_FDS_RURAL_Semanal_20260619.csv | raw/sftp/fabrica/GEFUS/MONT_CONT_PF_FAR_20260616.csv | raw/sftp/fabrica/GEFUS/MONT_CONT_PF_FAR_LAYOUT_20260616.xlsx
MONIT_MOV_FINANC_FAR_LAYOUT_20260615_103005.CSV_Error.txt,OneDrive_2026-08-19 (3).zip,__Novo MCMV - FAR/MONIT_MOV_FINANC_FAR_LAYOUT_20260615_103005.CSV_Error.txt,.txt,dado_tabular_ou_serializado,far,nao_identificada,2026-06,pista_semantica_mesma_frente_periodo_fonte,5,raw/sftp/fabrica/GEFUS/ANTERIORES/Dados_Prioritarios_Contratacoes_MCMV_FAR_FDS_RURAL_Semanal_20260605.csv | raw/sftp/fabrica/GEFUS/Dados_Prioritarios_Contratacoes_MCMV_FAR_FDS_RURAL_Semanal_20260612.csv | raw/sftp/fabrica/GEFUS/Dados_Prioritarios_Contratacoes_MCMV_FAR_FDS_RURAL_Semanal_20260619.csv | raw/sftp/fabrica/GEFUS/MONT_CONT_PF_FAR_20260616.csv | raw/sftp/fabrica/GEFUS/MONT_CONT_PF_FAR_LAYOUT_20260616.xlsx
MONIT_MOV_FINANC_FAR_LAYOUT_20260622_103006.CSV_Error.txt,OneDrive_2026-08-19 (3).zip,__Novo MCMV - FAR/MONIT_MOV_FINANC_FAR_LAYOUT_20260622_103006.CSV_Error.txt,.txt,dado_tabular_ou_serializado,far,nao_identificada,2026-06,pista_semantica_mesma_frente_periodo_fonte,5,raw/sftp/fabrica/GEFUS/ANTERIORES/Dados_Prioritarios_Contratacoes_MCMV_FAR_FDS_RURAL_Semanal_20260605.csv | raw/sftp/fabrica/GEFUS/Dados_Prioritarios_Contratacoes_MCMV_FAR_FDS_RURAL_Semanal_20260612.csv | raw/sftp/fabrica/GEFUS/Dados_Prioritarios_Contratacoes_MCMV_FAR_FDS_RURAL_Semanal_20260619.csv | raw/sftp/fabrica/GEFUS/MONT_CONT_PF_FAR_20260616.csv | raw/sftp/fabrica/GEFUS/MONT_CONT_PF_FAR_LAYOUT_20260616.xlsx
MONIT_MOV_FINANC_FAR_LAYOUT_20260629_103002.CSV_Error.txt,OneDrive_2026-08-19 (3).zip,__Novo MCMV - FAR/MONIT_MOV_FINANC_FAR_LAYOUT_20260629_103002.CSV_Error.txt,.txt,dado_tabular_ou_serializado,far,nao_identificada,2026-06,pista_semantica_mesma_frente_periodo_fonte,5,raw/sftp/fabrica/GEFUS/ANTERIORES/Dados_Prioritarios_Contratacoes_MCMV_FAR_FDS_RURAL_Semanal_20260605.csv | raw/sftp/fabrica/GEFUS/Dados_Prioritarios_Contratacoes_MCMV_FAR_FDS_RURAL_Semanal_20260612.csv | raw/sftp/fabrica/GEFUS/Dados_Prioritarios_Contratacoes_MCMV_FAR_FDS_RURAL_Semanal_20260619.csv | raw/sftp/fabrica/GEFUS/MONT_CONT_PF_FAR_20260616.csv | raw/sftp/fabrica/GEFUS/MONT_CONT_PF_FAR_LAYOUT_20260616.xlsx
MONIT_MOV_FINANC_FAR_LAYOUT_20260701_103004.CSV_Error.txt,OneDrive_2026-08-19 (3).zip,__Novo MCMV - FAR/MONIT_MOV_FINANC_FAR_LAYOUT_20260701_103004.CSV_Error.txt,.txt,dado_tabular_ou_serializado,far,nao_identificada,2026-07,pista_semantica_mesma_frente_periodo_fonte,7,raw/sftp/fabrica/GEFUS/Dados_Prioritarios_Contratacoes_MCMV_FAR_FDS_RURAL_Semanal_20260703.csv | raw/sftp/fabrica/GEFUS/Dados_Prioritarios_Contratacoes_MCMV_FAR_FDS_RURAL_Semanal_20260710.csv | raw/sftp/fabrica/GEFUS/Dados_Prioritarios_Contratacoes_MCMV_FAR_FDS_RURAL_Semanal_20260717.csv | raw/sftp/fabrica/GEFUS/Dados_Prioritarios_Contratacoes_MCMV_FAR_FDS_RURAL_Semanal_20260724.csv | raw/sftp/fabrica/GEFUS/Dados_Prioritarios_Contratacoes_MCMV_FAR_FDS_RURAL_Semanal_20260731.csv
MONIT_MOV_FINANC_FAR_LAYOUT_20260706_103005.CSV_Error.txt,OneDrive_2026-08-19 (3).zip,__Novo MCMV - FAR/MONIT_MOV_FINANC_FAR_LAYOUT_20260706_103005.CSV_Error.txt,.txt,dado_tabular_ou_serializado,far,nao_identificada,2026-07,pista_semantica_mesma_frente_periodo_fonte,7,raw/sftp/fabrica/GEFUS/Dados_Prioritarios_Contratacoes_MCMV_FAR_FDS_RURAL_Semanal_20260703.csv | raw/sftp/fabrica/GEFUS/Dados_Prioritarios_Contratacoes_MCMV_FAR_FDS_RURAL_Semanal_20260710.csv | raw/sftp/fabrica/GEFUS/Dados_Prioritarios_Contratacoes_MCMV_FAR_FDS_RURAL_Semanal_20260717.csv | raw/sftp/fabrica/GEFUS/Dados_Prioritarios_Contratacoes_MCMV_FAR_FDS_RURAL_Semanal_20260724.csv | raw/sftp/fabrica/GEFUS/Dados_Prioritarios_Contratacoes_MCMV_FAR_FDS_RURAL_Semanal_20260731.csv
MONIT_MOV_FINANC_FAR_LAYOUT_20260713_103004.CSV_Error.txt,OneDrive_2026-08-19 (3).zip,__Novo MCMV - FAR/MONIT_MOV_FINANC_FAR_LAYOUT_20260713_103004.CSV_Error.txt,.txt,dado_tabular_ou_serializado,far,nao_identificada,2026-07,pista_semantica_mesma_frente_periodo_fonte,7,raw/sftp/fabrica/GEFUS/Dados_Prioritarios_Contratacoes_MCMV_FAR_FDS_RURAL_Semanal_20260703.csv | raw/sftp/fabrica/GEFUS/Dados_Prioritarios_Contratacoes_MCMV_FAR_FDS_RURAL_Semanal_20260710.csv | raw/sftp/fabrica/GEFUS/Dados_Prioritarios_Contratacoes_MCMV_FAR_FDS_RURAL_Semanal_20260717.csv | raw/sftp/fabrica/GEFUS/Dados_Prioritarios_Contratacoes_MCMV_FAR_FDS_RURAL_Semanal_20260724.csv | raw/sftp/fabrica/GEFUS/Dados_Prioritarios_Contratacoes_MCMV_FAR_FDS_RURAL_Semanal_20260731.csv
MONIT_MOV_FINANC_FAR_LAYOUT_20260720_103003.CSV_Error.txt,OneDrive_2026-08-19 (3).zip,__Novo MCMV - FAR/MONIT_MOV_FINANC_FAR_LAYOUT_20260720_103003.CSV_Error.txt,.txt,dado_tabular_ou_serializado,far,nao_identificada,2026-07,pista_semantica_mesma_frente_periodo_fonte,7,raw/sftp/fabrica/GEFUS/Dados_Prioritarios_Contratacoes_MCMV_FAR_FDS_RURAL_Semanal_20260703.csv | raw/sftp/fabrica/GEFUS/Dados_Prioritarios_Contratacoes_MCMV_FAR_FDS_RURAL_Semanal_20260710.csv | raw/sftp/fabrica/GEFUS/Dados_Prioritarios_Contratacoes_MCMV_FAR_FDS_RURAL_Semanal_20260717.csv | raw/sftp/fabrica/GEFUS/Dados_Prioritarios_Contratacoes_MCMV_FAR_FDS_RURAL_Semanal_20260724.csv | raw/sftp/fabrica/GEFUS/Dados_Prioritarios_Contratacoes_MCMV_FAR_FDS_RURAL_Semanal_20260731.csv
MONIT_MOV_FINANC_FAR_LAYOUT_20260727_103006.CSV_Error.txt,OneDrive_2026-08-19 (3).zip,__Novo MCMV - FAR/MONIT_MOV_FINANC_FAR_LAYOUT_20260727_103006.CSV_Error.txt,.txt,dado_tabular_ou_serializado,far,nao_identificada,2026-07,pista_semantica_mesma_frente_periodo_fonte,7,raw/sftp/fabrica/GEFUS/Dados_Prioritarios_Contratacoes_MCMV_FAR_FDS_RURAL_Semanal_20260703.csv | raw/sftp/fabrica/GEFUS/Dados_Prioritarios_Contratacoes_MCMV_FAR_FDS_RURAL_Semanal_20260710.csv | raw/sftp/fabrica/GEFUS/Dados_Prioritarios_Contratacoes_MCMV_FAR_FDS_RURAL_Semanal_20260717.csv | raw/sftp/fabrica/GEFUS/Dados_Prioritarios_Contratacoes_MCMV_FAR_FDS_RURAL_Semanal_20260724.csv | raw/sftp/fabrica/GEFUS/Dados_Prioritarios_Contratacoes_MCMV_FAR_FDS_RURAL_Semanal_20260731.csv
MONIT_MOV_FINANC_FAR_LAYOUT_20260803_103005.CSV_Error.txt,OneDrive_2026-08-19 (3).zip,__Novo MCMV - FAR/MONIT_MOV_FINANC_FAR_LAYOUT_20260803_103005.CSV_Error.txt,.txt,dado_tabular_ou_serializado,far,nao_identificada,2026-08,nao_encontrado_no_minio_consultado,0,
MONIT_MOV_FINANC_FAR_LAYOUT_20260810_103003.CSV_Error.txt,OneDrive_2026-08-19 (3).zip,__Novo MCMV - FAR/MONIT_MOV_FINANC_FAR_LAYOUT_20260810_103003.CSV_Error.txt,.txt,dado_tabular_ou_serializado,far,nao_identificada,2026-08,nao_encontrado_no_minio_consultado,0,
MONIT_MOV_FINANC_FAR_LAYOUT_20260817_103004.CSV_Error.txt,OneDrive_2026-08-19 (3).zip,__Novo MCMV - FAR/MONIT_MOV_FINANC_FAR_LAYOUT_20260817_103004.CSV_Error.txt,.txt,dado_tabular_ou_serializado,far,nao_identificada,2026-08,nao_encontrado_no_minio_consultado,0,
MONIT_MOV_FINANC_FAR_MENSAL_202602_103003.CSV_Error.txt,OneDrive_2026-08-19 (3).zip,__Novo MCMV - FAR/MONIT_MOV_FINANC_FAR_MENSAL_202602_103003.CSV_Error.txt,.txt,dado_tabular_ou_serializado,far,nao_identificada,2026-02,pista_semantica_mesma_frente_periodo_fonte,4,raw/sftp/fabrica/GEFUS/ANTERIORES/Dados_Prioritarios_Contratacoes_MCMV_FAR_FDS_RURAL_Semanal_20260206.csv | raw/sftp/fabrica/GEFUS/ANTERIORES/Dados_Prioritarios_Contratacoes_MCMV_FAR_FDS_RURAL_Semanal_20260213.csv | raw/sftp/fabrica/GEFUS/ANTERIORES/Dados_Prioritarios_Contratacoes_MCMV_FAR_FDS_RURAL_Semanal_20260220.csv | raw/sftp/fabrica/GEFUS/ANTERIORES/Dados_Prioritarios_Contratacoes_MCMV_FAR_FDS_RURAL_Semanal_20260227.csv
MONIT_MOV_FINANC_FAR_MENSAL_202603_103003.CSV_Error.txt,OneDrive_2026-08-19 (3).zip,__Novo MCMV - FAR/MONIT_MOV_FINANC_FAR_MENSAL_202603_103003.CSV_Error.txt,.txt,dado_tabular_ou_serializado,far,nao_identificada,2026-03,pista_semantica_mesma_frente_periodo_fonte,4,raw/sftp/fabrica/GEFUS/ANTERIORES/Dados_Prioritarios_Contratacoes_MCMV_FAR_FDS_RURAL_Semanal_20260306.csv | raw/sftp/fabrica/GEFUS/ANTERIORES/Dados_Prioritarios_Contratacoes_MCMV_FAR_FDS_RURAL_Semanal_20260313.csv | raw/sftp/fabrica/GEFUS/ANTERIORES/Dados_Prioritarios_Contratacoes_MCMV_FAR_FDS_RURAL_Semanal_20260320.csv | raw/sftp/fabrica/GEFUS/ANTERIORES/Dados_Prioritarios_Contratacoes_MCMV_FAR_FDS_RURAL_Semanal_20260327.csv
MONIT_MOV_FINANC_FAR_MENSAL_202604_103014.CSV_Error.txt,OneDrive_2026-08-19 (3).zip,__Novo MCMV - FAR/MONIT_MOV_FINANC_FAR_MENSAL_202604_103014.CSV_Error.txt,.txt,dado_tabular_ou_serializado,far,nao_identificada,2026-04,pista_semantica_mesma_frente_periodo_fonte,5,raw/sftp/fabrica/GEFUS/ANTERIORES/Dados_Prioritarios_Contratacoes_MCMV_FAR_FDS_RURAL_Semanal_20260403.csv | raw/sftp/fabrica/GEFUS/ANTERIORES/Dados_Prioritarios_Contratacoes_MCMV_FAR_FDS_RURAL_Semanal_20260410.csv | raw/sftp/fabrica/GEFUS/ANTERIORES/Dados_Prioritarios_Contratacoes_MCMV_FAR_FDS_RURAL_Semanal_20260417.csv | raw/sftp/fabrica/GEFUS/INT021_MinisterioCidades_FAR_BB_PF_20260430_CONTINGENCIA.TXT | raw/sftp/fabrica/GEFUS/INT039_MinisterioCidades_FAR_CAIXA_PF_20260430_CONTINGENCIA.TXT
MONIT_MOV_FINANC_FAR_MENSAL_202605_103005.CSV_Error.txt,OneDrive_2026-08-19 (3).zip,__Novo MCMV - FAR/MONIT_MOV_FINANC_FAR_MENSAL_202605_103005.CSV_Error.txt,.txt,dado_tabular_ou_serializado,far,nao_identificada,2026-05,pista_semantica_mesma_frente_periodo_fonte,5,raw/sftp/fabrica/GEFUS/ANTERIORES/Dados_Prioritarios_Contratacoes_MCMV_FAR_FDS_RURAL_Semanal_20260505.csv | raw/sftp/fabrica/GEFUS/ANTERIORES/Dados_Prioritarios_Contratacoes_MCMV_FAR_FDS_RURAL_Semanal_20260508.csv | raw/sftp/fabrica/GEFUS/ANTERIORES/Dados_Prioritarios_Contratacoes_MCMV_FAR_FDS_RURAL_Semanal_20260515.csv | raw/sftp/fabrica/GEFUS/ANTERIORES/Dados_Prioritarios_Contratacoes_MCMV_FAR_FDS_RURAL_Semanal_20260522.csv | raw/sftp/fabrica/GEFUS/ANTERIORES/Dados_Prioritarios_Contratacoes_MCMV_FAR_FDS_RURAL_Semanal_20260529.csv
MONIT_MOV_FINANC_FAR_MENSAL_202606_103004.CSV_Error.txt,OneDrive_2026-08-19 (3).zip,__Novo MCMV - FAR/MONIT_MOV_FINANC_FAR_MENSAL_202606_103004.CSV_Error.txt,.txt,dado_tabular_ou_serializado,far,nao_identificada,2026-06,pista_semantica_mesma_frente_periodo_fonte,5,raw/sftp/fabrica/GEFUS/ANTERIORES/Dados_Prioritarios_Contratacoes_MCMV_FAR_FDS_RURAL_Semanal_20260605.csv | raw/sftp/fabrica/GEFUS/Dados_Prioritarios_Contratacoes_MCMV_FAR_FDS_RURAL_Semanal_20260612.csv | raw/sftp/fabrica/GEFUS/Dados_Prioritarios_Contratacoes_MCMV_FAR_FDS_RURAL_Semanal_20260619.csv | raw/sftp/fabrica/GEFUS/MONT_CONT_PF_FAR_20260616.csv | raw/sftp/fabrica/GEFUS/MONT_CONT_PF_FAR_LAYOUT_20260616.xlsx
MONIT_MOV_FINANC_FAR_MENSAL_202607_103005.CSV_Error.txt,OneDrive_2026-08-19 (3).zip,__Novo MCMV - FAR/MONIT_MOV_FINANC_FAR_MENSAL_202607_103005.CSV_Error.txt,.txt,dado_tabular_ou_serializado,far,nao_identificada,2026-07,pista_semantica_mesma_frente_periodo_fonte,7,raw/sftp/fabrica/GEFUS/Dados_Prioritarios_Contratacoes_MCMV_FAR_FDS_RURAL_Semanal_20260703.csv | raw/sftp/fabrica/GEFUS/Dados_Prioritarios_Contratacoes_MCMV_FAR_FDS_RURAL_Semanal_20260710.csv | raw/sftp/fabrica/GEFUS/Dados_Prioritarios_Contratacoes_MCMV_FAR_FDS_RURAL_Semanal_20260717.csv | raw/sftp/fabrica/GEFUS/Dados_Prioritarios_Contratacoes_MCMV_FAR_FDS_RURAL_Semanal_20260724.csv | raw/sftp/fabrica/GEFUS/Dados_Prioritarios_Contratacoes_MCMV_FAR_FDS_RURAL_Semanal_20260731.csv
MONIT_MOV_FINANC_FAR_SEMANAL_20260209_103003.CSV_Error.txt,OneDrive_2026-08-19 (3).zip,__Novo MCMV - FAR/MONIT_MOV_FINANC_FAR_SEMANAL_20260209_103003.CSV_Error.txt,.txt,dado_tabular_ou_serializado,far,nao_identificada,2026-02,pista_semantica_mesma_frente_periodo_fonte,4,raw/sftp/fabrica/GEFUS/ANTERIORES/Dados_Prioritarios_Contratacoes_MCMV_FAR_FDS_RURAL_Semanal_20260206.csv | raw/sftp/fabrica/GEFUS/ANTERIORES/Dados_Prioritarios_Contratacoes_MCMV_FAR_FDS_RURAL_Semanal_20260213.csv | raw/sftp/fabrica/GEFUS/ANTERIORES/Dados_Prioritarios_Contratacoes_MCMV_FAR_FDS_RURAL_Semanal_20260220.csv | raw/sftp/fabrica/GEFUS/ANTERIORES/Dados_Prioritarios_Contratacoes_MCMV_FAR_FDS_RURAL_Semanal_20260227.csv
MONIT_MOV_FINANC_FAR_SEMANAL_20260216_103004.CSV_Error.txt,OneDrive_2026-08-19 (3).zip,__Novo MCMV - FAR/MONIT_MOV_FINANC_FAR_SEMANAL_20260216_103004.CSV_Error.txt,.txt,dado_tabular_ou_serializado,far,nao_identificada,2026-02,pista_semantica_mesma_frente_periodo_fonte,4,raw/sftp/fabrica/GEFUS/ANTERIORES/Dados_Prioritarios_Contratacoes_MCMV_FAR_FDS_RURAL_Semanal_20260206.csv | raw/sftp/fabrica/GEFUS/ANTERIORES/Dados_Prioritarios_Contratacoes_MCMV_FAR_FDS_RURAL_Semanal_20260213.csv | raw/sftp/fabrica/GEFUS/ANTERIORES/Dados_Prioritarios_Contratacoes_MCMV_FAR_FDS_RURAL_Semanal_20260220.csv | raw/sftp/fabrica/GEFUS/ANTERIORES/Dados_Prioritarios_Contratacoes_MCMV_FAR_FDS_RURAL_Semanal_20260227.csv
MONIT_MOV_FINANC_FAR_SEMANAL_20260223_103001.CSV_Error.txt,OneDrive_2026-08-19 (3).zip,__Novo MCMV - FAR/MONIT_MOV_FINANC_FAR_SEMANAL_20260223_103001.CSV_Error.txt,.txt,dado_tabular_ou_serializado,far,nao_identificada,2026-02,pista_semantica_mesma_frente_periodo_fonte,4,raw/sftp/fabrica/GEFUS/ANTERIORES/Dados_Prioritarios_Contratacoes_MCMV_FAR_FDS_RURAL_Semanal_20260206.csv | raw/sftp/fabrica/GEFUS/ANTERIORES/Dados_Prioritarios_Contratacoes_MCMV_FAR_FDS_RURAL_Semanal_20260213.csv | raw/sftp/fabrica/GEFUS/ANTERIORES/Dados_Prioritarios_Contratacoes_MCMV_FAR_FDS_RURAL_Semanal_20260220.csv | raw/sftp/fabrica/GEFUS/ANTERIORES/Dados_Prioritarios_Contratacoes_MCMV_FAR_FDS_RURAL_Semanal_20260227.csv
MONIT_MOV_FINANC_FAR_SEMANAL_202603_103004.CSV_Error.txt,OneDrive_2026-08-19 (3).zip,__Novo MCMV - FAR/MONIT_MOV_FINANC_FAR_SEMANAL_202603_103004.CSV_Error.txt,.txt,dado_tabular_ou_serializado,far,nao_identificada,2026-03,pista_semantica_mesma_frente_periodo_fonte,4,raw/sftp/fabrica/GEFUS/ANTERIORES/Dados_Prioritarios_Contratacoes_MCMV_FAR_FDS_RURAL_Semanal_20260306.csv | raw/sftp/fabrica/GEFUS/ANTERIORES/Dados_Prioritarios_Contratacoes_MCMV_FAR_FDS_RURAL_Semanal_20260313.csv | raw/sftp/fabrica/GEFUS/ANTERIORES/Dados_Prioritarios_Contratacoes_MCMV_FAR_FDS_RURAL_Semanal_20260320.csv | raw/sftp/fabrica/GEFUS/ANTERIORES/Dados_Prioritarios_Contratacoes_MCMV_FAR_FDS_RURAL_Semanal_20260327.csv
MONIT_MOV_FINANC_FAR_SEMANAL_202603_103008.CSV_Error.txt,OneDrive_2026-08-19 (3).zip,__Novo MCMV - FAR/MONIT_MOV_FINANC_FAR_SEMANAL_202603_103008.CSV_Error.txt,.txt,dado_tabular_ou_serializado,far,nao_identificada,2026-03,pista_semantica_mesma_frente_periodo_fonte,4,raw/sftp/fabrica/GEFUS/ANTERIORES/Dados_Prioritarios_Contratacoes_MCMV_FAR_FDS_RURAL_Semanal_20260306.csv | raw/sftp/fabrica/GEFUS/ANTERIORES/Dados_Prioritarios_Contratacoes_MCMV_FAR_FDS_RURAL_Semanal_20260313.csv | raw/sftp/fabrica/GEFUS/ANTERIORES/Dados_Prioritarios_Contratacoes_MCMV_FAR_FDS_RURAL_Semanal_20260320.csv | raw/sftp/fabrica/GEFUS/ANTERIORES/Dados_Prioritarios_Contratacoes_MCMV_FAR_FDS_RURAL_Semanal_20260327.csv
MONIT_MOV_FINANC_FAR_SEMANAL_202603_103016.CSV_Error.txt,OneDrive_2026-08-19 (3).zip,__Novo MCMV - FAR/MONIT_MOV_FINANC_FAR_SEMANAL_202603_103016.CSV_Error.txt,.txt,dado_tabular_ou_serializado,far,nao_identificada,2026-03,pista_semantica_mesma_frente_periodo_fonte,4,raw/sftp/fabrica/GEFUS/ANTERIORES/Dados_Prioritarios_Contratacoes_MCMV_FAR_FDS_RURAL_Semanal_20260306.csv | raw/sftp/fabrica/GEFUS/ANTERIORES/Dados_Prioritarios_Contratacoes_MCMV_FAR_FDS_RURAL_Semanal_20260313.csv | raw/sftp/fabrica/GEFUS/ANTERIORES/Dados_Prioritarios_Contratacoes_MCMV_FAR_FDS_RURAL_Semanal_20260320.csv | raw/sftp/fabrica/GEFUS/ANTERIORES/Dados_Prioritarios_Contratacoes_MCMV_FAR_FDS_RURAL_Semanal_20260327.csv
MONIT_MOV_FINANC_FAR_SEMANAL_20260302_103003.CSV_Error.txt,OneDrive_2026-08-19 (3).zip,__Novo MCMV - FAR/MONIT_MOV_FINANC_FAR_SEMANAL_20260302_103003.CSV_Error.txt,.txt,dado_tabular_ou_serializado,far,nao_identificada,2026-03,pista_semantica_mesma_frente_periodo_fonte,4,raw/sftp/fabrica/GEFUS/ANTERIORES/Dados_Prioritarios_Contratacoes_MCMV_FAR_FDS_RURAL_Semanal_20260306.csv | raw/sftp/fabrica/GEFUS/ANTERIORES/Dados_Prioritarios_Contratacoes_MCMV_FAR_FDS_RURAL_Semanal_20260313.csv | raw/sftp/fabrica/GEFUS/ANTERIORES/Dados_Prioritarios_Contratacoes_MCMV_FAR_FDS_RURAL_Semanal_20260320.csv | raw/sftp/fabrica/GEFUS/ANTERIORES/Dados_Prioritarios_Contratacoes_MCMV_FAR_FDS_RURAL_Semanal_20260327.csv
MONIT_MOV_FINANC_FAR_SEMANAL_20260309_103003.CSV_Error.txt,OneDrive_2026-08-19 (3).zip,__Novo MCMV - FAR/MONIT_MOV_FINANC_FAR_SEMANAL_20260309_103003.CSV_Error.txt,.txt,dado_tabular_ou_serializado,far,nao_identificada,2026-03,pista_semantica_mesma_frente_periodo_fonte,4,raw/sftp/fabrica/GEFUS/ANTERIORES/Dados_Prioritarios_Contratacoes_MCMV_FAR_FDS_RURAL_Semanal_20260306.csv | raw/sftp/fabrica/GEFUS/ANTERIORES/Dados_Prioritarios_Contratacoes_MCMV_FAR_FDS_RURAL_Semanal_20260313.csv | raw/sftp/fabrica/GEFUS/ANTERIORES/Dados_Prioritarios_Contratacoes_MCMV_FAR_FDS_RURAL_Semanal_20260320.csv | raw/sftp/fabrica/GEFUS/ANTERIORES/Dados_Prioritarios_Contratacoes_MCMV_FAR_FDS_RURAL_Semanal_20260327.csv
MONIT_MOV_FINANC_FAR_SEMANAL_20260316_103006.CSV_Error.txt,OneDrive_2026-08-19 (3).zip,__Novo MCMV - FAR/MONIT_MOV_FINANC_FAR_SEMANAL_20260316_103006.CSV_Error.txt,.txt,dado_tabular_ou_serializado,far,nao_identificada,2026-03,pista_semantica_mesma_frente_periodo_fonte,4,raw/sftp/fabrica/GEFUS/ANTERIORES/Dados_Prioritarios_Contratacoes_MCMV_FAR_FDS_RURAL_Semanal_20260306.csv | raw/sftp/fabrica/GEFUS/ANTERIORES/Dados_Prioritarios_Contratacoes_MCMV_FAR_FDS_RURAL_Semanal_20260313.csv | raw/sftp/fabrica/GEFUS/ANTERIORES/Dados_Prioritarios_Contratacoes_MCMV_FAR_FDS_RURAL_Semanal_20260320.csv | raw/sftp/fabrica/GEFUS/ANTERIORES/Dados_Prioritarios_Contratacoes_MCMV_FAR_FDS_RURAL_Semanal_20260327.csv
MONIT_MOV_FINANC_FAR_SEMANAL_202604_103002.CSV_Error.txt,OneDrive_2026-08-19 (3).zip,__Novo MCMV - FAR/MONIT_MOV_FINANC_FAR_SEMANAL_202604_103002.CSV_Error.txt,.txt,dado_tabular_ou_serializado,far,nao_identificada,2026-04,pista_semantica_mesma_frente_periodo_fonte,5,raw/sftp/fabrica/GEFUS/ANTERIORES/Dados_Prioritarios_Contratacoes_MCMV_FAR_FDS_RURAL_Semanal_20260403.csv | raw/sftp/fabrica/GEFUS/ANTERIORES/Dados_Prioritarios_Contratacoes_MCMV_FAR_FDS_RURAL_Semanal_20260410.csv | raw/sftp/fabrica/GEFUS/ANTERIORES/Dados_Prioritarios_Contratacoes_MCMV_FAR_FDS_RURAL_Semanal_20260417.csv | raw/sftp/fabrica/GEFUS/INT021_MinisterioCidades_FAR_BB_PF_20260430_CONTINGENCIA.TXT | raw/sftp/fabrica/GEFUS/INT039_MinisterioCidades_FAR_CAIXA_PF_20260430_CONTINGENCIA.TXT
MONIT_MOV_FINANC_FAR_SEMANAL_202604_103003.CSV_Error.txt,OneDrive_2026-08-19 (3).zip,__Novo MCMV - FAR/MONIT_MOV_FINANC_FAR_SEMANAL_202604_103003.CSV_Error.txt,.txt,dado_tabular_ou_serializado,far,nao_identificada,2026-04,pista_semantica_mesma_frente_periodo_fonte,5,raw/sftp/fabrica/GEFUS/ANTERIORES/Dados_Prioritarios_Contratacoes_MCMV_FAR_FDS_RURAL_Semanal_20260403.csv | raw/sftp/fabrica/GEFUS/ANTERIORES/Dados_Prioritarios_Contratacoes_MCMV_FAR_FDS_RURAL_Semanal_20260410.csv | raw/sftp/fabrica/GEFUS/ANTERIORES/Dados_Prioritarios_Contratacoes_MCMV_FAR_FDS_RURAL_Semanal_20260417.csv | raw/sftp/fabrica/GEFUS/INT021_MinisterioCidades_FAR_BB_PF_20260430_CONTINGENCIA.TXT | raw/sftp/fabrica/GEFUS/INT039_MinisterioCidades_FAR_CAIXA_PF_20260430_CONTINGENCIA.TXT
MONIT_MOV_FINANC_FAR_SEMANAL_202604_103004.CSV_Error.txt,OneDrive_2026-08-19 (3).zip,__Novo MCMV - FAR/MONIT_MOV_FINANC_FAR_SEMANAL_202604_103004.CSV_Error.txt,.txt,dado_tabular_ou_serializado,far,nao_identificada,2026-04,pista_semantica_mesma_frente_periodo_fonte,5,raw/sftp/fabrica/GEFUS/ANTERIORES/Dados_Prioritarios_Contratacoes_MCMV_FAR_FDS_RURAL_Semanal_20260403.csv | raw/sftp/fabrica/GEFUS/ANTERIORES/Dados_Prioritarios_Contratacoes_MCMV_FAR_FDS_RURAL_Semanal_20260410.csv | raw/sftp/fabrica/GEFUS/ANTERIORES/Dados_Prioritarios_Contratacoes_MCMV_FAR_FDS_RURAL_Semanal_20260417.csv | raw/sftp/fabrica/GEFUS/INT021_MinisterioCidades_FAR_BB_PF_20260430_CONTINGENCIA.TXT | raw/sftp/fabrica/GEFUS/INT039_MinisterioCidades_FAR_CAIXA_PF_20260430_CONTINGENCIA.TXT
MONIT_MOV_FINANC_FAR_SEMANAL_202604_103014.CSV_Error.txt,OneDrive_2026-08-19 (3).zip,__Novo MCMV - FAR/MONIT_MOV_FINANC_FAR_SEMANAL_202604_103014.CSV_Error.txt,.txt,dado_tabular_ou_serializado,far,nao_identificada,2026-04,pista_semantica_mesma_frente_periodo_fonte,5,raw/sftp/fabrica/GEFUS/ANTERIORES/Dados_Prioritarios_Contratacoes_MCMV_FAR_FDS_RURAL_Semanal_20260403.csv | raw/sftp/fabrica/GEFUS/ANTERIORES/Dados_Prioritarios_Contratacoes_MCMV_FAR_FDS_RURAL_Semanal_20260410.csv | raw/sftp/fabrica/GEFUS/ANTERIORES/Dados_Prioritarios_Contratacoes_MCMV_FAR_FDS_RURAL_Semanal_20260417.csv | raw/sftp/fabrica/GEFUS/INT021_MinisterioCidades_FAR_BB_PF_20260430_CONTINGENCIA.TXT | raw/sftp/fabrica/GEFUS/INT039_MinisterioCidades_FAR_CAIXA_PF_20260430_CONTINGENCIA.TXT
MONIT_MOV_FINANC_FAR_SEMANAL_202605_103002.CSV_Error.txt,OneDrive_2026-08-19 (3).zip,__Novo MCMV - FAR/MONIT_MOV_FINANC_FAR_SEMANAL_202605_103002.CSV_Error.txt,.txt,dado_tabular_ou_serializado,far,nao_identificada,2026-05,pista_semantica_mesma_frente_periodo_fonte,5,raw/sftp/fabrica/GEFUS/ANTERIORES/Dados_Prioritarios_Contratacoes_MCMV_FAR_FDS_RURAL_Semanal_20260505.csv | raw/sftp/fabrica/GEFUS/ANTERIORES/Dados_Prioritarios_Contratacoes_MCMV_FAR_FDS_RURAL_Semanal_20260508.csv | raw/sftp/fabrica/GEFUS/ANTERIORES/Dados_Prioritarios_Contratacoes_MCMV_FAR_FDS_RURAL_Semanal_20260515.csv | raw/sftp/fabrica/GEFUS/ANTERIORES/Dados_Prioritarios_Contratacoes_MCMV_FAR_FDS_RURAL_Semanal_20260522.csv | raw/sftp/fabrica/GEFUS/ANTERIORES/Dados_Prioritarios_Contratacoes_MCMV_FAR_FDS_RURAL_Semanal_20260529.csv
MONIT_MOV_FINANC_FAR_SEMANAL_202605_103005.CSV_Error.txt,OneDrive_2026-08-19 (3).zip,__Novo MCMV - FAR/MONIT_MOV_FINANC_FAR_SEMANAL_202605_103005.CSV_Error.txt,.txt,dado_tabular_ou_serializado,far,nao_identificada,2026-05,pista_semantica_mesma_frente_periodo_fonte,5,raw/sftp/fabrica/GEFUS/ANTERIORES/Dados_Prioritarios_Contratacoes_MCMV_FAR_FDS_RURAL_Semanal_20260505.csv | raw/sftp/fabrica/GEFUS/ANTERIORES/Dados_Prioritarios_Contratacoes_MCMV_FAR_FDS_RURAL_Semanal_20260508.csv | raw/sftp/fabrica/GEFUS/ANTERIORES/Dados_Prioritarios_Contratacoes_MCMV_FAR_FDS_RURAL_Semanal_20260515.csv | raw/sftp/fabrica/GEFUS/ANTERIORES/Dados_Prioritarios_Contratacoes_MCMV_FAR_FDS_RURAL_Semanal_20260522.csv | raw/sftp/fabrica/GEFUS/ANTERIORES/Dados_Prioritarios_Contratacoes_MCMV_FAR_FDS_RURAL_Semanal_20260529.csv
MONIT_MOV_FINANC_FAR_SEMANAL_202605_103006.CSV_Error.txt,OneDrive_2026-08-19 (3).zip,__Novo MCMV - FAR/MONIT_MOV_FINANC_FAR_SEMANAL_202605_103006.CSV_Error.txt,.txt,dado_tabular_ou_serializado,far,nao_identificada,2026-05,pista_semantica_mesma_frente_periodo_fonte,5,raw/sftp/fabrica/GEFUS/ANTERIORES/Dados_Prioritarios_Contratacoes_MCMV_FAR_FDS_RURAL_Semanal_20260505.csv | raw/sftp/fabrica/GEFUS/ANTERIORES/Dados_Prioritarios_Contratacoes_MCMV_FAR_FDS_RURAL_Semanal_20260508.csv | raw/sftp/fabrica/GEFUS/ANTERIORES/Dados_Prioritarios_Contratacoes_MCMV_FAR_FDS_RURAL_Semanal_20260515.csv | raw/sftp/fabrica/GEFUS/ANTERIORES/Dados_Prioritarios_Contratacoes_MCMV_FAR_FDS_RURAL_Semanal_20260522.csv | raw/sftp/fabrica/GEFUS/ANTERIORES/Dados_Prioritarios_Contratacoes_MCMV_FAR_FDS_RURAL_Semanal_20260529.csv
MONIT_MOV_FINANC_FAR_SEMANAL_202606_103003.CSV_Error.txt,OneDrive_2026-08-19 (3).zip,__Novo MCMV - FAR/MONIT_MOV_FINANC_FAR_SEMANAL_202606_103003.CSV_Error.txt,.txt,dado_tabular_ou_serializado,far,nao_identificada,2026-06,pista_semantica_mesma_frente_periodo_fonte,5,raw/sftp/fabrica/GEFUS/ANTERIORES/Dados_Prioritarios_Contratacoes_MCMV_FAR_FDS_RURAL_Semanal_20260605.csv | raw/sftp/fabrica/GEFUS/Dados_Prioritarios_Contratacoes_MCMV_FAR_FDS_RURAL_Semanal_20260612.csv | raw/sftp/fabrica/GEFUS/Dados_Prioritarios_Contratacoes_MCMV_FAR_FDS_RURAL_Semanal_20260619.csv | raw/sftp/fabrica/GEFUS/MONT_CONT_PF_FAR_20260616.csv | raw/sftp/fabrica/GEFUS/MONT_CONT_PF_FAR_LAYOUT_20260616.xlsx
MONIT_MOV_FINANC_FAR_SEMANAL_202606_103004.CSV_Error.txt,OneDrive_2026-08-19 (3).zip,__Novo MCMV - FAR/MONIT_MOV_FINANC_FAR_SEMANAL_202606_103004.CSV_Error.txt,.txt,dado_tabular_ou_serializado,far,nao_identificada,2026-06,pista_semantica_mesma_frente_periodo_fonte,5,raw/sftp/fabrica/GEFUS/ANTERIORES/Dados_Prioritarios_Contratacoes_MCMV_FAR_FDS_RURAL_Semanal_20260605.csv | raw/sftp/fabrica/GEFUS/Dados_Prioritarios_Contratacoes_MCMV_FAR_FDS_RURAL_Semanal_20260612.csv | raw/sftp/fabrica/GEFUS/Dados_Prioritarios_Contratacoes_MCMV_FAR_FDS_RURAL_Semanal_20260619.csv | raw/sftp/fabrica/GEFUS/MONT_CONT_PF_FAR_20260616.csv | raw/sftp/fabrica/GEFUS/MONT_CONT_PF_FAR_LAYOUT_20260616.xlsx
MONIT_MOV_FINANC_FAR_SEMANAL_202606_103005.CSV_Error.txt,OneDrive_2026-08-19 (3).zip,__Novo MCMV - FAR/MONIT_MOV_FINANC_FAR_SEMANAL_202606_103005.CSV_Error.txt,.txt,dado_tabular_ou_serializado,far,nao_identificada,2026-06,pista_semantica_mesma_frente_periodo_fonte,5,raw/sftp/fabrica/GEFUS/ANTERIORES/Dados_Prioritarios_Contratacoes_MCMV_FAR_FDS_RURAL_Semanal_20260605.csv | raw/sftp/fabrica/GEFUS/Dados_Prioritarios_Contratacoes_MCMV_FAR_FDS_RURAL_Semanal_20260612.csv | raw/sftp/fabrica/GEFUS/Dados_Prioritarios_Contratacoes_MCMV_FAR_FDS_RURAL_Semanal_20260619.csv | raw/sftp/fabrica/GEFUS/MONT_CONT_PF_FAR_20260616.csv | raw/sftp/fabrica/GEFUS/MONT_CONT_PF_FAR_LAYOUT_20260616.xlsx
MONIT_MOV_FINANC_FAR_SEMANAL_202606_103006.CSV_Error.txt,OneDrive_2026-08-19 (3).zip,__Novo MCMV - FAR/MONIT_MOV_FINANC_FAR_SEMANAL_202606_103006.CSV_Error.txt,.txt,dado_tabular_ou_serializado,far,nao_identificada,2026-06,pista_semantica_mesma_frente_periodo_fonte,5,raw/sftp/fabrica/GEFUS/ANTERIORES/Dados_Prioritarios_Contratacoes_MCMV_FAR_FDS_RURAL_Semanal_20260605.csv | raw/sftp/fabrica/GEFUS/Dados_Prioritarios_Contratacoes_MCMV_FAR_FDS_RURAL_Semanal_20260612.csv | raw/sftp/fabrica/GEFUS/Dados_Prioritarios_Contratacoes_MCMV_FAR_FDS_RURAL_Semanal_20260619.csv | raw/sftp/fabrica/GEFUS/MONT_CONT_PF_FAR_20260616.csv | raw/sftp/fabrica/GEFUS/MONT_CONT_PF_FAR_LAYOUT_20260616.xlsx
MONIT_MOV_FINANC_FAR_SEMANAL_202607_103003.CSV_Error.txt,OneDrive_2026-08-19 (3).zip,__Novo MCMV - FAR/MONIT_MOV_FINANC_FAR_SEMANAL_202607_103003.CSV_Error.txt,.txt,dado_tabular_ou_serializado,far,nao_identificada,2026-07,pista_semantica_mesma_frente_periodo_fonte,7,raw/sftp/fabrica/GEFUS/Dados_Prioritarios_Contratacoes_MCMV_FAR_FDS_RURAL_Semanal_20260703.csv | raw/sftp/fabrica/GEFUS/Dados_Prioritarios_Contratacoes_MCMV_FAR_FDS_RURAL_Semanal_20260710.csv | raw/sftp/fabrica/GEFUS/Dados_Prioritarios_Contratacoes_MCMV_FAR_FDS_RURAL_Semanal_20260717.csv | raw/sftp/fabrica/GEFUS/Dados_Prioritarios_Contratacoes_MCMV_FAR_FDS_RURAL_Semanal_20260724.csv | raw/sftp/fabrica/GEFUS/Dados_Prioritarios_Contratacoes_MCMV_FAR_FDS_RURAL_Semanal_20260731.csv
MONIT_MOV_FINANC_FAR_SEMANAL_202607_103004.CSV_Error.txt,OneDrive_2026-08-19 (3).zip,__Novo MCMV - FAR/MONIT_MOV_FINANC_FAR_SEMANAL_202607_103004.CSV_Error.txt,.txt,dado_tabular_ou_serializado,far,nao_identificada,2026-07,pista_semantica_mesma_frente_periodo_fonte,7,raw/sftp/fabrica/GEFUS/Dados_Prioritarios_Contratacoes_MCMV_FAR_FDS_RURAL_Semanal_20260703.csv | raw/sftp/fabrica/GEFUS/Dados_Prioritarios_Contratacoes_MCMV_FAR_FDS_RURAL_Semanal_20260710.csv | raw/sftp/fabrica/GEFUS/Dados_Prioritarios_Contratacoes_MCMV_FAR_FDS_RURAL_Semanal_20260717.csv | raw/sftp/fabrica/GEFUS/Dados_Prioritarios_Contratacoes_MCMV_FAR_FDS_RURAL_Semanal_20260724.csv | raw/sftp/fabrica/GEFUS/Dados_Prioritarios_Contratacoes_MCMV_FAR_FDS_RURAL_Semanal_20260731.csv
MONIT_MOV_FINANC_FAR_SEMANAL_202607_103005.CSV_Error.txt,OneDrive_2026-08-19 (3).zip,__Novo MCMV - FAR/MONIT_MOV_FINANC_FAR_SEMANAL_202607_103005.CSV_Error.txt,.txt,dado_tabular_ou_serializado,far,nao_identificada,2026-07,pista_semantica_mesma_frente_periodo_fonte,7,raw/sftp/fabrica/GEFUS/Dados_Prioritarios_Contratacoes_MCMV_FAR_FDS_RURAL_Semanal_20260703.csv | raw/sftp/fabrica/GEFUS/Dados_Prioritarios_Contratacoes_MCMV_FAR_FDS_RURAL_Semanal_20260710.csv | raw/sftp/fabrica/GEFUS/Dados_Prioritarios_Contratacoes_MCMV_FAR_FDS_RURAL_Semanal_20260717.csv | raw/sftp/fabrica/GEFUS/Dados_Prioritarios_Contratacoes_MCMV_FAR_FDS_RURAL_Semanal_20260724.csv | raw/sftp/fabrica/GEFUS/Dados_Prioritarios_Contratacoes_MCMV_FAR_FDS_RURAL_Semanal_20260731.csv
MONIT_MOV_OBRA_FAR_LAYOUT_20260302_042935.CSV_Error.txt,OneDrive_2026-08-19 (3).zip,__Novo MCMV - FAR/MONIT_MOV_OBRA_FAR_LAYOUT_20260302_042935.CSV_Error.txt,.txt,dado_tabular_ou_serializado,far,nao_identificada,2026-03,pista_semantica_mesma_frente_periodo_fonte,4,raw/sftp/fabrica/GEFUS/ANTERIORES/Dados_Prioritarios_Contratacoes_MCMV_FAR_FDS_RURAL_Semanal_20260306.csv | raw/sftp/fabrica/GEFUS/ANTERIORES/Dados_Prioritarios_Contratacoes_MCMV_FAR_FDS_RURAL_Semanal_20260313.csv | raw/sftp/fabrica/GEFUS/ANTERIORES/Dados_Prioritarios_Contratacoes_MCMV_FAR_FDS_RURAL_Semanal_20260320.csv | raw/sftp/fabrica/GEFUS/ANTERIORES/Dados_Prioritarios_Contratacoes_MCMV_FAR_FDS_RURAL_Semanal_20260327.csv
MONIT_MOV_OBRA_FAR_LAYOUT_20260330_042335.CSV_Error.txt,OneDrive_2026-08-19 (3).zip,__Novo MCMV - FAR/MONIT_MOV_OBRA_FAR_LAYOUT_20260330_042335.CSV_Error.txt,.txt,dado_tabular_ou_serializado,far,nao_identificada,2026-03,pista_semantica_mesma_frente_periodo_fonte,4,raw/sftp/fabrica/GEFUS/ANTERIORES/Dados_Prioritarios_Contratacoes_MCMV_FAR_FDS_RURAL_Semanal_20260306.csv | raw/sftp/fabrica/GEFUS/ANTERIORES/Dados_Prioritarios_Contratacoes_MCMV_FAR_FDS_RURAL_Semanal_20260313.csv | raw/sftp/fabrica/GEFUS/ANTERIORES/Dados_Prioritarios_Contratacoes_MCMV_FAR_FDS_RURAL_Semanal_20260320.csv | raw/sftp/fabrica/GEFUS/ANTERIORES/Dados_Prioritarios_Contratacoes_MCMV_FAR_FDS_RURAL_Semanal_20260327.csv
MONIT_MOV_OBRA_FAR_LAYOUT_20260401_043358.CSV_Error.txt,OneDrive_2026-08-19 (3).zip,__Novo MCMV - FAR/MONIT_MOV_OBRA_FAR_LAYOUT_20260401_043358.CSV_Error.txt,.txt,dado_tabular_ou_serializado,far,nao_identificada,2026-04,pista_semantica_mesma_frente_periodo_fonte,5,raw/sftp/fabrica/GEFUS/ANTERIORES/Dados_Prioritarios_Contratacoes_MCMV_FAR_FDS_RURAL_Semanal_20260403.csv | raw/sftp/fabrica/GEFUS/ANTERIORES/Dados_Prioritarios_Contratacoes_MCMV_FAR_FDS_RURAL_Semanal_20260410.csv | raw/sftp/fabrica/GEFUS/ANTERIORES/Dados_Prioritarios_Contratacoes_MCMV_FAR_FDS_RURAL_Semanal_20260417.csv | raw/sftp/fabrica/GEFUS/INT021_MinisterioCidades_FAR_BB_PF_20260430_CONTINGENCIA.TXT | raw/sftp/fabrica/GEFUS/INT039_MinisterioCidades_FAR_CAIXA_PF_20260430_CONTINGENCIA.TXT
MONIT_MOV_OBRA_FAR_LAYOUT_20260413_042950.CSV_Error.txt,OneDrive_2026-08-19 (3).zip,__Novo MCMV - FAR/MONIT_MOV_OBRA_FAR_LAYOUT_20260413_042950.CSV_Error.txt,.txt,dado_tabular_ou_serializado,far,nao_identificada,2026-04,pista_semantica_mesma_frente_periodo_fonte,5,raw/sftp/fabrica/GEFUS/ANTERIORES/Dados_Prioritarios_Contratacoes_MCMV_FAR_FDS_RURAL_Semanal_20260403.csv | raw/sftp/fabrica/GEFUS/ANTERIORES/Dados_Prioritarios_Contratacoes_MCMV_FAR_FDS_RURAL_Semanal_20260410.csv | raw/sftp/fabrica/GEFUS/ANTERIORES/Dados_Prioritarios_Contratacoes_MCMV_FAR_FDS_RURAL_Semanal_20260417.csv | raw/sftp/fabrica/GEFUS/INT021_MinisterioCidades_FAR_BB_PF_20260430_CONTINGENCIA.TXT | raw/sftp/fabrica/GEFUS/INT039_MinisterioCidades_FAR_CAIXA_PF_20260430_CONTINGENCIA.TXT
MONIT_MOV_OBRA_FAR_LAYOUT_20260420_044632.CSV_Error.txt,OneDrive_2026-08-19 (3).zip,__Novo MCMV - FAR/MONIT_MOV_OBRA_FAR_LAYOUT_20260420_044632.CSV_Error.txt,.txt,dado_tabular_ou_serializado,far,nao_identificada,2026-04,pista_semantica_mesma_frente_periodo_fonte,5,raw/sftp/fabrica/GEFUS/ANTERIORES/Dados_Prioritarios_Contratacoes_MCMV_FAR_FDS_RURAL_Semanal_20260403.csv | raw/sftp/fabrica/GEFUS/ANTERIORES/Dados_Prioritarios_Contratacoes_MCMV_FAR_FDS_RURAL_Semanal_20260410.csv | raw/sftp/fabrica/GEFUS/ANTERIORES/Dados_Prioritarios_Contratacoes_MCMV_FAR_FDS_RURAL_Semanal_20260417.csv | raw/sftp/fabrica/GEFUS/INT021_MinisterioCidades_FAR_BB_PF_20260430_CONTINGENCIA.TXT | raw/sftp/fabrica/GEFUS/INT039_MinisterioCidades_FAR_CAIXA_PF_20260430_CONTINGENCIA.TXT
MONIT_MOV_OBRA_FAR_LAYOUT_20260427_043754.CSV_Error.txt,OneDrive_2026-08-19 (3).zip,__Novo MCMV - FAR/MONIT_MOV_OBRA_FAR_LAYOUT_20260427_043754.CSV_Error.txt,.txt,dado_tabular_ou_serializado,far,nao_identificada,2026-04,pista_semantica_mesma_frente_periodo_fonte,5,raw/sftp/fabrica/GEFUS/ANTERIORES/Dados_Prioritarios_Contratacoes_MCMV_FAR_FDS_RURAL_Semanal_20260403.csv | raw/sftp/fabrica/GEFUS/ANTERIORES/Dados_Prioritarios_Contratacoes_MCMV_FAR_FDS_RURAL_Semanal_20260410.csv | raw/sftp/fabrica/GEFUS/ANTERIORES/Dados_Prioritarios_Contratacoes_MCMV_FAR_FDS_RURAL_Semanal_20260417.csv | raw/sftp/fabrica/GEFUS/INT021_MinisterioCidades_FAR_BB_PF_20260430_CONTINGENCIA.TXT | raw/sftp/fabrica/GEFUS/INT039_MinisterioCidades_FAR_CAIXA_PF_20260430_CONTINGENCIA.TXT
MONIT_MOV_OBRA_FAR_LAYOUT_20260504_043742.CSV_Error.txt,OneDrive_2026-08-19 (3).zip,__Novo MCMV - FAR/MONIT_MOV_OBRA_FAR_LAYOUT_20260504_043742.CSV_Error.txt,.txt,dado_tabular_ou_serializado,far,nao_identificada,2026-05,pista_semantica_mesma_frente_periodo_fonte,5,raw/sftp/fabrica/GEFUS/ANTERIORES/Dados_Prioritarios_Contratacoes_MCMV_FAR_FDS_RURAL_Semanal_20260505.csv | raw/sftp/fabrica/GEFUS/ANTERIORES/Dados_Prioritarios_Contratacoes_MCMV_FAR_FDS_RURAL_Semanal_20260508.csv | raw/sftp/fabrica/GEFUS/ANTERIORES/Dados_Prioritarios_Contratacoes_MCMV_FAR_FDS_RURAL_Semanal_20260515.csv | raw/sftp/fabrica/GEFUS/ANTERIORES/Dados_Prioritarios_Contratacoes_MCMV_FAR_FDS_RURAL_Semanal_20260522.csv | raw/sftp/fabrica/GEFUS/ANTERIORES/Dados_Prioritarios_Contratacoes_MCMV_FAR_FDS_RURAL_Semanal_20260529.csv
MONIT_MOV_OBRA_FAR_LAYOUT_20260511_043812.CSV_Error.txt,OneDrive_2026-08-19 (3).zip,__Novo MCMV - FAR/MONIT_MOV_OBRA_FAR_LAYOUT_20260511_043812.CSV_Error.txt,.txt,dado_tabular_ou_serializado,far,nao_identificada,2026-05,pista_semantica_mesma_frente_periodo_fonte,5,raw/sftp/fabrica/GEFUS/ANTERIORES/Dados_Prioritarios_Contratacoes_MCMV_FAR_FDS_RURAL_Semanal_20260505.csv | raw/sftp/fabrica/GEFUS/ANTERIORES/Dados_Prioritarios_Contratacoes_MCMV_FAR_FDS_RURAL_Semanal_20260508.csv | raw/sftp/fabrica/GEFUS/ANTERIORES/Dados_Prioritarios_Contratacoes_MCMV_FAR_FDS_RURAL_Semanal_20260515.csv | raw/sftp/fabrica/GEFUS/ANTERIORES/Dados_Prioritarios_Contratacoes_MCMV_FAR_FDS_RURAL_Semanal_20260522.csv | raw/sftp/fabrica/GEFUS/ANTERIORES/Dados_Prioritarios_Contratacoes_MCMV_FAR_FDS_RURAL_Semanal_20260529.csv
MONIT_MOV_OBRA_FAR_LAYOUT_20260518_043611.CSV_Error.txt,OneDrive_2026-08-19 (3).zip,__Novo MCMV - FAR/MONIT_MOV_OBRA_FAR_LAYOUT_20260518_043611.CSV_Error.txt,.txt,dado_tabular_ou_serializado,far,nao_identificada,2026-05,pista_semantica_mesma_frente_periodo_fonte,5,raw/sftp/fabrica/GEFUS/ANTERIORES/Dados_Prioritarios_Contratacoes_MCMV_FAR_FDS_RURAL_Semanal_20260505.csv | raw/sftp/fabrica/GEFUS/ANTERIORES/Dados_Prioritarios_Contratacoes_MCMV_FAR_FDS_RURAL_Semanal_20260508.csv | raw/sftp/fabrica/GEFUS/ANTERIORES/Dados_Prioritarios_Contratacoes_MCMV_FAR_FDS_RURAL_Semanal_20260515.csv | raw/sftp/fabrica/GEFUS/ANTERIORES/Dados_Prioritarios_Contratacoes_MCMV_FAR_FDS_RURAL_Semanal_20260522.csv | raw/sftp/fabrica/GEFUS/ANTERIORES/Dados_Prioritarios_Contratacoes_MCMV_FAR_FDS_RURAL_Semanal_20260529.csv
MONIT_MOV_OBRA_FAR_LAYOUT_20260525_043306.CSV_Error.txt,OneDrive_2026-08-19 (3).zip,__Novo MCMV - FAR/MONIT_MOV_OBRA_FAR_LAYOUT_20260525_043306.CSV_Error.txt,.txt,dado_tabular_ou_serializado,far,nao_identificada,2026-05,pista_semantica_mesma_frente_periodo_fonte,5,raw/sftp/fabrica/GEFUS/ANTERIORES/Dados_Prioritarios_Contratacoes_MCMV_FAR_FDS_RURAL_Semanal_20260505.csv | raw/sftp/fabrica/GEFUS/ANTERIORES/Dados_Prioritarios_Contratacoes_MCMV_FAR_FDS_RURAL_Semanal_20260508.csv | raw/sftp/fabrica/GEFUS/ANTERIORES/Dados_Prioritarios_Contratacoes_MCMV_FAR_FDS_RURAL_Semanal_20260515.csv | raw/sftp/fabrica/GEFUS/ANTERIORES/Dados_Prioritarios_Contratacoes_MCMV_FAR_FDS_RURAL_Semanal_20260522.csv | raw/sftp/fabrica/GEFUS/ANTERIORES/Dados_Prioritarios_Contratacoes_MCMV_FAR_FDS_RURAL_Semanal_20260529.csv
MONIT_MOV_OBRA_FAR_LAYOUT_20260601_043524.CSV_Error.txt,OneDrive_2026-08-19 (3).zip,__Novo MCMV - FAR/MONIT_MOV_OBRA_FAR_LAYOUT_20260601_043524.CSV_Error.txt,.txt,dado_tabular_ou_serializado,far,nao_identificada,2026-06,pista_semantica_mesma_frente_periodo_fonte,5,raw/sftp/fabrica/GEFUS/ANTERIORES/Dados_Prioritarios_Contratacoes_MCMV_FAR_FDS_RURAL_Semanal_20260605.csv | raw/sftp/fabrica/GEFUS/Dados_Prioritarios_Contratacoes_MCMV_FAR_FDS_RURAL_Semanal_20260612.csv | raw/sftp/fabrica/GEFUS/Dados_Prioritarios_Contratacoes_MCMV_FAR_FDS_RURAL_Semanal_20260619.csv | raw/sftp/fabrica/GEFUS/MONT_CONT_PF_FAR_20260616.csv | raw/sftp/fabrica/GEFUS/MONT_CONT_PF_FAR_LAYOUT_20260616.xlsx
MONIT_MOV_OBRA_FAR_LAYOUT_20260615_043212.CSV_Error.txt,OneDrive_2026-08-19 (3).zip,__Novo MCMV - FAR/MONIT_MOV_OBRA_FAR_LAYOUT_20260615_043212.CSV_Error.txt,.txt,dado_tabular_ou_serializado,far,nao_identificada,2026-06,pista_semantica_mesma_frente_periodo_fonte,5,raw/sftp/fabrica/GEFUS/ANTERIORES/Dados_Prioritarios_Contratacoes_MCMV_FAR_FDS_RURAL_Semanal_20260605.csv | raw/sftp/fabrica/GEFUS/Dados_Prioritarios_Contratacoes_MCMV_FAR_FDS_RURAL_Semanal_20260612.csv | raw/sftp/fabrica/GEFUS/Dados_Prioritarios_Contratacoes_MCMV_FAR_FDS_RURAL_Semanal_20260619.csv | raw/sftp/fabrica/GEFUS/MONT_CONT_PF_FAR_20260616.csv | raw/sftp/fabrica/GEFUS/MONT_CONT_PF_FAR_LAYOUT_20260616.xlsx
MONIT_MOV_OBRA_FAR_LAYOUT_20260629_042749.CSV_Error.txt,OneDrive_2026-08-19 (3).zip,__Novo MCMV - FAR/MONIT_MOV_OBRA_FAR_LAYOUT_20260629_042749.CSV_Error.txt,.txt,dado_tabular_ou_serializado,far,nao_identificada,2026-06,pista_semantica_mesma_frente_periodo_fonte,5,raw/sftp/fabrica/GEFUS/ANTERIORES/Dados_Prioritarios_Contratacoes_MCMV_FAR_FDS_RURAL_Semanal_20260605.csv | raw/sftp/fabrica/GEFUS/Dados_Prioritarios_Contratacoes_MCMV_FAR_FDS_RURAL_Semanal_20260612.csv | raw/sftp/fabrica/GEFUS/Dados_Prioritarios_Contratacoes_MCMV_FAR_FDS_RURAL_Semanal_20260619.csv | raw/sftp/fabrica/GEFUS/MONT_CONT_PF_FAR_20260616.csv | raw/sftp/fabrica/GEFUS/MONT_CONT_PF_FAR_LAYOUT_20260616.xlsx
MONIT_MOV_OBRA_FAR_LAYOUT_20260706_043033.CSV_Error.txt,OneDrive_2026-08-19 (3).zip,__Novo MCMV - FAR/MONIT_MOV_OBRA_FAR_LAYOUT_20260706_043033.CSV_Error.txt,.txt,dado_tabular_ou_serializado,far,nao_identificada,2026-07,pista_semantica_mesma_frente_periodo_fonte,7,raw/sftp/fabrica/GEFUS/Dados_Prioritarios_Contratacoes_MCMV_FAR_FDS_RURAL_Semanal_20260703.csv | raw/sftp/fabrica/GEFUS/Dados_Prioritarios_Contratacoes_MCMV_FAR_FDS_RURAL_Semanal_20260710.csv | raw/sftp/fabrica/GEFUS/Dados_Prioritarios_Contratacoes_MCMV_FAR_FDS_RURAL_Semanal_20260717.csv | raw/sftp/fabrica/GEFUS/Dados_Prioritarios_Contratacoes_MCMV_FAR_FDS_RURAL_Semanal_20260724.csv | raw/sftp/fabrica/GEFUS/Dados_Prioritarios_Contratacoes_MCMV_FAR_FDS_RURAL_Semanal_20260731.csv
MONIT_MOV_OBRA_FAR_LAYOUT_20260713_043100.CSV_Error.txt,OneDrive_2026-08-19 (3).zip,__Novo MCMV - FAR/MONIT_MOV_OBRA_FAR_LAYOUT_20260713_043100.CSV_Error.txt,.txt,dado_tabular_ou_serializado,far,nao_identificada,2026-07,pista_semantica_mesma_frente_periodo_fonte,7,raw/sftp/fabrica/GEFUS/Dados_Prioritarios_Contratacoes_MCMV_FAR_FDS_RURAL_Semanal_20260703.csv | raw/sftp/fabrica/GEFUS/Dados_Prioritarios_Contratacoes_MCMV_FAR_FDS_RURAL_Semanal_20260710.csv | raw/sftp/fabrica/GEFUS/Dados_Prioritarios_Contratacoes_MCMV_FAR_FDS_RURAL_Semanal_20260717.csv | raw/sftp/fabrica/GEFUS/Dados_Prioritarios_Contratacoes_MCMV_FAR_FDS_RURAL_Semanal_20260724.csv | raw/sftp/fabrica/GEFUS/Dados_Prioritarios_Contratacoes_MCMV_FAR_FDS_RURAL_Semanal_20260731.csv
MONIT_MOV_OBRA_FAR_LAYOUT_20260720_041640.CSV_Error.txt,OneDrive_2026-08-19 (3).zip,__Novo MCMV - FAR/MONIT_MOV_OBRA_FAR_LAYOUT_20260720_041640.CSV_Error.txt,.txt,dado_tabular_ou_serializado,far,nao_identificada,2026-07,pista_semantica_mesma_frente_periodo_fonte,7,raw/sftp/fabrica/GEFUS/Dados_Prioritarios_Contratacoes_MCMV_FAR_FDS_RURAL_Semanal_20260703.csv | raw/sftp/fabrica/GEFUS/Dados_Prioritarios_Contratacoes_MCMV_FAR_FDS_RURAL_Semanal_20260710.csv | raw/sftp/fabrica/GEFUS/Dados_Prioritarios_Contratacoes_MCMV_FAR_FDS_RURAL_Semanal_20260717.csv | raw/sftp/fabrica/GEFUS/Dados_Prioritarios_Contratacoes_MCMV_FAR_FDS_RURAL_Semanal_20260724.csv | raw/sftp/fabrica/GEFUS/Dados_Prioritarios_Contratacoes_MCMV_FAR_FDS_RURAL_Semanal_20260731.csv
MONIT_MOV_OBRA_FAR_LAYOUT_20260727_041724.CSV_Error.txt,OneDrive_2026-08-19 (3).zip,__Novo MCMV - FAR/MONIT_MOV_OBRA_FAR_LAYOUT_20260727_041724.CSV_Error.txt,.txt,dado_tabular_ou_serializado,far,nao_identificada,2026-07,pista_semantica_mesma_frente_periodo_fonte,7,raw/sftp/fabrica/GEFUS/Dados_Prioritarios_Contratacoes_MCMV_FAR_FDS_RURAL_Semanal_20260703.csv | raw/sftp/fabrica/GEFUS/Dados_Prioritarios_Contratacoes_MCMV_FAR_FDS_RURAL_Semanal_20260710.csv | raw/sftp/fabrica/GEFUS/Dados_Prioritarios_Contratacoes_MCMV_FAR_FDS_RURAL_Semanal_20260717.csv | raw/sftp/fabrica/GEFUS/Dados_Prioritarios_Contratacoes_MCMV_FAR_FDS_RURAL_Semanal_20260724.csv | raw/sftp/fabrica/GEFUS/Dados_Prioritarios_Contratacoes_MCMV_FAR_FDS_RURAL_Semanal_20260731.csv
MONIT_MOV_OBRA_FAR_LAYOUT_20260803_042006.CSV_Error.txt,OneDrive_2026-08-19 (3).zip,__Novo MCMV - FAR/MONIT_MOV_OBRA_FAR_LAYOUT_20260803_042006.CSV_Error.txt,.txt,dado_tabular_ou_serializado,far,nao_identificada,2026-08,nao_encontrado_no_minio_consultado,0,
MONIT_MOV_OBRA_FAR_LAYOUT_20260810_041744.CSV_Error.txt,OneDrive_2026-08-19 (3).zip,__Novo MCMV - FAR/MONIT_MOV_OBRA_FAR_LAYOUT_20260810_041744.CSV_Error.txt,.txt,dado_tabular_ou_serializado,far,nao_identificada,2026-08,nao_encontrado_no_minio_consultado,0,
MONIT_MOV_OBRA_FAR_MENSAL_202602_042935.CSV_Error.txt,OneDrive_2026-08-19 (3).zip,__Novo MCMV - FAR/MONIT_MOV_OBRA_FAR_MENSAL_202602_042935.CSV_Error.txt,.txt,dado_tabular_ou_serializado,far,nao_identificada,2026-02,pista_semantica_mesma_frente_periodo_fonte,4,raw/sftp/fabrica/GEFUS/ANTERIORES/Dados_Prioritarios_Contratacoes_MCMV_FAR_FDS_RURAL_Semanal_20260206.csv | raw/sftp/fabrica/GEFUS/ANTERIORES/Dados_Prioritarios_Contratacoes_MCMV_FAR_FDS_RURAL_Semanal_20260213.csv | raw/sftp/fabrica/GEFUS/ANTERIORES/Dados_Prioritarios_Contratacoes_MCMV_FAR_FDS_RURAL_Semanal_20260220.csv | raw/sftp/fabrica/GEFUS/ANTERIORES/Dados_Prioritarios_Contratacoes_MCMV_FAR_FDS_RURAL_Semanal_20260227.csv
MONIT_MOV_OBRA_FAR_MENSAL_202603_043358.CSV_Error.txt,OneDrive_2026-08-19 (3).zip,__Novo MCMV - FAR/MONIT_MOV_OBRA_FAR_MENSAL_202603_043358.CSV_Error.txt,.txt,dado_tabular_ou_serializado,far,nao_identificada,2026-03,pista_semantica_mesma_frente_periodo_fonte,4,raw/sftp/fabrica/GEFUS/ANTERIORES/Dados_Prioritarios_Contratacoes_MCMV_FAR_FDS_RURAL_Semanal_20260306.csv | raw/sftp/fabrica/GEFUS/ANTERIORES/Dados_Prioritarios_Contratacoes_MCMV_FAR_FDS_RURAL_Semanal_20260313.csv | raw/sftp/fabrica/GEFUS/ANTERIORES/Dados_Prioritarios_Contratacoes_MCMV_FAR_FDS_RURAL_Semanal_20260320.csv | raw/sftp/fabrica/GEFUS/ANTERIORES/Dados_Prioritarios_Contratacoes_MCMV_FAR_FDS_RURAL_Semanal_20260327.csv
MONIT_MOV_OBRA_FAR_MENSAL_202604_043742.CSV_Error.txt,OneDrive_2026-08-19 (3).zip,__Novo MCMV - FAR/MONIT_MOV_OBRA_FAR_MENSAL_202604_043742.CSV_Error.txt,.txt,dado_tabular_ou_serializado,far,nao_identificada,2026-04,pista_semantica_mesma_frente_periodo_fonte,5,raw/sftp/fabrica/GEFUS/ANTERIORES/Dados_Prioritarios_Contratacoes_MCMV_FAR_FDS_RURAL_Semanal_20260403.csv | raw/sftp/fabrica/GEFUS/ANTERIORES/Dados_Prioritarios_Contratacoes_MCMV_FAR_FDS_RURAL_Semanal_20260410.csv | raw/sftp/fabrica/GEFUS/ANTERIORES/Dados_Prioritarios_Contratacoes_MCMV_FAR_FDS_RURAL_Semanal_20260417.csv | raw/sftp/fabrica/GEFUS/INT021_MinisterioCidades_FAR_BB_PF_20260430_CONTINGENCIA.TXT | raw/sftp/fabrica/GEFUS/INT039_MinisterioCidades_FAR_CAIXA_PF_20260430_CONTINGENCIA.TXT
MONIT_MOV_OBRA_FAR_MENSAL_202605_043524.CSV_Error.txt,OneDrive_2026-08-19 (3).zip,__Novo MCMV - FAR/MONIT_MOV_OBRA_FAR_MENSAL_202605_043524.CSV_Error.txt,.txt,dado_tabular_ou_serializado,far,nao_identificada,2026-05,pista_semantica_mesma_frente_periodo_fonte,5,raw/sftp/fabrica/GEFUS/ANTERIORES/Dados_Prioritarios_Contratacoes_MCMV_FAR_FDS_RURAL_Semanal_20260505.csv | raw/sftp/fabrica/GEFUS/ANTERIORES/Dados_Prioritarios_Contratacoes_MCMV_FAR_FDS_RURAL_Semanal_20260508.csv | raw/sftp/fabrica/GEFUS/ANTERIORES/Dados_Prioritarios_Contratacoes_MCMV_FAR_FDS_RURAL_Semanal_20260515.csv | raw/sftp/fabrica/GEFUS/ANTERIORES/Dados_Prioritarios_Contratacoes_MCMV_FAR_FDS_RURAL_Semanal_20260522.csv | raw/sftp/fabrica/GEFUS/ANTERIORES/Dados_Prioritarios_Contratacoes_MCMV_FAR_FDS_RURAL_Semanal_20260529.csv
MONIT_MOV_OBRA_FAR_MENSAL_202607_042006.CSV_Error.txt,OneDrive_2026-08-19 (3).zip,__Novo MCMV - FAR/MONIT_MOV_OBRA_FAR_MENSAL_202607_042006.CSV_Error.txt,.txt,dado_tabular_ou_serializado,far,nao_identificada,2026-07,pista_semantica_mesma_frente_periodo_fonte,7,raw/sftp/fabrica/GEFUS/Dados_Prioritarios_Contratacoes_MCMV_FAR_FDS_RURAL_Semanal_20260703.csv | raw/sftp/fabrica/GEFUS/Dados_Prioritarios_Contratacoes_MCMV_FAR_FDS_RURAL_Semanal_20260710.csv | raw/sftp/fabrica/GEFUS/Dados_Prioritarios_Contratacoes_MCMV_FAR_FDS_RURAL_Semanal_20260717.csv | raw/sftp/fabrica/GEFUS/Dados_Prioritarios_Contratacoes_MCMV_FAR_FDS_RURAL_Semanal_20260724.csv | raw/sftp/fabrica/GEFUS/Dados_Prioritarios_Contratacoes_MCMV_FAR_FDS_RURAL_Semanal_20260731.csv
MONIT_MOV_OBRA_FAR_SEMANAL_202602_042335.CSV_Error.txt,OneDrive_2026-08-19 (3).zip,__Novo MCMV - FAR/MONIT_MOV_OBRA_FAR_SEMANAL_202602_042335.CSV_Error.txt,.txt,dado_tabular_ou_serializado,far,nao_identificada,2026-02,pista_semantica_mesma_frente_periodo_fonte,4,raw/sftp/fabrica/GEFUS/ANTERIORES/Dados_Prioritarios_Contratacoes_MCMV_FAR_FDS_RURAL_Semanal_20260206.csv | raw/sftp/fabrica/GEFUS/ANTERIORES/Dados_Prioritarios_Contratacoes_MCMV_FAR_FDS_RURAL_Semanal_20260213.csv | raw/sftp/fabrica/GEFUS/ANTERIORES/Dados_Prioritarios_Contratacoes_MCMV_FAR_FDS_RURAL_Semanal_20260220.csv | raw/sftp/fabrica/GEFUS/ANTERIORES/Dados_Prioritarios_Contratacoes_MCMV_FAR_FDS_RURAL_Semanal_20260227.csv
MONIT_MOV_OBRA_FAR_SEMANAL_20260223_043059.CSV_Error.txt,OneDrive_2026-08-19 (3).zip,__Novo MCMV - FAR/MONIT_MOV_OBRA_FAR_SEMANAL_20260223_043059.CSV_Error.txt,.txt,dado_tabular_ou_serializado,far,nao_identificada,2026-02,pista_semantica_mesma_frente_periodo_fonte,4,raw/sftp/fabrica/GEFUS/ANTERIORES/Dados_Prioritarios_Contratacoes_MCMV_FAR_FDS_RURAL_Semanal_20260206.csv | raw/sftp/fabrica/GEFUS/ANTERIORES/Dados_Prioritarios_Contratacoes_MCMV_FAR_FDS_RURAL_Semanal_20260213.csv | raw/sftp/fabrica/GEFUS/ANTERIORES/Dados_Prioritarios_Contratacoes_MCMV_FAR_FDS_RURAL_Semanal_20260220.csv | raw/sftp/fabrica/GEFUS/ANTERIORES/Dados_Prioritarios_Contratacoes_MCMV_FAR_FDS_RURAL_Semanal_20260227.csv
MONIT_MOV_OBRA_FAR_SEMANAL_202603_042950.CSV_Error.txt,OneDrive_2026-08-19 (3).zip,__Novo MCMV - FAR/MONIT_MOV_OBRA_FAR_SEMANAL_202603_042950.CSV_Error.txt,.txt,dado_tabular_ou_serializado,far,nao_identificada,2026-03,pista_semantica_mesma_frente_periodo_fonte,4,raw/sftp/fabrica/GEFUS/ANTERIORES/Dados_Prioritarios_Contratacoes_MCMV_FAR_FDS_RURAL_Semanal_20260306.csv | raw/sftp/fabrica/GEFUS/ANTERIORES/Dados_Prioritarios_Contratacoes_MCMV_FAR_FDS_RURAL_Semanal_20260313.csv | raw/sftp/fabrica/GEFUS/ANTERIORES/Dados_Prioritarios_Contratacoes_MCMV_FAR_FDS_RURAL_Semanal_20260320.csv | raw/sftp/fabrica/GEFUS/ANTERIORES/Dados_Prioritarios_Contratacoes_MCMV_FAR_FDS_RURAL_Semanal_20260327.csv
MONIT_MOV_OBRA_FAR_SEMANAL_202603_043754.CSV_Error.txt,OneDrive_2026-08-19 (3).zip,__Novo MCMV - FAR/MONIT_MOV_OBRA_FAR_SEMANAL_202603_043754.CSV_Error.txt,.txt,dado_tabular_ou_serializado,far,nao_identificada,2026-03,pista_semantica_mesma_frente_periodo_fonte,4,raw/sftp/fabrica/GEFUS/ANTERIORES/Dados_Prioritarios_Contratacoes_MCMV_FAR_FDS_RURAL_Semanal_20260306.csv | raw/sftp/fabrica/GEFUS/ANTERIORES/Dados_Prioritarios_Contratacoes_MCMV_FAR_FDS_RURAL_Semanal_20260313.csv | raw/sftp/fabrica/GEFUS/ANTERIORES/Dados_Prioritarios_Contratacoes_MCMV_FAR_FDS_RURAL_Semanal_20260320.csv | raw/sftp/fabrica/GEFUS/ANTERIORES/Dados_Prioritarios_Contratacoes_MCMV_FAR_FDS_RURAL_Semanal_20260327.csv
MONIT_MOV_OBRA_FAR_SEMANAL_202603_044632.CSV_Error.txt,OneDrive_2026-08-19 (3).zip,__Novo MCMV - FAR/MONIT_MOV_OBRA_FAR_SEMANAL_202603_044632.CSV_Error.txt,.txt,dado_tabular_ou_serializado,far,nao_identificada,2026-03,pista_semantica_mesma_frente_periodo_fonte,4,raw/sftp/fabrica/GEFUS/ANTERIORES/Dados_Prioritarios_Contratacoes_MCMV_FAR_FDS_RURAL_Semanal_20260306.csv | raw/sftp/fabrica/GEFUS/ANTERIORES/Dados_Prioritarios_Contratacoes_MCMV_FAR_FDS_RURAL_Semanal_20260313.csv | raw/sftp/fabrica/GEFUS/ANTERIORES/Dados_Prioritarios_Contratacoes_MCMV_FAR_FDS_RURAL_Semanal_20260320.csv | raw/sftp/fabrica/GEFUS/ANTERIORES/Dados_Prioritarios_Contratacoes_MCMV_FAR_FDS_RURAL_Semanal_20260327.csv
MONIT_MOV_OBRA_FAR_SEMANAL_202604_043306.CSV_Error.txt,OneDrive_2026-08-19 (3).zip,__Novo MCMV - FAR/MONIT_MOV_OBRA_FAR_SEMANAL_202604_043306.CSV_Error.txt,.txt,dado_tabular_ou_serializado,far,nao_identificada,2026-04,pista_semantica_mesma_frente_periodo_fonte,5,raw/sftp/fabrica/GEFUS/ANTERIORES/Dados_Prioritarios_Contratacoes_MCMV_FAR_FDS_RURAL_Semanal_20260403.csv | raw/sftp/fabrica/GEFUS/ANTERIORES/Dados_Prioritarios_Contratacoes_MCMV_FAR_FDS_RURAL_Semanal_20260410.csv | raw/sftp/fabrica/GEFUS/ANTERIORES/Dados_Prioritarios_Contratacoes_MCMV_FAR_FDS_RURAL_Semanal_20260417.csv | raw/sftp/fabrica/GEFUS/INT021_MinisterioCidades_FAR_BB_PF_20260430_CONTINGENCIA.TXT | raw/sftp/fabrica/GEFUS/INT039_MinisterioCidades_FAR_CAIXA_PF_20260430_CONTINGENCIA.TXT
MONIT_MOV_OBRA_FAR_SEMANAL_202604_043611.CSV_Error.txt,OneDrive_2026-08-19 (3).zip,__Novo MCMV - FAR/MONIT_MOV_OBRA_FAR_SEMANAL_202604_043611.CSV_Error.txt,.txt,dado_tabular_ou_serializado,far,nao_identificada,2026-04,pista_semantica_mesma_frente_periodo_fonte,5,raw/sftp/fabrica/GEFUS/ANTERIORES/Dados_Prioritarios_Contratacoes_MCMV_FAR_FDS_RURAL_Semanal_20260403.csv | raw/sftp/fabrica/GEFUS/ANTERIORES/Dados_Prioritarios_Contratacoes_MCMV_FAR_FDS_RURAL_Semanal_20260410.csv | raw/sftp/fabrica/GEFUS/ANTERIORES/Dados_Prioritarios_Contratacoes_MCMV_FAR_FDS_RURAL_Semanal_20260417.csv | raw/sftp/fabrica/GEFUS/INT021_MinisterioCidades_FAR_BB_PF_20260430_CONTINGENCIA.TXT | raw/sftp/fabrica/GEFUS/INT039_MinisterioCidades_FAR_CAIXA_PF_20260430_CONTINGENCIA.TXT
MONIT_MOV_OBRA_FAR_SEMANAL_202604_043742.CSV_Error.txt,OneDrive_2026-08-19 (3).zip,__Novo MCMV - FAR/MONIT_MOV_OBRA_FAR_SEMANAL_202604_043742.CSV_Error.txt,.txt,dado_tabular_ou_serializado,far,nao_identificada,2026-04,pista_semantica_mesma_frente_periodo_fonte,5,raw/sftp/fabrica/GEFUS/ANTERIORES/Dados_Prioritarios_Contratacoes_MCMV_FAR_FDS_RURAL_Semanal_20260403.csv | raw/sftp/fabrica/GEFUS/ANTERIORES/Dados_Prioritarios_Contratacoes_MCMV_FAR_FDS_RURAL_Semanal_20260410.csv | raw/sftp/fabrica/GEFUS/ANTERIORES/Dados_Prioritarios_Contratacoes_MCMV_FAR_FDS_RURAL_Semanal_20260417.csv | raw/sftp/fabrica/GEFUS/INT021_MinisterioCidades_FAR_BB_PF_20260430_CONTINGENCIA.TXT | raw/sftp/fabrica/GEFUS/INT039_MinisterioCidades_FAR_CAIXA_PF_20260430_CONTINGENCIA.TXT
MONIT_MOV_OBRA_FAR_SEMANAL_202604_043812.CSV_Error.txt,OneDrive_2026-08-19 (3).zip,__Novo MCMV - FAR/MONIT_MOV_OBRA_FAR_SEMANAL_202604_043812.CSV_Error.txt,.txt,dado_tabular_ou_serializado,far,nao_identificada,2026-04,pista_semantica_mesma_frente_periodo_fonte,5,raw/sftp/fabrica/GEFUS/ANTERIORES/Dados_Prioritarios_Contratacoes_MCMV_FAR_FDS_RURAL_Semanal_20260403.csv | raw/sftp/fabrica/GEFUS/ANTERIORES/Dados_Prioritarios_Contratacoes_MCMV_FAR_FDS_RURAL_Semanal_20260410.csv | raw/sftp/fabrica/GEFUS/ANTERIORES/Dados_Prioritarios_Contratacoes_MCMV_FAR_FDS_RURAL_Semanal_20260417.csv | raw/sftp/fabrica/GEFUS/INT021_MinisterioCidades_FAR_BB_PF_20260430_CONTINGENCIA.TXT | raw/sftp/fabrica/GEFUS/INT039_MinisterioCidades_FAR_CAIXA_PF_20260430_CONTINGENCIA.TXT
MONIT_MOV_OBRA_FAR_SEMANAL_202605_042749.CSV_Error.txt,OneDrive_2026-08-19 (3).zip,__Novo MCMV - FAR/MONIT_MOV_OBRA_FAR_SEMANAL_202605_042749.CSV_Error.txt,.txt,dado_tabular_ou_serializado,far,nao_identificada,2026-05,pista_semantica_mesma_frente_periodo_fonte,5,raw/sftp/fabrica/GEFUS/ANTERIORES/Dados_Prioritarios_Contratacoes_MCMV_FAR_FDS_RURAL_Semanal_20260505.csv | raw/sftp/fabrica/GEFUS/ANTERIORES/Dados_Prioritarios_Contratacoes_MCMV_FAR_FDS_RURAL_Semanal_20260508.csv | raw/sftp/fabrica/GEFUS/ANTERIORES/Dados_Prioritarios_Contratacoes_MCMV_FAR_FDS_RURAL_Semanal_20260515.csv | raw/sftp/fabrica/GEFUS/ANTERIORES/Dados_Prioritarios_Contratacoes_MCMV_FAR_FDS_RURAL_Semanal_20260522.csv | raw/sftp/fabrica/GEFUS/ANTERIORES/Dados_Prioritarios_Contratacoes_MCMV_FAR_FDS_RURAL_Semanal_20260529.csv
MONIT_MOV_OBRA_FAR_SEMANAL_202605_043212.CSV_Error.txt,OneDrive_2026-08-19 (3).zip,__Novo MCMV - FAR/MONIT_MOV_OBRA_FAR_SEMANAL_202605_043212.CSV_Error.txt,.txt,dado_tabular_ou_serializado,far,nao_identificada,2026-05,pista_semantica_mesma_frente_periodo_fonte,5,raw/sftp/fabrica/GEFUS/ANTERIORES/Dados_Prioritarios_Contratacoes_MCMV_FAR_FDS_RURAL_Semanal_20260505.csv | raw/sftp/fabrica/GEFUS/ANTERIORES/Dados_Prioritarios_Contratacoes_MCMV_FAR_FDS_RURAL_Semanal_20260508.csv | raw/sftp/fabrica/GEFUS/ANTERIORES/Dados_Prioritarios_Contratacoes_MCMV_FAR_FDS_RURAL_Semanal_20260515.csv | raw/sftp/fabrica/GEFUS/ANTERIORES/Dados_Prioritarios_Contratacoes_MCMV_FAR_FDS_RURAL_Semanal_20260522.csv | raw/sftp/fabrica/GEFUS/ANTERIORES/Dados_Prioritarios_Contratacoes_MCMV_FAR_FDS_RURAL_Semanal_20260529.csv
MONIT_MOV_OBRA_FAR_SEMANAL_202605_043524.CSV_Error.txt,OneDrive_2026-08-19 (3).zip,__Novo MCMV - FAR/MONIT_MOV_OBRA_FAR_SEMANAL_202605_043524.CSV_Error.txt,.txt,dado_tabular_ou_serializado,far,nao_identificada,2026-05,pista_semantica_mesma_frente_periodo_fonte,5,raw/sftp/fabrica/GEFUS/ANTERIORES/Dados_Prioritarios_Contratacoes_MCMV_FAR_FDS_RURAL_Semanal_20260505.csv | raw/sftp/fabrica/GEFUS/ANTERIORES/Dados_Prioritarios_Contratacoes_MCMV_FAR_FDS_RURAL_Semanal_20260508.csv | raw/sftp/fabrica/GEFUS/ANTERIORES/Dados_Prioritarios_Contratacoes_MCMV_FAR_FDS_RURAL_Semanal_20260515.csv | raw/sftp/fabrica/GEFUS/ANTERIORES/Dados_Prioritarios_Contratacoes_MCMV_FAR_FDS_RURAL_Semanal_20260522.csv | raw/sftp/fabrica/GEFUS/ANTERIORES/Dados_Prioritarios_Contratacoes_MCMV_FAR_FDS_RURAL_Semanal_20260529.csv
MONIT_MOV_OBRA_FAR_SEMANAL_202606_041640.CSV_Error.txt,OneDrive_2026-08-19 (3).zip,__Novo MCMV - FAR/MONIT_MOV_OBRA_FAR_SEMANAL_202606_041640.CSV_Error.txt,.txt,dado_tabular_ou_serializado,far,nao_identificada,2026-06,pista_semantica_mesma_frente_periodo_fonte,5,raw/sftp/fabrica/GEFUS/ANTERIORES/Dados_Prioritarios_Contratacoes_MCMV_FAR_FDS_RURAL_Semanal_20260605.csv | raw/sftp/fabrica/GEFUS/Dados_Prioritarios_Contratacoes_MCMV_FAR_FDS_RURAL_Semanal_20260612.csv | raw/sftp/fabrica/GEFUS/Dados_Prioritarios_Contratacoes_MCMV_FAR_FDS_RURAL_Semanal_20260619.csv | raw/sftp/fabrica/GEFUS/MONT_CONT_PF_FAR_20260616.csv | raw/sftp/fabrica/GEFUS/MONT_CONT_PF_FAR_LAYOUT_20260616.xlsx
MONIT_MOV_OBRA_FAR_SEMANAL_202606_041724.CSV_Error.txt,OneDrive_2026-08-19 (3).zip,__Novo MCMV - FAR/MONIT_MOV_OBRA_FAR_SEMANAL_202606_041724.CSV_Error.txt,.txt,dado_tabular_ou_serializado,far,nao_identificada,2026-06,pista_semantica_mesma_frente_periodo_fonte,5,raw/sftp/fabrica/GEFUS/ANTERIORES/Dados_Prioritarios_Contratacoes_MCMV_FAR_FDS_RURAL_Semanal_20260605.csv | raw/sftp/fabrica/GEFUS/Dados_Prioritarios_Contratacoes_MCMV_FAR_FDS_RURAL_Semanal_20260612.csv | raw/sftp/fabrica/GEFUS/Dados_Prioritarios_Contratacoes_MCMV_FAR_FDS_RURAL_Semanal_20260619.csv | raw/sftp/fabrica/GEFUS/MONT_CONT_PF_FAR_20260616.csv | raw/sftp/fabrica/GEFUS/MONT_CONT_PF_FAR_LAYOUT_20260616.xlsx
MONIT_MOV_OBRA_FAR_SEMANAL_202606_043033.CSV_Error.txt,OneDrive_2026-08-19 (3).zip,__Novo MCMV - FAR/MONIT_MOV_OBRA_FAR_SEMANAL_202606_043033.CSV_Error.txt,.txt,dado_tabular_ou_serializado,far,nao_identificada,2026-06,pista_semantica_mesma_frente_periodo_fonte,5,raw/sftp/fabrica/GEFUS/ANTERIORES/Dados_Prioritarios_Contratacoes_MCMV_FAR_FDS_RURAL_Semanal_20260605.csv | raw/sftp/fabrica/GEFUS/Dados_Prioritarios_Contratacoes_MCMV_FAR_FDS_RURAL_Semanal_20260612.csv | raw/sftp/fabrica/GEFUS/Dados_Prioritarios_Contratacoes_MCMV_FAR_FDS_RURAL_Semanal_20260619.csv | raw/sftp/fabrica/GEFUS/MONT_CONT_PF_FAR_20260616.csv | raw/sftp/fabrica/GEFUS/MONT_CONT_PF_FAR_LAYOUT_20260616.xlsx
MONIT_MOV_OBRA_FAR_SEMANAL_202606_043100.CSV_Error.txt,OneDrive_2026-08-19 (3).zip,__Novo MCMV - FAR/MONIT_MOV_OBRA_FAR_SEMANAL_202606_043100.CSV_Error.txt,.txt,dado_tabular_ou_serializado,far,nao_identificada,2026-06,pista_semantica_mesma_frente_periodo_fonte,5,raw/sftp/fabrica/GEFUS/ANTERIORES/Dados_Prioritarios_Contratacoes_MCMV_FAR_FDS_RURAL_Semanal_20260605.csv | raw/sftp/fabrica/GEFUS/Dados_Prioritarios_Contratacoes_MCMV_FAR_FDS_RURAL_Semanal_20260612.csv | raw/sftp/fabrica/GEFUS/Dados_Prioritarios_Contratacoes_MCMV_FAR_FDS_RURAL_Semanal_20260619.csv | raw/sftp/fabrica/GEFUS/MONT_CONT_PF_FAR_20260616.csv | raw/sftp/fabrica/GEFUS/MONT_CONT_PF_FAR_LAYOUT_20260616.xlsx
MONIT_MOV_OBRA_FAR_SEMANAL_202607_041744.CSV_Error.txt,OneDrive_2026-08-19 (3).zip,__Novo MCMV - FAR/MONIT_MOV_OBRA_FAR_SEMANAL_202607_041744.CSV_Error.txt,.txt,dado_tabular_ou_serializado,far,nao_identificada,2026-07,pista_semantica_mesma_frente_periodo_fonte,7,raw/sftp/fabrica/GEFUS/Dados_Prioritarios_Contratacoes_MCMV_FAR_FDS_RURAL_Semanal_20260703.csv | raw/sftp/fabrica/GEFUS/Dados_Prioritarios_Contratacoes_MCMV_FAR_FDS_RURAL_Semanal_20260710.csv | raw/sftp/fabrica/GEFUS/Dados_Prioritarios_Contratacoes_MCMV_FAR_FDS_RURAL_Semanal_20260717.csv | raw/sftp/fabrica/GEFUS/Dados_Prioritarios_Contratacoes_MCMV_FAR_FDS_RURAL_Semanal_20260724.csv | raw/sftp/fabrica/GEFUS/Dados_Prioritarios_Contratacoes_MCMV_FAR_FDS_RURAL_Semanal_20260731.csv
MONIT_MOV_OBRA_FAR_SEMANAL_202607_042006.CSV_Error.txt,OneDrive_2026-08-19 (3).zip,__Novo MCMV - FAR/MONIT_MOV_OBRA_FAR_SEMANAL_202607_042006.CSV_Error.txt,.txt,dado_tabular_ou_serializado,far,nao_identificada,2026-07,pista_semantica_mesma_frente_periodo_fonte,7,raw/sftp/fabrica/GEFUS/Dados_Prioritarios_Contratacoes_MCMV_FAR_FDS_RURAL_Semanal_20260703.csv | raw/sftp/fabrica/GEFUS/Dados_Prioritarios_Contratacoes_MCMV_FAR_FDS_RURAL_Semanal_20260710.csv | raw/sftp/fabrica/GEFUS/Dados_Prioritarios_Contratacoes_MCMV_FAR_FDS_RURAL_Semanal_20260717.csv | raw/sftp/fabrica/GEFUS/Dados_Prioritarios_Contratacoes_MCMV_FAR_FDS_RURAL_Semanal_20260724.csv | raw/sftp/fabrica/GEFUS/Dados_Prioritarios_Contratacoes_MCMV_FAR_FDS_RURAL_Semanal_20260731.csv
MONIT_MOV_OBRA_FDS_LAYOUT_20260401_043240.CSV_Error.txt,OneDrive_2026-08-19 (3).zip,__Novo MCMV - FAR/MONIT_MOV_OBRA_FDS_LAYOUT_20260401_043240.CSV_Error.txt,.txt,dado_tabular_ou_serializado,far,nao_identificada,2026-04,pista_semantica_mesma_frente_periodo_fonte,5,raw/sftp/fabrica/GEFUS/ANTERIORES/Dados_Prioritarios_Contratacoes_MCMV_FAR_FDS_RURAL_Semanal_20260403.csv | raw/sftp/fabrica/GEFUS/ANTERIORES/Dados_Prioritarios_Contratacoes_MCMV_FAR_FDS_RURAL_Semanal_20260410.csv | raw/sftp/fabrica/GEFUS/ANTERIORES/Dados_Prioritarios_Contratacoes_MCMV_FAR_FDS_RURAL_Semanal_20260417.csv | raw/sftp/fabrica/GEFUS/INT021_MinisterioCidades_FAR_BB_PF_20260430_CONTINGENCIA.TXT | raw/sftp/fabrica/GEFUS/INT039_MinisterioCidades_FAR_CAIXA_PF_20260430_CONTINGENCIA.TXT
MONIT_MOV_OBRA_FDS_LAYOUT_20260504_043504.CSV_Error.txt,OneDrive_2026-08-19 (3).zip,__Novo MCMV - FAR/MONIT_MOV_OBRA_FDS_LAYOUT_20260504_043504.CSV_Error.txt,.txt,dado_tabular_ou_serializado,far,nao_identificada,2026-05,pista_semantica_mesma_frente_periodo_fonte,5,raw/sftp/fabrica/GEFUS/ANTERIORES/Dados_Prioritarios_Contratacoes_MCMV_FAR_FDS_RURAL_Semanal_20260505.csv | raw/sftp/fabrica/GEFUS/ANTERIORES/Dados_Prioritarios_Contratacoes_MCMV_FAR_FDS_RURAL_Semanal_20260508.csv | raw/sftp/fabrica/GEFUS/ANTERIORES/Dados_Prioritarios_Contratacoes_MCMV_FAR_FDS_RURAL_Semanal_20260515.csv | raw/sftp/fabrica/GEFUS/ANTERIORES/Dados_Prioritarios_Contratacoes_MCMV_FAR_FDS_RURAL_Semanal_20260522.csv | raw/sftp/fabrica/GEFUS/ANTERIORES/Dados_Prioritarios_Contratacoes_MCMV_FAR_FDS_RURAL_Semanal_20260529.csv
MONIT_MOV_OBRA_FDS_LAYOUT_20260601_043312.CSV_Error.txt,OneDrive_2026-08-19 (3).zip,__Novo MCMV - FAR/MONIT_MOV_OBRA_FDS_LAYOUT_20260601_043312.CSV_Error.txt,.txt,dado_tabular_ou_serializado,far,nao_identificada,2026-06,pista_semantica_mesma_frente_periodo_fonte,5,raw/sftp/fabrica/GEFUS/ANTERIORES/Dados_Prioritarios_Contratacoes_MCMV_FAR_FDS_RURAL_Semanal_20260605.csv | raw/sftp/fabrica/GEFUS/Dados_Prioritarios_Contratacoes_MCMV_FAR_FDS_RURAL_Semanal_20260612.csv | raw/sftp/fabrica/GEFUS/Dados_Prioritarios_Contratacoes_MCMV_FAR_FDS_RURAL_Semanal_20260619.csv | raw/sftp/fabrica/GEFUS/MONT_CONT_PF_FAR_20260616.csv | raw/sftp/fabrica/GEFUS/MONT_CONT_PF_FAR_LAYOUT_20260616.xlsx
MONIT_MOV_OBRA_FDS_LAYOUT_20260803_041821.CSV_Error.txt,OneDrive_2026-08-19 (3).zip,__Novo MCMV - FAR/MONIT_MOV_OBRA_FDS_LAYOUT_20260803_041821.CSV_Error.txt,.txt,dado_tabular_ou_serializado,far,nao_identificada,2026-08,nao_encontrado_no_minio_consultado,0,
MONIT_MOV_OBRA_FDS_MENSAL_202602_042803.CSV_Error.txt,OneDrive_2026-08-19 (3).zip,__Novo MCMV - FAR/MONIT_MOV_OBRA_FDS_MENSAL_202602_042803.CSV_Error.txt,.txt,dado_tabular_ou_serializado,far,nao_identificada,2026-02,pista_semantica_mesma_frente_periodo_fonte,4,raw/sftp/fabrica/GEFUS/ANTERIORES/Dados_Prioritarios_Contratacoes_MCMV_FAR_FDS_RURAL_Semanal_20260206.csv | raw/sftp/fabrica/GEFUS/ANTERIORES/Dados_Prioritarios_Contratacoes_MCMV_FAR_FDS_RURAL_Semanal_20260213.csv | raw/sftp/fabrica/GEFUS/ANTERIORES/Dados_Prioritarios_Contratacoes_MCMV_FAR_FDS_RURAL_Semanal_20260220.csv | raw/sftp/fabrica/GEFUS/ANTERIORES/Dados_Prioritarios_Contratacoes_MCMV_FAR_FDS_RURAL_Semanal_20260227.csv
MONIT_MOV_OBRA_FDS_MENSAL_202603_043240.CSV_Error.txt,OneDrive_2026-08-19 (3).zip,__Novo MCMV - FAR/MONIT_MOV_OBRA_FDS_MENSAL_202603_043240.CSV_Error.txt,.txt,dado_tabular_ou_serializado,far,nao_identificada,2026-03,pista_semantica_mesma_frente_periodo_fonte,4,raw/sftp/fabrica/GEFUS/ANTERIORES/Dados_Prioritarios_Contratacoes_MCMV_FAR_FDS_RURAL_Semanal_20260306.csv | raw/sftp/fabrica/GEFUS/ANTERIORES/Dados_Prioritarios_Contratacoes_MCMV_FAR_FDS_RURAL_Semanal_20260313.csv | raw/sftp/fabrica/GEFUS/ANTERIORES/Dados_Prioritarios_Contratacoes_MCMV_FAR_FDS_RURAL_Semanal_20260320.csv | raw/sftp/fabrica/GEFUS/ANTERIORES/Dados_Prioritarios_Contratacoes_MCMV_FAR_FDS_RURAL_Semanal_20260327.csv
MONIT_MOV_OBRA_FDS_MENSAL_202604_043504.CSV_Error.txt,OneDrive_2026-08-19 (3).zip,__Novo MCMV - FAR/MONIT_MOV_OBRA_FDS_MENSAL_202604_043504.CSV_Error.txt,.txt,dado_tabular_ou_serializado,far,nao_identificada,2026-04,pista_semantica_mesma_frente_periodo_fonte,5,raw/sftp/fabrica/GEFUS/ANTERIORES/Dados_Prioritarios_Contratacoes_MCMV_FAR_FDS_RURAL_Semanal_20260403.csv | raw/sftp/fabrica/GEFUS/ANTERIORES/Dados_Prioritarios_Contratacoes_MCMV_FAR_FDS_RURAL_Semanal_20260410.csv | raw/sftp/fabrica/GEFUS/ANTERIORES/Dados_Prioritarios_Contratacoes_MCMV_FAR_FDS_RURAL_Semanal_20260417.csv | raw/sftp/fabrica/GEFUS/INT021_MinisterioCidades_FAR_BB_PF_20260430_CONTINGENCIA.TXT | raw/sftp/fabrica/GEFUS/INT039_MinisterioCidades_FAR_CAIXA_PF_20260430_CONTINGENCIA.TXT
MONIT_MOV_OBRA_FDS_MENSAL_202605_043312.CSV_Error.txt,OneDrive_2026-08-19 (3).zip,__Novo MCMV - FAR/MONIT_MOV_OBRA_FDS_MENSAL_202605_043312.CSV_Error.txt,.txt,dado_tabular_ou_serializado,far,nao_identificada,2026-05,pista_semantica_mesma_frente_periodo_fonte,5,raw/sftp/fabrica/GEFUS/ANTERIORES/Dados_Prioritarios_Contratacoes_MCMV_FAR_FDS_RURAL_Semanal_20260505.csv | raw/sftp/fabrica/GEFUS/ANTERIORES/Dados_Prioritarios_Contratacoes_MCMV_FAR_FDS_RURAL_Semanal_20260508.csv | raw/sftp/fabrica/GEFUS/ANTERIORES/Dados_Prioritarios_Contratacoes_MCMV_FAR_FDS_RURAL_Semanal_20260515.csv | raw/sftp/fabrica/GEFUS/ANTERIORES/Dados_Prioritarios_Contratacoes_MCMV_FAR_FDS_RURAL_Semanal_20260522.csv | raw/sftp/fabrica/GEFUS/ANTERIORES/Dados_Prioritarios_Contratacoes_MCMV_FAR_FDS_RURAL_Semanal_20260529.csv
MONIT_MOV_OBRA_FDS_MENSAL_202606_043030.CSV_Error.txt,OneDrive_2026-08-19 (3).zip,__Novo MCMV - FAR/MONIT_MOV_OBRA_FDS_MENSAL_202606_043030.CSV_Error.txt,.txt,dado_tabular_ou_serializado,far,nao_identificada,2026-06,pista_semantica_mesma_frente_periodo_fonte,5,raw/sftp/fabrica/GEFUS/ANTERIORES/Dados_Prioritarios_Contratacoes_MCMV_FAR_FDS_RURAL_Semanal_20260605.csv | raw/sftp/fabrica/GEFUS/Dados_Prioritarios_Contratacoes_MCMV_FAR_FDS_RURAL_Semanal_20260612.csv | raw/sftp/fabrica/GEFUS/Dados_Prioritarios_Contratacoes_MCMV_FAR_FDS_RURAL_Semanal_20260619.csv | raw/sftp/fabrica/GEFUS/MONT_CONT_PF_FAR_20260616.csv | raw/sftp/fabrica/GEFUS/MONT_CONT_PF_FAR_LAYOUT_20260616.xlsx
MONIT_MOV_OBRA_FDS_MENSAL_202607_041821.CSV_Error.txt,OneDrive_2026-08-19 (3).zip,__Novo MCMV - FAR/MONIT_MOV_OBRA_FDS_MENSAL_202607_041821.CSV_Error.txt,.txt,dado_tabular_ou_serializado,far,nao_identificada,2026-07,pista_semantica_mesma_frente_periodo_fonte,7,raw/sftp/fabrica/GEFUS/Dados_Prioritarios_Contratacoes_MCMV_FAR_FDS_RURAL_Semanal_20260703.csv | raw/sftp/fabrica/GEFUS/Dados_Prioritarios_Contratacoes_MCMV_FAR_FDS_RURAL_Semanal_20260710.csv | raw/sftp/fabrica/GEFUS/Dados_Prioritarios_Contratacoes_MCMV_FAR_FDS_RURAL_Semanal_20260717.csv | raw/sftp/fabrica/GEFUS/Dados_Prioritarios_Contratacoes_MCMV_FAR_FDS_RURAL_Semanal_20260724.csv | raw/sftp/fabrica/GEFUS/Dados_Prioritarios_Contratacoes_MCMV_FAR_FDS_RURAL_Semanal_20260731.csv
MONIT_MOV_OBRA_RURAL_MENSAL_202602_042644.CSV_Error.txt,OneDrive_2026-08-19 (3).zip,__Novo MCMV - FAR/MONIT_MOV_OBRA_RURAL_MENSAL_202602_042644.CSV_Error.txt,.txt,dado_tabular_ou_serializado,far,nao_identificada,2026-02,pista_semantica_mesma_frente_periodo_fonte,4,raw/sftp/fabrica/GEFUS/ANTERIORES/Dados_Prioritarios_Contratacoes_MCMV_FAR_FDS_RURAL_Semanal_20260206.csv | raw/sftp/fabrica/GEFUS/ANTERIORES/Dados_Prioritarios_Contratacoes_MCMV_FAR_FDS_RURAL_Semanal_20260213.csv | raw/sftp/fabrica/GEFUS/ANTERIORES/Dados_Prioritarios_Contratacoes_MCMV_FAR_FDS_RURAL_Semanal_20260220.csv | raw/sftp/fabrica/GEFUS/ANTERIORES/Dados_Prioritarios_Contratacoes_MCMV_FAR_FDS_RURAL_Semanal_20260227.csv
___All_Errors.txt,OneDrive_2026-08-19 (3).zip,___All_Errors.txt,.txt,dado_tabular_ou_serializado,nao_classificado,nao_identificada,,nao_encontrado_no_minio_consultado,0,
MONIT_CAD_PJ_FDS_LAYOUT_20260316_042805.CSV,OneDrive_2026-08-19 (4).zip,Novo MCMV - FDS/MONIT_CAD_PJ_FDS_LAYOUT_20260316_042805.CSV,.csv,dado_tabular_ou_serializado,entidades,nao_identificada,2026-03,nao_encontrado_no_minio_consultado,0,
MONIT_CAD_PJ_FDS_20251009_040153.csv,OneDrive_2026-08-19 (4).zip,Novo MCMV - FDS/Arquivados/Arquivo 2025 - Cad PJ/MONIT_CAD_PJ_FDS_20251009_040153.csv,.csv,dado_tabular_ou_serializado,entidades,nao_identificada,2025-10,pista_semantica_mesma_frente_periodo_fonte,2,raw/sftp/fabrica/GEFUS/ANTERIORES/INT042_MinisterioCidades_FDS_CAIXA_PF_20251031_CONTINGENCIA.TXT | raw/sftp/fabrica/GEFUS/ANTERIORES/INT059_MinisterioCidades_FDS_CAIXA_EMPREENDIMENTOS_20251031.TXT
MONIT_CAD_PJ_FDS_20251010_040156.csv,OneDrive_2026-08-19 (4).zip,Novo MCMV - FDS/Arquivados/Arquivo 2025 - Cad PJ/MONIT_CAD_PJ_FDS_20251010_040156.csv,.csv,dado_tabular_ou_serializado,entidades,nao_identificada,2025-10,pista_semantica_mesma_frente_periodo_fonte,2,raw/sftp/fabrica/GEFUS/ANTERIORES/INT042_MinisterioCidades_FDS_CAIXA_PF_20251031_CONTINGENCIA.TXT | raw/sftp/fabrica/GEFUS/ANTERIORES/INT059_MinisterioCidades_FDS_CAIXA_EMPREENDIMENTOS_20251031.TXT
MONIT_CAD_PJ_FDS_20251013_040232.csv,OneDrive_2026-08-19 (4).zip,Novo MCMV - FDS/Arquivados/Arquivo 2025 - Cad PJ/MONIT_CAD_PJ_FDS_20251013_040232.csv,.csv,dado_tabular_ou_serializado,entidades,nao_identificada,2025-10,pista_semantica_mesma_frente_periodo_fonte,2,raw/sftp/fabrica/GEFUS/ANTERIORES/INT042_MinisterioCidades_FDS_CAIXA_PF_20251031_CONTINGENCIA.TXT | raw/sftp/fabrica/GEFUS/ANTERIORES/INT059_MinisterioCidades_FDS_CAIXA_EMPREENDIMENTOS_20251031.TXT
MONIT_CAD_PJ_FDS_20251014_040211.csv,OneDrive_2026-08-19 (4).zip,Novo MCMV - FDS/Arquivados/Arquivo 2025 - Cad PJ/MONIT_CAD_PJ_FDS_20251014_040211.csv,.csv,dado_tabular_ou_serializado,entidades,nao_identificada,2025-10,pista_semantica_mesma_frente_periodo_fonte,2,raw/sftp/fabrica/GEFUS/ANTERIORES/INT042_MinisterioCidades_FDS_CAIXA_PF_20251031_CONTINGENCIA.TXT | raw/sftp/fabrica/GEFUS/ANTERIORES/INT059_MinisterioCidades_FDS_CAIXA_EMPREENDIMENTOS_20251031.TXT
MONIT_CAD_PJ_FDS_20251015_040228.csv,OneDrive_2026-08-19 (4).zip,Novo MCMV - FDS/Arquivados/Arquivo 2025 - Cad PJ/MONIT_CAD_PJ_FDS_20251015_040228.csv,.csv,dado_tabular_ou_serializado,entidades,nao_identificada,2025-10,pista_semantica_mesma_frente_periodo_fonte,2,raw/sftp/fabrica/GEFUS/ANTERIORES/INT042_MinisterioCidades_FDS_CAIXA_PF_20251031_CONTINGENCIA.TXT | raw/sftp/fabrica/GEFUS/ANTERIORES/INT059_MinisterioCidades_FDS_CAIXA_EMPREENDIMENTOS_20251031.TXT
MONIT_CAD_PJ_FDS_20251016_040202.csv,OneDrive_2026-08-19 (4).zip,Novo MCMV - FDS/Arquivados/Arquivo 2025 - Cad PJ/MONIT_CAD_PJ_FDS_20251016_040202.csv,.csv,dado_tabular_ou_serializado,entidades,nao_identificada,2025-10,pista_semantica_mesma_frente_periodo_fonte,2,raw/sftp/fabrica/GEFUS/ANTERIORES/INT042_MinisterioCidades_FDS_CAIXA_PF_20251031_CONTINGENCIA.TXT | raw/sftp/fabrica/GEFUS/ANTERIORES/INT059_MinisterioCidades_FDS_CAIXA_EMPREENDIMENTOS_20251031.TXT
MONIT_CAD_PJ_FDS_20251017_040310.csv,OneDrive_2026-08-19 (4).zip,Novo MCMV - FDS/Arquivados/Arquivo 2025 - Cad PJ/MONIT_CAD_PJ_FDS_20251017_040310.csv,.csv,dado_tabular_ou_serializado,entidades,nao_identificada,2025-10,pista_semantica_mesma_frente_periodo_fonte,2,raw/sftp/fabrica/GEFUS/ANTERIORES/INT042_MinisterioCidades_FDS_CAIXA_PF_20251031_CONTINGENCIA.TXT | raw/sftp/fabrica/GEFUS/ANTERIORES/INT059_MinisterioCidades_FDS_CAIXA_EMPREENDIMENTOS_20251031.TXT
MONIT_CAD_PJ_FDS_20251020_040234.csv,OneDrive_2026-08-19 (4).zip,Novo MCMV - FDS/Arquivados/Arquivo 2025 - Cad PJ/MONIT_CAD_PJ_FDS_20251020_040234.csv,.csv,dado_tabular_ou_serializado,entidades,nao_identificada,2025-10,pista_semantica_mesma_frente_periodo_fonte,2,raw/sftp/fabrica/GEFUS/ANTERIORES/INT042_MinisterioCidades_FDS_CAIXA_PF_20251031_CONTINGENCIA.TXT | raw/sftp/fabrica/GEFUS/ANTERIORES/INT059_MinisterioCidades_FDS_CAIXA_EMPREENDIMENTOS_20251031.TXT
MONIT_CAD_PJ_FDS_20251023_040259.csv,OneDrive_2026-08-19 (4).zip,Novo MCMV - FDS/Arquivados/Arquivo 2025 - Cad PJ/MONIT_CAD_PJ_FDS_20251023_040259.csv,.csv,dado_tabular_ou_serializado,entidades,nao_identificada,2025-10,pista_semantica_mesma_frente_periodo_fonte,2,raw/sftp/fabrica/GEFUS/ANTERIORES/INT042_MinisterioCidades_FDS_CAIXA_PF_20251031_CONTINGENCIA.TXT | raw/sftp/fabrica/GEFUS/ANTERIORES/INT059_MinisterioCidades_FDS_CAIXA_EMPREENDIMENTOS_20251031.TXT
MONIT_CAD_PJ_FDS_20251024_040323.csv,OneDrive_2026-08-19 (4).zip,Novo MCMV - FDS/Arquivados/Arquivo 2025 - Cad PJ/MONIT_CAD_PJ_FDS_20251024_040323.csv,.csv,dado_tabular_ou_serializado,entidades,nao_identificada,2025-10,pista_semantica_mesma_frente_periodo_fonte,2,raw/sftp/fabrica/GEFUS/ANTERIORES/INT042_MinisterioCidades_FDS_CAIXA_PF_20251031_CONTINGENCIA.TXT | raw/sftp/fabrica/GEFUS/ANTERIORES/INT059_MinisterioCidades_FDS_CAIXA_EMPREENDIMENTOS_20251031.TXT
MONIT_CAD_PJ_FDS_20251027_040226.csv,OneDrive_2026-08-19 (4).zip,Novo MCMV - FDS/Arquivados/Arquivo 2025 - Cad PJ/MONIT_CAD_PJ_FDS_20251027_040226.csv,.csv,dado_tabular_ou_serializado,entidades,nao_identificada,2025-10,pista_semantica_mesma_frente_periodo_fonte,2,raw/sftp/fabrica/GEFUS/ANTERIORES/INT042_MinisterioCidades_FDS_CAIXA_PF_20251031_CONTINGENCIA.TXT | raw/sftp/fabrica/GEFUS/ANTERIORES/INT059_MinisterioCidades_FDS_CAIXA_EMPREENDIMENTOS_20251031.TXT
MONIT_CAD_PJ_FDS_20251028_040235.csv,OneDrive_2026-08-19 (4).zip,Novo MCMV - FDS/Arquivados/Arquivo 2025 - Cad PJ/MONIT_CAD_PJ_FDS_20251028_040235.csv,.csv,dado_tabular_ou_serializado,entidades,nao_identificada,2025-10,pista_semantica_mesma_frente_periodo_fonte,2,raw/sftp/fabrica/GEFUS/ANTERIORES/INT042_MinisterioCidades_FDS_CAIXA_PF_20251031_CONTINGENCIA.TXT | raw/sftp/fabrica/GEFUS/ANTERIORES/INT059_MinisterioCidades_FDS_CAIXA_EMPREENDIMENTOS_20251031.TXT
MONIT_CAD_PJ_FDS_20251029_040234.csv,OneDrive_2026-08-19 (4).zip,Novo MCMV - FDS/Arquivados/Arquivo 2025 - Cad PJ/MONIT_CAD_PJ_FDS_20251029_040234.csv,.csv,dado_tabular_ou_serializado,entidades,nao_identificada,2025-10,pista_semantica_mesma_frente_periodo_fonte,2,raw/sftp/fabrica/GEFUS/ANTERIORES/INT042_MinisterioCidades_FDS_CAIXA_PF_20251031_CONTINGENCIA.TXT | raw/sftp/fabrica/GEFUS/ANTERIORES/INT059_MinisterioCidades_FDS_CAIXA_EMPREENDIMENTOS_20251031.TXT
MONIT_CAD_PJ_FDS_20251030_040216.csv,OneDrive_2026-08-19 (4).zip,Novo MCMV - FDS/Arquivados/Arquivo 2025 - Cad PJ/MONIT_CAD_PJ_FDS_20251030_040216.csv,.csv,dado_tabular_ou_serializado,entidades,nao_identificada,2025-10,pista_semantica_mesma_frente_periodo_fonte,2,raw/sftp/fabrica/GEFUS/ANTERIORES/INT042_MinisterioCidades_FDS_CAIXA_PF_20251031_CONTINGENCIA.TXT | raw/sftp/fabrica/GEFUS/ANTERIORES/INT059_MinisterioCidades_FDS_CAIXA_EMPREENDIMENTOS_20251031.TXT
MONIT_CAD_PJ_FDS_20251031_040236.csv,OneDrive_2026-08-19 (4).zip,Novo MCMV - FDS/Arquivados/Arquivo 2025 - Cad PJ/MONIT_CAD_PJ_FDS_20251031_040236.csv,.csv,dado_tabular_ou_serializado,entidades,nao_identificada,2025-10,pista_semantica_mesma_frente_periodo_fonte,2,raw/sftp/fabrica/GEFUS/ANTERIORES/INT042_MinisterioCidades_FDS_CAIXA_PF_20251031_CONTINGENCIA.TXT | raw/sftp/fabrica/GEFUS/ANTERIORES/INT059_MinisterioCidades_FDS_CAIXA_EMPREENDIMENTOS_20251031.TXT
MONIT_CAD_PJ_FDS_20251103_040236.csv,OneDrive_2026-08-19 (4).zip,Novo MCMV - FDS/Arquivados/Arquivo 2025 - Cad PJ/MONIT_CAD_PJ_FDS_20251103_040236.csv,.csv,dado_tabular_ou_serializado,entidades,nao_identificada,2025-11,pista_semantica_mesma_frente_periodo_fonte,1,raw/sftp/fabrica/GEFUS/ANTERIORES/INT042_MinisterioCidades_FDS_CAIXA_PF_20251128_CONTINGENCIA.TXT
MONIT_CAD_PJ_FDS_20251104_040210.csv,OneDrive_2026-08-19 (4).zip,Novo MCMV - FDS/Arquivados/Arquivo 2025 - Cad PJ/MONIT_CAD_PJ_FDS_20251104_040210.csv,.csv,dado_tabular_ou_serializado,entidades,nao_identificada,2025-11,pista_semantica_mesma_frente_periodo_fonte,1,raw/sftp/fabrica/GEFUS/ANTERIORES/INT042_MinisterioCidades_FDS_CAIXA_PF_20251128_CONTINGENCIA.TXT
MONIT_CAD_PJ_FDS_20251105_040238.csv,OneDrive_2026-08-19 (4).zip,Novo MCMV - FDS/Arquivados/Arquivo 2025 - Cad PJ/MONIT_CAD_PJ_FDS_20251105_040238.csv,.csv,dado_tabular_ou_serializado,entidades,nao_identificada,2025-11,pista_semantica_mesma_frente_periodo_fonte,1,raw/sftp/fabrica/GEFUS/ANTERIORES/INT042_MinisterioCidades_FDS_CAIXA_PF_20251128_CONTINGENCIA.TXT
MONIT_CAD_PJ_FDS_20251106_040228.csv,OneDrive_2026-08-19 (4).zip,Novo MCMV - FDS/Arquivados/Arquivo 2025 - Cad PJ/MONIT_CAD_PJ_FDS_20251106_040228.csv,.csv,dado_tabular_ou_serializado,entidades,nao_identificada,2025-11,pista_semantica_mesma_frente_periodo_fonte,1,raw/sftp/fabrica/GEFUS/ANTERIORES/INT042_MinisterioCidades_FDS_CAIXA_PF_20251128_CONTINGENCIA.TXT
MONIT_CAD_PJ_FDS_20251107_040334.csv,OneDrive_2026-08-19 (4).zip,Novo MCMV - FDS/Arquivados/Arquivo 2025 - Cad PJ/MONIT_CAD_PJ_FDS_20251107_040334.csv,.csv,dado_tabular_ou_serializado,entidades,nao_identificada,2025-11,pista_semantica_mesma_frente_periodo_fonte,1,raw/sftp/fabrica/GEFUS/ANTERIORES/INT042_MinisterioCidades_FDS_CAIXA_PF_20251128_CONTINGENCIA.TXT
MONIT_CAD_PJ_FDS_20251110_040412.csv,OneDrive_2026-08-19 (4).zip,Novo MCMV - FDS/Arquivados/Arquivo 2025 - Cad PJ/MONIT_CAD_PJ_FDS_20251110_040412.csv,.csv,dado_tabular_ou_serializado,entidades,nao_identificada,2025-11,pista_semantica_mesma_frente_periodo_fonte,1,raw/sftp/fabrica/GEFUS/ANTERIORES/INT042_MinisterioCidades_FDS_CAIXA_PF_20251128_CONTINGENCIA.TXT
MONIT_CAD_PJ_FDS_20251110_040412_revSNH.xlsx,OneDrive_2026-08-19 (4).zip,Novo MCMV - FDS/Arquivados/Arquivo 2025 - Cad PJ/MONIT_CAD_PJ_FDS_20251110_040412_revSNH.xlsx,.xlsx,dado_tabular_ou_serializado,entidades,nao_identificada,2025-11,pista_semantica_mesma_frente_periodo_fonte,1,raw/sftp/fabrica/GEFUS/ANTERIORES/INT042_MinisterioCidades_FDS_CAIXA_PF_20251128_CONTINGENCIA.TXT
MONIT_CAD_PJ_FDS_20251111_040715.csv,OneDrive_2026-08-19 (4).zip,Novo MCMV - FDS/Arquivados/Arquivo 2025 - Cad PJ/MONIT_CAD_PJ_FDS_20251111_040715.csv,.csv,dado_tabular_ou_serializado,entidades,nao_identificada,2025-11,pista_semantica_mesma_frente_periodo_fonte,1,raw/sftp/fabrica/GEFUS/ANTERIORES/INT042_MinisterioCidades_FDS_CAIXA_PF_20251128_CONTINGENCIA.TXT
MONIT_CAD_PJ_FDS_20251114_041551.csv,OneDrive_2026-08-19 (4).zip,Novo MCMV - FDS/Arquivados/Arquivo 2025 - Cad PJ/MONIT_CAD_PJ_FDS_20251114_041551.csv,.csv,dado_tabular_ou_serializado,entidades,nao_identificada,2025-11,pista_semantica_mesma_frente_periodo_fonte,1,raw/sftp/fabrica/GEFUS/ANTERIORES/INT042_MinisterioCidades_FDS_CAIXA_PF_20251128_CONTINGENCIA.TXT
MONIT_CAD_PJ_FDS_20251117_041057.csv,OneDrive_2026-08-19 (4).zip,Novo MCMV - FDS/Arquivados/Arquivo 2025 - Cad PJ/MONIT_CAD_PJ_FDS_20251117_041057.csv,.csv,dado_tabular_ou_serializado,entidades,nao_identificada,2025-11,pista_semantica_mesma_frente_periodo_fonte,1,raw/sftp/fabrica/GEFUS/ANTERIORES/INT042_MinisterioCidades_FDS_CAIXA_PF_20251128_CONTINGENCIA.TXT
MONIT_CAD_PJ_FDS_20251119_040954.csv,OneDrive_2026-08-19 (4).zip,Novo MCMV - FDS/Arquivados/Arquivo 2025 - Cad PJ/MONIT_CAD_PJ_FDS_20251119_040954.csv,.csv,dado_tabular_ou_serializado,entidades,nao_identificada,2025-11,pista_semantica_mesma_frente_periodo_fonte,1,raw/sftp/fabrica/GEFUS/ANTERIORES/INT042_MinisterioCidades_FDS_CAIXA_PF_20251128_CONTINGENCIA.TXT
MONIT_CAD_PJ_FDS_20251120_040917.csv,OneDrive_2026-08-19 (4).zip,Novo MCMV - FDS/Arquivados/Arquivo 2025 - Cad PJ/MONIT_CAD_PJ_FDS_20251120_040917.csv,.csv,dado_tabular_ou_serializado,entidades,nao_identificada,2025-11,pista_semantica_mesma_frente_periodo_fonte,1,raw/sftp/fabrica/GEFUS/ANTERIORES/INT042_MinisterioCidades_FDS_CAIXA_PF_20251128_CONTINGENCIA.TXT
MONIT_CAD_PJ_FDS_20251121_041000.csv,OneDrive_2026-08-19 (4).zip,Novo MCMV - FDS/Arquivados/Arquivo 2025 - Cad PJ/MONIT_CAD_PJ_FDS_20251121_041000.csv,.csv,dado_tabular_ou_serializado,entidades,nao_identificada,2025-11,pista_semantica_mesma_frente_periodo_fonte,1,raw/sftp/fabrica/GEFUS/ANTERIORES/INT042_MinisterioCidades_FDS_CAIXA_PF_20251128_CONTINGENCIA.TXT
MONIT_CAD_PJ_FDS_20251124_040951.csv,OneDrive_2026-08-19 (4).zip,Novo MCMV - FDS/Arquivados/Arquivo 2025 - Cad PJ/MONIT_CAD_PJ_FDS_20251124_040951.csv,.csv,dado_tabular_ou_serializado,entidades,nao_identificada,2025-11,pista_semantica_mesma_frente_periodo_fonte,1,raw/sftp/fabrica/GEFUS/ANTERIORES/INT042_MinisterioCidades_FDS_CAIXA_PF_20251128_CONTINGENCIA.TXT
MONIT_CAD_PJ_FDS_20251125_040922.csv,OneDrive_2026-08-19 (4).zip,Novo MCMV - FDS/Arquivados/Arquivo 2025 - Cad PJ/MONIT_CAD_PJ_FDS_20251125_040922.csv,.csv,dado_tabular_ou_serializado,entidades,nao_identificada,2025-11,pista_semantica_mesma_frente_periodo_fonte,1,raw/sftp/fabrica/GEFUS/ANTERIORES/INT042_MinisterioCidades_FDS_CAIXA_PF_20251128_CONTINGENCIA.TXT
MONIT_CAD_PJ_FDS_20251126_041015.csv,OneDrive_2026-08-19 (4).zip,Novo MCMV - FDS/Arquivados/Arquivo 2025 - Cad PJ/MONIT_CAD_PJ_FDS_20251126_041015.csv,.csv,dado_tabular_ou_serializado,entidades,nao_identificada,2025-11,pista_semantica_mesma_frente_periodo_fonte,1,raw/sftp/fabrica/GEFUS/ANTERIORES/INT042_MinisterioCidades_FDS_CAIXA_PF_20251128_CONTINGENCIA.TXT
MONIT_CAD_PJ_FDS_20251127_041040.csv,OneDrive_2026-08-19 (4).zip,Novo MCMV - FDS/Arquivados/Arquivo 2025 - Cad PJ/MONIT_CAD_PJ_FDS_20251127_041040.csv,.csv,dado_tabular_ou_serializado,entidades,nao_identificada,2025-11,pista_semantica_mesma_frente_periodo_fonte,1,raw/sftp/fabrica/GEFUS/ANTERIORES/INT042_MinisterioCidades_FDS_CAIXA_PF_20251128_CONTINGENCIA.TXT
MONIT_CAD_PJ_FDS_20251128_041040.csv,OneDrive_2026-08-19 (4).zip,Novo MCMV - FDS/Arquivados/Arquivo 2025 - Cad PJ/MONIT_CAD_PJ_FDS_20251128_041040.csv,.csv,dado_tabular_ou_serializado,entidades,nao_identificada,2025-11,pista_semantica_mesma_frente_periodo_fonte,1,raw/sftp/fabrica/GEFUS/ANTERIORES/INT042_MinisterioCidades_FDS_CAIXA_PF_20251128_CONTINGENCIA.TXT
MONIT_CAD_PJ_FDS_20251201_041012.csv,OneDrive_2026-08-19 (4).zip,Novo MCMV - FDS/Arquivados/Arquivo 2025 - Cad PJ/MONIT_CAD_PJ_FDS_20251201_041012.csv,.csv,dado_tabular_ou_serializado,entidades,nao_identificada,2025-12,pista_semantica_mesma_frente_periodo_fonte,1,raw/sftp/fabrica/GEFUS/ANTERIORES/INT059_MinisterioCidades_FDS_CAIXA_EMPREENDIMENTOS_20251230.TXT
MONIT_CAD_PJ_FDS_20251202_041000.csv,OneDrive_2026-08-19 (4).zip,Novo MCMV - FDS/Arquivados/Arquivo 2025 - Cad PJ/MONIT_CAD_PJ_FDS_20251202_041000.csv,.csv,dado_tabular_ou_serializado,entidades,nao_identificada,2025-12,pista_semantica_mesma_frente_periodo_fonte,1,raw/sftp/fabrica/GEFUS/ANTERIORES/INT059_MinisterioCidades_FDS_CAIXA_EMPREENDIMENTOS_20251230.TXT
MONIT_CAD_PJ_FDS_20251203_040956.csv,OneDrive_2026-08-19 (4).zip,Novo MCMV - FDS/Arquivados/Arquivo 2025 - Cad PJ/MONIT_CAD_PJ_FDS_20251203_040956.csv,.csv,dado_tabular_ou_serializado,entidades,nao_identificada,2025-12,pista_semantica_mesma_frente_periodo_fonte,1,raw/sftp/fabrica/GEFUS/ANTERIORES/INT059_MinisterioCidades_FDS_CAIXA_EMPREENDIMENTOS_20251230.TXT
MONIT_CAD_PJ_FDS_20251204_041004.csv,OneDrive_2026-08-19 (4).zip,Novo MCMV - FDS/Arquivados/Arquivo 2025 - Cad PJ/MONIT_CAD_PJ_FDS_20251204_041004.csv,.csv,dado_tabular_ou_serializado,entidades,nao_identificada,2025-12,pista_semantica_mesma_frente_periodo_fonte,1,raw/sftp/fabrica/GEFUS/ANTERIORES/INT059_MinisterioCidades_FDS_CAIXA_EMPREENDIMENTOS_20251230.TXT
MONIT_CAD_PJ_FDS_20251208_041011.csv,OneDrive_2026-08-19 (4).zip,Novo MCMV - FDS/Arquivados/Arquivo 2025 - Cad PJ/MONIT_CAD_PJ_FDS_20251208_041011.csv,.csv,dado_tabular_ou_serializado,entidades,nao_identificada,2025-12,pista_semantica_mesma_frente_periodo_fonte,1,raw/sftp/fabrica/GEFUS/ANTERIORES/INT059_MinisterioCidades_FDS_CAIXA_EMPREENDIMENTOS_20251230.TXT
MONIT_CAD_PJ_FDS_20251210_041130.csv,OneDrive_2026-08-19 (4).zip,Novo MCMV - FDS/Arquivados/Arquivo 2025 - Cad PJ/MONIT_CAD_PJ_FDS_20251210_041130.csv,.csv,dado_tabular_ou_serializado,entidades,nao_identificada,2025-12,pista_semantica_mesma_frente_periodo_fonte,1,raw/sftp/fabrica/GEFUS/ANTERIORES/INT059_MinisterioCidades_FDS_CAIXA_EMPREENDIMENTOS_20251230.TXT
MONIT_CAD_PJ_FDS_20251211_040910.csv,OneDrive_2026-08-19 (4).zip,Novo MCMV - FDS/Arquivados/Arquivo 2025 - Cad PJ/MONIT_CAD_PJ_FDS_20251211_040910.csv,.csv,dado_tabular_ou_serializado,entidades,nao_identificada,2025-12,pista_semantica_mesma_frente_periodo_fonte,1,raw/sftp/fabrica/GEFUS/ANTERIORES/INT059_MinisterioCidades_FDS_CAIXA_EMPREENDIMENTOS_20251230.TXT
MONIT_CAD_PJ_FDS_20251212_144040.csv,OneDrive_2026-08-19 (4).zip,Novo MCMV - FDS/Arquivados/Arquivo 2025 - Cad PJ/MONIT_CAD_PJ_FDS_20251212_144040.csv,.csv,dado_tabular_ou_serializado,entidades,nao_identificada,2025-12,pista_semantica_mesma_frente_periodo_fonte,1,raw/sftp/fabrica/GEFUS/ANTERIORES/INT059_MinisterioCidades_FDS_CAIXA_EMPREENDIMENTOS_20251230.TXT
MONIT_CAD_PJ_FDS_20251215_040950.csv,OneDrive_2026-08-19 (4).zip,Novo MCMV - FDS/Arquivados/Arquivo 2025 - Cad PJ/MONIT_CAD_PJ_FDS_20251215_040950.csv,.csv,dado_tabular_ou_serializado,entidades,nao_identificada,2025-12,pista_semantica_mesma_frente_periodo_fonte,1,raw/sftp/fabrica/GEFUS/ANTERIORES/INT059_MinisterioCidades_FDS_CAIXA_EMPREENDIMENTOS_20251230.TXT
MONIT_CAD_PJ_FDS_20251216_040901.csv,OneDrive_2026-08-19 (4).zip,Novo MCMV - FDS/Arquivados/Arquivo 2025 - Cad PJ/MONIT_CAD_PJ_FDS_20251216_040901.csv,.csv,dado_tabular_ou_serializado,entidades,nao_identificada,2025-12,pista_semantica_mesma_frente_periodo_fonte,1,raw/sftp/fabrica/GEFUS/ANTERIORES/INT059_MinisterioCidades_FDS_CAIXA_EMPREENDIMENTOS_20251230.TXT
MONIT_CAD_PJ_FDS_20251217_040949.csv,OneDrive_2026-08-19 (4).zip,Novo MCMV - FDS/Arquivados/Arquivo 2025 - Cad PJ/MONIT_CAD_PJ_FDS_20251217_040949.csv,.csv,dado_tabular_ou_serializado,entidades,nao_identificada,2025-12,pista_semantica_mesma_frente_periodo_fonte,1,raw/sftp/fabrica/GEFUS/ANTERIORES/INT059_MinisterioCidades_FDS_CAIXA_EMPREENDIMENTOS_20251230.TXT
MONIT_CAD_PJ_FDS_20251218_040903.csv,OneDrive_2026-08-19 (4).zip,Novo MCMV - FDS/Arquivados/Arquivo 2025 - Cad PJ/MONIT_CAD_PJ_FDS_20251218_040903.csv,.csv,dado_tabular_ou_serializado,entidades,nao_identificada,2025-12,pista_semantica_mesma_frente_periodo_fonte,1,raw/sftp/fabrica/GEFUS/ANTERIORES/INT059_MinisterioCidades_FDS_CAIXA_EMPREENDIMENTOS_20251230.TXT
MONIT_CAD_PJ_FDS_20251219_041010.csv,OneDrive_2026-08-19 (4).zip,Novo MCMV - FDS/Arquivados/Arquivo 2025 - Cad PJ/MONIT_CAD_PJ_FDS_20251219_041010.csv,.csv,dado_tabular_ou_serializado,entidades,nao_identificada,2025-12,pista_semantica_mesma_frente_periodo_fonte,1,raw/sftp/fabrica/GEFUS/ANTERIORES/INT059_MinisterioCidades_FDS_CAIXA_EMPREENDIMENTOS_20251230.TXT
MONIT_CAD_PJ_FDS_20251224_040922.csv,OneDrive_2026-08-19 (4).zip,Novo MCMV - FDS/Arquivados/Arquivo 2025 - Cad PJ/MONIT_CAD_PJ_FDS_20251224_040922.csv,.csv,dado_tabular_ou_serializado,entidades,nao_identificada,2025-12,pista_semantica_mesma_frente_periodo_fonte,1,raw/sftp/fabrica/GEFUS/ANTERIORES/INT059_MinisterioCidades_FDS_CAIXA_EMPREENDIMENTOS_20251230.TXT
MONIT_CAD_PJ_FDS_DIARIO_20251229_113203.CSV,OneDrive_2026-08-19 (4).zip,Novo MCMV - FDS/Arquivados/Arquivo 2025 - Cad PJ/MONIT_CAD_PJ_FDS_DIARIO_20251229_113203.CSV,.csv,dado_tabular_ou_serializado,entidades,nao_identificada,2025-12,pista_semantica_mesma_frente_periodo_fonte,1,raw/sftp/fabrica/GEFUS/ANTERIORES/INT059_MinisterioCidades_FDS_CAIXA_EMPREENDIMENTOS_20251230.TXT
MONIT_CAD_PJ_FDS_DIARIO_20260101_040850.CSV,OneDrive_2026-08-19 (4).zip,Novo MCMV - FDS/Arquivados/Arquivo 2025 - Cad PJ/MONIT_CAD_PJ_FDS_DIARIO_20260101_040850.CSV,.csv,dado_tabular_ou_serializado,entidades,nao_identificada,2026-01,nao_encontrado_no_minio_consultado,0,
MONIT_CAD_PJ_FDS_DIARIO_20260105_040923.CSV,OneDrive_2026-08-19 (4).zip,Novo MCMV - FDS/Arquivados/Arquivo 2025 - Cad PJ/MONIT_CAD_PJ_FDS_DIARIO_20260105_040923.CSV,.csv,dado_tabular_ou_serializado,entidades,nao_identificada,2026-01,nao_encontrado_no_minio_consultado,0,
MONIT_CAD_PJ_FDS_DIARIO_20260107_040836.CSV,OneDrive_2026-08-19 (4).zip,Novo MCMV - FDS/Arquivados/Arquivo 2025 - Cad PJ/MONIT_CAD_PJ_FDS_DIARIO_20260107_040836.CSV,.csv,dado_tabular_ou_serializado,entidades,nao_identificada,2026-01,nao_encontrado_no_minio_consultado,0,
MONIT_CAD_PJ_FDS_DIARIO_20260119_040803.CSV,OneDrive_2026-08-19 (4).zip,Novo MCMV - FDS/Arquivados/Arquivo 2025 - Cad PJ/MONIT_CAD_PJ_FDS_DIARIO_20260119_040803.CSV,.csv,dado_tabular_ou_serializado,entidades,nao_identificada,2026-01,nao_encontrado_no_minio_consultado,0,
MONIT_MOV_FINANC_FDS_20251212_103018.CSV,OneDrive_2026-08-19 (4).zip,Novo MCMV - FDS/Arquivados/Arquivo 2025 - Financeiro/MONIT_MOV_FINANC_FDS_20251212_103018.CSV,.csv,dado_tabular_ou_serializado,entidades,nao_identificada,2025-12,pista_semantica_mesma_frente_periodo_fonte,1,raw/sftp/fabrica/GEFUS/ANTERIORES/INT059_MinisterioCidades_FDS_CAIXA_EMPREENDIMENTOS_20251230.TXT
MONIT_MOV_FINANC_FDS_20251215_103029.CSV,OneDrive_2026-08-19 (4).zip,Novo MCMV - FDS/Arquivados/Arquivo 2025 - Financeiro/MONIT_MOV_FINANC_FDS_20251215_103029.CSV,.csv,dado_tabular_ou_serializado,entidades,nao_identificada,2025-12,pista_semantica_mesma_frente_periodo_fonte,1,raw/sftp/fabrica/GEFUS/ANTERIORES/INT059_MinisterioCidades_FDS_CAIXA_EMPREENDIMENTOS_20251230.TXT
MONIT_MOV_FINANC_FDS_20251216_103023.CSV,OneDrive_2026-08-19 (4).zip,Novo MCMV - FDS/Arquivados/Arquivo 2025 - Financeiro/MONIT_MOV_FINANC_FDS_20251216_103023.CSV,.csv,dado_tabular_ou_serializado,entidades,nao_identificada,2025-12,pista_semantica_mesma_frente_periodo_fonte,1,raw/sftp/fabrica/GEFUS/ANTERIORES/INT059_MinisterioCidades_FDS_CAIXA_EMPREENDIMENTOS_20251230.TXT
MONIT_MOV_FINANC_FDS_20251217_103015.CSV,OneDrive_2026-08-19 (4).zip,Novo MCMV - FDS/Arquivados/Arquivo 2025 - Financeiro/MONIT_MOV_FINANC_FDS_20251217_103015.CSV,.csv,dado_tabular_ou_serializado,entidades,nao_identificada,2025-12,pista_semantica_mesma_frente_periodo_fonte,1,raw/sftp/fabrica/GEFUS/ANTERIORES/INT059_MinisterioCidades_FDS_CAIXA_EMPREENDIMENTOS_20251230.TXT
MONIT_MOV_FINANC_FDS_20251218_103019.CSV,OneDrive_2026-08-19 (4).zip,Novo MCMV - FDS/Arquivados/Arquivo 2025 - Financeiro/MONIT_MOV_FINANC_FDS_20251218_103019.CSV,.csv,dado_tabular_ou_serializado,entidades,nao_identificada,2025-12,pista_semantica_mesma_frente_periodo_fonte,1,raw/sftp/fabrica/GEFUS/ANTERIORES/INT059_MinisterioCidades_FDS_CAIXA_EMPREENDIMENTOS_20251230.TXT
MONIT_MOV_FINANC_FDS_20251222_103020.CSV,OneDrive_2026-08-19 (4).zip,Novo MCMV - FDS/Arquivados/Arquivo 2025 - Financeiro/MONIT_MOV_FINANC_FDS_20251222_103020.CSV,.csv,dado_tabular_ou_serializado,entidades,nao_identificada,2025-12,pista_semantica_mesma_frente_periodo_fonte,1,raw/sftp/fabrica/GEFUS/ANTERIORES/INT059_MinisterioCidades_FDS_CAIXA_EMPREENDIMENTOS_20251230.TXT
MONIT_MOV_FINANC_FDS_20251223_103011.CSV,OneDrive_2026-08-19 (4).zip,Novo MCMV - FDS/Arquivados/Arquivo 2025 - Financeiro/MONIT_MOV_FINANC_FDS_20251223_103011.CSV,.csv,dado_tabular_ou_serializado,entidades,nao_identificada,2025-12,pista_semantica_mesma_frente_periodo_fonte,1,raw/sftp/fabrica/GEFUS/ANTERIORES/INT059_MinisterioCidades_FDS_CAIXA_EMPREENDIMENTOS_20251230.TXT
MONIT_MOV_FINANC_FDS_20251224_103014.CSV,OneDrive_2026-08-19 (4).zip,Novo MCMV - FDS/Arquivados/Arquivo 2025 - Financeiro/MONIT_MOV_FINANC_FDS_20251224_103014.CSV,.csv,dado_tabular_ou_serializado,entidades,nao_identificada,2025-12,pista_semantica_mesma_frente_periodo_fonte,1,raw/sftp/fabrica/GEFUS/ANTERIORES/INT059_MinisterioCidades_FDS_CAIXA_EMPREENDIMENTOS_20251230.TXT
MONIT_MOV_FINANC_FDS_20251225_103011.CSV,OneDrive_2026-08-19 (4).zip,Novo MCMV - FDS/Arquivados/Arquivo 2025 - Financeiro/MONIT_MOV_FINANC_FDS_20251225_103011.CSV,.csv,dado_tabular_ou_serializado,entidades,nao_identificada,2025-12,pista_semantica_mesma_frente_periodo_fonte,1,raw/sftp/fabrica/GEFUS/ANTERIORES/INT059_MinisterioCidades_FDS_CAIXA_EMPREENDIMENTOS_20251230.TXT
MONIT_MOV_FINANC_FDS_20251229_103009.CSV,OneDrive_2026-08-19 (4).zip,Novo MCMV - FDS/Arquivados/Arquivo 2025 - Financeiro/MONIT_MOV_FINANC_FDS_20251229_103009.CSV,.csv,dado_tabular_ou_serializado,entidades,nao_identificada,2025-12,pista_semantica_mesma_frente_periodo_fonte,1,raw/sftp/fabrica/GEFUS/ANTERIORES/INT059_MinisterioCidades_FDS_CAIXA_EMPREENDIMENTOS_20251230.TXT
MONIT_MOV_FINANC_FDS_DIARIO_20251230_103027.CSV,OneDrive_2026-08-19 (4).zip,Novo MCMV - FDS/Arquivados/Arquivo 2025 - Financeiro/MONIT_MOV_FINANC_FDS_DIARIO_20251230_103027.CSV,.csv,dado_tabular_ou_serializado,entidades,nao_identificada,2025-12,pista_semantica_mesma_frente_periodo_fonte,1,raw/sftp/fabrica/GEFUS/ANTERIORES/INT059_MinisterioCidades_FDS_CAIXA_EMPREENDIMENTOS_20251230.TXT
MONIT_MOV_FINANC_FDS_DIARIO_20251231_103022.CSV,OneDrive_2026-08-19 (4).zip,Novo MCMV - FDS/Arquivados/Arquivo 2025 - Financeiro/MONIT_MOV_FINANC_FDS_DIARIO_20251231_103022.CSV,.csv,dado_tabular_ou_serializado,entidades,nao_identificada,2025-12,pista_semantica_mesma_frente_periodo_fonte,1,raw/sftp/fabrica/GEFUS/ANTERIORES/INT059_MinisterioCidades_FDS_CAIXA_EMPREENDIMENTOS_20251230.TXT
MONIT_MOV_OBRA_FDS_20251009_040200.csv,OneDrive_2026-08-19 (4).zip,Novo MCMV - FDS/Arquivados/Arquivo 2025 - Obra/MONIT_MOV_OBRA_FDS_20251009_040200.csv,.csv,dado_tabular_ou_serializado,entidades,nao_identificada,2025-10,pista_semantica_mesma_frente_periodo_fonte,2,raw/sftp/fabrica/GEFUS/ANTERIORES/INT042_MinisterioCidades_FDS_CAIXA_PF_20251031_CONTINGENCIA.TXT | raw/sftp/fabrica/GEFUS/ANTERIORES/INT059_MinisterioCidades_FDS_CAIXA_EMPREENDIMENTOS_20251031.TXT
MONIT_MOV_OBRA_FDS_20251010_040203.csv,OneDrive_2026-08-19 (4).zip,Novo MCMV - FDS/Arquivados/Arquivo 2025 - Obra/MONIT_MOV_OBRA_FDS_20251010_040203.csv,.csv,dado_tabular_ou_serializado,entidades,nao_identificada,2025-10,pista_semantica_mesma_frente_periodo_fonte,2,raw/sftp/fabrica/GEFUS/ANTERIORES/INT042_MinisterioCidades_FDS_CAIXA_PF_20251031_CONTINGENCIA.TXT | raw/sftp/fabrica/GEFUS/ANTERIORES/INT059_MinisterioCidades_FDS_CAIXA_EMPREENDIMENTOS_20251031.TXT
MONIT_MOV_OBRA_FDS_20251013_040240.csv,OneDrive_2026-08-19 (4).zip,Novo MCMV - FDS/Arquivados/Arquivo 2025 - Obra/MONIT_MOV_OBRA_FDS_20251013_040240.csv,.csv,dado_tabular_ou_serializado,entidades,nao_identificada,2025-10,pista_semantica_mesma_frente_periodo_fonte,2,raw/sftp/fabrica/GEFUS/ANTERIORES/INT042_MinisterioCidades_FDS_CAIXA_PF_20251031_CONTINGENCIA.TXT | raw/sftp/fabrica/GEFUS/ANTERIORES/INT059_MinisterioCidades_FDS_CAIXA_EMPREENDIMENTOS_20251031.TXT
MONIT_MOV_OBRA_FDS_20251014_040217.csv,OneDrive_2026-08-19 (4).zip,Novo MCMV - FDS/Arquivados/Arquivo 2025 - Obra/MONIT_MOV_OBRA_FDS_20251014_040217.csv,.csv,dado_tabular_ou_serializado,entidades,nao_identificada,2025-10,pista_semantica_mesma_frente_periodo_fonte,2,raw/sftp/fabrica/GEFUS/ANTERIORES/INT042_MinisterioCidades_FDS_CAIXA_PF_20251031_CONTINGENCIA.TXT | raw/sftp/fabrica/GEFUS/ANTERIORES/INT059_MinisterioCidades_FDS_CAIXA_EMPREENDIMENTOS_20251031.TXT
MONIT_MOV_OBRA_FDS_20251015_040232.csv,OneDrive_2026-08-19 (4).zip,Novo MCMV - FDS/Arquivados/Arquivo 2025 - Obra/MONIT_MOV_OBRA_FDS_20251015_040232.csv,.csv,dado_tabular_ou_serializado,entidades,nao_identificada,2025-10,pista_semantica_mesma_frente_periodo_fonte,2,raw/sftp/fabrica/GEFUS/ANTERIORES/INT042_MinisterioCidades_FDS_CAIXA_PF_20251031_CONTINGENCIA.TXT | raw/sftp/fabrica/GEFUS/ANTERIORES/INT059_MinisterioCidades_FDS_CAIXA_EMPREENDIMENTOS_20251031.TXT
MONIT_MOV_OBRA_FDS_20251016_040209.csv,OneDrive_2026-08-19 (4).zip,Novo MCMV - FDS/Arquivados/Arquivo 2025 - Obra/MONIT_MOV_OBRA_FDS_20251016_040209.csv,.csv,dado_tabular_ou_serializado,entidades,nao_identificada,2025-10,pista_semantica_mesma_frente_periodo_fonte,2,raw/sftp/fabrica/GEFUS/ANTERIORES/INT042_MinisterioCidades_FDS_CAIXA_PF_20251031_CONTINGENCIA.TXT | raw/sftp/fabrica/GEFUS/ANTERIORES/INT059_MinisterioCidades_FDS_CAIXA_EMPREENDIMENTOS_20251031.TXT
MONIT_MOV_OBRA_FDS_20251017_040318.csv,OneDrive_2026-08-19 (4).zip,Novo MCMV - FDS/Arquivados/Arquivo 2025 - Obra/MONIT_MOV_OBRA_FDS_20251017_040318.csv,.csv,dado_tabular_ou_serializado,entidades,nao_identificada,2025-10,pista_semantica_mesma_frente_periodo_fonte,2,raw/sftp/fabrica/GEFUS/ANTERIORES/INT042_MinisterioCidades_FDS_CAIXA_PF_20251031_CONTINGENCIA.TXT | raw/sftp/fabrica/GEFUS/ANTERIORES/INT059_MinisterioCidades_FDS_CAIXA_EMPREENDIMENTOS_20251031.TXT
MONIT_MOV_OBRA_FDS_20251020_040242.csv,OneDrive_2026-08-19 (4).zip,Novo MCMV - FDS/Arquivados/Arquivo 2025 - Obra/MONIT_MOV_OBRA_FDS_20251020_040242.csv,.csv,dado_tabular_ou_serializado,entidades,nao_identificada,2025-10,pista_semantica_mesma_frente_periodo_fonte,2,raw/sftp/fabrica/GEFUS/ANTERIORES/INT042_MinisterioCidades_FDS_CAIXA_PF_20251031_CONTINGENCIA.TXT | raw/sftp/fabrica/GEFUS/ANTERIORES/INT059_MinisterioCidades_FDS_CAIXA_EMPREENDIMENTOS_20251031.TXT
MONIT_MOV_OBRA_FDS_20251021_040228.csv,OneDrive_2026-08-19 (4).zip,Novo MCMV - FDS/Arquivados/Arquivo 2025 - Obra/MONIT_MOV_OBRA_FDS_20251021_040228.csv,.csv,dado_tabular_ou_serializado,entidades,nao_identificada,2025-10,pista_semantica_mesma_frente_periodo_fonte,2,raw/sftp/fabrica/GEFUS/ANTERIORES/INT042_MinisterioCidades_FDS_CAIXA_PF_20251031_CONTINGENCIA.TXT | raw/sftp/fabrica/GEFUS/ANTERIORES/INT059_MinisterioCidades_FDS_CAIXA_EMPREENDIMENTOS_20251031.TXT
MONIT_MOV_OBRA_FDS_20251023_040311.csv,OneDrive_2026-08-19 (4).zip,Novo MCMV - FDS/Arquivados/Arquivo 2025 - Obra/MONIT_MOV_OBRA_FDS_20251023_040311.csv,.csv,dado_tabular_ou_serializado,entidades,nao_identificada,2025-10,pista_semantica_mesma_frente_periodo_fonte,2,raw/sftp/fabrica/GEFUS/ANTERIORES/INT042_MinisterioCidades_FDS_CAIXA_PF_20251031_CONTINGENCIA.TXT | raw/sftp/fabrica/GEFUS/ANTERIORES/INT059_MinisterioCidades_FDS_CAIXA_EMPREENDIMENTOS_20251031.TXT
MONIT_MOV_OBRA_FDS_20251024_040336.csv,OneDrive_2026-08-19 (4).zip,Novo MCMV - FDS/Arquivados/Arquivo 2025 - Obra/MONIT_MOV_OBRA_FDS_20251024_040336.csv,.csv,dado_tabular_ou_serializado,entidades,nao_identificada,2025-10,pista_semantica_mesma_frente_periodo_fonte,2,raw/sftp/fabrica/GEFUS/ANTERIORES/INT042_MinisterioCidades_FDS_CAIXA_PF_20251031_CONTINGENCIA.TXT | raw/sftp/fabrica/GEFUS/ANTERIORES/INT059_MinisterioCidades_FDS_CAIXA_EMPREENDIMENTOS_20251031.TXT
MONIT_MOV_OBRA_FDS_20251027_040232.csv,OneDrive_2026-08-19 (4).zip,Novo MCMV - FDS/Arquivados/Arquivo 2025 - Obra/MONIT_MOV_OBRA_FDS_20251027_040232.csv,.csv,dado_tabular_ou_serializado,entidades,nao_identificada,2025-10,pista_semantica_mesma_frente_periodo_fonte,2,raw/sftp/fabrica/GEFUS/ANTERIORES/INT042_MinisterioCidades_FDS_CAIXA_PF_20251031_CONTINGENCIA.TXT | raw/sftp/fabrica/GEFUS/ANTERIORES/INT059_MinisterioCidades_FDS_CAIXA_EMPREENDIMENTOS_20251031.TXT
MONIT_MOV_OBRA_FDS_20251028_040241.csv,OneDrive_2026-08-19 (4).zip,Novo MCMV - FDS/Arquivados/Arquivo 2025 - Obra/MONIT_MOV_OBRA_FDS_20251028_040241.csv,.csv,dado_tabular_ou_serializado,entidades,nao_identificada,2025-10,pista_semantica_mesma_frente_periodo_fonte,2,raw/sftp/fabrica/GEFUS/ANTERIORES/INT042_MinisterioCidades_FDS_CAIXA_PF_20251031_CONTINGENCIA.TXT | raw/sftp/fabrica/GEFUS/ANTERIORES/INT059_MinisterioCidades_FDS_CAIXA_EMPREENDIMENTOS_20251031.TXT
MONIT_MOV_OBRA_FDS_20251029_040241.csv,OneDrive_2026-08-19 (4).zip,Novo MCMV - FDS/Arquivados/Arquivo 2025 - Obra/MONIT_MOV_OBRA_FDS_20251029_040241.csv,.csv,dado_tabular_ou_serializado,entidades,nao_identificada,2025-10,pista_semantica_mesma_frente_periodo_fonte,2,raw/sftp/fabrica/GEFUS/ANTERIORES/INT042_MinisterioCidades_FDS_CAIXA_PF_20251031_CONTINGENCIA.TXT | raw/sftp/fabrica/GEFUS/ANTERIORES/INT059_MinisterioCidades_FDS_CAIXA_EMPREENDIMENTOS_20251031.TXT
MONIT_MOV_OBRA_FDS_20251030_040223.csv,OneDrive_2026-08-19 (4).zip,Novo MCMV - FDS/Arquivados/Arquivo 2025 - Obra/MONIT_MOV_OBRA_FDS_20251030_040223.csv,.csv,dado_tabular_ou_serializado,entidades,nao_identificada,2025-10,pista_semantica_mesma_frente_periodo_fonte,2,raw/sftp/fabrica/GEFUS/ANTERIORES/INT042_MinisterioCidades_FDS_CAIXA_PF_20251031_CONTINGENCIA.TXT | raw/sftp/fabrica/GEFUS/ANTERIORES/INT059_MinisterioCidades_FDS_CAIXA_EMPREENDIMENTOS_20251031.TXT
MONIT_MOV_OBRA_FDS_20251031_040243.csv,OneDrive_2026-08-19 (4).zip,Novo MCMV - FDS/Arquivados/Arquivo 2025 - Obra/MONIT_MOV_OBRA_FDS_20251031_040243.csv,.csv,dado_tabular_ou_serializado,entidades,nao_identificada,2025-10,pista_semantica_mesma_frente_periodo_fonte,2,raw/sftp/fabrica/GEFUS/ANTERIORES/INT042_MinisterioCidades_FDS_CAIXA_PF_20251031_CONTINGENCIA.TXT | raw/sftp/fabrica/GEFUS/ANTERIORES/INT059_MinisterioCidades_FDS_CAIXA_EMPREENDIMENTOS_20251031.TXT
MONIT_MOV_OBRA_FDS_20251103_040245.csv,OneDrive_2026-08-19 (4).zip,Novo MCMV - FDS/Arquivados/Arquivo 2025 - Obra/MONIT_MOV_OBRA_FDS_20251103_040245.csv,.csv,dado_tabular_ou_serializado,entidades,nao_identificada,2025-11,pista_semantica_mesma_frente_periodo_fonte,1,raw/sftp/fabrica/GEFUS/ANTERIORES/INT042_MinisterioCidades_FDS_CAIXA_PF_20251128_CONTINGENCIA.TXT
MONIT_MOV_OBRA_FDS_20251104_040218.csv,OneDrive_2026-08-19 (4).zip,Novo MCMV - FDS/Arquivados/Arquivo 2025 - Obra/MONIT_MOV_OBRA_FDS_20251104_040218.csv,.csv,dado_tabular_ou_serializado,entidades,nao_identificada,2025-11,pista_semantica_mesma_frente_periodo_fonte,1,raw/sftp/fabrica/GEFUS/ANTERIORES/INT042_MinisterioCidades_FDS_CAIXA_PF_20251128_CONTINGENCIA.TXT
MONIT_MOV_OBRA_FDS_20251105_040249.csv,OneDrive_2026-08-19 (4).zip,Novo MCMV - FDS/Arquivados/Arquivo 2025 - Obra/MONIT_MOV_OBRA_FDS_20251105_040249.csv,.csv,dado_tabular_ou_serializado,entidades,nao_identificada,2025-11,pista_semantica_mesma_frente_periodo_fonte,1,raw/sftp/fabrica/GEFUS/ANTERIORES/INT042_MinisterioCidades_FDS_CAIXA_PF_20251128_CONTINGENCIA.TXT
MONIT_MOV_OBRA_FDS_20251106_040241.csv,OneDrive_2026-08-19 (4).zip,Novo MCMV - FDS/Arquivados/Arquivo 2025 - Obra/MONIT_MOV_OBRA_FDS_20251106_040241.csv,.csv,dado_tabular_ou_serializado,entidades,nao_identificada,2025-11,pista_semantica_mesma_frente_periodo_fonte,1,raw/sftp/fabrica/GEFUS/ANTERIORES/INT042_MinisterioCidades_FDS_CAIXA_PF_20251128_CONTINGENCIA.TXT
MONIT_MOV_OBRA_FDS_20251107_040346.csv,OneDrive_2026-08-19 (4).zip,Novo MCMV - FDS/Arquivados/Arquivo 2025 - Obra/MONIT_MOV_OBRA_FDS_20251107_040346.csv,.csv,dado_tabular_ou_serializado,entidades,nao_identificada,2025-11,pista_semantica_mesma_frente_periodo_fonte,1,raw/sftp/fabrica/GEFUS/ANTERIORES/INT042_MinisterioCidades_FDS_CAIXA_PF_20251128_CONTINGENCIA.TXT
MONIT_MOV_OBRA_FDS_20251110_040421.csv,OneDrive_2026-08-19 (4).zip,Novo MCMV - FDS/Arquivados/Arquivo 2025 - Obra/MONIT_MOV_OBRA_FDS_20251110_040421.csv,.csv,dado_tabular_ou_serializado,entidades,nao_identificada,2025-11,pista_semantica_mesma_frente_periodo_fonte,1,raw/sftp/fabrica/GEFUS/ANTERIORES/INT042_MinisterioCidades_FDS_CAIXA_PF_20251128_CONTINGENCIA.TXT
MONIT_MOV_OBRA_FDS_20251111_040730.csv,OneDrive_2026-08-19 (4).zip,Novo MCMV - FDS/Arquivados/Arquivo 2025 - Obra/MONIT_MOV_OBRA_FDS_20251111_040730.csv,.csv,dado_tabular_ou_serializado,entidades,nao_identificada,2025-11,pista_semantica_mesma_frente_periodo_fonte,1,raw/sftp/fabrica/GEFUS/ANTERIORES/INT042_MinisterioCidades_FDS_CAIXA_PF_20251128_CONTINGENCIA.TXT
MONIT_MOV_OBRA_FDS_20251114_041603.csv,OneDrive_2026-08-19 (4).zip,Novo MCMV - FDS/Arquivados/Arquivo 2025 - Obra/MONIT_MOV_OBRA_FDS_20251114_041603.csv,.csv,dado_tabular_ou_serializado,entidades,nao_identificada,2025-11,pista_semantica_mesma_frente_periodo_fonte,1,raw/sftp/fabrica/GEFUS/ANTERIORES/INT042_MinisterioCidades_FDS_CAIXA_PF_20251128_CONTINGENCIA.TXT
MONIT_MOV_OBRA_FDS_20251117_041107.csv,OneDrive_2026-08-19 (4).zip,Novo MCMV - FDS/Arquivados/Arquivo 2025 - Obra/MONIT_MOV_OBRA_FDS_20251117_041107.csv,.csv,dado_tabular_ou_serializado,entidades,nao_identificada,2025-11,pista_semantica_mesma_frente_periodo_fonte,1,raw/sftp/fabrica/GEFUS/ANTERIORES/INT042_MinisterioCidades_FDS_CAIXA_PF_20251128_CONTINGENCIA.TXT
MONIT_MOV_OBRA_FDS_20251119_041004.csv,OneDrive_2026-08-19 (4).zip,Novo MCMV - FDS/Arquivados/Arquivo 2025 - Obra/MONIT_MOV_OBRA_FDS_20251119_041004.csv,.csv,dado_tabular_ou_serializado,entidades,nao_identificada,2025-11,pista_semantica_mesma_frente_periodo_fonte,1,raw/sftp/fabrica/GEFUS/ANTERIORES/INT042_MinisterioCidades_FDS_CAIXA_PF_20251128_CONTINGENCIA.TXT
MONIT_MOV_OBRA_FDS_20251120_040924.csv,OneDrive_2026-08-19 (4).zip,Novo MCMV - FDS/Arquivados/Arquivo 2025 - Obra/MONIT_MOV_OBRA_FDS_20251120_040924.csv,.csv,dado_tabular_ou_serializado,entidades,nao_identificada,2025-11,pista_semantica_mesma_frente_periodo_fonte,1,raw/sftp/fabrica/GEFUS/ANTERIORES/INT042_MinisterioCidades_FDS_CAIXA_PF_20251128_CONTINGENCIA.TXT
MONIT_MOV_OBRA_FDS_20251121_041011.csv,OneDrive_2026-08-19 (4).zip,Novo MCMV - FDS/Arquivados/Arquivo 2025 - Obra/MONIT_MOV_OBRA_FDS_20251121_041011.csv,.csv,dado_tabular_ou_serializado,entidades,nao_identificada,2025-11,pista_semantica_mesma_frente_periodo_fonte,1,raw/sftp/fabrica/GEFUS/ANTERIORES/INT042_MinisterioCidades_FDS_CAIXA_PF_20251128_CONTINGENCIA.TXT
MONIT_MOV_OBRA_FDS_20251124_041002.csv,OneDrive_2026-08-19 (4).zip,Novo MCMV - FDS/Arquivados/Arquivo 2025 - Obra/MONIT_MOV_OBRA_FDS_20251124_041002.csv,.csv,dado_tabular_ou_serializado,entidades,nao_identificada,2025-11,pista_semantica_mesma_frente_periodo_fonte,1,raw/sftp/fabrica/GEFUS/ANTERIORES/INT042_MinisterioCidades_FDS_CAIXA_PF_20251128_CONTINGENCIA.TXT
MONIT_MOV_OBRA_FDS_20251125_040929.csv,OneDrive_2026-08-19 (4).zip,Novo MCMV - FDS/Arquivados/Arquivo 2025 - Obra/MONIT_MOV_OBRA_FDS_20251125_040929.csv,.csv,dado_tabular_ou_serializado,entidades,nao_identificada,2025-11,pista_semantica_mesma_frente_periodo_fonte,1,raw/sftp/fabrica/GEFUS/ANTERIORES/INT042_MinisterioCidades_FDS_CAIXA_PF_20251128_CONTINGENCIA.TXT
MONIT_MOV_OBRA_FDS_20251126_041023.csv,OneDrive_2026-08-19 (4).zip,Novo MCMV - FDS/Arquivados/Arquivo 2025 - Obra/MONIT_MOV_OBRA_FDS_20251126_041023.csv,.csv,dado_tabular_ou_serializado,entidades,nao_identificada,2025-11,pista_semantica_mesma_frente_periodo_fonte,1,raw/sftp/fabrica/GEFUS/ANTERIORES/INT042_MinisterioCidades_FDS_CAIXA_PF_20251128_CONTINGENCIA.TXT
MONIT_MOV_OBRA_FDS_20251127_041054.csv,OneDrive_2026-08-19 (4).zip,Novo MCMV - FDS/Arquivados/Arquivo 2025 - Obra/MONIT_MOV_OBRA_FDS_20251127_041054.csv,.csv,dado_tabular_ou_serializado,entidades,nao_identificada,2025-11,pista_semantica_mesma_frente_periodo_fonte,1,raw/sftp/fabrica/GEFUS/ANTERIORES/INT042_MinisterioCidades_FDS_CAIXA_PF_20251128_CONTINGENCIA.TXT
MONIT_MOV_OBRA_FDS_20251128_041058.csv,OneDrive_2026-08-19 (4).zip,Novo MCMV - FDS/Arquivados/Arquivo 2025 - Obra/MONIT_MOV_OBRA_FDS_20251128_041058.csv,.csv,dado_tabular_ou_serializado,entidades,nao_identificada,2025-11,pista_semantica_mesma_frente_periodo_fonte,1,raw/sftp/fabrica/GEFUS/ANTERIORES/INT042_MinisterioCidades_FDS_CAIXA_PF_20251128_CONTINGENCIA.TXT
MONIT_MOV_OBRA_FDS_20251201_041021.csv,OneDrive_2026-08-19 (4).zip,Novo MCMV - FDS/Arquivados/Arquivo 2025 - Obra/MONIT_MOV_OBRA_FDS_20251201_041021.csv,.csv,dado_tabular_ou_serializado,entidades,nao_identificada,2025-12,pista_semantica_mesma_frente_periodo_fonte,1,raw/sftp/fabrica/GEFUS/ANTERIORES/INT059_MinisterioCidades_FDS_CAIXA_EMPREENDIMENTOS_20251230.TXT
MONIT_MOV_OBRA_FDS_20251202_041008.csv,OneDrive_2026-08-19 (4).zip,Novo MCMV - FDS/Arquivados/Arquivo 2025 - Obra/MONIT_MOV_OBRA_FDS_20251202_041008.csv,.csv,dado_tabular_ou_serializado,entidades,nao_identificada,2025-12,pista_semantica_mesma_frente_periodo_fonte,1,raw/sftp/fabrica/GEFUS/ANTERIORES/INT059_MinisterioCidades_FDS_CAIXA_EMPREENDIMENTOS_20251230.TXT
MONIT_MOV_OBRA_FDS_20251203_041009.csv,OneDrive_2026-08-19 (4).zip,Novo MCMV - FDS/Arquivados/Arquivo 2025 - Obra/MONIT_MOV_OBRA_FDS_20251203_041009.csv,.csv,dado_tabular_ou_serializado,entidades,nao_identificada,2025-12,pista_semantica_mesma_frente_periodo_fonte,1,raw/sftp/fabrica/GEFUS/ANTERIORES/INT059_MinisterioCidades_FDS_CAIXA_EMPREENDIMENTOS_20251230.TXT
MONIT_MOV_OBRA_FDS_20251204_041016.csv,OneDrive_2026-08-19 (4).zip,Novo MCMV - FDS/Arquivados/Arquivo 2025 - Obra/MONIT_MOV_OBRA_FDS_20251204_041016.csv,.csv,dado_tabular_ou_serializado,entidades,nao_identificada,2025-12,pista_semantica_mesma_frente_periodo_fonte,1,raw/sftp/fabrica/GEFUS/ANTERIORES/INT059_MinisterioCidades_FDS_CAIXA_EMPREENDIMENTOS_20251230.TXT
MONIT_MOV_OBRA_FDS_20251208_041018.csv,OneDrive_2026-08-19 (4).zip,Novo MCMV - FDS/Arquivados/Arquivo 2025 - Obra/MONIT_MOV_OBRA_FDS_20251208_041018.csv,.csv,dado_tabular_ou_serializado,entidades,nao_identificada,2025-12,pista_semantica_mesma_frente_periodo_fonte,1,raw/sftp/fabrica/GEFUS/ANTERIORES/INT059_MinisterioCidades_FDS_CAIXA_EMPREENDIMENTOS_20251230.TXT
MONIT_MOV_OBRA_FDS_20251209_040928.csv,OneDrive_2026-08-19 (4).zip,Novo MCMV - FDS/Arquivados/Arquivo 2025 - Obra/MONIT_MOV_OBRA_FDS_20251209_040928.csv,.csv,dado_tabular_ou_serializado,entidades,nao_identificada,2025-12,pista_semantica_mesma_frente_periodo_fonte,1,raw/sftp/fabrica/GEFUS/ANTERIORES/INT059_MinisterioCidades_FDS_CAIXA_EMPREENDIMENTOS_20251230.TXT
MONIT_MOV_OBRA_FDS_20251210_041142.csv,OneDrive_2026-08-19 (4).zip,Novo MCMV - FDS/Arquivados/Arquivo 2025 - Obra/MONIT_MOV_OBRA_FDS_20251210_041142.csv,.csv,dado_tabular_ou_serializado,entidades,nao_identificada,2025-12,pista_semantica_mesma_frente_periodo_fonte,1,raw/sftp/fabrica/GEFUS/ANTERIORES/INT059_MinisterioCidades_FDS_CAIXA_EMPREENDIMENTOS_20251230.TXT
MONIT_MOV_OBRA_FDS_20251211_040915.csv,OneDrive_2026-08-19 (4).zip,Novo MCMV - FDS/Arquivados/Arquivo 2025 - Obra/MONIT_MOV_OBRA_FDS_20251211_040915.csv,.csv,dado_tabular_ou_serializado,entidades,nao_identificada,2025-12,pista_semantica_mesma_frente_periodo_fonte,1,raw/sftp/fabrica/GEFUS/ANTERIORES/INT059_MinisterioCidades_FDS_CAIXA_EMPREENDIMENTOS_20251230.TXT
MONIT_MOV_OBRA_FDS_20251212_144047.csv,OneDrive_2026-08-19 (4).zip,Novo MCMV - FDS/Arquivados/Arquivo 2025 - Obra/MONIT_MOV_OBRA_FDS_20251212_144047.csv,.csv,dado_tabular_ou_serializado,entidades,nao_identificada,2025-12,pista_semantica_mesma_frente_periodo_fonte,1,raw/sftp/fabrica/GEFUS/ANTERIORES/INT059_MinisterioCidades_FDS_CAIXA_EMPREENDIMENTOS_20251230.TXT
MONIT_MOV_OBRA_FDS_20251215_040957.csv,OneDrive_2026-08-19 (4).zip,Novo MCMV - FDS/Arquivados/Arquivo 2025 - Obra/MONIT_MOV_OBRA_FDS_20251215_040957.csv,.csv,dado_tabular_ou_serializado,entidades,nao_identificada,2025-12,pista_semantica_mesma_frente_periodo_fonte,1,raw/sftp/fabrica/GEFUS/ANTERIORES/INT059_MinisterioCidades_FDS_CAIXA_EMPREENDIMENTOS_20251230.TXT
MONIT_MOV_OBRA_FDS_20251216_040906.csv,OneDrive_2026-08-19 (4).zip,Novo MCMV - FDS/Arquivados/Arquivo 2025 - Obra/MONIT_MOV_OBRA_FDS_20251216_040906.csv,.csv,dado_tabular_ou_serializado,entidades,nao_identificada,2025-12,pista_semantica_mesma_frente_periodo_fonte,1,raw/sftp/fabrica/GEFUS/ANTERIORES/INT059_MinisterioCidades_FDS_CAIXA_EMPREENDIMENTOS_20251230.TXT
MONIT_MOV_OBRA_FDS_20251217_040954.csv,OneDrive_2026-08-19 (4).zip,Novo MCMV - FDS/Arquivados/Arquivo 2025 - Obra/MONIT_MOV_OBRA_FDS_20251217_040954.csv,.csv,dado_tabular_ou_serializado,entidades,nao_identificada,2025-12,pista_semantica_mesma_frente_periodo_fonte,1,raw/sftp/fabrica/GEFUS/ANTERIORES/INT059_MinisterioCidades_FDS_CAIXA_EMPREENDIMENTOS_20251230.TXT
MONIT_MOV_OBRA_FDS_20251218_040906.csv,OneDrive_2026-08-19 (4).zip,Novo MCMV - FDS/Arquivados/Arquivo 2025 - Obra/MONIT_MOV_OBRA_FDS_20251218_040906.csv,.csv,dado_tabular_ou_serializado,entidades,nao_identificada,2025-12,pista_semantica_mesma_frente_periodo_fonte,1,raw/sftp/fabrica/GEFUS/ANTERIORES/INT059_MinisterioCidades_FDS_CAIXA_EMPREENDIMENTOS_20251230.TXT
MONIT_MOV_OBRA_FDS_20251219_041013.csv,OneDrive_2026-08-19 (4).zip,Novo MCMV - FDS/Arquivados/Arquivo 2025 - Obra/MONIT_MOV_OBRA_FDS_20251219_041013.csv,.csv,dado_tabular_ou_serializado,entidades,nao_identificada,2025-12,pista_semantica_mesma_frente_periodo_fonte,1,raw/sftp/fabrica/GEFUS/ANTERIORES/INT059_MinisterioCidades_FDS_CAIXA_EMPREENDIMENTOS_20251230.TXT
MONIT_MOV_OBRA_FDS_20251224_040928.csv,OneDrive_2026-08-19 (4).zip,Novo MCMV - FDS/Arquivados/Arquivo 2025 - Obra/MONIT_MOV_OBRA_FDS_20251224_040928.csv,.csv,dado_tabular_ou_serializado,entidades,nao_identificada,2025-12,pista_semantica_mesma_frente_periodo_fonte,1,raw/sftp/fabrica/GEFUS/ANTERIORES/INT059_MinisterioCidades_FDS_CAIXA_EMPREENDIMENTOS_20251230.TXT
MONIT_MOV_OBRA_FDS_DIARIO_20251229_130841.CSV,OneDrive_2026-08-19 (4).zip,Novo MCMV - FDS/Arquivados/Arquivo 2025 - Obra/MONIT_MOV_OBRA_FDS_DIARIO_20251229_130841.CSV,.csv,dado_tabular_ou_serializado,entidades,nao_identificada,2025-12,pista_semantica_mesma_frente_periodo_fonte,1,raw/sftp/fabrica/GEFUS/ANTERIORES/INT059_MinisterioCidades_FDS_CAIXA_EMPREENDIMENTOS_20251230.TXT
MONIT_MOV_OBRA_FDS_DIARIO_20251231_040842.CSV,OneDrive_2026-08-19 (4).zip,Novo MCMV - FDS/Arquivados/Arquivo 2025 - Obra/MONIT_MOV_OBRA_FDS_DIARIO_20251231_040842.CSV,.csv,dado_tabular_ou_serializado,entidades,nao_identificada,2025-12,pista_semantica_mesma_frente_periodo_fonte,1,raw/sftp/fabrica/GEFUS/ANTERIORES/INT059_MinisterioCidades_FDS_CAIXA_EMPREENDIMENTOS_20251230.TXT
EXEC_TS_FDS_20251009_040147.csv,OneDrive_2026-08-19 (4).zip,Novo MCMV - FDS/Arquivados/Arquivo 2025 - Trab Social/EXEC_TS_FDS_20251009_040147.csv,.csv,dado_tabular_ou_serializado,entidades,nao_identificada,2025-10,pista_semantica_mesma_frente_periodo_fonte,2,raw/sftp/fabrica/GEFUS/ANTERIORES/INT042_MinisterioCidades_FDS_CAIXA_PF_20251031_CONTINGENCIA.TXT | raw/sftp/fabrica/GEFUS/ANTERIORES/INT059_MinisterioCidades_FDS_CAIXA_EMPREENDIMENTOS_20251031.TXT
EXEC_TS_FDS_20251010_040153.csv,OneDrive_2026-08-19 (4).zip,Novo MCMV - FDS/Arquivados/Arquivo 2025 - Trab Social/EXEC_TS_FDS_20251010_040153.csv,.csv,dado_tabular_ou_serializado,entidades,nao_identificada,2025-10,pista_semantica_mesma_frente_periodo_fonte,2,raw/sftp/fabrica/GEFUS/ANTERIORES/INT042_MinisterioCidades_FDS_CAIXA_PF_20251031_CONTINGENCIA.TXT | raw/sftp/fabrica/GEFUS/ANTERIORES/INT059_MinisterioCidades_FDS_CAIXA_EMPREENDIMENTOS_20251031.TXT
EXEC_TS_FDS_20251013_040226.csv,OneDrive_2026-08-19 (4).zip,Novo MCMV - FDS/Arquivados/Arquivo 2025 - Trab Social/EXEC_TS_FDS_20251013_040226.csv,.csv,dado_tabular_ou_serializado,entidades,nao_identificada,2025-10,pista_semantica_mesma_frente_periodo_fonte,2,raw/sftp/fabrica/GEFUS/ANTERIORES/INT042_MinisterioCidades_FDS_CAIXA_PF_20251031_CONTINGENCIA.TXT | raw/sftp/fabrica/GEFUS/ANTERIORES/INT059_MinisterioCidades_FDS_CAIXA_EMPREENDIMENTOS_20251031.TXT
EXEC_TS_FDS_20251014_040202.csv,OneDrive_2026-08-19 (4).zip,Novo MCMV - FDS/Arquivados/Arquivo 2025 - Trab Social/EXEC_TS_FDS_20251014_040202.csv,.csv,dado_tabular_ou_serializado,entidades,nao_identificada,2025-10,pista_semantica_mesma_frente_periodo_fonte,2,raw/sftp/fabrica/GEFUS/ANTERIORES/INT042_MinisterioCidades_FDS_CAIXA_PF_20251031_CONTINGENCIA.TXT | raw/sftp/fabrica/GEFUS/ANTERIORES/INT059_MinisterioCidades_FDS_CAIXA_EMPREENDIMENTOS_20251031.TXT
EXEC_TS_FDS_20251015_040224.csv,OneDrive_2026-08-19 (4).zip,Novo MCMV - FDS/Arquivados/Arquivo 2025 - Trab Social/EXEC_TS_FDS_20251015_040224.csv,.csv,dado_tabular_ou_serializado,entidades,nao_identificada,2025-10,pista_semantica_mesma_frente_periodo_fonte,2,raw/sftp/fabrica/GEFUS/ANTERIORES/INT042_MinisterioCidades_FDS_CAIXA_PF_20251031_CONTINGENCIA.TXT | raw/sftp/fabrica/GEFUS/ANTERIORES/INT059_MinisterioCidades_FDS_CAIXA_EMPREENDIMENTOS_20251031.TXT
EXEC_TS_FDS_20251016_040157.csv,OneDrive_2026-08-19 (4).zip,Novo MCMV - FDS/Arquivados/Arquivo 2025 - Trab Social/EXEC_TS_FDS_20251016_040157.csv,.csv,dado_tabular_ou_serializado,entidades,nao_identificada,2025-10,pista_semantica_mesma_frente_periodo_fonte,2,raw/sftp/fabrica/GEFUS/ANTERIORES/INT042_MinisterioCidades_FDS_CAIXA_PF_20251031_CONTINGENCIA.TXT | raw/sftp/fabrica/GEFUS/ANTERIORES/INT059_MinisterioCidades_FDS_CAIXA_EMPREENDIMENTOS_20251031.TXT
EXEC_TS_FDS_20251017_040304.csv,OneDrive_2026-08-19 (4).zip,Novo MCMV - FDS/Arquivados/Arquivo 2025 - Trab Social/EXEC_TS_FDS_20251017_040304.csv,.csv,dado_tabular_ou_serializado,entidades,nao_identificada,2025-10,pista_semantica_mesma_frente_periodo_fonte,2,raw/sftp/fabrica/GEFUS/ANTERIORES/INT042_MinisterioCidades_FDS_CAIXA_PF_20251031_CONTINGENCIA.TXT | raw/sftp/fabrica/GEFUS/ANTERIORES/INT059_MinisterioCidades_FDS_CAIXA_EMPREENDIMENTOS_20251031.TXT
EXEC_TS_FDS_20251020_040228.csv,OneDrive_2026-08-19 (4).zip,Novo MCMV - FDS/Arquivados/Arquivo 2025 - Trab Social/EXEC_TS_FDS_20251020_040228.csv,.csv,dado_tabular_ou_serializado,entidades,nao_identificada,2025-10,pista_semantica_mesma_frente_periodo_fonte,2,raw/sftp/fabrica/GEFUS/ANTERIORES/INT042_MinisterioCidades_FDS_CAIXA_PF_20251031_CONTINGENCIA.TXT | raw/sftp/fabrica/GEFUS/ANTERIORES/INT059_MinisterioCidades_FDS_CAIXA_EMPREENDIMENTOS_20251031.TXT
EXEC_TS_FDS_20251021_040206.csv,OneDrive_2026-08-19 (4).zip,Novo MCMV - FDS/Arquivados/Arquivo 2025 - Trab Social/EXEC_TS_FDS_20251021_040206.csv,.csv,dado_tabular_ou_serializado,entidades,nao_identificada,2025-10,pista_semantica_mesma_frente_periodo_fonte,2,raw/sftp/fabrica/GEFUS/ANTERIORES/INT042_MinisterioCidades_FDS_CAIXA_PF_20251031_CONTINGENCIA.TXT | raw/sftp/fabrica/GEFUS/ANTERIORES/INT059_MinisterioCidades_FDS_CAIXA_EMPREENDIMENTOS_20251031.TXT
EXEC_TS_FDS_20251023_040242.csv,OneDrive_2026-08-19 (4).zip,Novo MCMV - FDS/Arquivados/Arquivo 2025 - Trab Social/EXEC_TS_FDS_20251023_040242.csv,.csv,dado_tabular_ou_serializado,entidades,nao_identificada,2025-10,pista_semantica_mesma_frente_periodo_fonte,2,raw/sftp/fabrica/GEFUS/ANTERIORES/INT042_MinisterioCidades_FDS_CAIXA_PF_20251031_CONTINGENCIA.TXT | raw/sftp/fabrica/GEFUS/ANTERIORES/INT059_MinisterioCidades_FDS_CAIXA_EMPREENDIMENTOS_20251031.TXT
EXEC_TS_FDS_20251024_040304.csv,OneDrive_2026-08-19 (4).zip,Novo MCMV - FDS/Arquivados/Arquivo 2025 - Trab Social/EXEC_TS_FDS_20251024_040304.csv,.csv,dado_tabular_ou_serializado,entidades,nao_identificada,2025-10,pista_semantica_mesma_frente_periodo_fonte,2,raw/sftp/fabrica/GEFUS/ANTERIORES/INT042_MinisterioCidades_FDS_CAIXA_PF_20251031_CONTINGENCIA.TXT | raw/sftp/fabrica/GEFUS/ANTERIORES/INT059_MinisterioCidades_FDS_CAIXA_EMPREENDIMENTOS_20251031.TXT
EXEC_TS_FDS_20251027_040221.csv,OneDrive_2026-08-19 (4).zip,Novo MCMV - FDS/Arquivados/Arquivo 2025 - Trab Social/EXEC_TS_FDS_20251027_040221.csv,.csv,dado_tabular_ou_serializado,entidades,nao_identificada,2025-10,pista_semantica_mesma_frente_periodo_fonte,2,raw/sftp/fabrica/GEFUS/ANTERIORES/INT042_MinisterioCidades_FDS_CAIXA_PF_20251031_CONTINGENCIA.TXT | raw/sftp/fabrica/GEFUS/ANTERIORES/INT059_MinisterioCidades_FDS_CAIXA_EMPREENDIMENTOS_20251031.TXT
EXEC_TS_FDS_20251028_040228.csv,OneDrive_2026-08-19 (4).zip,Novo MCMV - FDS/Arquivados/Arquivo 2025 - Trab Social/EXEC_TS_FDS_20251028_040228.csv,.csv,dado_tabular_ou_serializado,entidades,nao_identificada,2025-10,pista_semantica_mesma_frente_periodo_fonte,2,raw/sftp/fabrica/GEFUS/ANTERIORES/INT042_MinisterioCidades_FDS_CAIXA_PF_20251031_CONTINGENCIA.TXT | raw/sftp/fabrica/GEFUS/ANTERIORES/INT059_MinisterioCidades_FDS_CAIXA_EMPREENDIMENTOS_20251031.TXT
EXEC_TS_FDS_20251029_040227.csv,OneDrive_2026-08-19 (4).zip,Novo MCMV - FDS/Arquivados/Arquivo 2025 - Trab Social/EXEC_TS_FDS_20251029_040227.csv,.csv,dado_tabular_ou_serializado,entidades,nao_identificada,2025-10,pista_semantica_mesma_frente_periodo_fonte,2,raw/sftp/fabrica/GEFUS/ANTERIORES/INT042_MinisterioCidades_FDS_CAIXA_PF_20251031_CONTINGENCIA.TXT | raw/sftp/fabrica/GEFUS/ANTERIORES/INT059_MinisterioCidades_FDS_CAIXA_EMPREENDIMENTOS_20251031.TXT
EXEC_TS_FDS_20251031_040229.csv,OneDrive_2026-08-19 (4).zip,Novo MCMV - FDS/Arquivados/Arquivo 2025 - Trab Social/EXEC_TS_FDS_20251031_040229.csv,.csv,dado_tabular_ou_serializado,entidades,nao_identificada,2025-10,pista_semantica_mesma_frente_periodo_fonte,2,raw/sftp/fabrica/GEFUS/ANTERIORES/INT042_MinisterioCidades_FDS_CAIXA_PF_20251031_CONTINGENCIA.TXT | raw/sftp/fabrica/GEFUS/ANTERIORES/INT059_MinisterioCidades_FDS_CAIXA_EMPREENDIMENTOS_20251031.TXT
EXEC_TS_FDS_20251103_040230.csv,OneDrive_2026-08-19 (4).zip,Novo MCMV - FDS/Arquivados/Arquivo 2025 - Trab Social/EXEC_TS_FDS_20251103_040230.csv,.csv,dado_tabular_ou_serializado,entidades,nao_identificada,2025-11,pista_semantica_mesma_frente_periodo_fonte,1,raw/sftp/fabrica/GEFUS/ANTERIORES/INT042_MinisterioCidades_FDS_CAIXA_PF_20251128_CONTINGENCIA.TXT
EXEC_TS_FDS_20251104_040202.csv,OneDrive_2026-08-19 (4).zip,Novo MCMV - FDS/Arquivados/Arquivo 2025 - Trab Social/EXEC_TS_FDS_20251104_040202.csv,.csv,dado_tabular_ou_serializado,entidades,nao_identificada,2025-11,pista_semantica_mesma_frente_periodo_fonte,1,raw/sftp/fabrica/GEFUS/ANTERIORES/INT042_MinisterioCidades_FDS_CAIXA_PF_20251128_CONTINGENCIA.TXT
EXEC_TS_FDS_20251105_040232.csv,OneDrive_2026-08-19 (4).zip,Novo MCMV - FDS/Arquivados/Arquivo 2025 - Trab Social/EXEC_TS_FDS_20251105_040232.csv,.csv,dado_tabular_ou_serializado,entidades,nao_identificada,2025-11,pista_semantica_mesma_frente_periodo_fonte,1,raw/sftp/fabrica/GEFUS/ANTERIORES/INT042_MinisterioCidades_FDS_CAIXA_PF_20251128_CONTINGENCIA.TXT
EXEC_TS_FDS_20251106_040214.csv,OneDrive_2026-08-19 (4).zip,Novo MCMV - FDS/Arquivados/Arquivo 2025 - Trab Social/EXEC_TS_FDS_20251106_040214.csv,.csv,dado_tabular_ou_serializado,entidades,nao_identificada,2025-11,pista_semantica_mesma_frente_periodo_fonte,1,raw/sftp/fabrica/GEFUS/ANTERIORES/INT042_MinisterioCidades_FDS_CAIXA_PF_20251128_CONTINGENCIA.TXT
EXEC_TS_FDS_20251107_040324.csv,OneDrive_2026-08-19 (4).zip,Novo MCMV - FDS/Arquivados/Arquivo 2025 - Trab Social/EXEC_TS_FDS_20251107_040324.csv,.csv,dado_tabular_ou_serializado,entidades,nao_identificada,2025-11,pista_semantica_mesma_frente_periodo_fonte,1,raw/sftp/fabrica/GEFUS/ANTERIORES/INT042_MinisterioCidades_FDS_CAIXA_PF_20251128_CONTINGENCIA.TXT
EXEC_TS_FDS_20251110_040402.csv,OneDrive_2026-08-19 (4).zip,Novo MCMV - FDS/Arquivados/Arquivo 2025 - Trab Social/EXEC_TS_FDS_20251110_040402.csv,.csv,dado_tabular_ou_serializado,entidades,nao_identificada,2025-11,pista_semantica_mesma_frente_periodo_fonte,1,raw/sftp/fabrica/GEFUS/ANTERIORES/INT042_MinisterioCidades_FDS_CAIXA_PF_20251128_CONTINGENCIA.TXT
EXEC_TS_FDS_20251111_040705.csv,OneDrive_2026-08-19 (4).zip,Novo MCMV - FDS/Arquivados/Arquivo 2025 - Trab Social/EXEC_TS_FDS_20251111_040705.csv,.csv,dado_tabular_ou_serializado,entidades,nao_identificada,2025-11,pista_semantica_mesma_frente_periodo_fonte,1,raw/sftp/fabrica/GEFUS/ANTERIORES/INT042_MinisterioCidades_FDS_CAIXA_PF_20251128_CONTINGENCIA.TXT
EXEC_TS_FDS_20251114_041511.csv,OneDrive_2026-08-19 (4).zip,Novo MCMV - FDS/Arquivados/Arquivo 2025 - Trab Social/EXEC_TS_FDS_20251114_041511.csv,.csv,dado_tabular_ou_serializado,entidades,nao_identificada,2025-11,pista_semantica_mesma_frente_periodo_fonte,1,raw/sftp/fabrica/GEFUS/ANTERIORES/INT042_MinisterioCidades_FDS_CAIXA_PF_20251128_CONTINGENCIA.TXT
EXEC_TS_FDS_20251117_041051.csv,OneDrive_2026-08-19 (4).zip,Novo MCMV - FDS/Arquivados/Arquivo 2025 - Trab Social/EXEC_TS_FDS_20251117_041051.csv,.csv,dado_tabular_ou_serializado,entidades,nao_identificada,2025-11,pista_semantica_mesma_frente_periodo_fonte,1,raw/sftp/fabrica/GEFUS/ANTERIORES/INT042_MinisterioCidades_FDS_CAIXA_PF_20251128_CONTINGENCIA.TXT
EXEC_TS_FDS_20251119_041016.csv,OneDrive_2026-08-19 (4).zip,Novo MCMV - FDS/Arquivados/Arquivo 2025 - Trab Social/EXEC_TS_FDS_20251119_041016.csv,.csv,dado_tabular_ou_serializado,entidades,nao_identificada,2025-11,pista_semantica_mesma_frente_periodo_fonte,1,raw/sftp/fabrica/GEFUS/ANTERIORES/INT042_MinisterioCidades_FDS_CAIXA_PF_20251128_CONTINGENCIA.TXT
EXEC_TS_FDS_20251120_040934.csv,OneDrive_2026-08-19 (4).zip,Novo MCMV - FDS/Arquivados/Arquivo 2025 - Trab Social/EXEC_TS_FDS_20251120_040934.csv,.csv,dado_tabular_ou_serializado,entidades,nao_identificada,2025-11,pista_semantica_mesma_frente_periodo_fonte,1,raw/sftp/fabrica/GEFUS/ANTERIORES/INT042_MinisterioCidades_FDS_CAIXA_PF_20251128_CONTINGENCIA.TXT
EXEC_TS_FDS_20251121_041017.csv,OneDrive_2026-08-19 (4).zip,Novo MCMV - FDS/Arquivados/Arquivo 2025 - Trab Social/EXEC_TS_FDS_20251121_041017.csv,.csv,dado_tabular_ou_serializado,entidades,nao_identificada,2025-11,pista_semantica_mesma_frente_periodo_fonte,1,raw/sftp/fabrica/GEFUS/ANTERIORES/INT042_MinisterioCidades_FDS_CAIXA_PF_20251128_CONTINGENCIA.TXT
EXEC_TS_FDS_20251124_041012.csv,OneDrive_2026-08-19 (4).zip,Novo MCMV - FDS/Arquivados/Arquivo 2025 - Trab Social/EXEC_TS_FDS_20251124_041012.csv,.csv,dado_tabular_ou_serializado,entidades,nao_identificada,2025-11,pista_semantica_mesma_frente_periodo_fonte,1,raw/sftp/fabrica/GEFUS/ANTERIORES/INT042_MinisterioCidades_FDS_CAIXA_PF_20251128_CONTINGENCIA.TXT
EXEC_TS_FDS_20251125_040940.csv,OneDrive_2026-08-19 (4).zip,Novo MCMV - FDS/Arquivados/Arquivo 2025 - Trab Social/EXEC_TS_FDS_20251125_040940.csv,.csv,dado_tabular_ou_serializado,entidades,nao_identificada,2025-11,pista_semantica_mesma_frente_periodo_fonte,1,raw/sftp/fabrica/GEFUS/ANTERIORES/INT042_MinisterioCidades_FDS_CAIXA_PF_20251128_CONTINGENCIA.TXT
EXEC_TS_FDS_20251126_041031.csv,OneDrive_2026-08-19 (4).zip,Novo MCMV - FDS/Arquivados/Arquivo 2025 - Trab Social/EXEC_TS_FDS_20251126_041031.csv,.csv,dado_tabular_ou_serializado,entidades,nao_identificada,2025-11,pista_semantica_mesma_frente_periodo_fonte,1,raw/sftp/fabrica/GEFUS/ANTERIORES/INT042_MinisterioCidades_FDS_CAIXA_PF_20251128_CONTINGENCIA.TXT
EXEC_TS_FDS_20251127_041101.csv,OneDrive_2026-08-19 (4).zip,Novo MCMV - FDS/Arquivados/Arquivo 2025 - Trab Social/EXEC_TS_FDS_20251127_041101.csv,.csv,dado_tabular_ou_serializado,entidades,nao_identificada,2025-11,pista_semantica_mesma_frente_periodo_fonte,1,raw/sftp/fabrica/GEFUS/ANTERIORES/INT042_MinisterioCidades_FDS_CAIXA_PF_20251128_CONTINGENCIA.TXT
EXEC_TS_FDS_20251128_041112.csv,OneDrive_2026-08-19 (4).zip,Novo MCMV - FDS/Arquivados/Arquivo 2025 - Trab Social/EXEC_TS_FDS_20251128_041112.csv,.csv,dado_tabular_ou_serializado,entidades,nao_identificada,2025-11,pista_semantica_mesma_frente_periodo_fonte,1,raw/sftp/fabrica/GEFUS/ANTERIORES/INT042_MinisterioCidades_FDS_CAIXA_PF_20251128_CONTINGENCIA.TXT
EXEC_TS_FDS_20251201_041032.csv,OneDrive_2026-08-19 (4).zip,Novo MCMV - FDS/Arquivados/Arquivo 2025 - Trab Social/EXEC_TS_FDS_20251201_041032.csv,.csv,dado_tabular_ou_serializado,entidades,nao_identificada,2025-12,pista_semantica_mesma_frente_periodo_fonte,1,raw/sftp/fabrica/GEFUS/ANTERIORES/INT059_MinisterioCidades_FDS_CAIXA_EMPREENDIMENTOS_20251230.TXT
EXEC_TS_FDS_20251202_041017.csv,OneDrive_2026-08-19 (4).zip,Novo MCMV - FDS/Arquivados/Arquivo 2025 - Trab Social/EXEC_TS_FDS_20251202_041017.csv,.csv,dado_tabular_ou_serializado,entidades,nao_identificada,2025-12,pista_semantica_mesma_frente_periodo_fonte,1,raw/sftp/fabrica/GEFUS/ANTERIORES/INT059_MinisterioCidades_FDS_CAIXA_EMPREENDIMENTOS_20251230.TXT
EXEC_TS_FDS_20251203_041015.csv,OneDrive_2026-08-19 (4).zip,Novo MCMV - FDS/Arquivados/Arquivo 2025 - Trab Social/EXEC_TS_FDS_20251203_041015.csv,.csv,dado_tabular_ou_serializado,entidades,nao_identificada,2025-12,pista_semantica_mesma_frente_periodo_fonte,1,raw/sftp/fabrica/GEFUS/ANTERIORES/INT059_MinisterioCidades_FDS_CAIXA_EMPREENDIMENTOS_20251230.TXT
EXEC_TS_FDS_20251204_041027.csv,OneDrive_2026-08-19 (4).zip,Novo MCMV - FDS/Arquivados/Arquivo 2025 - Trab Social/EXEC_TS_FDS_20251204_041027.csv,.csv,dado_tabular_ou_serializado,entidades,nao_identificada,2025-12,pista_semantica_mesma_frente_periodo_fonte,1,raw/sftp/fabrica/GEFUS/ANTERIORES/INT059_MinisterioCidades_FDS_CAIXA_EMPREENDIMENTOS_20251230.TXT
EXEC_TS_FDS_20251208_041025.csv,OneDrive_2026-08-19 (4).zip,Novo MCMV - FDS/Arquivados/Arquivo 2025 - Trab Social/EXEC_TS_FDS_20251208_041025.csv,.csv,dado_tabular_ou_serializado,entidades,nao_identificada,2025-12,pista_semantica_mesma_frente_periodo_fonte,1,raw/sftp/fabrica/GEFUS/ANTERIORES/INT059_MinisterioCidades_FDS_CAIXA_EMPREENDIMENTOS_20251230.TXT
EXEC_TS_FDS_20251209_040938.csv,OneDrive_2026-08-19 (4).zip,Novo MCMV - FDS/Arquivados/Arquivo 2025 - Trab Social/EXEC_TS_FDS_20251209_040938.csv,.csv,dado_tabular_ou_serializado,entidades,nao_identificada,2025-12,pista_semantica_mesma_frente_periodo_fonte,1,raw/sftp/fabrica/GEFUS/ANTERIORES/INT059_MinisterioCidades_FDS_CAIXA_EMPREENDIMENTOS_20251230.TXT
EXEC_TS_FDS_20251210_041156.csv,OneDrive_2026-08-19 (4).zip,Novo MCMV - FDS/Arquivados/Arquivo 2025 - Trab Social/EXEC_TS_FDS_20251210_041156.csv,.csv,dado_tabular_ou_serializado,entidades,nao_identificada,2025-12,pista_semantica_mesma_frente_periodo_fonte,1,raw/sftp/fabrica/GEFUS/ANTERIORES/INT059_MinisterioCidades_FDS_CAIXA_EMPREENDIMENTOS_20251230.TXT
EXEC_TS_FDS_20251211_040917.csv,OneDrive_2026-08-19 (4).zip,Novo MCMV - FDS/Arquivados/Arquivo 2025 - Trab Social/EXEC_TS_FDS_20251211_040917.csv,.csv,dado_tabular_ou_serializado,entidades,nao_identificada,2025-12,pista_semantica_mesma_frente_periodo_fonte,1,raw/sftp/fabrica/GEFUS/ANTERIORES/INT059_MinisterioCidades_FDS_CAIXA_EMPREENDIMENTOS_20251230.TXT
EXEC_TS_FDS_20251212_144054.csv,OneDrive_2026-08-19 (4).zip,Novo MCMV - FDS/Arquivados/Arquivo 2025 - Trab Social/EXEC_TS_FDS_20251212_144054.csv,.csv,dado_tabular_ou_serializado,entidades,nao_identificada,2025-12,pista_semantica_mesma_frente_periodo_fonte,1,raw/sftp/fabrica/GEFUS/ANTERIORES/INT059_MinisterioCidades_FDS_CAIXA_EMPREENDIMENTOS_20251230.TXT
EXEC_TS_FDS_20251215_041001.csv,OneDrive_2026-08-19 (4).zip,Novo MCMV - FDS/Arquivados/Arquivo 2025 - Trab Social/EXEC_TS_FDS_20251215_041001.csv,.csv,dado_tabular_ou_serializado,entidades,nao_identificada,2025-12,pista_semantica_mesma_frente_periodo_fonte,1,raw/sftp/fabrica/GEFUS/ANTERIORES/INT059_MinisterioCidades_FDS_CAIXA_EMPREENDIMENTOS_20251230.TXT
EXEC_TS_FDS_20251216_040911.csv,OneDrive_2026-08-19 (4).zip,Novo MCMV - FDS/Arquivados/Arquivo 2025 - Trab Social/EXEC_TS_FDS_20251216_040911.csv,.csv,dado_tabular_ou_serializado,entidades,nao_identificada,2025-12,pista_semantica_mesma_frente_periodo_fonte,1,raw/sftp/fabrica/GEFUS/ANTERIORES/INT059_MinisterioCidades_FDS_CAIXA_EMPREENDIMENTOS_20251230.TXT
EXEC_TS_FDS_20251217_041000.csv,OneDrive_2026-08-19 (4).zip,Novo MCMV - FDS/Arquivados/Arquivo 2025 - Trab Social/EXEC_TS_FDS_20251217_041000.csv,.csv,dado_tabular_ou_serializado,entidades,nao_identificada,2025-12,pista_semantica_mesma_frente_periodo_fonte,1,raw/sftp/fabrica/GEFUS/ANTERIORES/INT059_MinisterioCidades_FDS_CAIXA_EMPREENDIMENTOS_20251230.TXT
EXEC_TS_FDS_20251218_040908.csv,OneDrive_2026-08-19 (4).zip,Novo MCMV - FDS/Arquivados/Arquivo 2025 - Trab Social/EXEC_TS_FDS_20251218_040908.csv,.csv,dado_tabular_ou_serializado,entidades,nao_identificada,2025-12,pista_semantica_mesma_frente_periodo_fonte,1,raw/sftp/fabrica/GEFUS/ANTERIORES/INT059_MinisterioCidades_FDS_CAIXA_EMPREENDIMENTOS_20251230.TXT
EXEC_TS_FDS_20251219_041016.csv,OneDrive_2026-08-19 (4).zip,Novo MCMV - FDS/Arquivados/Arquivo 2025 - Trab Social/EXEC_TS_FDS_20251219_041016.csv,.csv,dado_tabular_ou_serializado,entidades,nao_identificada,2025-12,pista_semantica_mesma_frente_periodo_fonte,1,raw/sftp/fabrica/GEFUS/ANTERIORES/INT059_MinisterioCidades_FDS_CAIXA_EMPREENDIMENTOS_20251230.TXT
EXEC_TS_FDS_20251224_040934.csv,OneDrive_2026-08-19 (4).zip,Novo MCMV - FDS/Arquivados/Arquivo 2025 - Trab Social/EXEC_TS_FDS_20251224_040934.csv,.csv,dado_tabular_ou_serializado,entidades,nao_identificada,2025-12,pista_semantica_mesma_frente_periodo_fonte,1,raw/sftp/fabrica/GEFUS/ANTERIORES/INT059_MinisterioCidades_FDS_CAIXA_EMPREENDIMENTOS_20251230.TXT
MONIT_EXEC_TS_FDS_DIARIO_20251229_134030.CSV,OneDrive_2026-08-19 (4).zip,Novo MCMV - FDS/Arquivados/Arquivo 2025 - Trab Social/MONIT_EXEC_TS_FDS_DIARIO_20251229_134030.CSV,.csv,dado_tabular_ou_serializado,entidades,nao_identificada,2025-12,pista_semantica_mesma_frente_periodo_fonte,1,raw/sftp/fabrica/GEFUS/ANTERIORES/INT059_MinisterioCidades_FDS_CAIXA_EMPREENDIMENTOS_20251230.TXT
MONIT_CAD_PJ_FDS_MENSAL_202512_040936.CSV,OneDrive_2026-08-19 (4).zip,Novo MCMV - FDS/FDS - Cadastro PJ - Mensal/MONIT_CAD_PJ_FDS_MENSAL_202512_040936.CSV,.csv,dado_tabular_ou_serializado,entidades,nao_identificada,2025-12,pista_semantica_mesma_frente_periodo_fonte,1,raw/sftp/fabrica/GEFUS/ANTERIORES/INT059_MinisterioCidades_FDS_CAIXA_EMPREENDIMENTOS_20251230.TXT
MONIT_CAD_PJ_FDS_MENSAL_202601_042125.CSV,OneDrive_2026-08-19 (4).zip,Novo MCMV - FDS/FDS - Cadastro PJ - Mensal/MONIT_CAD_PJ_FDS_MENSAL_202601_042125.CSV,.csv,dado_tabular_ou_serializado,entidades,nao_identificada,2026-01,nao_encontrado_no_minio_consultado,0,
MONIT_MOV_OBRA_FDS_MENSAL_202601_042139.CSV,OneDrive_2026-08-19 (4).zip,Novo MCMV - FDS/FDS - Cadastro PJ - Mensal/MONIT_MOV_OBRA_FDS_MENSAL_202601_042139.CSV,.csv,dado_tabular_ou_serializado,entidades,nao_identificada,2026-01,nao_encontrado_no_minio_consultado,0,
MONIT_CAD_PJ_FDS_SEMANAL_20260126_040838.CSV,OneDrive_2026-08-19 (4).zip,Novo MCMV - FDS/FDS - Cadastro PJ - Semanal/MONIT_CAD_PJ_FDS_SEMANAL_20260126_040838.CSV,.csv,dado_tabular_ou_serializado,entidades,nao_identificada,2026-01,nao_encontrado_no_minio_consultado,0,
MONIT_MOV_FINANC_FDS_MENSAL_202512_103034.CSV,OneDrive_2026-08-19 (4).zip,Novo MCMV - FDS/FDS - Financeiro - Mensal/MONIT_MOV_FINANC_FDS_MENSAL_202512_103034.CSV,.csv,dado_tabular_ou_serializado,entidades,nao_identificada,2025-12,pista_semantica_mesma_frente_periodo_fonte,1,raw/sftp/fabrica/GEFUS/ANTERIORES/INT059_MinisterioCidades_FDS_CAIXA_EMPREENDIMENTOS_20251230.TXT
MONIT_MOV_FINANC_FDS_MENSAL_202601_103048.CSV,OneDrive_2026-08-19 (4).zip,Novo MCMV - FDS/FDS - Financeiro - Mensal/MONIT_MOV_FINANC_FDS_MENSAL_202601_103048.CSV,.csv,dado_tabular_ou_serializado,entidades,nao_identificada,2026-01,nao_encontrado_no_minio_consultado,0,
MONIT_MOV_FINANC_FDS_DIARIO_20260105_103027.CSV,OneDrive_2026-08-19 (4).zip,Novo MCMV - FDS/FDS - Financeiro - Semanal/MONIT_MOV_FINANC_FDS_DIARIO_20260105_103027.CSV,.csv,dado_tabular_ou_serializado,entidades,nao_identificada,2026-01,nao_encontrado_no_minio_consultado,0,
MONIT_MOV_FINANC_FDS_DIARIO_20260106_103027.CSV,OneDrive_2026-08-19 (4).zip,Novo MCMV - FDS/FDS - Financeiro - Semanal/MONIT_MOV_FINANC_FDS_DIARIO_20260106_103027.CSV,.csv,dado_tabular_ou_serializado,entidades,nao_identificada,2026-01,nao_encontrado_no_minio_consultado,0,
MONIT_MOV_FINANC_FDS_DIARIO_20260107_103023.CSV,OneDrive_2026-08-19 (4).zip,Novo MCMV - FDS/FDS - Financeiro - Semanal/MONIT_MOV_FINANC_FDS_DIARIO_20260107_103023.CSV,.csv,dado_tabular_ou_serializado,entidades,nao_identificada,2026-01,nao_encontrado_no_minio_consultado,0,
MONIT_MOV_FINANC_FDS_DIARIO_20260108_103022.CSV,OneDrive_2026-08-19 (4).zip,Novo MCMV - FDS/FDS - Financeiro - Semanal/MONIT_MOV_FINANC_FDS_DIARIO_20260108_103022.CSV,.csv,dado_tabular_ou_serializado,entidades,nao_identificada,2026-01,nao_encontrado_no_minio_consultado,0,
MONIT_MOV_FINANC_FDS_DIARIO_20260109_103022.CSV,OneDrive_2026-08-19 (4).zip,Novo MCMV - FDS/FDS - Financeiro - Semanal/MONIT_MOV_FINANC_FDS_DIARIO_20260109_103022.CSV,.csv,dado_tabular_ou_serializado,entidades,nao_identificada,2026-01,nao_encontrado_no_minio_consultado,0,
MONIT_MOV_FINANC_FDS_DIARIO_20260112_103024.CSV,OneDrive_2026-08-19 (4).zip,Novo MCMV - FDS/FDS - Financeiro - Semanal/MONIT_MOV_FINANC_FDS_DIARIO_20260112_103024.CSV,.csv,dado_tabular_ou_serializado,entidades,nao_identificada,2026-01,nao_encontrado_no_minio_consultado,0,
MONIT_MOV_FINANC_FDS_DIARIO_20260113_103024.CSV,OneDrive_2026-08-19 (4).zip,Novo MCMV - FDS/FDS - Financeiro - Semanal/MONIT_MOV_FINANC_FDS_DIARIO_20260113_103024.CSV,.csv,dado_tabular_ou_serializado,entidades,nao_identificada,2026-01,nao_encontrado_no_minio_consultado,0,
MONIT_MOV_FINANC_FDS_DIARIO_20260114_103023.CSV,OneDrive_2026-08-19 (4).zip,Novo MCMV - FDS/FDS - Financeiro - Semanal/MONIT_MOV_FINANC_FDS_DIARIO_20260114_103023.CSV,.csv,dado_tabular_ou_serializado,entidades,nao_identificada,2026-01,nao_encontrado_no_minio_consultado,0,
MONIT_MOV_FINANC_FDS_DIARIO_20260115_103038.CSV,OneDrive_2026-08-19 (4).zip,Novo MCMV - FDS/FDS - Financeiro - Semanal/MONIT_MOV_FINANC_FDS_DIARIO_20260115_103038.CSV,.csv,dado_tabular_ou_serializado,entidades,nao_identificada,2026-01,nao_encontrado_no_minio_consultado,0,
MONIT_MOV_FINANC_FDS_DIARIO_20260116_103025.CSV,OneDrive_2026-08-19 (4).zip,Novo MCMV - FDS/FDS - Financeiro - Semanal/MONIT_MOV_FINANC_FDS_DIARIO_20260116_103025.CSV,.csv,dado_tabular_ou_serializado,entidades,nao_identificada,2026-01,nao_encontrado_no_minio_consultado,0,
MONIT_MOV_FINANC_FDS_DIARIO_20260119_103022.CSV,OneDrive_2026-08-19 (4).zip,Novo MCMV - FDS/FDS - Financeiro - Semanal/MONIT_MOV_FINANC_FDS_DIARIO_20260119_103022.CSV,.csv,dado_tabular_ou_serializado,entidades,nao_identificada,2026-01,nao_encontrado_no_minio_consultado,0,
MONIT_MOV_FINANC_FDS_SEMANAL_20260126_103025.CSV,OneDrive_2026-08-19 (4).zip,Novo MCMV - FDS/FDS - Financeiro - Semanal/MONIT_MOV_FINANC_FDS_SEMANAL_20260126_103025.CSV,.csv,dado_tabular_ou_serializado,entidades,nao_identificada,2026-01,nao_encontrado_no_minio_consultado,0,
MONIT_MOV_FINANC_FDS_SEMANAL_20260202_103048.CSV,OneDrive_2026-08-19 (4).zip,Novo MCMV - FDS/FDS - Financeiro - Semanal/MONIT_MOV_FINANC_FDS_SEMANAL_20260202_103048.CSV,.csv,dado_tabular_ou_serializado,entidades,nao_identificada,2026-02,nao_encontrado_no_minio_consultado,0,
MONIT_MOV_OBRA_FDS_MENSAL_202512_040950.CSV,OneDrive_2026-08-19 (4).zip,Novo MCMV - FDS/FDS - Obra - Mensal/MONIT_MOV_OBRA_FDS_MENSAL_202512_040950.CSV,.csv,dado_tabular_ou_serializado,entidades,nao_identificada,2025-12,pista_semantica_mesma_frente_periodo_fonte,1,raw/sftp/fabrica/GEFUS/ANTERIORES/INT059_MinisterioCidades_FDS_CAIXA_EMPREENDIMENTOS_20251230.TXT
MONIT_MOV_OBRA_FDS_MENSAL_202601_042139.CSV,OneDrive_2026-08-19 (4).zip,Novo MCMV - FDS/FDS - Obra - Mensal/MONIT_MOV_OBRA_FDS_MENSAL_202601_042139.CSV,.csv,dado_tabular_ou_serializado,entidades,nao_identificada,2026-01,nao_encontrado_no_minio_consultado,0,
MONIT_MOV_OBRA_FDS_DIARIO_20260101_040904.CSV,OneDrive_2026-08-19 (4).zip,Novo MCMV - FDS/FDS - Obra - Semanal/MONIT_MOV_OBRA_FDS_DIARIO_20260101_040904.CSV,.csv,dado_tabular_ou_serializado,entidades,nao_identificada,2026-01,nao_encontrado_no_minio_consultado,0,
MONIT_MOV_OBRA_FDS_DIARIO_20260105_040937.CSV,OneDrive_2026-08-19 (4).zip,Novo MCMV - FDS/FDS - Obra - Semanal/MONIT_MOV_OBRA_FDS_DIARIO_20260105_040937.CSV,.csv,dado_tabular_ou_serializado,entidades,nao_identificada,2026-01,nao_encontrado_no_minio_consultado,0,
MONIT_MOV_OBRA_FDS_DIARIO_20260107_040849.CSV,OneDrive_2026-08-19 (4).zip,Novo MCMV - FDS/FDS - Obra - Semanal/MONIT_MOV_OBRA_FDS_DIARIO_20260107_040849.CSV,.csv,dado_tabular_ou_serializado,entidades,nao_identificada,2026-01,nao_encontrado_no_minio_consultado,0,
MONIT_MOV_OBRA_FDS_DIARIO_20260119_040816.CSV,OneDrive_2026-08-19 (4).zip,Novo MCMV - FDS/FDS - Obra - Semanal/MONIT_MOV_OBRA_FDS_DIARIO_20260119_040816.CSV,.csv,dado_tabular_ou_serializado,entidades,nao_identificada,2026-01,nao_encontrado_no_minio_consultado,0,
MONIT_MOV_OBRA_FDS_DIARIO_20260123_040837.CSV,OneDrive_2026-08-19 (4).zip,Novo MCMV - FDS/FDS - Obra - Semanal/MONIT_MOV_OBRA_FDS_DIARIO_20260123_040837.CSV,.csv,dado_tabular_ou_serializado,entidades,nao_identificada,2026-01,nao_encontrado_no_minio_consultado,0,
MONIT_EXEC_TS_FDS_MENSAL_202512_041003.CSV,OneDrive_2026-08-19 (4).zip,Novo MCMV - FDS/FDS - Trabalho Social - Mensal/MONIT_EXEC_TS_FDS_MENSAL_202512_041003.CSV,.csv,dado_tabular_ou_serializado,entidades,nao_identificada,2025-12,pista_semantica_mesma_frente_periodo_fonte,1,raw/sftp/fabrica/GEFUS/ANTERIORES/INT059_MinisterioCidades_FDS_CAIXA_EMPREENDIMENTOS_20251230.TXT
MONIT_EXEC_TS_FDS_MENSAL_202601_042152.CSV,OneDrive_2026-08-19 (4).zip,Novo MCMV - FDS/FDS - Trabalho Social - Mensal/MONIT_EXEC_TS_FDS_MENSAL_202601_042152.CSV,.csv,dado_tabular_ou_serializado,entidades,nao_identificada,2026-01,nao_encontrado_no_minio_consultado,0,
MONIT_EXEC_TS_FDS_DIARIO_20260109_040754.CSV,OneDrive_2026-08-19 (4).zip,Novo MCMV - FDS/FDS - Trabalho Social - Semanal/MONIT_EXEC_TS_FDS_DIARIO_20260109_040754.CSV,.csv,dado_tabular_ou_serializado,entidades,nao_identificada,2026-01,nao_encontrado_no_minio_consultado,0,
MONIT_EXEC_TS_FDS_DIARIO_20260119_040829.CSV,OneDrive_2026-08-19 (4).zip,Novo MCMV - FDS/FDS - Trabalho Social - Semanal/MONIT_EXEC_TS_FDS_DIARIO_20260119_040829.CSV,.csv,dado_tabular_ou_serializado,entidades,nao_identificada,2026-01,nao_encontrado_no_minio_consultado,0,
MONIT_EXEC_TS_FDS_SEMANAL_20260126_040852.CSV,OneDrive_2026-08-19 (4).zip,Novo MCMV - FDS/FDS - Trabalho Social - Semanal/MONIT_EXEC_TS_FDS_SEMANAL_20260126_040852.CSV,.csv,dado_tabular_ou_serializado,entidades,nao_identificada,2026-01,nao_encontrado_no_minio_consultado,0,
MONIT_EXEC_TS_FDS_SEMANAL_20260202_042152.CSV,OneDrive_2026-08-19 (4).zip,Novo MCMV - FDS/FDS - Trabalho Social - Semanal/MONIT_EXEC_TS_FDS_SEMANAL_20260202_042152.CSV,.csv,dado_tabular_ou_serializado,entidades,nao_identificada,2026-02,nao_encontrado_no_minio_consultado,0,
MONIT_CAD_PJ_FDS_LAYOUT_20260401_043213.CSV,OneDrive_2026-08-19 (4).zip,Novo MCMV - FDS/MONIT_CAD_PJ_FDS_LAYOUT_20260401_043213.CSV,.csv,dado_tabular_ou_serializado,entidades,nao_identificada,2026-04,pista_semantica_mesma_frente_periodo_fonte,1,raw/sftp/fabrica/GEFUS/INT042_MinisterioCidades_FDS_CAIXA_PF_20260430_CONTINGENCIA.TXT
MONIT_CAD_PJ_FDS_LAYOUT_20260406_042544.CSV,OneDrive_2026-08-19 (4).zip,Novo MCMV - FDS/MONIT_CAD_PJ_FDS_LAYOUT_20260406_042544.CSV,.csv,dado_tabular_ou_serializado,entidades,nao_identificada,2026-04,pista_semantica_mesma_frente_periodo_fonte,1,raw/sftp/fabrica/GEFUS/INT042_MinisterioCidades_FDS_CAIXA_PF_20260430_CONTINGENCIA.TXT
MONIT_CAD_PJ_FDS_LAYOUT_20260413_042731.CSV,OneDrive_2026-08-19 (4).zip,Novo MCMV - FDS/MONIT_CAD_PJ_FDS_LAYOUT_20260413_042731.CSV,.csv,dado_tabular_ou_serializado,entidades,nao_identificada,2026-04,pista_semantica_mesma_frente_periodo_fonte,1,raw/sftp/fabrica/GEFUS/INT042_MinisterioCidades_FDS_CAIXA_PF_20260430_CONTINGENCIA.TXT
MONIT_CAD_PJ_FDS_LAYOUT_20260420_044427.CSV,OneDrive_2026-08-19 (4).zip,Novo MCMV - FDS/MONIT_CAD_PJ_FDS_LAYOUT_20260420_044427.CSV,.csv,dado_tabular_ou_serializado,entidades,nao_identificada,2026-04,pista_semantica_mesma_frente_periodo_fonte,1,raw/sftp/fabrica/GEFUS/INT042_MinisterioCidades_FDS_CAIXA_PF_20260430_CONTINGENCIA.TXT
MONIT_CAD_PJ_FDS_LAYOUT_20260504_043409.CSV,OneDrive_2026-08-19 (4).zip,Novo MCMV - FDS/MONIT_CAD_PJ_FDS_LAYOUT_20260504_043409.CSV,.csv,dado_tabular_ou_serializado,entidades,nao_identificada,2026-05,nao_encontrado_no_minio_consultado,0,
MONIT_CAD_PJ_FDS_LAYOUT_20260511_043507.CSV,OneDrive_2026-08-19 (4).zip,Novo MCMV - FDS/MONIT_CAD_PJ_FDS_LAYOUT_20260511_043507.CSV,.csv,dado_tabular_ou_serializado,entidades,nao_identificada,2026-05,nao_encontrado_no_minio_consultado,0,
MONIT_CAD_PJ_FDS_LAYOUT_20260601_043246.CSV,OneDrive_2026-08-19 (4).zip,Novo MCMV - FDS/MONIT_CAD_PJ_FDS_LAYOUT_20260601_043246.CSV,.csv,dado_tabular_ou_serializado,entidades,nao_identificada,2026-06,pista_semantica_mesma_frente_periodo_fonte,1,raw/sftp/fabrica/GEFUS/INT059_MinisterioCidades_FDS_CAIXA_EMPREENDIMENTOS_20260630.TXT
MONIT_CAD_PJ_FDS_LAYOUT_20260615_043053.CSV,OneDrive_2026-08-19 (4).zip,Novo MCMV - FDS/MONIT_CAD_PJ_FDS_LAYOUT_20260615_043053.CSV,.csv,dado_tabular_ou_serializado,entidades,nao_identificada,2026-06,pista_semantica_mesma_frente_periodo_fonte,1,raw/sftp/fabrica/GEFUS/INT059_MinisterioCidades_FDS_CAIXA_EMPREENDIMENTOS_20260630.TXT
MONIT_CAD_PJ_FDS_LAYOUT_20260701_043003.CSV,OneDrive_2026-08-19 (4).zip,Novo MCMV - FDS/MONIT_CAD_PJ_FDS_LAYOUT_20260701_043003.CSV,.csv,dado_tabular_ou_serializado,entidades,nao_identificada,2026-07,nao_encontrado_no_minio_consultado,0,
MONIT_CAD_PJ_FDS_LAYOUT_20260706_042848.CSV,OneDrive_2026-08-19 (4).zip,Novo MCMV - FDS/MONIT_CAD_PJ_FDS_LAYOUT_20260706_042848.CSV,.csv,dado_tabular_ou_serializado,entidades,nao_identificada,2026-07,nao_encontrado_no_minio_consultado,0,
MONIT_CAD_PJ_FDS_LAYOUT_20260803_041754.CSV,OneDrive_2026-08-19 (4).zip,Novo MCMV - FDS/MONIT_CAD_PJ_FDS_LAYOUT_20260803_041754.CSV,.csv,dado_tabular_ou_serializado,entidades,nao_identificada,2026-08,nao_encontrado_no_minio_consultado,0,
MONIT_CAD_PJ_FDS_MENSAL_202602_042737.CSV,OneDrive_2026-08-19 (4).zip,Novo MCMV - FDS/MONIT_CAD_PJ_FDS_MENSAL_202602_042737.CSV,.csv,dado_tabular_ou_serializado,entidades,nao_identificada,2026-02,nao_encontrado_no_minio_consultado,0,
MONIT_CAD_PJ_FDS_MENSAL_202603_043213.CSV,OneDrive_2026-08-19 (4).zip,Novo MCMV - FDS/MONIT_CAD_PJ_FDS_MENSAL_202603_043213.CSV,.csv,dado_tabular_ou_serializado,entidades,nao_identificada,2026-03,nao_encontrado_no_minio_consultado,0,
MONIT_CAD_PJ_FDS_MENSAL_202604_043409.CSV,OneDrive_2026-08-19 (4).zip,Novo MCMV - FDS/MONIT_CAD_PJ_FDS_MENSAL_202604_043409.CSV,.csv,dado_tabular_ou_serializado,entidades,nao_identificada,2026-04,pista_semantica_mesma_frente_periodo_fonte,1,raw/sftp/fabrica/GEFUS/INT042_MinisterioCidades_FDS_CAIXA_PF_20260430_CONTINGENCIA.TXT
MONIT_CAD_PJ_FDS_MENSAL_202605_043246.CSV,OneDrive_2026-08-19 (4).zip,Novo MCMV - FDS/MONIT_CAD_PJ_FDS_MENSAL_202605_043246.CSV,.csv,dado_tabular_ou_serializado,entidades,nao_identificada,2026-05,nao_encontrado_no_minio_consultado,0,
MONIT_CAD_PJ_FDS_MENSAL_202606_043003.CSV,OneDrive_2026-08-19 (4).zip,Novo MCMV - FDS/MONIT_CAD_PJ_FDS_MENSAL_202606_043003.CSV,.csv,dado_tabular_ou_serializado,entidades,nao_identificada,2026-06,pista_semantica_mesma_frente_periodo_fonte,1,raw/sftp/fabrica/GEFUS/INT059_MinisterioCidades_FDS_CAIXA_EMPREENDIMENTOS_20260630.TXT
MONIT_CAD_PJ_FDS_MENSAL_202607_041754.CSV,OneDrive_2026-08-19 (4).zip,Novo MCMV - FDS/MONIT_CAD_PJ_FDS_MENSAL_202607_041754.CSV,.csv,dado_tabular_ou_serializado,entidades,nao_identificada,2026-07,nao_encontrado_no_minio_consultado,0,
MONIT_CAD_PJ_FDS_SEMANAL_202602_042805.CSV,OneDrive_2026-08-19 (4).zip,Novo MCMV - FDS/MONIT_CAD_PJ_FDS_SEMANAL_202602_042805.CSV,.csv,dado_tabular_ou_serializado,entidades,nao_identificada,2026-02,nao_encontrado_no_minio_consultado,0,
MONIT_CAD_PJ_FDS_SEMANAL_20260216_042605.CSV,OneDrive_2026-08-19 (4).zip,Novo MCMV - FDS/MONIT_CAD_PJ_FDS_SEMANAL_20260216_042605.CSV,.csv,dado_tabular_ou_serializado,entidades,nao_identificada,2026-02,nao_encontrado_no_minio_consultado,0,
MONIT_CAD_PJ_FDS_SEMANAL_202603_042544.CSV,OneDrive_2026-08-19 (4).zip,Novo MCMV - FDS/MONIT_CAD_PJ_FDS_SEMANAL_202603_042544.CSV,.csv,dado_tabular_ou_serializado,entidades,nao_identificada,2026-03,nao_encontrado_no_minio_consultado,0,
MONIT_CAD_PJ_FDS_SEMANAL_202603_042731.CSV,OneDrive_2026-08-19 (4).zip,Novo MCMV - FDS/MONIT_CAD_PJ_FDS_SEMANAL_202603_042731.CSV,.csv,dado_tabular_ou_serializado,entidades,nao_identificada,2026-03,nao_encontrado_no_minio_consultado,0,
MONIT_CAD_PJ_FDS_SEMANAL_202603_044427.CSV,OneDrive_2026-08-19 (4).zip,Novo MCMV - FDS/MONIT_CAD_PJ_FDS_SEMANAL_202603_044427.CSV,.csv,dado_tabular_ou_serializado,entidades,nao_identificada,2026-03,nao_encontrado_no_minio_consultado,0,
MONIT_CAD_PJ_FDS_SEMANAL_20260302_042737.CSV,OneDrive_2026-08-19 (4).zip,Novo MCMV - FDS/MONIT_CAD_PJ_FDS_SEMANAL_20260302_042737.CSV,.csv,dado_tabular_ou_serializado,entidades,nao_identificada,2026-03,nao_encontrado_no_minio_consultado,0,
MONIT_CAD_PJ_FDS_SEMANAL_202604_043409.CSV,OneDrive_2026-08-19 (4).zip,Novo MCMV - FDS/MONIT_CAD_PJ_FDS_SEMANAL_202604_043409.CSV,.csv,dado_tabular_ou_serializado,entidades,nao_identificada,2026-04,pista_semantica_mesma_frente_periodo_fonte,1,raw/sftp/fabrica/GEFUS/INT042_MinisterioCidades_FDS_CAIXA_PF_20260430_CONTINGENCIA.TXT
MONIT_CAD_PJ_FDS_SEMANAL_202604_043507.CSV,OneDrive_2026-08-19 (4).zip,Novo MCMV - FDS/MONIT_CAD_PJ_FDS_SEMANAL_202604_043507.CSV,.csv,dado_tabular_ou_serializado,entidades,nao_identificada,2026-04,pista_semantica_mesma_frente_periodo_fonte,1,raw/sftp/fabrica/GEFUS/INT042_MinisterioCidades_FDS_CAIXA_PF_20260430_CONTINGENCIA.TXT
MONIT_CAD_PJ_FDS_SEMANAL_202605_043053.CSV,OneDrive_2026-08-19 (4).zip,Novo MCMV - FDS/MONIT_CAD_PJ_FDS_SEMANAL_202605_043053.CSV,.csv,dado_tabular_ou_serializado,entidades,nao_identificada,2026-05,nao_encontrado_no_minio_consultado,0,
MONIT_CAD_PJ_FDS_SEMANAL_202606_042848.CSV,OneDrive_2026-08-19 (4).zip,Novo MCMV - FDS/MONIT_CAD_PJ_FDS_SEMANAL_202606_042848.CSV,.csv,dado_tabular_ou_serializado,entidades,nao_identificada,2026-06,pista_semantica_mesma_frente_periodo_fonte,1,raw/sftp/fabrica/GEFUS/INT059_MinisterioCidades_FDS_CAIXA_EMPREENDIMENTOS_20260630.TXT
MONIT_EXEC_TS_FDS_LAYOUT_20260216_042632.CSV,OneDrive_2026-08-19 (4).zip,Novo MCMV - FDS/MONIT_EXEC_TS_FDS_LAYOUT_20260216_042632.CSV,.csv,dado_tabular_ou_serializado,entidades,nao_identificada,2026-02,nao_encontrado_no_minio_consultado,0,
MONIT_EXEC_TS_FDS_LAYOUT_20260302_042830.CSV,OneDrive_2026-08-19 (4).zip,Novo MCMV - FDS/MONIT_EXEC_TS_FDS_LAYOUT_20260302_042830.CSV,.csv,dado_tabular_ou_serializado,entidades,nao_identificada,2026-03,nao_encontrado_no_minio_consultado,0,
MONIT_EXEC_TS_FDS_LAYOUT_20260309_042948.CSV,OneDrive_2026-08-19 (4).zip,Novo MCMV - FDS/MONIT_EXEC_TS_FDS_LAYOUT_20260309_042948.CSV,.csv,dado_tabular_ou_serializado,entidades,nao_identificada,2026-03,nao_encontrado_no_minio_consultado,0,
MONIT_EXEC_TS_FDS_LAYOUT_20260316_042858.CSV,OneDrive_2026-08-19 (4).zip,Novo MCMV - FDS/MONIT_EXEC_TS_FDS_LAYOUT_20260316_042858.CSV,.csv,dado_tabular_ou_serializado,entidades,nao_identificada,2026-03,nao_encontrado_no_minio_consultado,0,
MONIT_EXEC_TS_FDS_LAYOUT_20260330_042212.CSV,OneDrive_2026-08-19 (4).zip,Novo MCMV - FDS/MONIT_EXEC_TS_FDS_LAYOUT_20260330_042212.CSV,.csv,dado_tabular_ou_serializado,entidades,nao_identificada,2026-03,nao_encontrado_no_minio_consultado,0,
MONIT_EXEC_TS_FDS_LAYOUT_20260401_043306.CSV,OneDrive_2026-08-19 (4).zip,Novo MCMV - FDS/MONIT_EXEC_TS_FDS_LAYOUT_20260401_043306.CSV,.csv,dado_tabular_ou_serializado,entidades,nao_identificada,2026-04,pista_semantica_mesma_frente_periodo_fonte,1,raw/sftp/fabrica/GEFUS/INT042_MinisterioCidades_FDS_CAIXA_PF_20260430_CONTINGENCIA.TXT
MONIT_EXEC_TS_FDS_LAYOUT_20260406_042646.CSV,OneDrive_2026-08-19 (4).zip,Novo MCMV - FDS/MONIT_EXEC_TS_FDS_LAYOUT_20260406_042646.CSV,.csv,dado_tabular_ou_serializado,entidades,nao_identificada,2026-04,pista_semantica_mesma_frente_periodo_fonte,1,raw/sftp/fabrica/GEFUS/INT042_MinisterioCidades_FDS_CAIXA_PF_20260430_CONTINGENCIA.TXT
MONIT_EXEC_TS_FDS_LAYOUT_20260420_044540.CSV,OneDrive_2026-08-19 (4).zip,Novo MCMV - FDS/MONIT_EXEC_TS_FDS_LAYOUT_20260420_044540.CSV,.csv,dado_tabular_ou_serializado,entidades,nao_identificada,2026-04,pista_semantica_mesma_frente_periodo_fonte,1,raw/sftp/fabrica/GEFUS/INT042_MinisterioCidades_FDS_CAIXA_PF_20260430_CONTINGENCIA.TXT
MONIT_EXEC_TS_FDS_LAYOUT_20260504_043556.CSV,OneDrive_2026-08-19 (4).zip,Novo MCMV - FDS/MONIT_EXEC_TS_FDS_LAYOUT_20260504_043556.CSV,.csv,dado_tabular_ou_serializado,entidades,nao_identificada,2026-05,nao_encontrado_no_minio_consultado,0,
MONIT_EXEC_TS_FDS_LAYOUT_20260511_043639.CSV,OneDrive_2026-08-19 (4).zip,Novo MCMV - FDS/MONIT_EXEC_TS_FDS_LAYOUT_20260511_043639.CSV,.csv,dado_tabular_ou_serializado,entidades,nao_identificada,2026-05,nao_encontrado_no_minio_consultado,0,
MONIT_EXEC_TS_FDS_LAYOUT_20260518_043438.CSV,OneDrive_2026-08-19 (4).zip,Novo MCMV - FDS/MONIT_EXEC_TS_FDS_LAYOUT_20260518_043438.CSV,.csv,dado_tabular_ou_serializado,entidades,nao_identificada,2026-05,nao_encontrado_no_minio_consultado,0,
MONIT_EXEC_TS_FDS_LAYOUT_20260525_043153.CSV,OneDrive_2026-08-19 (4).zip,Novo MCMV - FDS/MONIT_EXEC_TS_FDS_LAYOUT_20260525_043153.CSV,.csv,dado_tabular_ou_serializado,entidades,nao_identificada,2026-05,nao_encontrado_no_minio_consultado,0,
MONIT_EXEC_TS_FDS_LAYOUT_20260601_043339.CSV,OneDrive_2026-08-19 (4).zip,Novo MCMV - FDS/MONIT_EXEC_TS_FDS_LAYOUT_20260601_043339.CSV,.csv,dado_tabular_ou_serializado,entidades,nao_identificada,2026-06,pista_semantica_mesma_frente_periodo_fonte,1,raw/sftp/fabrica/GEFUS/INT059_MinisterioCidades_FDS_CAIXA_EMPREENDIMENTOS_20260630.TXT
MONIT_EXEC_TS_FDS_LAYOUT_20260608_042747.CSV,OneDrive_2026-08-19 (4).zip,Novo MCMV - FDS/MONIT_EXEC_TS_FDS_LAYOUT_20260608_042747.CSV,.csv,dado_tabular_ou_serializado,entidades,nao_identificada,2026-06,pista_semantica_mesma_frente_periodo_fonte,1,raw/sftp/fabrica/GEFUS/INT059_MinisterioCidades_FDS_CAIXA_EMPREENDIMENTOS_20260630.TXT
MONIT_EXEC_TS_FDS_LAYOUT_20260629_042656.CSV,OneDrive_2026-08-19 (4).zip,Novo MCMV - FDS/MONIT_EXEC_TS_FDS_LAYOUT_20260629_042656.CSV,.csv,dado_tabular_ou_serializado,entidades,nao_identificada,2026-06,pista_semantica_mesma_frente_periodo_fonte,1,raw/sftp/fabrica/GEFUS/INT059_MinisterioCidades_FDS_CAIXA_EMPREENDIMENTOS_20260630.TXT
MONIT_EXEC_TS_FDS_LAYOUT_20260706_042940.CSV,OneDrive_2026-08-19 (4).zip,Novo MCMV - FDS/MONIT_EXEC_TS_FDS_LAYOUT_20260706_042940.CSV,.csv,dado_tabular_ou_serializado,entidades,nao_identificada,2026-07,nao_encontrado_no_minio_consultado,0,
MONIT_EXEC_TS_FDS_LAYOUT_20260713_043007.CSV,OneDrive_2026-08-19 (4).zip,Novo MCMV - FDS/MONIT_EXEC_TS_FDS_LAYOUT_20260713_043007.CSV,.csv,dado_tabular_ou_serializado,entidades,nao_identificada,2026-07,nao_encontrado_no_minio_consultado,0,
MONIT_EXEC_TS_FDS_LAYOUT_20260720_041547.CSV,OneDrive_2026-08-19 (4).zip,Novo MCMV - FDS/MONIT_EXEC_TS_FDS_LAYOUT_20260720_041547.CSV,.csv,dado_tabular_ou_serializado,entidades,nao_identificada,2026-07,nao_encontrado_no_minio_consultado,0,
MONIT_EXEC_TS_FDS_LAYOUT_20260727_041632.CSV,OneDrive_2026-08-19 (4).zip,Novo MCMV - FDS/MONIT_EXEC_TS_FDS_LAYOUT_20260727_041632.CSV,.csv,dado_tabular_ou_serializado,entidades,nao_identificada,2026-07,nao_encontrado_no_minio_consultado,0,
MONIT_EXEC_TS_FDS_LAYOUT_20260803_041847.CSV,OneDrive_2026-08-19 (4).zip,Novo MCMV - FDS/MONIT_EXEC_TS_FDS_LAYOUT_20260803_041847.CSV,.csv,dado_tabular_ou_serializado,entidades,nao_identificada,2026-08,nao_encontrado_no_minio_consultado,0,
MONIT_EXEC_TS_FDS_LAYOUT_20260810_041652.CSV,OneDrive_2026-08-19 (4).zip,Novo MCMV - FDS/MONIT_EXEC_TS_FDS_LAYOUT_20260810_041652.CSV,.csv,dado_tabular_ou_serializado,entidades,nao_identificada,2026-08,nao_encontrado_no_minio_consultado,0,
MONIT_EXEC_TS_FDS_LAYOUT_20260817_041312.CSV,OneDrive_2026-08-19 (4).zip,Novo MCMV - FDS/MONIT_EXEC_TS_FDS_LAYOUT_20260817_041312.CSV,.csv,dado_tabular_ou_serializado,entidades,nao_identificada,2026-08,nao_encontrado_no_minio_consultado,0,
MONIT_EXEC_TS_FDS_MENSAL_202602_042830.CSV,OneDrive_2026-08-19 (4).zip,Novo MCMV - FDS/MONIT_EXEC_TS_FDS_MENSAL_202602_042830.CSV,.csv,dado_tabular_ou_serializado,entidades,nao_identificada,2026-02,nao_encontrado_no_minio_consultado,0,
MONIT_EXEC_TS_FDS_MENSAL_202603_043306.CSV,OneDrive_2026-08-19 (4).zip,Novo MCMV - FDS/MONIT_EXEC_TS_FDS_MENSAL_202603_043306.CSV,.csv,dado_tabular_ou_serializado,entidades,nao_identificada,2026-03,nao_encontrado_no_minio_consultado,0,
MONIT_EXEC_TS_FDS_MENSAL_202604_043556.CSV,OneDrive_2026-08-19 (4).zip,Novo MCMV - FDS/MONIT_EXEC_TS_FDS_MENSAL_202604_043556.CSV,.csv,dado_tabular_ou_serializado,entidades,nao_identificada,2026-04,pista_semantica_mesma_frente_periodo_fonte,1,raw/sftp/fabrica/GEFUS/INT042_MinisterioCidades_FDS_CAIXA_PF_20260430_CONTINGENCIA.TXT
MONIT_EXEC_TS_FDS_MENSAL_202605_043339.CSV,OneDrive_2026-08-19 (4).zip,Novo MCMV - FDS/MONIT_EXEC_TS_FDS_MENSAL_202605_043339.CSV,.csv,dado_tabular_ou_serializado,entidades,nao_identificada,2026-05,nao_encontrado_no_minio_consultado,0,
MONIT_EXEC_TS_FDS_MENSAL_202607_041847.CSV,OneDrive_2026-08-19 (4).zip,Novo MCMV - FDS/MONIT_EXEC_TS_FDS_MENSAL_202607_041847.CSV,.csv,dado_tabular_ou_serializado,entidades,nao_identificada,2026-07,nao_encontrado_no_minio_consultado,0,
MONIT_EXEC_TS_FDS_SEMANAL_20260216_042632.CSV,OneDrive_2026-08-19 (4).zip,Novo MCMV - FDS/MONIT_EXEC_TS_FDS_SEMANAL_20260216_042632.CSV,.csv,dado_tabular_ou_serializado,entidades,nao_identificada,2026-02,nao_encontrado_no_minio_consultado,0,
MONIT_EXEC_TS_FDS_SEMANAL_20260302_042830.CSV,OneDrive_2026-08-19 (4).zip,Novo MCMV - FDS/MONIT_EXEC_TS_FDS_SEMANAL_20260302_042830.CSV,.csv,dado_tabular_ou_serializado,entidades,nao_identificada,2026-03,nao_encontrado_no_minio_consultado,0,
MONIT_EXEC_TS_FDS_SEMANAL_20260309_042948.CSV,OneDrive_2026-08-19 (4).zip,Novo MCMV - FDS/MONIT_EXEC_TS_FDS_SEMANAL_20260309_042948.CSV,.csv,dado_tabular_ou_serializado,entidades,nao_identificada,2026-03,nao_encontrado_no_minio_consultado,0,
MONIT_EXEC_TS_FDS_SEMANAL_20260316_042858.CSV,OneDrive_2026-08-19 (4).zip,Novo MCMV - FDS/MONIT_EXEC_TS_FDS_SEMANAL_20260316_042858.CSV,.csv,dado_tabular_ou_serializado,entidades,nao_identificada,2026-03,nao_encontrado_no_minio_consultado,0,
MONIT_EXEC_TS_FDS_SEMANAL_20260330_042212.CSV,OneDrive_2026-08-19 (4).zip,Novo MCMV - FDS/MONIT_EXEC_TS_FDS_SEMANAL_20260330_042212.CSV,.csv,dado_tabular_ou_serializado,entidades,nao_identificada,2026-03,nao_encontrado_no_minio_consultado,0,
MONIT_EXEC_TS_FDS_SEMANAL_20260406_042646.CSV,OneDrive_2026-08-19 (4).zip,Novo MCMV - FDS/MONIT_EXEC_TS_FDS_SEMANAL_20260406_042646.CSV,.csv,dado_tabular_ou_serializado,entidades,nao_identificada,2026-04,pista_semantica_mesma_frente_periodo_fonte,1,raw/sftp/fabrica/GEFUS/INT042_MinisterioCidades_FDS_CAIXA_PF_20260430_CONTINGENCIA.TXT
MONIT_EXEC_TS_FDS_SEMANAL_20260420_044540.CSV,OneDrive_2026-08-19 (4).zip,Novo MCMV - FDS/MONIT_EXEC_TS_FDS_SEMANAL_20260420_044540.CSV,.csv,dado_tabular_ou_serializado,entidades,nao_identificada,2026-04,pista_semantica_mesma_frente_periodo_fonte,1,raw/sftp/fabrica/GEFUS/INT042_MinisterioCidades_FDS_CAIXA_PF_20260430_CONTINGENCIA.TXT
MONIT_EXEC_TS_FDS_SEMANAL_20260504_043556.CSV,OneDrive_2026-08-19 (4).zip,Novo MCMV - FDS/MONIT_EXEC_TS_FDS_SEMANAL_20260504_043556.CSV,.csv,dado_tabular_ou_serializado,entidades,nao_identificada,2026-05,nao_encontrado_no_minio_consultado,0,
MONIT_EXEC_TS_FDS_SEMANAL_20260511_043639.CSV,OneDrive_2026-08-19 (4).zip,Novo MCMV - FDS/MONIT_EXEC_TS_FDS_SEMANAL_20260511_043639.CSV,.csv,dado_tabular_ou_serializado,entidades,nao_identificada,2026-05,nao_encontrado_no_minio_consultado,0,
MONIT_EXEC_TS_FDS_SEMANAL_20260518_043438.CSV,OneDrive_2026-08-19 (4).zip,Novo MCMV - FDS/MONIT_EXEC_TS_FDS_SEMANAL_20260518_043438.CSV,.csv,dado_tabular_ou_serializado,entidades,nao_identificada,2026-05,nao_encontrado_no_minio_consultado,0,
MONIT_EXEC_TS_FDS_SEMANAL_20260525_043153.CSV,OneDrive_2026-08-19 (4).zip,Novo MCMV - FDS/MONIT_EXEC_TS_FDS_SEMANAL_20260525_043153.CSV,.csv,dado_tabular_ou_serializado,entidades,nao_identificada,2026-05,nao_encontrado_no_minio_consultado,0,
MONIT_EXEC_TS_FDS_SEMANAL_20260601_043339.CSV,OneDrive_2026-08-19 (4).zip,Novo MCMV - FDS/MONIT_EXEC_TS_FDS_SEMANAL_20260601_043339.CSV,.csv,dado_tabular_ou_serializado,entidades,nao_identificada,2026-06,pista_semantica_mesma_frente_periodo_fonte,1,raw/sftp/fabrica/GEFUS/INT059_MinisterioCidades_FDS_CAIXA_EMPREENDIMENTOS_20260630.TXT
MONIT_EXEC_TS_FDS_SEMANAL_20260608_042747.CSV,OneDrive_2026-08-19 (4).zip,Novo MCMV - FDS/MONIT_EXEC_TS_FDS_SEMANAL_20260608_042747.CSV,.csv,dado_tabular_ou_serializado,entidades,nao_identificada,2026-06,pista_semantica_mesma_frente_periodo_fonte,1,raw/sftp/fabrica/GEFUS/INT059_MinisterioCidades_FDS_CAIXA_EMPREENDIMENTOS_20260630.TXT
MONIT_EXEC_TS_FDS_SEMANAL_20260629_042656.CSV,OneDrive_2026-08-19 (4).zip,Novo MCMV - FDS/MONIT_EXEC_TS_FDS_SEMANAL_20260629_042656.CSV,.csv,dado_tabular_ou_serializado,entidades,nao_identificada,2026-06,pista_semantica_mesma_frente_periodo_fonte,1,raw/sftp/fabrica/GEFUS/INT059_MinisterioCidades_FDS_CAIXA_EMPREENDIMENTOS_20260630.TXT
MONIT_EXEC_TS_FDS_SEMANAL_20260706_042940.CSV,OneDrive_2026-08-19 (4).zip,Novo MCMV - FDS/MONIT_EXEC_TS_FDS_SEMANAL_20260706_042940.CSV,.csv,dado_tabular_ou_serializado,entidades,nao_identificada,2026-07,nao_encontrado_no_minio_consultado,0,
MONIT_EXEC_TS_FDS_SEMANAL_20260713_043007.CSV,OneDrive_2026-08-19 (4).zip,Novo MCMV - FDS/MONIT_EXEC_TS_FDS_SEMANAL_20260713_043007.CSV,.csv,dado_tabular_ou_serializado,entidades,nao_identificada,2026-07,nao_encontrado_no_minio_consultado,0,
MONIT_EXEC_TS_FDS_SEMANAL_20260720_041547.CSV,OneDrive_2026-08-19 (4).zip,Novo MCMV - FDS/MONIT_EXEC_TS_FDS_SEMANAL_20260720_041547.CSV,.csv,dado_tabular_ou_serializado,entidades,nao_identificada,2026-07,nao_encontrado_no_minio_consultado,0,
MONIT_EXEC_TS_FDS_SEMANAL_20260727_041632.CSV,OneDrive_2026-08-19 (4).zip,Novo MCMV - FDS/MONIT_EXEC_TS_FDS_SEMANAL_20260727_041632.CSV,.csv,dado_tabular_ou_serializado,entidades,nao_identificada,2026-07,nao_encontrado_no_minio_consultado,0,
MONIT_EXEC_TS_FDS_SEMANAL_20260810_041652.CSV,OneDrive_2026-08-19 (4).zip,Novo MCMV - FDS/MONIT_EXEC_TS_FDS_SEMANAL_20260810_041652.CSV,.csv,dado_tabular_ou_serializado,entidades,nao_identificada,2026-08,nao_encontrado_no_minio_consultado,0,
MONIT_EXEC_TS_FDS_SEMANAL_20260817_041312.CSV,OneDrive_2026-08-19 (4).zip,Novo MCMV - FDS/MONIT_EXEC_TS_FDS_SEMANAL_20260817_041312.CSV,.csv,dado_tabular_ou_serializado,entidades,nao_identificada,2026-08,nao_encontrado_no_minio_consultado,0,
MONIT_MOV_FINANC_FDS_LAYOUT_20260302_103056.CSV,OneDrive_2026-08-19 (4).zip,Novo MCMV - FDS/MONIT_MOV_FINANC_FDS_LAYOUT_20260302_103056.CSV,.csv,dado_tabular_ou_serializado,entidades,nao_identificada,2026-03,nao_encontrado_no_minio_consultado,0,
MONIT_MOV_FINANC_FDS_LAYOUT_20260309_103026.CSV,OneDrive_2026-08-19 (4).zip,Novo MCMV - FDS/MONIT_MOV_FINANC_FDS_LAYOUT_20260309_103026.CSV,.csv,dado_tabular_ou_serializado,entidades,nao_identificada,2026-03,nao_encontrado_no_minio_consultado,0,
MONIT_MOV_FINANC_FDS_LAYOUT_20260316_103027.CSV,OneDrive_2026-08-19 (4).zip,Novo MCMV - FDS/MONIT_MOV_FINANC_FDS_LAYOUT_20260316_103027.CSV,.csv,dado_tabular_ou_serializado,entidades,nao_identificada,2026-03,nao_encontrado_no_minio_consultado,0,
MONIT_MOV_FINANC_FDS_LAYOUT_20260330_103013.CSV,OneDrive_2026-08-19 (4).zip,Novo MCMV - FDS/MONIT_MOV_FINANC_FDS_LAYOUT_20260330_103013.CSV,.csv,dado_tabular_ou_serializado,entidades,nao_identificada,2026-03,nao_encontrado_no_minio_consultado,0,
MONIT_MOV_FINANC_FDS_LAYOUT_20260401_103043.CSV,OneDrive_2026-08-19 (4).zip,Novo MCMV - FDS/MONIT_MOV_FINANC_FDS_LAYOUT_20260401_103043.CSV,.csv,dado_tabular_ou_serializado,entidades,nao_identificada,2026-04,pista_semantica_mesma_frente_periodo_fonte,1,raw/sftp/fabrica/GEFUS/INT042_MinisterioCidades_FDS_CAIXA_PF_20260430_CONTINGENCIA.TXT
MONIT_MOV_FINANC_FDS_LAYOUT_20260406_103046.CSV,OneDrive_2026-08-19 (4).zip,Novo MCMV - FDS/MONIT_MOV_FINANC_FDS_LAYOUT_20260406_103046.CSV,.csv,dado_tabular_ou_serializado,entidades,nao_identificada,2026-04,pista_semantica_mesma_frente_periodo_fonte,1,raw/sftp/fabrica/GEFUS/INT042_MinisterioCidades_FDS_CAIXA_PF_20260430_CONTINGENCIA.TXT
MONIT_MOV_FINANC_FDS_LAYOUT_20260413_103048.CSV,OneDrive_2026-08-19 (4).zip,Novo MCMV - FDS/MONIT_MOV_FINANC_FDS_LAYOUT_20260413_103048.CSV,.csv,dado_tabular_ou_serializado,entidades,nao_identificada,2026-04,pista_semantica_mesma_frente_periodo_fonte,1,raw/sftp/fabrica/GEFUS/INT042_MinisterioCidades_FDS_CAIXA_PF_20260430_CONTINGENCIA.TXT
MONIT_MOV_FINANC_FDS_LAYOUT_20260420_103042.CSV,OneDrive_2026-08-19 (4).zip,Novo MCMV - FDS/MONIT_MOV_FINANC_FDS_LAYOUT_20260420_103042.CSV,.csv,dado_tabular_ou_serializado,entidades,nao_identificada,2026-04,pista_semantica_mesma_frente_periodo_fonte,1,raw/sftp/fabrica/GEFUS/INT042_MinisterioCidades_FDS_CAIXA_PF_20260430_CONTINGENCIA.TXT
MONIT_MOV_FINANC_FDS_LAYOUT_20260427_103102.CSV,OneDrive_2026-08-19 (4).zip,Novo MCMV - FDS/MONIT_MOV_FINANC_FDS_LAYOUT_20260427_103102.CSV,.csv,dado_tabular_ou_serializado,entidades,nao_identificada,2026-04,pista_semantica_mesma_frente_periodo_fonte,1,raw/sftp/fabrica/GEFUS/INT042_MinisterioCidades_FDS_CAIXA_PF_20260430_CONTINGENCIA.TXT
MONIT_MOV_FINANC_FDS_LAYOUT_20260504_103132.CSV,OneDrive_2026-08-19 (4).zip,Novo MCMV - FDS/MONIT_MOV_FINANC_FDS_LAYOUT_20260504_103132.CSV,.csv,dado_tabular_ou_serializado,entidades,nao_identificada,2026-05,nao_encontrado_no_minio_consultado,0,
MONIT_MOV_FINANC_FDS_LAYOUT_20260511_103045.CSV,OneDrive_2026-08-19 (4).zip,Novo MCMV - FDS/MONIT_MOV_FINANC_FDS_LAYOUT_20260511_103045.CSV,.csv,dado_tabular_ou_serializado,entidades,nao_identificada,2026-05,nao_encontrado_no_minio_consultado,0,
MONIT_MOV_FINANC_FDS_LAYOUT_20260518_103045.CSV,OneDrive_2026-08-19 (4).zip,Novo MCMV - FDS/MONIT_MOV_FINANC_FDS_LAYOUT_20260518_103045.CSV,.csv,dado_tabular_ou_serializado,entidades,nao_identificada,2026-05,nao_encontrado_no_minio_consultado,0,
MONIT_MOV_FINANC_FDS_LAYOUT_20260525_103059.CSV,OneDrive_2026-08-19 (4).zip,Novo MCMV - FDS/MONIT_MOV_FINANC_FDS_LAYOUT_20260525_103059.CSV,.csv,dado_tabular_ou_serializado,entidades,nao_identificada,2026-05,nao_encontrado_no_minio_consultado,0,
MONIT_MOV_FINANC_FDS_LAYOUT_20260601_103133.CSV,OneDrive_2026-08-19 (4).zip,Novo MCMV - FDS/MONIT_MOV_FINANC_FDS_LAYOUT_20260601_103133.CSV,.csv,dado_tabular_ou_serializado,entidades,nao_identificada,2026-06,pista_semantica_mesma_frente_periodo_fonte,1,raw/sftp/fabrica/GEFUS/INT059_MinisterioCidades_FDS_CAIXA_EMPREENDIMENTOS_20260630.TXT
MONIT_MOV_FINANC_FDS_LAYOUT_20260608_103049.CSV,OneDrive_2026-08-19 (4).zip,Novo MCMV - FDS/MONIT_MOV_FINANC_FDS_LAYOUT_20260608_103049.CSV,.csv,dado_tabular_ou_serializado,entidades,nao_identificada,2026-06,pista_semantica_mesma_frente_periodo_fonte,1,raw/sftp/fabrica/GEFUS/INT059_MinisterioCidades_FDS_CAIXA_EMPREENDIMENTOS_20260630.TXT
MONIT_MOV_FINANC_FDS_LAYOUT_20260615_103048.CSV,OneDrive_2026-08-19 (4).zip,Novo MCMV - FDS/MONIT_MOV_FINANC_FDS_LAYOUT_20260615_103048.CSV,.csv,dado_tabular_ou_serializado,entidades,nao_identificada,2026-06,pista_semantica_mesma_frente_periodo_fonte,1,raw/sftp/fabrica/GEFUS/INT059_MinisterioCidades_FDS_CAIXA_EMPREENDIMENTOS_20260630.TXT
MONIT_MOV_FINANC_FDS_LAYOUT_20260622_103050.CSV,OneDrive_2026-08-19 (4).zip,Novo MCMV - FDS/MONIT_MOV_FINANC_FDS_LAYOUT_20260622_103050.CSV,.csv,dado_tabular_ou_serializado,entidades,nao_identificada,2026-06,pista_semantica_mesma_frente_periodo_fonte,1,raw/sftp/fabrica/GEFUS/INT059_MinisterioCidades_FDS_CAIXA_EMPREENDIMENTOS_20260630.TXT
MONIT_MOV_FINANC_FDS_LAYOUT_20260629_103044.CSV,OneDrive_2026-08-19 (4).zip,Novo MCMV - FDS/MONIT_MOV_FINANC_FDS_LAYOUT_20260629_103044.CSV,.csv,dado_tabular_ou_serializado,entidades,nao_identificada,2026-06,pista_semantica_mesma_frente_periodo_fonte,1,raw/sftp/fabrica/GEFUS/INT059_MinisterioCidades_FDS_CAIXA_EMPREENDIMENTOS_20260630.TXT
MONIT_MOV_FINANC_FDS_LAYOUT_20260701_103108.CSV,OneDrive_2026-08-19 (4).zip,Novo MCMV - FDS/MONIT_MOV_FINANC_FDS_LAYOUT_20260701_103108.CSV,.csv,dado_tabular_ou_serializado,entidades,nao_identificada,2026-07,nao_encontrado_no_minio_consultado,0,
MONIT_MOV_FINANC_FDS_LAYOUT_20260706_103059.CSV,OneDrive_2026-08-19 (4).zip,Novo MCMV - FDS/MONIT_MOV_FINANC_FDS_LAYOUT_20260706_103059.CSV,.csv,dado_tabular_ou_serializado,entidades,nao_identificada,2026-07,nao_encontrado_no_minio_consultado,0,
MONIT_MOV_FINANC_FDS_LAYOUT_20260713_103050.CSV,OneDrive_2026-08-19 (4).zip,Novo MCMV - FDS/MONIT_MOV_FINANC_FDS_LAYOUT_20260713_103050.CSV,.csv,dado_tabular_ou_serializado,entidades,nao_identificada,2026-07,nao_encontrado_no_minio_consultado,0,
MONIT_MOV_FINANC_FDS_LAYOUT_20260720_103054.CSV,OneDrive_2026-08-19 (4).zip,Novo MCMV - FDS/MONIT_MOV_FINANC_FDS_LAYOUT_20260720_103054.CSV,.csv,dado_tabular_ou_serializado,entidades,nao_identificada,2026-07,nao_encontrado_no_minio_consultado,0,
MONIT_MOV_FINANC_FDS_LAYOUT_20260727_103103.CSV,OneDrive_2026-08-19 (4).zip,Novo MCMV - FDS/MONIT_MOV_FINANC_FDS_LAYOUT_20260727_103103.CSV,.csv,dado_tabular_ou_serializado,entidades,nao_identificada,2026-07,nao_encontrado_no_minio_consultado,0,
MONIT_MOV_FINANC_FDS_LAYOUT_20260803_103140.CSV,OneDrive_2026-08-19 (4).zip,Novo MCMV - FDS/MONIT_MOV_FINANC_FDS_LAYOUT_20260803_103140.CSV,.csv,dado_tabular_ou_serializado,entidades,nao_identificada,2026-08,nao_encontrado_no_minio_consultado,0,
MONIT_MOV_FINANC_FDS_LAYOUT_20260810_103048.CSV,OneDrive_2026-08-19 (4).zip,Novo MCMV - FDS/MONIT_MOV_FINANC_FDS_LAYOUT_20260810_103048.CSV,.csv,dado_tabular_ou_serializado,entidades,nao_identificada,2026-08,nao_encontrado_no_minio_consultado,0,
MONIT_MOV_FINANC_FDS_LAYOUT_20260817_103057.CSV,OneDrive_2026-08-19 (4).zip,Novo MCMV - FDS/MONIT_MOV_FINANC_FDS_LAYOUT_20260817_103057.CSV,.csv,dado_tabular_ou_serializado,entidades,nao_identificada,2026-08,nao_encontrado_no_minio_consultado,0,
MONIT_MOV_FINANC_FDS_MENSAL_202602_103056.CSV,OneDrive_2026-08-19 (4).zip,Novo MCMV - FDS/MONIT_MOV_FINANC_FDS_MENSAL_202602_103056.CSV,.csv,dado_tabular_ou_serializado,entidades,nao_identificada,2026-02,nao_encontrado_no_minio_consultado,0,
MONIT_MOV_FINANC_FDS_MENSAL_202603_103043.CSV,OneDrive_2026-08-19 (4).zip,Novo MCMV - FDS/MONIT_MOV_FINANC_FDS_MENSAL_202603_103043.CSV,.csv,dado_tabular_ou_serializado,entidades,nao_identificada,2026-03,nao_encontrado_no_minio_consultado,0,
MONIT_MOV_FINANC_FDS_MENSAL_202604_103132.CSV,OneDrive_2026-08-19 (4).zip,Novo MCMV - FDS/MONIT_MOV_FINANC_FDS_MENSAL_202604_103132.CSV,.csv,dado_tabular_ou_serializado,entidades,nao_identificada,2026-04,pista_semantica_mesma_frente_periodo_fonte,1,raw/sftp/fabrica/GEFUS/INT042_MinisterioCidades_FDS_CAIXA_PF_20260430_CONTINGENCIA.TXT
MONIT_MOV_FINANC_FDS_MENSAL_202605_103133.CSV,OneDrive_2026-08-19 (4).zip,Novo MCMV - FDS/MONIT_MOV_FINANC_FDS_MENSAL_202605_103133.CSV,.csv,dado_tabular_ou_serializado,entidades,nao_identificada,2026-05,nao_encontrado_no_minio_consultado,0,
MONIT_MOV_FINANC_FDS_MENSAL_202606_103108.CSV,OneDrive_2026-08-19 (4).zip,Novo MCMV - FDS/MONIT_MOV_FINANC_FDS_MENSAL_202606_103108.CSV,.csv,dado_tabular_ou_serializado,entidades,nao_identificada,2026-06,pista_semantica_mesma_frente_periodo_fonte,1,raw/sftp/fabrica/GEFUS/INT059_MinisterioCidades_FDS_CAIXA_EMPREENDIMENTOS_20260630.TXT
MONIT_MOV_FINANC_FDS_MENSAL_202607_103140.CSV,OneDrive_2026-08-19 (4).zip,Novo MCMV - FDS/MONIT_MOV_FINANC_FDS_MENSAL_202607_103140.CSV,.csv,dado_tabular_ou_serializado,entidades,nao_identificada,2026-07,nao_encontrado_no_minio_consultado,0,
MONIT_MOV_FINANC_FDS_SEMANAL_202602_103013.CSV,OneDrive_2026-08-19 (4).zip,Novo MCMV - FDS/MONIT_MOV_FINANC_FDS_SEMANAL_202602_103013.CSV,.csv,dado_tabular_ou_serializado,entidades,nao_identificada,2026-02,nao_encontrado_no_minio_consultado,0,
MONIT_MOV_FINANC_FDS_SEMANAL_202602_103026.CSV,OneDrive_2026-08-19 (4).zip,Novo MCMV - FDS/MONIT_MOV_FINANC_FDS_SEMANAL_202602_103026.CSV,.csv,dado_tabular_ou_serializado,entidades,nao_identificada,2026-02,nao_encontrado_no_minio_consultado,0,
MONIT_MOV_FINANC_FDS_SEMANAL_202602_103027.CSV,OneDrive_2026-08-19 (4).zip,Novo MCMV - FDS/MONIT_MOV_FINANC_FDS_SEMANAL_202602_103027.CSV,.csv,dado_tabular_ou_serializado,entidades,nao_identificada,2026-02,nao_encontrado_no_minio_consultado,0,
MONIT_MOV_FINANC_FDS_SEMANAL_202602_103056.CSV,OneDrive_2026-08-19 (4).zip,Novo MCMV - FDS/MONIT_MOV_FINANC_FDS_SEMANAL_202602_103056.CSV,.csv,dado_tabular_ou_serializado,entidades,nao_identificada,2026-02,nao_encontrado_no_minio_consultado,0,
MONIT_MOV_FINANC_FDS_SEMANAL_20260209_103034.CSV,OneDrive_2026-08-19 (4).zip,Novo MCMV - FDS/MONIT_MOV_FINANC_FDS_SEMANAL_20260209_103034.CSV,.csv,dado_tabular_ou_serializado,entidades,nao_identificada,2026-02,nao_encontrado_no_minio_consultado,0,
MONIT_MOV_FINANC_FDS_SEMANAL_20260216_103033.CSV,OneDrive_2026-08-19 (4).zip,Novo MCMV - FDS/MONIT_MOV_FINANC_FDS_SEMANAL_20260216_103033.CSV,.csv,dado_tabular_ou_serializado,entidades,nao_identificada,2026-02,nao_encontrado_no_minio_consultado,0,
MONIT_MOV_FINANC_FDS_SEMANAL_20260223_103021.CSV,OneDrive_2026-08-19 (4).zip,Novo MCMV - FDS/MONIT_MOV_FINANC_FDS_SEMANAL_20260223_103021.CSV,.csv,dado_tabular_ou_serializado,entidades,nao_identificada,2026-02,nao_encontrado_no_minio_consultado,0,
MONIT_MOV_FINANC_FDS_SEMANAL_202603_103042.CSV,OneDrive_2026-08-19 (4).zip,Novo MCMV - FDS/MONIT_MOV_FINANC_FDS_SEMANAL_202603_103042.CSV,.csv,dado_tabular_ou_serializado,entidades,nao_identificada,2026-03,nao_encontrado_no_minio_consultado,0,
MONIT_MOV_FINANC_FDS_SEMANAL_202603_103046.CSV,OneDrive_2026-08-19 (4).zip,Novo MCMV - FDS/MONIT_MOV_FINANC_FDS_SEMANAL_202603_103046.CSV,.csv,dado_tabular_ou_serializado,entidades,nao_identificada,2026-03,nao_encontrado_no_minio_consultado,0,
MONIT_MOV_FINANC_FDS_SEMANAL_202603_103048.CSV,OneDrive_2026-08-19 (4).zip,Novo MCMV - FDS/MONIT_MOV_FINANC_FDS_SEMANAL_202603_103048.CSV,.csv,dado_tabular_ou_serializado,entidades,nao_identificada,2026-03,nao_encontrado_no_minio_consultado,0,
MONIT_MOV_FINANC_FDS_SEMANAL_202603_103102.CSV,OneDrive_2026-08-19 (4).zip,Novo MCMV - FDS/MONIT_MOV_FINANC_FDS_SEMANAL_202603_103102.CSV,.csv,dado_tabular_ou_serializado,entidades,nao_identificada,2026-03,nao_encontrado_no_minio_consultado,0,
MONIT_MOV_FINANC_FDS_SEMANAL_202604_103045.CSV,OneDrive_2026-08-19 (4).zip,Novo MCMV - FDS/MONIT_MOV_FINANC_FDS_SEMANAL_202604_103045.CSV,.csv,dado_tabular_ou_serializado,entidades,nao_identificada,2026-04,pista_semantica_mesma_frente_periodo_fonte,1,raw/sftp/fabrica/GEFUS/INT042_MinisterioCidades_FDS_CAIXA_PF_20260430_CONTINGENCIA.TXT
MONIT_MOV_FINANC_FDS_SEMANAL_202604_103059.CSV,OneDrive_2026-08-19 (4).zip,Novo MCMV - FDS/MONIT_MOV_FINANC_FDS_SEMANAL_202604_103059.CSV,.csv,dado_tabular_ou_serializado,entidades,nao_identificada,2026-04,pista_semantica_mesma_frente_periodo_fonte,1,raw/sftp/fabrica/GEFUS/INT042_MinisterioCidades_FDS_CAIXA_PF_20260430_CONTINGENCIA.TXT
MONIT_MOV_FINANC_FDS_SEMANAL_202604_103132.CSV,OneDrive_2026-08-19 (4).zip,Novo MCMV - FDS/MONIT_MOV_FINANC_FDS_SEMANAL_202604_103132.CSV,.csv,dado_tabular_ou_serializado,entidades,nao_identificada,2026-04,pista_semantica_mesma_frente_periodo_fonte,1,raw/sftp/fabrica/GEFUS/INT042_MinisterioCidades_FDS_CAIXA_PF_20260430_CONTINGENCIA.TXT
MONIT_MOV_FINANC_FDS_SEMANAL_202605_103044.CSV,OneDrive_2026-08-19 (4).zip,Novo MCMV - FDS/MONIT_MOV_FINANC_FDS_SEMANAL_202605_103044.CSV,.csv,dado_tabular_ou_serializado,entidades,nao_identificada,2026-05,nao_encontrado_no_minio_consultado,0,
MONIT_MOV_FINANC_FDS_SEMANAL_202605_103048.CSV,OneDrive_2026-08-19 (4).zip,Novo MCMV - FDS/MONIT_MOV_FINANC_FDS_SEMANAL_202605_103048.CSV,.csv,dado_tabular_ou_serializado,entidades,nao_identificada,2026-05,nao_encontrado_no_minio_consultado,0,
MONIT_MOV_FINANC_FDS_SEMANAL_202605_103049.CSV,OneDrive_2026-08-19 (4).zip,Novo MCMV - FDS/MONIT_MOV_FINANC_FDS_SEMANAL_202605_103049.CSV,.csv,dado_tabular_ou_serializado,entidades,nao_identificada,2026-05,nao_encontrado_no_minio_consultado,0,
MONIT_MOV_FINANC_FDS_SEMANAL_202605_103050.CSV,OneDrive_2026-08-19 (4).zip,Novo MCMV - FDS/MONIT_MOV_FINANC_FDS_SEMANAL_202605_103050.CSV,.csv,dado_tabular_ou_serializado,entidades,nao_identificada,2026-05,nao_encontrado_no_minio_consultado,0,
MONIT_MOV_FINANC_FDS_SEMANAL_202605_103133.CSV,OneDrive_2026-08-19 (4).zip,Novo MCMV - FDS/MONIT_MOV_FINANC_FDS_SEMANAL_202605_103133.CSV,.csv,dado_tabular_ou_serializado,entidades,nao_identificada,2026-05,nao_encontrado_no_minio_consultado,0,
MONIT_MOV_FINANC_FDS_SEMANAL_202606_103050.CSV,OneDrive_2026-08-19 (4).zip,Novo MCMV - FDS/MONIT_MOV_FINANC_FDS_SEMANAL_202606_103050.CSV,.csv,dado_tabular_ou_serializado,entidades,nao_identificada,2026-06,pista_semantica_mesma_frente_periodo_fonte,1,raw/sftp/fabrica/GEFUS/INT059_MinisterioCidades_FDS_CAIXA_EMPREENDIMENTOS_20260630.TXT
MONIT_MOV_FINANC_FDS_SEMANAL_202606_103054.CSV,OneDrive_2026-08-19 (4).zip,Novo MCMV - FDS/MONIT_MOV_FINANC_FDS_SEMANAL_202606_103054.CSV,.csv,dado_tabular_ou_serializado,entidades,nao_identificada,2026-06,pista_semantica_mesma_frente_periodo_fonte,1,raw/sftp/fabrica/GEFUS/INT059_MinisterioCidades_FDS_CAIXA_EMPREENDIMENTOS_20260630.TXT
MONIT_MOV_FINANC_FDS_SEMANAL_202606_103059.CSV,OneDrive_2026-08-19 (4).zip,Novo MCMV - FDS/MONIT_MOV_FINANC_FDS_SEMANAL_202606_103059.CSV,.csv,dado_tabular_ou_serializado,entidades,nao_identificada,2026-06,pista_semantica_mesma_frente_periodo_fonte,1,raw/sftp/fabrica/GEFUS/INT059_MinisterioCidades_FDS_CAIXA_EMPREENDIMENTOS_20260630.TXT
MONIT_MOV_FINANC_FDS_SEMANAL_202606_103103.CSV,OneDrive_2026-08-19 (4).zip,Novo MCMV - FDS/MONIT_MOV_FINANC_FDS_SEMANAL_202606_103103.CSV,.csv,dado_tabular_ou_serializado,entidades,nao_identificada,2026-06,pista_semantica_mesma_frente_periodo_fonte,1,raw/sftp/fabrica/GEFUS/INT059_MinisterioCidades_FDS_CAIXA_EMPREENDIMENTOS_20260630.TXT
MONIT_MOV_FINANC_FDS_SEMANAL_202607_103048.CSV,OneDrive_2026-08-19 (4).zip,Novo MCMV - FDS/MONIT_MOV_FINANC_FDS_SEMANAL_202607_103048.CSV,.csv,dado_tabular_ou_serializado,entidades,nao_identificada,2026-07,nao_encontrado_no_minio_consultado,0,
MONIT_MOV_FINANC_FDS_SEMANAL_202607_103057.CSV,OneDrive_2026-08-19 (4).zip,Novo MCMV - FDS/MONIT_MOV_FINANC_FDS_SEMANAL_202607_103057.CSV,.csv,dado_tabular_ou_serializado,entidades,nao_identificada,2026-07,nao_encontrado_no_minio_consultado,0,
MONIT_MOV_FINANC_FDS_SEMANAL_202607_103140.CSV,OneDrive_2026-08-19 (4).zip,Novo MCMV - FDS/MONIT_MOV_FINANC_FDS_SEMANAL_202607_103140.CSV,.csv,dado_tabular_ou_serializado,entidades,nao_identificada,2026-07,nao_encontrado_no_minio_consultado,0,
MONIT_MOV_OBRA_FDS_LAYOUT_20260316_042831.CSV,OneDrive_2026-08-19 (4).zip,Novo MCMV - FDS/MONIT_MOV_OBRA_FDS_LAYOUT_20260316_042831.CSV,.csv,dado_tabular_ou_serializado,entidades,nao_identificada,2026-03,nao_encontrado_no_minio_consultado,0,
MONIT_MOV_OBRA_FDS_LAYOUT_20260401_043240.CSV,OneDrive_2026-08-19 (4).zip,Novo MCMV - FDS/MONIT_MOV_OBRA_FDS_LAYOUT_20260401_043240.CSV,.csv,dado_tabular_ou_serializado,entidades,nao_identificada,2026-04,pista_semantica_mesma_frente_periodo_fonte,1,raw/sftp/fabrica/GEFUS/INT042_MinisterioCidades_FDS_CAIXA_PF_20260430_CONTINGENCIA.TXT
MONIT_MOV_OBRA_FDS_LAYOUT_20260406_042620.CSV,OneDrive_2026-08-19 (4).zip,Novo MCMV - FDS/MONIT_MOV_OBRA_FDS_LAYOUT_20260406_042620.CSV,.csv,dado_tabular_ou_serializado,entidades,nao_identificada,2026-04,pista_semantica_mesma_frente_periodo_fonte,1,raw/sftp/fabrica/GEFUS/INT042_MinisterioCidades_FDS_CAIXA_PF_20260430_CONTINGENCIA.TXT
MONIT_MOV_OBRA_FDS_LAYOUT_20260413_042818.CSV,OneDrive_2026-08-19 (4).zip,Novo MCMV - FDS/MONIT_MOV_OBRA_FDS_LAYOUT_20260413_042818.CSV,.csv,dado_tabular_ou_serializado,entidades,nao_identificada,2026-04,pista_semantica_mesma_frente_periodo_fonte,1,raw/sftp/fabrica/GEFUS/INT042_MinisterioCidades_FDS_CAIXA_PF_20260430_CONTINGENCIA.TXT
MONIT_MOV_OBRA_FDS_LAYOUT_20260420_044513.CSV,OneDrive_2026-08-19 (4).zip,Novo MCMV - FDS/MONIT_MOV_OBRA_FDS_LAYOUT_20260420_044513.CSV,.csv,dado_tabular_ou_serializado,entidades,nao_identificada,2026-04,pista_semantica_mesma_frente_periodo_fonte,1,raw/sftp/fabrica/GEFUS/INT042_MinisterioCidades_FDS_CAIXA_PF_20260430_CONTINGENCIA.TXT
MONIT_MOV_OBRA_FDS_LAYOUT_20260504_043504.CSV,OneDrive_2026-08-19 (4).zip,Novo MCMV - FDS/MONIT_MOV_OBRA_FDS_LAYOUT_20260504_043504.CSV,.csv,dado_tabular_ou_serializado,entidades,nao_identificada,2026-05,nao_encontrado_no_minio_consultado,0,
MONIT_MOV_OBRA_FDS_LAYOUT_20260511_043553.CSV,OneDrive_2026-08-19 (4).zip,Novo MCMV - FDS/MONIT_MOV_OBRA_FDS_LAYOUT_20260511_043553.CSV,.csv,dado_tabular_ou_serializado,entidades,nao_identificada,2026-05,nao_encontrado_no_minio_consultado,0,
MONIT_MOV_OBRA_FDS_LAYOUT_20260601_043312.CSV,OneDrive_2026-08-19 (4).zip,Novo MCMV - FDS/MONIT_MOV_OBRA_FDS_LAYOUT_20260601_043312.CSV,.csv,dado_tabular_ou_serializado,entidades,nao_identificada,2026-06,pista_semantica_mesma_frente_periodo_fonte,1,raw/sftp/fabrica/GEFUS/INT059_MinisterioCidades_FDS_CAIXA_EMPREENDIMENTOS_20260630.TXT
MONIT_MOV_OBRA_FDS_LAYOUT_20260615_043120.CSV,OneDrive_2026-08-19 (4).zip,Novo MCMV - FDS/MONIT_MOV_OBRA_FDS_LAYOUT_20260615_043120.CSV,.csv,dado_tabular_ou_serializado,entidades,nao_identificada,2026-06,pista_semantica_mesma_frente_periodo_fonte,1,raw/sftp/fabrica/GEFUS/INT059_MinisterioCidades_FDS_CAIXA_EMPREENDIMENTOS_20260630.TXT
MONIT_MOV_OBRA_FDS_LAYOUT_20260706_042914.CSV,OneDrive_2026-08-19 (4).zip,Novo MCMV - FDS/MONIT_MOV_OBRA_FDS_LAYOUT_20260706_042914.CSV,.csv,dado_tabular_ou_serializado,entidades,nao_identificada,2026-07,nao_encontrado_no_minio_consultado,0,
MONIT_MOV_OBRA_FDS_LAYOUT_20260803_041821.CSV,OneDrive_2026-08-19 (4).zip,Novo MCMV - FDS/MONIT_MOV_OBRA_FDS_LAYOUT_20260803_041821.CSV,.csv,dado_tabular_ou_serializado,entidades,nao_identificada,2026-08,nao_encontrado_no_minio_consultado,0,
MONIT_MOV_OBRA_FDS_MENSAL_202602_042803.CSV,OneDrive_2026-08-19 (4).zip,Novo MCMV - FDS/MONIT_MOV_OBRA_FDS_MENSAL_202602_042803.CSV,.csv,dado_tabular_ou_serializado,entidades,nao_identificada,2026-02,nao_encontrado_no_minio_consultado,0,
MONIT_MOV_OBRA_FDS_MENSAL_202603_043240.CSV,OneDrive_2026-08-19 (4).zip,Novo MCMV - FDS/MONIT_MOV_OBRA_FDS_MENSAL_202603_043240.CSV,.csv,dado_tabular_ou_serializado,entidades,nao_identificada,2026-03,nao_encontrado_no_minio_consultado,0,
MONIT_MOV_OBRA_FDS_MENSAL_202604_043504.CSV,OneDrive_2026-08-19 (4).zip,Novo MCMV - FDS/MONIT_MOV_OBRA_FDS_MENSAL_202604_043504.CSV,.csv,dado_tabular_ou_serializado,entidades,nao_identificada,2026-04,pista_semantica_mesma_frente_periodo_fonte,1,raw/sftp/fabrica/GEFUS/INT042_MinisterioCidades_FDS_CAIXA_PF_20260430_CONTINGENCIA.TXT
MONIT_MOV_OBRA_FDS_MENSAL_202605_043312.CSV,OneDrive_2026-08-19 (4).zip,Novo MCMV - FDS/MONIT_MOV_OBRA_FDS_MENSAL_202605_043312.CSV,.csv,dado_tabular_ou_serializado,entidades,nao_identificada,2026-05,nao_encontrado_no_minio_consultado,0,
MONIT_MOV_OBRA_FDS_MENSAL_202606_043030.CSV,OneDrive_2026-08-19 (4).zip,Novo MCMV - FDS/MONIT_MOV_OBRA_FDS_MENSAL_202606_043030.CSV,.csv,dado_tabular_ou_serializado,entidades,nao_identificada,2026-06,pista_semantica_mesma_frente_periodo_fonte,1,raw/sftp/fabrica/GEFUS/INT059_MinisterioCidades_FDS_CAIXA_EMPREENDIMENTOS_20260630.TXT
MONIT_MOV_OBRA_FDS_MENSAL_202607_041821.CSV,OneDrive_2026-08-19 (4).zip,Novo MCMV - FDS/MONIT_MOV_OBRA_FDS_MENSAL_202607_041821.CSV,.csv,dado_tabular_ou_serializado,entidades,nao_identificada,2026-07,nao_encontrado_no_minio_consultado,0,
MONIT_MOV_OBRA_FDS_SEMANAL_202602_042831.CSV,OneDrive_2026-08-19 (4).zip,Novo MCMV - FDS/MONIT_MOV_OBRA_FDS_SEMANAL_202602_042831.CSV,.csv,dado_tabular_ou_serializado,entidades,nao_identificada,2026-02,nao_encontrado_no_minio_consultado,0,
MONIT_MOV_OBRA_FDS_SEMANAL_20260216_042618.CSV,OneDrive_2026-08-19 (4).zip,Novo MCMV - FDS/MONIT_MOV_OBRA_FDS_SEMANAL_20260216_042618.CSV,.csv,dado_tabular_ou_serializado,entidades,nao_identificada,2026-02,nao_encontrado_no_minio_consultado,0,
MONIT_MOV_OBRA_FDS_SEMANAL_202603_042620.CSV,OneDrive_2026-08-19 (4).zip,Novo MCMV - FDS/MONIT_MOV_OBRA_FDS_SEMANAL_202603_042620.CSV,.csv,dado_tabular_ou_serializado,entidades,nao_identificada,2026-03,nao_encontrado_no_minio_consultado,0,
MONIT_MOV_OBRA_FDS_SEMANAL_202603_042818.CSV,OneDrive_2026-08-19 (4).zip,Novo MCMV - FDS/MONIT_MOV_OBRA_FDS_SEMANAL_202603_042818.CSV,.csv,dado_tabular_ou_serializado,entidades,nao_identificada,2026-03,nao_encontrado_no_minio_consultado,0,
MONIT_MOV_OBRA_FDS_SEMANAL_202603_044513.CSV,OneDrive_2026-08-19 (4).zip,Novo MCMV - FDS/MONIT_MOV_OBRA_FDS_SEMANAL_202603_044513.CSV,.csv,dado_tabular_ou_serializado,entidades,nao_identificada,2026-03,nao_encontrado_no_minio_consultado,0,
MONIT_MOV_OBRA_FDS_SEMANAL_20260302_042803.CSV,OneDrive_2026-08-19 (4).zip,Novo MCMV - FDS/MONIT_MOV_OBRA_FDS_SEMANAL_20260302_042803.CSV,.csv,dado_tabular_ou_serializado,entidades,nao_identificada,2026-03,nao_encontrado_no_minio_consultado,0,
MONIT_MOV_OBRA_FDS_SEMANAL_202604_043504.CSV,OneDrive_2026-08-19 (4).zip,Novo MCMV - FDS/MONIT_MOV_OBRA_FDS_SEMANAL_202604_043504.CSV,.csv,dado_tabular_ou_serializado,entidades,nao_identificada,2026-04,pista_semantica_mesma_frente_periodo_fonte,1,raw/sftp/fabrica/GEFUS/INT042_MinisterioCidades_FDS_CAIXA_PF_20260430_CONTINGENCIA.TXT
MONIT_MOV_OBRA_FDS_SEMANAL_202604_043553.CSV,OneDrive_2026-08-19 (4).zip,Novo MCMV - FDS/MONIT_MOV_OBRA_FDS_SEMANAL_202604_043553.CSV,.csv,dado_tabular_ou_serializado,entidades,nao_identificada,2026-04,pista_semantica_mesma_frente_periodo_fonte,1,raw/sftp/fabrica/GEFUS/INT042_MinisterioCidades_FDS_CAIXA_PF_20260430_CONTINGENCIA.TXT
MONIT_MOV_OBRA_FDS_SEMANAL_202605_043120.CSV,OneDrive_2026-08-19 (4).zip,Novo MCMV - FDS/MONIT_MOV_OBRA_FDS_SEMANAL_202605_043120.CSV,.csv,dado_tabular_ou_serializado,entidades,nao_identificada,2026-05,nao_encontrado_no_minio_consultado,0,
MONIT_MOV_OBRA_FDS_SEMANAL_202606_042914.CSV,OneDrive_2026-08-19 (4).zip,Novo MCMV - FDS/MONIT_MOV_OBRA_FDS_SEMANAL_202606_042914.CSV,.csv,dado_tabular_ou_serializado,entidades,nao_identificada,2026-06,pista_semantica_mesma_frente_periodo_fonte,1,raw/sftp/fabrica/GEFUS/INT059_MinisterioCidades_FDS_CAIXA_EMPREENDIMENTOS_20260630.TXT
EXTRATO FAR JULHO 2025.xls.xlsx,OneDrive_2026-08-19 (5).zip,"Extratos FAR, FDS e PNHR/EXTRATO FAR JULHO 2025.xls.xlsx",.xlsx,dado_tabular_ou_serializado,far,nao_identificada,,nao_encontrado_no_minio_consultado,0,
Extrato MCMV Rural_Julho_2025.xlsx,OneDrive_2026-08-19 (5).zip,"Extratos FAR, FDS e PNHR/Extrato MCMV Rural_Julho_2025.xlsx",.xlsx,dado_tabular_ou_serializado,far,nao_identificada,,nao_encontrado_no_minio_consultado,0,
Extrato_FAR_2025 - julho.xlsx,OneDrive_2026-08-19 (5).zip,"Extratos FAR, FDS e PNHR/Extrato_FAR_2025 - julho.xlsx",.xlsx,dado_tabular_ou_serializado,far,nao_identificada,,nao_encontrado_no_minio_consultado,0,
Extrato_Reconstrução_RS_2025.xlsx,OneDrive_2026-08-19 (5).zip,"Extratos FAR, FDS e PNHR/Extrato_Reconstrução_RS_2025.xlsx",.xlsx,dado_tabular_ou_serializado,far,nao_identificada,,nao_encontrado_no_minio_consultado,0,
Extratos_FDS_PMCMV-E_Julho 2025_Informações_MCID.xlsx,OneDrive_2026-08-19 (5).zip,"Extratos FAR, FDS e PNHR/Extratos_FDS_PMCMV-E_Julho 2025_Informações_MCID.xlsx",.xlsx,dado_tabular_ou_serializado,far,nao_identificada,,nao_encontrado_no_minio_consultado,0,
base_pj_2025_02.xlsx,OneDrive_2026-08-19 (6).zip,FGTS - PJ (Apoio PJ)/base_pj_2025_02.xlsx,.xlsx,dado_tabular_ou_serializado,fgts_financiado,fgts,2025-02,pista_semantica_mesma_frente_periodo_fonte,1,raw/sftp/fabrica/GEFUS/ANTERIORES/Base_PJ_FGTS_20250207.txt
base_pj_fgts_2024_10.xlsx,OneDrive_2026-08-19 (6).zip,FGTS - PJ (Apoio PJ)/base_pj_fgts_2024_10.xlsx,.xlsx,dado_tabular_ou_serializado,fgts_financiado,fgts,2024-10,pista_semantica_mesma_frente_periodo_fonte,1,raw/sftp/fabrica/GEFUS/ANTERIORES/Base_PJ_FGTS_20241007.txt
base_pj_fgts_2025_01_.xlsx,OneDrive_2026-08-19 (6).zip,FGTS - PJ (Apoio PJ)/base_pj_fgts_2025_01_.xlsx,.xlsx,dado_tabular_ou_serializado,fgts_financiado,fgts,2025-01,pista_semantica_mesma_frente_periodo_fonte,1,raw/sftp/fabrica/GEFUS/ANTERIORES/Base_PJ_FGTS_20250107.txt
base_pj_fgts_2025_01_V2.xlsx,OneDrive_2026-08-19 (6).zip,FGTS - PJ (Apoio PJ)/base_pj_fgts_2025_01_V2.xlsx,.xlsx,dado_tabular_ou_serializado,fgts_financiado,fgts,2025-01,pista_semantica_mesma_frente_periodo_fonte,1,raw/sftp/fabrica/GEFUS/ANTERIORES/Base_PJ_FGTS_20250107.txt
base_pj_fgts_2025_02 (1).xlsx,OneDrive_2026-08-19 (6).zip,FGTS - PJ (Apoio PJ)/base_pj_fgts_2025_02 (1).xlsx,.xlsx,dado_tabular_ou_serializado,fgts_financiado,fgts,2025-02,pista_semantica_mesma_frente_periodo_fonte,1,raw/sftp/fabrica/GEFUS/ANTERIORES/Base_PJ_FGTS_20250207.txt
base_pj_fgts_2025_02.xlsx,OneDrive_2026-08-19 (6).zip,FGTS - PJ (Apoio PJ)/base_pj_fgts_2025_02.xlsx,.xlsx,dado_tabular_ou_serializado,fgts_financiado,fgts,2025-02,pista_semantica_mesma_frente_periodo_fonte,1,raw/sftp/fabrica/GEFUS/ANTERIORES/Base_PJ_FGTS_20250207.txt
fgts_contratacao_diaria_2025_09_05.csv,OneDrive_2026-08-19 (7).zip,FGTS - Contratação diária por Município/fgts_contratacao_diaria_2025_09_05.csv,.csv,dado_tabular_ou_serializado,fgts_financiado,fgts,2025-09,pista_semantica_mesma_frente_periodo_fonte,1,raw/sftp/fabrica/GEFUS/ANTERIORES/Base_PJ_FGTS_20250907.txt
fgts_contratacao_diaria_2025_09_09.csv,OneDrive_2026-08-19 (7).zip,FGTS - Contratação diária por Município/fgts_contratacao_diaria_2025_09_09.csv,.csv,dado_tabular_ou_serializado,fgts_financiado,fgts,2025-09,pista_semantica_mesma_frente_periodo_fonte,1,raw/sftp/fabrica/GEFUS/ANTERIORES/Base_PJ_FGTS_20250907.txt
fgts_contratacao_diaria_2025_09_10.csv,OneDrive_2026-08-19 (7).zip,FGTS - Contratação diária por Município/fgts_contratacao_diaria_2025_09_10.csv,.csv,dado_tabular_ou_serializado,fgts_financiado,fgts,2025-09,pista_semantica_mesma_frente_periodo_fonte,1,raw/sftp/fabrica/GEFUS/ANTERIORES/Base_PJ_FGTS_20250907.txt
fgts_contratacao_diaria_2025_09_12.csv,OneDrive_2026-08-19 (7).zip,FGTS - Contratação diária por Município/fgts_contratacao_diaria_2025_09_12.csv,.csv,dado_tabular_ou_serializado,fgts_financiado,fgts,2025-09,pista_semantica_mesma_frente_periodo_fonte,1,raw/sftp/fabrica/GEFUS/ANTERIORES/Base_PJ_FGTS_20250907.txt
fgts_contratacao_diaria_2025_09_12_1.csv,OneDrive_2026-08-19 (7).zip,FGTS - Contratação diária por Município/fgts_contratacao_diaria_2025_09_12_1.csv,.csv,dado_tabular_ou_serializado,fgts_financiado,fgts,2025-09,pista_semantica_mesma_frente_periodo_fonte,1,raw/sftp/fabrica/GEFUS/ANTERIORES/Base_PJ_FGTS_20250907.txt
fgts_contratacao_diaria_2025_09_15.csv,OneDrive_2026-08-19 (7).zip,FGTS - Contratação diária por Município/fgts_contratacao_diaria_2025_09_15.csv,.csv,dado_tabular_ou_serializado,fgts_financiado,fgts,2025-09,pista_semantica_mesma_frente_periodo_fonte,1,raw/sftp/fabrica/GEFUS/ANTERIORES/Base_PJ_FGTS_20250907.txt
fgts_contratacao_diaria_2025_09_16.csv,OneDrive_2026-08-19 (7).zip,FGTS - Contratação diária por Município/fgts_contratacao_diaria_2025_09_16.csv,.csv,dado_tabular_ou_serializado,fgts_financiado,fgts,2025-09,pista_semantica_mesma_frente_periodo_fonte,1,raw/sftp/fabrica/GEFUS/ANTERIORES/Base_PJ_FGTS_20250907.txt
fgts_contratacao_diaria_2025_09_17.csv,OneDrive_2026-08-19 (7).zip,FGTS - Contratação diária por Município/fgts_contratacao_diaria_2025_09_17.csv,.csv,dado_tabular_ou_serializado,fgts_financiado,fgts,2025-09,pista_semantica_mesma_frente_periodo_fonte,1,raw/sftp/fabrica/GEFUS/ANTERIORES/Base_PJ_FGTS_20250907.txt
fgts_contratacao_diaria_2025_09_18.csv,OneDrive_2026-08-19 (7).zip,FGTS - Contratação diária por Município/fgts_contratacao_diaria_2025_09_18.csv,.csv,dado_tabular_ou_serializado,fgts_financiado,fgts,2025-09,pista_semantica_mesma_frente_periodo_fonte,1,raw/sftp/fabrica/GEFUS/ANTERIORES/Base_PJ_FGTS_20250907.txt
fgts_contratacao_diaria_2025_09_19.csv,OneDrive_2026-08-19 (7).zip,FGTS - Contratação diária por Município/fgts_contratacao_diaria_2025_09_19.csv,.csv,dado_tabular_ou_serializado,fgts_financiado,fgts,2025-09,pista_semantica_mesma_frente_periodo_fonte,1,raw/sftp/fabrica/GEFUS/ANTERIORES/Base_PJ_FGTS_20250907.txt
fgts_contratacao_diaria_2025_09_22.csv,OneDrive_2026-08-19 (7).zip,FGTS - Contratação diária por Município/fgts_contratacao_diaria_2025_09_22.csv,.csv,dado_tabular_ou_serializado,fgts_financiado,fgts,2025-09,pista_semantica_mesma_frente_periodo_fonte,1,raw/sftp/fabrica/GEFUS/ANTERIORES/Base_PJ_FGTS_20250907.txt
fgts_contratacao_diaria_2025_09_23.csv,OneDrive_2026-08-19 (7).zip,FGTS - Contratação diária por Município/fgts_contratacao_diaria_2025_09_23.csv,.csv,dado_tabular_ou_serializado,fgts_financiado,fgts,2025-09,pista_semantica_mesma_frente_periodo_fonte,1,raw/sftp/fabrica/GEFUS/ANTERIORES/Base_PJ_FGTS_20250907.txt
fgts_contratacao_diaria_2025_09_24.csv,OneDrive_2026-08-19 (7).zip,FGTS - Contratação diária por Município/fgts_contratacao_diaria_2025_09_24.csv,.csv,dado_tabular_ou_serializado,fgts_financiado,fgts,2025-09,pista_semantica_mesma_frente_periodo_fonte,1,raw/sftp/fabrica/GEFUS/ANTERIORES/Base_PJ_FGTS_20250907.txt
fgts_contratacao_diaria_2025_09_26.csv,OneDrive_2026-08-19 (7).zip,FGTS - Contratação diária por Município/fgts_contratacao_diaria_2025_09_26.csv,.csv,dado_tabular_ou_serializado,fgts_financiado,fgts,2025-09,pista_semantica_mesma_frente_periodo_fonte,1,raw/sftp/fabrica/GEFUS/ANTERIORES/Base_PJ_FGTS_20250907.txt
fgts_contratacao_diaria_2025_09_29.csv,OneDrive_2026-08-19 (7).zip,FGTS - Contratação diária por Município/fgts_contratacao_diaria_2025_09_29.csv,.csv,dado_tabular_ou_serializado,fgts_financiado,fgts,2025-09,pista_semantica_mesma_frente_periodo_fonte,1,raw/sftp/fabrica/GEFUS/ANTERIORES/Base_PJ_FGTS_20250907.txt
fgts_contratacao_diaria_2025_09_30.csv,OneDrive_2026-08-19 (7).zip,FGTS - Contratação diária por Município/fgts_contratacao_diaria_2025_09_30.csv,.csv,dado_tabular_ou_serializado,fgts_financiado,fgts,2025-09,pista_semantica_mesma_frente_periodo_fonte,1,raw/sftp/fabrica/GEFUS/ANTERIORES/Base_PJ_FGTS_20250907.txt
fgts_contratacao_diaria_2025_10_01.csv,OneDrive_2026-08-19 (7).zip,FGTS - Contratação diária por Município/fgts_contratacao_diaria_2025_10_01.csv,.csv,dado_tabular_ou_serializado,fgts_financiado,fgts,2025-10,pista_semantica_mesma_frente_periodo_fonte,1,raw/sftp/fabrica/GEFUS/ANTERIORES/Base_PJ_FGTS_20251007.txt
fgts_contratacao_diaria_2025_10_03.csv,OneDrive_2026-08-19 (7).zip,FGTS - Contratação diária por Município/fgts_contratacao_diaria_2025_10_03.csv,.csv,dado_tabular_ou_serializado,fgts_financiado,fgts,2025-10,pista_semantica_mesma_frente_periodo_fonte,1,raw/sftp/fabrica/GEFUS/ANTERIORES/Base_PJ_FGTS_20251007.txt
fgts_contratacao_diaria_2025_10_07.csv,OneDrive_2026-08-19 (7).zip,FGTS - Contratação diária por Município/fgts_contratacao_diaria_2025_10_07.csv,.csv,dado_tabular_ou_serializado,fgts_financiado,fgts,2025-10,pista_semantica_mesma_frente_periodo_fonte,1,raw/sftp/fabrica/GEFUS/ANTERIORES/Base_PJ_FGTS_20251007.txt
fgts_contratacao_diaria_2025_10_08.csv,OneDrive_2026-08-19 (7).zip,FGTS - Contratação diária por Município/fgts_contratacao_diaria_2025_10_08.csv,.csv,dado_tabular_ou_serializado,fgts_financiado,fgts,2025-10,pista_semantica_mesma_frente_periodo_fonte,1,raw/sftp/fabrica/GEFUS/ANTERIORES/Base_PJ_FGTS_20251007.txt
fgts_contratacao_diaria_2025_10_10.csv,OneDrive_2026-08-19 (7).zip,FGTS - Contratação diária por Município/fgts_contratacao_diaria_2025_10_10.csv,.csv,dado_tabular_ou_serializado,fgts_financiado,fgts,2025-10,pista_semantica_mesma_frente_periodo_fonte,1,raw/sftp/fabrica/GEFUS/ANTERIORES/Base_PJ_FGTS_20251007.txt
fgts_contratacao_diaria_2025_10_13.csv,OneDrive_2026-08-19 (7).zip,FGTS - Contratação diária por Município/fgts_contratacao_diaria_2025_10_13.csv,.csv,dado_tabular_ou_serializado,fgts_financiado,fgts,2025-10,pista_semantica_mesma_frente_periodo_fonte,1,raw/sftp/fabrica/GEFUS/ANTERIORES/Base_PJ_FGTS_20251007.txt
fgts_contratacao_diaria_2025_10_14.csv,OneDrive_2026-08-19 (7).zip,FGTS - Contratação diária por Município/fgts_contratacao_diaria_2025_10_14.csv,.csv,dado_tabular_ou_serializado,fgts_financiado,fgts,2025-10,pista_semantica_mesma_frente_periodo_fonte,1,raw/sftp/fabrica/GEFUS/ANTERIORES/Base_PJ_FGTS_20251007.txt
fgts_contratacao_diaria_2025_10_20.csv,OneDrive_2026-08-19 (7).zip,FGTS - Contratação diária por Município/fgts_contratacao_diaria_2025_10_20.csv,.csv,dado_tabular_ou_serializado,fgts_financiado,fgts,2025-10,pista_semantica_mesma_frente_periodo_fonte,1,raw/sftp/fabrica/GEFUS/ANTERIORES/Base_PJ_FGTS_20251007.txt
fgts_contratacao_diaria_2025_10_21.csv,OneDrive_2026-08-19 (7).zip,FGTS - Contratação diária por Município/fgts_contratacao_diaria_2025_10_21.csv,.csv,dado_tabular_ou_serializado,fgts_financiado,fgts,2025-10,pista_semantica_mesma_frente_periodo_fonte,1,raw/sftp/fabrica/GEFUS/ANTERIORES/Base_PJ_FGTS_20251007.txt
fgts_contratacao_diaria_2025_10_22.csv,OneDrive_2026-08-19 (7).zip,FGTS - Contratação diária por Município/fgts_contratacao_diaria_2025_10_22.csv,.csv,dado_tabular_ou_serializado,fgts_financiado,fgts,2025-10,pista_semantica_mesma_frente_periodo_fonte,1,raw/sftp/fabrica/GEFUS/ANTERIORES/Base_PJ_FGTS_20251007.txt
fgts_contratacao_diaria_2025_10_24.csv,OneDrive_2026-08-19 (7).zip,FGTS - Contratação diária por Município/fgts_contratacao_diaria_2025_10_24.csv,.csv,dado_tabular_ou_serializado,fgts_financiado,fgts,2025-10,pista_semantica_mesma_frente_periodo_fonte,1,raw/sftp/fabrica/GEFUS/ANTERIORES/Base_PJ_FGTS_20251007.txt
fgts_contratacao_diaria_2025_10_27.csv,OneDrive_2026-08-19 (7).zip,FGTS - Contratação diária por Município/fgts_contratacao_diaria_2025_10_27.csv,.csv,dado_tabular_ou_serializado,fgts_financiado,fgts,2025-10,pista_semantica_mesma_frente_periodo_fonte,1,raw/sftp/fabrica/GEFUS/ANTERIORES/Base_PJ_FGTS_20251007.txt
fgts_contratacao_diaria_2025_10_29.csv,OneDrive_2026-08-19 (7).zip,FGTS - Contratação diária por Município/fgts_contratacao_diaria_2025_10_29.csv,.csv,dado_tabular_ou_serializado,fgts_financiado,fgts,2025-10,pista_semantica_mesma_frente_periodo_fonte,1,raw/sftp/fabrica/GEFUS/ANTERIORES/Base_PJ_FGTS_20251007.txt
fgts_contratacao_diaria_2025_10_31.csv,OneDrive_2026-08-19 (7).zip,FGTS - Contratação diária por Município/fgts_contratacao_diaria_2025_10_31.csv,.csv,dado_tabular_ou_serializado,fgts_financiado,fgts,2025-10,pista_semantica_mesma_frente_periodo_fonte,1,raw/sftp/fabrica/GEFUS/ANTERIORES/Base_PJ_FGTS_20251007.txt
fgts_contratacao_diaria_2025_10_31_.csv,OneDrive_2026-08-19 (7).zip,FGTS - Contratação diária por Município/fgts_contratacao_diaria_2025_10_31_.csv,.csv,dado_tabular_ou_serializado,fgts_financiado,fgts,2025-10,pista_semantica_mesma_frente_periodo_fonte,1,raw/sftp/fabrica/GEFUS/ANTERIORES/Base_PJ_FGTS_20251007.txt
fgts_contratacao_diaria_2025_11_03.csv,OneDrive_2026-08-19 (7).zip,FGTS - Contratação diária por Município/fgts_contratacao_diaria_2025_11_03.csv,.csv,dado_tabular_ou_serializado,fgts_financiado,fgts,2025-11,pista_semantica_mesma_frente_periodo_fonte,1,raw/sftp/fabrica/GEFUS/ANTERIORES/Base_PJ_FGTS_20251107.txt
fgts_contratacao_diaria_2025_11_04.csv,OneDrive_2026-08-19 (7).zip,FGTS - Contratação diária por Município/fgts_contratacao_diaria_2025_11_04.csv,.csv,dado_tabular_ou_serializado,fgts_financiado,fgts,2025-11,pista_semantica_mesma_frente_periodo_fonte,1,raw/sftp/fabrica/GEFUS/ANTERIORES/Base_PJ_FGTS_20251107.txt
fgts_contratacao_diaria_2025_11_05.csv,OneDrive_2026-08-19 (7).zip,FGTS - Contratação diária por Município/fgts_contratacao_diaria_2025_11_05.csv,.csv,dado_tabular_ou_serializado,fgts_financiado,fgts,2025-11,pista_semantica_mesma_frente_periodo_fonte,1,raw/sftp/fabrica/GEFUS/ANTERIORES/Base_PJ_FGTS_20251107.txt
fgts_contratacao_diaria_2025_11_07.csv,OneDrive_2026-08-19 (7).zip,FGTS - Contratação diária por Município/fgts_contratacao_diaria_2025_11_07.csv,.csv,dado_tabular_ou_serializado,fgts_financiado,fgts,2025-11,pista_semantica_mesma_frente_periodo_fonte,1,raw/sftp/fabrica/GEFUS/ANTERIORES/Base_PJ_FGTS_20251107.txt
fgts_contratacao_diaria_2025_11_07_.csv,OneDrive_2026-08-19 (7).zip,FGTS - Contratação diária por Município/fgts_contratacao_diaria_2025_11_07_.csv,.csv,dado_tabular_ou_serializado,fgts_financiado,fgts,2025-11,pista_semantica_mesma_frente_periodo_fonte,1,raw/sftp/fabrica/GEFUS/ANTERIORES/Base_PJ_FGTS_20251107.txt
fgts_contratacao_diaria_2025_11_11.csv,OneDrive_2026-08-19 (7).zip,FGTS - Contratação diária por Município/fgts_contratacao_diaria_2025_11_11.csv,.csv,dado_tabular_ou_serializado,fgts_financiado,fgts,2025-11,pista_semantica_mesma_frente_periodo_fonte,1,raw/sftp/fabrica/GEFUS/ANTERIORES/Base_PJ_FGTS_20251107.txt
fgts_contratacao_diaria_2025_11_12.csv,OneDrive_2026-08-19 (7).zip,FGTS - Contratação diária por Município/fgts_contratacao_diaria_2025_11_12.csv,.csv,dado_tabular_ou_serializado,fgts_financiado,fgts,2025-11,pista_semantica_mesma_frente_periodo_fonte,1,raw/sftp/fabrica/GEFUS/ANTERIORES/Base_PJ_FGTS_20251107.txt
fgts_contratacao_diaria_2025_11_14.csv,OneDrive_2026-08-19 (7).zip,FGTS - Contratação diária por Município/fgts_contratacao_diaria_2025_11_14.csv,.csv,dado_tabular_ou_serializado,fgts_financiado,fgts,2025-11,pista_semantica_mesma_frente_periodo_fonte,1,raw/sftp/fabrica/GEFUS/ANTERIORES/Base_PJ_FGTS_20251107.txt
fgts_contratacao_diaria_2025_11_14_1.csv,OneDrive_2026-08-19 (7).zip,FGTS - Contratação diária por Município/fgts_contratacao_diaria_2025_11_14_1.csv,.csv,dado_tabular_ou_serializado,fgts_financiado,fgts,2025-11,pista_semantica_mesma_frente_periodo_fonte,1,raw/sftp/fabrica/GEFUS/ANTERIORES/Base_PJ_FGTS_20251107.txt
fgts_contratacao_diaria_2025_11_17.csv,OneDrive_2026-08-19 (7).zip,FGTS - Contratação diária por Município/fgts_contratacao_diaria_2025_11_17.csv,.csv,dado_tabular_ou_serializado,fgts_financiado,fgts,2025-11,pista_semantica_mesma_frente_periodo_fonte,1,raw/sftp/fabrica/GEFUS/ANTERIORES/Base_PJ_FGTS_20251107.txt
fgts_contratacao_diaria_2025_11_18.csv,OneDrive_2026-08-19 (7).zip,FGTS - Contratação diária por Município/fgts_contratacao_diaria_2025_11_18.csv,.csv,dado_tabular_ou_serializado,fgts_financiado,fgts,2025-11,pista_semantica_mesma_frente_periodo_fonte,1,raw/sftp/fabrica/GEFUS/ANTERIORES/Base_PJ_FGTS_20251107.txt
fgts_contratacao_diaria_2025_11_21.csv,OneDrive_2026-08-19 (7).zip,FGTS - Contratação diária por Município/fgts_contratacao_diaria_2025_11_21.csv,.csv,dado_tabular_ou_serializado,fgts_financiado,fgts,2025-11,pista_semantica_mesma_frente_periodo_fonte,1,raw/sftp/fabrica/GEFUS/ANTERIORES/Base_PJ_FGTS_20251107.txt
fgts_contratacao_diaria_2025_11_24.csv,OneDrive_2026-08-19 (7).zip,FGTS - Contratação diária por Município/fgts_contratacao_diaria_2025_11_24.csv,.csv,dado_tabular_ou_serializado,fgts_financiado,fgts,2025-11,pista_semantica_mesma_frente_periodo_fonte,1,raw/sftp/fabrica/GEFUS/ANTERIORES/Base_PJ_FGTS_20251107.txt
fgts_contratacao_diaria_2025_11_25.csv,OneDrive_2026-08-19 (7).zip,FGTS - Contratação diária por Município/fgts_contratacao_diaria_2025_11_25.csv,.csv,dado_tabular_ou_serializado,fgts_financiado,fgts,2025-11,pista_semantica_mesma_frente_periodo_fonte,1,raw/sftp/fabrica/GEFUS/ANTERIORES/Base_PJ_FGTS_20251107.txt
fgts_contratacao_diaria_2025_12_02.csv,OneDrive_2026-08-19 (7).zip,FGTS - Contratação diária por Município/fgts_contratacao_diaria_2025_12_02.csv,.csv,dado_tabular_ou_serializado,fgts_financiado,fgts,2025-12,pista_semantica_mesma_frente_periodo_fonte,1,raw/sftp/fabrica/GEFUS/ANTERIORES/Base_PJ_FGTS_20251207.txt
fgts_contratacao_diaria_2025_12_03.csv,OneDrive_2026-08-19 (7).zip,FGTS - Contratação diária por Município/fgts_contratacao_diaria_2025_12_03.csv,.csv,dado_tabular_ou_serializado,fgts_financiado,fgts,2025-12,pista_semantica_mesma_frente_periodo_fonte,1,raw/sftp/fabrica/GEFUS/ANTERIORES/Base_PJ_FGTS_20251207.txt
fgts_contratacao_diaria_2025_12_05.csv,OneDrive_2026-08-19 (7).zip,FGTS - Contratação diária por Município/fgts_contratacao_diaria_2025_12_05.csv,.csv,dado_tabular_ou_serializado,fgts_financiado,fgts,2025-12,pista_semantica_mesma_frente_periodo_fonte,1,raw/sftp/fabrica/GEFUS/ANTERIORES/Base_PJ_FGTS_20251207.txt
fgts_contratacao_diaria_2025_12_08.csv,OneDrive_2026-08-19 (7).zip,FGTS - Contratação diária por Município/fgts_contratacao_diaria_2025_12_08.csv,.csv,dado_tabular_ou_serializado,fgts_financiado,fgts,2025-12,pista_semantica_mesma_frente_periodo_fonte,1,raw/sftp/fabrica/GEFUS/ANTERIORES/Base_PJ_FGTS_20251207.txt
fgts_contratacao_diaria_2025_12_09.csv,OneDrive_2026-08-19 (7).zip,FGTS - Contratação diária por Município/fgts_contratacao_diaria_2025_12_09.csv,.csv,dado_tabular_ou_serializado,fgts_financiado,fgts,2025-12,pista_semantica_mesma_frente_periodo_fonte,1,raw/sftp/fabrica/GEFUS/ANTERIORES/Base_PJ_FGTS_20251207.txt
fgts_contratacao_diaria_2025_12_10.csv,OneDrive_2026-08-19 (7).zip,FGTS - Contratação diária por Município/fgts_contratacao_diaria_2025_12_10.csv,.csv,dado_tabular_ou_serializado,fgts_financiado,fgts,2025-12,pista_semantica_mesma_frente_periodo_fonte,1,raw/sftp/fabrica/GEFUS/ANTERIORES/Base_PJ_FGTS_20251207.txt
fgts_contratacao_diaria_2025_12_12.csv,OneDrive_2026-08-19 (7).zip,FGTS - Contratação diária por Município/fgts_contratacao_diaria_2025_12_12.csv,.csv,dado_tabular_ou_serializado,fgts_financiado,fgts,2025-12,pista_semantica_mesma_frente_periodo_fonte,1,raw/sftp/fabrica/GEFUS/ANTERIORES/Base_PJ_FGTS_20251207.txt
fgts_contratacao_diaria_2025_12_12_1.csv,OneDrive_2026-08-19 (7).zip,FGTS - Contratação diária por Município/fgts_contratacao_diaria_2025_12_12_1.csv,.csv,dado_tabular_ou_serializado,fgts_financiado,fgts,2025-12,pista_semantica_mesma_frente_periodo_fonte,1,raw/sftp/fabrica/GEFUS/ANTERIORES/Base_PJ_FGTS_20251207.txt
fgts_contratacao_diaria_2025_12_15.csv,OneDrive_2026-08-19 (7).zip,FGTS - Contratação diária por Município/fgts_contratacao_diaria_2025_12_15.csv,.csv,dado_tabular_ou_serializado,fgts_financiado,fgts,2025-12,pista_semantica_mesma_frente_periodo_fonte,1,raw/sftp/fabrica/GEFUS/ANTERIORES/Base_PJ_FGTS_20251207.txt
fgts_contratacao_diaria_2025_12_16.csv,OneDrive_2026-08-19 (7).zip,FGTS - Contratação diária por Município/fgts_contratacao_diaria_2025_12_16.csv,.csv,dado_tabular_ou_serializado,fgts_financiado,fgts,2025-12,pista_semantica_mesma_frente_periodo_fonte,1,raw/sftp/fabrica/GEFUS/ANTERIORES/Base_PJ_FGTS_20251207.txt
fgts_contratacao_diaria_2025_12_17.csv,OneDrive_2026-08-19 (7).zip,FGTS - Contratação diária por Município/fgts_contratacao_diaria_2025_12_17.csv,.csv,dado_tabular_ou_serializado,fgts_financiado,fgts,2025-12,pista_semantica_mesma_frente_periodo_fonte,1,raw/sftp/fabrica/GEFUS/ANTERIORES/Base_PJ_FGTS_20251207.txt
fgts_contratacao_diaria_2025_12_19.csv,OneDrive_2026-08-19 (7).zip,FGTS - Contratação diária por Município/fgts_contratacao_diaria_2025_12_19.csv,.csv,dado_tabular_ou_serializado,fgts_financiado,fgts,2025-12,pista_semantica_mesma_frente_periodo_fonte,1,raw/sftp/fabrica/GEFUS/ANTERIORES/Base_PJ_FGTS_20251207.txt
fgts_contratacao_diaria_2025_12_29.csv,OneDrive_2026-08-19 (7).zip,FGTS - Contratação diária por Município/fgts_contratacao_diaria_2025_12_29.csv,.csv,dado_tabular_ou_serializado,fgts_financiado,fgts,2025-12,pista_semantica_mesma_frente_periodo_fonte,1,raw/sftp/fabrica/GEFUS/ANTERIORES/Base_PJ_FGTS_20251207.txt
fgts_contratacao_diaria_2026_01_02.csv,OneDrive_2026-08-19 (7).zip,FGTS - Contratação diária por Município/fgts_contratacao_diaria_2026_01_02.csv,.csv,dado_tabular_ou_serializado,fgts_financiado,fgts,2026-01,pista_semantica_mesma_frente_periodo_fonte,5,raw/sftp/caixa.geavo/GEAVO/Base_PF_FGTS_20260107.txt | raw/sftp/caixa.geavo/GEAVO/Base_PJ_FGTS_20260107.txt | raw/sftp/caixa.geavo/GEAVO/Base_PJ_FGTS_20260107_0001.txt | raw/sftp/fabrica/GEFUS/ANTERIORES/Base_PJ_FGTS_20260107.txt | raw/sftp/fabrica/GEFUS/Base_PF_FGTS_20260107.txt
fgts_contratacao_diaria_2026_01_05.csv,OneDrive_2026-08-19 (7).zip,FGTS - Contratação diária por Município/fgts_contratacao_diaria_2026_01_05.csv,.csv,dado_tabular_ou_serializado,fgts_financiado,fgts,2026-01,pista_semantica_mesma_frente_periodo_fonte,5,raw/sftp/caixa.geavo/GEAVO/Base_PF_FGTS_20260107.txt | raw/sftp/caixa.geavo/GEAVO/Base_PJ_FGTS_20260107.txt | raw/sftp/caixa.geavo/GEAVO/Base_PJ_FGTS_20260107_0001.txt | raw/sftp/fabrica/GEFUS/ANTERIORES/Base_PJ_FGTS_20260107.txt | raw/sftp/fabrica/GEFUS/Base_PF_FGTS_20260107.txt
fgts_contratacao_diaria_2026_01_06.csv,OneDrive_2026-08-19 (7).zip,FGTS - Contratação diária por Município/fgts_contratacao_diaria_2026_01_06.csv,.csv,dado_tabular_ou_serializado,fgts_financiado,fgts,2026-01,pista_semantica_mesma_frente_periodo_fonte,5,raw/sftp/caixa.geavo/GEAVO/Base_PF_FGTS_20260107.txt | raw/sftp/caixa.geavo/GEAVO/Base_PJ_FGTS_20260107.txt | raw/sftp/caixa.geavo/GEAVO/Base_PJ_FGTS_20260107_0001.txt | raw/sftp/fabrica/GEFUS/ANTERIORES/Base_PJ_FGTS_20260107.txt | raw/sftp/fabrica/GEFUS/Base_PF_FGTS_20260107.txt
fgts_contratacao_diaria_2026_01_09.csv,OneDrive_2026-08-19 (7).zip,FGTS - Contratação diária por Município/fgts_contratacao_diaria_2026_01_09.csv,.csv,dado_tabular_ou_serializado,fgts_financiado,fgts,2026-01,pista_semantica_mesma_frente_periodo_fonte,5,raw/sftp/caixa.geavo/GEAVO/Base_PF_FGTS_20260107.txt | raw/sftp/caixa.geavo/GEAVO/Base_PJ_FGTS_20260107.txt | raw/sftp/caixa.geavo/GEAVO/Base_PJ_FGTS_20260107_0001.txt | raw/sftp/fabrica/GEFUS/ANTERIORES/Base_PJ_FGTS_20260107.txt | raw/sftp/fabrica/GEFUS/Base_PF_FGTS_20260107.txt
fgts_contratacao_diaria_2026_01_09_1.csv,OneDrive_2026-08-19 (7).zip,FGTS - Contratação diária por Município/fgts_contratacao_diaria_2026_01_09_1.csv,.csv,dado_tabular_ou_serializado,fgts_financiado,fgts,2026-01,pista_semantica_mesma_frente_periodo_fonte,5,raw/sftp/caixa.geavo/GEAVO/Base_PF_FGTS_20260107.txt | raw/sftp/caixa.geavo/GEAVO/Base_PJ_FGTS_20260107.txt | raw/sftp/caixa.geavo/GEAVO/Base_PJ_FGTS_20260107_0001.txt | raw/sftp/fabrica/GEFUS/ANTERIORES/Base_PJ_FGTS_20260107.txt | raw/sftp/fabrica/GEFUS/Base_PF_FGTS_20260107.txt
fgts_contratacao_diaria_2026_01_12.csv,OneDrive_2026-08-19 (7).zip,FGTS - Contratação diária por Município/fgts_contratacao_diaria_2026_01_12.csv,.csv,dado_tabular_ou_serializado,fgts_financiado,fgts,2026-01,pista_semantica_mesma_frente_periodo_fonte,5,raw/sftp/caixa.geavo/GEAVO/Base_PF_FGTS_20260107.txt | raw/sftp/caixa.geavo/GEAVO/Base_PJ_FGTS_20260107.txt | raw/sftp/caixa.geavo/GEAVO/Base_PJ_FGTS_20260107_0001.txt | raw/sftp/fabrica/GEFUS/ANTERIORES/Base_PJ_FGTS_20260107.txt | raw/sftp/fabrica/GEFUS/Base_PF_FGTS_20260107.txt
fgts_contratacao_diaria_2026_01_13.csv,OneDrive_2026-08-19 (7).zip,FGTS - Contratação diária por Município/fgts_contratacao_diaria_2026_01_13.csv,.csv,dado_tabular_ou_serializado,fgts_financiado,fgts,2026-01,pista_semantica_mesma_frente_periodo_fonte,5,raw/sftp/caixa.geavo/GEAVO/Base_PF_FGTS_20260107.txt | raw/sftp/caixa.geavo/GEAVO/Base_PJ_FGTS_20260107.txt | raw/sftp/caixa.geavo/GEAVO/Base_PJ_FGTS_20260107_0001.txt | raw/sftp/fabrica/GEFUS/ANTERIORES/Base_PJ_FGTS_20260107.txt | raw/sftp/fabrica/GEFUS/Base_PF_FGTS_20260107.txt
fgts_contratacao_diaria_2026_01_14.csv,OneDrive_2026-08-19 (7).zip,FGTS - Contratação diária por Município/fgts_contratacao_diaria_2026_01_14.csv,.csv,dado_tabular_ou_serializado,fgts_financiado,fgts,2026-01,pista_semantica_mesma_frente_periodo_fonte,5,raw/sftp/caixa.geavo/GEAVO/Base_PF_FGTS_20260107.txt | raw/sftp/caixa.geavo/GEAVO/Base_PJ_FGTS_20260107.txt | raw/sftp/caixa.geavo/GEAVO/Base_PJ_FGTS_20260107_0001.txt | raw/sftp/fabrica/GEFUS/ANTERIORES/Base_PJ_FGTS_20260107.txt | raw/sftp/fabrica/GEFUS/Base_PF_FGTS_20260107.txt
fgts_contratacao_diaria_2026_01_16.csv,OneDrive_2026-08-19 (7).zip,FGTS - Contratação diária por Município/fgts_contratacao_diaria_2026_01_16.csv,.csv,dado_tabular_ou_serializado,fgts_financiado,fgts,2026-01,pista_semantica_mesma_frente_periodo_fonte,5,raw/sftp/caixa.geavo/GEAVO/Base_PF_FGTS_20260107.txt | raw/sftp/caixa.geavo/GEAVO/Base_PJ_FGTS_20260107.txt | raw/sftp/caixa.geavo/GEAVO/Base_PJ_FGTS_20260107_0001.txt | raw/sftp/fabrica/GEFUS/ANTERIORES/Base_PJ_FGTS_20260107.txt | raw/sftp/fabrica/GEFUS/Base_PF_FGTS_20260107.txt
fgts_contratacao_diaria_2026_01_19.csv,OneDrive_2026-08-19 (7).zip,FGTS - Contratação diária por Município/fgts_contratacao_diaria_2026_01_19.csv,.csv,dado_tabular_ou_serializado,fgts_financiado,fgts,2026-01,pista_semantica_mesma_frente_periodo_fonte,5,raw/sftp/caixa.geavo/GEAVO/Base_PF_FGTS_20260107.txt | raw/sftp/caixa.geavo/GEAVO/Base_PJ_FGTS_20260107.txt | raw/sftp/caixa.geavo/GEAVO/Base_PJ_FGTS_20260107_0001.txt | raw/sftp/fabrica/GEFUS/ANTERIORES/Base_PJ_FGTS_20260107.txt | raw/sftp/fabrica/GEFUS/Base_PF_FGTS_20260107.txt
fgts_contratacao_diaria_2026_01_21.csv,OneDrive_2026-08-19 (7).zip,FGTS - Contratação diária por Município/fgts_contratacao_diaria_2026_01_21.csv,.csv,dado_tabular_ou_serializado,fgts_financiado,fgts,2026-01,pista_semantica_mesma_frente_periodo_fonte,5,raw/sftp/caixa.geavo/GEAVO/Base_PF_FGTS_20260107.txt | raw/sftp/caixa.geavo/GEAVO/Base_PJ_FGTS_20260107.txt | raw/sftp/caixa.geavo/GEAVO/Base_PJ_FGTS_20260107_0001.txt | raw/sftp/fabrica/GEFUS/ANTERIORES/Base_PJ_FGTS_20260107.txt | raw/sftp/fabrica/GEFUS/Base_PF_FGTS_20260107.txt
fgts_contratacao_diaria_2026_01_23.csv,OneDrive_2026-08-19 (7).zip,FGTS - Contratação diária por Município/fgts_contratacao_diaria_2026_01_23.csv,.csv,dado_tabular_ou_serializado,fgts_financiado,fgts,2026-01,pista_semantica_mesma_frente_periodo_fonte,5,raw/sftp/caixa.geavo/GEAVO/Base_PF_FGTS_20260107.txt | raw/sftp/caixa.geavo/GEAVO/Base_PJ_FGTS_20260107.txt | raw/sftp/caixa.geavo/GEAVO/Base_PJ_FGTS_20260107_0001.txt | raw/sftp/fabrica/GEFUS/ANTERIORES/Base_PJ_FGTS_20260107.txt | raw/sftp/fabrica/GEFUS/Base_PF_FGTS_20260107.txt
fgts_contratacao_diaria_2026_01_26.csv,OneDrive_2026-08-19 (7).zip,FGTS - Contratação diária por Município/fgts_contratacao_diaria_2026_01_26.csv,.csv,dado_tabular_ou_serializado,fgts_financiado,fgts,2026-01,pista_semantica_mesma_frente_periodo_fonte,5,raw/sftp/caixa.geavo/GEAVO/Base_PF_FGTS_20260107.txt | raw/sftp/caixa.geavo/GEAVO/Base_PJ_FGTS_20260107.txt | raw/sftp/caixa.geavo/GEAVO/Base_PJ_FGTS_20260107_0001.txt | raw/sftp/fabrica/GEFUS/ANTERIORES/Base_PJ_FGTS_20260107.txt | raw/sftp/fabrica/GEFUS/Base_PF_FGTS_20260107.txt
fgts_contratacao_diaria_2026_01_27.csv,OneDrive_2026-08-19 (7).zip,FGTS - Contratação diária por Município/fgts_contratacao_diaria_2026_01_27.csv,.csv,dado_tabular_ou_serializado,fgts_financiado,fgts,2026-01,pista_semantica_mesma_frente_periodo_fonte,5,raw/sftp/caixa.geavo/GEAVO/Base_PF_FGTS_20260107.txt | raw/sftp/caixa.geavo/GEAVO/Base_PJ_FGTS_20260107.txt | raw/sftp/caixa.geavo/GEAVO/Base_PJ_FGTS_20260107_0001.txt | raw/sftp/fabrica/GEFUS/ANTERIORES/Base_PJ_FGTS_20260107.txt | raw/sftp/fabrica/GEFUS/Base_PF_FGTS_20260107.txt
fgts_contratacao_diaria_2026_01_28.csv,OneDrive_2026-08-19 (7).zip,FGTS - Contratação diária por Município/fgts_contratacao_diaria_2026_01_28.csv,.csv,dado_tabular_ou_serializado,fgts_financiado,fgts,2026-01,pista_semantica_mesma_frente_periodo_fonte,5,raw/sftp/caixa.geavo/GEAVO/Base_PF_FGTS_20260107.txt | raw/sftp/caixa.geavo/GEAVO/Base_PJ_FGTS_20260107.txt | raw/sftp/caixa.geavo/GEAVO/Base_PJ_FGTS_20260107_0001.txt | raw/sftp/fabrica/GEFUS/ANTERIORES/Base_PJ_FGTS_20260107.txt | raw/sftp/fabrica/GEFUS/Base_PF_FGTS_20260107.txt
fgts_contratacao_diaria_2026_01_30.csv,OneDrive_2026-08-19 (7).zip,FGTS - Contratação diária por Município/fgts_contratacao_diaria_2026_01_30.csv,.csv,dado_tabular_ou_serializado,fgts_financiado,fgts,2026-01,pista_semantica_mesma_frente_periodo_fonte,5,raw/sftp/caixa.geavo/GEAVO/Base_PF_FGTS_20260107.txt | raw/sftp/caixa.geavo/GEAVO/Base_PJ_FGTS_20260107.txt | raw/sftp/caixa.geavo/GEAVO/Base_PJ_FGTS_20260107_0001.txt | raw/sftp/fabrica/GEFUS/ANTERIORES/Base_PJ_FGTS_20260107.txt | raw/sftp/fabrica/GEFUS/Base_PF_FGTS_20260107.txt
fgts_contratacao_diaria_2026_02_02.csv,OneDrive_2026-08-19 (7).zip,FGTS - Contratação diária por Município/fgts_contratacao_diaria_2026_02_02.csv,.csv,dado_tabular_ou_serializado,fgts_financiado,fgts,2026-02,pista_semantica_mesma_frente_periodo_fonte,2,raw/sftp/caixa.geavo/GEAVO/Base_PF_FGTS_20260207.txt | raw/sftp/caixa.geavo/GEAVO/Base_PJ_FGTS_20260207.txt
fgts_contratacao_diaria_2026_02_03.csv,OneDrive_2026-08-19 (7).zip,FGTS - Contratação diária por Município/fgts_contratacao_diaria_2026_02_03.csv,.csv,dado_tabular_ou_serializado,fgts_financiado,fgts,2026-02,pista_semantica_mesma_frente_periodo_fonte,2,raw/sftp/caixa.geavo/GEAVO/Base_PF_FGTS_20260207.txt | raw/sftp/caixa.geavo/GEAVO/Base_PJ_FGTS_20260207.txt
fgts_contratacao_diaria_2026_02_06.csv,OneDrive_2026-08-19 (7).zip,FGTS - Contratação diária por Município/fgts_contratacao_diaria_2026_02_06.csv,.csv,dado_tabular_ou_serializado,fgts_financiado,fgts,2026-02,pista_semantica_mesma_frente_periodo_fonte,2,raw/sftp/caixa.geavo/GEAVO/Base_PF_FGTS_20260207.txt | raw/sftp/caixa.geavo/GEAVO/Base_PJ_FGTS_20260207.txt
fgts_contratacao_diaria_2026_02_09.csv,OneDrive_2026-08-19 (7).zip,FGTS - Contratação diária por Município/fgts_contratacao_diaria_2026_02_09.csv,.csv,dado_tabular_ou_serializado,fgts_financiado,fgts,2026-02,pista_semantica_mesma_frente_periodo_fonte,2,raw/sftp/caixa.geavo/GEAVO/Base_PF_FGTS_20260207.txt | raw/sftp/caixa.geavo/GEAVO/Base_PJ_FGTS_20260207.txt
fgts_contratacao_diaria_2026_02_10.csv,OneDrive_2026-08-19 (7).zip,FGTS - Contratação diária por Município/fgts_contratacao_diaria_2026_02_10.csv,.csv,dado_tabular_ou_serializado,fgts_financiado,fgts,2026-02,pista_semantica_mesma_frente_periodo_fonte,2,raw/sftp/caixa.geavo/GEAVO/Base_PF_FGTS_20260207.txt | raw/sftp/caixa.geavo/GEAVO/Base_PJ_FGTS_20260207.txt
fgts_contratacao_diaria_2026_02_11.csv,OneDrive_2026-08-19 (7).zip,FGTS - Contratação diária por Município/fgts_contratacao_diaria_2026_02_11.csv,.csv,dado_tabular_ou_serializado,fgts_financiado,fgts,2026-02,pista_semantica_mesma_frente_periodo_fonte,2,raw/sftp/caixa.geavo/GEAVO/Base_PF_FGTS_20260207.txt | raw/sftp/caixa.geavo/GEAVO/Base_PJ_FGTS_20260207.txt
fgts_contratacao_diaria_2026_02_20.csv,OneDrive_2026-08-19 (7).zip,FGTS - Contratação diária por Município/fgts_contratacao_diaria_2026_02_20.csv,.csv,dado_tabular_ou_serializado,fgts_financiado,fgts,2026-02,pista_semantica_mesma_frente_periodo_fonte,2,raw/sftp/caixa.geavo/GEAVO/Base_PF_FGTS_20260207.txt | raw/sftp/caixa.geavo/GEAVO/Base_PJ_FGTS_20260207.txt
fgts_contratacao_diaria_2026_02_23.csv,OneDrive_2026-08-19 (7).zip,FGTS - Contratação diária por Município/fgts_contratacao_diaria_2026_02_23.csv,.csv,dado_tabular_ou_serializado,fgts_financiado,fgts,2026-02,pista_semantica_mesma_frente_periodo_fonte,2,raw/sftp/caixa.geavo/GEAVO/Base_PF_FGTS_20260207.txt | raw/sftp/caixa.geavo/GEAVO/Base_PJ_FGTS_20260207.txt
fgts_contratacao_diaria_2026_02_24.csv,OneDrive_2026-08-19 (7).zip,FGTS - Contratação diária por Município/fgts_contratacao_diaria_2026_02_24.csv,.csv,dado_tabular_ou_serializado,fgts_financiado,fgts,2026-02,pista_semantica_mesma_frente_periodo_fonte,2,raw/sftp/caixa.geavo/GEAVO/Base_PF_FGTS_20260207.txt | raw/sftp/caixa.geavo/GEAVO/Base_PJ_FGTS_20260207.txt
fgts_contratacao_diaria_2026_02_25.csv,OneDrive_2026-08-19 (7).zip,FGTS - Contratação diária por Município/fgts_contratacao_diaria_2026_02_25.csv,.csv,dado_tabular_ou_serializado,fgts_financiado,fgts,2026-02,pista_semantica_mesma_frente_periodo_fonte,2,raw/sftp/caixa.geavo/GEAVO/Base_PF_FGTS_20260207.txt | raw/sftp/caixa.geavo/GEAVO/Base_PJ_FGTS_20260207.txt
fgts_contratacao_diaria_2026_02_27.csv,OneDrive_2026-08-19 (7).zip,FGTS - Contratação diária por Município/fgts_contratacao_diaria_2026_02_27.csv,.csv,dado_tabular_ou_serializado,fgts_financiado,fgts,2026-02,pista_semantica_mesma_frente_periodo_fonte,2,raw/sftp/caixa.geavo/GEAVO/Base_PF_FGTS_20260207.txt | raw/sftp/caixa.geavo/GEAVO/Base_PJ_FGTS_20260207.txt
fgts_contratacao_diaria_2026_03_02.csv,OneDrive_2026-08-19 (7).zip,FGTS - Contratação diária por Município/fgts_contratacao_diaria_2026_03_02.csv,.csv,dado_tabular_ou_serializado,fgts_financiado,fgts,2026-03,pista_semantica_mesma_frente_periodo_fonte,2,raw/sftp/caixa.geavo/GEAVO/Base_PF_FGTS_20260307.txt | raw/sftp/caixa.geavo/GEAVO/Base_PJ_FGTS_20260307.txt
fgts_contratacao_diaria_2026_03_03.csv,OneDrive_2026-08-19 (7).zip,FGTS - Contratação diária por Município/fgts_contratacao_diaria_2026_03_03.csv,.csv,dado_tabular_ou_serializado,fgts_financiado,fgts,2026-03,pista_semantica_mesma_frente_periodo_fonte,2,raw/sftp/caixa.geavo/GEAVO/Base_PF_FGTS_20260307.txt | raw/sftp/caixa.geavo/GEAVO/Base_PJ_FGTS_20260307.txt
fgts_contratacao_diaria_2026_03_06.csv,OneDrive_2026-08-19 (7).zip,FGTS - Contratação diária por Município/fgts_contratacao_diaria_2026_03_06.csv,.csv,dado_tabular_ou_serializado,fgts_financiado,fgts,2026-03,pista_semantica_mesma_frente_periodo_fonte,2,raw/sftp/caixa.geavo/GEAVO/Base_PF_FGTS_20260307.txt | raw/sftp/caixa.geavo/GEAVO/Base_PJ_FGTS_20260307.txt
fgts_contratacao_diaria_2026_03_09.csv,OneDrive_2026-08-19 (7).zip,FGTS - Contratação diária por Município/fgts_contratacao_diaria_2026_03_09.csv,.csv,dado_tabular_ou_serializado,fgts_financiado,fgts,2026-03,pista_semantica_mesma_frente_periodo_fonte,2,raw/sftp/caixa.geavo/GEAVO/Base_PF_FGTS_20260307.txt | raw/sftp/caixa.geavo/GEAVO/Base_PJ_FGTS_20260307.txt
fgts_contratacao_diaria_2026_03_10.csv,OneDrive_2026-08-19 (7).zip,FGTS - Contratação diária por Município/fgts_contratacao_diaria_2026_03_10.csv,.csv,dado_tabular_ou_serializado,fgts_financiado,fgts,2026-03,pista_semantica_mesma_frente_periodo_fonte,2,raw/sftp/caixa.geavo/GEAVO/Base_PF_FGTS_20260307.txt | raw/sftp/caixa.geavo/GEAVO/Base_PJ_FGTS_20260307.txt
fgts_contratacao_diaria_2026_03_13.csv,OneDrive_2026-08-19 (7).zip,FGTS - Contratação diária por Município/fgts_contratacao_diaria_2026_03_13.csv,.csv,dado_tabular_ou_serializado,fgts_financiado,fgts,2026-03,pista_semantica_mesma_frente_periodo_fonte,2,raw/sftp/caixa.geavo/GEAVO/Base_PF_FGTS_20260307.txt | raw/sftp/caixa.geavo/GEAVO/Base_PJ_FGTS_20260307.txt
fgts_contratacao_diaria_2026_03_16.csv,OneDrive_2026-08-19 (7).zip,FGTS - Contratação diária por Município/fgts_contratacao_diaria_2026_03_16.csv,.csv,dado_tabular_ou_serializado,fgts_financiado,fgts,2026-03,pista_semantica_mesma_frente_periodo_fonte,2,raw/sftp/caixa.geavo/GEAVO/Base_PF_FGTS_20260307.txt | raw/sftp/caixa.geavo/GEAVO/Base_PJ_FGTS_20260307.txt
fgts_contratacao_diaria_2026_03_17.csv,OneDrive_2026-08-19 (7).zip,FGTS - Contratação diária por Município/fgts_contratacao_diaria_2026_03_17.csv,.csv,dado_tabular_ou_serializado,fgts_financiado,fgts,2026-03,pista_semantica_mesma_frente_periodo_fonte,2,raw/sftp/caixa.geavo/GEAVO/Base_PF_FGTS_20260307.txt | raw/sftp/caixa.geavo/GEAVO/Base_PJ_FGTS_20260307.txt
fgts_contratacao_diaria_2026_03_18.csv,OneDrive_2026-08-19 (7).zip,FGTS - Contratação diária por Município/fgts_contratacao_diaria_2026_03_18.csv,.csv,dado_tabular_ou_serializado,fgts_financiado,fgts,2026-03,pista_semantica_mesma_frente_periodo_fonte,2,raw/sftp/caixa.geavo/GEAVO/Base_PF_FGTS_20260307.txt | raw/sftp/caixa.geavo/GEAVO/Base_PJ_FGTS_20260307.txt
fgts_contratacao_diaria_2026_03_23.csv,OneDrive_2026-08-19 (7).zip,FGTS - Contratação diária por Município/fgts_contratacao_diaria_2026_03_23.csv,.csv,dado_tabular_ou_serializado,fgts_financiado,fgts,2026-03,pista_semantica_mesma_frente_periodo_fonte,2,raw/sftp/caixa.geavo/GEAVO/Base_PF_FGTS_20260307.txt | raw/sftp/caixa.geavo/GEAVO/Base_PJ_FGTS_20260307.txt
fgts_contratacao_diaria_2026_03_24.csv,OneDrive_2026-08-19 (7).zip,FGTS - Contratação diária por Município/fgts_contratacao_diaria_2026_03_24.csv,.csv,dado_tabular_ou_serializado,fgts_financiado,fgts,2026-03,pista_semantica_mesma_frente_periodo_fonte,2,raw/sftp/caixa.geavo/GEAVO/Base_PF_FGTS_20260307.txt | raw/sftp/caixa.geavo/GEAVO/Base_PJ_FGTS_20260307.txt
fgts_contratacao_diaria_2026_03_25.csv,OneDrive_2026-08-19 (7).zip,FGTS - Contratação diária por Município/fgts_contratacao_diaria_2026_03_25.csv,.csv,dado_tabular_ou_serializado,fgts_financiado,fgts,2026-03,pista_semantica_mesma_frente_periodo_fonte,2,raw/sftp/caixa.geavo/GEAVO/Base_PF_FGTS_20260307.txt | raw/sftp/caixa.geavo/GEAVO/Base_PJ_FGTS_20260307.txt
fgts_contratacao_diaria_2026_04_08.csv,OneDrive_2026-08-19 (7).zip,FGTS - Contratação diária por Município/fgts_contratacao_diaria_2026_04_08.csv,.csv,dado_tabular_ou_serializado,fgts_financiado,fgts,2026-04,pista_semantica_mesma_frente_periodo_fonte,2,raw/sftp/caixa.geavo/GEAVO/Base_PF_FGTS_20260407.txt | raw/sftp/caixa.geavo/GEAVO/Base_PJ_FGTS_20260407.txt
fgts_contratacao_diaria_2026_04_10.csv,OneDrive_2026-08-19 (7).zip,FGTS - Contratação diária por Município/fgts_contratacao_diaria_2026_04_10.csv,.csv,dado_tabular_ou_serializado,fgts_financiado,fgts,2026-04,pista_semantica_mesma_frente_periodo_fonte,2,raw/sftp/caixa.geavo/GEAVO/Base_PF_FGTS_20260407.txt | raw/sftp/caixa.geavo/GEAVO/Base_PJ_FGTS_20260407.txt
fgts_contratacao_diaria_2026_04_13.csv,OneDrive_2026-08-19 (7).zip,FGTS - Contratação diária por Município/fgts_contratacao_diaria_2026_04_13.csv,.csv,dado_tabular_ou_serializado,fgts_financiado,fgts,2026-04,pista_semantica_mesma_frente_periodo_fonte,2,raw/sftp/caixa.geavo/GEAVO/Base_PF_FGTS_20260407.txt | raw/sftp/caixa.geavo/GEAVO/Base_PJ_FGTS_20260407.txt
fgts_contratacao_diaria_2026_04_14.csv,OneDrive_2026-08-19 (7).zip,FGTS - Contratação diária por Município/fgts_contratacao_diaria_2026_04_14.csv,.csv,dado_tabular_ou_serializado,fgts_financiado,fgts,2026-04,pista_semantica_mesma_frente_periodo_fonte,2,raw/sftp/caixa.geavo/GEAVO/Base_PF_FGTS_20260407.txt | raw/sftp/caixa.geavo/GEAVO/Base_PJ_FGTS_20260407.txt
fgts_contratacao_diaria_2026_04_15.csv,OneDrive_2026-08-19 (7).zip,FGTS - Contratação diária por Município/fgts_contratacao_diaria_2026_04_15.csv,.csv,dado_tabular_ou_serializado,fgts_financiado,fgts,2026-04,pista_semantica_mesma_frente_periodo_fonte,2,raw/sftp/caixa.geavo/GEAVO/Base_PF_FGTS_20260407.txt | raw/sftp/caixa.geavo/GEAVO/Base_PJ_FGTS_20260407.txt
fgts_contratacao_diaria_2026_04_20.csv,OneDrive_2026-08-19 (7).zip,FGTS - Contratação diária por Município/fgts_contratacao_diaria_2026_04_20.csv,.csv,dado_tabular_ou_serializado,fgts_financiado,fgts,2026-04,pista_semantica_mesma_frente_periodo_fonte,2,raw/sftp/caixa.geavo/GEAVO/Base_PF_FGTS_20260407.txt | raw/sftp/caixa.geavo/GEAVO/Base_PJ_FGTS_20260407.txt
fgts_contratacao_diaria_2026_04_21.csv,OneDrive_2026-08-19 (7).zip,FGTS - Contratação diária por Município/fgts_contratacao_diaria_2026_04_21.csv,.csv,dado_tabular_ou_serializado,fgts_financiado,fgts,2026-04,pista_semantica_mesma_frente_periodo_fonte,2,raw/sftp/caixa.geavo/GEAVO/Base_PF_FGTS_20260407.txt | raw/sftp/caixa.geavo/GEAVO/Base_PJ_FGTS_20260407.txt
fgts_contratacao_diaria_2026_04_22.csv,OneDrive_2026-08-19 (7).zip,FGTS - Contratação diária por Município/fgts_contratacao_diaria_2026_04_22.csv,.csv,dado_tabular_ou_serializado,fgts_financiado,fgts,2026-04,pista_semantica_mesma_frente_periodo_fonte,2,raw/sftp/caixa.geavo/GEAVO/Base_PF_FGTS_20260407.txt | raw/sftp/caixa.geavo/GEAVO/Base_PJ_FGTS_20260407.txt
fgts_contratacao_diaria_2026_04_24.csv,OneDrive_2026-08-19 (7).zip,FGTS - Contratação diária por Município/fgts_contratacao_diaria_2026_04_24.csv,.csv,dado_tabular_ou_serializado,fgts_financiado,fgts,2026-04,pista_semantica_mesma_frente_periodo_fonte,2,raw/sftp/caixa.geavo/GEAVO/Base_PF_FGTS_20260407.txt | raw/sftp/caixa.geavo/GEAVO/Base_PJ_FGTS_20260407.txt
fgts_contratacao_diaria_2026_04_27.csv,OneDrive_2026-08-19 (7).zip,FGTS - Contratação diária por Município/fgts_contratacao_diaria_2026_04_27.csv,.csv,dado_tabular_ou_serializado,fgts_financiado,fgts,2026-04,pista_semantica_mesma_frente_periodo_fonte,2,raw/sftp/caixa.geavo/GEAVO/Base_PF_FGTS_20260407.txt | raw/sftp/caixa.geavo/GEAVO/Base_PJ_FGTS_20260407.txt
fgts_contratacao_diaria_2026_04_28.csv,OneDrive_2026-08-19 (7).zip,FGTS - Contratação diária por Município/fgts_contratacao_diaria_2026_04_28.csv,.csv,dado_tabular_ou_serializado,fgts_financiado,fgts,2026-04,pista_semantica_mesma_frente_periodo_fonte,2,raw/sftp/caixa.geavo/GEAVO/Base_PF_FGTS_20260407.txt | raw/sftp/caixa.geavo/GEAVO/Base_PJ_FGTS_20260407.txt
fgts_contratacao_diaria_2026_05_05.csv,OneDrive_2026-08-19 (7).zip,FGTS - Contratação diária por Município/fgts_contratacao_diaria_2026_05_05.csv,.csv,dado_tabular_ou_serializado,fgts_financiado,fgts,2026-05,pista_semantica_mesma_frente_periodo_fonte,2,raw/sftp/caixa.geavo/GEAVO/Base_PF_FGTS_20260507.txt | raw/sftp/caixa.geavo/GEAVO/Base_PJ_FGTS_20260507.txt
fgts_contratacao_diaria_2026_05_06.csv,OneDrive_2026-08-19 (7).zip,FGTS - Contratação diária por Município/fgts_contratacao_diaria_2026_05_06.csv,.csv,dado_tabular_ou_serializado,fgts_financiado,fgts,2026-05,pista_semantica_mesma_frente_periodo_fonte,2,raw/sftp/caixa.geavo/GEAVO/Base_PF_FGTS_20260507.txt | raw/sftp/caixa.geavo/GEAVO/Base_PJ_FGTS_20260507.txt
2023_05_mcmv_ogu_dados.zip,OneDrive_2026-08-19.zip,Casa civil/2023-05-Maio/2023_05_mcmv_ogu_dados.zip,.zip,arquivo_compactado,ogu_subsidiado,ogu;casa_civil,2023-05,nao_encontrado_no_minio_consultado,0,
2023_06_mcmv_ogu_dados.zip,OneDrive_2026-08-19.zip,Casa civil/2023-06-Junho/2023_06_mcmv_ogu_dados.zip,.zip,arquivo_compactado,ogu_subsidiado,ogu;casa_civil,2023-06,nao_encontrado_no_minio_consultado,0,
2023_07_mcmv_ogu_dados.zip,OneDrive_2026-08-19.zip,Casa civil/2023-07-Julho/2023_07_mcmv_ogu_dados.zip,.zip,arquivo_compactado,ogu_subsidiado,ogu;casa_civil,2023-07,nao_encontrado_no_minio_consultado,0,
2023_08_mcmv_fgts_dados.zip,OneDrive_2026-08-19.zip,Casa civil/2023-08-Agosto/2023_08_mcmv_fgts_dados.zip,.zip,arquivo_compactado,fgts_financiado,fgts;casa_civil,2023-08,nao_encontrado_no_minio_consultado,0,
2023_08_mcmv_fgts_entregas_dados.zip,OneDrive_2026-08-19.zip,Casa civil/2023-08-Agosto/2023_08_mcmv_fgts_entregas_dados.zip,.zip,arquivo_compactado,fgts_entregas,fgts;entregas;casa_civil,2023-08,nao_encontrado_no_minio_consultado,0,
2023_08_mcmv_ogu_dados.zip,OneDrive_2026-08-19.zip,Casa civil/2023-08-Agosto/2023_08_mcmv_ogu_dados.zip,.zip,arquivo_compactado,ogu_subsidiado,ogu;casa_civil,2023-08,nao_encontrado_no_minio_consultado,0,
2023_09_mcmv_fgts_dados.zip,OneDrive_2026-08-19.zip,Casa civil/2023-09-Setembro/2023_09_mcmv_fgts_dados.zip,.zip,arquivo_compactado,fgts_financiado,fgts;casa_civil,2023-09,nao_encontrado_no_minio_consultado,0,
2023_09_mcmv_fgts_entregas_dados.zip,OneDrive_2026-08-19.zip,Casa civil/2023-09-Setembro/2023_09_mcmv_fgts_entregas_dados.zip,.zip,arquivo_compactado,fgts_entregas,fgts;entregas;casa_civil,2023-09,nao_encontrado_no_minio_consultado,0,
2023_09_mcmv_ogu_dados.zip,OneDrive_2026-08-19.zip,Casa civil/2023-09-Setembro/2023_09_mcmv_ogu_dados.zip,.zip,arquivo_compactado,ogu_subsidiado,ogu;casa_civil,2023-09,nao_encontrado_no_minio_consultado,0,
2023_10_mcmv_fgts_dados.txt,OneDrive_2026-08-19.zip,Casa civil/2023-10-Outubro/2023_10_mcmv_fgts_dados.txt,.txt,dado_tabular_ou_serializado,fgts_financiado,fgts;casa_civil,2023-10,nao_encontrado_no_minio_consultado,0,
2023_10_mcmv_ogu_dados.txt,OneDrive_2026-08-19.zip,Casa civil/2023-10-Outubro/2023_10_mcmv_ogu_dados.txt,.txt,dado_tabular_ou_serializado,ogu_subsidiado,ogu;casa_civil,2023-10,nao_encontrado_no_minio_consultado,0,
2023_11_mcmv_fgts_dados.txt,OneDrive_2026-08-19.zip,Casa civil/2023-11-Novembro/2023_11_mcmv_fgts_dados.txt,.txt,dado_tabular_ou_serializado,fgts_financiado,fgts;casa_civil,2023-11,nao_encontrado_no_minio_consultado,0,
2023_11_mcmv_ogu_dados.txt,OneDrive_2026-08-19.zip,Casa civil/2023-11-Novembro/2023_11_mcmv_ogu_dados.txt,.txt,dado_tabular_ou_serializado,ogu_subsidiado,ogu;casa_civil,2023-11,nao_encontrado_no_minio_consultado,0,
2023_12_mcmv_FGTS_dados.zip,OneDrive_2026-08-19.zip,Casa civil/2023-12_Dezembro/2023_12_mcmv_FGTS_dados.zip,.zip,arquivo_compactado,fgts_financiado,fgts;casa_civil,2023-12,nao_encontrado_no_minio_consultado,0,
2023_12_mcmv_ogu_dados.zip,OneDrive_2026-08-19.zip,Casa civil/2023-12_Dezembro/2023_12_mcmv_ogu_dados.zip,.zip,arquivo_compactado,ogu_subsidiado,ogu;casa_civil,2023-12,nao_encontrado_no_minio_consultado,0,
2023_12_mcmv_ogu_dados_v2.zip,OneDrive_2026-08-19.zip,Casa civil/2023-12_Dezembro/2023_12_mcmv_ogu_dados_v2.zip,.zip,arquivo_compactado,ogu_subsidiado,ogu;casa_civil,2023-12,nao_encontrado_no_minio_consultado,0,
2023_12_mcmv_ogu_dados_v3.zip,OneDrive_2026-08-19.zip,Casa civil/2023-12_Dezembro/2023_12_mcmv_ogu_dados_v3.zip,.zip,arquivo_compactado,ogu_subsidiado,ogu;casa_civil,2023-12,nao_encontrado_no_minio_consultado,0,
2023_12_mcmv_ogu_dados_v4.zip,OneDrive_2026-08-19.zip,Casa civil/2023-12_Dezembro/2023_12_mcmv_ogu_dados_v4.zip,.zip,arquivo_compactado,ogu_subsidiado,ogu;casa_civil,2023-12,nao_encontrado_no_minio_consultado,0,
2023_12_mcmv_ogu_v5.zip,OneDrive_2026-08-19.zip,Casa civil/2023-12_Dezembro/2023_12_mcmv_ogu_v5.zip,.zip,arquivo_compactado,ogu_subsidiado,ogu;casa_civil,2023-12,nao_encontrado_no_minio_consultado,0,
base_fgts_2024_01.xlsx,OneDrive_2026-08-19.zip,Casa civil/2024 - 01_Janeiro/base_fgts_2024_01.xlsx,.xlsx,dado_tabular_ou_serializado,fgts_financiado,fgts;casa_civil,2024-01,nao_encontrado_no_minio_consultado,0,
base_ogu_2024_01.xlsx,OneDrive_2026-08-19.zip,Casa civil/2024 - 01_Janeiro/base_ogu_2024_01.xlsx,.xlsx,dado_tabular_ou_serializado,ogu_subsidiado,ogu;casa_civil,2024-01,nao_encontrado_no_minio_consultado,0,
2024_08_mcmv_fgts_dados.zip,OneDrive_2026-08-19.zip,Casa civil/2024-08_Agosto/2024_08_mcmv_fgts_dados.zip,.zip,arquivo_compactado,fgts_financiado,fgts;casa_civil,2024-08,nao_encontrado_no_minio_consultado,0,
2024_08_mcmv_fgts_entregas_dados.zip,OneDrive_2026-08-19.zip,Casa civil/2024-08_Agosto/2024_08_mcmv_fgts_entregas_dados.zip,.zip,arquivo_compactado,fgts_entregas,fgts;entregas;casa_civil,2024-08,nao_encontrado_no_minio_consultado,0,
2024_08_mcmv_ogu_dados.zip,OneDrive_2026-08-19.zip,Casa civil/2024-08_Agosto/2024_08_mcmv_ogu_dados.zip,.zip,arquivo_compactado,ogu_subsidiado,ogu;casa_civil,2024-08,nao_encontrado_no_minio_consultado,0,
2023_09_27_mcmv_fgts_entregas_metadado.xlsx,OneDrive_2026-08-19.zip,Casa civil/Fichas de Metadados da Casa Civil/2023_09_27_mcmv_fgts_entregas_metadado.xlsx,.xlsx,dado_tabular_ou_serializado,fgts_entregas,fgts;entregas;metadados;casa_civil,2023-09,nao_encontrado_no_minio_consultado,0,
2023_09_27_mcmv_fgts_metadado.xlsx,OneDrive_2026-08-19.zip,Casa civil/Fichas de Metadados da Casa Civil/antigos/2023_09_27_mcmv_fgts_metadado.xlsx,.xlsx,dado_tabular_ou_serializado,fgts_financiado,fgts;metadados;casa_civil,2023-09,nao_encontrado_no_minio_consultado,0,
2023_09_27_mcmv_ogu_metadado.xlsx,OneDrive_2026-08-19.zip,Casa civil/Fichas de Metadados da Casa Civil/antigos/2023_09_27_mcmv_ogu_metadado.xlsx,.xlsx,dado_tabular_ou_serializado,ogu_subsidiado,ogu;metadados;casa_civil,2023-09,nao_encontrado_no_minio_consultado,0,
2024_09_18_mcmv_fgts_entregas_metadado.xlsx,OneDrive_2026-08-19.zip,Casa civil/Fichas de Metadados da Casa Civil/2024_09_18_mcmv_fgts_entregas_metadado.xlsx,.xlsx,dado_tabular_ou_serializado,fgts_entregas,fgts;entregas;metadados;casa_civil,2024-09,nao_encontrado_no_minio_consultado,0,
2024_09_18_mcmv_fgts_metadado.xlsx,OneDrive_2026-08-19.zip,Casa civil/Fichas de Metadados da Casa Civil/2024_09_18_mcmv_fgts_metadado.xlsx,.xlsx,dado_tabular_ou_serializado,fgts_financiado,fgts;metadados;casa_civil,2024-09,nao_encontrado_no_minio_consultado,0,
20240902_OGU_Contratacao_Casa_Civil_Metadados_v1.6 (1).xlsx,OneDrive_2026-08-19.zip,Casa civil/Fichas de Metadados da Casa Civil/20240902_OGU_Contratacao_Casa_Civil_Metadados_v1.6 (1).xlsx,.xlsx,dado_tabular_ou_serializado,ogu_subsidiado,ogu;metadados;casa_civil,2024-09,nao_encontrado_no_minio_consultado,0,
20240918_FGTS_Contratacao_Casa_Civil_Metadados_v1.4 (1).xlsx,OneDrive_2026-08-19.zip,Casa civil/Fichas de Metadados da Casa Civil/20240918_FGTS_Contratacao_Casa_Civil_Metadados_v1.4 (1).xlsx,.xlsx,dado_tabular_ou_serializado,fgts_financiado,fgts;metadados;casa_civil,2024-09,nao_encontrado_no_minio_consultado,0,
