fonte_familia,chave_natural,motivo,evidencia
bases_relatorio_executivo,27001014,valor_por_uh_extremo,R$/UH ate R$ 5.8 mi (36 UH; mediana familia R$ 53 k)
bases_relatorio_executivo,30484424,valor_negativo_repetido,min R$ -16.0 mi em 15/44 snapshots
bases_relatorio_executivo,30485347,valor_negativo_repetido,min R$ -17.8 mi em 15/44 snapshots
bases_relatorio_executivo,30485452,valor_negativo_repetido,min R$ -20.3 mi em 15/44 snapshots
bases_relatorio_executivo,32386147,valor_negativo_repetido,min R$ -1.9 mi em 18/33 snapshots
bases_relatorio_executivo,32643100,valor_negativo_repetido,min R$ -91.4 mi em 18/33 snapshots
bases_relatorio_executivo,33501113,valor_negativo_repetido,min R$ -12.5 mi em 16/33 snapshots
bases_relatorio_executivo,35695355,valor_negativo_repetido,min R$ -0.7 mi em 12/32 snapshots
bases_relatorio_executivo,35695805,valor_negativo_repetido,min R$ -0.3 mi em 16/32 snapshots
bases_relatorio_executivo,35696266,valor_negativo_repetido,min R$ -0.3 mi em 13/32 snapshots
bases_relatorio_executivo,35754293,valor_negativo_repetido,min R$ -6.5 mi em 17/33 snapshots
bases_relatorio_executivo,35868983,valor_negativo_repetido,min R$ -4.2 mi em 14/44 snapshots
bases_relatorio_executivo,36057996,valor_negativo_repetido,min R$ -0.1 mi em 17/33 snapshots
bases_relatorio_executivo,36129477,valor_negativo_repetido,min R$ -32.7 mi em 16/37 snapshots
bases_relatorio_executivo,36234835,valor_negativo_repetido,min R$ -5.0 mi em 14/37 snapshots
bases_relatorio_executivo,36828177,valor_por_uh_extremo,R$/UH ate R$ 11.3 mi (1 UH; mediana familia R$ 53 k)
bases_relatorio_executivo,38423196,valor_negativo_repetido,min R$ -74.5 mi em 12/33 snapshots
bases_relatorio_executivo,38433765,valor_negativo_repetido,min R$ -122.8 mi em 16/33 snapshots
bases_relatorio_executivo,38468587,valor_negativo_repetido,min R$ -16.1 mi em 21/44 snapshots
bases_relatorio_executivo,38470851,valor_negativo_repetido,min R$ -15.2 mi em 20/44 snapshots
bases_relatorio_executivo,38470965,valor_negativo_repetido,min R$ -16.1 mi em 14/44 snapshots
bases_relatorio_executivo,38702671,valor_negativo_repetido,min R$ -13.4 mi em 15/44 snapshots
bases_relatorio_executivo,38702899,valor_negativo_repetido,min R$ -15.2 mi em 18/44 snapshots
bases_relatorio_executivo,38703030,valor_negativo_repetido,min R$ -16.1 mi em 19/44 snapshots
bases_relatorio_executivo,38703259,valor_negativo_repetido,min R$ -15.2 mi em 19/44 snapshots
bases_relatorio_executivo,38974629,valor_negativo_repetido,min R$ -17.1 mi em 17/37 snapshots
bases_relatorio_executivo,38974847,valor_negativo_repetido,min R$ -17.1 mi em 13/37 snapshots
bases_relatorio_executivo,38976120,valor_negativo_repetido,min R$ -13.7 mi em 16/37 snapshots
bases_relatorio_executivo,38976234,valor_negativo_repetido,min R$ -14.8 mi em 18/37 snapshots
bases_relatorio_executivo,39406044,valor_negativo_repetido,min R$ -4.2 mi em 16/33 snapshots
bases_relatorio_executivo,39506072,valor_negativo_repetido,min R$ -10.9 mi em 15/33 snapshots
bases_relatorio_executivo,39507984,valor_negativo_repetido,min R$ -12.5 mi em 12/33 snapshots
bases_relatorio_executivo,39597201,valor_negativo_repetido,min R$ -12.0 mi em 15/39 snapshots
bases_relatorio_executivo,39597315,valor_negativo_repetido,min R$ -18.0 mi em 14/39 snapshots
bases_relatorio_executivo,39597534,valor_negativo_repetido,min R$ -14.4 mi em 12/39 snapshots
bases_relatorio_executivo,39597971,valor_negativo_repetido,min R$ -19.2 mi em 19/39 snapshots
bases_relatorio_executivo,39598008,valor_negativo_repetido,min R$ -10.8 mi em 21/39 snapshots
bases_relatorio_executivo,39598226,valor_negativo_repetido,min R$ -15.6 mi em 13/39 snapshots
bases_relatorio_executivo,39873925,valor_negativo_repetido,min R$ -6.0 mi em 21/38 snapshots
bases_relatorio_executivo,39888946,valor_negativo_repetido,min R$ -50.9 mi em 16/33 snapshots
bases_relatorio_executivo,40198827,valor_negativo_repetido,min R$ -0.3 mi em 14/33 snapshots
bases_relatorio_executivo,40325165,valor_negativo_repetido,min R$ -4.8 mi em 15/33 snapshots
bases_relatorio_executivo,40528068,valor_negativo_repetido,min R$ -8.5 mi em 17/33 snapshots
bases_relatorio_executivo,40635700,valor_negativo_repetido,min R$ -56.6 mi em 19/33 snapshots
bases_relatorio_executivo,40637072,valor_negativo_repetido,min R$ -23.6 mi em 12/33 snapshots
bases_relatorio_executivo,40679381,valor_negativo_repetido,min R$ -13.5 mi em 15/33 snapshots
bases_relatorio_executivo,40679613,valor_negativo_repetido,min R$ -9.0 mi em 17/33 snapshots
bases_relatorio_executivo,40682233,valor_negativo_repetido,min R$ -63.4 mi em 16/33 snapshots
bases_relatorio_executivo,40748577,valor_negativo_repetido,min R$ -24.0 mi em 13/33 snapshots
bases_relatorio_executivo,40757015,valor_negativo_repetido,min R$ -10.1 mi em 15/36 snapshots
bases_relatorio_executivo,40759160,valor_negativo_repetido,min R$ -47.0 mi em 15/33 snapshots
bases_relatorio_executivo,40799542,valor_negativo_repetido,min R$ -19.2 mi em 17/33 snapshots
bases_relatorio_executivo,40806179,valor_negativo_repetido,min R$ -19.2 mi em 12/33 snapshots
bases_relatorio_executivo,40827225,valor_negativo_repetido,min R$ -8.6 mi em 17/36 snapshots
bases_relatorio_executivo,40827443,valor_negativo_repetido,min R$ -14.0 mi em 16/36 snapshots
bases_relatorio_executivo,40827663,valor_negativo_repetido,min R$ -10.1 mi em 20/36 snapshots
bases_relatorio_executivo,40827881,valor_negativo_repetido,min R$ -14.0 mi em 17/36 snapshots
bases_relatorio_executivo,40873517,valor_negativo_repetido,min R$ -18.0 mi em 13/33 snapshots
bases_relatorio_executivo,40887395,valor_negativo_repetido,min R$ -14.6 mi em 11/33 snapshots
bases_relatorio_executivo,40887513,valor_negativo_repetido,min R$ -16.6 mi em 15/33 snapshots
bases_relatorio_executivo,40887627,valor_negativo_repetido,min R$ -17.6 mi em 21/33 snapshots
bases_relatorio_executivo,40893085,valor_negativo_repetido,min R$ -3.4 mi em 17/33 snapshots
bases_relatorio_executivo,40893202,valor_negativo_repetido,min R$ -6.8 mi em 22/33 snapshots
bases_relatorio_executivo,40893649,valor_negativo_repetido,min R$ -2.2 mi em 11/33 snapshots
bases_relatorio_executivo,40893868,valor_negativo_repetido,min R$ -11.5 mi em 17/33 snapshots
bases_relatorio_executivo,40899016,valor_negativo_repetido,min R$ -15.0 mi em 10/33 snapshots
bases_relatorio_executivo,40985934,valor_negativo_repetido,min R$ -3.9 mi em 14/33 snapshots
bases_relatorio_executivo,41024523,valor_negativo_repetido,min R$ -15.9 mi em 16/32 snapshots
bases_relatorio_executivo,41035345,valor_negativo_repetido,min R$ -17.8 mi em 16/33 snapshots
bases_relatorio_executivo,41060143,valor_negativo_repetido,min R$ -12.8 mi em 11/33 snapshots
bases_relatorio_executivo,41076307,valor_negativo_repetido,min R$ -1.0 mi em 18/32 snapshots
bases_relatorio_executivo,41222187,valor_negativo_repetido,min R$ -25.5 mi em 18/33 snapshots
bases_relatorio_executivo,41621604,valor_negativo_repetido,min R$ -15.2 mi em 16/33 snapshots
bases_relatorio_executivo,41992549,valor_negativo_repetido,min R$ -18.7 mi em 13/33 snapshots
bases_relatorio_executivo,42002132,valor_negativo_repetido,min R$ -83.6 mi em 16/33 snapshots
bases_relatorio_executivo,42102043,valor_negativo_repetido,min R$ -13.5 mi em 14/33 snapshots
bases_relatorio_executivo,42102595,valor_negativo_repetido,min R$ -9.4 mi em 15/33 snapshots
bases_relatorio_executivo,42103519,valor_negativo_repetido,min R$ -8.0 mi em 14/32 snapshots
bases_relatorio_executivo,42103623,valor_negativo_repetido,min R$ -8.9 mi em 13/32 snapshots
bases_relatorio_executivo,42105010,valor_por_uh_extremo,R$/UH ate R$ 6.4 mi (8 UH; mediana familia R$ 53 k)
bases_relatorio_executivo,42129674,valor_negativo_repetido,min R$ -17.7 mi em 13/33 snapshots
bases_relatorio_executivo,42143004,valor_negativo_repetido,min R$ -15.2 mi em 16/33 snapshots
bases_relatorio_executivo,42165411,valor_negativo_repetido,min R$ -18.0 mi em 17/33 snapshots
bases_relatorio_executivo,42229033,valor_negativo_repetido,min R$ -15.6 mi em 15/33 snapshots
bases_relatorio_executivo,42404153,valor_negativo_repetido,min R$ -7.7 mi em 10/33 snapshots
bases_relatorio_executivo,42404267,valor_negativo_repetido,min R$ -20.7 mi em 12/33 snapshots
bases_relatorio_executivo,42496319,valor_negativo_repetido,min R$ -3.1 mi em 13/33 snapshots
bases_relatorio_executivo,42647555,valor_negativo_repetido,min R$ -32.5 mi em 12/32 snapshots
bases_relatorio_executivo,42649262,valor_negativo_repetido,min R$ -89.7 mi em 10/33 snapshots
bases_relatorio_executivo,42792513,valor_negativo_repetido,min R$ -45.6 mi em 19/33 snapshots
bases_relatorio_executivo,43622866,valor_por_uh_extremo,R$/UH ate R$ 5.4 mi (4 UH; mediana familia R$ 53 k)
bases_relatorio_executivo,44531739,valor_por_uh_extremo,R$/UH ate R$ 13.2 mi (2 UH; mediana familia R$ 53 k)
bases_relatorio_executivo,44936830,valor_por_uh_extremo,R$/UH ate R$ 9.9 mi (4 UH; mediana familia R$ 53 k)
bases_relatorio_executivo,44937073,valor_por_uh_extremo,R$/UH ate R$ 10.6 mi (2 UH; mediana familia R$ 53 k)
bases_relatorio_executivo,46214496,valor_por_uh_extremo,R$/UH ate R$ 9.6 mi (1 UH; mediana familia R$ 53 k)
bases_relatorio_executivo,46214500,valor_por_uh_extremo,R$/UH ate R$ 23.9 mi (1 UH; mediana familia R$ 53 k)
bases_relatorio_executivo,46214614,valor_por_uh_extremo,R$/UH ate R$ 12.5 mi (1 UH; mediana familia R$ 53 k)
bases_relatorio_executivo,46214832,valor_por_uh_extremo,R$/UH ate R$ 13.1 mi (1 UH; mediana familia R$ 53 k)
bases_relatorio_executivo,46866868,valor_por_uh_extremo,R$/UH ate R$ 21.3 mi (1 UH; mediana familia R$ 53 k)
bases_relatorio_executivo,46936077,valor_por_uh_extremo,R$/UH ate R$ 20.2 mi (1 UH; mediana familia R$ 53 k)
bases_relatorio_executivo,46936181,valor_por_uh_extremo,R$/UH ate R$ 20.2 mi (1 UH; mediana familia R$ 53 k)
bases_relatorio_executivo,46936295,valor_por_uh_extremo,R$/UH ate R$ 20.3 mi (1 UH; mediana familia R$ 53 k)
bases_relatorio_executivo,47581827,valor_por_uh_extremo,R$/UH ate R$ 13.1 mi (1 UH; mediana familia R$ 53 k)
bases_relatorio_executivo,49992417,valor_por_uh_extremo,R$/UH ate R$ 12.1 mi (1 UH; mediana familia R$ 53 k)
bext,100112062,valor_negativo_repetido,min R$ -0.1 mi em 14/20 snapshots
bext,100112070,valor_negativo_repetido,min R$ -0.1 mi em 9/20 snapshots
bext,100112071,valor_negativo_repetido,min R$ -0.1 mi em 12/20 snapshots
bext,100112090,valor_negativo_repetido,min R$ -0.1 mi em 10/20 snapshots
bext,100112096,valor_negativo_repetido,min R$ -0.1 mi em 12/20 snapshots
bext,100112103,valor_negativo_repetido,min R$ -0.1 mi em 13/20 snapshots
bext,100112134,valor_negativo_repetido,min R$ -0.1 mi em 10/20 snapshots
bext,100112157,valor_negativo_repetido,min R$ -0.1 mi em 9/20 snapshots
bext,100112159,valor_negativo_repetido,min R$ -0.1 mi em 8/20 snapshots
bext,100112270,valor_negativo_repetido,min R$ -0.1 mi em 12/20 snapshots
bext,100112487,valor_negativo_repetido,min R$ -0.1 mi em 7/20 snapshots
bext,100112490,valor_negativo_repetido,min R$ -0.1 mi em 10/20 snapshots
bext,100112497,valor_negativo_repetido,min R$ -0.1 mi em 10/20 snapshots
bext,100112498,valor_negativo_repetido,min R$ -0.1 mi em 11/20 snapshots
bext,100112505,valor_negativo_repetido,min R$ -0.1 mi em 9/20 snapshots
bext,100112507,valor_negativo_repetido,min R$ -0.1 mi em 12/20 snapshots
bext,100112509,valor_negativo_repetido,min R$ -0.1 mi em 11/20 snapshots
bext,100112512,valor_negativo_repetido,min R$ -0.1 mi em 13/20 snapshots
bext,100112514,valor_negativo_repetido,min R$ -0.1 mi em 10/20 snapshots
bext,100112515,valor_negativo_repetido,min R$ -0.1 mi em 12/20 snapshots
bext,100112519,valor_negativo_repetido,min R$ -0.1 mi em 11/20 snapshots
bext,100112520,valor_negativo_repetido,min R$ -0.1 mi em 12/20 snapshots
bext,100112524,valor_negativo_repetido,min R$ -0.1 mi em 8/20 snapshots
bext,100112525,valor_negativo_repetido,min R$ -0.1 mi em 8/20 snapshots
bext,100112526,valor_negativo_repetido,min R$ -0.1 mi em 11/20 snapshots
bext,100112528,valor_negativo_repetido,min R$ -0.1 mi em 12/20 snapshots
bext,100112531,valor_negativo_repetido,min R$ -0.1 mi em 8/20 snapshots
bext,100112549,valor_negativo_repetido,min R$ -0.1 mi em 9/20 snapshots
bext,100112555,valor_negativo_repetido,min R$ -0.1 mi em 9/20 snapshots
bext,100112558,valor_negativo_repetido,min R$ -0.1 mi em 10/20 snapshots
bext,100112578,valor_negativo_repetido,min R$ -0.1 mi em 14/20 snapshots
bext,100112579,valor_negativo_repetido,min R$ -0.1 mi em 9/20 snapshots
bext,100112583,valor_negativo_repetido,min R$ -0.1 mi em 9/20 snapshots
bext,100112584,valor_negativo_repetido,min R$ -0.1 mi em 8/20 snapshots
bext,100112591,valor_negativo_repetido,min R$ -0.1 mi em 5/20 snapshots
bext,100112659,valor_negativo_repetido,min R$ -0.1 mi em 12/20 snapshots
bext,100113079,valor_negativo_repetido,min R$ -0.1 mi em 10/20 snapshots
bext,100113080,valor_negativo_repetido,min R$ -0.1 mi em 7/20 snapshots
bext,100113084,valor_negativo_repetido,min R$ -0.1 mi em 9/20 snapshots
bext,100114510,valor_por_uh_extremo,R$/UH ate R$ 13.0 mi (1 UH; mediana familia R$ 28 k)
bext,100114514,valor_por_uh_extremo,R$/UH ate R$ 16.4 mi (1 UH; mediana familia R$ 28 k)
bext,100114521,valor_por_uh_extremo,R$/UH ate R$ 13.3 mi (1 UH; mediana familia R$ 28 k)
bext,100206061,valor_por_uh_extremo,R$/UH ate R$ 7.6 mi (1 UH; mediana familia R$ 28 k)
bext,100206093,valor_por_uh_extremo,R$/UH ate R$ 8.6 mi (1 UH; mediana familia R$ 28 k)
bext,100314053,valor_por_uh_extremo,R$/UH ate R$ 11.7 mi (1 UH; mediana familia R$ 28 k)
bext,100314054,valor_por_uh_extremo,R$/UH ate R$ 9.2 mi (1 UH; mediana familia R$ 28 k)
bext,100607653,valor_por_uh_extremo,R$/UH ate R$ 16.7 mi (1 UH; mediana familia R$ 28 k)
bext,100607663,valor_por_uh_extremo,R$/UH ate R$ 14.5 mi (1 UH; mediana familia R$ 28 k)
bext,100607666,valor_por_uh_extremo,R$/UH ate R$ 12.6 mi (1 UH; mediana familia R$ 28 k)
bext,100911252,valor_negativo_repetido,min R$ -0.1 mi em 13/20 snapshots
bext,100911297,valor_negativo_repetido,min R$ -0.1 mi em 7/20 snapshots
bext,100911351,valor_negativo_repetido,min R$ -0.1 mi em 8/20 snapshots
bext,100911596,valor_negativo_repetido,min R$ -0.1 mi em 9/20 snapshots
bext,1015035,valor_negativo_repetido,min R$ -28.9 mi em 6/20 snapshots
bext,10310097,valor_por_uh_extremo,R$/UH ate R$ 11.2 mi (1 UH; mediana familia R$ 28 k)
bext,103804347,valor_por_uh_extremo,R$/UH ate R$ 9.0 mi (1 UH; mediana familia R$ 28 k)
bext,104107083,valor_negativo_repetido,min R$ -0.1 mi em 9/20 snapshots
bext,104107097,valor_negativo_repetido,min R$ -0.1 mi em 10/20 snapshots
bext,104107206,valor_negativo_repetido,min R$ -0.1 mi em 11/20 snapshots
bext,104107321,valor_negativo_repetido,min R$ -0.1 mi em 8/20 snapshots
bext,10411810,valor_negativo_repetido,min R$ -0.1 mi em 7/20 snapshots
bext,10411823,valor_negativo_repetido,min R$ -0.1 mi em 9/20 snapshots
bext,10411855,valor_negativo_repetido,min R$ -0.1 mi em 8/20 snapshots
bext,10411954,valor_negativo_repetido,min R$ -0.1 mi em 10/20 snapshots
bext,10412825,valor_negativo_repetido,min R$ -0.1 mi em 12/20 snapshots
bext,10412841,valor_negativo_repetido,min R$ -0.1 mi em 7/20 snapshots
bext,10412851,valor_negativo_repetido,min R$ -0.1 mi em 9/20 snapshots
bext,10412855,valor_negativo_repetido,min R$ -0.1 mi em 12/20 snapshots
bext,10412857,valor_negativo_repetido,min R$ -0.1 mi em 11/20 snapshots
bext,10412858,valor_negativo_repetido,min R$ -0.1 mi em 13/20 snapshots
bext,10412869,valor_negativo_repetido,min R$ -0.1 mi em 8/20 snapshots
bext,10412872,valor_negativo_repetido,min R$ -0.1 mi em 11/20 snapshots
bext,10412873,valor_negativo_repetido,min R$ -0.1 mi em 11/20 snapshots
bext,10412878,valor_negativo_repetido,min R$ -0.1 mi em 7/20 snapshots
bext,10412884,valor_negativo_repetido,min R$ -0.1 mi em 13/20 snapshots
bext,10412885,valor_negativo_repetido,min R$ -0.1 mi em 13/20 snapshots
bext,10412886,valor_negativo_repetido,min R$ -0.1 mi em 7/20 snapshots
bext,10412888,valor_negativo_repetido,min R$ -0.1 mi em 11/20 snapshots
bext,10412889,valor_negativo_repetido,min R$ -0.1 mi em 9/20 snapshots
bext,10412890,valor_negativo_repetido,min R$ -0.1 mi em 7/20 snapshots
bext,10412891,valor_negativo_repetido,min R$ -0.1 mi em 10/20 snapshots
bext,10412894,valor_negativo_repetido,min R$ -0.1 mi em 10/20 snapshots
bext,10412899,valor_negativo_repetido,min R$ -0.1 mi em 10/20 snapshots
bext,10412900,valor_negativo_repetido,min R$ -0.1 mi em 9/20 snapshots
bext,10412901,valor_negativo_repetido,min R$ -0.1 mi em 10/20 snapshots
bext,10412902,valor_negativo_repetido,min R$ -0.1 mi em 10/20 snapshots
bext,10412906,valor_negativo_repetido,min R$ -0.1 mi em 7/20 snapshots
bext,10412910,valor_negativo_repetido,min R$ -0.1 mi em 8/20 snapshots
bext,10412912,valor_negativo_repetido,min R$ -0.1 mi em 11/20 snapshots
bext,10412917,valor_negativo_repetido,min R$ -0.1 mi em 11/20 snapshots
bext,10412925,valor_negativo_repetido,min R$ -0.1 mi em 12/20 snapshots
bext,10412929,valor_negativo_repetido,min R$ -0.1 mi em 9/20 snapshots
bext,10412933,valor_negativo_repetido,min R$ -0.1 mi em 7/20 snapshots
bext,10412958,valor_negativo_repetido,min R$ -0.1 mi em 7/20 snapshots
bext,10413007,valor_negativo_repetido,min R$ -0.1 mi em 7/20 snapshots
bext,10413009,valor_negativo_repetido,min R$ -0.1 mi em 13/20 snapshots
bext,10413013,valor_negativo_repetido,min R$ -0.1 mi em 8/20 snapshots
bext,10413017,valor_negativo_repetido,min R$ -0.1 mi em 14/20 snapshots
bext,10413019,valor_negativo_repetido,min R$ -0.1 mi em 11/20 snapshots
bext,10413027,valor_negativo_repetido,min R$ -0.1 mi em 11/20 snapshots
bext,10413028,valor_negativo_repetido,min R$ -0.1 mi em 9/20 snapshots
bext,10413034,valor_negativo_repetido,min R$ -0.1 mi em 11/20 snapshots
bext,10413037,valor_negativo_repetido,min R$ -0.1 mi em 13/20 snapshots
bext,10413043,valor_negativo_repetido,min R$ -0.1 mi em 7/20 snapshots
bext,10413053,valor_negativo_repetido,min R$ -0.1 mi em 10/20 snapshots
bext,10413054,valor_negativo_repetido,min R$ -0.1 mi em 12/20 snapshots
bext,10413073,valor_negativo_repetido,min R$ -0.1 mi em 7/20 snapshots
bext,10413079,valor_negativo_repetido,min R$ -0.1 mi em 11/20 snapshots
bext,10413085,valor_negativo_repetido,min R$ -0.1 mi em 6/20 snapshots
bext,10413086,valor_negativo_repetido,min R$ -0.1 mi em 14/20 snapshots
bext,10413089,valor_negativo_repetido,min R$ -0.1 mi em 9/20 snapshots
bext,10413095,valor_negativo_repetido,min R$ -0.1 mi em 12/20 snapshots
bext,10413096,valor_negativo_repetido,min R$ -0.1 mi em 10/20 snapshots
bext,10413102,valor_negativo_repetido,min R$ -0.1 mi em 14/20 snapshots
bext,10413106,valor_negativo_repetido,min R$ -0.1 mi em 11/20 snapshots
bext,10413108,valor_negativo_repetido,min R$ -0.1 mi em 9/20 snapshots
bext,10413110,valor_negativo_repetido,min R$ -0.1 mi em 12/20 snapshots
bext,10413112,valor_negativo_repetido,min R$ -0.1 mi em 9/20 snapshots
bext,10413132,valor_negativo_repetido,min R$ -0.1 mi em 10/20 snapshots
bext,10413133,valor_negativo_repetido,min R$ -0.1 mi em 9/20 snapshots
bext,10413134,valor_negativo_repetido,min R$ -0.1 mi em 12/20 snapshots
bext,10413141,valor_negativo_repetido,min R$ -0.1 mi em 13/20 snapshots
bext,10413143,valor_negativo_repetido,min R$ -0.1 mi em 9/20 snapshots
bext,10413149,valor_negativo_repetido,min R$ -0.1 mi em 9/20 snapshots
bext,10413150,valor_negativo_repetido,min R$ -0.1 mi em 10/20 snapshots
bext,10413156,valor_negativo_repetido,min R$ -0.1 mi em 12/20 snapshots
bext,10413157,valor_negativo_repetido,min R$ -0.1 mi em 8/20 snapshots
bext,10413171,valor_negativo_repetido,min R$ -0.1 mi em 11/20 snapshots
bext,10413172,valor_negativo_repetido,min R$ -0.1 mi em 11/20 snapshots
bext,10413173,valor_negativo_repetido,min R$ -0.1 mi em 12/20 snapshots
bext,10413183,valor_negativo_repetido,min R$ -0.1 mi em 13/20 snapshots
bext,10413184,valor_negativo_repetido,min R$ -0.1 mi em 10/20 snapshots
bext,10413186,valor_negativo_repetido,min R$ -0.1 mi em 12/20 snapshots
bext,10413208,valor_negativo_repetido,min R$ -0.1 mi em 8/20 snapshots
bext,10413209,valor_negativo_repetido,min R$ -0.1 mi em 10/20 snapshots
bext,10413220,valor_negativo_repetido,min R$ -0.1 mi em 14/20 snapshots
bext,10413221,valor_negativo_repetido,min R$ -0.1 mi em 13/20 snapshots
bext,10413245,valor_negativo_repetido,min R$ -0.1 mi em 7/20 snapshots
bext,10413248,valor_negativo_repetido,min R$ -0.1 mi em 11/20 snapshots
bext,10413254,valor_negativo_repetido,min R$ -0.1 mi em 11/20 snapshots
bext,10413265,valor_negativo_repetido,min R$ -0.1 mi em 12/20 snapshots
bext,10413268,valor_negativo_repetido,min R$ -0.1 mi em 9/20 snapshots
bext,10413288,valor_negativo_repetido,min R$ -0.1 mi em 14/20 snapshots
bext,10413290,valor_negativo_repetido,min R$ -0.1 mi em 9/20 snapshots
bext,10413310,valor_negativo_repetido,min R$ -0.1 mi em 5/20 snapshots
bext,10413311,valor_negativo_repetido,min R$ -0.1 mi em 8/20 snapshots
bext,10413318,valor_negativo_repetido,min R$ -0.1 mi em 9/20 snapshots
bext,10413319,valor_negativo_repetido,min R$ -0.1 mi em 9/20 snapshots
bext,10413320,valor_negativo_repetido,min R$ -0.1 mi em 10/20 snapshots
bext,10413322,valor_negativo_repetido,min R$ -0.1 mi em 11/20 snapshots
bext,10413323,valor_negativo_repetido,min R$ -0.1 mi em 7/20 snapshots
bext,10413344,valor_negativo_repetido,min R$ -0.1 mi em 6/20 snapshots
bext,10413350,valor_negativo_repetido,min R$ -0.1 mi em 13/20 snapshots
bext,10413355,valor_negativo_repetido,min R$ -0.1 mi em 14/20 snapshots
bext,10413357,valor_negativo_repetido,min R$ -0.1 mi em 12/20 snapshots
bext,10413359,valor_negativo_repetido,min R$ -0.1 mi em 10/20 snapshots
bext,10413362,valor_negativo_repetido,min R$ -0.1 mi em 8/20 snapshots
bext,10413369,valor_negativo_repetido,min R$ -0.1 mi em 11/20 snapshots
bext,10413370,valor_negativo_repetido,min R$ -0.1 mi em 8/20 snapshots
bext,10413376,valor_negativo_repetido,min R$ -0.1 mi em 11/20 snapshots
bext,10413379,valor_negativo_repetido,min R$ -0.1 mi em 8/20 snapshots
bext,10413388,valor_negativo_repetido,min R$ -0.1 mi em 10/20 snapshots
bext,10413392,valor_negativo_repetido,min R$ -0.1 mi em 11/20 snapshots
bext,10413394,valor_negativo_repetido,min R$ -0.1 mi em 8/20 snapshots
bext,10413396,valor_negativo_repetido,min R$ -0.1 mi em 9/20 snapshots
bext,10413397,valor_negativo_repetido,min R$ -0.1 mi em 11/20 snapshots
bext,10413398,valor_negativo_repetido,min R$ -0.1 mi em 9/20 snapshots
bext,10413399,valor_negativo_repetido,min R$ -0.1 mi em 13/20 snapshots
bext,10413400,valor_negativo_repetido,min R$ -0.1 mi em 13/20 snapshots
bext,10413401,valor_negativo_repetido,min R$ -0.1 mi em 15/20 snapshots
bext,10413405,valor_negativo_repetido,min R$ -0.1 mi em 10/20 snapshots
bext,10413407,valor_negativo_repetido,min R$ -0.1 mi em 13/20 snapshots
bext,10413411,valor_negativo_repetido,min R$ -0.1 mi em 14/20 snapshots
bext,10413416,valor_negativo_repetido,min R$ -0.1 mi em 14/20 snapshots
bext,10413425,valor_negativo_repetido,min R$ -0.1 mi em 11/20 snapshots
bext,10413426,valor_negativo_repetido,min R$ -0.1 mi em 6/20 snapshots
bext,10413444,valor_negativo_repetido,min R$ -0.1 mi em 8/20 snapshots
bext,10413446,valor_negativo_repetido,min R$ -0.1 mi em 6/20 snapshots
bext,10413451,valor_negativo_repetido,min R$ -0.1 mi em 7/20 snapshots
bext,10413458,valor_negativo_repetido,min R$ -0.1 mi em 7/20 snapshots
bext,10413459,valor_negativo_repetido,min R$ -0.1 mi em 6/20 snapshots
bext,10413460,valor_negativo_repetido,min R$ -0.1 mi em 10/20 snapshots
bext,10413465,valor_negativo_repetido,min R$ -0.1 mi em 6/20 snapshots
bext,10413469,valor_negativo_repetido,min R$ -0.1 mi em 14/20 snapshots
bext,10413470,valor_negativo_repetido,min R$ -0.1 mi em 12/20 snapshots
bext,10413474,valor_negativo_repetido,min R$ -0.1 mi em 9/20 snapshots
bext,10413475,valor_negativo_repetido,min R$ -0.1 mi em 11/20 snapshots
bext,10413476,valor_negativo_repetido,min R$ -0.1 mi em 7/20 snapshots
bext,10413477,valor_negativo_repetido,min R$ -0.1 mi em 9/20 snapshots
bext,10413482,valor_negativo_repetido,min R$ -0.1 mi em 12/20 snapshots
bext,10413483,valor_negativo_repetido,min R$ -0.1 mi em 13/20 snapshots
bext,10413486,valor_negativo_repetido,min R$ -0.1 mi em 14/20 snapshots
bext,10413488,valor_negativo_repetido,min R$ -0.1 mi em 7/20 snapshots
bext,10413492,valor_negativo_repetido,min R$ -0.1 mi em 11/20 snapshots
bext,10413508,valor_negativo_repetido,min R$ -0.0 mi em 13/20 snapshots
bext,10413514,valor_negativo_repetido,min R$ -0.1 mi em 10/20 snapshots
bext,10413517,valor_negativo_repetido,min R$ -0.1 mi em 10/20 snapshots
bext,10413526,valor_negativo_repetido,min R$ -0.1 mi em 9/20 snapshots
bext,10413530,valor_negativo_repetido,min R$ -0.1 mi em 11/20 snapshots
bext,10413556,valor_negativo_repetido,min R$ -0.1 mi em 13/20 snapshots
bext,10413563,valor_negativo_repetido,min R$ -0.1 mi em 10/20 snapshots
bext,10413578,valor_negativo_repetido,min R$ -0.1 mi em 7/20 snapshots
bext,10413581,valor_negativo_repetido,min R$ -0.1 mi em 16/20 snapshots
bext,10413584,valor_negativo_repetido,min R$ -0.1 mi em 12/20 snapshots
bext,10413591,valor_negativo_repetido,min R$ -0.1 mi em 10/20 snapshots
bext,10413592,valor_negativo_repetido,min R$ -0.1 mi em 10/20 snapshots
bext,10413617,valor_negativo_repetido,min R$ -0.1 mi em 12/20 snapshots
bext,10413659,valor_negativo_repetido,min R$ -0.1 mi em 9/20 snapshots
bext,10413684,valor_negativo_repetido,min R$ -0.1 mi em 14/20 snapshots
bext,10413701,valor_negativo_repetido,min R$ -0.1 mi em 11/20 snapshots
bext,10413711,valor_negativo_repetido,min R$ -0.1 mi em 9/20 snapshots
bext,10413741,valor_negativo_repetido,min R$ -0.1 mi em 11/20 snapshots
bext,10417609,valor_por_uh_extremo,R$/UH ate R$ 13.2 mi (1 UH; mediana familia R$ 28 k)
bext,10417654,valor_por_uh_extremo,R$/UH ate R$ 15.2 mi (1 UH; mediana familia R$ 28 k)
bext,10417662,valor_por_uh_extremo,R$/UH ate R$ 12.5 mi (1 UH; mediana familia R$ 28 k)
bext,10417674,valor_por_uh_extremo,R$/UH ate R$ 12.3 mi (1 UH; mediana familia R$ 28 k)
bext,10417687,valor_por_uh_extremo,R$/UH ate R$ 10.5 mi (1 UH; mediana familia R$ 28 k)
bext,10417704,valor_por_uh_extremo,R$/UH ate R$ 9.2 mi (1 UH; mediana familia R$ 28 k)
bext,104208242,valor_por_uh_extremo,R$/UH ate R$ 9.9 mi (1 UH; mediana familia R$ 28 k)
bext,104208243,valor_por_uh_extremo,R$/UH ate R$ 9.4 mi (1 UH; mediana familia R$ 28 k)
bext,105301922,valor_por_uh_extremo,R$/UH ate R$ 9.4 mi (1 UH; mediana familia R$ 28 k)
bext,105301925,valor_por_uh_extremo,R$/UH ate R$ 9.4 mi (1 UH; mediana familia R$ 28 k)
bext,105301937,valor_por_uh_extremo,R$/UH ate R$ 9.4 mi (1 UH; mediana familia R$ 28 k)
bext,105301941,valor_por_uh_extremo,R$/UH ate R$ 9.1 mi (1 UH; mediana familia R$ 28 k)
bext,105301942,valor_por_uh_extremo,R$/UH ate R$ 10.8 mi (1 UH; mediana familia R$ 28 k)
bext,105301944,valor_por_uh_extremo,R$/UH ate R$ 10.8 mi (1 UH; mediana familia R$ 28 k)
bext,105301946,valor_por_uh_extremo,R$/UH ate R$ 9.4 mi (1 UH; mediana familia R$ 28 k)
bext,105905691,valor_por_uh_extremo,R$/UH ate R$ 8.2 mi (1 UH; mediana familia R$ 28 k)
bext,105905694,valor_por_uh_extremo,R$/UH ate R$ 6.4 mi (1 UH; mediana familia R$ 28 k)
bext,105905700,valor_por_uh_extremo,R$/UH ate R$ 6.5 mi (1 UH; mediana familia R$ 28 k)
bext,105905701,valor_por_uh_extremo,R$/UH ate R$ 7.1 mi (1 UH; mediana familia R$ 28 k)
bext,10604532,valor_por_uh_extremo,R$/UH ate R$ 8.8 mi (1 UH; mediana familia R$ 28 k)
bext,10604550,valor_por_uh_extremo,R$/UH ate R$ 8.6 mi (1 UH; mediana familia R$ 28 k)
bext,10656244965,valor_negativo_repetido,min R$ -0.0 mi em 10/20 snapshots
bext,10812387,valor_por_uh_extremo,R$/UH ate R$ 12.9 mi (1 UH; mediana familia R$ 28 k)
bext,10812390,valor_por_uh_extremo,R$/UH ate R$ 12.4 mi (1 UH; mediana familia R$ 28 k)
bext,10812397,valor_por_uh_extremo,R$/UH ate R$ 13.9 mi (1 UH; mediana familia R$ 28 k)
bext,108716744,valor_por_uh_extremo,R$/UH ate R$ 8.6 mi (1 UH; mediana familia R$ 28 k)
bext,112702313,valor_por_uh_extremo,R$/UH ate R$ 8.8 mi (1 UH; mediana familia R$ 28 k)
bext,112702314,valor_por_uh_extremo,R$/UH ate R$ 8.8 mi (1 UH; mediana familia R$ 28 k)
bext,112803444,valor_por_uh_extremo,R$/UH ate R$ 7.7 mi (1 UH; mediana familia R$ 28 k)
bext,114401460,valor_por_uh_extremo,R$/UH ate R$ 8.4 mi (1 UH; mediana familia R$ 28 k)
bext,114602381,valor_por_uh_extremo,R$/UH ate R$ 7.0 mi (1 UH; mediana familia R$ 28 k)
bext,1146733,valor_negativo_repetido,min R$ -20.7 mi em 8/20 snapshots
bext,115003994,valor_por_uh_extremo,R$/UH ate R$ 8.4 mi (1 UH; mediana familia R$ 28 k)
bext,115404570,valor_por_uh_extremo,R$/UH ate R$ 13.0 mi (1 UH; mediana familia R$ 28 k)
bext,115506586,valor_por_uh_extremo,R$/UH ate R$ 10.2 mi (1 UH; mediana familia R$ 28 k)
bext,115506589,valor_por_uh_extremo,R$/UH ate R$ 10.4 mi (1 UH; mediana familia R$ 28 k)
bext,115506590,valor_por_uh_extremo,R$/UH ate R$ 10.7 mi (1 UH; mediana familia R$ 28 k)
bext,115506592,valor_por_uh_extremo,R$/UH ate R$ 9.2 mi (1 UH; mediana familia R$ 28 k)
bext,115706622,valor_por_uh_extremo,R$/UH ate R$ 10.8 mi (1 UH; mediana familia R$ 28 k)
bext,115706623,valor_por_uh_extremo,R$/UH ate R$ 10.4 mi (1 UH; mediana familia R$ 28 k)
bext,115706629,valor_por_uh_extremo,R$/UH ate R$ 9.2 mi (1 UH; mediana familia R$ 28 k)
bext,115706638,valor_por_uh_extremo,R$/UH ate R$ 10.3 mi (1 UH; mediana familia R$ 28 k)
bext,115706645,valor_por_uh_extremo,R$/UH ate R$ 9.0 mi (1 UH; mediana familia R$ 28 k)
bext,115706646,valor_por_uh_extremo,R$/UH ate R$ 10.5 mi (1 UH; mediana familia R$ 28 k)
bext,117209597,valor_por_uh_extremo,R$/UH ate R$ 16.2 mi (1 UH; mediana familia R$ 28 k)
bext,117209621,valor_por_uh_extremo,R$/UH ate R$ 11.9 mi (1 UH; mediana familia R$ 28 k)
bext,117813265,valor_por_uh_extremo,R$/UH ate R$ 11.5 mi (1 UH; mediana familia R$ 28 k)
bext,118017204,valor_por_uh_extremo,R$/UH ate R$ 13.2 mi (1 UH; mediana familia R$ 28 k)
bext,118017207,valor_por_uh_extremo,R$/UH ate R$ 14.8 mi (1 UH; mediana familia R$ 28 k)
bext,11806739,valor_por_uh_extremo,R$/UH ate R$ 9.3 mi (1 UH; mediana familia R$ 28 k)
bext,118211902,valor_por_uh_extremo,R$/UH ate R$ 10.6 mi (1 UH; mediana familia R$ 28 k)
bext,118211903,valor_por_uh_extremo,R$/UH ate R$ 11.1 mi (1 UH; mediana familia R$ 28 k)
bext,118211916,valor_por_uh_extremo,R$/UH ate R$ 11.3 mi (1 UH; mediana familia R$ 28 k)
bext,118211923,valor_por_uh_extremo,R$/UH ate R$ 10.1 mi (1 UH; mediana familia R$ 28 k)
bext,118211925,valor_por_uh_extremo,R$/UH ate R$ 10.4 mi (1 UH; mediana familia R$ 28 k)
bext,118407528,valor_negativo_repetido,min R$ -0.1 mi em 11/20 snapshots
bext,118509883,valor_por_uh_extremo,R$/UH ate R$ 11.6 mi (1 UH; mediana familia R$ 28 k)
bext,118804656,valor_por_uh_extremo,R$/UH ate R$ 11.0 mi (1 UH; mediana familia R$ 28 k)
bext,120104543,valor_negativo_repetido,min R$ -0.1 mi em 14/20 snapshots
bext,12022837462,valor_negativo_repetido,min R$ -0.0 mi em 7/20 snapshots
bext,120405242,valor_negativo_repetido,min R$ -0.1 mi em 10/20 snapshots
bext,12044951934,valor_negativo_repetido,min R$ -0.0 mi em 10/20 snapshots
bext,121213278,valor_por_uh_extremo,R$/UH ate R$ 14.7 mi (1 UH; mediana familia R$ 28 k)
bext,121213280,valor_por_uh_extremo,R$/UH ate R$ 11.7 mi (1 UH; mediana familia R$ 28 k)
bext,122115837,valor_por_uh_extremo,R$/UH ate R$ 12.8 mi (1 UH; mediana familia R$ 28 k)
bext,12235183524,valor_negativo_repetido,min R$ -0.0 mi em 9/20 snapshots
bext,122810490,valor_por_uh_extremo,R$/UH ate R$ 12.1 mi (1 UH; mediana familia R$ 28 k)
bext,123003409,valor_por_uh_extremo,R$/UH ate R$ 14.2 mi (1 UH; mediana familia R$ 28 k)
bext,123405229,valor_negativo_repetido,min R$ -0.1 mi em 10/20 snapshots
bext,123405245,valor_negativo_repetido,min R$ -0.1 mi em 10/20 snapshots
bext,123405260,valor_negativo_repetido,min R$ -0.1 mi em 9/20 snapshots
bext,123405271,valor_negativo_repetido,min R$ -0.1 mi em 12/20 snapshots
bext,123405274,valor_negativo_repetido,min R$ -0.1 mi em 9/20 snapshots
bext,123405275,valor_negativo_repetido,min R$ -0.1 mi em 11/20 snapshots
bext,123405388,valor_negativo_repetido,min R$ -0.1 mi em 15/20 snapshots
bext,123405503,valor_negativo_repetido,min R$ -0.1 mi em 10/20 snapshots
bext,123405522,valor_negativo_repetido,min R$ -0.1 mi em 10/20 snapshots
bext,123405530,valor_negativo_repetido,min R$ -0.1 mi em 14/20 snapshots
bext,123407466,valor_por_uh_extremo,R$/UH ate R$ 11.0 mi (1 UH; mediana familia R$ 28 k)
bext,123407468,valor_por_uh_extremo,R$/UH ate R$ 10.0 mi (1 UH; mediana familia R$ 28 k)
bext,12369150027,valor_por_uh_extremo,R$/UH ate R$ 25.0 mi (1 UH; mediana familia R$ 28 k)
bext,124406199,valor_negativo_repetido,min R$ -0.1 mi em 8/20 snapshots
bext,124406500,valor_negativo_repetido,min R$ -0.1 mi em 9/20 snapshots
bext,124406561,valor_negativo_repetido,min R$ -0.1 mi em 13/20 snapshots
bext,124406593,valor_negativo_repetido,min R$ -0.1 mi em 10/20 snapshots
bext,124406619,valor_negativo_repetido,min R$ -0.1 mi em 12/20 snapshots
bext,124406777,valor_negativo_repetido,min R$ -0.1 mi em 11/20 snapshots
bext,124406805,valor_negativo_repetido,min R$ -0.1 mi em 10/20 snapshots
bext,12495473514,valor_negativo_repetido,min R$ -0.0 mi em 11/20 snapshots
bext,12604601291,valor_negativo_repetido,min R$ -0.0 mi em 14/20 snapshots
bext,12613770971,valor_por_uh_extremo,R$/UH ate R$ 25.0 mi (1 UH; mediana familia R$ 28 k)
bext,12645989545,valor_por_uh_extremo,R$/UH ate R$ 25.0 mi (1 UH; mediana familia R$ 28 k)
bext,12678459979,valor_por_uh_extremo,R$/UH ate R$ 25.0 mi (1 UH; mediana familia R$ 28 k)
bext,126803864,valor_negativo_repetido,min R$ -0.1 mi em 11/20 snapshots
bext,126803877,valor_negativo_repetido,min R$ -0.1 mi em 11/20 snapshots
bext,126803891,valor_negativo_repetido,min R$ -0.1 mi em 9/20 snapshots
bext,126803908,valor_negativo_repetido,min R$ -0.1 mi em 11/20 snapshots
bext,126803913,valor_negativo_repetido,min R$ -0.1 mi em 12/20 snapshots
bext,126803929,valor_negativo_repetido,min R$ -0.1 mi em 9/20 snapshots
bext,126803979,valor_negativo_repetido,min R$ -0.1 mi em 8/20 snapshots
bext,126803984,valor_negativo_repetido,min R$ -0.1 mi em 6/20 snapshots
bext,126803994,valor_negativo_repetido,min R$ -0.1 mi em 11/20 snapshots
bext,126804006,valor_negativo_repetido,min R$ -0.1 mi em 11/20 snapshots
bext,126804026,valor_negativo_repetido,min R$ -0.1 mi em 13/20 snapshots
bext,126804033,valor_negativo_repetido,min R$ -0.1 mi em 9/20 snapshots
bext,126804073,valor_negativo_repetido,min R$ -0.1 mi em 11/20 snapshots
bext,126804085,valor_negativo_repetido,min R$ -0.1 mi em 12/20 snapshots
bext,126804206,valor_negativo_repetido,min R$ -0.1 mi em 12/20 snapshots
bext,126804224,valor_negativo_repetido,min R$ -0.1 mi em 10/20 snapshots
bext,126804236,valor_negativo_repetido,min R$ -0.1 mi em 8/20 snapshots
bext,126804279,valor_negativo_repetido,min R$ -0.1 mi em 9/20 snapshots
bext,126804309,valor_negativo_repetido,min R$ -0.1 mi em 9/20 snapshots
bext,126804313,valor_negativo_repetido,min R$ -0.1 mi em 7/20 snapshots
bext,126804344,valor_negativo_repetido,min R$ -0.1 mi em 6/20 snapshots
bext,126804346,valor_negativo_repetido,min R$ -0.1 mi em 11/20 snapshots
bext,126906501,valor_negativo_repetido,min R$ -0.1 mi em 7/20 snapshots
bext,126908788,valor_por_uh_extremo,R$/UH ate R$ 16.4 mi (1 UH; mediana familia R$ 28 k)
bext,12709855,valor_negativo_repetido,min R$ -0.1 mi em 12/20 snapshots
bext,12728598063,valor_negativo_repetido,min R$ -0.0 mi em 15/20 snapshots
bext,12766413296,valor_negativo_repetido,min R$ -0.0 mi em 13/20 snapshots
bext,12768762972,valor_por_uh_extremo,R$/UH ate R$ 25.0 mi (1 UH; mediana familia R$ 28 k)
bext,127904369,valor_por_uh_extremo,R$/UH ate R$ 8.9 mi (1 UH; mediana familia R$ 28 k)
bext,12809504816,valor_por_uh_extremo,R$/UH ate R$ 25.0 mi (1 UH; mediana familia R$ 28 k)
bext,128306248,valor_por_uh_extremo,R$/UH ate R$ 7.6 mi (1 UH; mediana familia R$ 28 k)
bext,12911312343,valor_negativo_repetido,min R$ -0.0 mi em 10/20 snapshots
bext,12914403,valor_por_uh_extremo,R$/UH ate R$ 8.0 mi (1 UH; mediana familia R$ 28 k)
bext,129507734,valor_negativo_repetido,min R$ -0.1 mi em 9/20 snapshots
bext,129507736,valor_negativo_repetido,min R$ -0.1 mi em 8/20 snapshots
bext,129507769,valor_negativo_repetido,min R$ -0.1 mi em 11/20 snapshots
bext,129507773,valor_negativo_repetido,min R$ -0.1 mi em 9/20 snapshots
bext,129507982,valor_negativo_repetido,min R$ -0.1 mi em 9/20 snapshots
bext,129508020,valor_negativo_repetido,min R$ -0.1 mi em 14/20 snapshots
bext,129508199,valor_negativo_repetido,min R$ -0.1 mi em 13/20 snapshots
bext,130604622,valor_por_uh_extremo,R$/UH ate R$ 8.0 mi (1 UH; mediana familia R$ 28 k)
bext,130604623,valor_por_uh_extremo,R$/UH ate R$ 7.2 mi (1 UH; mediana familia R$ 28 k)
bext,130604626,valor_por_uh_extremo,R$/UH ate R$ 8.0 mi (1 UH; mediana familia R$ 28 k)
bext,130805227,valor_por_uh_extremo,R$/UH ate R$ 8.3 mi (1 UH; mediana familia R$ 28 k)
bext,130805233,valor_por_uh_extremo,R$/UH ate R$ 8.3 mi (1 UH; mediana familia R$ 28 k)
bext,131106590,valor_por_uh_extremo,R$/UH ate R$ 11.9 mi (1 UH; mediana familia R$ 28 k)
bext,13131099347,valor_negativo_repetido,min R$ -0.0 mi em 9/20 snapshots
bext,131706944,valor_por_uh_extremo,R$/UH ate R$ 9.2 mi (1 UH; mediana familia R$ 28 k)
bext,131706955,valor_por_uh_extremo,R$/UH ate R$ 9.1 mi (1 UH; mediana familia R$ 28 k)
bext,131706956,valor_por_uh_extremo,R$/UH ate R$ 9.2 mi (1 UH; mediana familia R$ 28 k)
bext,131706983,valor_por_uh_extremo,R$/UH ate R$ 9.2 mi (1 UH; mediana familia R$ 28 k)
bext,13217569,valor_por_uh_extremo,R$/UH ate R$ 10.5 mi (1 UH; mediana familia R$ 28 k)
bext,13293363341,valor_negativo_repetido,min R$ -0.0 mi em 9/20 snapshots
bext,133008010,valor_por_uh_extremo,R$/UH ate R$ 12.4 mi (1 UH; mediana familia R$ 28 k)
bext,133008011,valor_por_uh_extremo,R$/UH ate R$ 10.1 mi (1 UH; mediana familia R$ 28 k)
bext,133008014,valor_por_uh_extremo,R$/UH ate R$ 7.9 mi (1 UH; mediana familia R$ 28 k)
bext,133008016,valor_por_uh_extremo,R$/UH ate R$ 9.3 mi (1 UH; mediana familia R$ 28 k)
bext,133008019,valor_por_uh_extremo,R$/UH ate R$ 10.8 mi (1 UH; mediana familia R$ 28 k)
bext,133008025,valor_por_uh_extremo,R$/UH ate R$ 9.7 mi (1 UH; mediana familia R$ 28 k)
bext,13306801,valor_por_uh_extremo,R$/UH ate R$ 13.1 mi (1 UH; mediana familia R$ 28 k)
bext,133603861,valor_por_uh_extremo,R$/UH ate R$ 12.0 mi (1 UH; mediana familia R$ 28 k)
bext,13408655,valor_por_uh_extremo,R$/UH ate R$ 15.1 mi (1 UH; mediana familia R$ 28 k)
bext,134102149,valor_por_uh_extremo,R$/UH ate R$ 9.7 mi (1 UH; mediana familia R$ 28 k)
bext,134102150,valor_por_uh_extremo,R$/UH ate R$ 9.7 mi (1 UH; mediana familia R$ 28 k)
bext,134102155,valor_por_uh_extremo,R$/UH ate R$ 9.3 mi (1 UH; mediana familia R$ 28 k)
bext,134102156,valor_por_uh_extremo,R$/UH ate R$ 10.1 mi (1 UH; mediana familia R$ 28 k)
bext,134601243,valor_por_uh_extremo,R$/UH ate R$ 10.7 mi (1 UH; mediana familia R$ 28 k)
bext,136104044,valor_por_uh_extremo,R$/UH ate R$ 7.7 mi (1 UH; mediana familia R$ 28 k)
bext,136104048,valor_por_uh_extremo,R$/UH ate R$ 9.2 mi (1 UH; mediana familia R$ 28 k)
bext,136509021,valor_por_uh_extremo,R$/UH ate R$ 8.6 mi (1 UH; mediana familia R$ 28 k)
bext,136509028,valor_por_uh_extremo,R$/UH ate R$ 7.8 mi (1 UH; mediana familia R$ 28 k)
bext,136803576,valor_por_uh_extremo,R$/UH ate R$ 8.2 mi (1 UH; mediana familia R$ 28 k)
bext,136803579,valor_por_uh_extremo,R$/UH ate R$ 8.8 mi (1 UH; mediana familia R$ 28 k)
bext,13843519314,valor_negativo_repetido,min R$ -0.0 mi em 9/20 snapshots
bext,138608821,valor_por_uh_extremo,R$/UH ate R$ 13.6 mi (1 UH; mediana familia R$ 28 k)
bext,13918262,valor_por_uh_extremo,R$/UH ate R$ 11.4 mi (1 UH; mediana familia R$ 28 k)
bext,13918268,valor_por_uh_extremo,R$/UH ate R$ 10.2 mi (1 UH; mediana familia R$ 28 k)
bext,140119428,valor_por_uh_extremo,R$/UH ate R$ 10.6 mi (1 UH; mediana familia R$ 28 k)
bext,140119430,valor_por_uh_extremo,R$/UH ate R$ 11.0 mi (1 UH; mediana familia R$ 28 k)
bext,140201808,valor_por_uh_extremo,R$/UH ate R$ 11.6 mi (1 UH; mediana familia R$ 28 k)
bext,140613580,valor_por_uh_extremo,R$/UH ate R$ 10.1 mi (1 UH; mediana familia R$ 28 k)
bext,140904749,valor_por_uh_extremo,R$/UH ate R$ 8.2 mi (1 UH; mediana familia R$ 28 k)
bext,140904765,valor_por_uh_extremo,R$/UH ate R$ 8.9 mi (1 UH; mediana familia R$ 28 k)
bext,142805730,valor_negativo_repetido,min R$ -0.1 mi em 12/20 snapshots
bext,142805733,valor_negativo_repetido,min R$ -0.1 mi em 10/20 snapshots
bext,142805734,valor_negativo_repetido,min R$ -0.1 mi em 7/20 snapshots
bext,142805735,valor_negativo_repetido,min R$ -0.1 mi em 11/20 snapshots
bext,142805739,valor_negativo_repetido,min R$ -0.1 mi em 7/20 snapshots
bext,142805741,valor_negativo_repetido,min R$ -0.1 mi em 13/20 snapshots
bext,142805742,valor_negativo_repetido,min R$ -0.1 mi em 9/20 snapshots
bext,142805743,valor_negativo_repetido,min R$ -0.1 mi em 8/20 snapshots
bext,142805744,valor_negativo_repetido,min R$ -0.1 mi em 12/20 snapshots
bext,142805748,valor_negativo_repetido,min R$ -0.1 mi em 8/20 snapshots
bext,142805757,valor_negativo_repetido,min R$ -0.1 mi em 11/20 snapshots
bext,142805769,valor_negativo_repetido,min R$ -0.1 mi em 12/20 snapshots
bext,142805772,valor_negativo_repetido,min R$ -0.1 mi em 9/20 snapshots
bext,142805775,valor_negativo_repetido,min R$ -0.1 mi em 14/20 snapshots
bext,142805777,valor_negativo_repetido,min R$ -0.1 mi em 9/20 snapshots
bext,142805778,valor_negativo_repetido,min R$ -0.1 mi em 13/20 snapshots
bext,142805779,valor_negativo_repetido,min R$ -0.1 mi em 12/20 snapshots
bext,142805799,valor_negativo_repetido,min R$ -0.1 mi em 12/20 snapshots
bext,142805892,valor_negativo_repetido,min R$ -0.1 mi em 8/20 snapshots
bext,142807690,valor_por_uh_extremo,R$/UH ate R$ 6.5 mi (1 UH; mediana familia R$ 28 k)
bext,142807692,valor_por_uh_extremo,R$/UH ate R$ 8.2 mi (1 UH; mediana familia R$ 28 k)
bext,142807705,valor_por_uh_extremo,R$/UH ate R$ 8.2 mi (1 UH; mediana familia R$ 28 k)
bext,143206973,valor_por_uh_extremo,R$/UH ate R$ 12.4 mi (1 UH; mediana familia R$ 28 k)
bext,144905287,valor_por_uh_extremo,R$/UH ate R$ 10.3 mi (1 UH; mediana familia R$ 28 k)
bext,145107326,valor_por_uh_extremo,R$/UH ate R$ 12.9 mi (1 UH; mediana familia R$ 28 k)
bext,145208167,valor_por_uh_extremo,R$/UH ate R$ 12.5 mi (1 UH; mediana familia R$ 28 k)
bext,145208168,valor_por_uh_extremo,R$/UH ate R$ 13.1 mi (1 UH; mediana familia R$ 28 k)
bext,145208179,valor_por_uh_extremo,R$/UH ate R$ 12.6 mi (1 UH; mediana familia R$ 28 k)
bext,145208193,valor_por_uh_extremo,R$/UH ate R$ 13.4 mi (1 UH; mediana familia R$ 28 k)
bext,145208195,valor_por_uh_extremo,R$/UH ate R$ 12.8 mi (1 UH; mediana familia R$ 28 k)
bext,145208196,valor_por_uh_extremo,R$/UH ate R$ 13.6 mi (1 UH; mediana familia R$ 28 k)
bext,145208197,valor_por_uh_extremo,R$/UH ate R$ 12.6 mi (1 UH; mediana familia R$ 28 k)
bext,145208203,valor_por_uh_extremo,R$/UH ate R$ 14.5 mi (1 UH; mediana familia R$ 28 k)
bext,145208204,valor_por_uh_extremo,R$/UH ate R$ 14.6 mi (1 UH; mediana familia R$ 28 k)
bext,145208214,valor_por_uh_extremo,R$/UH ate R$ 13.1 mi (1 UH; mediana familia R$ 28 k)
bext,145208224,valor_por_uh_extremo,R$/UH ate R$ 14.8 mi (1 UH; mediana familia R$ 28 k)
bext,145208231,valor_por_uh_extremo,R$/UH ate R$ 12.8 mi (1 UH; mediana familia R$ 28 k)
bext,146008255,valor_por_uh_extremo,R$/UH ate R$ 14.4 mi (1 UH; mediana familia R$ 28 k)
bext,146008256,valor_por_uh_extremo,R$/UH ate R$ 13.3 mi (1 UH; mediana familia R$ 28 k)
bext,146716588,valor_por_uh_extremo,R$/UH ate R$ 11.2 mi (1 UH; mediana familia R$ 28 k)
bext,146909210,valor_por_uh_extremo,R$/UH ate R$ 7.5 mi (1 UH; mediana familia R$ 28 k)
bext,147206464,valor_negativo_repetido,min R$ -0.1 mi em 9/20 snapshots
bext,147208268,valor_por_uh_extremo,R$/UH ate R$ 13.5 mi (1 UH; mediana familia R$ 28 k)
bext,147208269,valor_por_uh_extremo,R$/UH ate R$ 12.6 mi (1 UH; mediana familia R$ 28 k)
bext,147913914,valor_por_uh_extremo,R$/UH ate R$ 12.3 mi (1 UH; mediana familia R$ 28 k)
bext,147913915,valor_por_uh_extremo,R$/UH ate R$ 13.6 mi (1 UH; mediana familia R$ 28 k)
bext,147913942,valor_por_uh_extremo,R$/UH ate R$ 11.5 mi (1 UH; mediana familia R$ 28 k)
bext,148001158,valor_por_uh_extremo,R$/UH ate R$ 9.3 mi (1 UH; mediana familia R$ 28 k)
bext,148501193,valor_por_uh_extremo,R$/UH ate R$ 7.3 mi (1 UH; mediana familia R$ 28 k)
bext,149101518,valor_por_uh_extremo,R$/UH ate R$ 7.2 mi (1 UH; mediana familia R$ 28 k)
bext,150113597,valor_negativo_repetido,min R$ -0.1 mi em 13/20 snapshots
bext,150113677,valor_negativo_repetido,min R$ -0.1 mi em 8/20 snapshots
bext,150113678,valor_negativo_repetido,min R$ -0.1 mi em 12/20 snapshots
bext,150113696,valor_negativo_repetido,min R$ -0.1 mi em 9/20 snapshots
bext,150113741,valor_negativo_repetido,min R$ -0.1 mi em 14/20 snapshots
bext,150113774,valor_negativo_repetido,min R$ -0.1 mi em 11/20 snapshots
bext,150113866,valor_negativo_repetido,min R$ -0.1 mi em 11/20 snapshots
bext,150116843,valor_por_uh_extremo,R$/UH ate R$ 12.8 mi (1 UH; mediana familia R$ 28 k)
bext,150116861,valor_por_uh_extremo,R$/UH ate R$ 11.7 mi (1 UH; mediana familia R$ 28 k)
bext,150116869,valor_por_uh_extremo,R$/UH ate R$ 14.3 mi (1 UH; mediana familia R$ 28 k)
bext,150116875,valor_por_uh_extremo,R$/UH ate R$ 12.8 mi (1 UH; mediana familia R$ 28 k)
bext,15108436,valor_por_uh_extremo,R$/UH ate R$ 11.2 mi (1 UH; mediana familia R$ 28 k)
bext,15108445,valor_por_uh_extremo,R$/UH ate R$ 7.1 mi (1 UH; mediana familia R$ 28 k)
bext,151207707,valor_por_uh_extremo,R$/UH ate R$ 13.9 mi (1 UH; mediana familia R$ 28 k)
bext,152208578,valor_por_uh_extremo,R$/UH ate R$ 15.4 mi (1 UH; mediana familia R$ 28 k)
bext,152907467,valor_por_uh_extremo,R$/UH ate R$ 4.1 mi (1 UH; mediana familia R$ 28 k)
bext,15311070,valor_por_uh_extremo,R$/UH ate R$ 12.6 mi (1 UH; mediana familia R$ 28 k)
bext,15311086,valor_por_uh_extremo,R$/UH ate R$ 10.4 mi (1 UH; mediana familia R$ 28 k)
bext,153308988,valor_por_uh_extremo,R$/UH ate R$ 9.5 mi (1 UH; mediana familia R$ 28 k)
bext,153309015,valor_por_uh_extremo,R$/UH ate R$ 10.9 mi (1 UH; mediana familia R$ 28 k)
bext,153309018,valor_por_uh_extremo,R$/UH ate R$ 10.0 mi (1 UH; mediana familia R$ 28 k)
bext,153309043,valor_por_uh_extremo,R$/UH ate R$ 10.8 mi (1 UH; mediana familia R$ 28 k)
bext,153309047,valor_por_uh_extremo,R$/UH ate R$ 8.6 mi (1 UH; mediana familia R$ 28 k)
bext,153309050,valor_por_uh_extremo,R$/UH ate R$ 10.8 mi (1 UH; mediana familia R$ 28 k)
bext,153309052,valor_por_uh_extremo,R$/UH ate R$ 10.6 mi (1 UH; mediana familia R$ 28 k)
bext,153309058,valor_por_uh_extremo,R$/UH ate R$ 11.9 mi (1 UH; mediana familia R$ 28 k)
bext,153309059,valor_por_uh_extremo,R$/UH ate R$ 9.6 mi (1 UH; mediana familia R$ 28 k)
bext,153309060,valor_por_uh_extremo,R$/UH ate R$ 10.3 mi (1 UH; mediana familia R$ 28 k)
bext,153309061,valor_por_uh_extremo,R$/UH ate R$ 10.3 mi (1 UH; mediana familia R$ 28 k)
bext,153309062,valor_por_uh_extremo,R$/UH ate R$ 9.5 mi (1 UH; mediana familia R$ 28 k)
bext,153309063,valor_por_uh_extremo,R$/UH ate R$ 11.3 mi (1 UH; mediana familia R$ 28 k)
bext,153309064,valor_por_uh_extremo,R$/UH ate R$ 10.3 mi (1 UH; mediana familia R$ 28 k)
bext,153309067,valor_por_uh_extremo,R$/UH ate R$ 9.8 mi (1 UH; mediana familia R$ 28 k)
bext,153405156,valor_negativo_repetido,min R$ -0.1 mi em 13/20 snapshots
bext,153405186,valor_negativo_repetido,min R$ -0.1 mi em 12/20 snapshots
bext,153405202,valor_negativo_repetido,min R$ -0.1 mi em 7/20 snapshots
bext,153405207,valor_negativo_repetido,min R$ -0.1 mi em 9/20 snapshots
bext,153405227,valor_negativo_repetido,min R$ -0.1 mi em 14/20 snapshots
bext,153405230,valor_negativo_repetido,min R$ -0.1 mi em 9/20 snapshots
bext,153405250,valor_negativo_repetido,min R$ -0.1 mi em 11/20 snapshots
bext,153405256,valor_negativo_repetido,min R$ -0.1 mi em 10/20 snapshots
bext,153405269,valor_negativo_repetido,min R$ -0.1 mi em 13/20 snapshots
bext,155703862,valor_negativo_repetido,min R$ -0.1 mi em 6/20 snapshots
bext,155803276,valor_negativo_repetido,min R$ -0.1 mi em 9/20 snapshots
bext,155803410,valor_negativo_repetido,min R$ -0.1 mi em 8/20 snapshots
bext,156103155,valor_negativo_repetido,min R$ -0.1 mi em 10/20 snapshots
bext,158202238,valor_por_uh_extremo,R$/UH ate R$ 13.7 mi (1 UH; mediana familia R$ 28 k)
bext,158403909,valor_por_uh_extremo,R$/UH ate R$ 12.8 mi (1 UH; mediana familia R$ 28 k)
bext,158803230,valor_por_uh_extremo,R$/UH ate R$ 9.8 mi (1 UH; mediana familia R$ 28 k)
bext,158803231,valor_por_uh_extremo,R$/UH ate R$ 8.8 mi (1 UH; mediana familia R$ 28 k)
bext,158803233,valor_por_uh_extremo,R$/UH ate R$ 9.8 mi (1 UH; mediana familia R$ 28 k)
bext,15910517,valor_negativo_repetido,min R$ -0.1 mi em 12/20 snapshots
bext,15910590,valor_negativo_repetido,min R$ -0.1 mi em 8/20 snapshots
bext,15910961,valor_negativo_repetido,min R$ -0.1 mi em 8/20 snapshots
bext,159809908,valor_por_uh_extremo,R$/UH ate R$ 11.0 mi (1 UH; mediana familia R$ 28 k)
bext,159809940,valor_por_uh_extremo,R$/UH ate R$ 10.0 mi (1 UH; mediana familia R$ 28 k)
bext,16015177382,valor_negativo_repetido,min R$ -0.0 mi em 10/20 snapshots
bext,16029027604,valor_por_uh_extremo,R$/UH ate R$ 25.0 mi (1 UH; mediana familia R$ 28 k)
bext,16035769552,valor_negativo_repetido,min R$ -0.0 mi em 9/20 snapshots
bext,16036549157,valor_negativo_repetido,min R$ -0.0 mi em 10/20 snapshots
bext,160502530,valor_por_uh_extremo,R$/UH ate R$ 10.5 mi (1 UH; mediana familia R$ 28 k)
bext,160600737,valor_negativo_repetido,min R$ -0.1 mi em 8/20 snapshots
bext,160600746,valor_negativo_repetido,min R$ -0.1 mi em 10/20 snapshots
bext,160600775,valor_negativo_repetido,min R$ -0.1 mi em 13/20 snapshots
bext,160600781,valor_negativo_repetido,min R$ -0.1 mi em 12/20 snapshots
bext,160600782,valor_negativo_repetido,min R$ -0.1 mi em 9/20 snapshots
bext,160600784,valor_negativo_repetido,min R$ -0.1 mi em 10/20 snapshots
bext,160600797,valor_negativo_repetido,min R$ -0.1 mi em 11/20 snapshots
bext,160600800,valor_negativo_repetido,min R$ -0.1 mi em 9/20 snapshots
bext,160600805,valor_negativo_repetido,min R$ -0.1 mi em 10/20 snapshots
bext,160600823,valor_negativo_repetido,min R$ -0.1 mi em 13/20 snapshots
bext,160600833,valor_negativo_repetido,min R$ -0.1 mi em 12/20 snapshots
bext,160600837,valor_negativo_repetido,min R$ -0.1 mi em 10/20 snapshots
bext,160600838,valor_negativo_repetido,min R$ -0.1 mi em 7/20 snapshots
bext,160600865,valor_negativo_repetido,min R$ -0.1 mi em 8/20 snapshots
bext,160603836,valor_por_uh_extremo,R$/UH ate R$ 10.7 mi (1 UH; mediana familia R$ 28 k)
bext,160603851,valor_por_uh_extremo,R$/UH ate R$ 12.0 mi (1 UH; mediana familia R$ 28 k)
bext,160900881,valor_negativo_repetido,min R$ -0.1 mi em 16/20 snapshots
bext,160900976,valor_negativo_repetido,min R$ -0.1 mi em 8/20 snapshots
bext,16124900638,valor_negativo_repetido,min R$ -0.0 mi em 11/20 snapshots
bext,16138169353,valor_negativo_repetido,min R$ -0.0 mi em 8/20 snapshots
bext,16139364117,valor_negativo_repetido,min R$ -0.0 mi em 8/20 snapshots
bext,16151370393,valor_por_uh_extremo,R$/UH ate R$ 25.0 mi (1 UH; mediana familia R$ 28 k)
bext,16152497575,valor_negativo_repetido,min R$ -0.0 mi em 9/20 snapshots
bext,16160271912,valor_por_uh_extremo,R$/UH ate R$ 25.0 mi (1 UH; mediana familia R$ 28 k)
bext,16160891880,valor_negativo_repetido,min R$ -0.0 mi em 10/20 snapshots
bext,16168855174,valor_negativo_repetido,min R$ -0.0 mi em 6/20 snapshots
bext,16190143750,valor_negativo_repetido,min R$ -0.0 mi em 11/20 snapshots
bext,161901836,valor_por_uh_extremo,R$/UH ate R$ 8.9 mi (1 UH; mediana familia R$ 28 k)
bext,16191767847,valor_por_uh_extremo,R$/UH ate R$ 25.0 mi (1 UH; mediana familia R$ 28 k)
bext,16193807889,valor_negativo_repetido,min R$ -0.0 mi em 11/20 snapshots
bext,16209364,valor_por_uh_extremo,R$/UH ate R$ 12.0 mi (1 UH; mediana familia R$ 28 k)
bext,16209920781,valor_negativo_repetido,min R$ -0.0 mi em 8/20 snapshots
bext,16225660373,valor_negativo_repetido,min R$ -0.0 mi em 10/20 snapshots
bext,16231561799,valor_negativo_repetido,min R$ -0.0 mi em 12/20 snapshots
bext,16247590815,valor_negativo_repetido,min R$ -0.0 mi em 10/20 snapshots
bext,16248795690,valor_por_uh_extremo,R$/UH ate R$ 25.0 mi (1 UH; mediana familia R$ 28 k)
bext,16281519354,valor_negativo_repetido,min R$ -0.0 mi em 9/20 snapshots
bext,16287085852,valor_por_uh_extremo,R$/UH ate R$ 25.0 mi (1 UH; mediana familia R$ 28 k)
bext,16287387662,valor_por_uh_extremo,R$/UH ate R$ 25.0 mi (1 UH; mediana familia R$ 28 k)
bext,162908825,valor_por_uh_extremo,R$/UH ate R$ 13.4 mi (1 UH; mediana familia R$ 28 k)
bext,16296001615,valor_por_uh_extremo,R$/UH ate R$ 25.0 mi (1 UH; mediana familia R$ 28 k)
bext,16296775254,valor_por_uh_extremo,R$/UH ate R$ 25.0 mi (1 UH; mediana familia R$ 28 k)
bext,16299216078,valor_negativo_repetido,min R$ -0.0 mi em 13/20 snapshots
bext,163407113,valor_por_uh_extremo,R$/UH ate R$ 11.7 mi (1 UH; mediana familia R$ 28 k)
bext,163407116,valor_por_uh_extremo,R$/UH ate R$ 11.3 mi (1 UH; mediana familia R$ 28 k)
bext,163506724,valor_por_uh_extremo,R$/UH ate R$ 6.7 mi (1 UH; mediana familia R$ 28 k)
bext,163506824,valor_por_uh_extremo,R$/UH ate R$ 6.7 mi (1 UH; mediana familia R$ 28 k)
bext,16354649279,valor_negativo_repetido,min R$ -0.0 mi em 9/20 snapshots
bext,16362938357,valor_por_uh_extremo,R$/UH ate R$ 25.0 mi (1 UH; mediana familia R$ 28 k)
bext,163711121,valor_por_uh_extremo,R$/UH ate R$ 12.6 mi (1 UH; mediana familia R$ 28 k)
bext,16381043629,valor_negativo_repetido,min R$ -0.0 mi em 6/20 snapshots
bext,16383728912,valor_por_uh_extremo,R$/UH ate R$ 25.0 mi (1 UH; mediana familia R$ 28 k)
bext,164018132,valor_por_uh_extremo,R$/UH ate R$ 9.7 mi (1 UH; mediana familia R$ 28 k)
bext,164018138,valor_por_uh_extremo,R$/UH ate R$ 9.9 mi (1 UH; mediana familia R$ 28 k)
bext,16414548031,valor_negativo_repetido,min R$ -0.0 mi em 10/20 snapshots
bext,16425135361,valor_negativo_repetido,min R$ -0.0 mi em 8/20 snapshots
bext,16429363024,valor_negativo_repetido,min R$ -0.0 mi em 9/20 snapshots
bext,16433234438,valor_negativo_repetido,min R$ -0.0 mi em 13/20 snapshots
bext,16452764773,valor_por_uh_extremo,R$/UH ate R$ 25.0 mi (1 UH; mediana familia R$ 28 k)
bext,16452775562,valor_por_uh_extremo,R$/UH ate R$ 25.0 mi (1 UH; mediana familia R$ 28 k)
bext,16452789075,valor_por_uh_extremo,R$/UH ate R$ 25.0 mi (1 UH; mediana familia R$ 28 k)
bext,16457176330,valor_negativo_repetido,min R$ -0.0 mi em 9/20 snapshots
bext,16461184512,valor_por_uh_extremo,R$/UH ate R$ 25.0 mi (1 UH; mediana familia R$ 28 k)
bext,16461275305,valor_por_uh_extremo,R$/UH ate R$ 25.0 mi (1 UH; mediana familia R$ 28 k)
bext,16468800855,valor_negativo_repetido,min R$ -0.0 mi em 9/20 snapshots
bext,164700766,valor_por_uh_extremo,R$/UH ate R$ 7.1 mi (1 UH; mediana familia R$ 28 k)
bext,16480062621,valor_negativo_repetido,min R$ -0.0 mi em 12/20 snapshots
bext,16488438213,valor_negativo_repetido,min R$ -0.0 mi em 7/20 snapshots
bext,16490785480,valor_negativo_repetido,min R$ -0.0 mi em 9/20 snapshots
bext,16534178258,valor_negativo_repetido,min R$ -0.0 mi em 13/20 snapshots
bext,16536193165,valor_negativo_repetido,min R$ -0.0 mi em 9/20 snapshots
bext,16553624683,valor_por_uh_extremo,R$/UH ate R$ 25.0 mi (1 UH; mediana familia R$ 28 k)
bext,16553631132,valor_por_uh_extremo,R$/UH ate R$ 25.0 mi (1 UH; mediana familia R$ 28 k)
bext,16569517369,valor_negativo_repetido,min R$ -0.0 mi em 11/20 snapshots
bext,16571965160,valor_negativo_repetido,min R$ -0.0 mi em 8/20 snapshots
bext,16577000507,valor_negativo_repetido,min R$ -0.0 mi em 11/20 snapshots
bext,16596482805,valor_negativo_repetido,min R$ -0.0 mi em 10/20 snapshots
bext,16598293589,valor_por_uh_extremo,R$/UH ate R$ 25.0 mi (1 UH; mediana familia R$ 28 k)
bext,16598319448,valor_por_uh_extremo,R$/UH ate R$ 25.0 mi (1 UH; mediana familia R$ 28 k)
bext,16617643,valor_por_uh_extremo,R$/UH ate R$ 17.1 mi (1 UH; mediana familia R$ 28 k)
bext,16637652343,valor_por_uh_extremo,R$/UH ate R$ 25.0 mi (1 UH; mediana familia R$ 28 k)
bext,16672025309,valor_negativo_repetido,min R$ -0.0 mi em 12/20 snapshots
bext,16678934882,valor_negativo_repetido,min R$ -0.0 mi em 8/20 snapshots
bext,166805165,valor_por_uh_extremo,R$/UH ate R$ 11.2 mi (1 UH; mediana familia R$ 28 k)
bext,166805175,valor_por_uh_extremo,R$/UH ate R$ 5.1 mi (1 UH; mediana familia R$ 28 k)
bext,16685418568,valor_negativo_repetido,min R$ -0.0 mi em 10/20 snapshots
bext,16709989,valor_por_uh_extremo,R$/UH ate R$ 12.2 mi (1 UH; mediana familia R$ 28 k)
bext,168001541,valor_negativo_repetido,min R$ -0.1 mi em 11/20 snapshots
bext,168104715,valor_por_uh_extremo,R$/UH ate R$ 10.2 mi (1 UH; mediana familia R$ 28 k)
bext,16816494,valor_por_uh_extremo,R$/UH ate R$ 10.7 mi (1 UH; mediana familia R$ 28 k)
bext,170005193,valor_por_uh_extremo,R$/UH ate R$ 13.8 mi (1 UH; mediana familia R$ 28 k)
bext,17110381,valor_por_uh_extremo,R$/UH ate R$ 11.4 mi (1 UH; mediana familia R$ 28 k)
bext,17110392,valor_por_uh_extremo,R$/UH ate R$ 11.6 mi (1 UH; mediana familia R$ 28 k)
bext,17214013,valor_por_uh_extremo,R$/UH ate R$ 7.7 mi (1 UH; mediana familia R$ 28 k)
bext,172905363,valor_por_uh_extremo,R$/UH ate R$ 10.0 mi (1 UH; mediana familia R$ 28 k)
bext,173106422,valor_por_uh_extremo,R$/UH ate R$ 10.8 mi (1 UH; mediana familia R$ 28 k)
bext,173106425,valor_por_uh_extremo,R$/UH ate R$ 9.0 mi (1 UH; mediana familia R$ 28 k)
bext,173106440,valor_por_uh_extremo,R$/UH ate R$ 10.2 mi (1 UH; mediana familia R$ 28 k)
bext,173106447,valor_por_uh_extremo,R$/UH ate R$ 6.6 mi (1 UH; mediana familia R$ 28 k)
bext,173106448,valor_por_uh_extremo,R$/UH ate R$ 9.2 mi (1 UH; mediana familia R$ 28 k)
bext,173106449,valor_por_uh_extremo,R$/UH ate R$ 8.0 mi (1 UH; mediana familia R$ 28 k)
bext,173106450,valor_por_uh_extremo,R$/UH ate R$ 10.8 mi (1 UH; mediana familia R$ 28 k)
bext,173106452,valor_por_uh_extremo,R$/UH ate R$ 8.5 mi (1 UH; mediana familia R$ 28 k)
bext,173106453,valor_por_uh_extremo,R$/UH ate R$ 10.1 mi (1 UH; mediana familia R$ 28 k)
bext,173106454,valor_por_uh_extremo,R$/UH ate R$ 10.9 mi (1 UH; mediana familia R$ 28 k)
bext,173106455,valor_por_uh_extremo,R$/UH ate R$ 10.8 mi (1 UH; mediana familia R$ 28 k)
bext,173106456,valor_por_uh_extremo,R$/UH ate R$ 10.3 mi (1 UH; mediana familia R$ 28 k)
bext,173106457,valor_por_uh_extremo,R$/UH ate R$ 8.8 mi (1 UH; mediana familia R$ 28 k)
bext,173106458,valor_por_uh_extremo,R$/UH ate R$ 10.8 mi (1 UH; mediana familia R$ 28 k)
bext,173106461,valor_por_uh_extremo,R$/UH ate R$ 8.8 mi (1 UH; mediana familia R$ 28 k)
bext,173106469,valor_por_uh_extremo,R$/UH ate R$ 8.7 mi (1 UH; mediana familia R$ 28 k)
bext,173106470,valor_por_uh_extremo,R$/UH ate R$ 10.8 mi (1 UH; mediana familia R$ 28 k)
bext,173106471,valor_por_uh_extremo,R$/UH ate R$ 10.0 mi (1 UH; mediana familia R$ 28 k)
bext,173106472,valor_por_uh_extremo,R$/UH ate R$ 10.8 mi (1 UH; mediana familia R$ 28 k)
bext,173106481,valor_por_uh_extremo,R$/UH ate R$ 7.6 mi (1 UH; mediana familia R$ 28 k)
bext,173106484,valor_por_uh_extremo,R$/UH ate R$ 10.5 mi (1 UH; mediana familia R$ 28 k)
bext,173106485,valor_por_uh_extremo,R$/UH ate R$ 10.1 mi (1 UH; mediana familia R$ 28 k)
bext,173106491,valor_por_uh_extremo,R$/UH ate R$ 6.3 mi (1 UH; mediana familia R$ 28 k)
bext,173106492,valor_por_uh_extremo,R$/UH ate R$ 10.8 mi (1 UH; mediana familia R$ 28 k)
bext,173507651,valor_por_uh_extremo,R$/UH ate R$ 7.7 mi (1 UH; mediana familia R$ 28 k)
bext,173507664,valor_por_uh_extremo,R$/UH ate R$ 7.9 mi (1 UH; mediana familia R$ 28 k)
bext,173507677,valor_por_uh_extremo,R$/UH ate R$ 7.6 mi (1 UH; mediana familia R$ 28 k)
bext,173507678,valor_por_uh_extremo,R$/UH ate R$ 8.4 mi (1 UH; mediana familia R$ 28 k)
bext,173507679,valor_por_uh_extremo,R$/UH ate R$ 10.0 mi (1 UH; mediana familia R$ 28 k)
bext,17503822,valor_negativo_repetido,min R$ -0.1 mi em 9/20 snapshots
bext,17503827,valor_negativo_repetido,min R$ -0.1 mi em 10/20 snapshots
bext,17503828,valor_negativo_repetido,min R$ -0.1 mi em 7/20 snapshots
bext,17503831,valor_negativo_repetido,min R$ -0.2 mi em 12/20 snapshots
bext,17503836,valor_negativo_repetido,min R$ -0.1 mi em 7/20 snapshots
bext,17503854,valor_negativo_repetido,min R$ -0.1 mi em 7/20 snapshots
bext,17503859,valor_negativo_repetido,min R$ -0.1 mi em 11/20 snapshots
bext,17503860,valor_negativo_repetido,min R$ -0.2 mi em 14/20 snapshots
bext,17503866,valor_negativo_repetido,min R$ -0.1 mi em 10/20 snapshots
bext,17503869,valor_negativo_repetido,min R$ -0.2 mi em 9/20 snapshots
bext,17503885,valor_negativo_repetido,min R$ -0.2 mi em 10/20 snapshots
bext,17503888,valor_negativo_repetido,min R$ -0.1 mi em 16/20 snapshots
bext,17503899,valor_negativo_repetido,min R$ -0.1 mi em 7/20 snapshots
bext,17503908,valor_negativo_repetido,min R$ -0.1 mi em 8/20 snapshots
bext,17503911,valor_negativo_repetido,min R$ -0.1 mi em 6/20 snapshots
bext,17503951,valor_negativo_repetido,min R$ -0.1 mi em 10/20 snapshots
bext,17503960,valor_negativo_repetido,min R$ -0.1 mi em 10/20 snapshots
bext,17503962,valor_negativo_repetido,min R$ -0.1 mi em 9/20 snapshots
bext,17503993,valor_negativo_repetido,min R$ -0.1 mi em 14/20 snapshots
bext,17503994,valor_negativo_repetido,min R$ -0.2 mi em 9/20 snapshots
bext,17504026,valor_negativo_repetido,min R$ -0.2 mi em 9/20 snapshots
bext,17504031,valor_negativo_repetido,min R$ -0.1 mi em 9/20 snapshots
bext,17504052,valor_negativo_repetido,min R$ -0.1 mi em 11/20 snapshots
bext,17504056,valor_negativo_repetido,min R$ -0.1 mi em 10/20 snapshots
bext,17504060,valor_negativo_repetido,min R$ -0.2 mi em 9/20 snapshots
bext,17504068,valor_negativo_repetido,min R$ -0.2 mi em 9/20 snapshots
bext,17504071,valor_negativo_repetido,min R$ -0.1 mi em 13/20 snapshots
bext,17504103,valor_negativo_repetido,min R$ -0.2 mi em 10/20 snapshots
bext,17504117,valor_negativo_repetido,min R$ -0.1 mi em 11/20 snapshots
bext,17504118,valor_negativo_repetido,min R$ -0.2 mi em 11/20 snapshots
bext,17729567,valor_por_uh_extremo,R$/UH ate R$ 7.3 mi (1 UH; mediana familia R$ 28 k)
bext,177703531,valor_por_uh_extremo,R$/UH ate R$ 6.7 mi (1 UH; mediana familia R$ 28 k)
bext,178005206,valor_negativo_repetido,min R$ -0.1 mi em 10/20 snapshots
bext,178005225,valor_negativo_repetido,min R$ -0.1 mi em 6/20 snapshots
bext,178005250,valor_negativo_repetido,min R$ -0.1 mi em 8/20 snapshots
bext,178005386,valor_negativo_repetido,min R$ -0.1 mi em 13/20 snapshots
bext,178005393,valor_negativo_repetido,min R$ -0.1 mi em 9/20 snapshots
bext,178005411,valor_negativo_repetido,min R$ -0.1 mi em 9/20 snapshots
bext,178005684,valor_negativo_repetido,min R$ -0.1 mi em 11/20 snapshots
bext,178007272,valor_por_uh_extremo,R$/UH ate R$ 10.4 mi (1 UH; mediana familia R$ 28 k)
bext,178007275,valor_por_uh_extremo,R$/UH ate R$ 12.1 mi (1 UH; mediana familia R$ 28 k)
bext,17913044,valor_por_uh_extremo,R$/UH ate R$ 10.2 mi (1 UH; mediana familia R$ 28 k)
bext,179307062,valor_por_uh_extremo,R$/UH ate R$ 12.1 mi (1 UH; mediana familia R$ 28 k)
bext,18015947,valor_por_uh_extremo,R$/UH ate R$ 10.9 mi (1 UH; mediana familia R$ 28 k)
bext,180208761,valor_negativo_repetido,min R$ -0.1 mi em 13/20 snapshots
bext,180208762,valor_negativo_repetido,min R$ -0.1 mi em 9/20 snapshots
bext,180208763,valor_negativo_repetido,min R$ -0.1 mi em 12/20 snapshots
bext,180208768,valor_negativo_repetido,min R$ -0.1 mi em 8/20 snapshots
bext,180208769,valor_negativo_repetido,min R$ -0.1 mi em 13/20 snapshots
bext,180208770,valor_negativo_repetido,min R$ -0.1 mi em 9/20 snapshots
bext,180208771,valor_negativo_repetido,min R$ -0.1 mi em 15/20 snapshots
bext,180208773,valor_negativo_repetido,min R$ -0.1 mi em 8/20 snapshots
bext,180208774,valor_negativo_repetido,min R$ -0.1 mi em 9/20 snapshots
bext,180208775,valor_negativo_repetido,min R$ -0.1 mi em 11/20 snapshots
bext,180208776,valor_negativo_repetido,min R$ -0.1 mi em 10/20 snapshots
bext,180208777,valor_negativo_repetido,min R$ -0.1 mi em 12/20 snapshots
bext,180208778,valor_negativo_repetido,min R$ -0.1 mi em 11/20 snapshots
bext,180208779,valor_negativo_repetido,min R$ -0.1 mi em 11/20 snapshots
bext,180208780,valor_negativo_repetido,min R$ -0.1 mi em 10/20 snapshots
bext,180208781,valor_negativo_repetido,min R$ -0.1 mi em 10/20 snapshots
bext,180208783,valor_negativo_repetido,min R$ -0.1 mi em 12/20 snapshots
bext,180208784,valor_negativo_repetido,min R$ -0.1 mi em 12/20 snapshots
bext,180208785,valor_negativo_repetido,min R$ -0.1 mi em 9/20 snapshots
bext,180208786,valor_negativo_repetido,min R$ -0.1 mi em 12/20 snapshots
bext,180208790,valor_negativo_repetido,min R$ -0.1 mi em 11/20 snapshots
bext,180208797,valor_negativo_repetido,min R$ -0.1 mi em 5/20 snapshots
bext,180208798,valor_negativo_repetido,min R$ -0.1 mi em 7/20 snapshots
bext,180208801,valor_negativo_repetido,min R$ -0.1 mi em 10/20 snapshots
bext,180208802,valor_negativo_repetido,min R$ -0.1 mi em 8/20 snapshots
bext,180208804,valor_negativo_repetido,min R$ -0.1 mi em 12/20 snapshots
bext,180208805,valor_negativo_repetido,min R$ -0.1 mi em 11/20 snapshots
bext,180208806,valor_negativo_repetido,min R$ -0.1 mi em 8/20 snapshots
bext,180208808,valor_negativo_repetido,min R$ -0.1 mi em 11/20 snapshots
bext,180208809,valor_negativo_repetido,min R$ -0.1 mi em 8/20 snapshots
bext,180208810,valor_negativo_repetido,min R$ -0.1 mi em 9/20 snapshots
bext,180208812,valor_negativo_repetido,min R$ -0.1 mi em 15/20 snapshots
bext,180208814,valor_negativo_repetido,min R$ -0.1 mi em 9/20 snapshots
bext,180208815,valor_negativo_repetido,min R$ -0.1 mi em 14/20 snapshots
bext,180208816,valor_negativo_repetido,min R$ -0.1 mi em 13/20 snapshots
bext,180208817,valor_negativo_repetido,min R$ -0.1 mi em 16/20 snapshots
bext,180208819,valor_negativo_repetido,min R$ -0.1 mi em 10/20 snapshots
bext,180208820,valor_negativo_repetido,min R$ -0.1 mi em 13/20 snapshots
bext,180208821,valor_negativo_repetido,min R$ -0.1 mi em 10/20 snapshots
bext,180208823,valor_negativo_repetido,min R$ -0.1 mi em 12/20 snapshots
bext,180208825,valor_negativo_repetido,min R$ -0.1 mi em 9/20 snapshots
bext,180208826,valor_negativo_repetido,min R$ -0.1 mi em 9/20 snapshots
bext,180208827,valor_negativo_repetido,min R$ -0.1 mi em 9/20 snapshots
bext,180208828,valor_negativo_repetido,min R$ -0.1 mi em 11/20 snapshots
bext,180208829,valor_negativo_repetido,min R$ -0.1 mi em 10/20 snapshots
bext,180208832,valor_negativo_repetido,min R$ -0.1 mi em 12/20 snapshots
bext,180208833,valor_negativo_repetido,min R$ -0.1 mi em 11/20 snapshots
bext,180208835,valor_negativo_repetido,min R$ -0.1 mi em 11/20 snapshots
bext,180208843,valor_negativo_repetido,min R$ -0.1 mi em 11/20 snapshots
bext,180208844,valor_negativo_repetido,min R$ -0.0 mi em 9/20 snapshots
bext,180208845,valor_negativo_repetido,min R$ -0.1 mi em 12/20 snapshots
bext,180208846,valor_negativo_repetido,min R$ -0.1 mi em 13/20 snapshots
bext,180208849,valor_negativo_repetido,min R$ -0.0 mi em 4/20 snapshots
bext,180208852,valor_negativo_repetido,min R$ -0.1 mi em 13/20 snapshots
bext,180208855,valor_negativo_repetido,min R$ -0.1 mi em 8/20 snapshots
bext,180208863,valor_negativo_repetido,min R$ -0.1 mi em 9/20 snapshots
bext,180208867,valor_negativo_repetido,min R$ -0.1 mi em 11/20 snapshots
bext,180208874,valor_negativo_repetido,min R$ -0.1 mi em 8/20 snapshots
bext,180208875,valor_negativo_repetido,min R$ -0.1 mi em 13/20 snapshots
bext,180208880,valor_negativo_repetido,min R$ -0.1 mi em 13/20 snapshots
bext,180208882,valor_negativo_repetido,min R$ -0.1 mi em 11/20 snapshots
bext,180208888,valor_negativo_repetido,min R$ -0.1 mi em 12/20 snapshots
bext,180208895,valor_negativo_repetido,min R$ -0.1 mi em 10/20 snapshots
bext,180208910,valor_negativo_repetido,min R$ -0.1 mi em 8/20 snapshots
bext,180208919,valor_negativo_repetido,min R$ -0.1 mi em 11/20 snapshots
bext,180208920,valor_negativo_repetido,min R$ -0.1 mi em 7/20 snapshots
bext,180208921,valor_negativo_repetido,min R$ -0.1 mi em 13/20 snapshots
bext,180208924,valor_negativo_repetido,min R$ -0.1 mi em 11/20 snapshots
bext,180208926,valor_negativo_repetido,min R$ -0.1 mi em 10/20 snapshots
bext,180208927,valor_negativo_repetido,min R$ -0.1 mi em 5/20 snapshots
bext,180208930,valor_negativo_repetido,min R$ -0.1 mi em 12/20 snapshots
bext,180208934,valor_negativo_repetido,min R$ -0.1 mi em 12/20 snapshots
bext,180208935,valor_negativo_repetido,min R$ -0.1 mi em 14/20 snapshots
bext,180208941,valor_negativo_repetido,min R$ -0.1 mi em 9/20 snapshots
bext,180208952,valor_negativo_repetido,min R$ -0.1 mi em 12/20 snapshots
bext,180208953,valor_negativo_repetido,min R$ -0.1 mi em 8/20 snapshots
bext,180208954,valor_negativo_repetido,min R$ -0.1 mi em 11/20 snapshots
bext,180208955,valor_negativo_repetido,min R$ -0.1 mi em 8/20 snapshots
bext,180208957,valor_negativo_repetido,min R$ -0.1 mi em 12/20 snapshots
bext,180208967,valor_negativo_repetido,min R$ -0.1 mi em 10/20 snapshots
bext,180208968,valor_negativo_repetido,min R$ -0.1 mi em 7/20 snapshots
bext,180208975,valor_negativo_repetido,min R$ -0.1 mi em 10/20 snapshots
bext,180208976,valor_negativo_repetido,min R$ -0.1 mi em 9/20 snapshots
bext,180208985,valor_negativo_repetido,min R$ -0.1 mi em 10/20 snapshots
bext,180208988,valor_negativo_repetido,min R$ -0.1 mi em 8/20 snapshots
bext,180208999,valor_negativo_repetido,min R$ -0.1 mi em 10/20 snapshots
bext,180209000,valor_negativo_repetido,min R$ -0.1 mi em 11/20 snapshots
bext,180209001,valor_negativo_repetido,min R$ -0.1 mi em 12/20 snapshots
bext,180209011,valor_negativo_repetido,min R$ -0.1 mi em 10/20 snapshots
bext,180209012,valor_negativo_repetido,min R$ -0.1 mi em 8/20 snapshots
bext,180209020,valor_negativo_repetido,min R$ -0.1 mi em 9/20 snapshots
bext,180209027,valor_negativo_repetido,min R$ -0.1 mi em 11/20 snapshots
bext,180209028,valor_negativo_repetido,min R$ -0.1 mi em 11/20 snapshots
bext,180209029,valor_negativo_repetido,min R$ -0.1 mi em 8/20 snapshots
bext,180209041,valor_negativo_repetido,min R$ -0.1 mi em 12/20 snapshots
bext,180209043,valor_negativo_repetido,min R$ -0.1 mi em 12/20 snapshots
bext,180209044,valor_negativo_repetido,min R$ -0.1 mi em 10/20 snapshots
bext,180209059,valor_negativo_repetido,min R$ -0.1 mi em 11/20 snapshots
bext,180209060,valor_negativo_repetido,min R$ -0.1 mi em 10/20 snapshots
bext,180209080,valor_negativo_repetido,min R$ -0.1 mi em 9/20 snapshots
bext,180209082,valor_negativo_repetido,min R$ -0.1 mi em 5/20 snapshots
bext,180209084,valor_negativo_repetido,min R$ -0.1 mi em 12/20 snapshots
bext,180209085,valor_negativo_repetido,min R$ -0.1 mi em 13/20 snapshots
bext,180209086,valor_negativo_repetido,min R$ -0.1 mi em 13/20 snapshots
bext,180209093,valor_negativo_repetido,min R$ -0.1 mi em 12/20 snapshots
bext,180209096,valor_negativo_repetido,min R$ -0.1 mi em 12/20 snapshots
bext,180209126,valor_negativo_repetido,min R$ -0.1 mi em 10/20 snapshots
bext,180209134,valor_negativo_repetido,min R$ -0.1 mi em 12/20 snapshots
bext,180209155,valor_negativo_repetido,min R$ -0.1 mi em 12/20 snapshots
bext,180209156,valor_negativo_repetido,min R$ -0.1 mi em 14/20 snapshots
bext,180209159,valor_negativo_repetido,min R$ -0.1 mi em 13/20 snapshots
bext,180209164,valor_negativo_repetido,min R$ -0.1 mi em 10/20 snapshots
bext,180209166,valor_negativo_repetido,min R$ -0.1 mi em 8/20 snapshots
bext,180209167,valor_negativo_repetido,min R$ -0.1 mi em 13/20 snapshots
bext,180209170,valor_negativo_repetido,min R$ -0.1 mi em 7/20 snapshots
bext,180209175,valor_negativo_repetido,min R$ -0.1 mi em 12/20 snapshots
bext,180209176,valor_negativo_repetido,min R$ -0.1 mi em 13/20 snapshots
bext,180209180,valor_negativo_repetido,min R$ -0.1 mi em 10/20 snapshots
bext,180209183,valor_negativo_repetido,min R$ -0.1 mi em 10/20 snapshots
bext,180209188,valor_negativo_repetido,min R$ -0.1 mi em 12/20 snapshots
bext,180209193,valor_negativo_repetido,min R$ -0.1 mi em 9/20 snapshots
bext,180209205,valor_negativo_repetido,min R$ -0.1 mi em 10/20 snapshots
bext,180209209,valor_negativo_repetido,min R$ -0.1 mi em 15/20 snapshots
bext,180209240,valor_negativo_repetido,min R$ -0.1 mi em 8/20 snapshots
bext,180209247,valor_negativo_repetido,min R$ -0.1 mi em 11/20 snapshots
bext,180209273,valor_negativo_repetido,min R$ -0.1 mi em 11/20 snapshots
bext,180209277,valor_negativo_repetido,min R$ -0.1 mi em 10/20 snapshots
bext,180209278,valor_negativo_repetido,min R$ -0.1 mi em 10/20 snapshots
bext,180209298,valor_negativo_repetido,min R$ -0.1 mi em 13/20 snapshots
bext,180209301,valor_negativo_repetido,min R$ -0.1 mi em 9/20 snapshots
bext,180209303,valor_negativo_repetido,min R$ -0.1 mi em 10/20 snapshots
bext,180209308,valor_negativo_repetido,min R$ -0.1 mi em 9/20 snapshots
bext,180209709,valor_negativo_repetido,min R$ -0.1 mi em 14/20 snapshots
bext,180702358,valor_por_uh_extremo,R$/UH ate R$ 6.5 mi (1 UH; mediana familia R$ 28 k)
bext,181004310,valor_por_uh_extremo,R$/UH ate R$ 16.0 mi (1 UH; mediana familia R$ 28 k)
bext,182003318,valor_negativo_repetido,min R$ -0.1 mi em 6/20 snapshots
bext,182109854,valor_por_uh_extremo,R$/UH ate R$ 14.8 mi (1 UH; mediana familia R$ 28 k)
bext,182303913,valor_negativo_repetido,min R$ -0.1 mi em 11/20 snapshots
bext,182303974,valor_negativo_repetido,min R$ -0.1 mi em 11/20 snapshots
bext,182303988,valor_negativo_repetido,min R$ -0.1 mi em 12/20 snapshots
bext,182303990,valor_negativo_repetido,min R$ -0.1 mi em 10/20 snapshots
bext,182303991,valor_negativo_repetido,min R$ -0.1 mi em 12/20 snapshots
bext,182304006,valor_negativo_repetido,min R$ -0.1 mi em 10/20 snapshots
bext,182304096,valor_negativo_repetido,min R$ -0.1 mi em 9/20 snapshots
bext,183007346,valor_por_uh_extremo,R$/UH ate R$ 17.5 mi (1 UH; mediana familia R$ 28 k)
bext,183007355,valor_por_uh_extremo,R$/UH ate R$ 18.0 mi (1 UH; mediana familia R$ 28 k)
bext,183203780,valor_negativo_repetido,min R$ -0.1 mi em 14/20 snapshots
bext,184111609,valor_por_uh_extremo,R$/UH ate R$ 12.7 mi (1 UH; mediana familia R$ 28 k)
bext,184111610,valor_por_uh_extremo,R$/UH ate R$ 13.1 mi (1 UH; mediana familia R$ 28 k)
bext,184111614,valor_por_uh_extremo,R$/UH ate R$ 12.4 mi (1 UH; mediana familia R$ 28 k)
bext,184511022,valor_por_uh_extremo,R$/UH ate R$ 8.9 mi (1 UH; mediana familia R$ 28 k)
bext,184511024,valor_por_uh_extremo,R$/UH ate R$ 10.0 mi (1 UH; mediana familia R$ 28 k)
bext,186704058,valor_por_uh_extremo,R$/UH ate R$ 14.4 mi (1 UH; mediana familia R$ 28 k)
bext,186704063,valor_por_uh_extremo,R$/UH ate R$ 13.9 mi (1 UH; mediana familia R$ 28 k)
bext,186704072,valor_por_uh_extremo,R$/UH ate R$ 14.4 mi (1 UH; mediana familia R$ 28 k)
bext,187206039,valor_por_uh_extremo,R$/UH ate R$ 8.7 mi (1 UH; mediana familia R$ 28 k)
bext,187206052,valor_por_uh_extremo,R$/UH ate R$ 7.8 mi (1 UH; mediana familia R$ 28 k)
bext,187206055,valor_por_uh_extremo,R$/UH ate R$ 6.9 mi (1 UH; mediana familia R$ 28 k)
bext,187206079,valor_por_uh_extremo,R$/UH ate R$ 8.8 mi (1 UH; mediana familia R$ 28 k)
bext,187206101,valor_por_uh_extremo,R$/UH ate R$ 8.4 mi (1 UH; mediana familia R$ 28 k)
bext,187310572,valor_por_uh_extremo,R$/UH ate R$ 13.0 mi (1 UH; mediana familia R$ 28 k)
bext,18818333,valor_por_uh_extremo,R$/UH ate R$ 8.0 mi (1 UH; mediana familia R$ 28 k)
bext,188605875,valor_por_uh_extremo,R$/UH ate R$ 15.2 mi (1 UH; mediana familia R$ 28 k)
bext,188605879,valor_por_uh_extremo,R$/UH ate R$ 10.5 mi (1 UH; mediana familia R$ 28 k)
bext,19020851,valor_por_uh_extremo,R$/UH ate R$ 12.3 mi (1 UH; mediana familia R$ 28 k)
bext,19024087212,valor_negativo_repetido,min R$ -0.0 mi em 7/20 snapshots
bext,19025241096,valor_negativo_repetido,min R$ -0.0 mi em 13/20 snapshots
bext,193400145,valor_por_uh_extremo,R$/UH ate R$ 15.8 mi (1 UH; mediana familia R$ 28 k)
bext,19415439,valor_por_uh_extremo,R$/UH ate R$ 15.3 mi (1 UH; mediana familia R$ 28 k)
bext,19415440,valor_por_uh_extremo,R$/UH ate R$ 13.5 mi (1 UH; mediana familia R$ 28 k)
bext,19415455,valor_por_uh_extremo,R$/UH ate R$ 8.4 mi (1 UH; mediana familia R$ 28 k)
bext,19415456,valor_por_uh_extremo,R$/UH ate R$ 12.3 mi (1 UH; mediana familia R$ 28 k)
bext,196400048,valor_por_uh_extremo,R$/UH ate R$ 12.7 mi (1 UH; mediana familia R$ 28 k)
bext,19911153,valor_por_uh_extremo,R$/UH ate R$ 12.7 mi (1 UH; mediana familia R$ 28 k)
bext,20054331700,valor_por_uh_extremo,R$/UH ate R$ 25.0 mi (1 UH; mediana familia R$ 28 k)
bext,20064467753,valor_negativo_repetido,min R$ -0.0 mi em 7/20 snapshots
bext,20075302440,valor_negativo_repetido,min R$ -0.0 mi em 10/20 snapshots
bext,201002761,valor_por_uh_extremo,R$/UH ate R$ 8.2 mi (1 UH; mediana familia R$ 28 k)
bext,20101721077,valor_por_uh_extremo,R$/UH ate R$ 25.0 mi (1 UH; mediana familia R$ 28 k)
bext,20106886252,valor_por_uh_extremo,R$/UH ate R$ 25.0 mi (1 UH; mediana familia R$ 28 k)
bext,20113630349,valor_negativo_repetido,min R$ -0.0 mi em 9/20 snapshots
bext,20187092367,valor_por_uh_extremo,R$/UH ate R$ 25.0 mi (1 UH; mediana familia R$ 28 k)
bext,20198464287,valor_por_uh_extremo,R$/UH ate R$ 25.0 mi (1 UH; mediana familia R$ 28 k)
bext,202302050,valor_por_uh_extremo,R$/UH ate R$ 7.3 mi (1 UH; mediana familia R$ 28 k)
bext,203102115,valor_por_uh_extremo,R$/UH ate R$ 9.0 mi (1 UH; mediana familia R$ 28 k)
bext,203508712,valor_por_uh_extremo,R$/UH ate R$ 11.6 mi (1 UH; mediana familia R$ 28 k)
bext,20368505515,valor_negativo_repetido,min R$ -0.0 mi em 8/20 snapshots
bext,203707106,valor_por_uh_extremo,R$/UH ate R$ 8.6 mi (1 UH; mediana familia R$ 28 k)
bext,20379433812,valor_negativo_repetido,min R$ -0.0 mi em 8/20 snapshots
bext,20413668,valor_por_uh_extremo,R$/UH ate R$ 10.7 mi (1 UH; mediana familia R$ 28 k)
bext,20499326312,valor_negativo_repetido,min R$ -0.0 mi em 8/20 snapshots
bext,20617605550,valor_por_uh_extremo,R$/UH ate R$ 25.0 mi (1 UH; mediana familia R$ 28 k)
bext,20629674005,valor_por_uh_extremo,R$/UH ate R$ 25.0 mi (1 UH; mediana familia R$ 28 k)
bext,20659863752,valor_negativo_repetido,min R$ -0.0 mi em 8/20 snapshots
bext,20807031,valor_negativo_repetido,min R$ -0.1 mi em 10/20 snapshots
bext,20807045,valor_negativo_repetido,min R$ -0.1 mi em 12/20 snapshots
bext,20807090,valor_negativo_repetido,min R$ -0.1 mi em 10/20 snapshots
bext,20807116,valor_negativo_repetido,min R$ -0.1 mi em 8/20 snapshots
bext,20807125,valor_negativo_repetido,min R$ -0.1 mi em 10/20 snapshots
bext,20807157,valor_negativo_repetido,min R$ -0.1 mi em 9/20 snapshots
bext,20807161,valor_negativo_repetido,min R$ -0.1 mi em 8/20 snapshots
bext,20807169,valor_negativo_repetido,min R$ -0.1 mi em 9/20 snapshots
bext,20807210,valor_negativo_repetido,min R$ -0.1 mi em 10/20 snapshots
bext,20807235,valor_negativo_repetido,min R$ -0.1 mi em 8/20 snapshots
bext,20807251,valor_negativo_repetido,min R$ -0.1 mi em 9/20 snapshots
bext,20807344,valor_negativo_repetido,min R$ -0.1 mi em 7/20 snapshots
bext,20810746,valor_por_uh_extremo,R$/UH ate R$ 10.0 mi (1 UH; mediana familia R$ 28 k)
bext,20810769,valor_por_uh_extremo,R$/UH ate R$ 10.3 mi (1 UH; mediana familia R$ 28 k)
bext,20810770,valor_por_uh_extremo,R$/UH ate R$ 9.6 mi (1 UH; mediana familia R$ 28 k)
bext,20810774,valor_por_uh_extremo,R$/UH ate R$ 11.1 mi (1 UH; mediana familia R$ 28 k)
bext,20810779,valor_por_uh_extremo,R$/UH ate R$ 8.2 mi (1 UH; mediana familia R$ 28 k)
bext,20810784,valor_por_uh_extremo,R$/UH ate R$ 10.9 mi (1 UH; mediana familia R$ 28 k)
bext,20810786,valor_por_uh_extremo,R$/UH ate R$ 11.4 mi (1 UH; mediana familia R$ 28 k)
bext,20810787,valor_por_uh_extremo,R$/UH ate R$ 9.7 mi (1 UH; mediana familia R$ 28 k)
bext,20810799,valor_por_uh_extremo,R$/UH ate R$ 13.8 mi (1 UH; mediana familia R$ 28 k)
bext,20810808,valor_por_uh_extremo,R$/UH ate R$ 11.9 mi (1 UH; mediana familia R$ 28 k)
bext,20810810,valor_por_uh_extremo,R$/UH ate R$ 11.1 mi (1 UH; mediana familia R$ 28 k)
bext,20810812,valor_por_uh_extremo,R$/UH ate R$ 10.8 mi (1 UH; mediana familia R$ 28 k)
bext,20810819,valor_por_uh_extremo,R$/UH ate R$ 14.3 mi (1 UH; mediana familia R$ 28 k)
bext,20945158623,valor_negativo_repetido,min R$ -0.0 mi em 10/20 snapshots
bext,20966510598,valor_negativo_repetido,min R$ -0.0 mi em 10/20 snapshots
bext,20976950396,valor_negativo_repetido,min R$ -0.0 mi em 5/20 snapshots
bext,20994746800,valor_negativo_repetido,min R$ -0.0 mi em 9/20 snapshots
bext,21010668,valor_por_uh_extremo,R$/UH ate R$ 13.9 mi (1 UH; mediana familia R$ 28 k)
bext,21010674,valor_por_uh_extremo,R$/UH ate R$ 11.0 mi (1 UH; mediana familia R$ 28 k)
bext,21010681,valor_por_uh_extremo,R$/UH ate R$ 12.8 mi (1 UH; mediana familia R$ 28 k)
bext,21010686,valor_por_uh_extremo,R$/UH ate R$ 12.5 mi (1 UH; mediana familia R$ 28 k)
bext,21010688,valor_por_uh_extremo,R$/UH ate R$ 10.4 mi (1 UH; mediana familia R$ 28 k)
bext,21020336457,valor_negativo_repetido,min R$ -0.0 mi em 12/20 snapshots
bext,21030928004,valor_por_uh_extremo,R$/UH ate R$ 25.0 mi (1 UH; mediana familia R$ 28 k)
bext,21041245949,valor_negativo_repetido,min R$ -0.0 mi em 9/20 snapshots
bext,21041773643,valor_negativo_repetido,min R$ -0.0 mi em 13/20 snapshots
bext,210904863,valor_por_uh_extremo,R$/UH ate R$ 7.7 mi (1 UH; mediana familia R$ 28 k)
bext,210904864,valor_por_uh_extremo,R$/UH ate R$ 8.6 mi (1 UH; mediana familia R$ 28 k)
bext,211008094,valor_por_uh_extremo,R$/UH ate R$ 12.5 mi (1 UH; mediana familia R$ 28 k)
bext,211401520,valor_por_uh_extremo,R$/UH ate R$ 8.7 mi (1 UH; mediana familia R$ 28 k)
bext,211505861,valor_por_uh_extremo,R$/UH ate R$ 13.6 mi (1 UH; mediana familia R$ 28 k)
bext,212102935,valor_por_uh_extremo,R$/UH ate R$ 11.6 mi (1 UH; mediana familia R$ 28 k)
bext,21212020,valor_por_uh_extremo,R$/UH ate R$ 12.9 mi (1 UH; mediana familia R$ 28 k)
bext,21212026,valor_por_uh_extremo,R$/UH ate R$ 8.1 mi (1 UH; mediana familia R$ 28 k)
bext,21212032,valor_por_uh_extremo,R$/UH ate R$ 12.5 mi (1 UH; mediana familia R$ 28 k)
bext,21212034,valor_por_uh_extremo,R$/UH ate R$ 12.8 mi (1 UH; mediana familia R$ 28 k)
bext,21212036,valor_por_uh_extremo,R$/UH ate R$ 9.2 mi (1 UH; mediana familia R$ 28 k)
bext,21229377877,valor_por_uh_extremo,R$/UH ate R$ 25.0 mi (1 UH; mediana familia R$ 28 k)
bext,213605697,valor_por_uh_extremo,R$/UH ate R$ 8.5 mi (1 UH; mediana familia R$ 28 k)
bext,213716250,valor_por_uh_extremo,R$/UH ate R$ 8.0 mi (1 UH; mediana familia R$ 28 k)
bext,21412621,valor_por_uh_extremo,R$/UH ate R$ 9.4 mi (1 UH; mediana familia R$ 28 k)
bext,214504873,valor_por_uh_extremo,R$/UH ate R$ 6.9 mi (1 UH; mediana familia R$ 28 k)
bext,214504879,valor_por_uh_extremo,R$/UH ate R$ 7.2 mi (1 UH; mediana familia R$ 28 k)
bext,215906607,valor_negativo_repetido,min R$ -0.1 mi em 12/20 snapshots
bext,215906609,valor_negativo_repetido,min R$ -0.1 mi em 9/20 snapshots
bext,215906625,valor_negativo_repetido,min R$ -0.1 mi em 7/20 snapshots
bext,219003222,valor_por_uh_extremo,R$/UH ate R$ 5.7 mi (1 UH; mediana familia R$ 28 k)
bext,220104085,valor_por_uh_extremo,R$/UH ate R$ 8.8 mi (1 UH; mediana familia R$ 28 k)
bext,22016046324,valor_negativo_repetido,min R$ -0.0 mi em 9/20 snapshots
bext,222208672,valor_negativo_repetido,min R$ -0.1 mi em 9/20 snapshots
bext,222208673,valor_negativo_repetido,min R$ -0.1 mi em 10/20 snapshots
bext,222208676,valor_negativo_repetido,min R$ -0.1 mi em 10/20 snapshots
bext,222208682,valor_negativo_repetido,min R$ -0.1 mi em 12/20 snapshots
bext,222208688,valor_negativo_repetido,min R$ -0.1 mi em 10/20 snapshots
bext,222208689,valor_negativo_repetido,min R$ -0.1 mi em 10/20 snapshots
bext,222208693,valor_negativo_repetido,min R$ -0.1 mi em 10/20 snapshots
bext,222208699,valor_negativo_repetido,min R$ -0.1 mi em 13/20 snapshots
bext,222208703,valor_negativo_repetido,min R$ -0.1 mi em 8/20 snapshots
bext,222208704,valor_negativo_repetido,min R$ -0.1 mi em 12/20 snapshots
bext,222208709,valor_negativo_repetido,min R$ -0.1 mi em 11/20 snapshots
bext,222210760,valor_por_uh_extremo,R$/UH ate R$ 7.8 mi (1 UH; mediana familia R$ 28 k)
bext,222210762,valor_por_uh_extremo,R$/UH ate R$ 8.8 mi (1 UH; mediana familia R$ 28 k)
bext,222210778,valor_por_uh_extremo,R$/UH ate R$ 7.4 mi (1 UH; mediana familia R$ 28 k)
bext,222210779,valor_por_uh_extremo,R$/UH ate R$ 9.0 mi (1 UH; mediana familia R$ 28 k)
bext,222210785,valor_por_uh_extremo,R$/UH ate R$ 7.8 mi (1 UH; mediana familia R$ 28 k)
bext,222210786,valor_por_uh_extremo,R$/UH ate R$ 7.3 mi (1 UH; mediana familia R$ 28 k)
bext,222210790,valor_por_uh_extremo,R$/UH ate R$ 9.1 mi (1 UH; mediana familia R$ 28 k)
bext,222210791,valor_por_uh_extremo,R$/UH ate R$ 8.8 mi (1 UH; mediana familia R$ 28 k)
bext,222210794,valor_por_uh_extremo,R$/UH ate R$ 9.0 mi (1 UH; mediana familia R$ 28 k)
bext,224903327,valor_negativo_repetido,min R$ -0.1 mi em 10/20 snapshots
bext,225308024,valor_por_uh_extremo,R$/UH ate R$ 8.4 mi (1 UH; mediana familia R$ 28 k)
bext,225308025,valor_por_uh_extremo,R$/UH ate R$ 10.9 mi (1 UH; mediana familia R$ 28 k)
bext,225308029,valor_por_uh_extremo,R$/UH ate R$ 10.9 mi (1 UH; mediana familia R$ 28 k)
bext,225308031,valor_por_uh_extremo,R$/UH ate R$ 8.7 mi (1 UH; mediana familia R$ 28 k)
bext,225308036,valor_por_uh_extremo,R$/UH ate R$ 10.2 mi (1 UH; mediana familia R$ 28 k)
bext,225308037,valor_por_uh_extremo,R$/UH ate R$ 9.2 mi (1 UH; mediana familia R$ 28 k)
bext,225308044,valor_por_uh_extremo,R$/UH ate R$ 10.1 mi (1 UH; mediana familia R$ 28 k)
bext,225504790,valor_por_uh_extremo,R$/UH ate R$ 7.6 mi (1 UH; mediana familia R$ 28 k)
bext,225605561,valor_por_uh_extremo,R$/UH ate R$ 9.5 mi (1 UH; mediana familia R$ 28 k)
bext,226309876,valor_por_uh_extremo,R$/UH ate R$ 11.0 mi (1 UH; mediana familia R$ 28 k)
bext,226507828,valor_por_uh_extremo,R$/UH ate R$ 9.2 mi (1 UH; mediana familia R$ 28 k)
bext,227201157,valor_por_uh_extremo,R$/UH ate R$ 8.4 mi (1 UH; mediana familia R$ 28 k)
bext,227201158,valor_por_uh_extremo,R$/UH ate R$ 10.0 mi (1 UH; mediana familia R$ 28 k)
bext,227201160,valor_por_uh_extremo,R$/UH ate R$ 8.8 mi (1 UH; mediana familia R$ 28 k)
bext,227201164,valor_por_uh_extremo,R$/UH ate R$ 10.5 mi (1 UH; mediana familia R$ 28 k)
bext,227201166,valor_por_uh_extremo,R$/UH ate R$ 10.9 mi (1 UH; mediana familia R$ 28 k)
bext,22816416460,valor_negativo_repetido,min R$ -0.0 mi em 10/20 snapshots
bext,229005373,valor_por_uh_extremo,R$/UH ate R$ 8.0 mi (1 UH; mediana familia R$ 28 k)
bext,229005374,valor_por_uh_extremo,R$/UH ate R$ 16.2 mi (1 UH; mediana familia R$ 28 k)
bext,23008918,valor_por_uh_extremo,R$/UH ate R$ 11.1 mi (1 UH; mediana familia R$ 28 k)
bext,230703947,valor_negativo_repetido,min R$ -0.1 mi em 9/20 snapshots
bext,230703953,valor_negativo_repetido,min R$ -0.1 mi em 11/20 snapshots
bext,230703954,valor_negativo_repetido,min R$ -0.1 mi em 12/20 snapshots
bext,230703968,valor_negativo_repetido,min R$ -0.1 mi em 11/20 snapshots
bext,230703970,valor_negativo_repetido,min R$ -0.1 mi em 11/20 snapshots
bext,230704002,valor_negativo_repetido,min R$ -0.1 mi em 9/20 snapshots
bext,230704017,valor_negativo_repetido,min R$ -0.1 mi em 11/20 snapshots
bext,230704018,valor_negativo_repetido,min R$ -0.1 mi em 10/20 snapshots
bext,230704025,valor_negativo_repetido,min R$ -0.1 mi em 9/20 snapshots
bext,230704027,valor_negativo_repetido,min R$ -0.1 mi em 8/20 snapshots
bext,230704030,valor_negativo_repetido,min R$ -0.1 mi em 10/20 snapshots
bext,230704039,valor_negativo_repetido,min R$ -0.1 mi em 11/20 snapshots
bext,230704076,valor_negativo_repetido,min R$ -0.1 mi em 11/20 snapshots
bext,230704077,valor_negativo_repetido,min R$ -0.1 mi em 12/20 snapshots
bext,230704084,valor_negativo_repetido,min R$ -0.1 mi em 12/20 snapshots
bext,230704085,valor_negativo_repetido,min R$ -0.1 mi em 9/20 snapshots
bext,230704106,valor_negativo_repetido,min R$ -0.1 mi em 6/20 snapshots
bext,230704107,valor_negativo_repetido,min R$ -0.1 mi em 8/20 snapshots
bext,230704149,valor_negativo_repetido,min R$ -0.1 mi em 5/20 snapshots
bext,230704232,valor_negativo_repetido,min R$ -0.1 mi em 9/20 snapshots
bext,230705528,valor_por_uh_extremo,R$/UH ate R$ 15.2 mi (1 UH; mediana familia R$ 28 k)
bext,235404496,valor_por_uh_extremo,R$/UH ate R$ 11.0 mi (1 UH; mediana familia R$ 28 k)
bext,235404497,valor_por_uh_extremo,R$/UH ate R$ 10.6 mi (1 UH; mediana familia R$ 28 k)
bext,23614324636,valor_negativo_repetido,min R$ -0.0 mi em 14/20 snapshots
bext,237307061,valor_por_uh_extremo,R$/UH ate R$ 11.9 mi (1 UH; mediana familia R$ 28 k)
bext,239705825,valor_por_uh_extremo,R$/UH ate R$ 8.7 mi (1 UH; mediana familia R$ 28 k)
bext,240102990,valor_por_uh_extremo,R$/UH ate R$ 7.8 mi (1 UH; mediana familia R$ 28 k)
bext,240406137,valor_por_uh_extremo,R$/UH ate R$ 13.2 mi (1 UH; mediana familia R$ 28 k)
bext,24109821,valor_por_uh_extremo,R$/UH ate R$ 8.7 mi (1 UH; mediana familia R$ 28 k)
bext,24208304,valor_por_uh_extremo,R$/UH ate R$ 7.0 mi (1 UH; mediana familia R$ 28 k)
bext,242807592,valor_por_uh_extremo,R$/UH ate R$ 8.0 mi (1 UH; mediana familia R$ 28 k)
bext,242807594,valor_por_uh_extremo,R$/UH ate R$ 8.2 mi (1 UH; mediana familia R$ 28 k)
bext,243704608,valor_por_uh_extremo,R$/UH ate R$ 9.2 mi (1 UH; mediana familia R$ 28 k)
bext,244102905,valor_por_uh_extremo,R$/UH ate R$ 8.2 mi (1 UH; mediana familia R$ 28 k)
bext,245605759,valor_negativo_repetido,min R$ -0.1 mi em 10/20 snapshots
bext,246001135,valor_por_uh_extremo,R$/UH ate R$ 8.6 mi (1 UH; mediana familia R$ 28 k)
bext,24605780,valor_por_uh_extremo,R$/UH ate R$ 8.7 mi (1 UH; mediana familia R$ 28 k)
bext,24605792,valor_por_uh_extremo,R$/UH ate R$ 9.1 mi (1 UH; mediana familia R$ 28 k)
bext,24605801,valor_por_uh_extremo,R$/UH ate R$ 9.3 mi (1 UH; mediana familia R$ 28 k)
bext,24605810,valor_por_uh_extremo,R$/UH ate R$ 7.7 mi (1 UH; mediana familia R$ 28 k)
bext,24605811,valor_por_uh_extremo,R$/UH ate R$ 10.7 mi (1 UH; mediana familia R$ 28 k)
bext,24605812,valor_por_uh_extremo,R$/UH ate R$ 7.8 mi (1 UH; mediana familia R$ 28 k)
bext,246102711,valor_por_uh_extremo,R$/UH ate R$ 9.8 mi (1 UH; mediana familia R$ 28 k)
bext,246102712,valor_por_uh_extremo,R$/UH ate R$ 10.1 mi (1 UH; mediana familia R$ 28 k)
bext,246102713,valor_por_uh_extremo,R$/UH ate R$ 9.4 mi (1 UH; mediana familia R$ 28 k)
bext,246204245,valor_negativo_repetido,min R$ -0.1 mi em 9/20 snapshots
bext,247504244,valor_por_uh_extremo,R$/UH ate R$ 9.1 mi (1 UH; mediana familia R$ 28 k)
bext,24804764,valor_negativo_repetido,min R$ -0.1 mi em 11/20 snapshots
bext,24804771,valor_negativo_repetido,min R$ -0.1 mi em 11/20 snapshots
bext,24804773,valor_negativo_repetido,min R$ -0.1 mi em 8/20 snapshots
bext,24804782,valor_negativo_repetido,min R$ -0.1 mi em 12/20 snapshots
bext,24804793,valor_negativo_repetido,min R$ -0.1 mi em 9/20 snapshots
bext,24804797,valor_negativo_repetido,min R$ -0.1 mi em 12/20 snapshots
bext,24804898,valor_negativo_repetido,min R$ -0.1 mi em 11/20 snapshots
bext,24804899,valor_negativo_repetido,min R$ -0.1 mi em 9/20 snapshots
bext,24804948,valor_negativo_repetido,min R$ -0.1 mi em 6/20 snapshots
bext,24804955,valor_negativo_repetido,min R$ -0.1 mi em 9/20 snapshots
bext,24804963,valor_negativo_repetido,min R$ -0.1 mi em 10/20 snapshots
bext,24804964,valor_negativo_repetido,min R$ -0.1 mi em 9/20 snapshots
bext,24808179,valor_por_uh_extremo,R$/UH ate R$ 8.4 mi (1 UH; mediana familia R$ 28 k)
bext,248909767,valor_negativo_repetido,min R$ -0.1 mi em 11/20 snapshots
bext,248909854,valor_negativo_repetido,min R$ -0.1 mi em 9/20 snapshots
bext,248909855,valor_negativo_repetido,min R$ -0.1 mi em 8/20 snapshots
bext,248909858,valor_negativo_repetido,min R$ -0.1 mi em 9/20 snapshots
bext,248909865,valor_negativo_repetido,min R$ -0.1 mi em 9/20 snapshots
bext,248909873,valor_negativo_repetido,min R$ -0.1 mi em 11/20 snapshots
bext,248909935,valor_negativo_repetido,min R$ -0.1 mi em 13/20 snapshots
bext,248909948,valor_negativo_repetido,min R$ -0.1 mi em 8/20 snapshots
bext,250005304,valor_negativo_repetido,min R$ -0.1 mi em 11/20 snapshots
bext,250005318,valor_negativo_repetido,min R$ -0.1 mi em 14/20 snapshots
bext,250005320,valor_negativo_repetido,min R$ -0.1 mi em 9/20 snapshots
bext,250005321,valor_negativo_repetido,min R$ -0.1 mi em 10/20 snapshots
bext,250005326,valor_negativo_repetido,min R$ -0.1 mi em 10/20 snapshots
bext,250005330,valor_negativo_repetido,min R$ -0.1 mi em 11/20 snapshots
bext,250005331,valor_negativo_repetido,min R$ -0.1 mi em 8/20 snapshots
bext,250005332,valor_negativo_repetido,min R$ -0.1 mi em 11/20 snapshots
bext,250005347,valor_negativo_repetido,min R$ -0.1 mi em 10/20 snapshots
bext,250005353,valor_negativo_repetido,min R$ -0.1 mi em 9/20 snapshots
bext,250005355,valor_negativo_repetido,min R$ -0.1 mi em 12/20 snapshots
bext,250005356,valor_negativo_repetido,min R$ -0.1 mi em 11/20 snapshots
bext,250005365,valor_negativo_repetido,min R$ -0.1 mi em 10/20 snapshots
bext,250005421,valor_negativo_repetido,min R$ -0.1 mi em 11/20 snapshots
bext,250005502,valor_negativo_repetido,min R$ -0.1 mi em 11/20 snapshots
bext,250005504,valor_negativo_repetido,min R$ -0.1 mi em 12/20 snapshots
bext,250005507,valor_negativo_repetido,min R$ -0.1 mi em 13/20 snapshots
bext,250005516,valor_negativo_repetido,min R$ -0.1 mi em 12/20 snapshots
bext,250005524,valor_negativo_repetido,min R$ -0.1 mi em 11/20 snapshots
bext,250005536,valor_negativo_repetido,min R$ -0.1 mi em 12/20 snapshots
bext,250005544,valor_negativo_repetido,min R$ -0.1 mi em 6/20 snapshots
bext,250005545,valor_negativo_repetido,min R$ -0.1 mi em 7/20 snapshots
bext,250005548,valor_negativo_repetido,min R$ -0.1 mi em 15/20 snapshots
bext,250005558,valor_negativo_repetido,min R$ -0.1 mi em 10/20 snapshots
bext,250005566,valor_negativo_repetido,min R$ -0.1 mi em 11/20 snapshots
bext,250802522,valor_por_uh_extremo,R$/UH ate R$ 11.2 mi (1 UH; mediana familia R$ 28 k)
bext,251412010,valor_por_uh_extremo,R$/UH ate R$ 8.8 mi (1 UH; mediana familia R$ 28 k)
bext,251710117,valor_por_uh_extremo,R$/UH ate R$ 8.7 mi (1 UH; mediana familia R$ 28 k)
bext,252001239,valor_por_uh_extremo,R$/UH ate R$ 12.7 mi (1 UH; mediana familia R$ 28 k)
bext,252001240,valor_por_uh_extremo,R$/UH ate R$ 12.4 mi (1 UH; mediana familia R$ 28 k)
bext,252101822,valor_por_uh_extremo,R$/UH ate R$ 7.9 mi (1 UH; mediana familia R$ 28 k)
bext,25211184,valor_por_uh_extremo,R$/UH ate R$ 7.7 mi (1 UH; mediana familia R$ 28 k)
bext,252602723,valor_por_uh_extremo,R$/UH ate R$ 11.0 mi (1 UH; mediana familia R$ 28 k)
bext,25306938,valor_por_uh_extremo,R$/UH ate R$ 10.8 mi (1 UH; mediana familia R$ 28 k)
bext,25306972,valor_por_uh_extremo,R$/UH ate R$ 11.0 mi (1 UH; mediana familia R$ 28 k)
bext,25306974,valor_por_uh_extremo,R$/UH ate R$ 9.7 mi (1 UH; mediana familia R$ 28 k)
bext,253205524,valor_por_uh_extremo,R$/UH ate R$ 13.3 mi (1 UH; mediana familia R$ 28 k)
bext,254203075,valor_por_uh_extremo,R$/UH ate R$ 11.1 mi (1 UH; mediana familia R$ 28 k)
bext,254203079,valor_por_uh_extremo,R$/UH ate R$ 10.1 mi (1 UH; mediana familia R$ 28 k)
bext,254203081,valor_por_uh_extremo,R$/UH ate R$ 9.6 mi (1 UH; mediana familia R$ 28 k)
bext,254203091,valor_por_uh_extremo,R$/UH ate R$ 10.7 mi (1 UH; mediana familia R$ 28 k)
bext,25507519,valor_por_uh_extremo,R$/UH ate R$ 8.0 mi (1 UH; mediana familia R$ 28 k)
bext,25507520,valor_por_uh_extremo,R$/UH ate R$ 8.0 mi (1 UH; mediana familia R$ 28 k)
bext,257305543,valor_por_uh_extremo,R$/UH ate R$ 6.5 mi (1 UH; mediana familia R$ 28 k)
bext,25908208,valor_negativo_repetido,min R$ -0.1 mi em 9/20 snapshots
bext,25908209,valor_negativo_repetido,min R$ -0.1 mi em 13/20 snapshots
bext,25908215,valor_negativo_repetido,min R$ -0.1 mi em 8/20 snapshots
bext,25908218,valor_negativo_repetido,min R$ -0.1 mi em 13/20 snapshots
bext,25908233,valor_negativo_repetido,min R$ -0.1 mi em 10/20 snapshots
bext,25908507,valor_negativo_repetido,min R$ -0.1 mi em 13/20 snapshots
bext,25908529,valor_negativo_repetido,min R$ -0.1 mi em 11/20 snapshots
bext,25908565,valor_negativo_repetido,min R$ -0.1 mi em 14/20 snapshots
bext,259305389,valor_por_uh_extremo,R$/UH ate R$ 9.2 mi (1 UH; mediana familia R$ 28 k)
bext,259305392,valor_por_uh_extremo,R$/UH ate R$ 8.9 mi (1 UH; mediana familia R$ 28 k)
bext,259305393,valor_por_uh_extremo,R$/UH ate R$ 9.2 mi (1 UH; mediana familia R$ 28 k)
bext,259305405,valor_por_uh_extremo,R$/UH ate R$ 8.7 mi (1 UH; mediana familia R$ 28 k)
bext,260701798,valor_por_uh_extremo,R$/UH ate R$ 9.0 mi (1 UH; mediana familia R$ 28 k)
bext,260701803,valor_por_uh_extremo,R$/UH ate R$ 9.0 mi (1 UH; mediana familia R$ 28 k)
bext,261409640,valor_por_uh_extremo,R$/UH ate R$ 7.2 mi (1 UH; mediana familia R$ 28 k)
bext,261902709,valor_por_uh_extremo,R$/UH ate R$ 6.2 mi (1 UH; mediana familia R$ 28 k)
bext,26218204,valor_por_uh_extremo,R$/UH ate R$ 14.2 mi (1 UH; mediana familia R$ 28 k)
bext,26218206,valor_por_uh_extremo,R$/UH ate R$ 11.9 mi (1 UH; mediana familia R$ 28 k)
bext,26218207,valor_por_uh_extremo,R$/UH ate R$ 11.8 mi (1 UH; mediana familia R$ 28 k)
bext,26218220,valor_por_uh_extremo,R$/UH ate R$ 10.7 mi (1 UH; mediana familia R$ 28 k)
bext,262908238,valor_por_uh_extremo,R$/UH ate R$ 12.5 mi (1 UH; mediana familia R$ 28 k)
bext,26410091,valor_negativo_repetido,min R$ -0.1 mi em 9/20 snapshots
bext,264402706,valor_por_uh_extremo,R$/UH ate R$ 8.8 mi (1 UH; mediana familia R$ 28 k)
bext,264402707,valor_por_uh_extremo,R$/UH ate R$ 10.4 mi (1 UH; mediana familia R$ 28 k)
bext,264402708,valor_por_uh_extremo,R$/UH ate R$ 10.4 mi (1 UH; mediana familia R$ 28 k)
bext,264402709,valor_por_uh_extremo,R$/UH ate R$ 8.8 mi (1 UH; mediana familia R$ 28 k)
bext,264402715,valor_por_uh_extremo,R$/UH ate R$ 9.3 mi (1 UH; mediana familia R$ 28 k)
bext,264900607,valor_por_uh_extremo,R$/UH ate R$ 10.9 mi (1 UH; mediana familia R$ 28 k)
bext,266205171,valor_por_uh_extremo,R$/UH ate R$ 9.3 mi (1 UH; mediana familia R$ 28 k)
bext,266506649,valor_negativo_repetido,min R$ -0.1 mi em 8/20 snapshots
bext,266506650,valor_negativo_repetido,min R$ -0.1 mi em 12/20 snapshots
bext,266506654,valor_negativo_repetido,min R$ -0.1 mi em 10/20 snapshots
bext,266506662,valor_negativo_repetido,min R$ -0.1 mi em 10/20 snapshots
bext,266506681,valor_negativo_repetido,min R$ -0.1 mi em 8/20 snapshots
bext,266506691,valor_negativo_repetido,min R$ -0.1 mi em 17/20 snapshots
bext,266506697,valor_negativo_repetido,min R$ -0.1 mi em 7/20 snapshots
bext,266506702,valor_negativo_repetido,min R$ -0.1 mi em 10/20 snapshots
bext,266506704,valor_negativo_repetido,min R$ -0.1 mi em 11/20 snapshots
bext,266506705,valor_negativo_repetido,min R$ -0.1 mi em 16/20 snapshots
bext,266506709,valor_negativo_repetido,min R$ -0.1 mi em 7/20 snapshots
bext,266506731,valor_negativo_repetido,min R$ -0.1 mi em 11/20 snapshots
bext,266506811,valor_negativo_repetido,min R$ -0.1 mi em 12/20 snapshots
bext,266506936,valor_negativo_repetido,min R$ -0.1 mi em 7/20 snapshots
bext,266506945,valor_negativo_repetido,min R$ -0.1 mi em 8/20 snapshots
bext,266507027,valor_negativo_repetido,min R$ -0.1 mi em 11/20 snapshots
bext,26704208,valor_por_uh_extremo,R$/UH ate R$ 8.5 mi (1 UH; mediana familia R$ 28 k)
bext,267206423,valor_por_uh_extremo,R$/UH ate R$ 15.2 mi (1 UH; mediana familia R$ 28 k)
bext,26813614,valor_por_uh_extremo,R$/UH ate R$ 13.0 mi (1 UH; mediana familia R$ 28 k)
bext,26813616,valor_por_uh_extremo,R$/UH ate R$ 11.9 mi (1 UH; mediana familia R$ 28 k)
bext,26813619,valor_por_uh_extremo,R$/UH ate R$ 11.2 mi (1 UH; mediana familia R$ 28 k)
bext,26813627,valor_por_uh_extremo,R$/UH ate R$ 11.4 mi (1 UH; mediana familia R$ 28 k)
bext,26813636,valor_por_uh_extremo,R$/UH ate R$ 5.7 mi (1 UH; mediana familia R$ 28 k)
bext,269401302,valor_negativo_repetido,min R$ -0.1 mi em 10/20 snapshots
bext,269401303,valor_negativo_repetido,min R$ -0.1 mi em 11/20 snapshots
bext,269401304,valor_negativo_repetido,min R$ -0.1 mi em 11/20 snapshots
bext,269401305,valor_negativo_repetido,min R$ -0.1 mi em 12/20 snapshots
bext,269401306,valor_negativo_repetido,min R$ -0.1 mi em 11/20 snapshots
bext,269401310,valor_negativo_repetido,min R$ -0.1 mi em 9/20 snapshots
bext,269401311,valor_negativo_repetido,min R$ -0.1 mi em 15/20 snapshots
bext,269401312,valor_negativo_repetido,min R$ -0.1 mi em 8/20 snapshots
bext,269401313,valor_negativo_repetido,min R$ -0.1 mi em 12/20 snapshots
bext,269401315,valor_negativo_repetido,min R$ -0.1 mi em 9/20 snapshots
bext,269401316,valor_negativo_repetido,min R$ -0.1 mi em 10/20 snapshots
bext,269401319,valor_negativo_repetido,min R$ -0.1 mi em 11/20 snapshots
bext,269401321,valor_negativo_repetido,min R$ -0.1 mi em 10/20 snapshots
bext,269401322,valor_negativo_repetido,min R$ -0.1 mi em 10/20 snapshots
bext,269401323,valor_negativo_repetido,min R$ -0.1 mi em 12/20 snapshots
bext,269401324,valor_negativo_repetido,min R$ -0.1 mi em 9/20 snapshots
bext,269401327,valor_negativo_repetido,min R$ -0.1 mi em 11/20 snapshots
bext,269401331,valor_negativo_repetido,min R$ -0.1 mi em 13/20 snapshots
bext,2694194,valor_por_uh_extremo,R$/UH ate R$ 18.8 mi (128 UH; mediana familia R$ 28 k)
bext,269504245,valor_negativo_repetido,min R$ -0.1 mi em 13/20 snapshots
bext,269504261,valor_negativo_repetido,min R$ -0.1 mi em 8/20 snapshots
bext,269504262,valor_negativo_repetido,min R$ -0.1 mi em 10/20 snapshots
bext,269504291,valor_negativo_repetido,min R$ -0.1 mi em 11/20 snapshots
bext,269601845,valor_por_uh_extremo,R$/UH ate R$ 11.3 mi (1 UH; mediana familia R$ 28 k)
bext,269601846,valor_por_uh_extremo,R$/UH ate R$ 11.5 mi (1 UH; mediana familia R$ 28 k)
bext,27011941,valor_por_uh_extremo,R$/UH ate R$ 11.3 mi (1 UH; mediana familia R$ 28 k)
bext,272304440,valor_por_uh_extremo,R$/UH ate R$ 10.6 mi (1 UH; mediana familia R$ 28 k)
bext,272304444,valor_por_uh_extremo,R$/UH ate R$ 11.1 mi (1 UH; mediana familia R$ 28 k)
bext,272304461,valor_por_uh_extremo,R$/UH ate R$ 12.2 mi (1 UH; mediana familia R$ 28 k)
bext,272304471,valor_por_uh_extremo,R$/UH ate R$ 11.3 mi (1 UH; mediana familia R$ 28 k)
bext,272404154,valor_negativo_repetido,min R$ -0.2 mi em 13/20 snapshots
bext,272404156,valor_negativo_repetido,min R$ -0.1 mi em 8/20 snapshots
bext,272404168,valor_negativo_repetido,min R$ -0.1 mi em 15/20 snapshots
bext,272404170,valor_negativo_repetido,min R$ -0.1 mi em 11/20 snapshots
bext,272404176,valor_negativo_repetido,min R$ -0.2 mi em 11/20 snapshots
bext,272404199,valor_negativo_repetido,min R$ -0.2 mi em 7/20 snapshots
bext,272404205,valor_negativo_repetido,min R$ -0.1 mi em 12/20 snapshots
bext,272404228,valor_negativo_repetido,min R$ -0.1 mi em 10/20 snapshots
bext,272404241,valor_negativo_repetido,min R$ -0.2 mi em 9/20 snapshots
bext,272404242,valor_negativo_repetido,min R$ -0.1 mi em 6/20 snapshots
bext,272404245,valor_negativo_repetido,min R$ -0.1 mi em 9/20 snapshots
bext,272404246,valor_negativo_repetido,min R$ -0.1 mi em 8/20 snapshots
bext,272404247,valor_negativo_repetido,min R$ -0.1 mi em 11/20 snapshots
bext,272404259,valor_negativo_repetido,min R$ -0.1 mi em 7/20 snapshots
bext,272404297,valor_negativo_repetido,min R$ -0.1 mi em 4/20 snapshots
bext,272404346,valor_negativo_repetido,min R$ -0.1 mi em 8/20 snapshots
bext,272404368,valor_negativo_repetido,min R$ -0.1 mi em 9/20 snapshots
bext,272404390,valor_negativo_repetido,min R$ -0.1 mi em 13/20 snapshots
bext,272404403,valor_negativo_repetido,min R$ -0.1 mi em 8/20 snapshots
bext,272404408,valor_negativo_repetido,min R$ -0.1 mi em 8/20 snapshots
bext,272404441,valor_negativo_repetido,min R$ -0.1 mi em 11/20 snapshots
bext,272404458,valor_negativo_repetido,min R$ -0.1 mi em 10/20 snapshots
bext,272404479,valor_negativo_repetido,min R$ -0.1 mi em 7/20 snapshots
bext,272404496,valor_negativo_repetido,min R$ -0.1 mi em 7/20 snapshots
bext,272404497,valor_negativo_repetido,min R$ -0.1 mi em 10/20 snapshots
bext,272404580,valor_negativo_repetido,min R$ -0.1 mi em 13/20 snapshots
bext,272404597,valor_negativo_repetido,min R$ -0.1 mi em 13/20 snapshots
bext,272404651,valor_negativo_repetido,min R$ -0.1 mi em 9/20 snapshots
bext,272407691,valor_por_uh_extremo,R$/UH ate R$ 11.5 mi (1 UH; mediana familia R$ 28 k)
bext,272606005,valor_por_uh_extremo,R$/UH ate R$ 11.1 mi (1 UH; mediana familia R$ 28 k)
bext,272606047,valor_por_uh_extremo,R$/UH ate R$ 11.5 mi (1 UH; mediana familia R$ 28 k)
bext,272606051,valor_por_uh_extremo,R$/UH ate R$ 7.4 mi (1 UH; mediana familia R$ 28 k)
bext,27307038,valor_por_uh_extremo,R$/UH ate R$ 11.8 mi (1 UH; mediana familia R$ 28 k)
bext,273805736,valor_por_uh_extremo,R$/UH ate R$ 12.3 mi (1 UH; mediana familia R$ 28 k)
bext,274602971,valor_por_uh_extremo,R$/UH ate R$ 11.7 mi (1 UH; mediana familia R$ 28 k)
bext,274602975,valor_por_uh_extremo,R$/UH ate R$ 10.9 mi (1 UH; mediana familia R$ 28 k)
bext,275002709,valor_por_uh_extremo,R$/UH ate R$ 7.4 mi (1 UH; mediana familia R$ 28 k)
bext,27617314,valor_por_uh_extremo,R$/UH ate R$ 10.8 mi (1 UH; mediana familia R$ 28 k)
bext,276817680,valor_por_uh_extremo,R$/UH ate R$ 9.4 mi (1 UH; mediana familia R$ 28 k)
bext,276817685,valor_por_uh_extremo,R$/UH ate R$ 9.3 mi (1 UH; mediana familia R$ 28 k)
bext,276817687,valor_por_uh_extremo,R$/UH ate R$ 8.9 mi (1 UH; mediana familia R$ 28 k)
bext,277633459,valor_por_uh_extremo,R$/UH ate R$ 10.9 mi (1 UH; mediana familia R$ 28 k)
bext,277633461,valor_por_uh_extremo,R$/UH ate R$ 8.4 mi (1 UH; mediana familia R$ 28 k)
bext,277633462,valor_por_uh_extremo,R$/UH ate R$ 10.2 mi (1 UH; mediana familia R$ 28 k)
bext,277633464,valor_por_uh_extremo,R$/UH ate R$ 11.3 mi (1 UH; mediana familia R$ 28 k)
bext,279109168,valor_por_uh_extremo,R$/UH ate R$ 9.3 mi (1 UH; mediana familia R$ 28 k)
bext,279303514,valor_por_uh_extremo,R$/UH ate R$ 10.2 mi (1 UH; mediana familia R$ 28 k)
bext,279303521,valor_por_uh_extremo,R$/UH ate R$ 10.3 mi (1 UH; mediana familia R$ 28 k)
bext,28002575,valor_por_uh_extremo,R$/UH ate R$ 4.8 mi (1 UH; mediana familia R$ 28 k)
bext,280304860,valor_negativo_repetido,min R$ -0.1 mi em 8/20 snapshots
bext,281306660,valor_por_uh_extremo,R$/UH ate R$ 13.9 mi (1 UH; mediana familia R$ 28 k)
bext,281807320,valor_por_uh_extremo,R$/UH ate R$ 10.7 mi (1 UH; mediana familia R$ 28 k)
bext,282206281,valor_por_uh_extremo,R$/UH ate R$ 11.2 mi (1 UH; mediana familia R$ 28 k)
bext,28309968,valor_por_uh_extremo,R$/UH ate R$ 8.3 mi (1 UH; mediana familia R$ 28 k)
bext,28309973,valor_por_uh_extremo,R$/UH ate R$ 9.3 mi (1 UH; mediana familia R$ 28 k)
bext,283604746,valor_negativo_repetido,min R$ -0.1 mi em 12/20 snapshots
bext,283604755,valor_negativo_repetido,min R$ -0.1 mi em 11/20 snapshots
bext,283604762,valor_negativo_repetido,min R$ -0.1 mi em 7/20 snapshots
bext,283604763,valor_negativo_repetido,min R$ -0.1 mi em 10/20 snapshots
bext,283604764,valor_negativo_repetido,min R$ -0.1 mi em 11/20 snapshots
bext,283604769,valor_negativo_repetido,min R$ -0.1 mi em 12/20 snapshots
bext,283604786,valor_negativo_repetido,min R$ -0.1 mi em 11/20 snapshots
bext,283604788,valor_negativo_repetido,min R$ -0.1 mi em 9/20 snapshots
bext,283604802,valor_negativo_repetido,min R$ -0.1 mi em 8/20 snapshots
bext,283604803,valor_negativo_repetido,min R$ -0.1 mi em 11/20 snapshots
bext,283604880,valor_negativo_repetido,min R$ -0.1 mi em 10/20 snapshots
bext,283604888,valor_negativo_repetido,min R$ -0.0 mi em 9/20 snapshots
bext,283604892,valor_negativo_repetido,min R$ -0.1 mi em 8/20 snapshots
bext,283604905,valor_negativo_repetido,min R$ -0.1 mi em 7/20 snapshots
bext,283604923,valor_negativo_repetido,min R$ -0.1 mi em 12/20 snapshots
bext,283604924,valor_negativo_repetido,min R$ -0.1 mi em 7/20 snapshots
bext,283604928,valor_negativo_repetido,min R$ -0.1 mi em 12/20 snapshots
bext,283604947,valor_negativo_repetido,min R$ -0.1 mi em 10/20 snapshots
bext,283604989,valor_negativo_repetido,min R$ -0.1 mi em 10/20 snapshots
bext,283604999,valor_negativo_repetido,min R$ -0.1 mi em 12/20 snapshots
bext,284412073,valor_por_uh_extremo,R$/UH ate R$ 8.8 mi (1 UH; mediana familia R$ 28 k)
bext,284412074,valor_por_uh_extremo,R$/UH ate R$ 7.0 mi (1 UH; mediana familia R$ 28 k)
bext,284412080,valor_por_uh_extremo,R$/UH ate R$ 7.1 mi (1 UH; mediana familia R$ 28 k)
bext,284412103,valor_por_uh_extremo,R$/UH ate R$ 8.2 mi (1 UH; mediana familia R$ 28 k)
bext,284903931,valor_por_uh_extremo,R$/UH ate R$ 10.7 mi (1 UH; mediana familia R$ 28 k)
bext,285006551,valor_por_uh_extremo,R$/UH ate R$ 10.4 mi (1 UH; mediana familia R$ 28 k)
bext,285206571,valor_por_uh_extremo,R$/UH ate R$ 12.8 mi (1 UH; mediana familia R$ 28 k)
bext,285206575,valor_por_uh_extremo,R$/UH ate R$ 12.6 mi (1 UH; mediana familia R$ 28 k)
bext,285206588,valor_por_uh_extremo,R$/UH ate R$ 10.0 mi (1 UH; mediana familia R$ 28 k)
bext,285206601,valor_por_uh_extremo,R$/UH ate R$ 8.4 mi (1 UH; mediana familia R$ 28 k)
bext,285206623,valor_por_uh_extremo,R$/UH ate R$ 10.6 mi (1 UH; mediana familia R$ 28 k)
bext,28616219,valor_por_uh_extremo,R$/UH ate R$ 9.1 mi (1 UH; mediana familia R$ 28 k)
bext,28616228,valor_por_uh_extremo,R$/UH ate R$ 12.5 mi (1 UH; mediana familia R$ 28 k)
bext,286411545,valor_por_uh_extremo,R$/UH ate R$ 13.4 mi (1 UH; mediana familia R$ 28 k)
bext,287113039,valor_negativo_repetido,min R$ -0.1 mi em 11/20 snapshots
bext,287113075,valor_negativo_repetido,min R$ -0.1 mi em 10/20 snapshots
bext,287113080,valor_negativo_repetido,min R$ -0.1 mi em 9/20 snapshots
bext,287113099,valor_negativo_repetido,min R$ -0.1 mi em 10/20 snapshots
bext,287113183,valor_negativo_repetido,min R$ -0.1 mi em 10/20 snapshots
bext,287113201,valor_negativo_repetido,min R$ -0.1 mi em 7/20 snapshots
bext,287113217,valor_negativo_repetido,min R$ -0.1 mi em 9/20 snapshots
bext,287113416,valor_negativo_repetido,min R$ -0.1 mi em 9/20 snapshots
bext,287113641,valor_negativo_repetido,min R$ -0.1 mi em 12/20 snapshots
bext,287117945,valor_por_uh_extremo,R$/UH ate R$ 10.3 mi (1 UH; mediana familia R$ 28 k)
bext,287402257,valor_por_uh_extremo,R$/UH ate R$ 8.5 mi (1 UH; mediana familia R$ 28 k)
bext,287504114,valor_negativo_repetido,min R$ -0.1 mi em 9/20 snapshots
bext,287504141,valor_negativo_repetido,min R$ -0.1 mi em 15/20 snapshots
bext,287504240,valor_negativo_repetido,min R$ -0.1 mi em 13/20 snapshots
bext,287504271,valor_negativo_repetido,min R$ -0.1 mi em 7/20 snapshots
bext,287504298,valor_negativo_repetido,min R$ -0.1 mi em 11/20 snapshots
bext,287504312,valor_negativo_repetido,min R$ -0.1 mi em 12/20 snapshots
bext,287504313,valor_negativo_repetido,min R$ -0.1 mi em 12/20 snapshots
bext,287504324,valor_negativo_repetido,min R$ -0.1 mi em 9/20 snapshots
bext,287504348,valor_negativo_repetido,min R$ -0.1 mi em 9/20 snapshots
bext,287504374,valor_negativo_repetido,min R$ -0.1 mi em 11/20 snapshots
bext,287504412,valor_negativo_repetido,min R$ -0.1 mi em 14/20 snapshots
bext,287705650,valor_negativo_repetido,min R$ -0.1 mi em 9/20 snapshots
bext,287705677,valor_negativo_repetido,min R$ -0.1 mi em 10/20 snapshots
bext,289207354,valor_por_uh_extremo,R$/UH ate R$ 10.4 mi (1 UH; mediana familia R$ 28 k)
bext,289505506,valor_negativo_repetido,min R$ -0.1 mi em 12/20 snapshots
bext,289509840,valor_por_uh_extremo,R$/UH ate R$ 7.0 mi (1 UH; mediana familia R$ 28 k)
bext,289704055,valor_negativo_repetido,min R$ -0.1 mi em 11/20 snapshots
bext,289704069,valor_negativo_repetido,min R$ -0.1 mi em 9/20 snapshots
bext,289704074,valor_negativo_repetido,min R$ -0.1 mi em 12/20 snapshots
bext,289704312,valor_negativo_repetido,min R$ -0.1 mi em 14/20 snapshots
bext,289704322,valor_negativo_repetido,min R$ -0.1 mi em 10/20 snapshots
bext,289704357,valor_negativo_repetido,min R$ -0.1 mi em 5/20 snapshots
bext,289704485,valor_negativo_repetido,min R$ -0.1 mi em 8/20 snapshots
bext,290301145,valor_por_uh_extremo,R$/UH ate R$ 11.3 mi (1 UH; mediana familia R$ 28 k)
bext,290301155,valor_por_uh_extremo,R$/UH ate R$ 11.1 mi (1 UH; mediana familia R$ 28 k)
bext,290301159,valor_por_uh_extremo,R$/UH ate R$ 10.0 mi (1 UH; mediana familia R$ 28 k)
bext,290301161,valor_por_uh_extremo,R$/UH ate R$ 11.0 mi (1 UH; mediana familia R$ 28 k)
bext,2914597,valor_por_uh_extremo,R$/UH ate R$ 6.4 mi (1 UH; mediana familia R$ 28 k)
bext,2914604,valor_por_uh_extremo,R$/UH ate R$ 6.4 mi (1 UH; mediana familia R$ 28 k)
bext,291607358,valor_por_uh_extremo,R$/UH ate R$ 11.5 mi (1 UH; mediana familia R$ 28 k)
bext,291808665,valor_negativo_repetido,min R$ -0.1 mi em 11/20 snapshots
bext,291808696,valor_negativo_repetido,min R$ -0.1 mi em 9/20 snapshots
bext,291808702,valor_negativo_repetido,min R$ -0.1 mi em 13/20 snapshots
bext,291808716,valor_negativo_repetido,min R$ -0.1 mi em 12/20 snapshots
bext,291808730,valor_negativo_repetido,min R$ -0.1 mi em 7/20 snapshots
bext,291808731,valor_negativo_repetido,min R$ -0.1 mi em 11/20 snapshots
bext,291808732,valor_negativo_repetido,min R$ -0.1 mi em 11/20 snapshots
bext,291808743,valor_negativo_repetido,min R$ -0.1 mi em 8/20 snapshots
bext,291808758,valor_negativo_repetido,min R$ -0.1 mi em 10/20 snapshots
bext,291808759,valor_negativo_repetido,min R$ -0.1 mi em 12/20 snapshots
bext,291808848,valor_negativo_repetido,min R$ -0.1 mi em 12/20 snapshots
bext,291808892,valor_negativo_repetido,min R$ -0.1 mi em 8/20 snapshots
bext,291808898,valor_negativo_repetido,min R$ -0.1 mi em 10/20 snapshots
bext,291808963,valor_negativo_repetido,min R$ -0.1 mi em 12/20 snapshots
bext,291811661,valor_por_uh_extremo,R$/UH ate R$ 13.1 mi (1 UH; mediana familia R$ 28 k)
bext,292313300,valor_por_uh_extremo,R$/UH ate R$ 12.8 mi (1 UH; mediana familia R$ 28 k)
bext,292313303,valor_por_uh_extremo,R$/UH ate R$ 14.6 mi (1 UH; mediana familia R$ 28 k)
bext,292604895,valor_por_uh_extremo,R$/UH ate R$ 13.4 mi (1 UH; mediana familia R$ 28 k)
bext,293611133,valor_negativo_repetido,min R$ -0.1 mi em 9/20 snapshots
bext,293611198,valor_negativo_repetido,min R$ -0.1 mi em 12/20 snapshots
bext,293611199,valor_negativo_repetido,min R$ -0.1 mi em 9/20 snapshots
bext,293611201,valor_negativo_repetido,min R$ -0.1 mi em 14/20 snapshots
bext,293611202,valor_negativo_repetido,min R$ -0.1 mi em 12/20 snapshots
bext,293611203,valor_negativo_repetido,min R$ -0.1 mi em 11/20 snapshots
bext,293611232,valor_negativo_repetido,min R$ -0.1 mi em 9/20 snapshots
bext,293611233,valor_negativo_repetido,min R$ -0.1 mi em 11/20 snapshots
bext,293611235,valor_negativo_repetido,min R$ -0.1 mi em 8/20 snapshots
bext,293611236,valor_negativo_repetido,min R$ -0.1 mi em 12/20 snapshots
bext,293611261,valor_negativo_repetido,min R$ -0.1 mi em 6/20 snapshots
bext,293611265,valor_negativo_repetido,min R$ -0.1 mi em 12/20 snapshots
bext,293611266,valor_negativo_repetido,min R$ -0.1 mi em 7/20 snapshots
bext,293611272,valor_negativo_repetido,min R$ -0.1 mi em 7/20 snapshots
bext,293611333,valor_negativo_repetido,min R$ -0.1 mi em 6/20 snapshots
bext,293611340,valor_negativo_repetido,min R$ -0.1 mi em 9/20 snapshots
bext,293611352,valor_negativo_repetido,min R$ -0.1 mi em 9/20 snapshots
bext,293611382,valor_negativo_repetido,min R$ -0.1 mi em 9/20 snapshots
bext,293611515,valor_negativo_repetido,min R$ -0.1 mi em 12/20 snapshots
bext,293611516,valor_negativo_repetido,min R$ -0.1 mi em 10/20 snapshots
bext,293611796,valor_negativo_repetido,min R$ -0.1 mi em 14/20 snapshots
bext,293611988,valor_negativo_repetido,min R$ -0.1 mi em 10/20 snapshots
bext,293612007,valor_negativo_repetido,min R$ -0.1 mi em 9/20 snapshots
bext,295406928,valor_por_uh_extremo,R$/UH ate R$ 11.4 mi (1 UH; mediana familia R$ 28 k)
bext,297207318,valor_por_uh_extremo,R$/UH ate R$ 9.8 mi (1 UH; mediana familia R$ 28 k)
bext,297207320,valor_por_uh_extremo,R$/UH ate R$ 9.8 mi (1 UH; mediana familia R$ 28 k)
bext,297207321,valor_por_uh_extremo,R$/UH ate R$ 9.6 mi (1 UH; mediana familia R$ 28 k)
bext,297207324,valor_por_uh_extremo,R$/UH ate R$ 10.7 mi (1 UH; mediana familia R$ 28 k)
bext,297207328,valor_por_uh_extremo,R$/UH ate R$ 9.1 mi (1 UH; mediana familia R$ 28 k)
bext,297312296,valor_por_uh_extremo,R$/UH ate R$ 12.8 mi (1 UH; mediana familia R$ 28 k)
bext,298007660,valor_por_uh_extremo,R$/UH ate R$ 13.4 mi (1 UH; mediana familia R$ 28 k)
bext,29807288,valor_negativo_repetido,min R$ -0.1 mi em 11/20 snapshots
bext,29807291,valor_negativo_repetido,min R$ -0.1 mi em 9/20 snapshots
bext,29807293,valor_negativo_repetido,min R$ -0.1 mi em 7/20 snapshots
bext,29807344,valor_negativo_repetido,min R$ -0.1 mi em 12/20 snapshots
bext,29807368,valor_negativo_repetido,min R$ -0.1 mi em 7/20 snapshots
bext,29807370,valor_negativo_repetido,min R$ -0.1 mi em 9/20 snapshots
bext,29807393,valor_negativo_repetido,min R$ -0.1 mi em 12/20 snapshots
bext,29807451,valor_negativo_repetido,min R$ -0.1 mi em 10/20 snapshots
bext,29807508,valor_negativo_repetido,min R$ -0.1 mi em 13/20 snapshots
bext,29807848,valor_negativo_repetido,min R$ -0.0 mi em 11/20 snapshots
bext,29807959,valor_negativo_repetido,min R$ -0.0 mi em 10/20 snapshots
bext,29809867,valor_por_uh_extremo,R$/UH ate R$ 14.4 mi (1 UH; mediana familia R$ 28 k)
bext,299710587,valor_por_uh_extremo,R$/UH ate R$ 10.8 mi (1 UH; mediana familia R$ 28 k)
bext,299710597,valor_por_uh_extremo,R$/UH ate R$ 10.8 mi (1 UH; mediana familia R$ 28 k)
bext,299710600,valor_por_uh_extremo,R$/UH ate R$ 10.1 mi (1 UH; mediana familia R$ 28 k)
bext,299710614,valor_por_uh_extremo,R$/UH ate R$ 11.0 mi (1 UH; mediana familia R$ 28 k)
bext,300305829,valor_negativo_repetido,min R$ -0.1 mi em 10/20 snapshots
bext,300305865,valor_negativo_repetido,min R$ -0.1 mi em 9/20 snapshots
bext,300305999,valor_negativo_repetido,min R$ -0.1 mi em 11/20 snapshots
bext,300306081,valor_negativo_repetido,min R$ -0.1 mi em 15/20 snapshots
bext,300306118,valor_negativo_repetido,min R$ -0.1 mi em 9/20 snapshots
bext,300308963,valor_por_uh_extremo,R$/UH ate R$ 10.0 mi (1 UH; mediana familia R$ 28 k)
bext,300308973,valor_por_uh_extremo,R$/UH ate R$ 12.4 mi (1 UH; mediana familia R$ 28 k)
bext,300407091,valor_negativo_repetido,min R$ -0.1 mi em 9/20 snapshots
bext,300407220,valor_negativo_repetido,min R$ -0.1 mi em 11/20 snapshots
bext,300407228,valor_negativo_repetido,min R$ -0.1 mi em 10/20 snapshots
bext,300407262,valor_negativo_repetido,min R$ -0.1 mi em 11/20 snapshots
bext,300407281,valor_negativo_repetido,min R$ -0.1 mi em 9/20 snapshots
bext,300407303,valor_negativo_repetido,min R$ -0.1 mi em 14/20 snapshots
bext,300407306,valor_negativo_repetido,min R$ -0.1 mi em 12/20 snapshots
bext,300407309,valor_negativo_repetido,min R$ -0.1 mi em 11/20 snapshots
bext,300407318,valor_negativo_repetido,min R$ -0.1 mi em 7/20 snapshots
bext,300407321,valor_negativo_repetido,min R$ -0.1 mi em 14/20 snapshots
bext,300509247,valor_por_uh_extremo,R$/UH ate R$ 13.2 mi (1 UH; mediana familia R$ 28 k)
bext,300509249,valor_por_uh_extremo,R$/UH ate R$ 11.6 mi (1 UH; mediana familia R$ 28 k)
bext,300706512,valor_negativo_repetido,min R$ -0.1 mi em 11/20 snapshots
bext,301205819,valor_por_uh_extremo,R$/UH ate R$ 13.4 mi (1 UH; mediana familia R$ 28 k)
bext,302006773,valor_por_uh_extremo,R$/UH ate R$ 14.4 mi (1 UH; mediana familia R$ 28 k)
bext,3020224,valor_por_uh_extremo,R$/UH ate R$ 11.4 mi (1 UH; mediana familia R$ 28 k)
bext,3020228,valor_por_uh_extremo,R$/UH ate R$ 11.8 mi (1 UH; mediana familia R$ 28 k)
bext,3020231,valor_por_uh_extremo,R$/UH ate R$ 10.4 mi (1 UH; mediana familia R$ 28 k)
bext,3020241,valor_por_uh_extremo,R$/UH ate R$ 10.3 mi (1 UH; mediana familia R$ 28 k)
bext,3020245,valor_por_uh_extremo,R$/UH ate R$ 11.8 mi (1 UH; mediana familia R$ 28 k)
bext,3020246,valor_por_uh_extremo,R$/UH ate R$ 12.2 mi (1 UH; mediana familia R$ 28 k)
bext,3020251,valor_por_uh_extremo,R$/UH ate R$ 13.8 mi (1 UH; mediana familia R$ 28 k)
bext,3020252,valor_por_uh_extremo,R$/UH ate R$ 10.0 mi (1 UH; mediana familia R$ 28 k)
bext,3020254,valor_por_uh_extremo,R$/UH ate R$ 11.4 mi (1 UH; mediana familia R$ 28 k)
bext,302408187,valor_por_uh_extremo,R$/UH ate R$ 10.3 mi (1 UH; mediana familia R$ 28 k)
bext,302408188,valor_por_uh_extremo,R$/UH ate R$ 11.0 mi (1 UH; mediana familia R$ 28 k)
bext,303606622,valor_por_uh_extremo,R$/UH ate R$ 9.5 mi (1 UH; mediana familia R$ 28 k)
bext,303606623,valor_por_uh_extremo,R$/UH ate R$ 9.6 mi (1 UH; mediana familia R$ 28 k)
bext,303606630,valor_por_uh_extremo,R$/UH ate R$ 9.4 mi (1 UH; mediana familia R$ 28 k)
bext,303606636,valor_por_uh_extremo,R$/UH ate R$ 9.0 mi (1 UH; mediana familia R$ 28 k)
bext,303606651,valor_por_uh_extremo,R$/UH ate R$ 8.3 mi (1 UH; mediana familia R$ 28 k)
bext,304805228,valor_por_uh_extremo,R$/UH ate R$ 8.5 mi (1 UH; mediana familia R$ 28 k)
bext,304805239,valor_por_uh_extremo,R$/UH ate R$ 10.9 mi (1 UH; mediana familia R$ 28 k)
bext,30513110,valor_por_uh_extremo,R$/UH ate R$ 12.0 mi (1 UH; mediana familia R$ 28 k)
bext,30513116,valor_por_uh_extremo,R$/UH ate R$ 13.1 mi (1 UH; mediana familia R$ 28 k)
bext,306909644,valor_por_uh_extremo,R$/UH ate R$ 12.7 mi (1 UH; mediana familia R$ 28 k)
bext,308506610,valor_negativo_repetido,min R$ -0.1 mi em 11/20 snapshots
bext,308506611,valor_negativo_repetido,min R$ -0.1 mi em 9/20 snapshots
bext,310402443,valor_negativo_repetido,min R$ -0.1 mi em 11/20 snapshots
bext,310402451,valor_negativo_repetido,min R$ -0.1 mi em 7/20 snapshots
bext,310402454,valor_negativo_repetido,min R$ -0.1 mi em 10/20 snapshots
bext,310402455,valor_negativo_repetido,min R$ -0.1 mi em 13/20 snapshots
bext,310402456,valor_negativo_repetido,min R$ -0.1 mi em 10/20 snapshots
bext,310402465,valor_negativo_repetido,min R$ -0.1 mi em 13/20 snapshots
bext,310402468,valor_negativo_repetido,min R$ -0.1 mi em 7/20 snapshots
bext,310402476,valor_negativo_repetido,min R$ -0.1 mi em 7/20 snapshots
bext,310402480,valor_negativo_repetido,min R$ -0.1 mi em 10/20 snapshots
bext,310402492,valor_negativo_repetido,min R$ -0.1 mi em 12/20 snapshots
bext,310402535,valor_negativo_repetido,min R$ -0.1 mi em 10/20 snapshots
bext,310805931,valor_por_uh_extremo,R$/UH ate R$ 13.5 mi (1 UH; mediana familia R$ 28 k)
bext,312102984,valor_negativo_repetido,min R$ -0.1 mi em 9/20 snapshots
bext,312102987,valor_negativo_repetido,min R$ -0.1 mi em 8/20 snapshots
bext,312102990,valor_negativo_repetido,min R$ -0.1 mi em 10/20 snapshots
bext,312102991,valor_negativo_repetido,min R$ -0.1 mi em 14/20 snapshots
bext,312102992,valor_negativo_repetido,min R$ -0.1 mi em 7/20 snapshots
bext,312102993,valor_negativo_repetido,min R$ -0.1 mi em 10/20 snapshots
bext,312102999,valor_negativo_repetido,min R$ -0.1 mi em 8/20 snapshots
bext,312103000,valor_negativo_repetido,min R$ -0.1 mi em 11/20 snapshots
bext,312103001,valor_negativo_repetido,min R$ -0.1 mi em 9/20 snapshots
bext,312103004,valor_negativo_repetido,min R$ -0.1 mi em 5/20 snapshots
bext,312103012,valor_negativo_repetido,min R$ -0.1 mi em 13/20 snapshots
bext,312103018,valor_negativo_repetido,min R$ -0.1 mi em 12/20 snapshots
bext,312103051,valor_negativo_repetido,min R$ -0.1 mi em 10/20 snapshots
bext,312103072,valor_negativo_repetido,min R$ -0.1 mi em 11/20 snapshots
bext,312103073,valor_negativo_repetido,min R$ -0.1 mi em 12/20 snapshots
bext,312103082,valor_negativo_repetido,min R$ -0.1 mi em 11/20 snapshots
bext,312103316,valor_negativo_repetido,min R$ -0.1 mi em 11/20 snapshots
bext,312103319,valor_negativo_repetido,min R$ -0.1 mi em 8/20 snapshots
bext,312103320,valor_negativo_repetido,min R$ -0.1 mi em 8/20 snapshots
bext,312103321,valor_negativo_repetido,min R$ -0.1 mi em 11/20 snapshots
bext,312103322,valor_negativo_repetido,min R$ -0.1 mi em 11/20 snapshots
bext,31317676,valor_por_uh_extremo,R$/UH ate R$ 10.8 mi (1 UH; mediana familia R$ 28 k)
bext,31317677,valor_por_uh_extremo,R$/UH ate R$ 12.0 mi (1 UH; mediana familia R$ 28 k)
bext,31317713,valor_por_uh_extremo,R$/UH ate R$ 11.8 mi (1 UH; mediana familia R$ 28 k)
bext,31317730,valor_por_uh_extremo,R$/UH ate R$ 10.5 mi (1 UH; mediana familia R$ 28 k)
bext,31317769,valor_por_uh_extremo,R$/UH ate R$ 10.8 mi (1 UH; mediana familia R$ 28 k)
bext,314009308,valor_negativo_repetido,min R$ -0.1 mi em 9/20 snapshots
bext,314009309,valor_negativo_repetido,min R$ -0.1 mi em 9/20 snapshots
bext,314009430,valor_negativo_repetido,min R$ -0.1 mi em 11/20 snapshots
bext,314009565,valor_negativo_repetido,min R$ -0.1 mi em 10/20 snapshots
bext,314009672,valor_negativo_repetido,min R$ -0.1 mi em 9/20 snapshots
bext,314009714,valor_negativo_repetido,min R$ -0.1 mi em 10/20 snapshots
bext,314208201,valor_por_uh_extremo,R$/UH ate R$ 12.8 mi (1 UH; mediana familia R$ 28 k)
bext,314208202,valor_por_uh_extremo,R$/UH ate R$ 11.2 mi (1 UH; mediana familia R$ 28 k)
bext,314402815,valor_por_uh_extremo,R$/UH ate R$ 9.7 mi (1 UH; mediana familia R$ 28 k)
bext,315403659,valor_por_uh_extremo,R$/UH ate R$ 15.2 mi (1 UH; mediana familia R$ 28 k)
bext,316003610,valor_por_uh_extremo,R$/UH ate R$ 13.6 mi (1 UH; mediana familia R$ 28 k)
bext,316003615,valor_por_uh_extremo,R$/UH ate R$ 9.2 mi (1 UH; mediana familia R$ 28 k)
bext,316303355,valor_por_uh_extremo,R$/UH ate R$ 12.5 mi (1 UH; mediana familia R$ 28 k)
bext,316407815,valor_por_uh_extremo,R$/UH ate R$ 14.4 mi (1 UH; mediana familia R$ 28 k)
bext,316503601,valor_por_uh_extremo,R$/UH ate R$ 9.3 mi (1 UH; mediana familia R$ 28 k)
bext,316704101,valor_negativo_repetido,min R$ -0.1 mi em 13/20 snapshots
bext,316704102,valor_negativo_repetido,min R$ -0.1 mi em 9/20 snapshots
bext,316704105,valor_negativo_repetido,min R$ -0.1 mi em 7/20 snapshots
bext,316704106,valor_negativo_repetido,min R$ -0.1 mi em 14/20 snapshots
bext,316704107,valor_negativo_repetido,min R$ -0.1 mi em 9/20 snapshots
bext,316704110,valor_negativo_repetido,min R$ -0.1 mi em 9/20 snapshots
bext,316704111,valor_negativo_repetido,min R$ -0.1 mi em 7/20 snapshots
bext,316704114,valor_negativo_repetido,min R$ -0.1 mi em 7/20 snapshots
bext,316704119,valor_negativo_repetido,min R$ -0.1 mi em 10/20 snapshots
bext,316704120,valor_negativo_repetido,min R$ -0.1 mi em 7/20 snapshots
bext,316704123,valor_negativo_repetido,min R$ -0.1 mi em 12/20 snapshots
bext,316704124,valor_negativo_repetido,min R$ -0.1 mi em 10/20 snapshots
bext,316704125,valor_negativo_repetido,min R$ -0.1 mi em 14/20 snapshots
bext,316704126,valor_negativo_repetido,min R$ -0.1 mi em 12/20 snapshots
bext,316704127,valor_negativo_repetido,min R$ -0.1 mi em 10/20 snapshots
bext,316704128,valor_negativo_repetido,min R$ -0.1 mi em 9/20 snapshots
bext,316704129,valor_negativo_repetido,min R$ -0.1 mi em 11/20 snapshots
bext,316704130,valor_negativo_repetido,min R$ -0.1 mi em 11/20 snapshots
bext,316704131,valor_negativo_repetido,min R$ -0.1 mi em 6/20 snapshots
bext,316704132,valor_negativo_repetido,min R$ -0.1 mi em 11/20 snapshots
bext,316704134,valor_negativo_repetido,min R$ -0.1 mi em 9/20 snapshots
bext,316704137,valor_negativo_repetido,min R$ -0.1 mi em 10/20 snapshots
bext,316704138,valor_negativo_repetido,min R$ -0.1 mi em 14/20 snapshots
bext,316704139,valor_negativo_repetido,min R$ -0.1 mi em 14/20 snapshots
bext,316704142,valor_negativo_repetido,min R$ -0.1 mi em 9/20 snapshots
bext,316704143,valor_negativo_repetido,min R$ -0.1 mi em 11/20 snapshots
bext,316704144,valor_negativo_repetido,min R$ -0.1 mi em 10/20 snapshots
bext,316704147,valor_negativo_repetido,min R$ -0.1 mi em 10/20 snapshots
bext,316704149,valor_negativo_repetido,min R$ -0.1 mi em 12/20 snapshots
bext,316704151,valor_negativo_repetido,min R$ -0.1 mi em 12/20 snapshots
bext,316704152,valor_negativo_repetido,min R$ -0.1 mi em 11/20 snapshots
bext,316704153,valor_negativo_repetido,min R$ -0.1 mi em 7/20 snapshots
bext,316704154,valor_negativo_repetido,min R$ -0.1 mi em 9/20 snapshots
bext,316704155,valor_negativo_repetido,min R$ -0.1 mi em 15/20 snapshots
bext,316704157,valor_negativo_repetido,min R$ -0.1 mi em 9/20 snapshots
bext,316704158,valor_negativo_repetido,min R$ -0.1 mi em 8/20 snapshots
bext,316704162,valor_negativo_repetido,min R$ -0.1 mi em 13/20 snapshots
bext,316704163,valor_negativo_repetido,min R$ -0.1 mi em 13/20 snapshots
bext,316704165,valor_negativo_repetido,min R$ -0.1 mi em 10/20 snapshots
bext,316704166,valor_negativo_repetido,min R$ -0.1 mi em 9/20 snapshots
bext,316704170,valor_negativo_repetido,min R$ -0.1 mi em 15/20 snapshots
bext,316704174,valor_negativo_repetido,min R$ -0.1 mi em 7/20 snapshots
bext,316704176,valor_negativo_repetido,min R$ -0.1 mi em 11/20 snapshots
bext,316704177,valor_negativo_repetido,min R$ -0.1 mi em 12/20 snapshots
bext,316704179,valor_negativo_repetido,min R$ -0.1 mi em 10/20 snapshots
bext,316704180,valor_negativo_repetido,min R$ -0.1 mi em 6/20 snapshots
bext,316704182,valor_negativo_repetido,min R$ -0.1 mi em 8/20 snapshots
bext,316704184,valor_negativo_repetido,min R$ -0.1 mi em 11/20 snapshots
bext,316704185,valor_negativo_repetido,min R$ -0.1 mi em 8/20 snapshots
bext,316704186,valor_negativo_repetido,min R$ -0.1 mi em 11/20 snapshots
bext,316704187,valor_negativo_repetido,min R$ -0.1 mi em 8/20 snapshots
bext,316704189,valor_negativo_repetido,min R$ -0.1 mi em 8/20 snapshots
bext,316704192,valor_negativo_repetido,min R$ -0.1 mi em 12/20 snapshots
bext,316704193,valor_negativo_repetido,min R$ -0.1 mi em 10/20 snapshots
bext,316704199,valor_negativo_repetido,min R$ -0.1 mi em 14/20 snapshots
bext,316704201,valor_negativo_repetido,min R$ -0.1 mi em 8/20 snapshots
bext,316704211,valor_negativo_repetido,min R$ -0.1 mi em 12/20 snapshots
bext,316704214,valor_negativo_repetido,min R$ -0.1 mi em 8/20 snapshots
bext,316704219,valor_negativo_repetido,min R$ -0.1 mi em 10/20 snapshots
bext,316704221,valor_negativo_repetido,min R$ -0.1 mi em 5/20 snapshots
bext,316704227,valor_negativo_repetido,min R$ -0.1 mi em 8/20 snapshots
bext,316704240,valor_negativo_repetido,min R$ -0.1 mi em 10/20 snapshots
bext,316704241,valor_negativo_repetido,min R$ -0.1 mi em 11/20 snapshots
bext,316704242,valor_negativo_repetido,min R$ -0.1 mi em 9/20 snapshots
bext,316704244,valor_negativo_repetido,min R$ -0.1 mi em 13/20 snapshots
bext,316704246,valor_negativo_repetido,min R$ -0.1 mi em 13/20 snapshots
bext,316704275,valor_negativo_repetido,min R$ -0.1 mi em 9/20 snapshots
bext,316704287,valor_negativo_repetido,min R$ -0.1 mi em 6/20 snapshots
bext,316704450,valor_negativo_repetido,min R$ -0.1 mi em 10/20 snapshots
bext,317206316,valor_por_uh_extremo,R$/UH ate R$ 13.2 mi (1 UH; mediana familia R$ 28 k)
bext,317206318,valor_por_uh_extremo,R$/UH ate R$ 12.3 mi (1 UH; mediana familia R$ 28 k)
bext,31813128,valor_por_uh_extremo,R$/UH ate R$ 13.4 mi (1 UH; mediana familia R$ 28 k)
bext,318304313,valor_por_uh_extremo,R$/UH ate R$ 10.8 mi (1 UH; mediana familia R$ 28 k)
bext,31912509,valor_negativo_repetido,min R$ -0.1 mi em 6/20 snapshots
bext,31916791,valor_por_uh_extremo,R$/UH ate R$ 12.7 mi (1 UH; mediana familia R$ 28 k)
bext,319805290,valor_por_uh_extremo,R$/UH ate R$ 14.6 mi (1 UH; mediana familia R$ 28 k)
bext,320509014,valor_por_uh_extremo,R$/UH ate R$ 14.3 mi (1 UH; mediana familia R$ 28 k)
bext,320609530,valor_por_uh_extremo,R$/UH ate R$ 12.6 mi (1 UH; mediana familia R$ 28 k)
bext,320609538,valor_por_uh_extremo,R$/UH ate R$ 12.8 mi (1 UH; mediana familia R$ 28 k)
bext,320609541,valor_por_uh_extremo,R$/UH ate R$ 11.5 mi (1 UH; mediana familia R$ 28 k)
bext,320609542,valor_por_uh_extremo,R$/UH ate R$ 12.3 mi (1 UH; mediana familia R$ 28 k)
bext,321204287,valor_por_uh_extremo,R$/UH ate R$ 10.1 mi (1 UH; mediana familia R$ 28 k)
bext,321204304,valor_por_uh_extremo,R$/UH ate R$ 9.9 mi (1 UH; mediana familia R$ 28 k)
bext,32127909,valor_por_uh_extremo,R$/UH ate R$ 8.2 mi (1 UH; mediana familia R$ 28 k)
bext,32127919,valor_por_uh_extremo,R$/UH ate R$ 10.7 mi (1 UH; mediana familia R$ 28 k)
bext,322706653,valor_por_uh_extremo,R$/UH ate R$ 14.1 mi (1 UH; mediana familia R$ 28 k)
bext,32306219,valor_por_uh_extremo,R$/UH ate R$ 9.7 mi (1 UH; mediana familia R$ 28 k)
bext,3233693,valor_por_uh_extremo,R$/UH ate R$ 5.6 mi (64 UH; mediana familia R$ 28 k)
bext,3238248,valor_por_uh_extremo,R$/UH ate R$ 5.6 mi (64 UH; mediana familia R$ 28 k)
bext,324605455,valor_por_uh_extremo,R$/UH ate R$ 11.0 mi (1 UH; mediana familia R$ 28 k)
bext,324605467,valor_por_uh_extremo,R$/UH ate R$ 11.0 mi (1 UH; mediana familia R$ 28 k)
bext,324605468,valor_por_uh_extremo,R$/UH ate R$ 11.5 mi (1 UH; mediana familia R$ 28 k)
bext,325106014,valor_por_uh_extremo,R$/UH ate R$ 20.2 mi (1 UH; mediana familia R$ 28 k)
bext,325704913,valor_por_uh_extremo,R$/UH ate R$ 8.4 mi (1 UH; mediana familia R$ 28 k)
bext,326606912,valor_por_uh_extremo,R$/UH ate R$ 14.7 mi (1 UH; mediana familia R$ 28 k)
bext,326606918,valor_por_uh_extremo,R$/UH ate R$ 20.4 mi (1 UH; mediana familia R$ 28 k)
bext,326902831,valor_por_uh_extremo,R$/UH ate R$ 14.0 mi (1 UH; mediana familia R$ 28 k)
bext,3271417,valor_por_uh_extremo,R$/UH ate R$ 8.8 mi (256 UH; mediana familia R$ 28 k)
bext,3276944,valor_por_uh_extremo,R$/UH ate R$ 9.7 mi (160 UH; mediana familia R$ 28 k)
bext,327708791,valor_por_uh_extremo,R$/UH ate R$ 8.4 mi (1 UH; mediana familia R$ 28 k)
bext,327902659,valor_negativo_repetido,min R$ -0.1 mi em 9/20 snapshots
bext,328210463,valor_por_uh_extremo,R$/UH ate R$ 13.9 mi (1 UH; mediana familia R$ 28 k)
bext,328210466,valor_por_uh_extremo,R$/UH ate R$ 10.8 mi (1 UH; mediana familia R$ 28 k)
bext,328508848,valor_por_uh_extremo,R$/UH ate R$ 11.5 mi (1 UH; mediana familia R$ 28 k)
bext,328809598,valor_por_uh_extremo,R$/UH ate R$ 12.0 mi (1 UH; mediana familia R$ 28 k)
bext,328809601,valor_por_uh_extremo,R$/UH ate R$ 10.8 mi (1 UH; mediana familia R$ 28 k)
bext,329014403,valor_por_uh_extremo,R$/UH ate R$ 12.3 mi (1 UH; mediana familia R$ 28 k)
bext,329605488,valor_por_uh_extremo,R$/UH ate R$ 10.9 mi (1 UH; mediana familia R$ 28 k)
bext,329605490,valor_por_uh_extremo,R$/UH ate R$ 10.7 mi (1 UH; mediana familia R$ 28 k)
bext,329605491,valor_por_uh_extremo,R$/UH ate R$ 10.5 mi (1 UH; mediana familia R$ 28 k)
bext,331009183,valor_por_uh_extremo,R$/UH ate R$ 12.6 mi (1 UH; mediana familia R$ 28 k)
bext,331009184,valor_por_uh_extremo,R$/UH ate R$ 10.7 mi (1 UH; mediana familia R$ 28 k)
bext,331009185,valor_por_uh_extremo,R$/UH ate R$ 11.8 mi (1 UH; mediana familia R$ 28 k)
bext,331009187,valor_por_uh_extremo,R$/UH ate R$ 12.8 mi (1 UH; mediana familia R$ 28 k)
bext,331009188,valor_por_uh_extremo,R$/UH ate R$ 11.7 mi (1 UH; mediana familia R$ 28 k)
bext,331009189,valor_por_uh_extremo,R$/UH ate R$ 11.6 mi (1 UH; mediana familia R$ 28 k)
bext,331210898,valor_por_uh_extremo,R$/UH ate R$ 15.1 mi (1 UH; mediana familia R$ 28 k)
bext,331510623,valor_por_uh_extremo,R$/UH ate R$ 13.1 mi (1 UH; mediana familia R$ 28 k)
bext,331510645,valor_por_uh_extremo,R$/UH ate R$ 15.3 mi (1 UH; mediana familia R$ 28 k)
bext,332803593,valor_negativo_repetido,min R$ -0.1 mi em 8/20 snapshots
bext,332803596,valor_negativo_repetido,min R$ -0.1 mi em 11/20 snapshots
bext,332803597,valor_negativo_repetido,min R$ -0.1 mi em 11/20 snapshots
bext,332803599,valor_negativo_repetido,min R$ -0.1 mi em 13/20 snapshots
bext,332909357,valor_por_uh_extremo,R$/UH ate R$ 12.6 mi (1 UH; mediana familia R$ 28 k)
bext,33305848,valor_por_uh_extremo,R$/UH ate R$ 10.1 mi (1 UH; mediana familia R$ 28 k)
bext,33305850,valor_por_uh_extremo,R$/UH ate R$ 12.8 mi (1 UH; mediana familia R$ 28 k)
bext,33305854,valor_por_uh_extremo,R$/UH ate R$ 10.0 mi (1 UH; mediana familia R$ 28 k)
bext,333100815,valor_negativo_repetido,min R$ -0.1 mi em 11/20 snapshots
bext,333100817,valor_negativo_repetido,min R$ -0.1 mi em 10/20 snapshots
bext,333100819,valor_negativo_repetido,min R$ -0.1 mi em 8/20 snapshots
bext,333100820,valor_negativo_repetido,min R$ -0.1 mi em 10/20 snapshots
bext,333100822,valor_negativo_repetido,min R$ -0.1 mi em 10/20 snapshots
bext,333100826,valor_negativo_repetido,min R$ -0.1 mi em 10/20 snapshots
bext,333100828,valor_negativo_repetido,min R$ -0.1 mi em 13/20 snapshots
bext,333100829,valor_negativo_repetido,min R$ -0.1 mi em 12/20 snapshots
bext,333100836,valor_negativo_repetido,min R$ -0.1 mi em 8/20 snapshots
bext,333100837,valor_negativo_repetido,min R$ -0.1 mi em 11/20 snapshots
bext,333100838,valor_negativo_repetido,min R$ -0.1 mi em 12/20 snapshots
bext,333100839,valor_negativo_repetido,min R$ -0.1 mi em 9/20 snapshots
bext,333100840,valor_negativo_repetido,min R$ -0.1 mi em 12/20 snapshots
bext,333100841,valor_negativo_repetido,min R$ -0.1 mi em 8/20 snapshots
bext,333100845,valor_negativo_repetido,min R$ -0.1 mi em 12/20 snapshots
bext,333100958,valor_negativo_repetido,min R$ -0.1 mi em 11/20 snapshots
bext,333100959,valor_negativo_repetido,min R$ -0.1 mi em 8/20 snapshots
bext,333100976,valor_negativo_repetido,min R$ -0.1 mi em 15/20 snapshots
bext,333100978,valor_negativo_repetido,min R$ -0.1 mi em 8/20 snapshots
bext,333100993,valor_negativo_repetido,min R$ -0.1 mi em 11/20 snapshots
bext,333100997,valor_negativo_repetido,min R$ -0.1 mi em 8/20 snapshots
bext,333100998,valor_negativo_repetido,min R$ -0.1 mi em 6/20 snapshots
bext,333101001,valor_negativo_repetido,min R$ -0.1 mi em 11/20 snapshots
bext,333101007,valor_negativo_repetido,min R$ -0.1 mi em 8/20 snapshots
bext,333101019,valor_negativo_repetido,min R$ -0.1 mi em 9/20 snapshots
bext,333103288,valor_por_uh_extremo,R$/UH ate R$ 4.8 mi (1 UH; mediana familia R$ 28 k)
bext,333104621,valor_por_uh_extremo,R$/UH ate R$ 12.6 mi (1 UH; mediana familia R$ 28 k)
bext,334204156,valor_por_uh_extremo,R$/UH ate R$ 8.0 mi (1 UH; mediana familia R$ 28 k)
bext,33608606,valor_por_uh_extremo,R$/UH ate R$ 7.9 mi (1 UH; mediana familia R$ 28 k)
bext,337504200,valor_por_uh_extremo,R$/UH ate R$ 9.0 mi (1 UH; mediana familia R$ 28 k)
bext,339105796,valor_por_uh_extremo,R$/UH ate R$ 5.9 mi (1 UH; mediana familia R$ 28 k)
bext,339105905,valor_por_uh_extremo,R$/UH ate R$ 5.9 mi (1 UH; mediana familia R$ 28 k)
bext,33922560,valor_por_uh_extremo,R$/UH ate R$ 10.8 mi (1 UH; mediana familia R$ 28 k)
bext,33922562,valor_por_uh_extremo,R$/UH ate R$ 10.1 mi (1 UH; mediana familia R$ 28 k)
bext,341106959,valor_negativo_repetido,min R$ -0.1 mi em 10/20 snapshots
bext,341106970,valor_negativo_repetido,min R$ -0.2 mi em 8/20 snapshots
bext,341106973,valor_negativo_repetido,min R$ -0.1 mi em 12/20 snapshots
bext,341106975,valor_negativo_repetido,min R$ -0.1 mi em 8/20 snapshots
bext,341106986,valor_negativo_repetido,min R$ -0.1 mi em 7/20 snapshots
bext,341106999,valor_negativo_repetido,min R$ -0.1 mi em 12/20 snapshots
bext,341107005,valor_negativo_repetido,min R$ -0.1 mi em 10/20 snapshots
bext,341107008,valor_negativo_repetido,min R$ -0.1 mi em 7/20 snapshots
bext,341107020,valor_negativo_repetido,min R$ -0.1 mi em 6/20 snapshots
bext,341107021,valor_negativo_repetido,min R$ -0.1 mi em 8/20 snapshots
bext,341107066,valor_negativo_repetido,min R$ -0.1 mi em 10/20 snapshots
bext,341107106,valor_negativo_repetido,min R$ -0.1 mi em 10/20 snapshots
bext,341107129,valor_negativo_repetido,min R$ -0.1 mi em 12/20 snapshots
bext,341107136,valor_negativo_repetido,min R$ -0.1 mi em 7/20 snapshots
bext,341107148,valor_negativo_repetido,min R$ -0.1 mi em 9/20 snapshots
bext,341107170,valor_negativo_repetido,min R$ -0.1 mi em 13/20 snapshots
bext,341107178,valor_negativo_repetido,min R$ -0.1 mi em 8/20 snapshots
bext,341107193,valor_negativo_repetido,min R$ -0.1 mi em 8/20 snapshots
bext,341107195,valor_negativo_repetido,min R$ -0.1 mi em 11/20 snapshots
bext,341107203,valor_negativo_repetido,min R$ -0.1 mi em 12/20 snapshots
bext,341107213,valor_negativo_repetido,min R$ -0.1 mi em 11/20 snapshots
bext,341107219,valor_negativo_repetido,min R$ -0.1 mi em 12/20 snapshots
bext,341107224,valor_negativo_repetido,min R$ -0.1 mi em 9/20 snapshots
bext,341107243,valor_negativo_repetido,min R$ -0.1 mi em 4/20 snapshots
bext,341107271,valor_negativo_repetido,min R$ -0.1 mi em 10/20 snapshots
bext,3416766,valor_por_uh_extremo,R$/UH ate R$ 6.0 mi (1 UH; mediana familia R$ 28 k)
bext,342104724,valor_negativo_repetido,min R$ -0.1 mi em 10/20 snapshots
bext,342107996,valor_por_uh_extremo,R$/UH ate R$ 13.4 mi (1 UH; mediana familia R$ 28 k)
bext,342107997,valor_por_uh_extremo,R$/UH ate R$ 13.2 mi (1 UH; mediana familia R$ 28 k)
bext,342107998,valor_por_uh_extremo,R$/UH ate R$ 13.9 mi (1 UH; mediana familia R$ 28 k)
bext,342107999,valor_por_uh_extremo,R$/UH ate R$ 13.2 mi (1 UH; mediana familia R$ 28 k)
bext,342108008,valor_por_uh_extremo,R$/UH ate R$ 12.6 mi (1 UH; mediana familia R$ 28 k)
bext,342108009,valor_por_uh_extremo,R$/UH ate R$ 13.9 mi (1 UH; mediana familia R$ 28 k)
bext,342108014,valor_por_uh_extremo,R$/UH ate R$ 13.4 mi (1 UH; mediana familia R$ 28 k)
bext,342108020,valor_por_uh_extremo,R$/UH ate R$ 12.3 mi (1 UH; mediana familia R$ 28 k)
bext,342108022,valor_por_uh_extremo,R$/UH ate R$ 12.0 mi (1 UH; mediana familia R$ 28 k)
bext,343507714,valor_por_uh_extremo,R$/UH ate R$ 20.2 mi (1 UH; mediana familia R$ 28 k)
bext,346905454,valor_por_uh_extremo,R$/UH ate R$ 12.1 mi (1 UH; mediana familia R$ 28 k)
bext,346905455,valor_por_uh_extremo,R$/UH ate R$ 9.8 mi (1 UH; mediana familia R$ 28 k)
bext,346905461,valor_por_uh_extremo,R$/UH ate R$ 8.0 mi (1 UH; mediana familia R$ 28 k)
bext,346905462,valor_por_uh_extremo,R$/UH ate R$ 11.8 mi (1 UH; mediana familia R$ 28 k)
bext,347605088,valor_por_uh_extremo,R$/UH ate R$ 12.0 mi (1 UH; mediana familia R$ 28 k)
bext,347605094,valor_por_uh_extremo,R$/UH ate R$ 10.7 mi (1 UH; mediana familia R$ 28 k)
bext,347710491,valor_por_uh_extremo,R$/UH ate R$ 13.0 mi (1 UH; mediana familia R$ 28 k)
bext,34819133,valor_por_uh_extremo,R$/UH ate R$ 11.5 mi (1 UH; mediana familia R$ 28 k)
bext,34819223,valor_por_uh_extremo,R$/UH ate R$ 13.6 mi (1 UH; mediana familia R$ 28 k)
bext,348208428,valor_negativo_repetido,min R$ -0.1 mi em 13/20 snapshots
bext,348208472,valor_negativo_repetido,min R$ -0.1 mi em 11/20 snapshots
bext,348208615,valor_negativo_repetido,min R$ -0.1 mi em 9/20 snapshots
bext,348208705,valor_negativo_repetido,min R$ -0.1 mi em 13/20 snapshots
bext,348208765,valor_negativo_repetido,min R$ -0.1 mi em 13/20 snapshots
bext,348208856,valor_negativo_repetido,min R$ -0.1 mi em 10/20 snapshots
bext,348208879,valor_negativo_repetido,min R$ -0.1 mi em 7/20 snapshots
bext,348608685,valor_negativo_repetido,min R$ -0.1 mi em 10/20 snapshots
bext,34910025,valor_por_uh_extremo,R$/UH ate R$ 6.0 mi (1 UH; mediana familia R$ 28 k)
bext,34911349,valor_por_uh_extremo,R$/UH ate R$ 10.3 mi (1 UH; mediana familia R$ 28 k)
bext,350108864,valor_por_uh_extremo,R$/UH ate R$ 15.2 mi (1 UH; mediana familia R$ 28 k)
bext,350908409,valor_por_uh_extremo,R$/UH ate R$ 12.4 mi (1 UH; mediana familia R$ 28 k)
bext,350908411,valor_por_uh_extremo,R$/UH ate R$ 13.1 mi (1 UH; mediana familia R$ 28 k)
bext,350908412,valor_por_uh_extremo,R$/UH ate R$ 15.2 mi (1 UH; mediana familia R$ 28 k)
bext,350908415,valor_por_uh_extremo,R$/UH ate R$ 12.3 mi (1 UH; mediana familia R$ 28 k)
bext,350908416,valor_por_uh_extremo,R$/UH ate R$ 15.2 mi (1 UH; mediana familia R$ 28 k)
bext,350908418,valor_por_uh_extremo,R$/UH ate R$ 15.4 mi (1 UH; mediana familia R$ 28 k)
bext,35108277,valor_por_uh_extremo,R$/UH ate R$ 11.9 mi (1 UH; mediana familia R$ 28 k)
bext,35220348,valor_por_uh_extremo,R$/UH ate R$ 14.7 mi (1 UH; mediana familia R$ 28 k)
bext,35220349,valor_por_uh_extremo,R$/UH ate R$ 10.5 mi (1 UH; mediana familia R$ 28 k)
bext,35220350,valor_por_uh_extremo,R$/UH ate R$ 13.1 mi (1 UH; mediana familia R$ 28 k)
bext,35220351,valor_por_uh_extremo,R$/UH ate R$ 15.1 mi (1 UH; mediana familia R$ 28 k)
bext,35220353,valor_por_uh_extremo,R$/UH ate R$ 12.4 mi (1 UH; mediana familia R$ 28 k)
bext,35220361,valor_por_uh_extremo,R$/UH ate R$ 10.8 mi (1 UH; mediana familia R$ 28 k)
bext,352508848,valor_por_uh_extremo,R$/UH ate R$ 11.1 mi (1 UH; mediana familia R$ 28 k)
bext,352508851,valor_por_uh_extremo,R$/UH ate R$ 12.0 mi (1 UH; mediana familia R$ 28 k)
bext,352609674,valor_por_uh_extremo,R$/UH ate R$ 9.5 mi (1 UH; mediana familia R$ 28 k)
bext,352609691,valor_por_uh_extremo,R$/UH ate R$ 11.9 mi (1 UH; mediana familia R$ 28 k)
bext,352609696,valor_por_uh_extremo,R$/UH ate R$ 10.8 mi (1 UH; mediana familia R$ 28 k)
bext,352609697,valor_por_uh_extremo,R$/UH ate R$ 11.1 mi (1 UH; mediana familia R$ 28 k)
bext,352609699,valor_por_uh_extremo,R$/UH ate R$ 9.4 mi (1 UH; mediana familia R$ 28 k)
bext,352609700,valor_por_uh_extremo,R$/UH ate R$ 11.8 mi (1 UH; mediana familia R$ 28 k)
bext,352609701,valor_por_uh_extremo,R$/UH ate R$ 10.2 mi (1 UH; mediana familia R$ 28 k)
bext,352609713,valor_por_uh_extremo,R$/UH ate R$ 11.8 mi (1 UH; mediana familia R$ 28 k)
bext,352609715,valor_por_uh_extremo,R$/UH ate R$ 7.5 mi (1 UH; mediana familia R$ 28 k)
bext,352609717,valor_por_uh_extremo,R$/UH ate R$ 11.8 mi (1 UH; mediana familia R$ 28 k)
bext,352609718,valor_por_uh_extremo,R$/UH ate R$ 11.7 mi (1 UH; mediana familia R$ 28 k)
bext,352609719,valor_por_uh_extremo,R$/UH ate R$ 12.0 mi (1 UH; mediana familia R$ 28 k)
bext,352609720,valor_por_uh_extremo,R$/UH ate R$ 11.5 mi (1 UH; mediana familia R$ 28 k)
bext,352609721,valor_por_uh_extremo,R$/UH ate R$ 10.2 mi (1 UH; mediana familia R$ 28 k)
bext,352609722,valor_por_uh_extremo,R$/UH ate R$ 11.9 mi (1 UH; mediana familia R$ 28 k)
bext,352609723,valor_por_uh_extremo,R$/UH ate R$ 10.9 mi (1 UH; mediana familia R$ 28 k)
bext,352609726,valor_por_uh_extremo,R$/UH ate R$ 11.6 mi (1 UH; mediana familia R$ 28 k)
bext,352609727,valor_por_uh_extremo,R$/UH ate R$ 11.9 mi (1 UH; mediana familia R$ 28 k)
bext,352609728,valor_por_uh_extremo,R$/UH ate R$ 10.5 mi (1 UH; mediana familia R$ 28 k)
bext,352609730,valor_por_uh_extremo,R$/UH ate R$ 10.6 mi (1 UH; mediana familia R$ 28 k)
bext,352609731,valor_por_uh_extremo,R$/UH ate R$ 11.0 mi (1 UH; mediana familia R$ 28 k)
bext,352609735,valor_por_uh_extremo,R$/UH ate R$ 10.4 mi (1 UH; mediana familia R$ 28 k)
bext,352609736,valor_por_uh_extremo,R$/UH ate R$ 8.7 mi (1 UH; mediana familia R$ 28 k)
bext,352609740,valor_por_uh_extremo,R$/UH ate R$ 11.5 mi (1 UH; mediana familia R$ 28 k)
bext,354609061,valor_por_uh_extremo,R$/UH ate R$ 10.7 mi (1 UH; mediana familia R$ 28 k)
bext,355106570,valor_por_uh_extremo,R$/UH ate R$ 13.9 mi (1 UH; mediana familia R$ 28 k)
bext,35519370,valor_por_uh_extremo,R$/UH ate R$ 11.4 mi (1 UH; mediana familia R$ 28 k)
bext,35519382,valor_por_uh_extremo,R$/UH ate R$ 11.4 mi (1 UH; mediana familia R$ 28 k)
bext,35519385,valor_por_uh_extremo,R$/UH ate R$ 11.4 mi (1 UH; mediana familia R$ 28 k)
bext,35519386,valor_por_uh_extremo,R$/UH ate R$ 11.6 mi (1 UH; mediana familia R$ 28 k)
bext,35519387,valor_por_uh_extremo,R$/UH ate R$ 13.7 mi (1 UH; mediana familia R$ 28 k)
bext,35519397,valor_por_uh_extremo,R$/UH ate R$ 12.4 mi (1 UH; mediana familia R$ 28 k)
bext,35519402,valor_por_uh_extremo,R$/UH ate R$ 12.0 mi (1 UH; mediana familia R$ 28 k)
bext,35519407,valor_por_uh_extremo,R$/UH ate R$ 10.8 mi (1 UH; mediana familia R$ 28 k)
bext,35519408,valor_por_uh_extremo,R$/UH ate R$ 10.1 mi (1 UH; mediana familia R$ 28 k)
bext,35519418,valor_por_uh_extremo,R$/UH ate R$ 12.3 mi (1 UH; mediana familia R$ 28 k)
bext,358904249,valor_por_uh_extremo,R$/UH ate R$ 14.4 mi (1 UH; mediana familia R$ 28 k)
bext,35915230,valor_por_uh_extremo,R$/UH ate R$ 11.0 mi (1 UH; mediana familia R$ 28 k)
bext,35915231,valor_por_uh_extremo,R$/UH ate R$ 13.5 mi (1 UH; mediana familia R$ 28 k)
bext,35915238,valor_por_uh_extremo,R$/UH ate R$ 12.0 mi (1 UH; mediana familia R$ 28 k)
bext,35915242,valor_por_uh_extremo,R$/UH ate R$ 11.6 mi (1 UH; mediana familia R$ 28 k)
bext,35915257,valor_por_uh_extremo,R$/UH ate R$ 12.6 mi (1 UH; mediana familia R$ 28 k)
bext,35915258,valor_por_uh_extremo,R$/UH ate R$ 12.3 mi (1 UH; mediana familia R$ 28 k)
bext,35915262,valor_por_uh_extremo,R$/UH ate R$ 13.3 mi (1 UH; mediana familia R$ 28 k)
bext,35915263,valor_por_uh_extremo,R$/UH ate R$ 12.6 mi (1 UH; mediana familia R$ 28 k)
bext,35915265,valor_por_uh_extremo,R$/UH ate R$ 11.9 mi (1 UH; mediana familia R$ 28 k)
bext,35915271,valor_por_uh_extremo,R$/UH ate R$ 10.2 mi (1 UH; mediana familia R$ 28 k)
bext,35915277,valor_por_uh_extremo,R$/UH ate R$ 11.3 mi (1 UH; mediana familia R$ 28 k)
bext,359601228,valor_por_uh_extremo,R$/UH ate R$ 10.7 mi (1 UH; mediana familia R$ 28 k)
bext,359804622,valor_por_uh_extremo,R$/UH ate R$ 19.0 mi (1 UH; mediana familia R$ 28 k)
bext,360101799,valor_por_uh_extremo,R$/UH ate R$ 11.0 mi (1 UH; mediana familia R$ 28 k)
bext,360101807,valor_por_uh_extremo,R$/UH ate R$ 10.9 mi (1 UH; mediana familia R$ 28 k)
bext,360200788,valor_por_uh_extremo,R$/UH ate R$ 9.8 mi (1 UH; mediana familia R$ 28 k)
bext,360702735,valor_por_uh_extremo,R$/UH ate R$ 11.5 mi (1 UH; mediana familia R$ 28 k)
bext,360702737,valor_por_uh_extremo,R$/UH ate R$ 11.3 mi (1 UH; mediana familia R$ 28 k)
bext,360702743,valor_por_uh_extremo,R$/UH ate R$ 11.5 mi (1 UH; mediana familia R$ 28 k)
bext,360810236,valor_por_uh_extremo,R$/UH ate R$ 12.5 mi (1 UH; mediana familia R$ 28 k)
bext,360810237,valor_por_uh_extremo,R$/UH ate R$ 19.1 mi (1 UH; mediana familia R$ 28 k)
bext,361201446,valor_por_uh_extremo,R$/UH ate R$ 11.3 mi (1 UH; mediana familia R$ 28 k)
bext,362006808,valor_por_uh_extremo,R$/UH ate R$ 8.0 mi (1 UH; mediana familia R$ 28 k)
bext,362006846,valor_por_uh_extremo,R$/UH ate R$ 8.7 mi (1 UH; mediana familia R$ 28 k)
bext,363005692,valor_por_uh_extremo,R$/UH ate R$ 7.1 mi (1 UH; mediana familia R$ 28 k)
bext,363104078,valor_por_uh_extremo,R$/UH ate R$ 9.8 mi (1 UH; mediana familia R$ 28 k)
bext,363104085,valor_por_uh_extremo,R$/UH ate R$ 6.2 mi (1 UH; mediana familia R$ 28 k)
bext,364004320,valor_por_uh_extremo,R$/UH ate R$ 8.7 mi (1 UH; mediana familia R$ 28 k)
bext,364004329,valor_por_uh_extremo,R$/UH ate R$ 8.9 mi (1 UH; mediana familia R$ 28 k)
bext,364004330,valor_por_uh_extremo,R$/UH ate R$ 7.2 mi (1 UH; mediana familia R$ 28 k)
bext,364307359,valor_negativo_repetido,min R$ -0.1 mi em 11/20 snapshots
bext,364307371,valor_negativo_repetido,min R$ -0.1 mi em 8/20 snapshots
bext,364307379,valor_negativo_repetido,min R$ -0.1 mi em 8/20 snapshots
bext,364307381,valor_negativo_repetido,min R$ -0.1 mi em 8/20 snapshots
bext,364307390,valor_negativo_repetido,min R$ -0.1 mi em 6/20 snapshots
bext,364307406,valor_negativo_repetido,min R$ -0.1 mi em 8/20 snapshots
bext,364307415,valor_negativo_repetido,min R$ -0.1 mi em 14/20 snapshots
bext,364307421,valor_negativo_repetido,min R$ -0.1 mi em 10/20 snapshots
bext,364307429,valor_negativo_repetido,min R$ -0.1 mi em 6/20 snapshots
bext,364307434,valor_negativo_repetido,min R$ -0.1 mi em 9/20 snapshots
bext,364307446,valor_negativo_repetido,min R$ -0.1 mi em 15/20 snapshots
bext,364307449,valor_negativo_repetido,min R$ -0.1 mi em 11/20 snapshots
bext,364307450,valor_negativo_repetido,min R$ -0.1 mi em 11/20 snapshots
bext,364307467,valor_negativo_repetido,min R$ -0.1 mi em 9/20 snapshots
bext,364307469,valor_negativo_repetido,min R$ -0.1 mi em 13/20 snapshots
bext,364307479,valor_negativo_repetido,min R$ -0.1 mi em 9/20 snapshots
bext,364307493,valor_negativo_repetido,min R$ -0.1 mi em 7/20 snapshots
bext,364307495,valor_negativo_repetido,min R$ -0.1 mi em 10/20 snapshots
bext,364307502,valor_negativo_repetido,min R$ -0.1 mi em 10/20 snapshots
bext,364307513,valor_negativo_repetido,min R$ -0.1 mi em 7/20 snapshots
bext,364307544,valor_negativo_repetido,min R$ -0.1 mi em 6/20 snapshots
bext,364307578,valor_negativo_repetido,min R$ -0.1 mi em 11/20 snapshots
bext,364307595,valor_negativo_repetido,min R$ -0.1 mi em 10/20 snapshots
bext,364307596,valor_negativo_repetido,min R$ -0.0 mi em 13/20 snapshots
bext,364307610,valor_negativo_repetido,min R$ -0.1 mi em 9/20 snapshots
bext,364307614,valor_negativo_repetido,min R$ -0.1 mi em 10/20 snapshots
bext,364307615,valor_negativo_repetido,min R$ -0.1 mi em 12/20 snapshots
bext,364307616,valor_negativo_repetido,min R$ -0.1 mi em 12/20 snapshots
bext,364307630,valor_negativo_repetido,min R$ -0.1 mi em 10/20 snapshots
bext,364307667,valor_negativo_repetido,min R$ -0.1 mi em 8/20 snapshots
bext,364307696,valor_negativo_repetido,min R$ -0.1 mi em 7/20 snapshots
bext,364703801,valor_negativo_repetido,min R$ -0.1 mi em 11/20 snapshots
bext,364703816,valor_negativo_repetido,min R$ -0.1 mi em 11/20 snapshots
bext,364703851,valor_negativo_repetido,min R$ -0.1 mi em 9/20 snapshots
bext,364703909,valor_negativo_repetido,min R$ -0.1 mi em 5/20 snapshots
bext,364703921,valor_negativo_repetido,min R$ -0.1 mi em 7/20 snapshots
bext,364703973,valor_negativo_repetido,min R$ -0.0 mi em 10/20 snapshots
bext,364703991,valor_negativo_repetido,min R$ -0.1 mi em 14/20 snapshots
bext,364704033,valor_negativo_repetido,min R$ -0.1 mi em 11/20 snapshots
bext,36507967,valor_por_uh_extremo,R$/UH ate R$ 13.8 mi (1 UH; mediana familia R$ 28 k)
bext,365506254,valor_por_uh_extremo,R$/UH ate R$ 11.2 mi (1 UH; mediana familia R$ 28 k)
bext,365506255,valor_por_uh_extremo,R$/UH ate R$ 11.5 mi (1 UH; mediana familia R$ 28 k)
bext,365506274,valor_por_uh_extremo,R$/UH ate R$ 12.0 mi (1 UH; mediana familia R$ 28 k)
bext,365506284,valor_por_uh_extremo,R$/UH ate R$ 12.4 mi (1 UH; mediana familia R$ 28 k)
bext,365911287,valor_por_uh_extremo,R$/UH ate R$ 14.9 mi (1 UH; mediana familia R$ 28 k)
bext,365911291,valor_por_uh_extremo,R$/UH ate R$ 13.0 mi (1 UH; mediana familia R$ 28 k)
bext,365911299,valor_por_uh_extremo,R$/UH ate R$ 13.9 mi (1 UH; mediana familia R$ 28 k)
bext,365911300,valor_por_uh_extremo,R$/UH ate R$ 11.7 mi (1 UH; mediana familia R$ 28 k)
bext,365911301,valor_por_uh_extremo,R$/UH ate R$ 11.0 mi (1 UH; mediana familia R$ 28 k)
bext,365911308,valor_por_uh_extremo,R$/UH ate R$ 12.8 mi (1 UH; mediana familia R$ 28 k)
bext,365911313,valor_por_uh_extremo,R$/UH ate R$ 10.6 mi (1 UH; mediana familia R$ 28 k)
bext,365911315,valor_por_uh_extremo,R$/UH ate R$ 12.4 mi (1 UH; mediana familia R$ 28 k)
bext,36609645,valor_por_uh_extremo,R$/UH ate R$ 9.5 mi (1 UH; mediana familia R$ 28 k)
bext,36609666,valor_por_uh_extremo,R$/UH ate R$ 9.5 mi (1 UH; mediana familia R$ 28 k)
bext,367305887,valor_por_uh_extremo,R$/UH ate R$ 13.9 mi (1 UH; mediana familia R$ 28 k)
bext,367305893,valor_por_uh_extremo,R$/UH ate R$ 11.3 mi (1 UH; mediana familia R$ 28 k)
bext,367305901,valor_por_uh_extremo,R$/UH ate R$ 10.4 mi (1 UH; mediana familia R$ 28 k)
bext,368103597,valor_por_uh_extremo,R$/UH ate R$ 8.6 mi (1 UH; mediana familia R$ 28 k)
bext,368103600,valor_por_uh_extremo,R$/UH ate R$ 7.2 mi (1 UH; mediana familia R$ 28 k)
bext,36823777,valor_por_uh_extremo,R$/UH ate R$ 12.3 mi (1 UH; mediana familia R$ 28 k)
bext,368406289,valor_por_uh_extremo,R$/UH ate R$ 11.2 mi (1 UH; mediana familia R$ 28 k)
bext,369808646,valor_por_uh_extremo,R$/UH ate R$ 8.9 mi (1 UH; mediana familia R$ 28 k)
bext,37215394,valor_negativo_repetido,min R$ -0.1 mi em 12/20 snapshots
bext,37215415,valor_negativo_repetido,min R$ -0.1 mi em 11/20 snapshots
bext,37215439,valor_negativo_repetido,min R$ -0.1 mi em 11/20 snapshots
bext,37215488,valor_negativo_repetido,min R$ -0.1 mi em 8/20 snapshots
bext,37215550,valor_negativo_repetido,min R$ -0.1 mi em 17/20 snapshots
bext,37215648,valor_negativo_repetido,min R$ -0.1 mi em 13/20 snapshots
bext,37215787,valor_negativo_repetido,min R$ -0.1 mi em 12/20 snapshots
bext,37215928,valor_negativo_repetido,min R$ -0.1 mi em 10/20 snapshots
bext,37216006,valor_negativo_repetido,min R$ -0.1 mi em 11/20 snapshots
bext,37216207,valor_negativo_repetido,min R$ -0.1 mi em 10/20 snapshots
bext,37216210,valor_negativo_repetido,min R$ -0.1 mi em 11/20 snapshots
bext,37219169,valor_por_uh_extremo,R$/UH ate R$ 10.8 mi (1 UH; mediana familia R$ 28 k)
bext,37407055,valor_por_uh_extremo,R$/UH ate R$ 6.5 mi (1 UH; mediana familia R$ 28 k)
bext,37407093,valor_por_uh_extremo,R$/UH ate R$ 6.5 mi (1 UH; mediana familia R$ 28 k)
bext,37618447,valor_por_uh_extremo,R$/UH ate R$ 9.1 mi (1 UH; mediana familia R$ 28 k)
bext,37618448,valor_por_uh_extremo,R$/UH ate R$ 12.7 mi (1 UH; mediana familia R$ 28 k)
bext,37618459,valor_por_uh_extremo,R$/UH ate R$ 11.7 mi (1 UH; mediana familia R$ 28 k)
bext,37713475,valor_por_uh_extremo,R$/UH ate R$ 11.6 mi (1 UH; mediana familia R$ 28 k)
bext,37713477,valor_por_uh_extremo,R$/UH ate R$ 11.7 mi (1 UH; mediana familia R$ 28 k)
bext,379205307,valor_negativo_repetido,min R$ -0.1 mi em 9/20 snapshots
bext,379205314,valor_negativo_repetido,min R$ -0.1 mi em 8/20 snapshots
bext,379205328,valor_negativo_repetido,min R$ -0.1 mi em 8/20 snapshots
bext,379205345,valor_negativo_repetido,min R$ -0.1 mi em 11/20 snapshots
bext,379205346,valor_negativo_repetido,min R$ -0.1 mi em 7/20 snapshots
bext,379205347,valor_negativo_repetido,min R$ -0.1 mi em 6/20 snapshots
bext,379205360,valor_negativo_repetido,min R$ -0.1 mi em 14/20 snapshots
bext,379205361,valor_negativo_repetido,min R$ -0.1 mi em 10/20 snapshots
bext,379206368,valor_por_uh_extremo,R$/UH ate R$ 11.5 mi (1 UH; mediana familia R$ 28 k)
bext,379605159,valor_negativo_repetido,min R$ -0.1 mi em 8/20 snapshots
bext,379605168,valor_negativo_repetido,min R$ -0.1 mi em 12/20 snapshots
bext,379605192,valor_negativo_repetido,min R$ -0.1 mi em 8/20 snapshots
bext,379605219,valor_negativo_repetido,min R$ -0.1 mi em 10/20 snapshots
bext,38011431,valor_por_uh_extremo,R$/UH ate R$ 9.9 mi (1 UH; mediana familia R$ 28 k)
bext,38011432,valor_por_uh_extremo,R$/UH ate R$ 11.2 mi (1 UH; mediana familia R$ 28 k)
bext,38011433,valor_por_uh_extremo,R$/UH ate R$ 11.2 mi (1 UH; mediana familia R$ 28 k)
bext,38011438,valor_por_uh_extremo,R$/UH ate R$ 12.1 mi (1 UH; mediana familia R$ 28 k)
bext,38011455,valor_por_uh_extremo,R$/UH ate R$ 12.5 mi (1 UH; mediana familia R$ 28 k)
bext,38011460,valor_por_uh_extremo,R$/UH ate R$ 11.6 mi (1 UH; mediana familia R$ 28 k)
bext,3805739,valor_por_uh_extremo,R$/UH ate R$ 14.1 mi (1 UH; mediana familia R$ 28 k)
bext,38114763,valor_por_uh_extremo,R$/UH ate R$ 6.6 mi (1 UH; mediana familia R$ 28 k)
bext,38116171,valor_por_uh_extremo,R$/UH ate R$ 11.4 mi (1 UH; mediana familia R$ 28 k)
bext,38116177,valor_por_uh_extremo,R$/UH ate R$ 11.2 mi (1 UH; mediana familia R$ 28 k)
bext,38116178,valor_por_uh_extremo,R$/UH ate R$ 10.8 mi (1 UH; mediana familia R$ 28 k)
bext,38116185,valor_por_uh_extremo,R$/UH ate R$ 10.4 mi (1 UH; mediana familia R$ 28 k)
bext,381401077,valor_por_uh_extremo,R$/UH ate R$ 12.4 mi (1 UH; mediana familia R$ 28 k)
bext,381401085,valor_por_uh_extremo,R$/UH ate R$ 12.3 mi (1 UH; mediana familia R$ 28 k)
bext,381401088,valor_por_uh_extremo,R$/UH ate R$ 11.5 mi (1 UH; mediana familia R$ 28 k)
bext,381501573,valor_por_uh_extremo,R$/UH ate R$ 11.0 mi (1 UH; mediana familia R$ 28 k)
bext,381501578,valor_por_uh_extremo,R$/UH ate R$ 11.5 mi (1 UH; mediana familia R$ 28 k)
bext,386202477,valor_por_uh_extremo,R$/UH ate R$ 13.4 mi (1 UH; mediana familia R$ 28 k)
bext,388001857,valor_por_uh_extremo,R$/UH ate R$ 11.9 mi (1 UH; mediana familia R$ 28 k)
bext,388705168,valor_por_uh_extremo,R$/UH ate R$ 11.0 mi (1 UH; mediana familia R$ 28 k)
bext,388802196,valor_por_uh_extremo,R$/UH ate R$ 12.3 mi (1 UH; mediana familia R$ 28 k)
bext,390001772,valor_por_uh_extremo,R$/UH ate R$ 8.0 mi (1 UH; mediana familia R$ 28 k)
bext,394006311,valor_por_uh_extremo,R$/UH ate R$ 13.5 mi (1 UH; mediana familia R$ 28 k)
bext,39518278,valor_por_uh_extremo,R$/UH ate R$ 11.9 mi (1 UH; mediana familia R$ 28 k)
bext,39518310,valor_por_uh_extremo,R$/UH ate R$ 7.4 mi (1 UH; mediana familia R$ 28 k)
bext,39518314,valor_por_uh_extremo,R$/UH ate R$ 14.4 mi (1 UH; mediana familia R$ 28 k)
bext,396208142,valor_por_uh_extremo,R$/UH ate R$ 10.1 mi (1 UH; mediana familia R$ 28 k)
bext,396208143,valor_por_uh_extremo,R$/UH ate R$ 11.4 mi (1 UH; mediana familia R$ 28 k)
bext,396208145,valor_por_uh_extremo,R$/UH ate R$ 13.8 mi (1 UH; mediana familia R$ 28 k)
bext,396208146,valor_por_uh_extremo,R$/UH ate R$ 11.7 mi (1 UH; mediana familia R$ 28 k)
bext,396208153,valor_por_uh_extremo,R$/UH ate R$ 14.1 mi (1 UH; mediana familia R$ 28 k)
bext,396208154,valor_por_uh_extremo,R$/UH ate R$ 12.7 mi (1 UH; mediana familia R$ 28 k)
bext,39706097,valor_negativo_repetido,min R$ -0.1 mi em 12/20 snapshots
bext,39706113,valor_negativo_repetido,min R$ -0.1 mi em 12/20 snapshots
bext,39706115,valor_negativo_repetido,min R$ -0.1 mi em 9/20 snapshots
bext,39706117,valor_negativo_repetido,min R$ -0.1 mi em 12/20 snapshots
bext,39706131,valor_negativo_repetido,min R$ -0.0 mi em 8/20 snapshots
bext,39706134,valor_negativo_repetido,min R$ -0.1 mi em 7/20 snapshots
bext,398001869,valor_por_uh_extremo,R$/UH ate R$ 10.0 mi (1 UH; mediana familia R$ 28 k)
bext,398705860,valor_por_uh_extremo,R$/UH ate R$ 14.0 mi (1 UH; mediana familia R$ 28 k)
bext,398803410,valor_por_uh_extremo,R$/UH ate R$ 8.1 mi (1 UH; mediana familia R$ 28 k)
bext,398803414,valor_por_uh_extremo,R$/UH ate R$ 7.7 mi (1 UH; mediana familia R$ 28 k)
bext,40114234,valor_por_uh_extremo,R$/UH ate R$ 11.9 mi (1 UH; mediana familia R$ 28 k)
bext,401504410,valor_negativo_repetido,min R$ -0.1 mi em 6/20 snapshots
bext,401504417,valor_negativo_repetido,min R$ -0.1 mi em 11/20 snapshots
bext,401504421,valor_negativo_repetido,min R$ -0.0 mi em 8/20 snapshots
bext,401504452,valor_negativo_repetido,min R$ -0.1 mi em 12/20 snapshots
bext,401504456,valor_negativo_repetido,min R$ -0.1 mi em 10/20 snapshots
bext,401504464,valor_negativo_repetido,min R$ -0.1 mi em 11/20 snapshots
bext,401504479,valor_negativo_repetido,min R$ -0.1 mi em 11/20 snapshots
bext,401504495,valor_negativo_repetido,min R$ -0.1 mi em 8/20 snapshots
bext,401504496,valor_negativo_repetido,min R$ -0.1 mi em 10/20 snapshots
bext,401504590,valor_negativo_repetido,min R$ -0.1 mi em 7/20 snapshots
bext,401504595,valor_negativo_repetido,min R$ -0.1 mi em 7/20 snapshots
bext,401504600,valor_negativo_repetido,min R$ -0.1 mi em 9/20 snapshots
bext,401504602,valor_negativo_repetido,min R$ -0.0 mi em 9/20 snapshots
bext,401504606,valor_negativo_repetido,min R$ -0.1 mi em 11/20 snapshots
bext,401504659,valor_negativo_repetido,min R$ -0.1 mi em 12/20 snapshots
bext,401803565,valor_negativo_repetido,min R$ -0.1 mi em 7/20 snapshots
bext,401803628,valor_negativo_repetido,min R$ -0.1 mi em 12/20 snapshots
bext,401803630,valor_negativo_repetido,min R$ -0.1 mi em 12/20 snapshots
bext,401803640,valor_negativo_repetido,min R$ -0.1 mi em 9/20 snapshots
bext,401803669,valor_negativo_repetido,min R$ -0.1 mi em 7/20 snapshots
bext,401803790,valor_negativo_repetido,min R$ -0.1 mi em 9/20 snapshots
bext,401803808,valor_negativo_repetido,min R$ -0.1 mi em 9/20 snapshots
bext,401803811,valor_negativo_repetido,min R$ -0.1 mi em 10/20 snapshots
bext,401803837,valor_negativo_repetido,min R$ -0.1 mi em 8/20 snapshots
bext,401803860,valor_negativo_repetido,min R$ -0.1 mi em 9/20 snapshots
bext,401803867,valor_negativo_repetido,min R$ -0.1 mi em 9/20 snapshots
bext,401803874,valor_negativo_repetido,min R$ -0.1 mi em 12/20 snapshots
bext,401803947,valor_negativo_repetido,min R$ -0.1 mi em 10/20 snapshots
bext,401803957,valor_negativo_repetido,min R$ -0.1 mi em 9/20 snapshots
bext,401803964,valor_negativo_repetido,min R$ -0.1 mi em 8/20 snapshots
bext,401803965,valor_negativo_repetido,min R$ -0.1 mi em 12/20 snapshots
bext,401803978,valor_negativo_repetido,min R$ -0.1 mi em 9/20 snapshots
bext,401804034,valor_negativo_repetido,min R$ -0.1 mi em 8/20 snapshots
bext,401804043,valor_negativo_repetido,min R$ -0.1 mi em 12/20 snapshots
bext,401804261,valor_negativo_repetido,min R$ -0.1 mi em 11/20 snapshots
bext,401804273,valor_negativo_repetido,min R$ -0.1 mi em 11/20 snapshots
bext,401804274,valor_negativo_repetido,min R$ -0.1 mi em 11/20 snapshots
bext,401804282,valor_negativo_repetido,min R$ -0.1 mi em 12/20 snapshots
bext,401804283,valor_negativo_repetido,min R$ -0.1 mi em 10/20 snapshots
bext,401804312,valor_negativo_repetido,min R$ -0.1 mi em 12/20 snapshots
bext,401804328,valor_negativo_repetido,min R$ -0.1 mi em 12/20 snapshots
bext,401804375,valor_negativo_repetido,min R$ -0.1 mi em 11/20 snapshots
bext,401804385,valor_negativo_repetido,min R$ -0.1 mi em 11/20 snapshots
bext,401804393,valor_negativo_repetido,min R$ -0.1 mi em 10/20 snapshots
bext,401804433,valor_negativo_repetido,min R$ -0.1 mi em 8/20 snapshots
bext,401804437,valor_negativo_repetido,min R$ -0.0 mi em 12/20 snapshots
bext,401804441,valor_negativo_repetido,min R$ -0.1 mi em 10/20 snapshots
bext,403601061,valor_por_uh_extremo,R$/UH ate R$ 10.9 mi (1 UH; mediana familia R$ 28 k)
bext,403702525,valor_negativo_repetido,min R$ -0.1 mi em 7/20 snapshots
bext,403702529,valor_negativo_repetido,min R$ -0.1 mi em 9/20 snapshots
bext,403702560,valor_negativo_repetido,min R$ -0.1 mi em 9/20 snapshots
bext,403702571,valor_negativo_repetido,min R$ -0.1 mi em 11/20 snapshots
bext,403702596,valor_negativo_repetido,min R$ -0.1 mi em 11/20 snapshots
bext,403702609,valor_negativo_repetido,min R$ -0.1 mi em 11/20 snapshots
bext,403702673,valor_negativo_repetido,min R$ -0.1 mi em 10/20 snapshots
bext,403702795,valor_negativo_repetido,min R$ -0.1 mi em 7/20 snapshots
bext,405002180,valor_por_uh_extremo,R$/UH ate R$ 10.5 mi (1 UH; mediana familia R$ 28 k)
bext,405002182,valor_por_uh_extremo,R$/UH ate R$ 6.9 mi (1 UH; mediana familia R$ 28 k)
bext,40514318,valor_por_uh_extremo,R$/UH ate R$ 13.2 mi (1 UH; mediana familia R$ 28 k)
bext,40514330,valor_por_uh_extremo,R$/UH ate R$ 13.6 mi (1 UH; mediana familia R$ 28 k)
bext,405702135,valor_por_uh_extremo,R$/UH ate R$ 12.8 mi (1 UH; mediana familia R$ 28 k)
bext,405702136,valor_por_uh_extremo,R$/UH ate R$ 14.9 mi (1 UH; mediana familia R$ 28 k)
bext,405702137,valor_por_uh_extremo,R$/UH ate R$ 12.9 mi (1 UH; mediana familia R$ 28 k)
bext,405702138,valor_por_uh_extremo,R$/UH ate R$ 15.3 mi (1 UH; mediana familia R$ 28 k)
bext,405702140,valor_por_uh_extremo,R$/UH ate R$ 11.8 mi (1 UH; mediana familia R$ 28 k)
bext,40619248,valor_por_uh_extremo,R$/UH ate R$ 10.9 mi (1 UH; mediana familia R$ 28 k)
bext,40619252,valor_por_uh_extremo,R$/UH ate R$ 11.2 mi (1 UH; mediana familia R$ 28 k)
bext,40619270,valor_por_uh_extremo,R$/UH ate R$ 11.0 mi (1 UH; mediana familia R$ 28 k)
bext,40619271,valor_por_uh_extremo,R$/UH ate R$ 9.8 mi (1 UH; mediana familia R$ 28 k)
bext,40619276,valor_por_uh_extremo,R$/UH ate R$ 11.7 mi (1 UH; mediana familia R$ 28 k)
bext,40619279,valor_por_uh_extremo,R$/UH ate R$ 10.9 mi (1 UH; mediana familia R$ 28 k)
bext,40619280,valor_por_uh_extremo,R$/UH ate R$ 11.6 mi (1 UH; mediana familia R$ 28 k)
bext,40619281,valor_por_uh_extremo,R$/UH ate R$ 9.4 mi (1 UH; mediana familia R$ 28 k)
bext,40619287,valor_por_uh_extremo,R$/UH ate R$ 9.3 mi (1 UH; mediana familia R$ 28 k)
bext,40705240,valor_por_uh_extremo,R$/UH ate R$ 13.6 mi (1 UH; mediana familia R$ 28 k)
bext,40812472,valor_por_uh_extremo,R$/UH ate R$ 11.8 mi (1 UH; mediana familia R$ 28 k)
bext,40812481,valor_por_uh_extremo,R$/UH ate R$ 11.5 mi (1 UH; mediana familia R$ 28 k)
bext,40812491,valor_por_uh_extremo,R$/UH ate R$ 11.0 mi (1 UH; mediana familia R$ 28 k)
bext,40812492,valor_por_uh_extremo,R$/UH ate R$ 11.5 mi (1 UH; mediana familia R$ 28 k)
bext,409701910,valor_por_uh_extremo,R$/UH ate R$ 8.7 mi (1 UH; mediana familia R$ 28 k)
bext,410301213,valor_por_uh_extremo,R$/UH ate R$ 8.6 mi (1 UH; mediana familia R$ 28 k)
bext,41033856,valor_por_uh_extremo,R$/UH ate R$ 12.8 mi (1 UH; mediana familia R$ 28 k)
bext,4120446,valor_por_uh_extremo,R$/UH ate R$ 10.1 mi (1 UH; mediana familia R$ 28 k)
bext,4120457,valor_por_uh_extremo,R$/UH ate R$ 8.1 mi (1 UH; mediana familia R$ 28 k)
bext,414805998,valor_negativo_repetido,min R$ -0.1 mi em 16/20 snapshots
bext,414805999,valor_negativo_repetido,min R$ -0.1 mi em 10/20 snapshots
bext,414806000,valor_negativo_repetido,min R$ -0.1 mi em 8/20 snapshots
bext,414806001,valor_negativo_repetido,min R$ -0.1 mi em 13/20 snapshots
bext,414806006,valor_negativo_repetido,min R$ -0.1 mi em 7/20 snapshots
bext,414806007,valor_negativo_repetido,min R$ -0.1 mi em 10/20 snapshots
bext,414806010,valor_negativo_repetido,min R$ -0.1 mi em 8/20 snapshots
bext,414806011,valor_negativo_repetido,min R$ -0.1 mi em 7/20 snapshots
bext,414806018,valor_negativo_repetido,min R$ -0.1 mi em 11/20 snapshots
bext,414806024,valor_negativo_repetido,min R$ -0.1 mi em 5/20 snapshots
bext,414806044,valor_negativo_repetido,min R$ -0.1 mi em 12/20 snapshots
bext,414806069,valor_negativo_repetido,min R$ -0.1 mi em 7/20 snapshots
bext,414806080,valor_negativo_repetido,min R$ -0.1 mi em 11/20 snapshots
bext,414806087,valor_negativo_repetido,min R$ -0.1 mi em 10/20 snapshots
bext,414806149,valor_negativo_repetido,min R$ -0.1 mi em 8/20 snapshots
bext,414806164,valor_negativo_repetido,min R$ -0.1 mi em 7/20 snapshots
bext,414806177,valor_negativo_repetido,min R$ -0.1 mi em 8/20 snapshots
bext,414806183,valor_negativo_repetido,min R$ -0.1 mi em 15/20 snapshots
bext,414806208,valor_negativo_repetido,min R$ -0.1 mi em 10/20 snapshots
bext,414806210,valor_negativo_repetido,min R$ -0.1 mi em 4/20 snapshots
bext,414806213,valor_negativo_repetido,min R$ -0.1 mi em 16/20 snapshots
bext,414806223,valor_negativo_repetido,min R$ -0.1 mi em 10/20 snapshots
bext,414806224,valor_negativo_repetido,min R$ -0.1 mi em 7/20 snapshots
bext,41510433,valor_por_uh_extremo,R$/UH ate R$ 15.5 mi (1 UH; mediana familia R$ 28 k)
bext,41510456,valor_por_uh_extremo,R$/UH ate R$ 10.5 mi (1 UH; mediana familia R$ 28 k)
bext,416505646,valor_por_uh_extremo,R$/UH ate R$ 17.1 mi (1 UH; mediana familia R$ 28 k)
bext,416505648,valor_por_uh_extremo,R$/UH ate R$ 16.7 mi (1 UH; mediana familia R$ 28 k)
bext,416505649,valor_por_uh_extremo,R$/UH ate R$ 14.6 mi (1 UH; mediana familia R$ 28 k)
bext,416505652,valor_por_uh_extremo,R$/UH ate R$ 13.2 mi (1 UH; mediana familia R$ 28 k)
bext,419802325,valor_por_uh_extremo,R$/UH ate R$ 12.9 mi (1 UH; mediana familia R$ 28 k)
bext,419802329,valor_por_uh_extremo,R$/UH ate R$ 12.5 mi (1 UH; mediana familia R$ 28 k)
bext,421003358,valor_negativo_repetido,min R$ -0.1 mi em 11/20 snapshots
bext,421003367,valor_negativo_repetido,min R$ -0.1 mi em 11/20 snapshots
bext,421003451,valor_negativo_repetido,min R$ -0.1 mi em 10/20 snapshots
bext,421003452,valor_negativo_repetido,min R$ -0.1 mi em 14/20 snapshots
bext,421003456,valor_negativo_repetido,min R$ -0.1 mi em 7/20 snapshots
bext,421003566,valor_negativo_repetido,min R$ -0.1 mi em 10/20 snapshots
bext,421003567,valor_negativo_repetido,min R$ -0.1 mi em 13/20 snapshots
bext,42110213,valor_por_uh_extremo,R$/UH ate R$ 11.4 mi (1 UH; mediana familia R$ 28 k)
bext,42110224,valor_por_uh_extremo,R$/UH ate R$ 10.7 mi (1 UH; mediana familia R$ 28 k)
bext,42110232,valor_por_uh_extremo,R$/UH ate R$ 11.4 mi (1 UH; mediana familia R$ 28 k)
bext,421701886,valor_negativo_repetido,min R$ -0.1 mi em 5/20 snapshots
bext,421701889,valor_negativo_repetido,min R$ -0.1 mi em 6/20 snapshots
bext,421701896,valor_negativo_repetido,min R$ -0.1 mi em 11/20 snapshots
bext,421701900,valor_negativo_repetido,min R$ -0.1 mi em 7/20 snapshots
bext,421701905,valor_negativo_repetido,min R$ -0.1 mi em 13/20 snapshots
bext,421701908,valor_negativo_repetido,min R$ -0.1 mi em 10/20 snapshots
bext,421701915,valor_negativo_repetido,min R$ -0.1 mi em 10/20 snapshots
bext,421701916,valor_negativo_repetido,min R$ -0.1 mi em 14/20 snapshots
bext,421701920,valor_negativo_repetido,min R$ -0.1 mi em 7/20 snapshots
bext,421701921,valor_negativo_repetido,min R$ -0.1 mi em 7/20 snapshots
bext,421701923,valor_negativo_repetido,min R$ -0.1 mi em 9/20 snapshots
bext,421701924,valor_negativo_repetido,min R$ -0.1 mi em 10/20 snapshots
bext,421701936,valor_negativo_repetido,min R$ -0.1 mi em 6/20 snapshots
bext,421701939,valor_negativo_repetido,min R$ -0.1 mi em 9/20 snapshots
bext,421701940,valor_negativo_repetido,min R$ -0.1 mi em 9/20 snapshots
bext,421701941,valor_negativo_repetido,min R$ -0.1 mi em 12/20 snapshots
bext,421701943,valor_negativo_repetido,min R$ -0.1 mi em 15/20 snapshots
bext,421701944,valor_negativo_repetido,min R$ -0.1 mi em 8/20 snapshots
bext,421701945,valor_negativo_repetido,min R$ -0.1 mi em 11/20 snapshots
bext,421701948,valor_negativo_repetido,min R$ -0.1 mi em 8/20 snapshots
bext,421701949,valor_negativo_repetido,min R$ -0.1 mi em 9/20 snapshots
bext,421701950,valor_negativo_repetido,min R$ -0.1 mi em 9/20 snapshots
bext,421701951,valor_negativo_repetido,min R$ -0.1 mi em 8/20 snapshots
bext,421701952,valor_negativo_repetido,min R$ -0.1 mi em 10/20 snapshots
bext,421701954,valor_negativo_repetido,min R$ -0.1 mi em 10/20 snapshots
bext,421701955,valor_negativo_repetido,min R$ -0.1 mi em 12/20 snapshots
bext,421701957,valor_negativo_repetido,min R$ -0.1 mi em 8/20 snapshots
bext,421701965,valor_negativo_repetido,min R$ -0.1 mi em 9/20 snapshots
bext,421701971,valor_negativo_repetido,min R$ -0.1 mi em 10/20 snapshots
bext,421701974,valor_negativo_repetido,min R$ -0.1 mi em 9/20 snapshots
bext,421701984,valor_negativo_repetido,min R$ -0.1 mi em 11/20 snapshots
bext,421701997,valor_negativo_repetido,min R$ -0.1 mi em 12/20 snapshots
bext,421702002,valor_negativo_repetido,min R$ -0.1 mi em 12/20 snapshots
bext,421702045,valor_negativo_repetido,min R$ -0.1 mi em 10/20 snapshots
bext,421702052,valor_negativo_repetido,min R$ -0.1 mi em 11/20 snapshots
bext,421702054,valor_negativo_repetido,min R$ -0.1 mi em 11/20 snapshots
bext,421702057,valor_negativo_repetido,min R$ -0.1 mi em 11/20 snapshots
bext,421702068,valor_negativo_repetido,min R$ -0.1 mi em 9/20 snapshots
bext,421702069,valor_negativo_repetido,min R$ -0.1 mi em 6/20 snapshots
bext,421702077,valor_negativo_repetido,min R$ -0.1 mi em 5/20 snapshots
bext,421702080,valor_negativo_repetido,min R$ -0.1 mi em 11/20 snapshots
bext,421702085,valor_negativo_repetido,min R$ -0.1 mi em 11/20 snapshots
bext,421702089,valor_negativo_repetido,min R$ -0.1 mi em 9/20 snapshots
bext,421702101,valor_negativo_repetido,min R$ -0.1 mi em 12/20 snapshots
bext,421702107,valor_negativo_repetido,min R$ -0.1 mi em 10/20 snapshots
bext,421702110,valor_negativo_repetido,min R$ -0.1 mi em 8/20 snapshots
bext,421702128,valor_negativo_repetido,min R$ -0.1 mi em 13/20 snapshots
bext,421702134,valor_negativo_repetido,min R$ -0.1 mi em 7/20 snapshots
bext,421702136,valor_negativo_repetido,min R$ -0.1 mi em 13/20 snapshots
bext,421702171,valor_negativo_repetido,min R$ -0.1 mi em 10/20 snapshots
bext,421702178,valor_negativo_repetido,min R$ -0.1 mi em 12/20 snapshots
bext,421703342,valor_por_uh_extremo,R$/UH ate R$ 7.1 mi (1 UH; mediana familia R$ 28 k)
bext,421703359,valor_por_uh_extremo,R$/UH ate R$ 9.6 mi (1 UH; mediana familia R$ 28 k)
bext,421703361,valor_por_uh_extremo,R$/UH ate R$ 7.4 mi (1 UH; mediana familia R$ 28 k)
bext,421703371,valor_por_uh_extremo,R$/UH ate R$ 9.0 mi (1 UH; mediana familia R$ 28 k)
bext,421703374,valor_por_uh_extremo,R$/UH ate R$ 6.1 mi (1 UH; mediana familia R$ 28 k)
bext,422103352,valor_negativo_repetido,min R$ -0.1 mi em 11/20 snapshots
bext,422103361,valor_negativo_repetido,min R$ -0.1 mi em 13/20 snapshots
bext,422103363,valor_negativo_repetido,min R$ -0.1 mi em 9/20 snapshots
bext,422103445,valor_negativo_repetido,min R$ -0.1 mi em 8/20 snapshots
bext,422103448,valor_negativo_repetido,min R$ -0.1 mi em 11/20 snapshots
bext,422103452,valor_negativo_repetido,min R$ -0.1 mi em 12/20 snapshots
bext,422103463,valor_negativo_repetido,min R$ -0.1 mi em 12/20 snapshots
bext,422103478,valor_negativo_repetido,min R$ -0.1 mi em 12/20 snapshots
bext,422103481,valor_negativo_repetido,min R$ -0.1 mi em 15/20 snapshots
bext,42215050,valor_por_uh_extremo,R$/UH ate R$ 11.5 mi (1 UH; mediana familia R$ 28 k)
bext,42215060,valor_por_uh_extremo,R$/UH ate R$ 11.7 mi (1 UH; mediana familia R$ 28 k)
bext,42215082,valor_por_uh_extremo,R$/UH ate R$ 9.6 mi (1 UH; mediana familia R$ 28 k)
bext,423103386,valor_por_uh_extremo,R$/UH ate R$ 11.4 mi (1 UH; mediana familia R$ 28 k)
bext,423403959,valor_por_uh_extremo,R$/UH ate R$ 10.7 mi (1 UH; mediana familia R$ 28 k)
bext,423403960,valor_por_uh_extremo,R$/UH ate R$ 10.4 mi (1 UH; mediana familia R$ 28 k)
bext,423403963,valor_por_uh_extremo,R$/UH ate R$ 11.0 mi (1 UH; mediana familia R$ 28 k)
bext,423403976,valor_por_uh_extremo,R$/UH ate R$ 10.5 mi (1 UH; mediana familia R$ 28 k)
bext,423403978,valor_por_uh_extremo,R$/UH ate R$ 10.8 mi (1 UH; mediana familia R$ 28 k)
bext,423403986,valor_por_uh_extremo,R$/UH ate R$ 10.5 mi (1 UH; mediana familia R$ 28 k)
bext,423403990,valor_por_uh_extremo,R$/UH ate R$ 10.8 mi (1 UH; mediana familia R$ 28 k)
bext,425203123,valor_por_uh_extremo,R$/UH ate R$ 11.7 mi (1 UH; mediana familia R$ 28 k)
bext,426805024,valor_por_uh_extremo,R$/UH ate R$ 11.3 mi (1 UH; mediana familia R$ 28 k)
bext,427206743,valor_por_uh_extremo,R$/UH ate R$ 6.5 mi (1 UH; mediana familia R$ 28 k)
bext,427208335,valor_por_uh_extremo,R$/UH ate R$ 14.4 mi (1 UH; mediana familia R$ 28 k)
bext,427604406,valor_por_uh_extremo,R$/UH ate R$ 14.6 mi (1 UH; mediana familia R$ 28 k)
bext,427604407,valor_por_uh_extremo,R$/UH ate R$ 12.2 mi (1 UH; mediana familia R$ 28 k)
bext,427604417,valor_por_uh_extremo,R$/UH ate R$ 12.8 mi (1 UH; mediana familia R$ 28 k)
bext,42819265,valor_por_uh_extremo,R$/UH ate R$ 11.3 mi (1 UH; mediana familia R$ 28 k)
bext,4307321,valor_por_uh_extremo,R$/UH ate R$ 9.6 mi (1 UH; mediana familia R$ 28 k)
bext,4307323,valor_por_uh_extremo,R$/UH ate R$ 9.5 mi (1 UH; mediana familia R$ 28 k)
bext,43115793,valor_negativo_repetido,min R$ -0.1 mi em 9/20 snapshots
bext,43115807,valor_negativo_repetido,min R$ -0.1 mi em 7/20 snapshots
bext,431801989,valor_negativo_repetido,min R$ -0.1 mi em 5/20 snapshots
bext,431801990,valor_negativo_repetido,min R$ -0.1 mi em 9/20 snapshots
bext,431801991,valor_negativo_repetido,min R$ -0.1 mi em 8/20 snapshots
bext,431801992,valor_negativo_repetido,min R$ -0.1 mi em 8/20 snapshots
bext,431801993,valor_negativo_repetido,min R$ -0.1 mi em 11/20 snapshots
bext,431801994,valor_negativo_repetido,min R$ -0.1 mi em 9/20 snapshots
bext,431801996,valor_negativo_repetido,min R$ -0.1 mi em 10/20 snapshots
bext,431802001,valor_negativo_repetido,min R$ -0.1 mi em 12/20 snapshots
bext,431802006,valor_negativo_repetido,min R$ -0.1 mi em 10/20 snapshots
bext,431802008,valor_negativo_repetido,min R$ -0.1 mi em 13/20 snapshots
bext,431802009,valor_negativo_repetido,min R$ -0.1 mi em 7/20 snapshots
bext,431802010,valor_negativo_repetido,min R$ -0.1 mi em 10/20 snapshots
bext,431802011,valor_negativo_repetido,min R$ -0.1 mi em 9/20 snapshots
bext,431802012,valor_negativo_repetido,min R$ -0.1 mi em 10/20 snapshots
bext,431802017,valor_negativo_repetido,min R$ -0.1 mi em 10/20 snapshots
bext,431802018,valor_negativo_repetido,min R$ -0.1 mi em 13/20 snapshots
bext,431802019,valor_negativo_repetido,min R$ -0.1 mi em 10/20 snapshots
bext,431802020,valor_negativo_repetido,min R$ -0.1 mi em 12/20 snapshots
bext,431802021,valor_negativo_repetido,min R$ -0.1 mi em 10/20 snapshots
bext,431802025,valor_negativo_repetido,min R$ -0.1 mi em 10/20 snapshots
bext,431802026,valor_negativo_repetido,min R$ -0.1 mi em 17/20 snapshots
bext,431802043,valor_negativo_repetido,min R$ -0.1 mi em 11/20 snapshots
bext,431802051,valor_negativo_repetido,min R$ -0.1 mi em 12/20 snapshots
bext,431802066,valor_negativo_repetido,min R$ -0.1 mi em 5/20 snapshots
bext,431802091,valor_negativo_repetido,min R$ -0.1 mi em 14/20 snapshots
bext,431802123,valor_negativo_repetido,min R$ -0.1 mi em 9/20 snapshots
bext,431802148,valor_negativo_repetido,min R$ -0.1 mi em 10/20 snapshots
bext,431802167,valor_negativo_repetido,min R$ -0.1 mi em 10/20 snapshots
bext,431802168,valor_negativo_repetido,min R$ -0.1 mi em 10/20 snapshots
bext,43204922,valor_negativo_repetido,min R$ -0.1 mi em 10/20 snapshots
bext,43204923,valor_negativo_repetido,min R$ -0.1 mi em 13/20 snapshots
bext,43204936,valor_negativo_repetido,min R$ -0.1 mi em 12/20 snapshots
bext,43204937,valor_negativo_repetido,min R$ -0.1 mi em 8/20 snapshots
bext,43204956,valor_negativo_repetido,min R$ -0.1 mi em 13/20 snapshots
bext,43204958,valor_negativo_repetido,min R$ -0.1 mi em 9/20 snapshots
bext,43204967,valor_negativo_repetido,min R$ -0.1 mi em 11/20 snapshots
bext,43204974,valor_negativo_repetido,min R$ -0.1 mi em 10/20 snapshots
bext,43204977,valor_negativo_repetido,min R$ -0.1 mi em 7/20 snapshots
bext,43204979,valor_negativo_repetido,min R$ -0.1 mi em 8/20 snapshots
bext,43204983,valor_negativo_repetido,min R$ -0.1 mi em 11/20 snapshots
bext,43204984,valor_negativo_repetido,min R$ -0.1 mi em 9/20 snapshots
bext,43204985,valor_negativo_repetido,min R$ -0.1 mi em 6/20 snapshots
bext,43204989,valor_negativo_repetido,min R$ -0.1 mi em 10/20 snapshots
bext,43204990,valor_negativo_repetido,min R$ -0.1 mi em 14/20 snapshots
bext,43204992,valor_negativo_repetido,min R$ -0.1 mi em 11/20 snapshots
bext,43204993,valor_negativo_repetido,min R$ -0.1 mi em 8/20 snapshots
bext,43205005,valor_negativo_repetido,min R$ -0.1 mi em 10/20 snapshots
bext,43205006,valor_negativo_repetido,min R$ -0.1 mi em 8/20 snapshots
bext,43205007,valor_negativo_repetido,min R$ -0.1 mi em 10/20 snapshots
bext,43205014,valor_negativo_repetido,min R$ -0.1 mi em 11/20 snapshots
bext,43205018,valor_negativo_repetido,min R$ -0.1 mi em 10/20 snapshots
bext,43205023,valor_negativo_repetido,min R$ -0.1 mi em 8/20 snapshots
bext,43205031,valor_negativo_repetido,min R$ -0.1 mi em 11/20 snapshots
bext,43205032,valor_negativo_repetido,min R$ -0.1 mi em 7/20 snapshots
bext,43205042,valor_negativo_repetido,min R$ -0.1 mi em 6/20 snapshots
bext,43205054,valor_negativo_repetido,min R$ -0.1 mi em 10/20 snapshots
bext,43205055,valor_negativo_repetido,min R$ -0.1 mi em 10/20 snapshots
bext,43205065,valor_negativo_repetido,min R$ -0.1 mi em 8/20 snapshots
bext,43205089,valor_negativo_repetido,min R$ -0.1 mi em 11/20 snapshots
bext,43205093,valor_negativo_repetido,min R$ -0.1 mi em 9/20 snapshots
bext,43205102,valor_negativo_repetido,min R$ -0.1 mi em 8/20 snapshots
bext,43205105,valor_negativo_repetido,min R$ -0.1 mi em 11/20 snapshots
bext,43205109,valor_negativo_repetido,min R$ -0.1 mi em 12/20 snapshots
bext,43205112,valor_negativo_repetido,min R$ -0.1 mi em 11/20 snapshots
bext,43205122,valor_negativo_repetido,min R$ -0.1 mi em 10/20 snapshots
bext,43205123,valor_negativo_repetido,min R$ -0.1 mi em 10/20 snapshots
bext,43205242,valor_negativo_repetido,min R$ -0.1 mi em 8/20 snapshots
bext,43205248,valor_negativo_repetido,min R$ -0.1 mi em 10/20 snapshots
bext,43205260,valor_negativo_repetido,min R$ -0.1 mi em 9/20 snapshots
bext,432204767,valor_por_uh_extremo,R$/UH ate R$ 16.2 mi (1 UH; mediana familia R$ 28 k)
bext,432702730,valor_por_uh_extremo,R$/UH ate R$ 9.2 mi (1 UH; mediana familia R$ 28 k)
bext,434105715,valor_por_uh_extremo,R$/UH ate R$ 4.2 mi (1 UH; mediana familia R$ 28 k)
bext,435104503,valor_por_uh_extremo,R$/UH ate R$ 11.1 mi (1 UH; mediana familia R$ 28 k)
bext,435104504,valor_por_uh_extremo,R$/UH ate R$ 11.0 mi (1 UH; mediana familia R$ 28 k)
bext,435104506,valor_por_uh_extremo,R$/UH ate R$ 11.6 mi (1 UH; mediana familia R$ 28 k)
bext,435104512,valor_por_uh_extremo,R$/UH ate R$ 11.9 mi (1 UH; mediana familia R$ 28 k)
bext,435104517,valor_por_uh_extremo,R$/UH ate R$ 12.5 mi (1 UH; mediana familia R$ 28 k)
bext,435104519,valor_por_uh_extremo,R$/UH ate R$ 13.7 mi (1 UH; mediana familia R$ 28 k)
bext,435104520,valor_por_uh_extremo,R$/UH ate R$ 11.3 mi (1 UH; mediana familia R$ 28 k)
bext,435104525,valor_por_uh_extremo,R$/UH ate R$ 6.2 mi (1 UH; mediana familia R$ 28 k)
bext,435104529,valor_por_uh_extremo,R$/UH ate R$ 10.6 mi (1 UH; mediana familia R$ 28 k)
bext,435104530,valor_por_uh_extremo,R$/UH ate R$ 10.5 mi (1 UH; mediana familia R$ 28 k)
bext,435104531,valor_por_uh_extremo,R$/UH ate R$ 10.9 mi (1 UH; mediana familia R$ 28 k)
bext,435501913,valor_negativo_repetido,min R$ -0.1 mi em 11/20 snapshots
bext,435501924,valor_negativo_repetido,min R$ -0.1 mi em 10/20 snapshots
bext,435501926,valor_negativo_repetido,min R$ -0.1 mi em 11/20 snapshots
bext,435501928,valor_negativo_repetido,min R$ -0.1 mi em 9/20 snapshots
bext,435501930,valor_negativo_repetido,min R$ -0.1 mi em 10/20 snapshots
bext,435501933,valor_negativo_repetido,min R$ -0.1 mi em 9/20 snapshots
bext,435501935,valor_negativo_repetido,min R$ -0.1 mi em 12/20 snapshots
bext,435501936,valor_negativo_repetido,min R$ -0.1 mi em 12/20 snapshots
bext,435501938,valor_negativo_repetido,min R$ -0.1 mi em 8/20 snapshots
bext,435501940,valor_negativo_repetido,min R$ -0.1 mi em 8/20 snapshots
bext,435501945,valor_negativo_repetido,min R$ -0.1 mi em 9/20 snapshots
bext,435501946,valor_negativo_repetido,min R$ -0.1 mi em 10/20 snapshots
bext,435501947,valor_negativo_repetido,min R$ -0.1 mi em 9/20 snapshots
bext,435501950,valor_negativo_repetido,min R$ -0.1 mi em 9/20 snapshots
bext,435501951,valor_negativo_repetido,min R$ -0.1 mi em 7/20 snapshots
bext,435501956,valor_negativo_repetido,min R$ -0.1 mi em 11/20 snapshots
bext,435501960,valor_negativo_repetido,min R$ -0.1 mi em 10/20 snapshots
bext,435501961,valor_negativo_repetido,min R$ -0.1 mi em 6/20 snapshots
bext,435501962,valor_negativo_repetido,min R$ -0.1 mi em 9/20 snapshots
bext,435501963,valor_negativo_repetido,min R$ -0.1 mi em 9/20 snapshots
bext,435501965,valor_negativo_repetido,min R$ -0.1 mi em 12/20 snapshots
bext,435501970,valor_negativo_repetido,min R$ -0.1 mi em 10/20 snapshots
bext,435501973,valor_negativo_repetido,min R$ -0.1 mi em 10/20 snapshots
bext,435501978,valor_negativo_repetido,min R$ -0.1 mi em 10/20 snapshots
bext,435501981,valor_negativo_repetido,min R$ -0.1 mi em 12/20 snapshots
bext,435501992,valor_negativo_repetido,min R$ -0.1 mi em 9/20 snapshots
bext,435501995,valor_negativo_repetido,min R$ -0.1 mi em 7/20 snapshots
bext,435501998,valor_negativo_repetido,min R$ -0.1 mi em 15/20 snapshots
bext,435502003,valor_negativo_repetido,min R$ -0.1 mi em 10/20 snapshots
bext,435502004,valor_negativo_repetido,min R$ -0.1 mi em 11/20 snapshots
bext,435502006,valor_negativo_repetido,min R$ -0.1 mi em 9/20 snapshots
bext,435502008,valor_negativo_repetido,min R$ -0.1 mi em 6/20 snapshots
bext,435502013,valor_negativo_repetido,min R$ -0.1 mi em 11/20 snapshots
bext,435502016,valor_negativo_repetido,min R$ -0.1 mi em 9/20 snapshots
bext,435502017,valor_negativo_repetido,min R$ -0.1 mi em 4/20 snapshots
bext,435502018,valor_negativo_repetido,min R$ -0.1 mi em 9/20 snapshots
bext,435502021,valor_negativo_repetido,min R$ -0.1 mi em 12/20 snapshots
bext,435502022,valor_negativo_repetido,min R$ -0.1 mi em 10/20 snapshots
bext,435502024,valor_negativo_repetido,min R$ -0.1 mi em 10/20 snapshots
bext,435502026,valor_negativo_repetido,min R$ -0.1 mi em 11/20 snapshots
bext,435502027,valor_negativo_repetido,min R$ -0.1 mi em 10/20 snapshots
bext,435502029,valor_negativo_repetido,min R$ -0.1 mi em 14/20 snapshots
bext,435502030,valor_negativo_repetido,min R$ -0.1 mi em 9/20 snapshots
bext,435502033,valor_negativo_repetido,min R$ -0.1 mi em 8/20 snapshots
bext,435502034,valor_negativo_repetido,min R$ -0.1 mi em 5/20 snapshots
bext,435502038,valor_negativo_repetido,min R$ -0.1 mi em 10/20 snapshots
bext,435502040,valor_negativo_repetido,min R$ -0.1 mi em 13/20 snapshots
bext,435502042,valor_negativo_repetido,min R$ -0.1 mi em 12/20 snapshots
bext,435502044,valor_negativo_repetido,min R$ -0.1 mi em 9/20 snapshots
bext,435502045,valor_negativo_repetido,min R$ -0.1 mi em 11/20 snapshots
bext,435502049,valor_negativo_repetido,min R$ -0.1 mi em 6/20 snapshots
bext,435502055,valor_negativo_repetido,min R$ -0.1 mi em 11/20 snapshots
bext,435502056,valor_negativo_repetido,min R$ -0.1 mi em 5/20 snapshots
bext,435502058,valor_negativo_repetido,min R$ -0.1 mi em 7/20 snapshots
bext,435502065,valor_negativo_repetido,min R$ -0.1 mi em 11/20 snapshots
bext,435502070,valor_negativo_repetido,min R$ -0.1 mi em 9/20 snapshots
bext,435502072,valor_negativo_repetido,min R$ -0.1 mi em 10/20 snapshots
bext,435502075,valor_negativo_repetido,min R$ -0.1 mi em 10/20 snapshots
bext,435502076,valor_negativo_repetido,min R$ -0.1 mi em 7/20 snapshots
bext,435502080,valor_negativo_repetido,min R$ -0.1 mi em 11/20 snapshots
bext,435502081,valor_negativo_repetido,min R$ -0.1 mi em 14/20 snapshots
bext,435502088,valor_negativo_repetido,min R$ -0.1 mi em 12/20 snapshots
bext,435502090,valor_negativo_repetido,min R$ -0.1 mi em 9/20 snapshots
bext,435502092,valor_negativo_repetido,min R$ -0.1 mi em 11/20 snapshots
bext,435502095,valor_negativo_repetido,min R$ -0.1 mi em 7/20 snapshots
bext,435502096,valor_negativo_repetido,min R$ -0.1 mi em 12/20 snapshots
bext,435502098,valor_negativo_repetido,min R$ -0.1 mi em 8/20 snapshots
bext,435502107,valor_negativo_repetido,min R$ -0.1 mi em 9/20 snapshots
bext,435502111,valor_negativo_repetido,min R$ -0.1 mi em 8/20 snapshots
bext,435502123,valor_negativo_repetido,min R$ -0.1 mi em 10/20 snapshots
bext,435502133,valor_negativo_repetido,min R$ -0.1 mi em 11/20 snapshots
bext,436802929,valor_por_uh_extremo,R$/UH ate R$ 9.5 mi (1 UH; mediana familia R$ 28 k)
bext,436802963,valor_por_uh_extremo,R$/UH ate R$ 10.4 mi (1 UH; mediana familia R$ 28 k)
bext,437001376,valor_por_uh_extremo,R$/UH ate R$ 8.5 mi (1 UH; mediana familia R$ 28 k)
bext,439104325,valor_por_uh_extremo,R$/UH ate R$ 11.3 mi (1 UH; mediana familia R$ 28 k)
bext,439801260,valor_negativo_repetido,min R$ -0.0 mi em 10/20 snapshots
bext,439801310,valor_negativo_repetido,min R$ -0.1 mi em 7/20 snapshots
bext,439801315,valor_negativo_repetido,min R$ -0.1 mi em 9/20 snapshots
bext,439801382,valor_negativo_repetido,min R$ -0.1 mi em 11/20 snapshots
bext,439801390,valor_negativo_repetido,min R$ -0.1 mi em 7/20 snapshots
bext,439801398,valor_negativo_repetido,min R$ -0.0 mi em 11/20 snapshots
bext,440602022,valor_por_uh_extremo,R$/UH ate R$ 7.7 mi (1 UH; mediana familia R$ 28 k)
bext,440701659,valor_por_uh_extremo,R$/UH ate R$ 10.8 mi (1 UH; mediana familia R$ 28 k)
bext,440701661,valor_por_uh_extremo,R$/UH ate R$ 10.7 mi (1 UH; mediana familia R$ 28 k)
bext,440701663,valor_por_uh_extremo,R$/UH ate R$ 9.4 mi (1 UH; mediana familia R$ 28 k)
bext,440701664,valor_por_uh_extremo,R$/UH ate R$ 10.7 mi (1 UH; mediana familia R$ 28 k)
bext,440701670,valor_por_uh_extremo,R$/UH ate R$ 9.4 mi (1 UH; mediana familia R$ 28 k)
bext,440701674,valor_por_uh_extremo,R$/UH ate R$ 8.8 mi (1 UH; mediana familia R$ 28 k)
bext,440701675,valor_por_uh_extremo,R$/UH ate R$ 9.0 mi (1 UH; mediana familia R$ 28 k)
bext,440701676,valor_por_uh_extremo,R$/UH ate R$ 9.4 mi (1 UH; mediana familia R$ 28 k)
bext,440701677,valor_por_uh_extremo,R$/UH ate R$ 8.8 mi (1 UH; mediana familia R$ 28 k)
bext,440701678,valor_por_uh_extremo,R$/UH ate R$ 10.8 mi (1 UH; mediana familia R$ 28 k)
bext,440701679,valor_por_uh_extremo,R$/UH ate R$ 10.8 mi (1 UH; mediana familia R$ 28 k)
bext,440701680,valor_por_uh_extremo,R$/UH ate R$ 10.9 mi (1 UH; mediana familia R$ 28 k)
bext,440701681,valor_por_uh_extremo,R$/UH ate R$ 10.3 mi (1 UH; mediana familia R$ 28 k)
bext,440701682,valor_por_uh_extremo,R$/UH ate R$ 10.8 mi (1 UH; mediana familia R$ 28 k)
bext,440701683,valor_por_uh_extremo,R$/UH ate R$ 10.9 mi (1 UH; mediana familia R$ 28 k)
bext,440701684,valor_por_uh_extremo,R$/UH ate R$ 8.8 mi (1 UH; mediana familia R$ 28 k)
bext,440701685,valor_por_uh_extremo,R$/UH ate R$ 9.4 mi (1 UH; mediana familia R$ 28 k)
bext,440701686,valor_por_uh_extremo,R$/UH ate R$ 10.8 mi (1 UH; mediana familia R$ 28 k)
bext,440701687,valor_por_uh_extremo,R$/UH ate R$ 8.8 mi (1 UH; mediana familia R$ 28 k)
bext,440701688,valor_por_uh_extremo,R$/UH ate R$ 10.2 mi (1 UH; mediana familia R$ 28 k)
bext,440701689,valor_por_uh_extremo,R$/UH ate R$ 8.8 mi (1 UH; mediana familia R$ 28 k)
bext,440701690,valor_por_uh_extremo,R$/UH ate R$ 10.8 mi (1 UH; mediana familia R$ 28 k)
bext,440701691,valor_por_uh_extremo,R$/UH ate R$ 8.8 mi (1 UH; mediana familia R$ 28 k)
bext,440701694,valor_por_uh_extremo,R$/UH ate R$ 10.6 mi (1 UH; mediana familia R$ 28 k)
bext,440701695,valor_por_uh_extremo,R$/UH ate R$ 9.4 mi (1 UH; mediana familia R$ 28 k)
bext,440701696,valor_por_uh_extremo,R$/UH ate R$ 8.8 mi (1 UH; mediana familia R$ 28 k)
bext,440701699,valor_por_uh_extremo,R$/UH ate R$ 10.1 mi (1 UH; mediana familia R$ 28 k)
bext,440701700,valor_por_uh_extremo,R$/UH ate R$ 10.2 mi (1 UH; mediana familia R$ 28 k)
bext,440701701,valor_por_uh_extremo,R$/UH ate R$ 10.7 mi (1 UH; mediana familia R$ 28 k)
bext,440701703,valor_por_uh_extremo,R$/UH ate R$ 10.2 mi (1 UH; mediana familia R$ 28 k)
bext,440701704,valor_por_uh_extremo,R$/UH ate R$ 9.0 mi (1 UH; mediana familia R$ 28 k)
bext,4408191,valor_por_uh_extremo,R$/UH ate R$ 10.9 mi (1 UH; mediana familia R$ 28 k)
bext,442002506,valor_por_uh_extremo,R$/UH ate R$ 8.8 mi (1 UH; mediana familia R$ 28 k)
bext,442002508,valor_por_uh_extremo,R$/UH ate R$ 8.6 mi (1 UH; mediana familia R$ 28 k)
bext,442002512,valor_por_uh_extremo,R$/UH ate R$ 9.4 mi (1 UH; mediana familia R$ 28 k)
bext,44210467,valor_negativo_repetido,min R$ -0.1 mi em 10/20 snapshots
bext,443600537,valor_por_uh_extremo,R$/UH ate R$ 12.5 mi (1 UH; mediana familia R$ 28 k)
bext,446402991,valor_por_uh_extremo,R$/UH ate R$ 12.5 mi (1 UH; mediana familia R$ 28 k)
bext,447503249,valor_por_uh_extremo,R$/UH ate R$ 11.5 mi (1 UH; mediana familia R$ 28 k)
bext,447503262,valor_por_uh_extremo,R$/UH ate R$ 12.5 mi (1 UH; mediana familia R$ 28 k)
bext,447903205,valor_por_uh_extremo,R$/UH ate R$ 9.4 mi (1 UH; mediana familia R$ 28 k)
bext,447903209,valor_por_uh_extremo,R$/UH ate R$ 9.7 mi (1 UH; mediana familia R$ 28 k)
bext,447903232,valor_por_uh_extremo,R$/UH ate R$ 9.4 mi (1 UH; mediana familia R$ 28 k)
bext,453403344,valor_por_uh_extremo,R$/UH ate R$ 13.3 mi (1 UH; mediana familia R$ 28 k)
bext,453403345,valor_por_uh_extremo,R$/UH ate R$ 12.6 mi (1 UH; mediana familia R$ 28 k)
bext,453501621,valor_por_uh_extremo,R$/UH ate R$ 10.3 mi (1 UH; mediana familia R$ 28 k)
bext,454414220,valor_por_uh_extremo,R$/UH ate R$ 15.0 mi (1 UH; mediana familia R$ 28 k)
bext,454800812,valor_por_uh_extremo,R$/UH ate R$ 9.7 mi (1 UH; mediana familia R$ 28 k)
bext,455202196,valor_por_uh_extremo,R$/UH ate R$ 7.0 mi (1 UH; mediana familia R$ 28 k)
bext,456402006,valor_por_uh_extremo,R$/UH ate R$ 12.8 mi (1 UH; mediana familia R$ 28 k)
bext,456402007,valor_por_uh_extremo,R$/UH ate R$ 14.4 mi (1 UH; mediana familia R$ 28 k)
bext,456701919,valor_por_uh_extremo,R$/UH ate R$ 10.2 mi (1 UH; mediana familia R$ 28 k)
bext,457502930,valor_por_uh_extremo,R$/UH ate R$ 11.4 mi (1 UH; mediana familia R$ 28 k)
bext,457502933,valor_por_uh_extremo,R$/UH ate R$ 12.2 mi (1 UH; mediana familia R$ 28 k)
bext,458001648,valor_por_uh_extremo,R$/UH ate R$ 7.5 mi (1 UH; mediana familia R$ 28 k)
bext,458001649,valor_por_uh_extremo,R$/UH ate R$ 8.6 mi (1 UH; mediana familia R$ 28 k)
bext,458001650,valor_por_uh_extremo,R$/UH ate R$ 7.9 mi (1 UH; mediana familia R$ 28 k)
bext,458001651,valor_por_uh_extremo,R$/UH ate R$ 8.5 mi (1 UH; mediana familia R$ 28 k)
bext,458301890,valor_por_uh_extremo,R$/UH ate R$ 10.3 mi (1 UH; mediana familia R$ 28 k)
bext,458301891,valor_por_uh_extremo,R$/UH ate R$ 8.9 mi (1 UH; mediana familia R$ 28 k)
bext,459002880,valor_por_uh_extremo,R$/UH ate R$ 11.5 mi (1 UH; mediana familia R$ 28 k)
bext,460700468,valor_por_uh_extremo,R$/UH ate R$ 15.1 mi (1 UH; mediana familia R$ 28 k)
bext,463602405,valor_por_uh_extremo,R$/UH ate R$ 9.5 mi (1 UH; mediana familia R$ 28 k)
bext,464002201,valor_por_uh_extremo,R$/UH ate R$ 10.6 mi (1 UH; mediana familia R$ 28 k)
bext,464002208,valor_por_uh_extremo,R$/UH ate R$ 11.1 mi (1 UH; mediana familia R$ 28 k)
bext,464002209,valor_por_uh_extremo,R$/UH ate R$ 13.2 mi (1 UH; mediana familia R$ 28 k)
bext,464002210,valor_por_uh_extremo,R$/UH ate R$ 13.1 mi (1 UH; mediana familia R$ 28 k)
bext,464002211,valor_por_uh_extremo,R$/UH ate R$ 11.2 mi (1 UH; mediana familia R$ 28 k)
bext,464401624,valor_por_uh_extremo,R$/UH ate R$ 8.7 mi (1 UH; mediana familia R$ 28 k)
bext,466904369,valor_por_uh_extremo,R$/UH ate R$ 11.3 mi (1 UH; mediana familia R$ 28 k)
bext,466904375,valor_por_uh_extremo,R$/UH ate R$ 12.8 mi (1 UH; mediana familia R$ 28 k)
bext,467800587,valor_por_uh_extremo,R$/UH ate R$ 11.5 mi (1 UH; mediana familia R$ 28 k)
bext,47106576,valor_por_uh_extremo,R$/UH ate R$ 11.4 mi (1 UH; mediana familia R$ 28 k)
bext,47106579,valor_por_uh_extremo,R$/UH ate R$ 9.3 mi (1 UH; mediana familia R$ 28 k)
bext,473301895,valor_negativo_repetido,min R$ -0.1 mi em 7/20 snapshots
bext,473301913,valor_negativo_repetido,min R$ -0.1 mi em 10/20 snapshots
bext,473301914,valor_negativo_repetido,min R$ -0.1 mi em 8/20 snapshots
bext,473301918,valor_negativo_repetido,min R$ -0.1 mi em 11/20 snapshots
bext,473301920,valor_negativo_repetido,min R$ -0.1 mi em 12/20 snapshots
bext,473301923,valor_negativo_repetido,min R$ -0.1 mi em 10/20 snapshots
bext,473301929,valor_negativo_repetido,min R$ -0.1 mi em 10/20 snapshots
bext,473301932,valor_negativo_repetido,min R$ -0.1 mi em 8/20 snapshots
bext,473301938,valor_negativo_repetido,min R$ -0.1 mi em 12/20 snapshots
bext,473301981,valor_negativo_repetido,min R$ -0.1 mi em 12/20 snapshots
bext,473301992,valor_negativo_repetido,min R$ -0.1 mi em 10/20 snapshots
bext,473302002,valor_negativo_repetido,min R$ -0.1 mi em 9/20 snapshots
bext,473302037,valor_negativo_repetido,min R$ -0.1 mi em 9/20 snapshots
bext,473302052,valor_negativo_repetido,min R$ -0.1 mi em 10/20 snapshots
bext,473302071,valor_negativo_repetido,min R$ -0.1 mi em 6/20 snapshots
bext,473302077,valor_negativo_repetido,min R$ -0.1 mi em 10/20 snapshots
bext,473302083,valor_negativo_repetido,min R$ -0.1 mi em 11/20 snapshots
bext,473302100,valor_negativo_repetido,min R$ -0.1 mi em 7/20 snapshots
bext,473302435,valor_negativo_repetido,min R$ -0.1 mi em 13/20 snapshots
bext,474402562,valor_por_uh_extremo,R$/UH ate R$ 11.2 mi (1 UH; mediana familia R$ 28 k)
bext,4806737,valor_por_uh_extremo,R$/UH ate R$ 12.7 mi (1 UH; mediana familia R$ 28 k)
bext,4806745,valor_por_uh_extremo,R$/UH ate R$ 14.6 mi (1 UH; mediana familia R$ 28 k)
bext,48512311,valor_por_uh_extremo,R$/UH ate R$ 12.6 mi (1 UH; mediana familia R$ 28 k)
bext,48609721,valor_por_uh_extremo,R$/UH ate R$ 10.1 mi (1 UH; mediana familia R$ 28 k)
bext,49108223,valor_por_uh_extremo,R$/UH ate R$ 8.2 mi (1 UH; mediana familia R$ 28 k)
bext,49407281,valor_por_uh_extremo,R$/UH ate R$ 10.5 mi (1 UH; mediana familia R$ 28 k)
bext,49524991,valor_por_uh_extremo,R$/UH ate R$ 11.0 mi (1 UH; mediana familia R$ 28 k)
bext,49525005,valor_por_uh_extremo,R$/UH ate R$ 8.3 mi (1 UH; mediana familia R$ 28 k)
bext,498801700,valor_por_uh_extremo,R$/UH ate R$ 13.5 mi (1 UH; mediana familia R$ 28 k)
bext,498801701,valor_por_uh_extremo,R$/UH ate R$ 12.5 mi (1 UH; mediana familia R$ 28 k)
bext,498801703,valor_por_uh_extremo,R$/UH ate R$ 13.7 mi (1 UH; mediana familia R$ 28 k)
bext,50411789,valor_por_uh_extremo,R$/UH ate R$ 8.2 mi (1 UH; mediana familia R$ 28 k)
bext,50507763,valor_por_uh_extremo,R$/UH ate R$ 11.8 mi (1 UH; mediana familia R$ 28 k)
bext,507501247,valor_por_uh_extremo,R$/UH ate R$ 10.2 mi (1 UH; mediana familia R$ 28 k)
bext,507501267,valor_por_uh_extremo,R$/UH ate R$ 9.9 mi (1 UH; mediana familia R$ 28 k)
bext,50816135,valor_por_uh_extremo,R$/UH ate R$ 13.0 mi (1 UH; mediana familia R$ 28 k)
bext,50816141,valor_por_uh_extremo,R$/UH ate R$ 12.4 mi (1 UH; mediana familia R$ 28 k)
bext,51308216,valor_por_uh_extremo,R$/UH ate R$ 8.7 mi (1 UH; mediana familia R$ 28 k)
bext,51308222,valor_por_uh_extremo,R$/UH ate R$ 8.8 mi (1 UH; mediana familia R$ 28 k)
bext,51509276,valor_por_uh_extremo,R$/UH ate R$ 8.7 mi (1 UH; mediana familia R$ 28 k)
bext,51509293,valor_por_uh_extremo,R$/UH ate R$ 9.8 mi (1 UH; mediana familia R$ 28 k)
bext,51509309,valor_por_uh_extremo,R$/UH ate R$ 9.2 mi (1 UH; mediana familia R$ 28 k)
bext,517680,valor_por_uh_extremo,R$/UH ate R$ 11.0 mi (1 UH; mediana familia R$ 28 k)
bext,519100141,valor_por_uh_extremo,R$/UH ate R$ 19.0 mi (1 UH; mediana familia R$ 28 k)
bext,526701694,valor_por_uh_extremo,R$/UH ate R$ 13.1 mi (1 UH; mediana familia R$ 28 k)
bext,52819541,valor_por_uh_extremo,R$/UH ate R$ 6.7 mi (1 UH; mediana familia R$ 28 k)
bext,52819584,valor_por_uh_extremo,R$/UH ate R$ 9.6 mi (1 UH; mediana familia R$ 28 k)
bext,52819608,valor_por_uh_extremo,R$/UH ate R$ 10.8 mi (1 UH; mediana familia R$ 28 k)
bext,52819620,valor_por_uh_extremo,R$/UH ate R$ 11.0 mi (1 UH; mediana familia R$ 28 k)
bext,52908818,valor_por_uh_extremo,R$/UH ate R$ 8.5 mi (1 UH; mediana familia R$ 28 k)
bext,52908819,valor_por_uh_extremo,R$/UH ate R$ 9.7 mi (1 UH; mediana familia R$ 28 k)
bext,53133653,valor_por_uh_extremo,R$/UH ate R$ 13.9 mi (1 UH; mediana familia R$ 28 k)
bext,53133661,valor_por_uh_extremo,R$/UH ate R$ 13.9 mi (1 UH; mediana familia R$ 28 k)
bext,53133664,valor_por_uh_extremo,R$/UH ate R$ 9.5 mi (1 UH; mediana familia R$ 28 k)
bext,5316048,valor_negativo_repetido,min R$ -0.1 mi em 9/20 snapshots
bext,5316058,valor_negativo_repetido,min R$ -0.1 mi em 8/20 snapshots
bext,5316073,valor_negativo_repetido,min R$ -0.1 mi em 9/20 snapshots
bext,5316085,valor_negativo_repetido,min R$ -0.1 mi em 8/20 snapshots
bext,5316135,valor_negativo_repetido,min R$ -0.1 mi em 9/20 snapshots
bext,5316151,valor_negativo_repetido,min R$ -0.1 mi em 11/20 snapshots
bext,5316170,valor_negativo_repetido,min R$ -0.1 mi em 11/20 snapshots
bext,5316213,valor_negativo_repetido,min R$ -0.1 mi em 8/20 snapshots
bext,5316217,valor_negativo_repetido,min R$ -0.1 mi em 15/20 snapshots
bext,5316227,valor_negativo_repetido,min R$ -0.1 mi em 8/20 snapshots
bext,5316236,valor_negativo_repetido,min R$ -0.1 mi em 13/20 snapshots
bext,5316244,valor_negativo_repetido,min R$ -0.1 mi em 7/20 snapshots
bext,5316246,valor_negativo_repetido,min R$ -0.1 mi em 10/20 snapshots
bext,5316247,valor_negativo_repetido,min R$ -0.1 mi em 11/20 snapshots
bext,5316248,valor_negativo_repetido,min R$ -0.1 mi em 10/20 snapshots
bext,5316273,valor_negativo_repetido,min R$ -0.1 mi em 10/20 snapshots
bext,5316287,valor_negativo_repetido,min R$ -0.1 mi em 7/20 snapshots
bext,5316374,valor_negativo_repetido,min R$ -0.1 mi em 12/20 snapshots
bext,5316390,valor_negativo_repetido,min R$ -0.1 mi em 11/20 snapshots
bext,5316391,valor_negativo_repetido,min R$ -0.1 mi em 10/20 snapshots
bext,5316395,valor_negativo_repetido,min R$ -0.1 mi em 10/20 snapshots
bext,5316398,valor_negativo_repetido,min R$ -0.1 mi em 9/20 snapshots
bext,5316399,valor_negativo_repetido,min R$ -0.1 mi em 12/20 snapshots
bext,5316400,valor_negativo_repetido,min R$ -0.1 mi em 12/20 snapshots
bext,5316403,valor_negativo_repetido,min R$ -0.1 mi em 10/20 snapshots
bext,5316406,valor_negativo_repetido,min R$ -0.1 mi em 10/20 snapshots
bext,5316407,valor_negativo_repetido,min R$ -0.1 mi em 13/20 snapshots
bext,5316408,valor_negativo_repetido,min R$ -0.1 mi em 11/20 snapshots
bext,5316416,valor_negativo_repetido,min R$ -0.1 mi em 13/20 snapshots
bext,5316425,valor_negativo_repetido,min R$ -0.1 mi em 11/20 snapshots
bext,5316432,valor_negativo_repetido,min R$ -0.1 mi em 9/20 snapshots
bext,5316438,valor_negativo_repetido,min R$ -0.1 mi em 12/20 snapshots
bext,5316461,valor_negativo_repetido,min R$ -0.1 mi em 9/20 snapshots
bext,5316467,valor_negativo_repetido,min R$ -0.1 mi em 11/20 snapshots
bext,5316479,valor_negativo_repetido,min R$ -0.1 mi em 9/20 snapshots
bext,5316480,valor_negativo_repetido,min R$ -0.1 mi em 11/20 snapshots
bext,5316491,valor_negativo_repetido,min R$ -0.1 mi em 11/20 snapshots
bext,5316492,valor_negativo_repetido,min R$ -0.1 mi em 12/20 snapshots
bext,5316528,valor_negativo_repetido,min R$ -0.1 mi em 13/20 snapshots
bext,5316529,valor_negativo_repetido,min R$ -0.1 mi em 9/20 snapshots
bext,5316530,valor_negativo_repetido,min R$ -0.1 mi em 13/20 snapshots
bext,5316531,valor_negativo_repetido,min R$ -0.1 mi em 10/20 snapshots
bext,5316569,valor_negativo_repetido,min R$ -0.1 mi em 8/20 snapshots
bext,5316575,valor_negativo_repetido,min R$ -0.1 mi em 12/20 snapshots
bext,5316665,valor_negativo_repetido,min R$ -0.1 mi em 9/20 snapshots
bext,5316670,valor_negativo_repetido,min R$ -0.1 mi em 7/20 snapshots
bext,5316671,valor_negativo_repetido,min R$ -0.1 mi em 12/20 snapshots
bext,5316696,valor_negativo_repetido,min R$ -0.1 mi em 13/20 snapshots
bext,5316754,valor_negativo_repetido,min R$ -0.1 mi em 8/20 snapshots
bext,5316819,valor_negativo_repetido,min R$ -0.1 mi em 12/20 snapshots
bext,5316824,valor_negativo_repetido,min R$ -0.1 mi em 11/20 snapshots
bext,5316862,valor_negativo_repetido,min R$ -0.1 mi em 8/20 snapshots
bext,5316863,valor_negativo_repetido,min R$ -0.1 mi em 6/20 snapshots
bext,5316879,valor_negativo_repetido,min R$ -0.1 mi em 14/20 snapshots
bext,5316880,valor_negativo_repetido,min R$ -0.1 mi em 8/20 snapshots
bext,5316884,valor_negativo_repetido,min R$ -0.1 mi em 13/20 snapshots
bext,5316887,valor_negativo_repetido,min R$ -0.1 mi em 9/20 snapshots
bext,5316888,valor_negativo_repetido,min R$ -0.1 mi em 7/20 snapshots
bext,5316889,valor_negativo_repetido,min R$ -0.1 mi em 8/20 snapshots
bext,5316890,valor_negativo_repetido,min R$ -0.1 mi em 8/20 snapshots
bext,5316891,valor_negativo_repetido,min R$ -0.1 mi em 10/20 snapshots
bext,5316896,valor_negativo_repetido,min R$ -0.1 mi em 9/20 snapshots
bext,5316901,valor_negativo_repetido,min R$ -0.1 mi em 6/20 snapshots
bext,5316902,valor_negativo_repetido,min R$ -0.1 mi em 10/20 snapshots
bext,5316932,valor_negativo_repetido,min R$ -0.1 mi em 8/20 snapshots
bext,5316939,valor_negativo_repetido,min R$ -0.1 mi em 11/20 snapshots
bext,5316940,valor_negativo_repetido,min R$ -0.1 mi em 10/20 snapshots
bext,5316946,valor_negativo_repetido,min R$ -0.1 mi em 9/20 snapshots
bext,5316947,valor_negativo_repetido,min R$ -0.1 mi em 11/20 snapshots
bext,5316948,valor_negativo_repetido,min R$ -0.1 mi em 13/20 snapshots
bext,5316949,valor_negativo_repetido,min R$ -0.1 mi em 9/20 snapshots
bext,5316950,valor_negativo_repetido,min R$ -0.1 mi em 14/20 snapshots
bext,5316952,valor_negativo_repetido,min R$ -0.1 mi em 9/20 snapshots
bext,5316953,valor_negativo_repetido,min R$ -0.1 mi em 9/20 snapshots
bext,5316961,valor_negativo_repetido,min R$ -0.1 mi em 9/20 snapshots
bext,5316962,valor_negativo_repetido,min R$ -0.1 mi em 11/20 snapshots
bext,5316966,valor_negativo_repetido,min R$ -0.1 mi em 6/20 snapshots
bext,5316967,valor_negativo_repetido,min R$ -0.1 mi em 12/20 snapshots
bext,5317045,valor_negativo_repetido,min R$ -0.1 mi em 10/20 snapshots
bext,5317051,valor_negativo_repetido,min R$ -0.1 mi em 9/20 snapshots
bext,5317056,valor_negativo_repetido,min R$ -0.1 mi em 6/20 snapshots
bext,5317057,valor_negativo_repetido,min R$ -0.1 mi em 9/20 snapshots
bext,5317058,valor_negativo_repetido,min R$ -0.1 mi em 10/20 snapshots
bext,5317076,valor_negativo_repetido,min R$ -0.1 mi em 11/20 snapshots
bext,5317077,valor_negativo_repetido,min R$ -0.1 mi em 8/20 snapshots
bext,5317112,valor_negativo_repetido,min R$ -0.1 mi em 10/20 snapshots
bext,5317116,valor_negativo_repetido,min R$ -0.1 mi em 12/20 snapshots
bext,5317143,valor_negativo_repetido,min R$ -0.1 mi em 10/20 snapshots
bext,5321040,valor_por_uh_extremo,R$/UH ate R$ 11.5 mi (1 UH; mediana familia R$ 28 k)
bext,5321051,valor_por_uh_extremo,R$/UH ate R$ 12.9 mi (1 UH; mediana familia R$ 28 k)
bext,5321056,valor_por_uh_extremo,R$/UH ate R$ 12.2 mi (1 UH; mediana familia R$ 28 k)
bext,5321060,valor_por_uh_extremo,R$/UH ate R$ 13.4 mi (1 UH; mediana familia R$ 28 k)
bext,5321061,valor_por_uh_extremo,R$/UH ate R$ 13.3 mi (1 UH; mediana familia R$ 28 k)
bext,5321063,valor_por_uh_extremo,R$/UH ate R$ 13.4 mi (1 UH; mediana familia R$ 28 k)
bext,5321064,valor_por_uh_extremo,R$/UH ate R$ 10.5 mi (1 UH; mediana familia R$ 28 k)
bext,53605601,valor_por_uh_extremo,R$/UH ate R$ 11.0 mi (1 UH; mediana familia R$ 28 k)
bext,53605603,valor_por_uh_extremo,R$/UH ate R$ 11.5 mi (1 UH; mediana familia R$ 28 k)
bext,53605605,valor_por_uh_extremo,R$/UH ate R$ 8.6 mi (1 UH; mediana familia R$ 28 k)
bext,53701826,valor_por_uh_extremo,R$/UH ate R$ 5.8 mi (1 UH; mediana familia R$ 28 k)
bext,53907082,valor_por_uh_extremo,R$/UH ate R$ 9.0 mi (1 UH; mediana familia R$ 28 k)
bext,54010677,valor_por_uh_extremo,R$/UH ate R$ 12.3 mi (1 UH; mediana familia R$ 28 k)
bext,541000946,valor_por_uh_extremo,R$/UH ate R$ 12.2 mi (1 UH; mediana familia R$ 28 k)
bext,541000950,valor_por_uh_extremo,R$/UH ate R$ 8.8 mi (1 UH; mediana familia R$ 28 k)
bext,541400948,valor_por_uh_extremo,R$/UH ate R$ 8.3 mi (1 UH; mediana familia R$ 28 k)
bext,54208133,valor_negativo_repetido,min R$ -0.1 mi em 12/20 snapshots
bext,54208134,valor_negativo_repetido,min R$ -0.0 mi em 10/20 snapshots
bext,54208136,valor_negativo_repetido,min R$ -0.0 mi em 5/20 snapshots
bext,54208140,valor_negativo_repetido,min R$ -0.1 mi em 8/20 snapshots
bext,54208142,valor_negativo_repetido,min R$ -0.1 mi em 10/20 snapshots
bext,54208146,valor_negativo_repetido,min R$ -0.1 mi em 8/20 snapshots
bext,54208147,valor_negativo_repetido,min R$ -0.0 mi em 9/20 snapshots
bext,54208149,valor_negativo_repetido,min R$ -0.1 mi em 13/20 snapshots
bext,54208157,valor_negativo_repetido,min R$ -0.1 mi em 5/20 snapshots
bext,54208164,valor_negativo_repetido,min R$ -0.1 mi em 12/20 snapshots
bext,54208165,valor_negativo_repetido,min R$ -0.1 mi em 8/20 snapshots
bext,54208166,valor_negativo_repetido,min R$ -0.1 mi em 13/20 snapshots
bext,54208167,valor_negativo_repetido,min R$ -0.0 mi em 11/20 snapshots
bext,54208168,valor_negativo_repetido,min R$ -0.1 mi em 9/20 snapshots
bext,54208169,valor_negativo_repetido,min R$ -0.1 mi em 13/20 snapshots
bext,54208170,valor_negativo_repetido,min R$ -0.1 mi em 11/20 snapshots
bext,54208171,valor_negativo_repetido,min R$ -0.1 mi em 11/20 snapshots
bext,54208172,valor_negativo_repetido,min R$ -0.1 mi em 9/20 snapshots
bext,54208176,valor_negativo_repetido,min R$ -0.1 mi em 8/20 snapshots
bext,54208177,valor_negativo_repetido,min R$ -0.1 mi em 11/20 snapshots
bext,54208178,valor_negativo_repetido,min R$ -0.1 mi em 12/20 snapshots
bext,54208180,valor_negativo_repetido,min R$ -0.0 mi em 10/20 snapshots
bext,54208181,valor_negativo_repetido,min R$ -0.0 mi em 10/20 snapshots
bext,54208182,valor_negativo_repetido,min R$ -0.1 mi em 13/20 snapshots
bext,54208185,valor_negativo_repetido,min R$ -0.0 mi em 9/20 snapshots
bext,54208186,valor_negativo_repetido,min R$ -0.0 mi em 11/20 snapshots
bext,54208187,valor_negativo_repetido,min R$ -0.1 mi em 11/20 snapshots
bext,54208188,valor_negativo_repetido,min R$ -0.1 mi em 12/20 snapshots
bext,54208189,valor_negativo_repetido,min R$ -0.0 mi em 9/20 snapshots
bext,54208190,valor_negativo_repetido,min R$ -0.0 mi em 8/20 snapshots
bext,54208191,valor_negativo_repetido,min R$ -0.1 mi em 8/20 snapshots
bext,54208194,valor_negativo_repetido,min R$ -0.1 mi em 5/20 snapshots
bext,54208195,valor_negativo_repetido,min R$ -0.1 mi em 7/20 snapshots
bext,54208196,valor_negativo_repetido,min R$ -0.1 mi em 10/20 snapshots
bext,54208197,valor_negativo_repetido,min R$ -0.1 mi em 11/20 snapshots
bext,54208198,valor_negativo_repetido,min R$ -0.1 mi em 8/20 snapshots
bext,54208199,valor_negativo_repetido,min R$ -0.1 mi em 10/20 snapshots
bext,54208200,valor_negativo_repetido,min R$ -0.1 mi em 13/20 snapshots
bext,54208201,valor_negativo_repetido,min R$ -0.1 mi em 9/20 snapshots
bext,54208203,valor_negativo_repetido,min R$ -0.1 mi em 7/20 snapshots
bext,54208206,valor_negativo_repetido,min R$ -0.1 mi em 14/20 snapshots
bext,54208207,valor_negativo_repetido,min R$ -0.1 mi em 13/20 snapshots
bext,54208224,valor_negativo_repetido,min R$ -0.0 mi em 11/20 snapshots
bext,54208230,valor_negativo_repetido,min R$ -0.1 mi em 15/20 snapshots
bext,54208231,valor_negativo_repetido,min R$ -0.1 mi em 10/20 snapshots
bext,54208233,valor_negativo_repetido,min R$ -0.1 mi em 9/20 snapshots
bext,54208235,valor_negativo_repetido,min R$ -0.1 mi em 10/20 snapshots
bext,54208236,valor_negativo_repetido,min R$ -0.1 mi em 10/20 snapshots
bext,54208237,valor_negativo_repetido,min R$ -0.0 mi em 10/20 snapshots
bext,54208238,valor_negativo_repetido,min R$ -0.0 mi em 9/20 snapshots
bext,54208239,valor_negativo_repetido,min R$ -0.0 mi em 13/20 snapshots
bext,54208240,valor_negativo_repetido,min R$ -0.1 mi em 11/20 snapshots
bext,54208241,valor_negativo_repetido,min R$ -0.1 mi em 13/20 snapshots
bext,54208242,valor_negativo_repetido,min R$ -0.1 mi em 10/20 snapshots
bext,54208243,valor_negativo_repetido,min R$ -0.1 mi em 11/20 snapshots
bext,54208245,valor_negativo_repetido,min R$ -0.1 mi em 6/20 snapshots
bext,54208246,valor_negativo_repetido,min R$ -0.1 mi em 8/20 snapshots
bext,54208247,valor_negativo_repetido,min R$ -0.1 mi em 10/20 snapshots
bext,54208248,valor_negativo_repetido,min R$ -0.0 mi em 10/20 snapshots
bext,54208250,valor_negativo_repetido,min R$ -0.1 mi em 10/20 snapshots
bext,54208251,valor_negativo_repetido,min R$ -0.1 mi em 14/20 snapshots
bext,54208253,valor_negativo_repetido,min R$ -0.1 mi em 8/20 snapshots
bext,54208254,valor_negativo_repetido,min R$ -0.1 mi em 10/20 snapshots
bext,54208259,valor_negativo_repetido,min R$ -0.1 mi em 11/20 snapshots
bext,54208260,valor_negativo_repetido,min R$ -0.1 mi em 9/20 snapshots
bext,54208262,valor_negativo_repetido,min R$ -0.1 mi em 4/20 snapshots
bext,54208265,valor_negativo_repetido,min R$ -0.1 mi em 13/20 snapshots
bext,54208267,valor_negativo_repetido,min R$ -0.1 mi em 9/20 snapshots
bext,54208268,valor_negativo_repetido,min R$ -0.0 mi em 10/20 snapshots
bext,54208269,valor_negativo_repetido,min R$ -0.0 mi em 13/20 snapshots
bext,54208271,valor_negativo_repetido,min R$ -0.1 mi em 9/20 snapshots
bext,54208272,valor_negativo_repetido,min R$ -0.1 mi em 12/20 snapshots
bext,54208273,valor_negativo_repetido,min R$ -0.1 mi em 8/20 snapshots
bext,54208274,valor_negativo_repetido,min R$ -0.1 mi em 13/20 snapshots
bext,54208276,valor_negativo_repetido,min R$ -0.0 mi em 10/20 snapshots
bext,54208280,valor_negativo_repetido,min R$ -0.1 mi em 12/20 snapshots
bext,54208281,valor_negativo_repetido,min R$ -0.1 mi em 9/20 snapshots
bext,54208282,valor_negativo_repetido,min R$ -0.1 mi em 15/20 snapshots
bext,54208283,valor_negativo_repetido,min R$ -0.1 mi em 11/20 snapshots
bext,54208284,valor_negativo_repetido,min R$ -0.0 mi em 11/20 snapshots
bext,54208285,valor_negativo_repetido,min R$ -0.1 mi em 7/20 snapshots
bext,54208286,valor_negativo_repetido,min R$ -0.1 mi em 10/20 snapshots
bext,54208287,valor_negativo_repetido,min R$ -0.1 mi em 12/20 snapshots
bext,54208288,valor_negativo_repetido,min R$ -0.1 mi em 9/20 snapshots
bext,54208289,valor_negativo_repetido,min R$ -0.1 mi em 13/20 snapshots
bext,54208290,valor_negativo_repetido,min R$ -0.1 mi em 9/20 snapshots
bext,54208292,valor_negativo_repetido,min R$ -0.0 mi em 11/20 snapshots
bext,54208293,valor_negativo_repetido,min R$ -0.1 mi em 12/20 snapshots
bext,54208294,valor_negativo_repetido,min R$ -0.1 mi em 9/20 snapshots
bext,54208299,valor_negativo_repetido,min R$ -0.0 mi em 10/20 snapshots
bext,54208300,valor_negativo_repetido,min R$ -0.1 mi em 7/20 snapshots
bext,54208301,valor_negativo_repetido,min R$ -0.0 mi em 9/20 snapshots
bext,54208302,valor_negativo_repetido,min R$ -0.1 mi em 12/20 snapshots
bext,54208303,valor_negativo_repetido,min R$ -0.1 mi em 9/20 snapshots
bext,54208304,valor_negativo_repetido,min R$ -0.1 mi em 10/20 snapshots
bext,54208305,valor_negativo_repetido,min R$ -0.1 mi em 12/20 snapshots
bext,54208306,valor_negativo_repetido,min R$ -0.0 mi em 11/20 snapshots
bext,54208309,valor_negativo_repetido,min R$ -0.1 mi em 11/20 snapshots
bext,54208311,valor_negativo_repetido,min R$ -0.1 mi em 10/20 snapshots
bext,54208313,valor_negativo_repetido,min R$ -0.1 mi em 10/20 snapshots
bext,54208315,valor_negativo_repetido,min R$ -0.1 mi em 12/20 snapshots
bext,54208317,valor_negativo_repetido,min R$ -0.1 mi em 8/20 snapshots
bext,54208318,valor_negativo_repetido,min R$ -0.1 mi em 8/20 snapshots
bext,54208319,valor_negativo_repetido,min R$ -0.1 mi em 10/20 snapshots
bext,54208321,valor_negativo_repetido,min R$ -0.1 mi em 8/20 snapshots
bext,54208326,valor_negativo_repetido,min R$ -0.0 mi em 12/20 snapshots
bext,54208329,valor_negativo_repetido,min R$ -0.0 mi em 12/20 snapshots
bext,54208330,valor_negativo_repetido,min R$ -0.1 mi em 7/20 snapshots
bext,54208331,valor_negativo_repetido,min R$ -0.1 mi em 13/20 snapshots
bext,54208332,valor_negativo_repetido,min R$ -0.1 mi em 11/20 snapshots
bext,54208333,valor_negativo_repetido,min R$ -0.1 mi em 6/20 snapshots
bext,54208334,valor_negativo_repetido,min R$ -0.0 mi em 11/20 snapshots
bext,54208335,valor_negativo_repetido,min R$ -0.0 mi em 12/20 snapshots
bext,54208341,valor_negativo_repetido,min R$ -0.0 mi em 8/20 snapshots
bext,54208342,valor_negativo_repetido,min R$ -0.0 mi em 12/20 snapshots
bext,54208344,valor_negativo_repetido,min R$ -0.1 mi em 9/20 snapshots
bext,54208351,valor_negativo_repetido,min R$ -0.0 mi em 11/20 snapshots
bext,54208352,valor_negativo_repetido,min R$ -0.0 mi em 12/20 snapshots
bext,54208359,valor_negativo_repetido,min R$ -0.1 mi em 8/20 snapshots
bext,54208360,valor_negativo_repetido,min R$ -0.0 mi em 7/20 snapshots
bext,54208361,valor_negativo_repetido,min R$ -0.0 mi em 10/20 snapshots
bext,54208362,valor_negativo_repetido,min R$ -0.0 mi em 8/20 snapshots
bext,54208366,valor_negativo_repetido,min R$ -0.1 mi em 8/20 snapshots
bext,54208367,valor_negativo_repetido,min R$ -0.1 mi em 8/20 snapshots
bext,54208368,valor_negativo_repetido,min R$ -0.0 mi em 7/20 snapshots
bext,54208372,valor_negativo_repetido,min R$ -0.0 mi em 9/20 snapshots
bext,54208373,valor_negativo_repetido,min R$ -0.0 mi em 8/20 snapshots
bext,54208375,valor_negativo_repetido,min R$ -0.0 mi em 13/20 snapshots
bext,54208376,valor_negativo_repetido,min R$ -0.0 mi em 8/20 snapshots
bext,54208377,valor_negativo_repetido,min R$ -0.1 mi em 6/20 snapshots
bext,54208378,valor_negativo_repetido,min R$ -0.0 mi em 13/20 snapshots
bext,54208383,valor_negativo_repetido,min R$ -0.1 mi em 9/20 snapshots
bext,54208384,valor_negativo_repetido,min R$ -0.1 mi em 11/20 snapshots
bext,54208385,valor_negativo_repetido,min R$ -0.0 mi em 12/20 snapshots
bext,54208386,valor_negativo_repetido,min R$ -0.1 mi em 9/20 snapshots
bext,54208390,valor_negativo_repetido,min R$ -0.0 mi em 10/20 snapshots
bext,54208398,valor_negativo_repetido,min R$ -0.1 mi em 8/20 snapshots
bext,54208408,valor_negativo_repetido,min R$ -0.0 mi em 9/20 snapshots
bext,54208409,valor_negativo_repetido,min R$ -0.1 mi em 11/20 snapshots
bext,54208410,valor_negativo_repetido,min R$ -0.0 mi em 10/20 snapshots
bext,54208426,valor_negativo_repetido,min R$ -0.0 mi em 11/20 snapshots
bext,54208453,valor_negativo_repetido,min R$ -0.0 mi em 10/20 snapshots
bext,54208454,valor_negativo_repetido,min R$ -0.1 mi em 10/20 snapshots
bext,54208473,valor_negativo_repetido,min R$ -0.1 mi em 7/20 snapshots
bext,54208484,valor_negativo_repetido,min R$ -0.0 mi em 8/20 snapshots
bext,54208485,valor_negativo_repetido,min R$ -0.0 mi em 8/20 snapshots
bext,54208842,valor_negativo_repetido,min R$ -0.1 mi em 7/20 snapshots
bext,544301409,valor_por_uh_extremo,R$/UH ate R$ 9.2 mi (1 UH; mediana familia R$ 28 k)
bext,544900961,valor_por_uh_extremo,R$/UH ate R$ 11.7 mi (1 UH; mediana familia R$ 28 k)
bext,544900967,valor_por_uh_extremo,R$/UH ate R$ 15.3 mi (1 UH; mediana familia R$ 28 k)
bext,55119469,valor_por_uh_extremo,R$/UH ate R$ 14.0 mi (1 UH; mediana familia R$ 28 k)
bext,555700448,valor_por_uh_extremo,R$/UH ate R$ 8.0 mi (1 UH; mediana familia R$ 28 k)
bext,555900534,valor_por_uh_extremo,R$/UH ate R$ 9.9 mi (1 UH; mediana familia R$ 28 k)
bext,555900537,valor_por_uh_extremo,R$/UH ate R$ 8.6 mi (1 UH; mediana familia R$ 28 k)
bext,555900538,valor_por_uh_extremo,R$/UH ate R$ 10.4 mi (1 UH; mediana familia R$ 28 k)
bext,560203908,valor_por_uh_extremo,R$/UH ate R$ 16.2 mi (1 UH; mediana familia R$ 28 k)
bext,56204953,valor_por_uh_extremo,R$/UH ate R$ 10.0 mi (1 UH; mediana familia R$ 28 k)
bext,566001821,valor_por_uh_extremo,R$/UH ate R$ 16.2 mi (1 UH; mediana familia R$ 28 k)
bext,56609906,valor_por_uh_extremo,R$/UH ate R$ 10.8 mi (1 UH; mediana familia R$ 28 k)
bext,56609921,valor_por_uh_extremo,R$/UH ate R$ 9.5 mi (1 UH; mediana familia R$ 28 k)
bext,571600389,valor_por_uh_extremo,R$/UH ate R$ 10.4 mi (1 UH; mediana familia R$ 28 k)
bext,571600390,valor_por_uh_extremo,R$/UH ate R$ 10.7 mi (1 UH; mediana familia R$ 28 k)
bext,573000892,valor_por_uh_extremo,R$/UH ate R$ 7.3 mi (1 UH; mediana familia R$ 28 k)
bext,573200465,valor_por_uh_extremo,R$/UH ate R$ 11.0 mi (1 UH; mediana familia R$ 28 k)
bext,573300290,valor_por_uh_extremo,R$/UH ate R$ 7.7 mi (1 UH; mediana familia R$ 28 k)
bext,573300291,valor_por_uh_extremo,R$/UH ate R$ 7.8 mi (1 UH; mediana familia R$ 28 k)
bext,573300294,valor_por_uh_extremo,R$/UH ate R$ 8.1 mi (1 UH; mediana familia R$ 28 k)
bext,573502379,valor_por_uh_extremo,R$/UH ate R$ 12.6 mi (1 UH; mediana familia R$ 28 k)
bext,574400457,valor_negativo_repetido,min R$ -0.1 mi em 10/20 snapshots
bext,574400459,valor_negativo_repetido,min R$ -0.1 mi em 11/20 snapshots
bext,574400460,valor_negativo_repetido,min R$ -0.1 mi em 6/20 snapshots
bext,574400461,valor_negativo_repetido,min R$ -0.1 mi em 10/20 snapshots
bext,574400464,valor_negativo_repetido,min R$ -0.1 mi em 12/20 snapshots
bext,574400465,valor_negativo_repetido,min R$ -0.1 mi em 9/20 snapshots
bext,574400467,valor_negativo_repetido,min R$ -0.1 mi em 12/20 snapshots
bext,574400468,valor_negativo_repetido,min R$ -0.1 mi em 7/20 snapshots
bext,574400469,valor_negativo_repetido,min R$ -0.1 mi em 6/20 snapshots
bext,574400474,valor_negativo_repetido,min R$ -0.1 mi em 11/20 snapshots
bext,574400476,valor_negativo_repetido,min R$ -0.1 mi em 11/20 snapshots
bext,574400477,valor_negativo_repetido,min R$ -0.1 mi em 11/20 snapshots
bext,574400478,valor_negativo_repetido,min R$ -0.1 mi em 15/20 snapshots
bext,574400486,valor_negativo_repetido,min R$ -0.1 mi em 11/20 snapshots
bext,574400492,valor_negativo_repetido,min R$ -0.1 mi em 12/20 snapshots
bext,574400497,valor_negativo_repetido,min R$ -0.1 mi em 10/20 snapshots
bext,574400499,valor_negativo_repetido,min R$ -0.1 mi em 12/20 snapshots
bext,574400508,valor_negativo_repetido,min R$ -0.1 mi em 9/20 snapshots
bext,574400511,valor_negativo_repetido,min R$ -0.1 mi em 10/20 snapshots
bext,574400512,valor_negativo_repetido,min R$ -0.1 mi em 9/20 snapshots
bext,574400514,valor_negativo_repetido,min R$ -0.1 mi em 9/20 snapshots
bext,574400515,valor_negativo_repetido,min R$ -0.1 mi em 13/20 snapshots
bext,574601392,valor_por_uh_extremo,R$/UH ate R$ 10.8 mi (1 UH; mediana familia R$ 28 k)
bext,574601393,valor_por_uh_extremo,R$/UH ate R$ 10.7 mi (1 UH; mediana familia R$ 28 k)
bext,574901395,valor_por_uh_extremo,R$/UH ate R$ 11.2 mi (1 UH; mediana familia R$ 28 k)
bext,579101935,valor_por_uh_extremo,R$/UH ate R$ 15.2 mi (1 UH; mediana familia R$ 28 k)
bext,579101936,valor_por_uh_extremo,R$/UH ate R$ 13.9 mi (1 UH; mediana familia R$ 28 k)
bext,58505576,valor_por_uh_extremo,R$/UH ate R$ 8.4 mi (1 UH; mediana familia R$ 28 k)
bext,587400473,valor_negativo_repetido,min R$ -0.1 mi em 8/20 snapshots
bext,587400489,valor_negativo_repetido,min R$ -0.1 mi em 7/20 snapshots
bext,587400515,valor_negativo_repetido,min R$ -0.2 mi em 11/20 snapshots
bext,587400518,valor_negativo_repetido,min R$ -0.1 mi em 10/20 snapshots
bext,587400520,valor_negativo_repetido,min R$ -0.1 mi em 11/20 snapshots
bext,587400540,valor_negativo_repetido,min R$ -0.1 mi em 9/20 snapshots
bext,587400557,valor_negativo_repetido,min R$ -0.1 mi em 9/20 snapshots
bext,587400581,valor_negativo_repetido,min R$ -0.1 mi em 9/20 snapshots
bext,589001439,valor_por_uh_extremo,R$/UH ate R$ 9.0 mi (1 UH; mediana familia R$ 28 k)
bext,589001441,valor_por_uh_extremo,R$/UH ate R$ 12.4 mi (1 UH; mediana familia R$ 28 k)
bext,589001442,valor_por_uh_extremo,R$/UH ate R$ 9.3 mi (1 UH; mediana familia R$ 28 k)
bext,589201492,valor_por_uh_extremo,R$/UH ate R$ 9.9 mi (1 UH; mediana familia R$ 28 k)
bext,589701617,valor_por_uh_extremo,R$/UH ate R$ 10.7 mi (1 UH; mediana familia R$ 28 k)
bext,589701618,valor_por_uh_extremo,R$/UH ate R$ 10.1 mi (1 UH; mediana familia R$ 28 k)
bext,589800728,valor_por_uh_extremo,R$/UH ate R$ 10.8 mi (1 UH; mediana familia R$ 28 k)
bext,590101389,valor_por_uh_extremo,R$/UH ate R$ 11.7 mi (1 UH; mediana familia R$ 28 k)
bext,590101390,valor_por_uh_extremo,R$/UH ate R$ 11.1 mi (1 UH; mediana familia R$ 28 k)
bext,590101392,valor_por_uh_extremo,R$/UH ate R$ 12.0 mi (1 UH; mediana familia R$ 28 k)
bext,590201477,valor_por_uh_extremo,R$/UH ate R$ 13.2 mi (1 UH; mediana familia R$ 28 k)
bext,597000110,valor_por_uh_extremo,R$/UH ate R$ 15.8 mi (1 UH; mediana familia R$ 28 k)
bext,598501161,valor_negativo_repetido,min R$ -0.1 mi em 7/20 snapshots
bext,598501309,valor_negativo_repetido,min R$ -0.1 mi em 11/20 snapshots
bext,599500942,valor_por_uh_extremo,R$/UH ate R$ 11.3 mi (1 UH; mediana familia R$ 28 k)
bext,601030,valor_negativo_repetido,min R$ -15.9 mi em 5/20 snapshots
bext,601570,valor_negativo_repetido,min R$ -15.5 mi em 13/20 snapshots
bext,60309040,valor_por_uh_extremo,R$/UH ate R$ 9.4 mi (1 UH; mediana familia R$ 28 k)
bext,60309043,valor_por_uh_extremo,R$/UH ate R$ 8.8 mi (1 UH; mediana familia R$ 28 k)
bext,60605997,valor_por_uh_extremo,R$/UH ate R$ 8.5 mi (1 UH; mediana familia R$ 28 k)
bext,60606019,valor_por_uh_extremo,R$/UH ate R$ 9.4 mi (1 UH; mediana familia R$ 28 k)
bext,61309399,valor_por_uh_extremo,R$/UH ate R$ 8.0 mi (1 UH; mediana familia R$ 28 k)
bext,61406944,valor_por_uh_extremo,R$/UH ate R$ 8.4 mi (1 UH; mediana familia R$ 28 k)
bext,61507739,valor_por_uh_extremo,R$/UH ate R$ 9.7 mi (1 UH; mediana familia R$ 28 k)
bext,61636577,valor_por_uh_extremo,R$/UH ate R$ 9.2 mi (1 UH; mediana familia R$ 28 k)
bext,61636635,valor_por_uh_extremo,R$/UH ate R$ 11.0 mi (1 UH; mediana familia R$ 28 k)
bext,61814735,valor_por_uh_extremo,R$/UH ate R$ 10.8 mi (1 UH; mediana familia R$ 28 k)
bext,62111500,valor_por_uh_extremo,R$/UH ate R$ 7.0 mi (1 UH; mediana familia R$ 28 k)
bext,62204518,valor_por_uh_extremo,R$/UH ate R$ 10.2 mi (1 UH; mediana familia R$ 28 k)
bext,62204520,valor_por_uh_extremo,R$/UH ate R$ 9.0 mi (1 UH; mediana familia R$ 28 k)
bext,63710783,valor_negativo_repetido,min R$ -0.1 mi em 13/20 snapshots
bext,63710795,valor_negativo_repetido,min R$ -0.1 mi em 10/20 snapshots
bext,63710797,valor_negativo_repetido,min R$ -0.1 mi em 11/20 snapshots
bext,63710808,valor_negativo_repetido,min R$ -0.1 mi em 14/20 snapshots
bext,63710820,valor_negativo_repetido,min R$ -0.1 mi em 12/20 snapshots
bext,63710877,valor_negativo_repetido,min R$ -0.1 mi em 13/20 snapshots
bext,63710911,valor_negativo_repetido,min R$ -0.2 mi em 10/20 snapshots
bext,63710957,valor_negativo_repetido,min R$ -0.1 mi em 13/20 snapshots
bext,63711057,valor_negativo_repetido,min R$ -0.1 mi em 9/20 snapshots
bext,63711058,valor_negativo_repetido,min R$ -0.1 mi em 9/20 snapshots
bext,63711059,valor_negativo_repetido,min R$ -0.1 mi em 12/20 snapshots
bext,63711064,valor_negativo_repetido,min R$ -0.2 mi em 11/20 snapshots
bext,63711066,valor_negativo_repetido,min R$ -0.2 mi em 11/20 snapshots
bext,63711067,valor_negativo_repetido,min R$ -0.1 mi em 14/20 snapshots
bext,63711104,valor_negativo_repetido,min R$ -0.1 mi em 10/20 snapshots
bext,63711118,valor_negativo_repetido,min R$ -0.1 mi em 11/20 snapshots
bext,63711119,valor_negativo_repetido,min R$ -0.1 mi em 10/20 snapshots
bext,63711121,valor_negativo_repetido,min R$ -0.1 mi em 9/20 snapshots
bext,63711148,valor_negativo_repetido,min R$ -0.1 mi em 7/20 snapshots
bext,63711171,valor_negativo_repetido,min R$ -0.1 mi em 10/20 snapshots
bext,63711212,valor_negativo_repetido,min R$ -0.1 mi em 13/20 snapshots
bext,63711216,valor_negativo_repetido,min R$ -0.1 mi em 9/20 snapshots
bext,63711235,valor_negativo_repetido,min R$ -0.2 mi em 8/20 snapshots
bext,63711240,valor_negativo_repetido,min R$ -0.1 mi em 10/20 snapshots
bext,63711244,valor_negativo_repetido,min R$ -0.1 mi em 7/20 snapshots
bext,63711357,valor_negativo_repetido,min R$ -0.1 mi em 10/20 snapshots
bext,63711362,valor_negativo_repetido,min R$ -0.1 mi em 9/20 snapshots
bext,63711363,valor_negativo_repetido,min R$ -0.1 mi em 9/20 snapshots
bext,63711382,valor_negativo_repetido,min R$ -0.1 mi em 9/20 snapshots
bext,63711385,valor_negativo_repetido,min R$ -0.1 mi em 12/20 snapshots
bext,63711387,valor_negativo_repetido,min R$ -0.1 mi em 13/20 snapshots
bext,63711416,valor_negativo_repetido,min R$ -0.2 mi em 9/20 snapshots
bext,63711438,valor_negativo_repetido,min R$ -0.2 mi em 10/20 snapshots
bext,63711446,valor_negativo_repetido,min R$ -0.1 mi em 9/20 snapshots
bext,63711531,valor_negativo_repetido,min R$ -0.1 mi em 4/20 snapshots
bext,63711587,valor_negativo_repetido,min R$ -0.1 mi em 8/20 snapshots
bext,63711611,valor_negativo_repetido,min R$ -0.1 mi em 9/20 snapshots
bext,63711733,valor_negativo_repetido,min R$ -0.1 mi em 7/20 snapshots
bext,63711740,valor_negativo_repetido,min R$ -0.1 mi em 13/20 snapshots
bext,63711741,valor_negativo_repetido,min R$ -0.1 mi em 7/20 snapshots
bext,63711746,valor_negativo_repetido,min R$ -0.1 mi em 13/20 snapshots
bext,63711764,valor_negativo_repetido,min R$ -0.1 mi em 9/20 snapshots
bext,63711792,valor_negativo_repetido,min R$ -0.1 mi em 9/20 snapshots
bext,63711798,valor_negativo_repetido,min R$ -0.1 mi em 10/20 snapshots
bext,6409352,valor_por_uh_extremo,R$/UH ate R$ 8.7 mi (1 UH; mediana familia R$ 28 k)
bext,64304339,valor_por_uh_extremo,R$/UH ate R$ 10.5 mi (1 UH; mediana familia R$ 28 k)
bext,64304343,valor_por_uh_extremo,R$/UH ate R$ 12.0 mi (1 UH; mediana familia R$ 28 k)
bext,64513877,valor_por_uh_extremo,R$/UH ate R$ 11.5 mi (1 UH; mediana familia R$ 28 k)
bext,64513891,valor_por_uh_extremo,R$/UH ate R$ 11.5 mi (1 UH; mediana familia R$ 28 k)
bext,64513908,valor_por_uh_extremo,R$/UH ate R$ 11.6 mi (1 UH; mediana familia R$ 28 k)
bext,64513919,valor_por_uh_extremo,R$/UH ate R$ 11.0 mi (1 UH; mediana familia R$ 28 k)
bext,65005781,valor_por_uh_extremo,R$/UH ate R$ 9.0 mi (1 UH; mediana familia R$ 28 k)
bext,65005787,valor_por_uh_extremo,R$/UH ate R$ 8.9 mi (1 UH; mediana familia R$ 28 k)
bext,65005796,valor_por_uh_extremo,R$/UH ate R$ 8.2 mi (1 UH; mediana familia R$ 28 k)
bext,65005797,valor_por_uh_extremo,R$/UH ate R$ 8.5 mi (1 UH; mediana familia R$ 28 k)
bext,65005801,valor_por_uh_extremo,R$/UH ate R$ 9.4 mi (1 UH; mediana familia R$ 28 k)
bext,65005805,valor_por_uh_extremo,R$/UH ate R$ 9.4 mi (1 UH; mediana familia R$ 28 k)
bext,650102271,valor_negativo_repetido,min R$ -0.1 mi em 9/20 snapshots
bext,650102278,valor_negativo_repetido,min R$ -0.1 mi em 10/20 snapshots
bext,650102280,valor_negativo_repetido,min R$ -0.1 mi em 8/20 snapshots
bext,650102284,valor_negativo_repetido,min R$ -0.1 mi em 8/20 snapshots
bext,650102291,valor_negativo_repetido,min R$ -0.1 mi em 10/20 snapshots
bext,650102292,valor_negativo_repetido,min R$ -0.1 mi em 11/20 snapshots
bext,650102293,valor_negativo_repetido,min R$ -0.1 mi em 14/20 snapshots
bext,650102296,valor_negativo_repetido,min R$ -0.1 mi em 11/20 snapshots
bext,650102309,valor_negativo_repetido,min R$ -0.1 mi em 9/20 snapshots
bext,650102310,valor_negativo_repetido,min R$ -0.1 mi em 11/20 snapshots
bext,650102316,valor_negativo_repetido,min R$ -0.1 mi em 10/20 snapshots
bext,650102327,valor_negativo_repetido,min R$ -0.1 mi em 8/20 snapshots
bext,650102328,valor_negativo_repetido,min R$ -0.1 mi em 9/20 snapshots
bext,650102329,valor_negativo_repetido,min R$ -0.1 mi em 8/20 snapshots
bext,650102330,valor_negativo_repetido,min R$ -0.1 mi em 11/20 snapshots
bext,650102331,valor_negativo_repetido,min R$ -0.1 mi em 9/20 snapshots
bext,650102341,valor_negativo_repetido,min R$ -0.1 mi em 11/20 snapshots
bext,650102343,valor_negativo_repetido,min R$ -0.1 mi em 11/20 snapshots
bext,650102345,valor_negativo_repetido,min R$ -0.1 mi em 9/20 snapshots
bext,650102346,valor_negativo_repetido,min R$ -0.1 mi em 8/20 snapshots
bext,650102347,valor_negativo_repetido,min R$ -0.1 mi em 6/20 snapshots
bext,650102348,valor_negativo_repetido,min R$ -0.1 mi em 15/20 snapshots
bext,650102349,valor_negativo_repetido,min R$ -0.1 mi em 13/20 snapshots
bext,650102353,valor_negativo_repetido,min R$ -0.1 mi em 13/20 snapshots
bext,650102356,valor_negativo_repetido,min R$ -0.1 mi em 11/20 snapshots
bext,650102364,valor_negativo_repetido,min R$ -0.1 mi em 12/20 snapshots
bext,650102365,valor_negativo_repetido,min R$ -0.1 mi em 10/20 snapshots
bext,650102376,valor_negativo_repetido,min R$ -0.1 mi em 13/20 snapshots
bext,650102378,valor_negativo_repetido,min R$ -0.1 mi em 8/20 snapshots
bext,650102379,valor_negativo_repetido,min R$ -0.1 mi em 12/20 snapshots
bext,650102382,valor_negativo_repetido,min R$ -0.1 mi em 10/20 snapshots
bext,650102383,valor_negativo_repetido,min R$ -0.1 mi em 13/20 snapshots
bext,650102397,valor_negativo_repetido,min R$ -0.1 mi em 9/20 snapshots
bext,650102415,valor_negativo_repetido,min R$ -0.1 mi em 5/20 snapshots
bext,650102418,valor_negativo_repetido,min R$ -0.1 mi em 14/20 snapshots
bext,650102424,valor_negativo_repetido,min R$ -0.1 mi em 11/20 snapshots
bext,650503738,valor_por_uh_extremo,R$/UH ate R$ 10.1 mi (1 UH; mediana familia R$ 28 k)
bext,650803372,valor_por_uh_extremo,R$/UH ate R$ 13.6 mi (1 UH; mediana familia R$ 28 k)
bext,651003482,valor_por_uh_extremo,R$/UH ate R$ 7.3 mi (1 UH; mediana familia R$ 28 k)
bext,651103800,valor_negativo_repetido,min R$ -0.1 mi em 12/20 snapshots
bext,651103866,valor_negativo_repetido,min R$ -0.1 mi em 9/20 snapshots
bext,651103874,valor_negativo_repetido,min R$ -0.1 mi em 11/20 snapshots
bext,651103907,valor_negativo_repetido,min R$ -0.1 mi em 10/20 snapshots
bext,651103939,valor_negativo_repetido,min R$ -0.1 mi em 8/20 snapshots
bext,651103951,valor_negativo_repetido,min R$ -0.1 mi em 12/20 snapshots
bext,651103952,valor_negativo_repetido,min R$ -0.1 mi em 12/20 snapshots
bext,651103953,valor_negativo_repetido,min R$ -0.1 mi em 10/20 snapshots
bext,651103974,valor_negativo_repetido,min R$ -0.1 mi em 14/20 snapshots
bext,651202790,valor_negativo_repetido,min R$ -0.1 mi em 10/20 snapshots
bext,651202794,valor_negativo_repetido,min R$ -0.1 mi em 13/20 snapshots
bext,651202801,valor_negativo_repetido,min R$ -0.1 mi em 12/20 snapshots
bext,651202802,valor_negativo_repetido,min R$ -0.1 mi em 8/20 snapshots
bext,651202803,valor_negativo_repetido,min R$ -0.0 mi em 8/20 snapshots
bext,651202807,valor_negativo_repetido,min R$ -0.1 mi em 8/20 snapshots
bext,651202810,valor_negativo_repetido,min R$ -0.1 mi em 12/20 snapshots
bext,651202811,valor_negativo_repetido,min R$ -0.1 mi em 10/20 snapshots
bext,651202813,valor_negativo_repetido,min R$ -0.1 mi em 12/20 snapshots
bext,651202814,valor_negativo_repetido,min R$ -0.1 mi em 8/20 snapshots
bext,651202816,valor_negativo_repetido,min R$ -0.1 mi em 12/20 snapshots
bext,651202817,valor_negativo_repetido,min R$ -0.1 mi em 9/20 snapshots
bext,651202818,valor_negativo_repetido,min R$ -0.1 mi em 12/20 snapshots
bext,651202820,valor_negativo_repetido,min R$ -0.1 mi em 7/20 snapshots
bext,651202821,valor_negativo_repetido,min R$ -0.1 mi em 11/20 snapshots
bext,651202822,valor_negativo_repetido,min R$ -0.1 mi em 14/20 snapshots
bext,651202823,valor_negativo_repetido,min R$ -0.1 mi em 4/20 snapshots
bext,651202824,valor_negativo_repetido,min R$ -0.1 mi em 10/20 snapshots
bext,651202825,valor_negativo_repetido,min R$ -0.1 mi em 9/20 snapshots
bext,651202826,valor_negativo_repetido,min R$ -0.1 mi em 11/20 snapshots
bext,651202827,valor_negativo_repetido,min R$ -0.1 mi em 11/20 snapshots
bext,651202828,valor_negativo_repetido,min R$ -0.1 mi em 13/20 snapshots
bext,651202829,valor_negativo_repetido,min R$ -0.1 mi em 13/20 snapshots
bext,651202830,valor_negativo_repetido,min R$ -0.1 mi em 11/20 snapshots
bext,651202831,valor_negativo_repetido,min R$ -0.1 mi em 7/20 snapshots
bext,651202834,valor_negativo_repetido,min R$ -0.1 mi em 10/20 snapshots
bext,651202836,valor_negativo_repetido,min R$ -0.1 mi em 12/20 snapshots
bext,651202837,valor_negativo_repetido,min R$ -0.1 mi em 11/20 snapshots
bext,651202838,valor_negativo_repetido,min R$ -0.1 mi em 14/20 snapshots
bext,651202839,valor_negativo_repetido,min R$ -0.1 mi em 13/20 snapshots
bext,651202840,valor_negativo_repetido,min R$ -0.1 mi em 13/20 snapshots
bext,651202841,valor_negativo_repetido,min R$ -0.1 mi em 13/20 snapshots
bext,651202844,valor_negativo_repetido,min R$ -0.1 mi em 6/20 snapshots
bext,651202846,valor_negativo_repetido,min R$ -0.1 mi em 10/20 snapshots
bext,651202848,valor_negativo_repetido,min R$ -0.1 mi em 11/20 snapshots
bext,651202849,valor_negativo_repetido,min R$ -0.1 mi em 14/20 snapshots
bext,651202852,valor_negativo_repetido,min R$ -0.1 mi em 6/20 snapshots
bext,651202853,valor_negativo_repetido,min R$ -0.1 mi em 12/20 snapshots
bext,651202858,valor_negativo_repetido,min R$ -0.1 mi em 12/20 snapshots
bext,651202863,valor_negativo_repetido,min R$ -0.1 mi em 8/20 snapshots
bext,651202864,valor_negativo_repetido,min R$ -0.1 mi em 8/20 snapshots
bext,651202865,valor_negativo_repetido,min R$ -0.1 mi em 12/20 snapshots
bext,651202882,valor_negativo_repetido,min R$ -0.1 mi em 8/20 snapshots
bext,651202883,valor_negativo_repetido,min R$ -0.1 mi em 6/20 snapshots
bext,651202884,valor_negativo_repetido,min R$ -0.1 mi em 10/20 snapshots
bext,651202885,valor_negativo_repetido,min R$ -0.1 mi em 9/20 snapshots
bext,651202886,valor_negativo_repetido,min R$ -0.1 mi em 12/20 snapshots
bext,651202888,valor_negativo_repetido,min R$ -0.1 mi em 10/20 snapshots
bext,651202889,valor_negativo_repetido,min R$ -0.1 mi em 13/20 snapshots
bext,651202890,valor_negativo_repetido,min R$ -0.1 mi em 11/20 snapshots
bext,651202897,valor_negativo_repetido,min R$ -0.1 mi em 11/20 snapshots
bext,651202900,valor_negativo_repetido,min R$ -0.1 mi em 8/20 snapshots
bext,651202915,valor_negativo_repetido,min R$ -0.1 mi em 11/20 snapshots
bext,651202923,valor_negativo_repetido,min R$ -0.1 mi em 7/20 snapshots
bext,651203219,valor_negativo_repetido,min R$ -0.1 mi em 11/20 snapshots
bext,651204110,valor_por_uh_extremo,R$/UH ate R$ 11.5 mi (1 UH; mediana familia R$ 28 k)
bext,651803045,valor_negativo_repetido,min R$ -0.1 mi em 11/20 snapshots
bext,651803138,valor_negativo_repetido,min R$ -0.1 mi em 11/20 snapshots
bext,651803211,valor_negativo_repetido,min R$ -0.2 mi em 5/20 snapshots
bext,651803336,valor_negativo_repetido,min R$ -0.1 mi em 10/20 snapshots
bext,651806704,valor_por_uh_extremo,R$/UH ate R$ 15.0 mi (1 UH; mediana familia R$ 28 k)
bext,652205744,valor_por_uh_extremo,R$/UH ate R$ 12.3 mi (1 UH; mediana familia R$ 28 k)
bext,652802821,valor_por_uh_extremo,R$/UH ate R$ 12.1 mi (1 UH; mediana familia R$ 28 k)
bext,652802823,valor_por_uh_extremo,R$/UH ate R$ 13.9 mi (1 UH; mediana familia R$ 28 k)
bext,652802826,valor_por_uh_extremo,R$/UH ate R$ 10.3 mi (1 UH; mediana familia R$ 28 k)
bext,652802827,valor_por_uh_extremo,R$/UH ate R$ 12.0 mi (1 UH; mediana familia R$ 28 k)
bext,652802829,valor_por_uh_extremo,R$/UH ate R$ 13.2 mi (1 UH; mediana familia R$ 28 k)
bext,653602727,valor_por_uh_extremo,R$/UH ate R$ 13.2 mi (1 UH; mediana familia R$ 28 k)
bext,653602728,valor_por_uh_extremo,R$/UH ate R$ 11.1 mi (1 UH; mediana familia R$ 28 k)
bext,654902260,valor_por_uh_extremo,R$/UH ate R$ 18.6 mi (1 UH; mediana familia R$ 28 k)
bext,65513433,valor_negativo_repetido,min R$ -0.1 mi em 9/20 snapshots
bext,65513469,valor_negativo_repetido,min R$ -0.1 mi em 9/20 snapshots
bext,65513521,valor_negativo_repetido,min R$ -0.1 mi em 8/20 snapshots
bext,65513648,valor_negativo_repetido,min R$ -0.1 mi em 11/20 snapshots
bext,65513857,valor_negativo_repetido,min R$ -0.1 mi em 11/20 snapshots
bext,65514078,valor_negativo_repetido,min R$ -0.1 mi em 12/20 snapshots
bext,65514079,valor_negativo_repetido,min R$ -0.1 mi em 11/20 snapshots
bext,65514085,valor_negativo_repetido,min R$ -0.1 mi em 11/20 snapshots
bext,65514088,valor_negativo_repetido,min R$ -0.1 mi em 6/20 snapshots
bext,65514095,valor_negativo_repetido,min R$ -0.1 mi em 10/20 snapshots
bext,65514108,valor_negativo_repetido,min R$ -0.1 mi em 13/20 snapshots
bext,65514113,valor_negativo_repetido,min R$ -0.1 mi em 12/20 snapshots
bext,65514114,valor_negativo_repetido,min R$ -0.1 mi em 9/20 snapshots
bext,65514136,valor_negativo_repetido,min R$ -0.1 mi em 10/20 snapshots
bext,65514142,valor_negativo_repetido,min R$ -0.1 mi em 10/20 snapshots
bext,65514148,valor_negativo_repetido,min R$ -0.1 mi em 8/20 snapshots
bext,657003296,valor_por_uh_extremo,R$/UH ate R$ 14.9 mi (1 UH; mediana familia R$ 28 k)
bext,657003299,valor_por_uh_extremo,R$/UH ate R$ 10.4 mi (1 UH; mediana familia R$ 28 k)
bext,65703191,valor_por_uh_extremo,R$/UH ate R$ 7.1 mi (1 UH; mediana familia R$ 28 k)
bext,657801178,valor_negativo_repetido,min R$ -0.1 mi em 10/20 snapshots
bext,657801180,valor_negativo_repetido,min R$ -0.1 mi em 13/20 snapshots
bext,657801181,valor_negativo_repetido,min R$ -0.1 mi em 6/20 snapshots
bext,657801182,valor_negativo_repetido,min R$ -0.1 mi em 16/20 snapshots
bext,657801184,valor_negativo_repetido,min R$ -0.1 mi em 8/20 snapshots
bext,657801186,valor_negativo_repetido,min R$ -0.1 mi em 9/20 snapshots
bext,657801194,valor_negativo_repetido,min R$ -0.1 mi em 10/20 snapshots
bext,657801197,valor_negativo_repetido,min R$ -0.0 mi em 15/20 snapshots
bext,657801203,valor_negativo_repetido,min R$ -0.1 mi em 11/20 snapshots
bext,657801208,valor_negativo_repetido,min R$ -0.1 mi em 12/20 snapshots
bext,657801210,valor_negativo_repetido,min R$ -0.1 mi em 13/20 snapshots
bext,657801215,valor_negativo_repetido,min R$ -0.0 mi em 10/20 snapshots
bext,657801218,valor_negativo_repetido,min R$ -0.1 mi em 7/20 snapshots
bext,657801241,valor_negativo_repetido,min R$ -0.1 mi em 15/20 snapshots
bext,657801247,valor_negativo_repetido,min R$ -0.1 mi em 10/20 snapshots
bext,657801262,valor_negativo_repetido,min R$ -0.1 mi em 11/20 snapshots
bext,657801266,valor_negativo_repetido,min R$ -0.1 mi em 4/20 snapshots
bext,657801267,valor_negativo_repetido,min R$ -0.1 mi em 12/20 snapshots
bext,657801268,valor_negativo_repetido,min R$ -0.1 mi em 10/20 snapshots
bext,657801269,valor_negativo_repetido,min R$ -0.1 mi em 10/20 snapshots
bext,657801271,valor_negativo_repetido,min R$ -0.1 mi em 13/20 snapshots
bext,657801275,valor_negativo_repetido,min R$ -0.1 mi em 8/20 snapshots
bext,657801277,valor_negativo_repetido,min R$ -0.1 mi em 14/20 snapshots
bext,657801278,valor_negativo_repetido,min R$ -0.0 mi em 13/20 snapshots
bext,657801282,valor_negativo_repetido,min R$ -0.1 mi em 15/20 snapshots
bext,657801286,valor_negativo_repetido,min R$ -0.1 mi em 7/20 snapshots
bext,657801292,valor_negativo_repetido,min R$ -0.1 mi em 9/20 snapshots
bext,657801296,valor_negativo_repetido,min R$ -0.1 mi em 11/20 snapshots
bext,657801297,valor_negativo_repetido,min R$ -0.1 mi em 11/20 snapshots
bext,657801298,valor_negativo_repetido,min R$ -0.1 mi em 9/20 snapshots
bext,657801299,valor_negativo_repetido,min R$ -0.1 mi em 11/20 snapshots
bext,657801301,valor_negativo_repetido,min R$ -0.1 mi em 6/20 snapshots
bext,657801304,valor_negativo_repetido,min R$ -0.1 mi em 8/20 snapshots
bext,657801308,valor_negativo_repetido,min R$ -0.1 mi em 12/20 snapshots
bext,657801311,valor_negativo_repetido,min R$ -0.1 mi em 13/20 snapshots
bext,657801313,valor_negativo_repetido,min R$ -0.1 mi em 9/20 snapshots
bext,657801314,valor_negativo_repetido,min R$ -0.1 mi em 7/20 snapshots
bext,657801317,valor_negativo_repetido,min R$ -0.1 mi em 9/20 snapshots
bext,657801328,valor_negativo_repetido,min R$ -0.1 mi em 11/20 snapshots
bext,657801331,valor_negativo_repetido,min R$ -0.1 mi em 10/20 snapshots
bext,657801336,valor_negativo_repetido,min R$ -0.1 mi em 12/20 snapshots
bext,657801337,valor_negativo_repetido,min R$ -0.1 mi em 9/20 snapshots
bext,657801352,valor_negativo_repetido,min R$ -0.1 mi em 6/20 snapshots
bext,657801378,valor_negativo_repetido,min R$ -0.1 mi em 9/20 snapshots
bext,659404037,valor_por_uh_extremo,R$/UH ate R$ 12.3 mi (1 UH; mediana familia R$ 28 k)
bext,659404040,valor_por_uh_extremo,R$/UH ate R$ 12.2 mi (1 UH; mediana familia R$ 28 k)
bext,659404042,valor_por_uh_extremo,R$/UH ate R$ 11.4 mi (1 UH; mediana familia R$ 28 k)
bext,659404044,valor_por_uh_extremo,R$/UH ate R$ 10.7 mi (1 UH; mediana familia R$ 28 k)
bext,659404045,valor_por_uh_extremo,R$/UH ate R$ 13.5 mi (1 UH; mediana familia R$ 28 k)
bext,659404046,valor_por_uh_extremo,R$/UH ate R$ 13.4 mi (1 UH; mediana familia R$ 28 k)
bext,659404048,valor_por_uh_extremo,R$/UH ate R$ 12.9 mi (1 UH; mediana familia R$ 28 k)
bext,659500768,valor_negativo_repetido,min R$ -0.1 mi em 12/20 snapshots
bext,659500770,valor_negativo_repetido,min R$ -0.1 mi em 11/20 snapshots
bext,659500791,valor_negativo_repetido,min R$ -0.1 mi em 10/20 snapshots
bext,659500797,valor_negativo_repetido,min R$ -0.1 mi em 9/20 snapshots
bext,659500806,valor_negativo_repetido,min R$ -0.1 mi em 9/20 snapshots
bext,659500808,valor_negativo_repetido,min R$ -0.1 mi em 9/20 snapshots
bext,659500809,valor_negativo_repetido,min R$ -0.1 mi em 12/20 snapshots
bext,659500810,valor_negativo_repetido,min R$ -0.1 mi em 10/20 snapshots
bext,659500812,valor_negativo_repetido,min R$ -0.1 mi em 7/20 snapshots
bext,659500813,valor_negativo_repetido,min R$ -0.1 mi em 8/20 snapshots
bext,659500834,valor_negativo_repetido,min R$ -0.1 mi em 9/20 snapshots
bext,659500845,valor_negativo_repetido,min R$ -0.1 mi em 9/20 snapshots
bext,659500890,valor_negativo_repetido,min R$ -0.1 mi em 11/20 snapshots
bext,659803772,valor_por_uh_extremo,R$/UH ate R$ 14.4 mi (1 UH; mediana familia R$ 28 k)
bext,659803780,valor_por_uh_extremo,R$/UH ate R$ 13.5 mi (1 UH; mediana familia R$ 28 k)
bext,660205517,valor_por_uh_extremo,R$/UH ate R$ 10.4 mi (1 UH; mediana familia R$ 28 k)
bext,660205518,valor_por_uh_extremo,R$/UH ate R$ 13.1 mi (1 UH; mediana familia R$ 28 k)
bext,660205519,valor_por_uh_extremo,R$/UH ate R$ 12.6 mi (1 UH; mediana familia R$ 28 k)
bext,665202307,valor_por_uh_extremo,R$/UH ate R$ 12.9 mi (1 UH; mediana familia R$ 28 k)
bext,6706810,valor_por_uh_extremo,R$/UH ate R$ 11.6 mi (1 UH; mediana familia R$ 28 k)
bext,6706831,valor_por_uh_extremo,R$/UH ate R$ 10.8 mi (1 UH; mediana familia R$ 28 k)
bext,6706835,valor_por_uh_extremo,R$/UH ate R$ 8.7 mi (1 UH; mediana familia R$ 28 k)
bext,672101273,valor_por_uh_extremo,R$/UH ate R$ 14.1 mi (1 UH; mediana familia R$ 28 k)
bext,672101275,valor_por_uh_extremo,R$/UH ate R$ 13.5 mi (1 UH; mediana familia R$ 28 k)
bext,67221161,valor_por_uh_extremo,R$/UH ate R$ 12.6 mi (1 UH; mediana familia R$ 28 k)
bext,673600554,valor_negativo_repetido,min R$ -0.1 mi em 11/20 snapshots
bext,673600563,valor_negativo_repetido,min R$ -0.1 mi em 10/20 snapshots
bext,673600594,valor_negativo_repetido,min R$ -0.1 mi em 12/20 snapshots
bext,67411322,valor_por_uh_extremo,R$/UH ate R$ 10.0 mi (1 UH; mediana familia R$ 28 k)
bext,67505595,valor_negativo_repetido,min R$ -0.1 mi em 12/20 snapshots
bext,67505603,valor_negativo_repetido,min R$ -0.1 mi em 8/20 snapshots
bext,67505604,valor_negativo_repetido,min R$ -0.1 mi em 13/20 snapshots
bext,67505605,valor_negativo_repetido,min R$ -0.1 mi em 8/20 snapshots
bext,67505606,valor_negativo_repetido,min R$ -0.1 mi em 10/20 snapshots
bext,67505619,valor_negativo_repetido,min R$ -0.1 mi em 11/20 snapshots
bext,67505626,valor_negativo_repetido,min R$ -0.1 mi em 10/20 snapshots
bext,67505632,valor_negativo_repetido,min R$ -0.1 mi em 9/20 snapshots
bext,67505637,valor_negativo_repetido,min R$ -0.1 mi em 13/20 snapshots
bext,67505678,valor_negativo_repetido,min R$ -0.1 mi em 12/20 snapshots
bext,67505685,valor_negativo_repetido,min R$ -0.1 mi em 14/20 snapshots
bext,67505739,valor_negativo_repetido,min R$ -0.1 mi em 8/20 snapshots
bext,67505740,valor_negativo_repetido,min R$ -0.1 mi em 9/20 snapshots
bext,67505744,valor_negativo_repetido,min R$ -0.1 mi em 9/20 snapshots
bext,67505771,valor_negativo_repetido,min R$ -0.1 mi em 5/20 snapshots
bext,67505789,valor_negativo_repetido,min R$ -0.1 mi em 11/20 snapshots
bext,67505791,valor_negativo_repetido,min R$ -0.1 mi em 4/20 snapshots
bext,67505796,valor_negativo_repetido,min R$ -0.1 mi em 10/20 snapshots
bext,67505800,valor_negativo_repetido,min R$ -0.1 mi em 13/20 snapshots
bext,67505868,valor_negativo_repetido,min R$ -0.1 mi em 13/20 snapshots
bext,67505887,valor_negativo_repetido,min R$ -0.1 mi em 11/20 snapshots
bext,67505897,valor_negativo_repetido,min R$ -0.1 mi em 12/20 snapshots
bext,67505919,valor_negativo_repetido,min R$ -0.1 mi em 10/20 snapshots
bext,67505928,valor_negativo_repetido,min R$ -0.1 mi em 6/20 snapshots
bext,67505939,valor_negativo_repetido,min R$ -0.1 mi em 8/20 snapshots
bext,67505956,valor_negativo_repetido,min R$ -0.1 mi em 13/20 snapshots
bext,67506001,valor_negativo_repetido,min R$ -0.1 mi em 12/20 snapshots
bext,67506027,valor_negativo_repetido,min R$ -0.1 mi em 8/20 snapshots
bext,67506030,valor_negativo_repetido,min R$ -0.1 mi em 7/20 snapshots
bext,67506032,valor_negativo_repetido,min R$ -0.1 mi em 12/20 snapshots
bext,67506052,valor_negativo_repetido,min R$ -0.1 mi em 11/20 snapshots
bext,67506053,valor_negativo_repetido,min R$ -0.1 mi em 7/20 snapshots
bext,67506062,valor_negativo_repetido,min R$ -0.1 mi em 10/20 snapshots
bext,67506102,valor_negativo_repetido,min R$ -0.1 mi em 11/20 snapshots
bext,67506123,valor_negativo_repetido,min R$ -0.1 mi em 14/20 snapshots
bext,67506154,valor_negativo_repetido,min R$ -0.1 mi em 9/20 snapshots
bext,67506174,valor_negativo_repetido,min R$ -0.1 mi em 9/20 snapshots
bext,67506224,valor_negativo_repetido,min R$ -0.1 mi em 16/20 snapshots
bext,67506238,valor_negativo_repetido,min R$ -0.1 mi em 7/20 snapshots
bext,67506244,valor_negativo_repetido,min R$ -0.1 mi em 9/20 snapshots
bext,67506245,valor_negativo_repetido,min R$ -0.1 mi em 11/20 snapshots
bext,67506250,valor_negativo_repetido,min R$ -0.1 mi em 6/20 snapshots
bext,67506256,valor_negativo_repetido,min R$ -0.1 mi em 7/20 snapshots
bext,67506276,valor_negativo_repetido,min R$ -0.1 mi em 9/20 snapshots
bext,67506284,valor_negativo_repetido,min R$ -0.1 mi em 11/20 snapshots
bext,67506285,valor_negativo_repetido,min R$ -0.1 mi em 13/20 snapshots
bext,67506302,valor_negativo_repetido,min R$ -0.1 mi em 10/20 snapshots
bext,67506457,valor_negativo_repetido,min R$ -0.1 mi em 9/20 snapshots
bext,67506459,valor_negativo_repetido,min R$ -0.1 mi em 13/20 snapshots
bext,67506462,valor_negativo_repetido,min R$ -0.1 mi em 11/20 snapshots
bext,67506464,valor_negativo_repetido,min R$ -0.1 mi em 12/20 snapshots
bext,67506476,valor_negativo_repetido,min R$ -0.1 mi em 8/20 snapshots
bext,67506478,valor_negativo_repetido,min R$ -0.1 mi em 10/20 snapshots
bext,67506760,valor_negativo_repetido,min R$ -0.1 mi em 7/20 snapshots
bext,675800597,valor_negativo_repetido,min R$ -0.1 mi em 11/20 snapshots
bext,675800599,valor_negativo_repetido,min R$ -0.1 mi em 11/20 snapshots
bext,675800600,valor_negativo_repetido,min R$ -0.1 mi em 11/20 snapshots
bext,675800601,valor_negativo_repetido,min R$ -0.1 mi em 9/20 snapshots
bext,675800607,valor_negativo_repetido,min R$ -0.1 mi em 9/20 snapshots
bext,675800608,valor_negativo_repetido,min R$ -0.1 mi em 10/20 snapshots
bext,675800613,valor_negativo_repetido,min R$ -0.1 mi em 12/20 snapshots
bext,675800614,valor_negativo_repetido,min R$ -0.1 mi em 12/20 snapshots
bext,675800616,valor_negativo_repetido,min R$ -0.1 mi em 8/20 snapshots
bext,675800623,valor_negativo_repetido,min R$ -0.1 mi em 7/20 snapshots
bext,675800625,valor_negativo_repetido,min R$ -0.1 mi em 12/20 snapshots
bext,675800626,valor_negativo_repetido,min R$ -0.1 mi em 8/20 snapshots
bext,675800627,valor_negativo_repetido,min R$ -0.1 mi em 11/20 snapshots
bext,675800632,valor_negativo_repetido,min R$ -0.1 mi em 11/20 snapshots
bext,675800634,valor_negativo_repetido,min R$ -0.1 mi em 10/20 snapshots
bext,675800658,valor_negativo_repetido,min R$ -0.1 mi em 10/20 snapshots
bext,676600591,valor_negativo_repetido,min R$ -0.1 mi em 9/20 snapshots
bext,676600678,valor_negativo_repetido,min R$ -0.1 mi em 9/20 snapshots
bext,681901941,valor_por_uh_extremo,R$/UH ate R$ 11.0 mi (1 UH; mediana familia R$ 28 k)
bext,684003056,valor_por_uh_extremo,R$/UH ate R$ 13.4 mi (1 UH; mediana familia R$ 28 k)
bext,68404625,valor_por_uh_extremo,R$/UH ate R$ 9.1 mi (1 UH; mediana familia R$ 28 k)
bext,684304557,valor_por_uh_extremo,R$/UH ate R$ 13.5 mi (1 UH; mediana familia R$ 28 k)
bext,684304559,valor_por_uh_extremo,R$/UH ate R$ 13.1 mi (1 UH; mediana familia R$ 28 k)
bext,684304560,valor_por_uh_extremo,R$/UH ate R$ 16.2 mi (1 UH; mediana familia R$ 28 k)
bext,685302305,valor_negativo_repetido,min R$ -0.1 mi em 7/20 snapshots
bext,685302307,valor_negativo_repetido,min R$ -0.1 mi em 12/20 snapshots
bext,685302308,valor_negativo_repetido,min R$ -0.1 mi em 15/20 snapshots
bext,685302310,valor_negativo_repetido,min R$ -0.1 mi em 12/20 snapshots
bext,685302311,valor_negativo_repetido,min R$ -0.1 mi em 14/20 snapshots
bext,685302318,valor_negativo_repetido,min R$ -0.1 mi em 12/20 snapshots
bext,685302330,valor_negativo_repetido,min R$ -0.1 mi em 8/20 snapshots
bext,685302331,valor_negativo_repetido,min R$ -0.1 mi em 12/20 snapshots
bext,685302332,valor_negativo_repetido,min R$ -0.1 mi em 8/20 snapshots
bext,685302333,valor_negativo_repetido,min R$ -0.1 mi em 10/20 snapshots
bext,685302334,valor_negativo_repetido,min R$ -0.1 mi em 8/20 snapshots
bext,685302337,valor_negativo_repetido,min R$ -0.1 mi em 11/20 snapshots
bext,685302338,valor_negativo_repetido,min R$ -0.1 mi em 14/20 snapshots
bext,685302344,valor_negativo_repetido,min R$ -0.1 mi em 11/20 snapshots
bext,685302351,valor_negativo_repetido,min R$ -0.1 mi em 7/20 snapshots
bext,685302355,valor_negativo_repetido,min R$ -0.1 mi em 12/20 snapshots
bext,685302359,valor_negativo_repetido,min R$ -0.1 mi em 12/20 snapshots
bext,685302361,valor_negativo_repetido,min R$ -0.1 mi em 16/20 snapshots
bext,685302364,valor_negativo_repetido,min R$ -0.1 mi em 9/20 snapshots
bext,685302366,valor_negativo_repetido,min R$ -0.1 mi em 8/20 snapshots
bext,685302373,valor_negativo_repetido,min R$ -0.1 mi em 8/20 snapshots
bext,685302379,valor_negativo_repetido,min R$ -0.1 mi em 12/20 snapshots
bext,685302380,valor_negativo_repetido,min R$ -0.1 mi em 7/20 snapshots
bext,685302386,valor_negativo_repetido,min R$ -0.1 mi em 9/20 snapshots
bext,685302387,valor_negativo_repetido,min R$ -0.1 mi em 8/20 snapshots
bext,685302388,valor_negativo_repetido,min R$ -0.1 mi em 6/20 snapshots
bext,685302401,valor_negativo_repetido,min R$ -0.1 mi em 11/20 snapshots
bext,685302402,valor_negativo_repetido,min R$ -0.1 mi em 10/20 snapshots
bext,685302409,valor_negativo_repetido,min R$ -0.1 mi em 10/20 snapshots
bext,685302411,valor_negativo_repetido,min R$ -0.1 mi em 10/20 snapshots
bext,685302415,valor_negativo_repetido,min R$ -0.1 mi em 8/20 snapshots
bext,685302418,valor_negativo_repetido,min R$ -0.1 mi em 8/20 snapshots
bext,685302423,valor_negativo_repetido,min R$ -0.1 mi em 12/20 snapshots
bext,685302425,valor_negativo_repetido,min R$ -0.1 mi em 10/20 snapshots
bext,685302429,valor_negativo_repetido,min R$ -0.1 mi em 14/20 snapshots
bext,685302432,valor_negativo_repetido,min R$ -0.1 mi em 10/20 snapshots
bext,685302437,valor_negativo_repetido,min R$ -0.1 mi em 10/20 snapshots
bext,685302441,valor_negativo_repetido,min R$ -0.1 mi em 9/20 snapshots
bext,685302473,valor_negativo_repetido,min R$ -0.1 mi em 11/20 snapshots
bext,685302480,valor_negativo_repetido,min R$ -0.1 mi em 8/20 snapshots
bext,686202740,valor_por_uh_extremo,R$/UH ate R$ 12.4 mi (1 UH; mediana familia R$ 28 k)
bext,686302052,valor_por_uh_extremo,R$/UH ate R$ 16.4 mi (1 UH; mediana familia R$ 28 k)
bext,686600920,valor_negativo_repetido,min R$ -0.1 mi em 13/20 snapshots
bext,686600923,valor_negativo_repetido,min R$ -0.1 mi em 11/20 snapshots
bext,686600925,valor_negativo_repetido,min R$ -0.1 mi em 9/20 snapshots
bext,686600926,valor_negativo_repetido,min R$ -0.1 mi em 6/20 snapshots
bext,686600927,valor_negativo_repetido,min R$ -0.1 mi em 10/20 snapshots
bext,686600930,valor_negativo_repetido,min R$ -0.1 mi em 11/20 snapshots
bext,686600931,valor_negativo_repetido,min R$ -0.1 mi em 9/20 snapshots
bext,686600936,valor_negativo_repetido,min R$ -0.1 mi em 9/20 snapshots
bext,686600937,valor_negativo_repetido,min R$ -0.1 mi em 13/20 snapshots
bext,686600943,valor_negativo_repetido,min R$ -0.1 mi em 9/20 snapshots
bext,686600948,valor_negativo_repetido,min R$ -0.1 mi em 10/20 snapshots
bext,686600949,valor_negativo_repetido,min R$ -0.1 mi em 12/20 snapshots
bext,686600951,valor_negativo_repetido,min R$ -0.1 mi em 10/20 snapshots
bext,686600955,valor_negativo_repetido,min R$ -0.1 mi em 9/20 snapshots
bext,686600956,valor_negativo_repetido,min R$ -0.1 mi em 10/20 snapshots
bext,686600957,valor_negativo_repetido,min R$ -0.1 mi em 13/20 snapshots
bext,686600962,valor_negativo_repetido,min R$ -0.1 mi em 11/20 snapshots
bext,686600965,valor_negativo_repetido,min R$ -0.1 mi em 10/20 snapshots
bext,686600969,valor_negativo_repetido,min R$ -0.0 mi em 10/20 snapshots
bext,686600972,valor_negativo_repetido,min R$ -0.1 mi em 10/20 snapshots
bext,686600975,valor_negativo_repetido,min R$ -0.1 mi em 8/20 snapshots
bext,686600990,valor_negativo_repetido,min R$ -0.1 mi em 12/20 snapshots
bext,686601008,valor_negativo_repetido,min R$ -0.1 mi em 7/20 snapshots
bext,686601034,valor_negativo_repetido,min R$ -0.1 mi em 11/20 snapshots
bext,686601041,valor_negativo_repetido,min R$ -0.1 mi em 11/20 snapshots
bext,686601047,valor_negativo_repetido,min R$ -0.1 mi em 14/20 snapshots
bext,686601051,valor_negativo_repetido,min R$ -0.0 mi em 12/20 snapshots
bext,686601055,valor_negativo_repetido,min R$ -0.1 mi em 11/20 snapshots
bext,686601061,valor_negativo_repetido,min R$ -0.1 mi em 13/20 snapshots
bext,686601062,valor_negativo_repetido,min R$ -0.1 mi em 8/20 snapshots
bext,686601068,valor_negativo_repetido,min R$ -0.1 mi em 10/20 snapshots
bext,686601075,valor_negativo_repetido,min R$ -0.1 mi em 8/20 snapshots
bext,686601081,valor_negativo_repetido,min R$ -0.1 mi em 9/20 snapshots
bext,686601082,valor_negativo_repetido,min R$ -0.1 mi em 9/20 snapshots
bext,686601083,valor_negativo_repetido,min R$ -0.1 mi em 8/20 snapshots
bext,686601085,valor_negativo_repetido,min R$ -0.1 mi em 13/20 snapshots
bext,686601087,valor_negativo_repetido,min R$ -0.1 mi em 13/20 snapshots
bext,686601089,valor_negativo_repetido,min R$ -0.0 mi em 7/20 snapshots
bext,686601090,valor_negativo_repetido,min R$ -0.1 mi em 10/20 snapshots
bext,686601091,valor_negativo_repetido,min R$ -0.1 mi em 13/20 snapshots
bext,686601094,valor_negativo_repetido,min R$ -0.1 mi em 9/20 snapshots
bext,686601099,valor_negativo_repetido,min R$ -0.1 mi em 10/20 snapshots
bext,686601100,valor_negativo_repetido,min R$ -0.1 mi em 8/20 snapshots
bext,686601101,valor_negativo_repetido,min R$ -0.1 mi em 12/20 snapshots
bext,686601108,valor_negativo_repetido,min R$ -0.1 mi em 9/20 snapshots
bext,686601113,valor_negativo_repetido,min R$ -0.1 mi em 10/20 snapshots
bext,686601114,valor_negativo_repetido,min R$ -0.1 mi em 8/20 snapshots
bext,686601117,valor_negativo_repetido,min R$ -0.1 mi em 10/20 snapshots
bext,686601128,valor_negativo_repetido,min R$ -0.1 mi em 11/20 snapshots
bext,686601137,valor_negativo_repetido,min R$ -0.1 mi em 8/20 snapshots
bext,686601138,valor_negativo_repetido,min R$ -0.1 mi em 12/20 snapshots
bext,686601167,valor_negativo_repetido,min R$ -0.1 mi em 12/20 snapshots
bext,686601178,valor_negativo_repetido,min R$ -0.1 mi em 10/20 snapshots
bext,688900521,valor_por_uh_extremo,R$/UH ate R$ 11.0 mi (1 UH; mediana familia R$ 28 k)
bext,68902892,valor_por_uh_extremo,R$/UH ate R$ 5.9 mi (1 UH; mediana familia R$ 28 k)
bext,691902629,valor_negativo_repetido,min R$ -0.1 mi em 5/20 snapshots
bext,692800272,valor_negativo_repetido,min R$ -0.1 mi em 9/20 snapshots
bext,692800273,valor_negativo_repetido,min R$ -0.1 mi em 8/20 snapshots
bext,692800312,valor_negativo_repetido,min R$ -0.1 mi em 11/20 snapshots
bext,693301802,valor_negativo_repetido,min R$ -0.1 mi em 10/20 snapshots
bext,693301804,valor_negativo_repetido,min R$ -0.1 mi em 12/20 snapshots
bext,693301808,valor_negativo_repetido,min R$ -0.1 mi em 10/20 snapshots
bext,693301817,valor_negativo_repetido,min R$ -0.1 mi em 9/20 snapshots
bext,693301819,valor_negativo_repetido,min R$ -0.1 mi em 11/20 snapshots
bext,693301846,valor_negativo_repetido,min R$ -0.1 mi em 12/20 snapshots
bext,693301853,valor_negativo_repetido,min R$ -0.1 mi em 9/20 snapshots
bext,693301855,valor_negativo_repetido,min R$ -0.1 mi em 7/20 snapshots
bext,693301865,valor_negativo_repetido,min R$ -0.1 mi em 8/20 snapshots
bext,693301887,valor_negativo_repetido,min R$ -0.1 mi em 9/20 snapshots
bext,693800720,valor_negativo_repetido,min R$ -0.1 mi em 12/20 snapshots
bext,693800721,valor_negativo_repetido,min R$ -0.1 mi em 8/20 snapshots
bext,693800722,valor_negativo_repetido,min R$ -0.1 mi em 10/20 snapshots
bext,693800728,valor_negativo_repetido,min R$ -0.1 mi em 10/20 snapshots
bext,693800729,valor_negativo_repetido,min R$ -0.1 mi em 11/20 snapshots
bext,693800731,valor_negativo_repetido,min R$ -0.1 mi em 5/20 snapshots
bext,693800732,valor_negativo_repetido,min R$ -0.1 mi em 12/20 snapshots
bext,693800734,valor_negativo_repetido,min R$ -0.1 mi em 11/20 snapshots
bext,693800735,valor_negativo_repetido,min R$ -0.0 mi em 10/20 snapshots
bext,693800741,valor_negativo_repetido,min R$ -0.1 mi em 9/20 snapshots
bext,693800742,valor_negativo_repetido,min R$ -0.1 mi em 12/20 snapshots
bext,693800748,valor_negativo_repetido,min R$ -0.1 mi em 10/20 snapshots
bext,693800749,valor_negativo_repetido,min R$ -0.1 mi em 13/20 snapshots
bext,694500510,valor_por_uh_extremo,R$/UH ate R$ 8.1 mi (1 UH; mediana familia R$ 28 k)
bext,69512318,valor_por_uh_extremo,R$/UH ate R$ 12.8 mi (1 UH; mediana familia R$ 28 k)
bext,696102776,valor_por_uh_extremo,R$/UH ate R$ 17.0 mi (1 UH; mediana familia R$ 28 k)
bext,696204819,valor_por_uh_extremo,R$/UH ate R$ 13.7 mi (1 UH; mediana familia R$ 28 k)
bext,696204825,valor_por_uh_extremo,R$/UH ate R$ 10.8 mi (1 UH; mediana familia R$ 28 k)
bext,696204826,valor_por_uh_extremo,R$/UH ate R$ 13.1 mi (1 UH; mediana familia R$ 28 k)
bext,696204835,valor_por_uh_extremo,R$/UH ate R$ 13.7 mi (1 UH; mediana familia R$ 28 k)
bext,696700511,valor_negativo_repetido,min R$ -0.1 mi em 6/20 snapshots
bext,696804251,valor_por_uh_extremo,R$/UH ate R$ 12.1 mi (1 UH; mediana familia R$ 28 k)
bext,697701537,valor_negativo_repetido,min R$ -0.1 mi em 13/20 snapshots
bext,697701538,valor_negativo_repetido,min R$ -0.1 mi em 9/20 snapshots
bext,697701539,valor_negativo_repetido,min R$ -0.1 mi em 8/20 snapshots
bext,697701540,valor_negativo_repetido,min R$ -0.1 mi em 11/20 snapshots
bext,697701546,valor_negativo_repetido,min R$ -0.1 mi em 7/20 snapshots
bext,697701593,valor_negativo_repetido,min R$ -0.1 mi em 10/20 snapshots
bext,697701621,valor_negativo_repetido,min R$ -0.1 mi em 10/20 snapshots
bext,697701640,valor_negativo_repetido,min R$ -0.1 mi em 8/20 snapshots
bext,697701647,valor_negativo_repetido,min R$ -0.1 mi em 8/20 snapshots
bext,697701652,valor_negativo_repetido,min R$ -0.1 mi em 9/20 snapshots
bext,697701664,valor_negativo_repetido,min R$ -0.1 mi em 10/20 snapshots
bext,697701665,valor_negativo_repetido,min R$ -0.1 mi em 15/20 snapshots
bext,697701674,valor_negativo_repetido,min R$ -0.1 mi em 9/20 snapshots
bext,697701675,valor_negativo_repetido,min R$ -0.1 mi em 10/20 snapshots
bext,697701677,valor_negativo_repetido,min R$ -0.1 mi em 13/20 snapshots
bext,697701770,valor_negativo_repetido,min R$ -0.1 mi em 9/20 snapshots
bext,697701781,valor_negativo_repetido,min R$ -0.1 mi em 9/20 snapshots
bext,697701808,valor_negativo_repetido,min R$ -0.1 mi em 11/20 snapshots
bext,697702242,valor_negativo_repetido,min R$ -0.1 mi em 7/20 snapshots
bext,70008243,valor_por_uh_extremo,R$/UH ate R$ 11.0 mi (1 UH; mediana familia R$ 28 k)
bext,701300670,valor_negativo_repetido,min R$ -0.1 mi em 8/20 snapshots
bext,701300672,valor_negativo_repetido,min R$ -0.1 mi em 13/20 snapshots
bext,701300673,valor_negativo_repetido,min R$ -0.1 mi em 9/20 snapshots
bext,701300674,valor_negativo_repetido,min R$ -0.1 mi em 11/20 snapshots
bext,701300675,valor_negativo_repetido,min R$ -0.1 mi em 9/20 snapshots
bext,701300679,valor_negativo_repetido,min R$ -0.1 mi em 11/20 snapshots
bext,701300683,valor_negativo_repetido,min R$ -0.1 mi em 11/20 snapshots
bext,701300684,valor_negativo_repetido,min R$ -0.1 mi em 9/20 snapshots
bext,701300685,valor_negativo_repetido,min R$ -0.1 mi em 8/20 snapshots
bext,701300687,valor_negativo_repetido,min R$ -0.1 mi em 13/20 snapshots
bext,701300688,valor_negativo_repetido,min R$ -0.1 mi em 13/20 snapshots
bext,701300689,valor_negativo_repetido,min R$ -0.1 mi em 12/20 snapshots
bext,701300690,valor_negativo_repetido,min R$ -0.1 mi em 13/20 snapshots
bext,701300692,valor_negativo_repetido,min R$ -0.1 mi em 9/20 snapshots
bext,701300693,valor_negativo_repetido,min R$ -0.1 mi em 11/20 snapshots
bext,701300695,valor_negativo_repetido,min R$ -0.1 mi em 11/20 snapshots
bext,701300696,valor_negativo_repetido,min R$ -0.1 mi em 10/20 snapshots
bext,701300698,valor_negativo_repetido,min R$ -0.1 mi em 10/20 snapshots
bext,701300699,valor_negativo_repetido,min R$ -0.1 mi em 9/20 snapshots
bext,701300701,valor_negativo_repetido,min R$ -0.1 mi em 10/20 snapshots
bext,701300702,valor_negativo_repetido,min R$ -0.1 mi em 12/20 snapshots
bext,701300703,valor_negativo_repetido,min R$ -0.1 mi em 10/20 snapshots
bext,701300705,valor_negativo_repetido,min R$ -0.1 mi em 9/20 snapshots
bext,701300714,valor_negativo_repetido,min R$ -0.1 mi em 7/20 snapshots
bext,701300720,valor_negativo_repetido,min R$ -0.1 mi em 12/20 snapshots
bext,701300721,valor_negativo_repetido,min R$ -0.1 mi em 8/20 snapshots
bext,701300724,valor_negativo_repetido,min R$ -0.1 mi em 12/20 snapshots
bext,701300725,valor_negativo_repetido,min R$ -0.1 mi em 8/20 snapshots
bext,701300726,valor_negativo_repetido,min R$ -0.1 mi em 11/20 snapshots
bext,701300731,valor_negativo_repetido,min R$ -0.1 mi em 10/20 snapshots
bext,701300735,valor_negativo_repetido,min R$ -0.1 mi em 9/20 snapshots
bext,701300737,valor_negativo_repetido,min R$ -0.1 mi em 13/20 snapshots
bext,701300745,valor_negativo_repetido,min R$ -0.1 mi em 7/20 snapshots
bext,701300747,valor_negativo_repetido,min R$ -0.1 mi em 10/20 snapshots
bext,701300748,valor_negativo_repetido,min R$ -0.1 mi em 14/20 snapshots
bext,701300758,valor_negativo_repetido,min R$ -0.1 mi em 14/20 snapshots
bext,701300764,valor_negativo_repetido,min R$ -0.1 mi em 5/20 snapshots
bext,701300765,valor_negativo_repetido,min R$ -0.1 mi em 12/20 snapshots
bext,701300767,valor_negativo_repetido,min R$ -0.1 mi em 11/20 snapshots
bext,701300770,valor_negativo_repetido,min R$ -0.1 mi em 10/20 snapshots
bext,701300777,valor_negativo_repetido,min R$ -0.1 mi em 8/20 snapshots
bext,701300778,valor_negativo_repetido,min R$ -0.1 mi em 15/20 snapshots
bext,701300780,valor_negativo_repetido,min R$ -0.1 mi em 13/20 snapshots
bext,701300781,valor_negativo_repetido,min R$ -0.1 mi em 6/20 snapshots
bext,701300786,valor_negativo_repetido,min R$ -0.1 mi em 8/20 snapshots
bext,701300789,valor_negativo_repetido,min R$ -0.1 mi em 8/20 snapshots
bext,701300796,valor_negativo_repetido,min R$ -0.1 mi em 11/20 snapshots
bext,701300797,valor_negativo_repetido,min R$ -0.1 mi em 10/20 snapshots
bext,701300803,valor_negativo_repetido,min R$ -0.1 mi em 11/20 snapshots
bext,701300824,valor_negativo_repetido,min R$ -0.1 mi em 9/20 snapshots
bext,701300867,valor_negativo_repetido,min R$ -0.1 mi em 12/20 snapshots
bext,701300869,valor_negativo_repetido,min R$ -0.1 mi em 13/20 snapshots
bext,705202372,valor_por_uh_extremo,R$/UH ate R$ 12.4 mi (1 UH; mediana familia R$ 28 k)
bext,705601523,valor_negativo_repetido,min R$ -0.1 mi em 8/20 snapshots
bext,705601533,valor_negativo_repetido,min R$ -0.1 mi em 7/20 snapshots
bext,705601540,valor_negativo_repetido,min R$ -0.1 mi em 5/20 snapshots
bext,705601545,valor_negativo_repetido,min R$ -0.1 mi em 9/20 snapshots
bext,705601546,valor_negativo_repetido,min R$ -0.1 mi em 6/20 snapshots
bext,705601547,valor_negativo_repetido,min R$ -0.1 mi em 13/20 snapshots
bext,705601548,valor_negativo_repetido,min R$ -0.1 mi em 10/20 snapshots
bext,705601558,valor_negativo_repetido,min R$ -0.1 mi em 6/20 snapshots
bext,705601565,valor_negativo_repetido,min R$ -0.1 mi em 8/20 snapshots
bext,705601577,valor_negativo_repetido,min R$ -0.1 mi em 10/20 snapshots
bext,705601583,valor_negativo_repetido,min R$ -0.1 mi em 8/20 snapshots
bext,705601587,valor_negativo_repetido,min R$ -0.1 mi em 8/20 snapshots
bext,705601598,valor_negativo_repetido,min R$ -0.1 mi em 10/20 snapshots
bext,705601599,valor_negativo_repetido,min R$ -0.1 mi em 9/20 snapshots
bext,705601619,valor_negativo_repetido,min R$ -0.1 mi em 10/20 snapshots
bext,705601620,valor_negativo_repetido,min R$ -0.1 mi em 12/20 snapshots
bext,705601623,valor_negativo_repetido,min R$ -0.1 mi em 14/20 snapshots
bext,705601628,valor_negativo_repetido,min R$ -0.1 mi em 6/20 snapshots
bext,705601665,valor_negativo_repetido,min R$ -0.1 mi em 8/20 snapshots
bext,705601667,valor_negativo_repetido,min R$ -0.1 mi em 5/20 snapshots
bext,705601671,valor_negativo_repetido,min R$ -0.1 mi em 10/20 snapshots
bext,705601677,valor_negativo_repetido,min R$ -0.1 mi em 11/20 snapshots
bext,705601749,valor_negativo_repetido,min R$ -0.1 mi em 12/20 snapshots
bext,705601793,valor_negativo_repetido,min R$ -0.1 mi em 12/20 snapshots
bext,705601814,valor_negativo_repetido,min R$ -0.1 mi em 10/20 snapshots
bext,705601815,valor_negativo_repetido,min R$ -0.1 mi em 10/20 snapshots
bext,705601819,valor_negativo_repetido,min R$ -0.1 mi em 13/20 snapshots
bext,705601826,valor_negativo_repetido,min R$ -0.1 mi em 11/20 snapshots
bext,705601827,valor_negativo_repetido,min R$ -0.1 mi em 8/20 snapshots
bext,705601894,valor_negativo_repetido,min R$ -0.1 mi em 9/20 snapshots
bext,705601911,valor_negativo_repetido,min R$ -0.1 mi em 9/20 snapshots
bext,705601919,valor_negativo_repetido,min R$ -0.1 mi em 9/20 snapshots
bext,705602112,valor_negativo_repetido,min R$ -0.1 mi em 11/20 snapshots
bext,705602118,valor_negativo_repetido,min R$ -0.1 mi em 6/20 snapshots
bext,706100578,valor_por_uh_extremo,R$/UH ate R$ 16.9 mi (1 UH; mediana familia R$ 28 k)
bext,71605720,valor_por_uh_extremo,R$/UH ate R$ 9.4 mi (1 UH; mediana familia R$ 28 k)
bext,71807917,valor_negativo_repetido,min R$ -0.1 mi em 12/20 snapshots
bext,72621828,valor_por_uh_extremo,R$/UH ate R$ 9.5 mi (1 UH; mediana familia R$ 28 k)
bext,72621857,valor_por_uh_extremo,R$/UH ate R$ 9.6 mi (1 UH; mediana familia R$ 28 k)
bext,72706847,valor_por_uh_extremo,R$/UH ate R$ 8.0 mi (1 UH; mediana familia R$ 28 k)
bext,72706856,valor_por_uh_extremo,R$/UH ate R$ 6.9 mi (1 UH; mediana familia R$ 28 k)
bext,735941,valor_negativo_repetido,min R$ -14.4 mi em 11/20 snapshots
bext,7505759,valor_por_uh_extremo,R$/UH ate R$ 8.2 mi (1 UH; mediana familia R$ 28 k)
bext,75207637,valor_negativo_repetido,min R$ -0.1 mi em 9/20 snapshots
bext,75207642,valor_negativo_repetido,min R$ -0.1 mi em 13/20 snapshots
bext,75207643,valor_negativo_repetido,min R$ -0.1 mi em 12/20 snapshots
bext,75207645,valor_negativo_repetido,min R$ -0.1 mi em 8/20 snapshots
bext,75207647,valor_negativo_repetido,min R$ -0.1 mi em 8/20 snapshots
bext,75207672,valor_negativo_repetido,min R$ -0.1 mi em 10/20 snapshots
bext,75207704,valor_negativo_repetido,min R$ -0.1 mi em 7/20 snapshots
bext,75207803,valor_negativo_repetido,min R$ -0.1 mi em 8/20 snapshots
bext,75207947,valor_negativo_repetido,min R$ -0.1 mi em 11/20 snapshots
bext,75207981,valor_negativo_repetido,min R$ -0.1 mi em 13/20 snapshots
bext,75207989,valor_negativo_repetido,min R$ -0.1 mi em 10/20 snapshots
bext,75208071,valor_negativo_repetido,min R$ -0.1 mi em 13/20 snapshots
bext,75208240,valor_negativo_repetido,min R$ -0.1 mi em 10/20 snapshots
bext,75208287,valor_negativo_repetido,min R$ -0.1 mi em 9/20 snapshots
bext,75208452,valor_negativo_repetido,min R$ -0.1 mi em 14/20 snapshots
bext,75208469,valor_negativo_repetido,min R$ -0.1 mi em 12/20 snapshots
bext,75208564,valor_negativo_repetido,min R$ -0.1 mi em 12/20 snapshots
bext,75208571,valor_negativo_repetido,min R$ -0.1 mi em 7/20 snapshots
bext,75208637,valor_negativo_repetido,min R$ -0.1 mi em 6/20 snapshots
bext,75208766,valor_negativo_repetido,min R$ -0.1 mi em 8/20 snapshots
bext,75208991,valor_negativo_repetido,min R$ -0.1 mi em 11/20 snapshots
bext,75209010,valor_negativo_repetido,min R$ -0.1 mi em 11/20 snapshots
bext,75209016,valor_negativo_repetido,min R$ -0.1 mi em 13/20 snapshots
bext,75209048,valor_negativo_repetido,min R$ -0.1 mi em 10/20 snapshots
bext,75209049,valor_negativo_repetido,min R$ -0.1 mi em 10/20 snapshots
bext,75209062,valor_negativo_repetido,min R$ -0.1 mi em 10/20 snapshots
bext,75209096,valor_negativo_repetido,min R$ -0.1 mi em 9/20 snapshots
bext,75209099,valor_negativo_repetido,min R$ -0.1 mi em 9/20 snapshots
bext,75209105,valor_negativo_repetido,min R$ -0.1 mi em 14/20 snapshots
bext,75209106,valor_negativo_repetido,min R$ -0.1 mi em 10/20 snapshots
bext,75209107,valor_negativo_repetido,min R$ -0.1 mi em 12/20 snapshots
bext,75209108,valor_negativo_repetido,min R$ -0.1 mi em 6/20 snapshots
bext,75209114,valor_negativo_repetido,min R$ -0.1 mi em 14/20 snapshots
bext,75209116,valor_negativo_repetido,min R$ -0.1 mi em 15/20 snapshots
bext,75209119,valor_negativo_repetido,min R$ -0.1 mi em 11/20 snapshots
bext,75209149,valor_negativo_repetido,min R$ -0.1 mi em 9/20 snapshots
bext,75209159,valor_negativo_repetido,min R$ -0.0 mi em 12/20 snapshots
bext,75209171,valor_negativo_repetido,min R$ -0.1 mi em 12/20 snapshots
bext,75209193,valor_negativo_repetido,min R$ -0.1 mi em 10/20 snapshots
bext,75209195,valor_negativo_repetido,min R$ -0.1 mi em 6/20 snapshots
bext,75209238,valor_negativo_repetido,min R$ -0.1 mi em 7/20 snapshots
bext,75209240,valor_negativo_repetido,min R$ -0.1 mi em 7/20 snapshots
bext,75209242,valor_negativo_repetido,min R$ -0.1 mi em 8/20 snapshots
bext,75209243,valor_negativo_repetido,min R$ -0.1 mi em 12/20 snapshots
bext,75209279,valor_negativo_repetido,min R$ -0.1 mi em 7/20 snapshots
bext,75209281,valor_negativo_repetido,min R$ -0.1 mi em 6/20 snapshots
bext,75209308,valor_negativo_repetido,min R$ -0.1 mi em 12/20 snapshots
bext,75209349,valor_negativo_repetido,min R$ -0.1 mi em 14/20 snapshots
bext,75209363,valor_negativo_repetido,min R$ -0.1 mi em 15/20 snapshots
bext,75209401,valor_negativo_repetido,min R$ -0.1 mi em 8/20 snapshots
bext,75209414,valor_negativo_repetido,min R$ -0.1 mi em 9/20 snapshots
bext,75209523,valor_negativo_repetido,min R$ -0.1 mi em 10/20 snapshots
bext,75215845,valor_por_uh_extremo,R$/UH ate R$ 12.8 mi (1 UH; mediana familia R$ 28 k)
bext,75215847,valor_por_uh_extremo,R$/UH ate R$ 15.1 mi (1 UH; mediana familia R$ 28 k)
bext,75215848,valor_por_uh_extremo,R$/UH ate R$ 13.1 mi (1 UH; mediana familia R$ 28 k)
bext,75215857,valor_por_uh_extremo,R$/UH ate R$ 13.1 mi (1 UH; mediana familia R$ 28 k)
bext,75906957,valor_por_uh_extremo,R$/UH ate R$ 9.2 mi (1 UH; mediana familia R$ 28 k)
bext,76610253,valor_por_uh_extremo,R$/UH ate R$ 10.9 mi (1 UH; mediana familia R$ 28 k)
bext,76809025,valor_por_uh_extremo,R$/UH ate R$ 11.7 mi (1 UH; mediana familia R$ 28 k)
bext,76809027,valor_por_uh_extremo,R$/UH ate R$ 6.6 mi (1 UH; mediana familia R$ 28 k)
bext,77504557,valor_por_uh_extremo,R$/UH ate R$ 10.1 mi (1 UH; mediana familia R$ 28 k)
bext,80204762,valor_por_uh_extremo,R$/UH ate R$ 8.4 mi (1 UH; mediana familia R$ 28 k)
bext,805100179,valor_por_uh_extremo,R$/UH ate R$ 11.7 mi (1 UH; mediana familia R$ 28 k)
bext,805100180,valor_por_uh_extremo,R$/UH ate R$ 11.0 mi (1 UH; mediana familia R$ 28 k)
bext,805300301,valor_por_uh_extremo,R$/UH ate R$ 14.0 mi (1 UH; mediana familia R$ 28 k)
bext,805600200,valor_por_uh_extremo,R$/UH ate R$ 11.1 mi (1 UH; mediana familia R$ 28 k)
bext,805900474,valor_por_uh_extremo,R$/UH ate R$ 10.6 mi (1 UH; mediana familia R$ 28 k)
bext,805900475,valor_por_uh_extremo,R$/UH ate R$ 11.4 mi (1 UH; mediana familia R$ 28 k)
bext,810400353,valor_por_uh_extremo,R$/UH ate R$ 10.9 mi (1 UH; mediana familia R$ 28 k)
bext,810400357,valor_por_uh_extremo,R$/UH ate R$ 15.0 mi (1 UH; mediana familia R$ 28 k)
bext,810801065,valor_por_uh_extremo,R$/UH ate R$ 8.5 mi (1 UH; mediana familia R$ 28 k)
bext,810801069,valor_por_uh_extremo,R$/UH ate R$ 9.9 mi (1 UH; mediana familia R$ 28 k)
bext,813700116,valor_por_uh_extremo,R$/UH ate R$ 7.6 mi (1 UH; mediana familia R$ 28 k)
bext,813700120,valor_por_uh_extremo,R$/UH ate R$ 7.4 mi (1 UH; mediana familia R$ 28 k)
bext,813700124,valor_por_uh_extremo,R$/UH ate R$ 7.2 mi (1 UH; mediana familia R$ 28 k)
bext,819400109,valor_por_uh_extremo,R$/UH ate R$ 7.5 mi (1 UH; mediana familia R$ 28 k)
bext,819800585,valor_por_uh_extremo,R$/UH ate R$ 8.5 mi (1 UH; mediana familia R$ 28 k)
bext,82108616,valor_por_uh_extremo,R$/UH ate R$ 11.4 mi (1 UH; mediana familia R$ 28 k)
bext,8211582,valor_negativo_repetido,min R$ -0.1 mi em 4/20 snapshots
bext,8211592,valor_negativo_repetido,min R$ -0.1 mi em 11/20 snapshots
bext,8211595,valor_negativo_repetido,min R$ -0.1 mi em 11/20 snapshots
bext,8211598,valor_negativo_repetido,min R$ -0.1 mi em 13/20 snapshots
bext,8211599,valor_negativo_repetido,min R$ -0.1 mi em 8/20 snapshots
bext,8211602,valor_negativo_repetido,min R$ -0.1 mi em 12/20 snapshots
bext,8211612,valor_negativo_repetido,min R$ -0.1 mi em 9/20 snapshots
bext,8211614,valor_negativo_repetido,min R$ -0.1 mi em 9/20 snapshots
bext,8211617,valor_negativo_repetido,min R$ -0.1 mi em 11/20 snapshots
bext,8211623,valor_negativo_repetido,min R$ -0.1 mi em 8/20 snapshots
bext,8211635,valor_negativo_repetido,min R$ -0.1 mi em 10/20 snapshots
bext,8211637,valor_negativo_repetido,min R$ -0.1 mi em 14/20 snapshots
bext,8211652,valor_negativo_repetido,min R$ -0.1 mi em 9/20 snapshots
bext,8211653,valor_negativo_repetido,min R$ -0.1 mi em 10/20 snapshots
bext,8211688,valor_negativo_repetido,min R$ -0.1 mi em 8/20 snapshots
bext,8211707,valor_negativo_repetido,min R$ -0.1 mi em 9/20 snapshots
bext,8211708,valor_negativo_repetido,min R$ -0.1 mi em 12/20 snapshots
bext,8211715,valor_negativo_repetido,min R$ -0.1 mi em 10/20 snapshots
bext,8211759,valor_negativo_repetido,min R$ -0.1 mi em 11/20 snapshots
bext,8211767,valor_negativo_repetido,min R$ -0.1 mi em 12/20 snapshots
bext,8211780,valor_negativo_repetido,min R$ -0.1 mi em 13/20 snapshots
bext,8211792,valor_negativo_repetido,min R$ -0.1 mi em 10/20 snapshots
bext,8211846,valor_negativo_repetido,min R$ -0.1 mi em 11/20 snapshots
bext,8211921,valor_negativo_repetido,min R$ -0.1 mi em 9/20 snapshots
bext,8212331,valor_negativo_repetido,min R$ -0.1 mi em 11/20 snapshots
bext,8212332,valor_negativo_repetido,min R$ -0.1 mi em 8/20 snapshots
bext,8212333,valor_negativo_repetido,min R$ -0.1 mi em 9/20 snapshots
bext,8212334,valor_negativo_repetido,min R$ -0.1 mi em 14/20 snapshots
bext,8212348,valor_negativo_repetido,min R$ -0.1 mi em 11/20 snapshots
bext,8212353,valor_negativo_repetido,min R$ -0.1 mi em 12/20 snapshots
bext,8212359,valor_negativo_repetido,min R$ -0.1 mi em 8/20 snapshots
bext,8214572,valor_por_uh_extremo,R$/UH ate R$ 14.1 mi (1 UH; mediana familia R$ 28 k)
bext,8214575,valor_por_uh_extremo,R$/UH ate R$ 11.5 mi (1 UH; mediana familia R$ 28 k)
bext,82403275,valor_negativo_repetido,min R$ -0.0 mi em 16/20 snapshots
bext,82403276,valor_negativo_repetido,min R$ -0.0 mi em 14/20 snapshots
bext,82403278,valor_negativo_repetido,min R$ -0.1 mi em 6/20 snapshots
bext,82403279,valor_negativo_repetido,min R$ -0.0 mi em 11/20 snapshots
bext,82403280,valor_negativo_repetido,min R$ -0.1 mi em 9/20 snapshots
bext,82403281,valor_negativo_repetido,min R$ -0.0 mi em 10/20 snapshots
bext,82403282,valor_negativo_repetido,min R$ -0.1 mi em 7/20 snapshots
bext,82403284,valor_negativo_repetido,min R$ -0.1 mi em 13/20 snapshots
bext,82403286,valor_negativo_repetido,min R$ -0.0 mi em 10/20 snapshots
bext,82403287,valor_negativo_repetido,min R$ -0.1 mi em 7/20 snapshots
bext,82403288,valor_negativo_repetido,min R$ -0.0 mi em 9/20 snapshots
bext,82403289,valor_negativo_repetido,min R$ -0.0 mi em 12/20 snapshots
bext,82403292,valor_negativo_repetido,min R$ -0.0 mi em 9/20 snapshots
bext,82403293,valor_negativo_repetido,min R$ -0.0 mi em 9/20 snapshots
bext,82403296,valor_negativo_repetido,min R$ -0.0 mi em 11/20 snapshots
bext,82403297,valor_negativo_repetido,min R$ -0.1 mi em 8/20 snapshots
bext,82403300,valor_negativo_repetido,min R$ -0.1 mi em 8/20 snapshots
bext,82403304,valor_negativo_repetido,min R$ -0.1 mi em 6/20 snapshots
bext,82403305,valor_negativo_repetido,min R$ -0.1 mi em 10/20 snapshots
bext,82403306,valor_negativo_repetido,min R$ -0.1 mi em 13/20 snapshots
bext,82403308,valor_negativo_repetido,min R$ -0.1 mi em 8/20 snapshots
bext,82403309,valor_negativo_repetido,min R$ -0.1 mi em 9/20 snapshots
bext,82403310,valor_negativo_repetido,min R$ -0.1 mi em 13/20 snapshots
bext,82403312,valor_negativo_repetido,min R$ -0.1 mi em 9/20 snapshots
bext,82403314,valor_negativo_repetido,min R$ -0.1 mi em 10/20 snapshots
bext,82403315,valor_negativo_repetido,min R$ -0.1 mi em 14/20 snapshots
bext,82403316,valor_negativo_repetido,min R$ -0.1 mi em 12/20 snapshots
bext,82403319,valor_negativo_repetido,min R$ -0.1 mi em 12/20 snapshots
bext,82403320,valor_negativo_repetido,min R$ -0.1 mi em 11/20 snapshots
bext,82403321,valor_negativo_repetido,min R$ -0.1 mi em 8/20 snapshots
bext,82403322,valor_negativo_repetido,min R$ -0.1 mi em 8/20 snapshots
bext,82403323,valor_negativo_repetido,min R$ -0.1 mi em 10/20 snapshots
bext,82403325,valor_negativo_repetido,min R$ -0.1 mi em 12/20 snapshots
bext,82403328,valor_negativo_repetido,min R$ -0.1 mi em 8/20 snapshots
bext,82403332,valor_negativo_repetido,min R$ -0.1 mi em 10/20 snapshots
bext,82403334,valor_negativo_repetido,min R$ -0.1 mi em 9/20 snapshots
bext,82403335,valor_negativo_repetido,min R$ -0.1 mi em 8/20 snapshots
bext,82403336,valor_negativo_repetido,min R$ -0.1 mi em 13/20 snapshots
bext,82403338,valor_negativo_repetido,min R$ -0.1 mi em 11/20 snapshots
bext,82403339,valor_negativo_repetido,min R$ -0.1 mi em 9/20 snapshots
bext,82403340,valor_negativo_repetido,min R$ -0.1 mi em 8/20 snapshots
bext,82403341,valor_negativo_repetido,min R$ -0.1 mi em 12/20 snapshots
bext,82403342,valor_negativo_repetido,min R$ -0.1 mi em 7/20 snapshots
bext,82403345,valor_negativo_repetido,min R$ -0.1 mi em 15/20 snapshots
bext,82404485,valor_por_uh_extremo,R$/UH ate R$ 10.8 mi (1 UH; mediana familia R$ 28 k)
bext,82404487,valor_por_uh_extremo,R$/UH ate R$ 11.1 mi (1 UH; mediana familia R$ 28 k)
bext,82404488,valor_por_uh_extremo,R$/UH ate R$ 10.1 mi (1 UH; mediana familia R$ 28 k)
bext,82404493,valor_por_uh_extremo,R$/UH ate R$ 8.9 mi (1 UH; mediana familia R$ 28 k)
bext,824800133,valor_por_uh_extremo,R$/UH ate R$ 16.5 mi (1 UH; mediana familia R$ 28 k)
bext,825300176,valor_por_uh_extremo,R$/UH ate R$ 11.5 mi (1 UH; mediana familia R$ 28 k)
bext,825600065,valor_por_uh_extremo,R$/UH ate R$ 17.2 mi (1 UH; mediana familia R$ 28 k)
bext,82611948,valor_por_uh_extremo,R$/UH ate R$ 11.2 mi (1 UH; mediana familia R$ 28 k)
bext,82611987,valor_por_uh_extremo,R$/UH ate R$ 12.3 mi (1 UH; mediana familia R$ 28 k)
bext,82612001,valor_por_uh_extremo,R$/UH ate R$ 12.2 mi (1 UH; mediana familia R$ 28 k)
bext,828700221,valor_por_uh_extremo,R$/UH ate R$ 8.4 mi (1 UH; mediana familia R$ 28 k)
bext,829000198,valor_por_uh_extremo,R$/UH ate R$ 8.2 mi (1 UH; mediana familia R$ 28 k)
bext,829000199,valor_por_uh_extremo,R$/UH ate R$ 8.8 mi (1 UH; mediana familia R$ 28 k)
bext,83028045,valor_por_uh_extremo,R$/UH ate R$ 9.4 mi (1 UH; mediana familia R$ 28 k)
bext,83102451,valor_por_uh_extremo,R$/UH ate R$ 8.6 mi (1 UH; mediana familia R$ 28 k)
bext,8412366,valor_por_uh_extremo,R$/UH ate R$ 8.1 mi (1 UH; mediana familia R$ 28 k)
bext,84509640,valor_por_uh_extremo,R$/UH ate R$ 8.6 mi (1 UH; mediana familia R$ 28 k)
bext,8511111,valor_por_uh_extremo,R$/UH ate R$ 12.9 mi (1 UH; mediana familia R$ 28 k)
bext,8511157,valor_por_uh_extremo,R$/UH ate R$ 13.8 mi (1 UH; mediana familia R$ 28 k)
bext,856700154,valor_por_uh_extremo,R$/UH ate R$ 11.2 mi (1 UH; mediana familia R$ 28 k)
bext,857400210,valor_por_uh_extremo,R$/UH ate R$ 18.0 mi (1 UH; mediana familia R$ 28 k)
bext,85929397,valor_por_uh_extremo,R$/UH ate R$ 11.8 mi (1 UH; mediana familia R$ 28 k)
bext,85929398,valor_por_uh_extremo,R$/UH ate R$ 10.5 mi (1 UH; mediana familia R$ 28 k)
bext,85929439,valor_por_uh_extremo,R$/UH ate R$ 11.2 mi (1 UH; mediana familia R$ 28 k)
bext,861000144,valor_por_uh_extremo,R$/UH ate R$ 14.2 mi (1 UH; mediana familia R$ 28 k)
bext,86307513,valor_por_uh_extremo,R$/UH ate R$ 10.2 mi (1 UH; mediana familia R$ 28 k)
bext,866624,valor_negativo_repetido,min R$ -14.4 mi em 10/20 snapshots
bext,868300163,valor_por_uh_extremo,R$/UH ate R$ 9.1 mi (1 UH; mediana familia R$ 28 k)
bext,87624236,valor_por_uh_extremo,R$/UH ate R$ 8.6 mi (1 UH; mediana familia R$ 28 k)
bext,87909787,valor_por_uh_extremo,R$/UH ate R$ 7.5 mi (1 UH; mediana familia R$ 28 k)
bext,88313417,valor_por_uh_extremo,R$/UH ate R$ 13.8 mi (1 UH; mediana familia R$ 28 k)
bext,8915868,valor_por_uh_extremo,R$/UH ate R$ 14.2 mi (1 UH; mediana familia R$ 28 k)
bext,8915880,valor_por_uh_extremo,R$/UH ate R$ 13.2 mi (1 UH; mediana familia R$ 28 k)
bext,8915896,valor_por_uh_extremo,R$/UH ate R$ 14.6 mi (1 UH; mediana familia R$ 28 k)
bext,89206444,valor_por_uh_extremo,R$/UH ate R$ 8.0 mi (1 UH; mediana familia R$ 28 k)
bext,89206447,valor_por_uh_extremo,R$/UH ate R$ 8.7 mi (1 UH; mediana familia R$ 28 k)
bext,89406520,valor_por_uh_extremo,R$/UH ate R$ 9.5 mi (1 UH; mediana familia R$ 28 k)
bext,90005757,valor_por_uh_extremo,R$/UH ate R$ 9.6 mi (1 UH; mediana familia R$ 28 k)
bext,9017798,valor_por_uh_extremo,R$/UH ate R$ 11.0 mi (1 UH; mediana familia R$ 28 k)
bext,9017799,valor_por_uh_extremo,R$/UH ate R$ 11.9 mi (1 UH; mediana familia R$ 28 k)
bext,9017804,valor_por_uh_extremo,R$/UH ate R$ 10.3 mi (1 UH; mediana familia R$ 28 k)
bext,9017806,valor_por_uh_extremo,R$/UH ate R$ 12.3 mi (1 UH; mediana familia R$ 28 k)
bext,903978,valor_negativo_repetido,min R$ -0.1 mi em 10/20 snapshots
bext,905460,valor_por_uh_extremo,R$/UH ate R$ 13.2 mi (1 UH; mediana familia R$ 28 k)
bext,90801798,valor_por_uh_extremo,R$/UH ate R$ 7.1 mi (1 UH; mediana familia R$ 28 k)
bext,90801803,valor_por_uh_extremo,R$/UH ate R$ 4.8 mi (1 UH; mediana familia R$ 28 k)
bext,91107146,valor_por_uh_extremo,R$/UH ate R$ 8.0 mi (1 UH; mediana familia R$ 28 k)
bext,911700059,valor_por_uh_extremo,R$/UH ate R$ 13.6 mi (1 UH; mediana familia R$ 28 k)
bext,912000184,valor_por_uh_extremo,R$/UH ate R$ 10.9 mi (1 UH; mediana familia R$ 28 k)
bext,912700045,valor_por_uh_extremo,R$/UH ate R$ 11.7 mi (1 UH; mediana familia R$ 28 k)
bext,913500032,valor_por_uh_extremo,R$/UH ate R$ 7.4 mi (1 UH; mediana familia R$ 28 k)
bext,91503876,valor_negativo_repetido,min R$ -0.1 mi em 9/20 snapshots
bext,91503878,valor_negativo_repetido,min R$ -0.1 mi em 9/20 snapshots
bext,91503880,valor_negativo_repetido,min R$ -0.1 mi em 9/20 snapshots
bext,91503882,valor_negativo_repetido,min R$ -0.1 mi em 9/20 snapshots
bext,91503897,valor_negativo_repetido,min R$ -0.1 mi em 10/20 snapshots
bext,91503911,valor_negativo_repetido,min R$ -0.1 mi em 8/20 snapshots
bext,91503971,valor_negativo_repetido,min R$ -0.1 mi em 12/20 snapshots
bext,91504006,valor_negativo_repetido,min R$ -0.1 mi em 8/20 snapshots
bext,917200035,valor_por_uh_extremo,R$/UH ate R$ 13.3 mi (1 UH; mediana familia R$ 28 k)
bext,918200041,valor_por_uh_extremo,R$/UH ate R$ 13.4 mi (1 UH; mediana familia R$ 28 k)
bext,92809656,valor_por_uh_extremo,R$/UH ate R$ 12.6 mi (1 UH; mediana familia R$ 28 k)
bext,92809670,valor_por_uh_extremo,R$/UH ate R$ 10.1 mi (1 UH; mediana familia R$ 28 k)
bext,93705377,valor_por_uh_extremo,R$/UH ate R$ 9.2 mi (1 UH; mediana familia R$ 28 k)
bext,93705383,valor_por_uh_extremo,R$/UH ate R$ 9.0 mi (1 UH; mediana familia R$ 28 k)
bext,93705400,valor_por_uh_extremo,R$/UH ate R$ 8.0 mi (1 UH; mediana familia R$ 28 k)
bext,9407489,valor_por_uh_extremo,R$/UH ate R$ 11.0 mi (1 UH; mediana familia R$ 28 k)
bext,9407490,valor_por_uh_extremo,R$/UH ate R$ 14.0 mi (1 UH; mediana familia R$ 28 k)
bext,9407559,valor_por_uh_extremo,R$/UH ate R$ 14.0 mi (1 UH; mediana familia R$ 28 k)
bext,94111534,valor_por_uh_extremo,R$/UH ate R$ 6.6 mi (1 UH; mediana familia R$ 28 k)
bext,94111850,valor_por_uh_extremo,R$/UH ate R$ 6.6 mi (1 UH; mediana familia R$ 28 k)
bext,94112822,valor_por_uh_extremo,R$/UH ate R$ 13.2 mi (1 UH; mediana familia R$ 28 k)
bext,94112863,valor_por_uh_extremo,R$/UH ate R$ 13.4 mi (1 UH; mediana familia R$ 28 k)
bext,94112884,valor_por_uh_extremo,R$/UH ate R$ 11.0 mi (1 UH; mediana familia R$ 28 k)
bext,95407560,valor_por_uh_extremo,R$/UH ate R$ 9.5 mi (1 UH; mediana familia R$ 28 k)
bext,95407581,valor_por_uh_extremo,R$/UH ate R$ 9.7 mi (1 UH; mediana familia R$ 28 k)
bext,95407582,valor_por_uh_extremo,R$/UH ate R$ 9.9 mi (1 UH; mediana familia R$ 28 k)
bext,95407605,valor_por_uh_extremo,R$/UH ate R$ 9.4 mi (1 UH; mediana familia R$ 28 k)
bext,95407623,valor_por_uh_extremo,R$/UH ate R$ 9.4 mi (1 UH; mediana familia R$ 28 k)
bext,9611794,valor_por_uh_extremo,R$/UH ate R$ 7.5 mi (1 UH; mediana familia R$ 28 k)
bext,9611821,valor_por_uh_extremo,R$/UH ate R$ 8.4 mi (1 UH; mediana familia R$ 28 k)
bext,9611836,valor_por_uh_extremo,R$/UH ate R$ 8.8 mi (1 UH; mediana familia R$ 28 k)
bext,9611878,valor_por_uh_extremo,R$/UH ate R$ 7.4 mi (1 UH; mediana familia R$ 28 k)
bext,96318747,valor_por_uh_extremo,R$/UH ate R$ 9.1 mi (1 UH; mediana familia R$ 28 k)
bext,96812990,valor_por_uh_extremo,R$/UH ate R$ 9.4 mi (1 UH; mediana familia R$ 28 k)
bext,97004745,valor_por_uh_extremo,R$/UH ate R$ 13.8 mi (1 UH; mediana familia R$ 28 k)
bext,97004746,valor_por_uh_extremo,R$/UH ate R$ 13.2 mi (1 UH; mediana familia R$ 28 k)
bext,97805334,valor_por_uh_extremo,R$/UH ate R$ 8.5 mi (1 UH; mediana familia R$ 28 k)
bext,97805336,valor_por_uh_extremo,R$/UH ate R$ 7.4 mi (1 UH; mediana familia R$ 28 k)
bext,9808588,valor_negativo_repetido,min R$ -0.1 mi em 10/20 snapshots
bext,9808589,valor_negativo_repetido,min R$ -0.1 mi em 11/20 snapshots
bext,9808590,valor_negativo_repetido,min R$ -0.1 mi em 11/20 snapshots
bext,9808591,valor_negativo_repetido,min R$ -0.1 mi em 9/20 snapshots
bext,9808594,valor_negativo_repetido,min R$ -0.1 mi em 9/20 snapshots
bext,9808603,valor_negativo_repetido,min R$ -0.1 mi em 9/20 snapshots
bext,9808605,valor_negativo_repetido,min R$ -0.1 mi em 8/20 snapshots
bext,9808606,valor_negativo_repetido,min R$ -0.1 mi em 11/20 snapshots
bext,9808615,valor_negativo_repetido,min R$ -0.1 mi em 14/20 snapshots
bext,9808616,valor_negativo_repetido,min R$ -0.1 mi em 11/20 snapshots
bext,9808617,valor_negativo_repetido,min R$ -0.1 mi em 8/20 snapshots
bext,9808620,valor_negativo_repetido,min R$ -0.1 mi em 8/20 snapshots
bext,9808622,valor_negativo_repetido,min R$ -0.1 mi em 6/20 snapshots
bext,9808639,valor_negativo_repetido,min R$ -0.1 mi em 8/20 snapshots
bext,9808644,valor_negativo_repetido,min R$ -0.1 mi em 13/20 snapshots
bext,9808663,valor_negativo_repetido,min R$ -0.1 mi em 8/20 snapshots
bext,9808671,valor_negativo_repetido,min R$ -0.1 mi em 10/20 snapshots
bext,9808673,valor_negativo_repetido,min R$ -0.1 mi em 8/20 snapshots
bext,9810216,valor_por_uh_extremo,R$/UH ate R$ 15.2 mi (1 UH; mediana familia R$ 28 k)
bext,9810219,valor_por_uh_extremo,R$/UH ate R$ 16.2 mi (1 UH; mediana familia R$ 28 k)
bext,98214201,valor_por_uh_extremo,R$/UH ate R$ 13.0 mi (1 UH; mediana familia R$ 28 k)
bext,98214224,valor_por_uh_extremo,R$/UH ate R$ 13.2 mi (1 UH; mediana familia R$ 28 k)
bext,98214234,valor_por_uh_extremo,R$/UH ate R$ 10.4 mi (1 UH; mediana familia R$ 28 k)
bext,99012939,valor_por_uh_extremo,R$/UH ate R$ 12.9 mi (1 UH; mediana familia R$ 28 k)
bext,9906278,valor_por_uh_extremo,R$/UH ate R$ 10.2 mi (1 UH; mediana familia R$ 28 k)
bext,9906279,valor_por_uh_extremo,R$/UH ate R$ 10.5 mi (1 UH; mediana familia R$ 28 k)
bext,9906283,valor_por_uh_extremo,R$/UH ate R$ 11.0 mi (1 UH; mediana familia R$ 28 k)
bext,9906294,valor_por_uh_extremo,R$/UH ate R$ 10.8 mi (1 UH; mediana familia R$ 28 k)
bext,99614920,valor_negativo_repetido,min R$ -0.1 mi em 7/20 snapshots
bext,99614948,valor_negativo_repetido,min R$ -0.1 mi em 8/20 snapshots
bext,99614967,valor_negativo_repetido,min R$ -0.1 mi em 7/20 snapshots
bext,99614968,valor_negativo_repetido,min R$ -0.1 mi em 10/20 snapshots
bext,99614982,valor_negativo_repetido,min R$ -0.1 mi em 10/20 snapshots
bext,99614994,valor_negativo_repetido,min R$ -0.1 mi em 10/20 snapshots
bext,99615008,valor_negativo_repetido,min R$ -0.1 mi em 13/20 snapshots
bext,99615160,valor_negativo_repetido,min R$ -0.1 mi em 11/20 snapshots
bext,99615190,valor_negativo_repetido,min R$ -0.1 mi em 10/20 snapshots
bext,99615208,valor_negativo_repetido,min R$ -0.1 mi em 12/20 snapshots
bext,99615240,valor_negativo_repetido,min R$ -0.1 mi em 9/20 snapshots
bext,99615256,valor_negativo_repetido,min R$ -0.1 mi em 9/20 snapshots
bext,99615297,valor_negativo_repetido,min R$ -0.1 mi em 8/20 snapshots
bext,99615302,valor_negativo_repetido,min R$ -0.1 mi em 9/20 snapshots
bext,99615303,valor_negativo_repetido,min R$ -0.1 mi em 10/20 snapshots
bext,99615359,valor_negativo_repetido,min R$ -0.1 mi em 10/20 snapshots
bext,99615366,valor_negativo_repetido,min R$ -0.1 mi em 10/20 snapshots
bext,99615368,valor_negativo_repetido,min R$ -0.1 mi em 6/20 snapshots
bext,99615380,valor_negativo_repetido,min R$ -0.1 mi em 9/20 snapshots
bext,99615392,valor_negativo_repetido,min R$ -0.1 mi em 11/20 snapshots
bext,99615427,valor_negativo_repetido,min R$ -0.1 mi em 10/20 snapshots
bext,99615525,valor_negativo_repetido,min R$ -0.1 mi em 7/20 snapshots
bext,99615526,valor_negativo_repetido,min R$ -0.1 mi em 8/20 snapshots
bext,99615541,valor_negativo_repetido,min R$ -0.1 mi em 13/20 snapshots
bext,99615590,valor_negativo_repetido,min R$ -0.1 mi em 11/20 snapshots
bext,99615591,valor_negativo_repetido,min R$ -0.1 mi em 10/20 snapshots
bext,99615592,valor_negativo_repetido,min R$ -0.1 mi em 9/20 snapshots
bext,99615608,valor_negativo_repetido,min R$ -0.1 mi em 9/20 snapshots
bext,99615622,valor_negativo_repetido,min R$ -0.1 mi em 10/20 snapshots
bext,99615637,valor_negativo_repetido,min R$ -0.1 mi em 9/20 snapshots
bext,99615666,valor_negativo_repetido,min R$ -0.1 mi em 9/20 snapshots
bext,99615668,valor_negativo_repetido,min R$ -0.1 mi em 9/20 snapshots
bext,99615684,valor_negativo_repetido,min R$ -0.1 mi em 15/20 snapshots
bext,99615688,valor_negativo_repetido,min R$ -0.1 mi em 12/20 snapshots
bext,99615714,valor_negativo_repetido,min R$ -0.1 mi em 9/20 snapshots
bext,99615766,valor_negativo_repetido,min R$ -0.1 mi em 13/20 snapshots
bext,99615777,valor_negativo_repetido,min R$ -0.1 mi em 9/20 snapshots
bext,99615789,valor_negativo_repetido,min R$ -0.1 mi em 9/20 snapshots
bext,99615802,valor_negativo_repetido,min R$ -0.1 mi em 11/20 snapshots
bext,99615826,valor_negativo_repetido,min R$ -0.1 mi em 12/20 snapshots
bext,99615830,valor_negativo_repetido,min R$ -0.1 mi em 9/20 snapshots
bext,99615841,valor_negativo_repetido,min R$ -0.1 mi em 6/20 snapshots
bext,99615849,valor_negativo_repetido,min R$ -0.1 mi em 10/20 snapshots
bext,99615852,valor_negativo_repetido,min R$ -0.1 mi em 8/20 snapshots
bext,99615856,valor_negativo_repetido,min R$ -0.1 mi em 9/20 snapshots
bext,99615865,valor_negativo_repetido,min R$ -0.1 mi em 14/20 snapshots
bext,99615878,valor_negativo_repetido,min R$ -0.1 mi em 13/20 snapshots
bext,99615886,valor_negativo_repetido,min R$ -0.1 mi em 12/20 snapshots
bext,99615891,valor_negativo_repetido,min R$ -0.1 mi em 7/20 snapshots
bext,99615892,valor_negativo_repetido,min R$ -0.1 mi em 8/20 snapshots
bext,99615901,valor_negativo_repetido,min R$ -0.1 mi em 10/20 snapshots
bext,99615922,valor_negativo_repetido,min R$ -0.1 mi em 8/20 snapshots
bext,99615923,valor_negativo_repetido,min R$ -0.1 mi em 10/20 snapshots
bext,99615924,valor_negativo_repetido,min R$ -0.1 mi em 9/20 snapshots
bext,99615925,valor_negativo_repetido,min R$ -0.1 mi em 11/20 snapshots
bext,99615926,valor_negativo_repetido,min R$ -0.1 mi em 11/20 snapshots
bext,99615937,valor_negativo_repetido,min R$ -0.1 mi em 9/20 snapshots
bext,99615956,valor_negativo_repetido,min R$ -0.1 mi em 12/20 snapshots
bext,99615965,valor_negativo_repetido,min R$ -0.1 mi em 9/20 snapshots
bext,99615970,valor_negativo_repetido,min R$ -0.1 mi em 5/20 snapshots
bext,99615973,valor_negativo_repetido,min R$ -0.1 mi em 6/20 snapshots
bext,99615975,valor_negativo_repetido,min R$ -0.1 mi em 13/20 snapshots
bext,99615977,valor_negativo_repetido,min R$ -0.1 mi em 11/20 snapshots
bext,99615978,valor_negativo_repetido,min R$ -0.1 mi em 11/20 snapshots
bext,99615979,valor_negativo_repetido,min R$ -0.1 mi em 6/20 snapshots
bext,99615980,valor_negativo_repetido,min R$ -0.1 mi em 10/20 snapshots
bext,99615981,valor_negativo_repetido,min R$ -0.1 mi em 12/20 snapshots
bext,99615984,valor_negativo_repetido,min R$ -0.1 mi em 11/20 snapshots
bext,99615985,valor_negativo_repetido,min R$ -0.1 mi em 13/20 snapshots
bext,99615991,valor_negativo_repetido,min R$ -0.1 mi em 10/20 snapshots
bext,99615993,valor_negativo_repetido,min R$ -0.1 mi em 12/20 snapshots
bext,99615995,valor_negativo_repetido,min R$ -0.1 mi em 9/20 snapshots
bext,99615997,valor_negativo_repetido,min R$ -0.1 mi em 9/20 snapshots
bext,99616121,valor_negativo_repetido,min R$ -0.1 mi em 6/20 snapshots
bext,99616123,valor_negativo_repetido,min R$ -0.1 mi em 11/20 snapshots
bext,99616124,valor_negativo_repetido,min R$ -0.1 mi em 11/20 snapshots
bext,99616133,valor_negativo_repetido,min R$ -0.1 mi em 14/20 snapshots
bext,99616148,valor_negativo_repetido,min R$ -0.1 mi em 12/20 snapshots
bext,99616151,valor_negativo_repetido,min R$ -0.1 mi em 9/20 snapshots
bext,99616162,valor_negativo_repetido,min R$ -0.1 mi em 13/20 snapshots
bext,99616168,valor_negativo_repetido,min R$ -0.1 mi em 11/20 snapshots
bext,99616169,valor_negativo_repetido,min R$ -0.1 mi em 11/20 snapshots
bext,99616170,valor_negativo_repetido,min R$ -0.1 mi em 8/20 snapshots
bext,99616174,valor_negativo_repetido,min R$ -0.1 mi em 8/20 snapshots
bext,99616176,valor_negativo_repetido,min R$ -0.1 mi em 9/20 snapshots
bext,99616177,valor_negativo_repetido,min R$ -0.1 mi em 11/20 snapshots
bext,99616178,valor_negativo_repetido,min R$ -0.1 mi em 10/20 snapshots
bext,99616179,valor_negativo_repetido,min R$ -0.1 mi em 8/20 snapshots
bext,99616196,valor_negativo_repetido,min R$ -0.1 mi em 13/20 snapshots
bext,99616208,valor_negativo_repetido,min R$ -0.1 mi em 12/20 snapshots
bext,99616212,valor_negativo_repetido,min R$ -0.1 mi em 10/20 snapshots
bext,99616220,valor_negativo_repetido,min R$ -0.1 mi em 8/20 snapshots
bext,99616222,valor_negativo_repetido,min R$ -0.1 mi em 9/20 snapshots
bext,99616223,valor_negativo_repetido,min R$ -0.1 mi em 10/20 snapshots
bext,99616225,valor_negativo_repetido,min R$ -0.1 mi em 10/20 snapshots
bext,99616255,valor_negativo_repetido,min R$ -0.1 mi em 12/20 snapshots
bext,99616303,valor_negativo_repetido,min R$ -0.1 mi em 14/20 snapshots
bext,99616311,valor_negativo_repetido,min R$ -0.1 mi em 13/20 snapshots
bext,99616333,valor_negativo_repetido,min R$ -0.1 mi em 12/20 snapshots
bext,99616349,valor_negativo_repetido,min R$ -0.1 mi em 6/20 snapshots
bext,99616366,valor_negativo_repetido,min R$ -0.1 mi em 10/20 snapshots
bext,99616504,valor_negativo_repetido,min R$ -0.1 mi em 8/20 snapshots
bext,99616597,valor_negativo_repetido,min R$ -0.1 mi em 8/20 snapshots
bext,99616696,valor_negativo_repetido,min R$ -0.1 mi em 11/20 snapshots
bext,99616697,valor_negativo_repetido,min R$ -0.1 mi em 11/20 snapshots
rural_historico,1747317,desembolso_excede_contratado,"desembolso R$ 1,076,700 = 8.55x o contratado R$ 126,000 (4 UH) no ultimo snapshot"
rural_historico,40199060,desembolso_excede_contratado,"desembolso R$ 58,300 = 2.36x o contratado R$ 24,700 (1 UH) no ultimo snapshot"
rural_historico,40199392,desembolso_excede_contratado,"desembolso R$ 60,000 = 2.12x o contratado R$ 28,272 (1 UH) no ultimo snapshot"
rural_historico,40199738,desembolso_excede_contratado,"desembolso R$ 97,337 = 4.66x o contratado R$ 20,884 (2 UH) no ultimo snapshot"
rural_historico,42638566,desembolso_excede_contratado,"desembolso R$ 786,734 = 2.2x o contratado R$ 356,884 (16 UH) no ultimo snapshot"
rural_historico,44983814,desembolso_excede_contratado,"desembolso R$ 441,586 = 3.48x o contratado R$ 127,026 (8 UH) no ultimo snapshot"
rural_historico,46350697,desembolso_excede_contratado,"desembolso R$ 55,800 = 9.0x o contratado R$ 6,201 (1 UH) no ultimo snapshot"
