fonte_objeto,fonte_arquivo,cod_empreendimento,cod_contrato,cod_contrato_dv,Vlr_contratado,Vlr_investimento,dte_assinatura,dte_orcamento_ano,cod_area,cod_linha,cod_modalidade,cod_tomador,cod_af,cod_uor,cod_situacao_contrato,cod_clasificacao,cod_pac,cod_operacao_agente_financeiro,cod_operacao_agente_financeiro_dv,txt_rsgov,cod_objetivo,cod_Ident_Externo,txt_eixo,UF,descricao_linha,txt_nome_empreendimento,txt_localidade,txt_logradouro,cod_municipio,txt_projeto,qtd_unidades_financiadas,txt_objeto,qtd_populacao_beneficiada,qtd_empregos_gerados,qtd_unidades_financiadas_cca,situacao_contrato,modalidade,posicao_dte_ano_mes,posicao_prc_obra_executada_ult,posicao_DtInício,posicao_DtTérmino,posicao_DtInauguração,execucao_dte_ano_mes_avaliacao,execucao_prc_prev_acum_mes,execucao_prc_real_acum_mes,execucao_cod_situacao_obra,execucao_cod_execucao_obra,execucao_txt_providencias,execucao_dte_ultima_vistoria,qtd_desembolsos,vlr_liberado_total,ultimo_ano_desembolso,paralisacao_cod_contrato_dv,paralisacao_dias_sem_evolução,paralisacao_faixa_paralisacao,paralisacao_ultimo_motivo_paralisacao,paralisacao_ultima_descricao_motivo_paralisacao_preenchida,paralisacao_situacao_atual,paralisacao_ultimo_motivo_excecao,paralisacao_plano_acao_aprovado_af,paralisacao_termo_aditivo_assinado_tomador,paralisacao_data_base,paralisacao_dt_previsao_conclusao_objeto,paralisacao_cod_operacao_agente_financeiro,paralisacao_cod_operacao_agente_financeiro_dv,paralisacao_dt_ultimo_bm,paralisacao_ultimo_entrave_preenchido,contrato_join,termino_Operação,termino_NúmeroDoContrato,termino_data_entrega_para_PF,termino_data_termino_obra
raw/sharepoint/Canal FGTS/MC20260306.zip,MCidades_AO_1.mdb + AO_2.mdb + AO_3.mdb,0100709,0100709,62,3296771.94,3768146.59,04/03/00 00:00:00,2000,2,26,078,71082,42000,7180,00,B2,N,0100709,62,,226078001,99.2.683.3.1,,CE,HAB / PRO-MORADIA                         ,LESTE-OESTE (SECRETARIA EXECUTIVA REGIONAL - SR-I)          ,FORTALEZA                                                   ,FORTALEZA                                                   ,0760,"URBANIZACAO DA AV. LESTE-OESTE, INTERLIGACOES DE ESGOTO DO  PIRAMBU, CRISTO REDENTOR E QUINTINO CUNHA - A. 1            ",300,"URBANIZACAO DA AV. LESTE-OESTE, INTERLIGACOES DE ESGOTO DO  PIRAMBU, CRISTO REDENTOR E QUINTINO CUNHA - A. 1            ",6695,497,0,em situação normal,URBANIZACAO DE AREAS                      ,201609,100,04/03/00 00:00:00,,,201609,100,100,6,      ,,,16.0,3296771.9325,2004,,,,,,,,,,,,,,,,10070962,,,,
raw/sharepoint/Canal FGTS/MC20260306.zip,MCidades_AO_1.mdb + AO_2.mdb + AO_3.mdb,0100719,0100719,87,2712160.44,3560667.51,04/03/00 00:00:00,2000,2,26,078,71082,42000,7180,00,B2,N,0100719,87,,226078001,99.2.683.3.1,,CE,HAB / PRO-MORADIA                         ,FAVELA DO TRILHO (ANEL EXPRESSO-S.DUMONT - BR 116)          ,FORTALEZA                                                   ,FORTALEZA                                                   ,0760,URBANIZACAO E CONSTRUCAO DE 1831 UH DA COMUNIDADE ROSALINA  SUBCREDITO A.2                                              ,380,URBANIZACAO E CONSTRUCAO DE 1831 UH DA COMUNIDADE ROSALINA  SUBCREDITO A.2                                              ,0,1190,0,em situação normal,URBANIZACAO DE AREAS                      ,201509,100,04/03/00 00:00:00,,,201509,0,100,6,      ,,,8.0,3073780.44,2011,,,,,,,,,,,,,,,,10071987,,,,
raw/sharepoint/Canal FGTS/MC20260306.zip,MCidades_AO_1.mdb + AO_2.mdb + AO_3.mdb,0100737,0100737,08,8007105.42,8896784.48,04/03/00 00:00:00,2000,2,26,078,71082,42000,7180,00,B2,N,0100737,08,,226078001,99.2.683.3.1,,CE,HAB / PRO-MORADIA                         ,AREA PERIMETRAL OESTE (SER-III) E CONJUNTO PICI             ,FORTALEZA                                                   ,FORTALEZA                                                   ,0760,URBANIZACAO AV. PERIMETRAL OESTE E CONSTRUCAO CONJUNTO PICI SUBCREDITO A.4                                              ,380,URBANIZACAO AV. PERIMETRAL OESTE E CONSTRUCAO CONJUNTO PICI SUBCREDITO A.4                                              ,0,0,0,em situação normal,URBANIZACAO DE AREAS                      ,201509,100,04/03/00 00:00:00,,,201509,100,100,6,      ,,,25.0,8104949.41875,2011,,,,,,,,,,,,,,,,10073708,,,,
raw/sharepoint/Canal FGTS/MC20260306.zip,MCidades_AO_1.mdb + AO_2.mdb + AO_3.mdb,0100738,0100738,12,5513465.85,6720736.17,04/03/00 00:00:00,2000,2,26,078,71082,42000,7180,00,B2,N,0100738,12,,226078001,99.2.683.3.1,,CE,HAB / PRO-MORADIA                         ,"AV EXPEDICIONARIOS, ESGOTO QUINTINO CUNHA E PICI            ",FORTALEZA                                                   ,FORTALEZA                                                   ,0760,"URBANIZACAO DA AV EXPEDICIONARIOS, ESGOTO QUINTINO CUNHA E  CONJUNTO PICI (80 APTOS) - SUBCREDITO A.5                   ",300,"URBANIZACAO DA AV EXPEDICIONARIOS, ESGOTO QUINTINO CUNHA E  CONJUNTO PICI (80 APTOS) - SUBCREDITO A.5                   ",0,0,0,em situação normal,URBANIZACAO DE AREAS                      ,200811,100,04/03/00 00:00:00,,,200811,100,100,6,      ,,,12.0,5513465.8575,2008,,,,,,,,,,,,,,,,10073812,,,,
raw/sharepoint/Canal FGTS/MC20260306.zip,MCidades_AO_1.mdb + AO_2.mdb + AO_3.mdb,0100740,0100740,55,6081733.61,7938548.35,04/03/00 00:00:00,2000,2,26,078,71082,42000,7180,00,B2,N,0100740,55,,226078001,99.2.683.3.1,,CE,HAB / PRO-MORADIA                         ,PERIMETRAL SUL (SER-V)                                      ,FORTALEZA                                                   ,FORTALEZA                                                   ,0760,"AV PERIMETRAL SUL, CONJUNTO ARACAPE, SAO FRANSCISCO,        ESPERANCA - SUBCREDITO A.6                                  ",400,"AV PERIMETRAL SUL, CONJUNTO ARACAPE, SAO FRANSCISCO,        ESPERANCA - SUBCREDITO A.6                                  ",6000,925,0,em situação normal,URBANIZACAO DE AREAS                      ,201509,100,04/03/00 00:00:00,,,201509,100,100,6,      ,,,18.0,6092090.74984375,2011,,,,,,,,,,,,,,,,10074055,,,,
raw/sharepoint/Canal FGTS/MC20260306.zip,MCidades_AO_1.mdb + AO_2.mdb + AO_3.mdb,0100778,0100778,04,1875698.61,2084109.57,04/03/00 00:00:00,2000,2,26,018,71082,42000,7180,00,B2,N,0100778,04,,226018001,99.2.683.3.1,,CE,HAB / PRO-MORADIA                         ,REGIONAL IV                                                 ,FORTALEZA                                                   ,FORTALEZA                                                   ,0760,CONJUNTO ARACAPE - 356 UH - SUBCREDITO A-8                                                                              ,320,CONJUNTO ARACAPE - 356 UH - SUBCREDITO A-8                                                                              ,1780,209,0,em situação normal,HAB / MORADIAS POPULARES                  ,201509,100,03/03/01 00:00:00,,,201509,100,100,6,      ,,,14.0,1907642.7100390624,2004,,,,,,,,,,,,,,,,10077804,,,,
raw/sharepoint/Canal FGTS/MC20260306.zip,MCidades_AO_1.mdb + AO_2.mdb + AO_3.mdb,0100780,0100780,46,4230838.66,4935649.39,04/03/00 00:00:00,2000,2,26,018,71082,42000,7180,00,B2,N,0100780,46,,226018001,99.2.683.3.1,,CE,HAB / PRO-MORADIA                         ,REGIONAL V                                                  ,FORTALEZA                                                   ,FORTALEZA                                                   ,0760,CONJUNTO ARACAPE (684 UH) E ROSALINA (1831 UH)              SUBCREDITO A.9                                              ,1050,CONJUNTO ARACAPE (684 UH) E ROSALINA (1831 UH)              SUBCREDITO A.9                                              ,4920,673,0,em situação normal,HAB / MORADIAS POPULARES                  ,201509,100,05/10/00 00:00:00,,,201509,100,100,6,      ,,,15.0,4411587.960195312,2004,,,,,,,,,,,,,,,,10078046,,,,
raw/sharepoint/Canal FGTS/MC20260306.zip,MCidades_AO_1.mdb + AO_2.mdb + AO_3.mdb,0100797,0100797,30,7647299.5,8496999.449999999,04/03/00 00:00:00,2000,2,26,018,71082,42000,7180,00,B2,N,0100797,30,,226018001,99.2.683.3.1,,CE,HAB / PRO-MORADIA                         ,CONSTRUCAO DE 1831 UH DA COMUNIDADE ROSALINA                ,FORTALEZA                                                   ,FORTALEZA                                                   ,0760,CONSTRUCAO DE 1831 UH DA COMUNIDADE ROSALINA                SUBCREDITO A.10                                             ,1300,CONSTRUCAO DE 1831 UH DA COMUNIDADE ROSALINA                SUBCREDITO A.10                                             ,0,0,0,em situação normal,HAB / MORADIAS POPULARES                  ,201509,100,05/04/00 00:00:00,,,201509,100,100,6,      ,,,9.0,7647299.495,2008,,,,,,,,,,,,,,,,10079730,,,,
raw/sharepoint/Canal FGTS/MC20260306.zip,MCidades_AO_1.mdb + AO_2.mdb + AO_3.mdb,0032847,0032847,22,415306.38,1017907.79,07/15/96 00:00:00,1996,2,26,002,71012,53000,7174,01,,N,0032847,22,,226002001,,,MG,HAB / PRO-MORADIA                         ,CONJUNTO HABITACIONAL CIDADE NOVA II                        ,CIDADE NOVA                                                 ,CIDADE NOVA                                                 ,2210,PRO-MORADIA / URB AREAS OCUP SUB-HAB MIG                                                                                ,100,PRO-MORADIA / URB AREAS OCUP SUB-HAB MIG                                                                                ,0,97,0,distratado,URBANIZ. AREAS OCUPADAS POR SUB-HABITACAO ,,,,,,,,,,,,,,,,,,,,,,,,,,,,,,,3284722,,,,
raw/sharepoint/Canal FGTS/MC20260306.zip,MCidades_AO_1.mdb + AO_2.mdb + AO_3.mdb,0032900,0032900,55,210198.24,433935.26,02/16/96 00:00:00,1996,2,26,003,71701,53000,7174,01,,N,0032900,55,,226003001,,,MG,HAB / PRO-MORADIA                         ,RESIDENCIAL JARDIM BELO HORIZONTE                           ,VIZ.RES.TITO RE                                             ,NAO CONSTA                                                  ,2650,PRO-MORADIA / URB AREAS NAO OCUP SUB MIGD                                                                               ,260,PRO-MORADIA / URB AREAS NAO OCUP SUB MIGD                                                                               ,0,41,0,distratado,URBANIZ. AREAS NAO OCUPADAS               ,,,,,,,,,,,,,,,,,,,,,,,,,,,,,,,3290055,,,,
raw/sharepoint/Canal FGTS/MC20260306.zip,MCidades_AO_1.mdb + AO_2.mdb + AO_3.mdb,0035436,0035436,34,1202187.44,1541265.95,06/14/96 00:00:00,1996,2,26,003,71051,53000,7186,01,B2,N,0035436,34,,226003001,,,BA,HAB / PRO-MORADIA                         ,ARACAS I E II                                               ,NOVO ALAGADOS                                               ,ENSEADA DOS CABRITOS                                        ,1600,PRO-MORADIA / URB AREAS NAO OCUP SUB MIGD                                                                               ,278,PRO-MORADIA / URB AREAS NAO OCUP SUB MIGD                                                                               ,0,147,0,distratado,URBANIZ. AREAS NAO OCUPADAS               ,199803,0,06/14/96 00:00:00,02/01/97 00:00:00,03/01/97 00:00:00,199803,0,0,2,      ,,,,,,,,,,,,,,,,,,,,,3543634,,,,
raw/sharepoint/Canal FGTS/MC20260306.zip,MCidades_AO_1.mdb + AO_2.mdb + AO_3.mdb,0035464,0035464,15,269935.45,337412.47,06/28/96 00:00:00,1996,2,26,002,68546,53000,7176,01,,N,0035464,15,,226002001,,,SP,HAB / PRO-MORADIA                         ,CONJ INTEGRACAO II                                          ,VILA ROSA                                                   ,CEL LICINIO S/N                                             ,2920,PRO-MORADIA / URB AREAS OCUP SUB-HAB MIG                                                                                ,80,PRO-MORADIA / URB AREAS OCUP SUB-HAB MIG                                                                                ,0,32,0,distratado,URBANIZ. AREAS OCUPADAS POR SUB-HABITACAO ,,,,,,,,,,,,,,,,,,,,,,,,,,,,,,,3546415,,,,
raw/sharepoint/Canal FGTS/MC20260306.zip,MCidades_AO_1.mdb + AO_2.mdb + AO_3.mdb,0035482,0035482,94,296409.31,370606.09,06/28/96 00:00:00,1996,2,26,002,68546,53000,7176,01,,N,0035482,94,,226002001,,,SP,HAB / PRO-MORADIA                         ,CONJ INTEGRACAO I                                           ,VILA ROSA                                                   ,CEL LICINIO                                                 ,2920,PRO-MORADIA / URB AREAS OCUP SUB-HAB MIG                                                                                ,91,PRO-MORADIA / URB AREAS OCUP SUB-HAB MIG                                                                                ,0,35,0,distratado,URBANIZ. AREAS OCUPADAS POR SUB-HABITACAO ,,,,,,,,,,,,,,,,,,,,,,,,,,,,,,,3548294,,,,
raw/sharepoint/Canal FGTS/MC20260306.zip,MCidades_AO_1.mdb + AO_2.mdb + AO_3.mdb,0035485,0035485,61,264347.42,330432.93,06/28/96 00:00:00,1996,2,26,002,68546,53000,7176,01,,N,0035485,61,,226002001,,,SP,HAB / PRO-MORADIA                         ,CONJ INTEGRACAO III                                         ,VILA ROSA                                                   ,CEL LICINIO                                                 ,2920,PRO-MORADIA / URB AREAS OCUP SUB-HAB MIG                                                                                ,81,PRO-MORADIA / URB AREAS OCUP SUB-HAB MIG                                                                                ,0,31,0,distratado,URBANIZ. AREAS OCUPADAS POR SUB-HABITACAO ,,,,,,,,,,,,,,,,,,,,,,,,,,,,,,,3548561,,,,
raw/sharepoint/Canal FGTS/MC20260306.zip,MCidades_AO_1.mdb + AO_2.mdb + AO_3.mdb,0035488,0035488,25,164452.75,205557.31,06/28/96 00:00:00,1996,2,26,002,68546,53000,7176,01,,N,0035488,25,,226002001,,,SP,HAB / PRO-MORADIA                         ,CONJ INTEGRACAO IV                                          ,VILA ROSA                                                   ,CEL LICINIO                                                 ,2920,PRO-MORADIA / URB AREAS OCUP SUB-HAB MIG                                                                                ,52,PRO-MORADIA / URB AREAS OCUP SUB-HAB MIG                                                                                ,0,20,0,distratado,URBANIZ. AREAS OCUPADAS POR SUB-HABITACAO ,,,,,,,,,,,,,,,,,,,,,,,,,,,,,,,3548825,,,,
raw/sharepoint/Canal FGTS/MC20260306.zip,MCidades_AO_1.mdb + AO_2.mdb + AO_3.mdb,0035498,0035498,39,535495.2,669392.5,06/28/96 00:00:00,1996,2,26,003,72347,53000,7176,01,,N,0035498,39,,226003001,,,SP,HAB / PRO-MORADIA                         ,BAIRRO DO TANQUINHO                                         ,TANQUINHO                                                   ,BAIRRO DO TANQUINHO                                         ,3379,PRO-MORADIA / URB AREAS NAO OCUP SUB MIGD                                                                               ,502,PRO-MORADIA / URB AREAS NAO OCUP SUB MIGD                                                                               ,0,64,0,distratado,URBANIZ. AREAS NAO OCUPADAS               ,,,,,,,,,,,,,,,,,,,,,,,,,,,,,,,3549839,,,,
raw/sharepoint/Canal FGTS/MC20260306.zip,MCidades_AO_1.mdb + AO_2.mdb + AO_3.mdb,0035502,0035502,47,97180,126536,06/28/96 00:00:00,1996,2,26,003,72638,53000,7176,01,,N,0035502,47,,226003001,,,SP,HAB / PRO-MORADIA                         ,CONJ HAB JARDIM BINCOLETTO                                  ,JD BINCOLETTO                                               ,JARDIM BINCOLETTO                                           ,3350,PRO-MORADIA / URB AREAS NAO OCUP SUB MIGD                                                                               ,77,PRO-MORADIA / URB AREAS NAO OCUP SUB MIGD                                                                               ,0,12,0,distratado,URBANIZ. AREAS NAO OCUPADAS               ,,,,,,,,,,,,,,,,,,,,,,,,,,,,,,,3550247,,,,
raw/sharepoint/Canal FGTS/MC20260306.zip,MCidades_AO_1.mdb + AO_2.mdb + AO_3.mdb,0035504,0035504,88,301675.5,384300,06/28/96 00:00:00,1996,2,26,002,72601,53000,7176,01,,N,0035504,88,,226002001,,,SP,HAB / PRO-MORADIA                         ,VILA NOVA TAPIRAI                                           ,VL NOVA TAPIRAI                                             ,VILA NOVA TAPIRAI                                           ,3374,PRO-MORADIA / URB AREAS OCUP SUB-HAB MIG                                                                                ,61,PRO-MORADIA / URB AREAS OCUP SUB-HAB MIG                                                                                ,0,37,0,distratado,URBANIZ. AREAS OCUPADAS POR SUB-HABITACAO ,,,,,,,,,,,,,,,,,,,,,,,,,,,,,,,3550488,,,,
raw/sharepoint/Canal FGTS/MC20260306.zip,MCidades_AO_1.mdb + AO_2.mdb + AO_3.mdb,0035505,0035505,14,254462,324998.07,06/28/96 00:00:00,1996,2,26,002,68053,53000,7176,01,,N,0035505,14,,226002001,,,SP,HAB / PRO-MORADIA                         ,CONJ HAB GUAREI II                                          ,BAIRRO FAZENDA                                              ,BAIRRO FAZENDA                                              ,3025,PRO-MORADIA / URB AREAS OCUP SUB-HAB MIG                                                                                ,50,PRO-MORADIA / URB AREAS OCUP SUB-HAB MIG                                                                                ,0,31,0,distratado,URBANIZ. AREAS OCUPADAS POR SUB-HABITACAO ,,,,,,,,,,,,,,,,,,,,,,,,,,,,,,,3550514,,,,
raw/sharepoint/Canal FGTS/MC20260306.zip,MCidades_AO_1.mdb + AO_2.mdb + AO_3.mdb,0035745,0035745,91,337941.86,375490.95,06/27/96 00:00:00,1996,2,26,002,68717,53000,7184,01,,N,0035745,91,,226002001,,,PE,HAB / PRO-MORADIA                         ,PROMORADIA(60UH) NA VILA DE BOM JESUS                       ,VILA BOM JESUS                                              ,VILA DE BOM JESUS                                           ,1251,PRO-MORADIA / URB AREAS OCUP SUB-HAB MIG                                                                                ,0,PRO-MORADIA / URB AREAS OCUP SUB-HAB MIG                                                                                ,0,36,0,distratado,URBANIZ. AREAS OCUPADAS POR SUB-HABITACAO ,,,,,,,,,,,,,,,,,,,,,,,,,,,,,,,3574591,,,,
raw/sharepoint/Canal FGTS/MC20260306.zip,MCidades_AO_1.mdb + AO_2.mdb + AO_3.mdb,0035748,0035748,56,337941.86,375490.95,06/27/96 00:00:00,1996,2,26,002,68717,53000,7184,01,,N,0035748,56,,226002001,,,PE,HAB / PRO-MORADIA                         ,PROMORADIA(60UH)NA VILA PADRE PEDRO PEREIRA                 ,VILA P PEREIRA                                              ,VILA PE PEDRO PEREIRA                                       ,1251,PRO-MORADIA / URB AREAS OCUP SUB-HAB MIG                                                                                ,0,PRO-MORADIA / URB AREAS OCUP SUB-HAB MIG                                                                                ,0,36,0,distratado,URBANIZ. AREAS OCUPADAS POR SUB-HABITACAO ,,,,,,,,,,,,,,,,,,,,,,,,,,,,,,,3574856,,,,
raw/sharepoint/Canal FGTS/MC20260306.zip,MCidades_AO_1.mdb + AO_2.mdb + AO_3.mdb,0035792,0035792,75,3500000,37621396.59,07/18/96 00:00:00,1996,2,26,002,71756,53000,7187,01,,N,0035792,75,,226002001,,,SP,HAB / PRO-MORADIA                         ,CINGAPURA - NOVA JAGUARE COMPLEMENTO                        ,JAGUARE                                                     ,"AV ENG BILLINGS, JOSE M SILVA E OUTRAS                      ",2840,PRO-MORADIA / URB AREAS OCUP SUB-HAB MIG                    CONTRATO DO AG FIN ASSOC 0035946-56 ESCLUIDO POR DISTRATO   ,2067,PRO-MORADIA / URB AREAS OCUP SUB-HAB MIG                    CONTRATO DO AG FIN ASSOC 0035946-56 ESCLUIDO POR DISTRATO   ,0,3587,0,distratado,URBANIZ. AREAS OCUPADAS POR SUB-HABITACAO ,,,,,,,,,,,,,,,,,,,,,,,,,,,,,,,3579275,,,,
raw/sharepoint/Canal FGTS/MC20260306.zip,MCidades_AO_1.mdb + AO_2.mdb + AO_3.mdb,0035816,0035816,08,350000,513485.2,07/05/96 00:00:00,1996,2,26,003,68721,53000,7184,01,,N,0035816,08,,226003001,,,PE,HAB / PRO-MORADIA                         ,URBANIZ DE AREAS EM NOVA PALESTINA PRO-MORADI               ,NOVA PLESTINA                                               ,BAIRRO DE NOVA PALESTINA                                    ,1374,PRO-MORADIA / URB AREAS NAO OCUP SUB MIGD                                                                               ,0,PRO-MORADIA / URB AREAS NAO OCUP SUB MIGD                                                                               ,0,49,0,distratado,URBANIZ. AREAS NAO OCUPADAS               ,,,,,,,,,,,,,,,,,,,,,,,,,,,,,,,3581608,,,,
raw/sharepoint/Canal FGTS/MC20260306.zip,MCidades_AO_1.mdb + AO_2.mdb + AO_3.mdb,0035872,0035872,72,128910.68,167416.47,06/28/96 00:00:00,1996,2,26,002,68669,53000,7183,01,,N,0035872,72,,226002001,,,RS,HAB / PRO-MORADIA                         ,CX ECON FED SUREG PORTO ALEGRE                              ,CENTRO                                                      ,ANDRADAS 1000                                               ,3920,PRO-MORADIA / URB AREAS OCUP SUB-HAB MIG                                                                                ,27,PRO-MORADIA / URB AREAS OCUP SUB-HAB MIG                                                                                ,0,16,0,distratado,URBANIZ. AREAS OCUPADAS POR SUB-HABITACAO ,,,,,,,,,,,,,,,,,,,,,,,,,,,,,,,3587272,,,,
raw/sharepoint/Canal FGTS/MC20260306.zip,MCidades_AO_1.mdb + AO_2.mdb + AO_3.mdb,0035882,0035882,86,199989.85,399979.69,06/26/96 00:00:00,1996,2,26,002,72312,53000,7183,01,,N,0035882,86,,226002001,,,RS,HAB / PRO-MORADIA                         ,CX ECON FED-SUREG PORTO ALEGRE                              ,CENTRO                                                      ,"ANDRADAS, 1000                                              ",3920,PRO-MORADIA / URB AREAS OCUP SUB-HAB MIG                                                                                ,49,PRO-MORADIA / URB AREAS OCUP SUB-HAB MIG                                                                                ,0,38,0,distratado,URBANIZ. AREAS OCUPADAS POR SUB-HABITACAO ,,,,,,,,,,,,,,,,,,,,,,,,,,,,,,,3588286,,,,
raw/sharepoint/Canal FGTS/MC20260306.zip,MCidades_AO_1.mdb + AO_2.mdb + AO_3.mdb,0036058,0036058,27,676500,1184001.08,07/12/96 00:00:00,1996,2,26,003,71760,53000,7184,01,,N,0036058,27,,226003001,,,PE,HAB / PRO-MORADIA                         ,PRO-MORADIA NO LOTEAMENTO VILA DIOCESANA II                 ,VILA DIOCESANA                                              ,VILA DIOCESANA                                              ,1291,PRO-MORADIA / URB AREAS NAO OCUP SUB MIGD                                                                               ,0,PRO-MORADIA / URB AREAS NAO OCUP SUB MIGD                                                                               ,0,113,0,distratado,URBANIZ. AREAS NAO OCUPADAS               ,,,,,,,,,,,,,,,,,,,,,,,,,,,,,,,3605827,,,,
raw/sharepoint/Canal FGTS/MC20260306.zip,MCidades_AO_1.mdb + AO_2.mdb + AO_3.mdb,0036171,0036171,13,45500.03,72084.96000000001,07/15/96 00:00:00,1996,2,26,002,68843,53000,7183,01,,N,0036171,13,,226002001,,,RS,HAB / PRO-MORADIA                         ,CX ECON FED_SUREG PORTO ALEGRE                              ,CENTRO                                                      ,RUA DOS ANDRADAS 1000                                       ,3920,PRO-MORADIA / URB AREAS OCUP SUB-HAB MIG                                                                                ,7,PRO-MORADIA / URB AREAS OCUP SUB-HAB MIG                                                                                ,0,7,0,distratado,URBANIZ. AREAS OCUPADAS POR SUB-HABITACAO ,,,,,,,,,,,,,,,,,,,,,,,,,,,,,,,3617113,,,,
raw/sharepoint/Canal FGTS/MC20260306.zip,MCidades_AO_1.mdb + AO_2.mdb + AO_3.mdb,0037114,0037114,27,350000,388888.88,09/11/96 00:00:00,1996,2,26,003,69032,53000,7184,01,B2,N,0037114,27,,226003001,,,AL,HAB / PRO-MORADIA                         ,RECUP.AREAS DEGRADADAS P/USO HABITACIONAL                   ,CENTRO                                                      ,"P›.VEREADOR ANTONIO DA SILVA PEDRO, S/N                     ",1504,PRO-MORADIA / URB AREAS NAO OCUP SUB MIGD                                                                               ,1,PRO-MORADIA / URB AREAS NAO OCUP SUB MIGD                                                                               ,0,37,0,distratado,URBANIZ. AREAS NAO OCUPADAS               ,199612,100,09/01/96 00:00:00,12/01/96 00:00:00,12/30/96 00:00:00,199612,0,100,6,      ,,,,,,,,,,,,,,,,,,,,,3711427,,,,
raw/sharepoint/Canal FGTS/MC20260306.zip,MCidades_AO_1.mdb + AO_2.mdb + AO_3.mdb,0035982,0035982,00,124989.13,199312.92,06/28/96 00:00:00,1996,2,26,002,68625,53000,7183,01,,N,0035982,00,,226002001,,,RS,HAB / PRO-MORADIA                         ,CX ECON FED-SUREG PORTO ALEGRE                              ,CENTRO                                                      ,"ANDRADAS, 1000                                              ",3920,PRO-MORADIA / URB AREAS OCUP SUB-HAB MIG                                                                                ,39,PRO-MORADIA / URB AREAS OCUP SUB-HAB MIG                                                                                ,0,19,0,distratado,URBANIZ. AREAS OCUPADAS POR SUB-HABITACAO ,,,,,,,,,,,,,,,,,,,,,,,,,,,,,,,3598200,,,,
raw/sharepoint/Canal FGTS/MC20260306.zip,MCidades_AO_1.mdb + AO_2.mdb + AO_3.mdb,0035994,0035994,55,641327.0600000001,1166050.83,06/24/96 00:00:00,1996,2,26,002,72166,53000,7183,01,,N,0035994,55,,226002001,,,RS,HAB / PRO-MORADIA                         ,CX ECON-FED SUREG PORTO ALEGRE                              ,CENTRO                                                      ,"ANDRADAS, 1000                                              ",3920,PRO-MORADIA / URB AREAS OCUP SUB-HAB MIG                                                                                ,122,PRO-MORADIA / URB AREAS OCUP SUB-HAB MIG                                                                                ,0,111,0,distratado,URBANIZ. AREAS OCUPADAS POR SUB-HABITACAO ,,,,,,,,,,,,,,,,,,,,,,,,,,,,,,,3599455,,,,
raw/sharepoint/Canal FGTS/MC20260306.zip,MCidades_AO_1.mdb + AO_2.mdb + AO_3.mdb,0032813,0032813,08,349834.87,448476,12/28/95 00:00:00,1995,2,26,002,68402,53000,7179,01,B2,N,0034412,19,Blumenau,226002001,,,SC,HAB / PRO-MORADIA                         ,BAIRRO RAINHA                                               ,                                                            ,                                                            ,3857,                                                                                                                        ,0,                                                                                                                        ,0,43,0,distratado,URBANIZ. AREAS OCUPADAS POR SUB-HABITACAO ,199706,0,12/28/95 00:00:00,01/01/98 00:00:00,02/01/98 00:00:00,199706,0,0,5,      ,,,,,,,,,,,,,,,,,,,,,3281308,,,,
raw/sharepoint/Canal FGTS/MC20260306.zip,MCidades_AO_1.mdb + AO_2.mdb + AO_3.mdb,0032354,0032354,54,240000,300238.85,07/11/96 00:00:00,1996,2,26,002,71587,53000,7174,01,A3,N,0035459,18,DIVINOPOLIS,226002001,,,MG,HAB / PRO-MORADIA                         ,BAIRRO LAGOINHA                                             ,                                                            ,                                                            ,2638,                                                                                                                        ,0,                                                                                                                        ,0,29,0,distratado,URBANIZ. AREAS OCUPADAS POR SUB-HABITACAO ,199811,0,,,,199811,0,0,5,      ,,,,,,,,,,,,,,,,,,,,,3235454,,,,
raw/sharepoint/Canal FGTS/MC20260306.zip,MCidades_AO_1.mdb + AO_2.mdb + AO_3.mdb,0035082,0035082,13,350000,393258,07/15/96 00:00:00,1996,2,26,002,68534,53000,7186,01,D1,N,0035471,65,FEIRA DE SANTANA,226002001,,,BA,HAB / PRO-MORADIA                         ,CONJ.HABITACIONAL PONTO NOVO                                ,                                                            ,                                                            ,4723,                                                                                                                        ,56,                                                                                                                        ,280,37,0,distratado,URBANIZ. AREAS OCUPADAS POR SUB-HABITACAO ,200008,0,,,,200008,0,0,5,      ,,,,,,,,,,,,,,,,,,,,,3508213,,,,
raw/sharepoint/Canal FGTS/MC20260306.zip,MCidades_AO_1.mdb + AO_2.mdb + AO_3.mdb,0035582,0035582,20,198000,258953.6,06/28/96 00:00:00,1996,2,26,002,72483,53000,7172,01,D1,N,0035602,63,SAO JOSE DO RIO PRETO,226002001,,,SP,HAB / PRO-MORADIA                         ,PROJETO RECONSTRUIR -  PRO-MORADIA                          ,                                                            ,                                                            ,3296,                                                                                                                        ,61,                                                                                                                        ,244,25,0,distratado,URBANIZ. AREAS OCUPADAS POR SUB-HABITACAO ,200806,0,,,,200806,0,0,5,      ,OPERACAO DISTRATADA POR NAO CUMPRIMENTO DE CLAUSULA RESOLUTIVA EM       04/02/97                                                                                                                                                                                                                                                                                                                                                                                                                                                                                                                                                                                                                                                                                                                                                                                                                                                                                                                                                                                                                                                                                                                                                                                                                                                                                                                                                                                                                                                                                                                                                                                                                                                                                                                                                                                                                                                                                                                                                                                                                                                                                                                                                                                                                                                                                                                                                                                                                                                                                                                                                                                                                                                                                                                                                                                                                                                                                                                                                                                                                                                                                                                                                                                                                                                                                                                                                                                                                                                                                                                                                                                                                                          ,,,,,,,,,,,,,,,,,,,,3558220,,,,
raw/sharepoint/Canal FGTS/MC20260306.zip,MCidades_AO_1.mdb + AO_2.mdb + AO_3.mdb,0033039,0033039,91,252506.11,315632.64,06/28/96 00:00:00,1996,2,26,002,71155,53000,7179,01,D1,N,0035638,26,CRICIUMA,226002001,,,SC,HAB / PRO-MORADIA                         ,B.DIVINEIA - AEROPORTO                                      ,                                                            ,                                                            ,3724,                                                                                                                        ,100,                                                                                                                        ,500,30,0,distratado,URBANIZ. AREAS OCUPADAS POR SUB-HABITACAO ,200404,0,,,,200404,1,0,5,      ,,,,,,,,,,,,,,,,,,,,,3303991,,,,
raw/sharepoint/Canal FGTS/MC20260306.zip,MCidades_AO_1.mdb + AO_2.mdb + AO_3.mdb,0035610,0035610,36,69090.32000000001,86362.89999999999,06/28/96 00:00:00,1996,2,26,002,68700,53000,7179,01,B2,N,0035650,74,JOINVILLE,226002001,,,SC,HAB / PRO-MORADIA                         ,84 LOTES URBANIZADOS                                        ,                                                            ,                                                            ,3798,                                                                                                                        ,0,                                                                                                                        ,0,8,0,distratado,URBANIZ. AREAS OCUPADAS POR SUB-HABITACAO ,199710,0,06/28/96 00:00:00,01/01/98 00:00:00,02/01/98 00:00:00,199710,0,0,5,      ,,,,,,,,,,,,,,,,,,,,,3561036,,,,
raw/sharepoint/Canal FGTS/MC20260306.zip,MCidades_AO_1.mdb + AO_2.mdb + AO_3.mdb,0035583,0035583,45,307000,457055.66,07/29/96 00:00:00,1996,2,26,002,68275,53000,7172,01,D1,N,0035659,61,SAO JOSE DO RIO PRETO,226002001,,,SP,HAB / PRO-MORADIA                         ,C.H. JOAO PEREIRA TAVARES PRO-MORADIA                       ,                                                            ,                                                            ,3053,                                                                                                                        ,0,                                                                                                                        ,0,44,0,distratado,URBANIZ. AREAS OCUPADAS POR SUB-HABITACAO ,200008,0,,,,200008,0,0,5,      ,,,,,,,,,,,,,,,,,,,,,3558345,,,,
raw/sharepoint/Canal FGTS/MC20260306.zip,MCidades_AO_1.mdb + AO_2.mdb + AO_3.mdb,0035967,0035967,90,277306.73,346633.41,06/28/96 00:00:00,1996,2,26,003,71324,53000,7183,01,D1,N,0035691,34,Porto Alegre,226003001,,,RS,HAB / PRO-MORADIA                         ,"MUNICIPIO DE PORTO ALEGRE, RS                               ",XX                                                          ,XX                                                          ,3920,PRO-MORADIA / URB AREAS NAO OCUP SUB MIGD                                                                               ,212,PRO-MORADIA / URB AREAS NAO OCUP SUB MIGD                                                                               ,848,33,0,distratado,URBANIZ. AREAS NAO OCUPADAS               ,200008,0,,,,200008,0,0,5,      ,,,,,,,,,,,,,,,,,,,,,3596790,,,,
raw/sharepoint/Canal FGTS/MC20260306.zip,MCidades_AO_1.mdb + AO_2.mdb + AO_3.mdb,0035701,0035975,64,1436541.61,3165598.85,06/28/96 00:00:00,1996,2,26,002,71324,53000,7183,00,,N,0035701,63,Porto Alegre,226002001,,,RS,HAB / PRO-MORADIA                         ,"MUNICIPIO DE PORTO ALEGRE, RS                               ",XX                                                          ,XX                                                          ,3920,PRO-MORADIA / URB AREAS OCUP SUB-HAB MIG                                                                                ,300,PRO-MORADIA / URB AREAS OCUP SUB-HAB MIG                                                                                ,1200,349,0,em situação normal,URBANIZ. AREAS OCUPADAS POR SUB-HABITACAO ,200210,100,05/02/97 00:00:00,12/30/01 00:00:00,12/30/01 00:00:00,200010,0,81.16,2,      ,,,,,,,,,,,,,,,,,,,,,3597564,,,,
raw/sharepoint/Canal FGTS/MC20260306.zip,MCidades_AO_1.mdb + AO_2.mdb + AO_3.mdb,0035986,0035986,93,46408.87,75375.78999999999,06/26/96 00:00:00,1996,2,26,002,68622,53000,7183,01,D1,N,0035733,34,Porto Alegre,226002001,,,RS,HAB / PRO-MORADIA                         ,LOTEAMENTO VILA TIRADENTES                                  ,XX                                                          ,XX                                                          ,3930,PRO-MORADIA / URB AREAS OCUP SUB-HAB MIG                                                                                ,8,PRO-MORADIA / URB AREAS OCUP SUB-HAB MIG                                                                                ,35,7,0,distratado,URBANIZ. AREAS OCUPADAS POR SUB-HABITACAO ,200008,0,,,,200008,0,0,5,B     ,,,,,,,,,,,,,,,,,,,,,3598693,,,,
raw/sharepoint/Canal FGTS/MC20260306.zip,MCidades_AO_1.mdb + AO_2.mdb + AO_3.mdb,0035895,0035895,67,696231.2,818777.87,07/15/96 00:00:00,1996,2,26,003,71718,53000,7181,01,B2,N,0035907,34,Goiânia,226003001,,,GO,HAB / PRO-MORADIA                         ,RES. GOIANIA VIVA/ST. EMILIO POVOA                          ,                                                            ,                                                            ,4260,                                                                                                                        ,100,                                                                                                                        ,1328,78,0,distratado,URBANIZ. AREAS NAO OCUPADAS               ,199804,0,07/15/96 00:00:00,04/01/98 00:00:00,05/01/98 00:00:00,199804,0,0,5,      ,,,,,,,,,,,,,,,,,,,,,3589567,,,,
raw/sharepoint/Canal FGTS/MC20260306.zip,MCidades_AO_1.mdb + AO_2.mdb + AO_3.mdb,0035898,0035898,21,509062,565624.45,07/15/96 00:00:00,1996,2,26,003,71718,53000,7181,01,B2,N,0035908,50,Goiânia,226003001,,,GO,HAB / PRO-MORADIA                         ,SETOR CORONEL COSME                                         ,                                                            ,                                                            ,4260,                                                                                                                        ,47,                                                                                                                        ,673,54,0,distratado,URBANIZ. AREAS NAO OCUPADAS               ,199804,0,07/15/96 00:00:00,04/01/98 00:00:00,05/01/98 00:00:00,199804,0,0,5,      ,,,,,,,,,,,,,,,,,,,,,3589821,,,,
raw/sharepoint/Canal FGTS/MC20260306.zip,MCidades_AO_1.mdb + AO_2.mdb + AO_3.mdb,0035784,0035784,00,185893.67,548758.87,07/18/96 00:00:00,1996,2,26,002,71756,53000,7187,01,D1,N,0035938,82,São Paulo,226002001,,,SP,HAB / PRO-MORADIA                         ,CINGAPURA - SUCUPIRA                                        ,                                                            ,                                                            ,2840,                                                                                                                        ,40,                                                                                                                        ,160,52,0,distratado,URBANIZ. AREAS OCUPADAS POR SUB-HABITACAO ,200205,0,,,,200205,0,0,5,IC    ,,,,,,,,,,,,,,,,,,,,,3578400,,,,
raw/sharepoint/Canal FGTS/MC20260306.zip,MCidades_AO_1.mdb + AO_2.mdb + AO_3.mdb,0035799,0035799,21,3367523.18,19637985.14,07/18/96 00:00:00,1996,2,26,002,71756,53000,7187,01,B2,N,0035953,94,São Paulo,226002001,,,SP,HAB / PRO-MORADIA                         ,CINGAPURA - NICARAGUA/VILA DA PAZ                           ,                                                            ,                                                            ,2840,                                                                                                                        ,1300,                                                                                                                        ,5200,1872,0,distratado,URBANIZ. AREAS OCUPADAS POR SUB-HABITACAO ,200011,100,11/01/97 00:00:00,11/17/00 00:00:00,01/17/01 00:00:00,200011,100,100,6,C     ,,,,,,,,,,,,,,,,,,,,,3579921,,,,
raw/sharepoint/Canal FGTS/MC20260306.zip,MCidades_AO_1.mdb + AO_2.mdb + AO_3.mdb,0036068,0036068,31,117945.61,168493.73,07/15/96 00:00:00,1996,2,26,003,71484,53000,7179,01,B2,N,0036067,16,Blumenau,226003001,,,SC,HAB / PRO-MORADIA                         ,SOCIEDADE HABITACIONAL VIDALENSE                            ,XX                                                          ,XX                                                          ,3901,PRO-MORADIA / URB AREAS NAO OCUP SUB MIGD                                                                               ,28,PRO-MORADIA / URB AREAS NAO OCUP SUB MIGD                                                                               ,0,16,0,distratado,URBANIZ. AREAS NAO OCUPADAS               ,199801,0,07/15/96 00:00:00,04/01/98 00:00:00,05/01/98 00:00:00,199801,0,0,5,      ,,,,,,,,,,,,,,,,,,,,,3606831,,,,
raw/sharepoint/Canal FGTS/MC20260306.zip,MCidades_AO_1.mdb + AO_2.mdb + AO_3.mdb,0037307,0037307,20,97984.37,128426.48,10/01/96 00:00:00,1996,2,26,002,68301,53000,7172,01,D1,N,0037329,89,PRESIDENTE PRUDENTE,226002001,,,SP,HAB / PRO-MORADIA                         ,PRO-MORADIA/CANITAR-SP                                      ,                                                            ,                                                            ,5116,                                                                                                                        ,19,                                                                                                                        ,82,12,0,distratado,URBANIZ. AREAS OCUPADAS POR SUB-HABITACAO ,200008,0,,,,200008,0,0,5,B     ,,,,,,,,,,,,,,,,,,,,,3730720,,,,
raw/sharepoint/Canal FGTS/MC20260306.zip,MCidades_AO_1.mdb + AO_2.mdb + AO_3.mdb,0038196,0038197,82,2110687.77,4780987.77,12/16/96 00:00:00,1996,2,26,021,71057,53000,7175,00,,N,0038196,67,Brasília,226021001,,,DF,HAB / PRO-MORADIA                         ,PROJETO RECANTO DAS EMAS                                    ,                                                            ,                                                            ,4495,                                                                                                                        ,774,                                                                                                                        ,3250,456,0,em situação normal,HAB / CESTA BASICA DE MATERIAIS           ,200110,100,10/01/98 00:00:00,10/30/01 00:00:00,11/30/01 00:00:00,200108,0,100,6,      ,,,,,,,,,,,,,,,,,,,,,3819782,,,,
raw/sharepoint/Canal FGTS/MC20260306.zip,MCidades_AO_1.mdb + AO_2.mdb + AO_3.mdb,0038203,0038204,42,2047878.66,4844478.66,12/16/96 00:00:00,1996,2,26,021,71057,53000,7175,00,,N,0038203,27,Brasília,226021001,,,DF,HAB / PRO-MORADIA                         ,PROJETO SANTA MARIA                                         ,                                                            ,                                                            ,4495,                                                                                                                        ,0,                                                                                                                        ,3318,462,0,em situação normal,HAB / CESTA BASICA DE MATERIAIS           ,200110,100,10/01/98 00:00:00,10/30/01 00:00:00,11/30/01 00:00:00,200108,0,100,6,      ,,,,,,,,,,,,,,,,,,,,,3820442,,,,
raw/sharepoint/Canal FGTS/MC20260306.zip,MCidades_AO_1.mdb + AO_2.mdb + AO_3.mdb,0038208,0038209,50,1713565.29,8067485.29,12/16/96 00:00:00,1996,2,26,021,71057,53000,7175,00,,N,0038208,34,Brasília,226021001,,,DF,HAB / PRO-MORADIA                         ,PROJETO PARANOA                                             ,                                                            ,                                                            ,4495,                                                                                                                        ,0,                                                                                                                        ,3066,769,0,em situação normal,HAB / CESTA BASICA DE MATERIAIS           ,200110,100,10/01/98 00:00:00,10/30/01 00:00:00,11/30/01 00:00:00,200108,0,100,6,      ,,,,,,,,,,,,,,,,,,,,,3820950,,,,
raw/sharepoint/Canal FGTS/MC20260306.zip,MCidades_AO_1.mdb + AO_2.mdb + AO_3.mdb,0038219,0038220,81,3184726.53,4255321.53,12/16/96 00:00:00,1996,2,26,002,71057,53000,7175,00,,N,0038219,64,Brasília,226002001,,,DF,HAB / PRO-MORADIA                         ,PROJETO EXPANSAO DE SAMAMBAIA                               ,                                                            ,                                                            ,4495,                                                                                                                        ,0,                                                                                                                        ,13000,406,0,em situação normal,URBANIZ. AREAS OCUPADAS POR SUB-HABITACAO ,200110,100,02/01/98 00:00:00,10/30/01 00:00:00,11/30/01 00:00:00,200108,0,100,6,      ,,,,,,,,,,,,,,,,,,,,,3822081,,,,
raw/sharepoint/Canal FGTS/MC20260306.zip,MCidades_AO_1.mdb + AO_2.mdb + AO_3.mdb,0039854,0039854,39,3027670,3401877,07/15/96 00:00:00,1996,2,26,014,71037,83985,7173,00,B2,N,0039854,39,Belém,226014001,CDP 2,,PA,HAB / PRO-MORADIA                         ,CDP 2                                                       ,BELEM                                                       ,VAL-DE-CANS                                                 ,0400,CDP 2 - CONTRATO AGENTE OPERADOR                                                                                        ,0,CDP 2 - CONTRATO AGENTE OPERADOR                                                                                        ,0,324,0,em situação normal,HAB / PRODUCAO UNID HAB E/OU LOTE URBAN   ,200005,100,11/01/96 00:00:00,11/30/99 00:00:00,12/30/99 00:00:00,200005,0,100,6,      ,,,,,,,,,,,,,,,,,,,,,3985439,,,,
raw/sharepoint/Canal FGTS/MC20260306.zip,MCidades_AO_1.mdb + AO_2.mdb + AO_3.mdb,0039856,0039856,82,1282166.35,1602707.94,07/15/96 00:00:00,1996,2,26,002,71207,83985,7173,00,B2,N,0039856,82,Belém,226002001,PARQUE UNIAO,,PA,HAB / PRO-MORADIA                         ,PARQUE UNIAO                                                ,BELEM                                                       ,ICOARACI                                                    ,0400,PARQUE UNIAO - CONTRATO AGENTE OPERADOR                                                                                 ,0,PARQUE UNIAO - CONTRATO AGENTE OPERADOR                                                                                 ,0,153,0,em situação normal,URBANIZ. AREAS OCUPADAS POR SUB-HABITACAO ,199707,100,10/10/96 00:00:00,12/31/00 00:00:00,01/31/01 00:00:00,199707,0,100,6,      ,,,,,,,,,,,,,,,,,,,,,3985682,,,,
raw/sharepoint/Canal FGTS/MC20260306.zip,MCidades_AO_1.mdb + AO_2.mdb + AO_3.mdb,0039051,0039051,02,47064,67235,12/30/96 00:00:00,1996,2,26,003,69175,53000,7183,01,D1,N,0039050,88,CAXIAS DO SUL,226003001,,,RS,HAB / PRO-MORADIA                         ,CONSTRUCAO DE 07 UNIDADES HABITACIONAIS E MEL               ,                                                            ,                                                            ,4672,                                                                                                                        ,7,                                                                                                                        ,32,6,0,distratado,URBANIZ. AREAS NAO OCUPADAS               ,200008,0,,,,200008,0,0,5,B     ,,,,,,,,,,,,,,,,,,,,,3905102,,,,
raw/sharepoint/Canal FGTS/MC20260306.zip,MCidades_AO_1.mdb + AO_2.mdb + AO_3.mdb,0039235,0053169,91,350000,388888.89,06/30/97 00:00:00,1996,2,26,078,72600,53000,7177,00,,N,0039235,15,Cuiaba,226078001,MT069606PM,,MT,HAB / PRO-MORADIA                         ,JD. SATURNO                                                 ,TANGARA DA SERRA                                            ,PROX. JD. 13 DE MAIO                                        ,4252,CONSTRUCAO DE 72 UNIDADES HABITACIONAIS                                                                                 ,72,CONSTRUCAO DE 72 UNIDADES HABITACIONAIS                                                                                 ,360,37,0,em situação normal,URBANIZACAO DE AREAS                      ,199712,100,08/05/97 00:00:00,02/05/98 00:00:00,01/01/98 00:00:00,199712,0,100,6,      ,,,,,,,,,,,,,,,,,,,,,5316991,,,,
raw/sharepoint/Canal FGTS/MC20260306.zip,MCidades_AO_1.mdb + AO_2.mdb + AO_3.mdb,0075763,0075763,50,2524077.87,8407987.560000001,03/30/98 00:00:00,1997,2,26,078,71756,53000,7187,02,D1,N,0039251,42,São Paulo,226078001,SP11960025M,,SP,HAB / PRO-MORADIA                         ,C.JARAGUA S I/3                                             ,"ESTRADA DE TAIPAS, S/N                                      ",CITY JAGAUARA _ SETOR I FASE 3                              ,2840,CONSTRUCAO DE UNIDADES HABITACIONAIS / URBANIZACAO E INFRA  CONTRATO ORIGINAL 0039251/42                                ,1200,CONSTRUCAO DE UNIDADES HABITACIONAIS / URBANIZACAO E INFRA  CONTRATO ORIGINAL 0039251/42                                ,0,802,0,cancelado,URBANIZACAO DE AREAS                      ,200010,0,,,,200010,0,0,5,GK    ,,,,,,,,,,,,,,,,,,,,,7576350,,,,
raw/sharepoint/Canal FGTS/MC20260306.zip,MCidades_AO_1.mdb + AO_2.mdb + AO_3.mdb,0075747,0075747,22,1866920.17,5264862.3,03/30/98 00:00:00,1997,2,26,078,71756,53000,7187,02,D1,N,0039295,71,São Paulo,226078001,SP11960027M,,SP,HAB / PRO-MORADIA                         ,C.JARAGUA SIVF2                                             ,ESTRADA DE TAIPAS S/N                                       ,CITY JARAGUA SETOR IV FASE 2                                ,2840,CONSTRUCAO DE UNIDADES HABITACIONAIS / URBANIZACAO E INFRA  CONTRATO DE ORIGEM 0039295/71                               ,396,CONSTRUCAO DE UNIDADES HABITACIONAIS / URBANIZACAO E INFRA  CONTRATO DE ORIGEM 0039295/71                               ,0,502,0,cancelado,URBANIZACAO DE AREAS                      ,200010,0,,,,200010,0,0,5,GH    ,,,,,,,,,,,,,,,,,,,,,7574722,,,,
raw/sharepoint/Canal FGTS/MC20260306.zip,MCidades_AO_1.mdb + AO_2.mdb + AO_3.mdb,0075757,0075757,37,2311292.51,7893758.57,03/30/98 00:00:00,1997,2,26,078,71756,53000,7187,02,B2,N,0039300,92,São Paulo,226078001,SP11960028M,,SP,HAB / PRO-MORADIA                         ,C.JARAGUA SIVF3                                             ,"ESTRADA DE TAIPAS, S/N                                      ",CITY JARAGUA SETOR IV FASE 3                                ,2840,CONSTRUCAO DE UNIDADES HABITACIONAIS / URBANIZACAO E INFRA  CONTRATO ORIGINAL 0039300/92                                ,1208,CONSTRUCAO DE UNIDADES HABITACIONAIS / URBANIZACAO E INFRA  CONTRATO ORIGINAL 0039300/92                                ,0,753,0,cancelado,URBANIZACAO DE AREAS                      ,200010,11.03,10/17/96 00:00:00,10/17/01 00:00:00,11/17/01 00:00:00,200010,0,11.03,2,GH    ,,,,,,,,,,,,,,,,,,,,,7575737,,,,
raw/sharepoint/Canal FGTS/MC20260306.zip,MCidades_AO_1.mdb + AO_2.mdb + AO_3.mdb,0075745,0075745,83,1926686.66,5530099.51,03/30/98 00:00:00,1997,2,26,078,71756,53000,7187,02,D1,N,0039303,57,São Paulo,226078001,SP11960029M,,SP,HAB / PRO-MORADIA                         ,C.JARAG.SIV/F4                                              ,"ESTRADA DE TAIPAS, S/N                                      ",CITY JARAGUA SETOR IV FASE 4                                ,2840,CONSTRUCAO DE UNIDADES HABITACIONAIS  / URBANIZACAO E INFRA CONTRATO DE ORIGEM 0039303/57                               ,800,CONSTRUCAO DE UNIDADES HABITACIONAIS  / URBANIZACAO E INFRA CONTRATO DE ORIGEM 0039303/57                               ,0,527,0,cancelado,URBANIZACAO DE AREAS                      ,200010,0,,,,200010,0,0,5,GH    ,,,,,,,,,,,,,,,,,,,,,7574583,,,,
raw/sharepoint/Canal FGTS/MC20260306.zip,MCidades_AO_1.mdb + AO_2.mdb + AO_3.mdb,0039304,0043827,33,329000,365555,06/16/97 00:00:00,1996,2,26,078,68572,53000,7177,00,,N,0039304,72,Cuiaba,226078001,MT0896003M,,MT,HAB / PRO-MORADIA                         ,N.S.APARECIS                                                ,CAMPO NOVO DO PARECIS/MT                                    ,LOTEAMENTO NOSSA SRA. DO PARECIS                            ,4687,CONST. DE 50 UNIDADES HABITACIONAIS                                                                                     ,50,CONST. DE 50 UNIDADES HABITACIONAIS                                                                                     ,240,35,0,em situação normal,URBANIZACAO DE AREAS                      ,199711,100,07/01/97 00:00:00,11/01/97 00:00:00,12/01/97 00:00:00,199711,0,100,6,      ,,,,,,,,,,,,,,,,,,,,,4382733,,,,
raw/sharepoint/Canal FGTS/MC20260306.zip,MCidades_AO_1.mdb + AO_2.mdb + AO_3.mdb,0039394,0052673,76,1156206.17,2128415.2,06/30/97 00:00:00,1996,2,26,018,71121,53000,7183,00,,N,0039394,69,CAXIAS DO SUL,226018001,RS08960013M,,RS,HAB / PRO-MORADIA                         ,MARIANI I                                                   ,CAXIAS DO SUL                                               ,CAXIAS DO SUL                                               ,3970,CONSTRUCAO DE 290 UNIDADES HABITACIONAIS NO LOTEAMENTO POP. MARIANI                                                     ,290,CONSTRUCAO DE 290 UNIDADES HABITACIONAIS NO LOTEAMENTO POP. MARIANI                                                     ,1450,207,0,em situação normal,HAB / MORADIAS POPULARES                  ,200405,100,08/01/98 00:00:00,11/30/01 00:00:00,12/15/01 00:00:00,200405,100,100,6,      ,,,,,,,,,,,,,,,,,,,,,5267376,,,,
raw/sharepoint/Canal FGTS/MC20260306.zip,MCidades_AO_1.mdb + AO_2.mdb + AO_3.mdb,0039474,0052776,68,680334.51,1198950.27,06/30/97 00:00:00,1996,2,26,018,71121,53000,7183,00,,N,0039474,66,CAXIAS DO SUL,226018001,RS08960012M,,RS,HAB / PRO-MORADIA                         ,MARIANINHA DE Q                                             ,MARIANINHA DE QUEIROZ                                       ,CAXIAS DO SUL                                               ,3970,"INFRA-ESTRUTURA (AGUA, ESGOTO, PAVIMENTACAO E DRENAGEM) E CONSTRUCAO 120 UNIDADE HABITACIONAIS - LOT. MARIANINHA        ",120,"INFRA-ESTRUTURA (AGUA, ESGOTO, PAVIMENTACAO E DRENAGEM) E CONSTRUCAO 120 UNIDADE HABITACIONAIS - LOT. MARIANINHA        ",600,114,0,em situação normal,HAB / MORADIAS POPULARES                  ,200404,100,10/01/98 00:00:00,04/13/04 00:00:00,,200405,100,100,6,      ,,,,,,,,,,,,,,,,,,,,,5277668,,,,
raw/sharepoint/Canal FGTS/MC20260306.zip,MCidades_AO_1.mdb + AO_2.mdb + AO_3.mdb,0053855,0053855,54,350000,482185.96,06/30/97 00:00:00,1997,2,26,018,68371,53000,7185,01,D1,N,0039522,01,Vitória,226018001,OF/PMV/GAB/391/96,,ES,HAB / PRO-MORADIA                         ,MATA PAU                                                    ,BAIRRO JUCU                                                 ,BR 101                                                      ,2731,CONSTRUCAO DE 59 UNIDADES HABITACIONAIS.                                                                                ,59,CONSTRUCAO DE 59 UNIDADES HABITACIONAIS.                                                                                ,230,46,0,distratado,HAB / MORADIAS POPULARES                  ,200612,0,,,,200612,0,0,5,      ,,,,,,,,,,,,,,,,,,,,,5385554,,,,
raw/sharepoint/Canal FGTS/MC20260306.zip,MCidades_AO_1.mdb + AO_2.mdb + AO_3.mdb,0039583,0054412,62,3016064.37,4639813.69,06/30/97 00:00:00,1996,2,26,078,71324,53000,7183,00,,N,0039583,82,Porto Alegre,226078001,RS.08.96.0068.M,,RS,HAB / PRO-MORADIA                         ,RESTINGA                                                    ,PORTO ALEGRE                                                ,PORTO ALEGRE                                                ,3920,VILA RESTINGA - QUINTA UNIDADE VICINAL                                                                                  ,464,VILA RESTINGA - QUINTA UNIDADE VICINAL                                                                                  ,1856,464,0,em situação normal,URBANIZACAO DE AREAS                      ,200406,100,06/30/97 00:00:00,10/30/01 00:00:00,12/30/01 00:00:00,200106,0,88.19,2,      ,,,,,,,,,,,,,,,,,,,,,5441262,,,,
raw/sharepoint/Canal FGTS/MC20260306.zip,MCidades_AO_1.mdb + AO_2.mdb + AO_3.mdb,0039584,0054394,60,1872298.04,2701352.28,06/30/97 00:00:00,1996,2,26,078,71324,53000,7183,00,,N,0039584,06,Porto Alegre,226078001,RS.08.96.0064.M,,RS,HAB / PRO-MORADIA                         ,BELEM NOVO                                                  ,PORTO ALEGRE                                                ,PORTO ALEGRE                                                ,3920,LOTEMANETO BELEM NOVO - FASE II                                                                                         ,300,LOTEMANETO BELEM NOVO - FASE II                                                                                         ,1200,272,0,em situação normal,URBANIZACAO DE AREAS                      ,200210,100,06/30/97 00:00:00,03/30/02 00:00:00,12/30/02 00:00:00,200210,0,100,6,      ,,,,,,,,,,,,,,,,,,,,,5439460,,,,
raw/sharepoint/Canal FGTS/MC20260306.zip,MCidades_AO_1.mdb + AO_2.mdb + AO_3.mdb,0053190,0053190,35,391041.08,797951.65,06/30/97 00:00:00,1996,2,26,078,71008,53000,7174,00,B2,N,0039808,71,Belo Horizonte,226078001,MG.11.96.002-M,,MG,HAB / PRO-MORADIA                         ,AQUIS.LOTES/CONST.57 UH-TORRES LINHAS DE TRANSMISSAO/BETIM  ,BETIM                                                       ,DIVERSOS LOCAIS                                             ,2016,EXECUCAO OBRAS URBANIZACAO E INFRA-ESTRUTURA URBANA/MELHORIAHABITAC.-VILA RECREIO/VILA TERESOPOLIS  MUNICIPIO DE BETIM  ,57,EXECUCAO OBRAS URBANIZACAO E INFRA-ESTRUTURA URBANA/MELHORIAHABITAC.-VILA RECREIO/VILA TERESOPOLIS  MUNICIPIO DE BETIM  ,4800,41,0,em situação normal,URBANIZACAO DE AREAS                      ,200312,100,04/01/03 00:00:00,09/30/03 00:00:00,,200312,100,100,6,      ,,,,,,,,,,,,,,,,,,,,,5319035,,,,
raw/sharepoint/Canal FGTS/MC20260306.zip,MCidades_AO_1.mdb + AO_2.mdb + AO_3.mdb,0053165,0053165,10,398427.86,442712.9,06/30/97 00:00:00,1996,2,26,078,71008,53000,7174,00,B2,N,0039813,78,Belo Horizonte,226078001,MG.09.96.008-M,,MG,HAB / PRO-MORADIA                         ,URB.AREAS-VILAS RECREIO E BAIXO TEREZOPOLIS/BETIM           ,BETIM                                                       ,VILAS RECREIO E BAIRRO JARDIM TEREZOPOLIS                   ,2016,"URBANIZACAO DE AREAS NAS VILAS RECREIO E BAIXO TEREZOPOLIS, MUNICIPIO DE BETIM                                          ",0,"URBANIZACAO DE AREAS NAS VILAS RECREIO E BAIXO TEREZOPOLIS, MUNICIPIO DE BETIM                                          ",2910,42,0,em situação normal,URBANIZACAO DE AREAS                      ,200111,100,05/01/01 00:00:00,01/31/02 00:00:00,,200111,0,100,6,      ,,,,,,,,,,,,,,,,,,,,,5316510,0405501,5316510,08/31/13 00:00:00,08/31/13 00:00:00
raw/sharepoint/Canal FGTS/MC20260306.zip,MCidades_AO_1.mdb + AO_2.mdb + AO_3.mdb,0081681,0081681,91,511160.18,567955.75,06/30/98 00:00:00,1998,2,26,018,71759,53000,7178,01,D1,N,0040079,20,LONDRINA,226018001,SOL FINANC 17/02/97,,PR,HAB / PRO-MORADIA                         ,CONSTRUCAO 63 UNIDADES HABITACIONAIS                        ,ARAPONGAS                                                   ,AV ROUXINOL                                                 ,3435,"CONSTRUCAO DE 63 UNIDADES HABITACIONAIS COM 51,07 M2                                                                    ",63,"CONSTRUCAO DE 63 UNIDADES HABITACIONAIS COM 51,07 M2                                                                    ",0,54,0,distratado,HAB / MORADIAS POPULARES                  ,200010,0,,,,200010,0,0,5,L     ,,,,,,,,,,,,,,,,,,,,,8168191,,,,
raw/sharepoint/Canal FGTS/MC20260306.zip,MCidades_AO_1.mdb + AO_2.mdb + AO_3.mdb,0040228,0041862,45,3813679.18,5898678.12,05/19/97 00:00:00,1996,2,26,078,71332,53000,7185,00,,N,0040228,95,Rio de Janeiro,226078001,,,RJ,HAB / PRO-MORADIA                         ,JACAREZINHO                                                 ,RIO DE JANEIRO                                              ,BAIRRO JACARE                                               ,2810,URBANIZACAO FAVELA JACAREZINHO                                                                                          ,0,URBANIZACAO FAVELA JACAREZINHO                                                                                          ,50400,1618,0,em situação normal,URBANIZACAO DE AREAS                      ,200811,100,07/01/99 00:00:00,12/13/06 00:00:00,,200601,23.25,63.95,3,L     ,,,,,,,,,,,,,,,,,,,,,4186245,,,,
raw/sharepoint/Canal FGTS/MC20260306.zip,MCidades_AO_1.mdb + AO_2.mdb + AO_3.mdb,0079993,0079993,68,280000,373232.01,06/19/98 00:00:00,1997,2,26,018,71464,53000,7174,00,B2,N,0040482,68,UBERLANDIA,226018001,SELECAO 17 06 1997,,MG,HAB / PRO-MORADIA                         ,UNID HABITACION                                             ,FRUTAL-MG                                                   ,FRUTAL-MG                                                   ,2220,PRODUCAO DE CONJUNTOS HABITACIONAIS                                                                                     ,46,PRODUCAO DE CONJUNTOS HABITACIONAIS                                                                                     ,230,30,0,em situação normal,HAB / MORADIAS POPULARES                  ,200511,100,09/30/03 00:00:00,10/30/05 00:00:00,,200511,100,100,6,      ,,,2.0,489976.1856689453,2005,,,,,,,,,,,,,,,,7999368,,,,
raw/sharepoint/Canal FGTS/MC20260306.zip,MCidades_AO_1.mdb + AO_2.mdb + AO_3.mdb,0080756,0080756,87,171000,190000,06/26/98 00:00:00,1997,2,26,018,69312,53000,7174,01,D1,N,0040499,28,UBERLANDIA,226018001,,,MG,HAB / PRO-MORADIA                         ,UNID HABITACION                                             ,TAPIRA-MG                                                   ,TAPIRA-MG                                                   ,2630,EXECUCAO DE CASAS PARA PESSOAS DE BAIXA RENDA                                                                           ,20,EXECUCAO DE CASAS PARA PESSOAS DE BAIXA RENDA                                                                           ,100,18,0,distratado,HAB / MORADIAS POPULARES                  ,200304,0,,,,200304,0,0,5,L     ,,,,,,,,,,,,,,,,,,,,,8075687,,,,
raw/sharepoint/Canal FGTS/MC20260306.zip,MCidades_AO_1.mdb + AO_2.mdb + AO_3.mdb,0056045,0056045,09,568080,638080,06/30/97 00:00:00,1996,2,26,078,71812,53000,7177,01,D1,N,0040691,08,Campo Grande,226078001,MS08990001,,MS,HAB / PRO-MORADIA                         ,CONJUNTO GUANA                                              ,MUNICIPIO DE CORUMBA                                        ,CONJUNTO GUANA                                              ,4192,CONSTRUCAO DE 97 UNIDADES HABITACIONAIS NO CONJUNTO GUANA.                                                              ,194,CONSTRUCAO DE 97 UNIDADES HABITACIONAIS NO CONJUNTO GUANA.                                                              ,485,61,0,distratado,URBANIZACAO DE AREAS                      ,200007,0,,,,200007,0,0,5,B     ,,,,,,,,,,,,,,,,,,,,,5604509,,,,
raw/sharepoint/Canal FGTS/MC20260306.zip,MCidades_AO_1.mdb + AO_2.mdb + AO_3.mdb,0078595,0078595,25,34398,38220,06/17/98 00:00:00,1997,2,26,021,69365,53000,7174,01,D1,N,0040950,02,DIVINOPOLIS,226021001,CARTA CONSULTA MG69719M,,MG,HAB / PRO-MORADIA                         ,CED.ABAET/PM/CE                                             ,CEDRO DO ABAETE/MG                                          ,CENTRO                                                      ,2105,AQUISICAO DE CESTAS DE MATERIAIS DE CONSTRUCAO DESTINADAS A CONSTRUCAO DE 15 CASAS POPULARES.                           ,15,AQUISICAO DE CESTAS DE MATERIAIS DE CONSTRUCAO DESTINADAS A CONSTRUCAO DE 15 CASAS POPULARES.                           ,0,4,0,distratado,HAB / CESTA BASICA DE MATERIAIS           ,200008,0,,,,200008,0,0,5,B     ,,,,,,,,,,,,,,,,,,,,,7859525,,,,
raw/sharepoint/Canal FGTS/MC20260306.zip,MCidades_AO_1.mdb + AO_2.mdb + AO_3.mdb,0081230,0081230,32,178000,200000,06/30/98 00:00:00,1997,2,26,021,69413,53000,7174,01,D1,N,0041130,25,GOVERNADOR VALADARES,226021001,CARTA CONSULTA 013/97,,MG,HAB / PRO-MORADIA                         ,P.AZUL/PM/CESTA                                             ,PEDRA AZUL/MG                                               ,DISTRITO DE ARACATI DE MINAS                                ,2436,AQUISICAO DE MATERIAIS DE CONSTRUCAO PARA MELHORIA DE HABI- TACOES POPULARES NO DISTRITO DE ARACATI DE MINAS/MG         ,320,AQUISICAO DE MATERIAIS DE CONSTRUCAO PARA MELHORIA DE HABI- TACOES POPULARES NO DISTRITO DE ARACATI DE MINAS/MG         ,400,19,0,distratado,HAB / CESTA BASICA DE MATERIAIS           ,200305,0,,,,200305,0,0,5,      ,,,,,,,,,,,,,,,,,,,,,8123032,,,,
raw/sharepoint/Canal FGTS/MC20260306.zip,MCidades_AO_1.mdb + AO_2.mdb + AO_3.mdb,0080938,0080938,47,350000,392000,06/29/98 00:00:00,1997,2,26,021,69404,53000,7174,01,D1,N,0041247,01,DIVINOPOLIS,226021001,CARTA CONSULTA MG697117M,,MG,HAB / PRO-MORADIA                         ,CASSIA/PM/CESTA                                             ,CASSIA/MG                                                   ,LOTEAMENTO SAO FRANCISCO DE PROPRIEDADE DA PREFEITURA       ,2100,"FORNECIMENTO DE 98 CESTAS PARA CONSTRUCAO DE UNID. HAB.,  NOLOTEAMENTO SAO FRANCISCO, DOTADO DE INFRA-ESTRUTURA.        ",98,"FORNECIMENTO DE 98 CESTAS PARA CONSTRUCAO DE UNID. HAB.,  NOLOTEAMENTO SAO FRANCISCO, DOTADO DE INFRA-ESTRUTURA.        ",0,37,0,distratado,HAB / CESTA BASICA DE MATERIAIS           ,200008,0,,,,200008,0,0,5,B     ,,,,,,,,,,,,,,,,,,,,,8093847,,,,
raw/sharepoint/Canal FGTS/MC20260306.zip,MCidades_AO_1.mdb + AO_2.mdb + AO_3.mdb,0080946,0080946,11,350000,425000,06/29/98 00:00:00,1997,2,26,018,69404,53000,7174,01,D1,N,0041248,26,DIVINOPOLIS,226018001,CARTA CONSULTA MG697118M,,MG,HAB / PRO-MORADIA                         ,CASSIA/PM/C.H.                                              ,CASSIA/MG                                                   ,LOTEAMENTO PARQUE DA NASCENTE                               ,2100,"URBAN. PARTE LOTEAM.PARQUE NASCENTE, C/ EXEC. DE REDE DIST. DE AGUA POTAVEL, COLETA ESGOTO SANIT.E CONST.50 UNID.HABIT. ",50,"URBAN. PARTE LOTEAM.PARQUE NASCENTE, C/ EXEC. DE REDE DIST. DE AGUA POTAVEL, COLETA ESGOTO SANIT.E CONST.50 UNID.HABIT. ",0,41,0,distratado,HAB / MORADIAS POPULARES                  ,200008,0,,,,200008,0,0,5,B     ,,,,,,,,,,,,,,,,,,,,,8094611,,,,
raw/sharepoint/Canal FGTS/MC20260306.zip,MCidades_AO_1.mdb + AO_2.mdb + AO_3.mdb,0081510,0081510,82,1188000,2924930.53,06/30/98 00:00:00,1997,2,26,078,71573,53000,7176,00,B2,N,0041295,12,CAMPINAS,226078001,,,SP,HAB / PRO-MORADIA                         ,TERMINO CENTRO EDUCACIONAL BAIA ASSIS E PAVIM. BAIRROS      ,MONTE MOR                                                   ,"BAIRROS PAULISTA, JARDIM ALVORADA E RESUD.PARQUE DO CAFE    ",3158,CONSTR.REFORMA CENTRO COMUNIT.E OBRAS DE PAVIMENTACAO                                                                   ,0,CONSTR.REFORMA CENTRO COMUNIT.E OBRAS DE PAVIMENTACAO                                                                   ,19800,146,0,em situação normal,URBANIZACAO DE AREAS                      ,200407,100,10/01/03 00:00:00,07/01/04 00:00:00,07/31/04 00:00:00,200407,0,100,6,      ,,,3.0,75751.33154296875,2004,,,,,,,,,,,,,,,,8151082,,,,
raw/sharepoint/Canal FGTS/MC20260306.zip,MCidades_AO_1.mdb + AO_2.mdb + AO_3.mdb,0076950,0076950,34,300144.86,434488.8,05/18/98 00:00:00,1997,2,26,018,71066,53000,7178,01,D1,N,0043709,30,Curitiba,226018001,OF 254/SEPH/97 - 170297,,PR,HAB / PRO-MORADIA                         ,CANASVIEIRAS - 47 UNID.                                     ,MUNICIPIO DE PONTAL DO PARANA                               ,SEDE DO MUNICIPIO DE PONTAL DO PARANA                       ,5414,PRODUCAO DE CONJUNTO HABITACIONAL                                                                                       ,47,PRODUCAO DE CONJUNTO HABITACIONAL                                                                                       ,0,41,0,distratado,HAB / MORADIAS POPULARES                  ,199810,0,,,,199810,0,0,5,      ,,,,,,,,,,,,,,,,,,,,,7695034,,,,
raw/sharepoint/Canal FGTS/MC20260306.zip,MCidades_AO_1.mdb + AO_2.mdb + AO_3.mdb,0076945,0076945,36,34918.67,38798.53,05/18/98 00:00:00,1997,2,26,018,71066,53000,7178,01,D1,N,0045379,36,Curitiba,226018001,OF 254/SEPH/97 - 170297,,PR,HAB / PRO-MORADIA                         ,AMIZADE - 6 UNID.                                           ,MUNICIPIO DE NOVA TEBAS                                     ,SEDE DO MUNICIPIO                                           ,4588,PRODUCAO DE CONJUNTO HABITACIONAL                                                                                       ,6,PRODUCAO DE CONJUNTO HABITACIONAL                                                                                       ,0,4,0,distratado,HAB / MORADIAS POPULARES                  ,199810,0,,,,199810,0,0,5,      ,,,,,,,,,,,,,,,,,,,,,7694536,,,,
raw/sharepoint/Canal FGTS/MC20260306.zip,MCidades_AO_1.mdb + AO_2.mdb + AO_3.mdb,0045387,0077071,95,490334.43,639800.45,05/18/98 00:00:00,1997,2,26,018,71066,53000,7178,00,,N,0045387,00,Curitiba,226018001,OF 254/SEPH/97 - 170297,,PR,HAB / PRO-MORADIA                         ,PORTO SEGURO-104 UNID.                                      ,MUNICIPIO DE PARANAGUA                                      ,SEDE DO MUNICIPIO                                           ,3602,PRODUCAO DE CONJUNTO HABITACIONAL                                                                                       ,104,PRODUCAO DE CONJUNTO HABITACIONAL                                                                                       ,0,81,0,em situação normal,HAB / MORADIAS POPULARES                  ,200109,100,09/02/98 00:00:00,09/01/01 00:00:00,09/01/01 00:00:00,200109,100,100,6,      ,,,,,,,,,,,,,,,,,,,,,7707195,,,,
raw/sharepoint/Canal FGTS/MC20260306.zip,MCidades_AO_1.mdb + AO_2.mdb + AO_3.mdb,0046753,0081584,30,633529.84,979718.64,06/29/98 00:00:00,1997,2,26,078,72312,53000,7183,00,,N,0046753,83,Passo Fundo,226078001,RS07970044,,RS,HAB / PRO-MORADIA                         ,PAIOL GRANDE 2                                              ,ERECHIM                                                     ,CHACARA D                                                   ,3989,PRODUCAO DE INFRA-ESTRUTURA E UNIDADES HABITACIONAIS                                                                    ,115,PRODUCAO DE INFRA-ESTRUTURA E UNIDADES HABITACIONAIS                                                                    ,0,108,0,em situação normal,URBANIZACAO DE AREAS                      ,200111,100,03/01/00 00:00:00,10/30/01 00:00:00,11/30/01 00:00:00,200111,100,100,6,U     ,,,,,,,,,,,,,,,,,,,,,8158430,,,,
raw/sharepoint/Canal FGTS/MC20260306.zip,MCidades_AO_1.mdb + AO_2.mdb + AO_3.mdb,0051573,0079856,74,221547.57,255966.93,06/19/98 00:00:00,1997,2,26,018,82546,53000,7183,00,,N,0051573,46,Passo Fundo,226018001,RS07970017,,RS,HAB / PRO-MORADIA                         ,NH ESPERANCA                                                ,ENTRE RIOS DO SUL                                           ,RUA CATARINA DALAGNOL                                       ,4614,INFRAESTRUTURA E PRODUCAO DE UNIDADES HABITACIONAIS                                                                     ,40,INFRAESTRUTURA E PRODUCAO DE UNIDADES HABITACIONAIS                                                                     ,0,30,0,em situação normal,HAB / MORADIAS POPULARES                  ,200210,100,03/01/00 00:00:00,10/14/02 00:00:00,10/14/02 00:00:00,200210,100,100,6,      ,,,,,,,,,,,,,,,,,,,,,7985674,,,,
raw/sharepoint/Canal FGTS/MC20260306.zip,MCidades_AO_1.mdb + AO_2.mdb + AO_3.mdb,0078165,0078165,01,110455.2,124186.82,06/08/98 00:00:00,1997,2,26,021,72433,53000,7172,01,D1,N,0054299,52,PRESIDENTE PRUDENTE,226021001,OF PM IEPE,,SP,HAB / PRO-MORADIA                         ,IEPE/PROJ.VIVER MELHOR                                      ,IEPE                                                        ,IEPE                                                        ,3039,FINANCIAMENTO DE CESTAS DE MATERIAIS PARA CONSTRUCAO DE 28  UNIDADES HABITACIONAIS                                      ,28,FINANCIAMENTO DE CESTAS DE MATERIAIS PARA CONSTRUCAO DE 28  UNIDADES HABITACIONAIS                                      ,160,12,0,distratado,HAB / CESTA BASICA DE MATERIAIS           ,200205,0,,,,200205,0,0,5,B     ,,,,,,,,,,,,,,,,,,,,,7816501,,,,
raw/sharepoint/Canal FGTS/MC20260306.zip,MCidades_AO_1.mdb + AO_2.mdb + AO_3.mdb,0081573,0081573,01,122139.22,136028.11,06/25/98 00:00:00,1997,2,26,078,82911,53000,7183,01,D1,N,0056534,76,CAXIAS DO SUL,226078001,RS07970010,,RS,HAB / PRO-MORADIA                         ,VILA GOULART                                                ,ESMERALDA                                                   ,ESMERALDA                                                   ,3993,CONSTRUCAO DE 19 UNIDADES HABITACIONAIS EM VILA GOULART.                                                                ,19,CONSTRUCAO DE 19 UNIDADES HABITACIONAIS EM VILA GOULART.                                                                ,76,13,0,distratado,URBANIZACAO DE AREAS                      ,200101,0,,,,200101,0,0,5,B     ,,,,,,,,,,,,,,,,,,,,,8157301,,,,
raw/sharepoint/Canal FGTS/MC20260306.zip,MCidades_AO_1.mdb + AO_2.mdb + AO_3.mdb,0056566,0081167,98,2200000,2500000,06/30/98 00:00:00,1997,2,26,078,72537,53000,7174,00,,N,0056566,51,Belo Horizonte,226078001,CC MG/07/97/0017M,,MG,HAB / PRO-MORADIA                         ,URBANIZACAO E INFRA-ESTR.-VILAS IDEAL E BANANAL/IBIRITE     ,IBIRITE                                                     ,VILAS IDEAL E BANANAL                                       ,2247,"URBANIZACAO E INFRA-ESTRUTURA NAS VILAS IDEAL E BANANAL, NO MUNICIPIO DE IBIRITE                                        ",0,"URBANIZACAO E INFRA-ESTRUTURA NAS VILAS IDEAL E BANANAL, NO MUNICIPIO DE IBIRITE                                        ",0,238,0,em situação normal,URBANIZACAO DE AREAS                      ,200103,100,04/01/00 00:00:00,03/31/01 00:00:00,,200103,74.04000000000001,100,6,      ,,,,,,,,,,,,,,,,,,,,,8116798,,,,
raw/sharepoint/Canal FGTS/MC20260306.zip,MCidades_AO_1.mdb + AO_2.mdb + AO_3.mdb,0077239,0077239,60,208400,232400,05/22/98 00:00:00,1997,2,26,078,82172,53000,7183,01,D1,N,0056811,58,SANTA MARIA,226078001,RS.07.97.0059.M,,RS,HAB / PRO-MORADIA                         ,COND. G. VARGAS                                             ,"RUA GETULIO VARGAS, S/N                                     ",AREA URBANA                                                 ,3932,GERACAO DE 30 UNIDADES HABITACIONAIS                                                                                    ,30,GERACAO DE 30 UNIDADES HABITACIONAIS                                                                                    ,0,22,0,distratado,URBANIZACAO DE AREAS                      ,200010,0,,,,200010,0,0,5,J     ,,,,,,,,,,,,,,,,,,,,,7723960,,,,
raw/sharepoint/Canal FGTS/MC20260306.zip,MCidades_AO_1.mdb + AO_2.mdb + AO_3.mdb,0081155,0081155,43,300000,512060.38,06/29/98 00:00:00,1997,2,26,018,69907,53000,7178,01,D1,N,0057165,58,CASCAVEL,226018001,OF 242/97,,PR,HAB / PRO-MORADIA                         ,CONJ HABITACIONAL DOM ARMANDO                               ,MISSAL                                                      ,MISSAL                                                      ,4535,HABITACAO COOPERATIVA                                                                                                   ,36,HABITACAO COOPERATIVA                                                                                                   ,144,38,0,distratado,HAB / MORADIAS POPULARES                  ,200011,0,,,,200011,0,0,5,B     ,,,,,,,,,,,,,,,,,,,,,8115543,,,,
raw/sharepoint/Canal FGTS/MC20260306.zip,MCidades_AO_1.mdb + AO_2.mdb + AO_3.mdb,0057366,0076361,31,1687726.14,2346455.55,04/29/98 00:00:00,1997,2,26,078,71324,53000,7183,00,,N,0057366,12,Porto Alegre,226078001,OF CASHA/CEH 16/97,,RS,HAB / PRO-MORADIA                         ,COND. PAMPA                                                 ,PORTO ALEGRE                                                ,PORTO ALEGRE                                                ,3920,URBANIZACAO DO CONDOMINIO PAMPA                                                                                         ,200,URBANIZACAO DO CONDOMINIO PAMPA                                                                                         ,0,225,0,em situação normal,URBANIZACAO DE AREAS                      ,200306,100,05/01/99 00:00:00,11/01/00 00:00:00,12/01/00 00:00:00,200102,0,100,6,Y     ,,,,,,,,,,,,,,,,,,,,,7636131,,,,
raw/sharepoint/Canal FGTS/MC20260306.zip,MCidades_AO_1.mdb + AO_2.mdb + AO_3.mdb,0057374,0076353,68,336127.44,450633.73,04/29/98 00:00:00,1997,2,26,018,71324,53000,7183,00,,N,0057374,75,Porto Alegre,226018001,OF CASHA/CEH 16/97,,RS,HAB / PRO-MORADIA                         ,COND CAVALHADA                                              ,PORTO ALEGRE                                                ,PORTO ALEGRE                                                ,3920,CONSTRUCAO DO CONJUNTO HABITACIONAL CONDOMINIO CAVALHADA                                                                ,64,CONSTRUCAO DO CONJUNTO HABITACIONAL CONDOMINIO CAVALHADA                                                                ,0,43,0,em situação normal,HAB / MORADIAS POPULARES                  ,200308,100,02/01/00 00:00:00,02/01/01 00:00:00,02/01/01 00:00:00,200105,0,100,6,Y     ,,,,,,,,,,,,,,,,,,,,,7635368,,,,
raw/sharepoint/Canal FGTS/MC20260306.zip,MCidades_AO_1.mdb + AO_2.mdb + AO_3.mdb,0081679,0081679,59,1064563.73,1969054.48,06/30/98 00:00:00,1997,2,26,078,71207,53000,7173,01,B2,N,0057862,37,Belém,226078001,OF 470/97 PMB,,PA,HAB / PRO-MORADIA                         ,PM/BEL/URB.A/BEL. I                                         ,BELEM/NOVA BELEM I/PRO-MORADIA98/URB.AREA                   ,DISTRITO DE ICOARACI                                        ,0400,"SISTEMA VIARIO, DRENAGEM, ABASTECIMENTO DE AGUA, ESGOTO SANITARIO, CONSTRUCAO DE UNIDADES SANITARIAS                    ",220,"SISTEMA VIARIO, DRENAGEM, ABASTECIMENTO DE AGUA, ESGOTO SANITARIO, CONSTRUCAO DE UNIDADES SANITARIAS                    ",1210,188,0,distratado,URBANIZACAO DE AREAS                      ,200611,13.49,09/26/00 00:00:00,,,200611,0,13.49,3,L     ,CONTRATO DISTRATADO                                                     TERMO DE DISTRATO ASSINADO E ENTREGUE EM 24/11/2006                                                                                                                                                                                                                                                                                                                                                                                                                                                                                                                                                                                                                                                                                                                                                                                                                                                                                                                                                                                                                                                                                                                                                                                                                                                                                                                                                                                                                                                                                                                                                                                                                                                                                                                                                                                                                                                                                                                                                                                                                                                                                                                                                                                                                                                                                                                                                                                                                                                                                                                                                                                                                                                                                                                                                                                                                                                                                                                                                                                                                                                                                                                                                                                                                                                                                                                                                                                                                                                                                                                                                                                               ,,,,,,,,,,,,,,,,,,,,8167959,,,,
raw/sharepoint/Canal FGTS/MC20260306.zip,MCidades_AO_1.mdb + AO_2.mdb + AO_3.mdb,0057864,0081678,33,346931.26,1217235.25,06/30/98 00:00:00,1997,2,26,078,71207,53000,7173,00,,N,0057864,78,Belém,226078001,OF 486/97 PMB,,PA,HAB / PRO-MORADIA                         ,PM/BEL/URB.A/BEL. II                                        ,BELEM/NOVA BELEM II/PRO-MORADIA98/URB.AREA                  ,DISTRITO DE ICOARACI                                        ,0400,"SISTEMA VIARIO, DRENAGEM, ABASTECIMENTO DE AGUA, ESGOTO SANITARIO,CONSTRUCAO DE UNID. HABITACIONAIS DE 1 E 2 QUARTOS    ",240,"SISTEMA VIARIO, DRENAGEM, ABASTECIMENTO DE AGUA, ESGOTO SANITARIO,CONSTRUCAO DE UNID. HABITACIONAIS DE 1 E 2 QUARTOS    ",1375,200,0,em situação normal,URBANIZACAO DE AREAS                      ,202408,100,04/03/00 00:00:00,,,200104,0,27.5,3,L     ,,,,,,,,,,,,,,,,,,,,,8167833,,,,
raw/sharepoint/Canal FGTS/MC20260306.zip,MCidades_AO_1.mdb + AO_2.mdb + AO_3.mdb,0057871,0081663,12,284308.83,428999.19,06/30/98 00:00:00,1997,2,26,078,71207,53000,7173,00,,N,0057871,26,Belém,226078001,OF 488/97 PMB,,PA,HAB / PRO-MORADIA                         ,PM/BEL/URB.A/ANG.II                                         ,BELEM/ANGELIM II/PRO-MORADIA98/URB.AREA                     ,DISTRITO DE ICOARACI                                        ,0400,"SISTEMA VIARIO, DRENAGEM, ABASTECIMENTO DE AGUA, ESGOTO SANITARIO, EQUIPAMENTOS SANITARIOS, CESTA DE MAT DE CONSTRUCAO  ",300,"SISTEMA VIARIO, DRENAGEM, ABASTECIMENTO DE AGUA, ESGOTO SANITARIO, EQUIPAMENTOS SANITARIOS, CESTA DE MAT DE CONSTRUCAO  ",0,99,0,em situação normal,URBANIZACAO DE AREAS                      ,200511,100,04/01/00 00:00:00,11/20/05 00:00:00,11/30/05 00:00:00,200101,0,36.07,3,L     ,,,,,,,,,,,,,,,,,,,,,8166312,,,,
raw/sharepoint/Canal FGTS/MC20260306.zip,MCidades_AO_1.mdb + AO_2.mdb + AO_3.mdb,0081608,0081608,65,1374502.7,1527225.22,06/30/98 00:00:00,1997,2,26,078,71207,53000,7173,01,B2,N,0057873,67,Belém,226078001,OF 489/97 PMB,,PA,HAB / PRO-MORADIA                         ,PM/BEL/URB.A/ANG.III                                        ,BELEM/ANGELIM III/PRO-MORADIA98/URB.AREA                    ,DISTRITO DE ICOARACI                                        ,0400,"SISTEMA VIARIO, DRENAGEM, ABASTECIMENTO DE AGUA, ESGOTO SANITARIO, EQUIPAMENTO COMUNITARIO, CESTA DE MAT DE CONSTRUCAO  ",304,"SISTEMA VIARIO, DRENAGEM, ABASTECIMENTO DE AGUA, ESGOTO SANITARIO, EQUIPAMENTO COMUNITARIO, CESTA DE MAT DE CONSTRUCAO  ",1520,146,0,distratado,URBANIZACAO DE AREAS                      ,200712,10.08,09/26/00 00:00:00,,,200712,0,10.08,4,L     ,"27/12/2007 OFICIO NO. 516/2007/GIDUR/SR/PA COMUNICA PERDA VALIDADE DA OPCAO DE CREDITO PELO NAO CUMPRIMENTO DAS CLAUSULAS 16 E 21. ENVIADO PARA PREFEITURA MUNICIPAL DE BELEM                                           01/11/2007 BLOQUEADO E LIQUIDADO NO FPM, UM POR CENTO DO VALOR  CONTRATOREFERENTE A MULTA CONTATUAL                                                                                                                                                                                                                                                                                                                                                                                                                                                                                                                                                                                                                                                                                                                                                                                                                                                                                                                                                                                                                                                                                                                                                                                                                                                                                                                                                                                                                                                                                                                                                                                                                                                                                                                                                                                                                                                                                                                                                                                                                                                                                                                                                                                                                                                                                                                                                                                                                                                                                                                                                                                                                                                                                                                                                                                                                                                                                                                                                                                                                                                                                                                                                                                                                                                                                                                                                                                               ",,,,,,,,,,,,,,,,,,,,8160865,,,,
raw/sharepoint/Canal FGTS/MC20260306.zip,MCidades_AO_1.mdb + AO_2.mdb + AO_3.mdb,0057885,0076599,88,716313.29,895591.96,05/08/98 00:00:00,1998,2,26,019,71720,53000,7179,00,,N,0057885,22,CHAPECO,226019001,OF 1324/97,,SC,HAB / PRO-MORADIA                         ,PRO 120 LOTES URBANIZADOS COM CESTAS MAT. CONSTRUCAO        ,VIDEIRA                                                     ,BAIRRO CAMPO EXPERIMENTAL                                   ,3902,PRODUCAO DE 120 LOTES URBANIZADOS E CESTAS DE MATERIAIS     DE CONSTRUCAO.                                              ,120,PRODUCAO DE 120 LOTES URBANIZADOS E CESTAS DE MATERIAIS     DE CONSTRUCAO.                                              ,610,98,0,em situação normal,HAB / CESTA BASICA MAT E LOTE URB- CONJ   ,200212,100,09/01/98 00:00:00,12/10/02 00:00:00,12/10/02 00:00:00,200212,0,100,6,      ,,,,,,,,,,,,,,,,,,,,,7659988,,,,
raw/sharepoint/Canal FGTS/MC20260306.zip,MCidades_AO_1.mdb + AO_2.mdb + AO_3.mdb,0081572,0081572,87,286830,341148.89,06/30/98 00:00:00,1997,2,26,078,83110,53000,7179,01,D1,N,0058028,65,CRICIUMA,226078001,7253/974,,SC,HAB / PRO-MORADIA                         ,MANOEL A.SOUZA                                              ,R. MANOEL A. SOUZA - PROLONGAMENTO                          ,RUA MANOEL AMANCIO DE SOUZA                                 ,5197,URBANIZACAO DE AREAS                                                                                                    ,50,URBANIZACAO DE AREAS                                                                                                    ,200,33,0,distratado,URBANIZACAO DE AREAS                      ,200003,0,,,,200003,0,0,5,B     ,,,,,,,,,,,,,,,,,,,,,8157287,,,,
raw/sharepoint/Canal FGTS/MC20260306.zip,MCidades_AO_1.mdb + AO_2.mdb + AO_3.mdb,0058418,0081712,62,60000,277850,07/02/98 00:00:00,1998,2,26,014,71019,53000,7179,00,,N,0058418,30,JOINVILLE,226014001,RESOLUCAO 03/98 INST COLE,,SC,HAB / PRO-MORADIA                         ,LOTE URBANIZADO                                             ,RIO NEGRINHO                                                ,BAIRROS                                                     ,3859,AQUISICAO E/OU PRODUCAO DE LOTES URBANIZADOS                                                                            ,150,AQUISICAO E/OU PRODUCAO DE LOTES URBANIZADOS                                                                            ,0,59,0,em situação normal,HAB / PRODUCAO UNID HAB E/OU LOTE URBAN   ,200201,100,10/31/00 00:00:00,01/28/02 00:00:00,,200201,0,100,6,      ,,,,,,,,,,,,,,,,,,,,,8171262,,,,
raw/sharepoint/Canal FGTS/MC20260306.zip,MCidades_AO_1.mdb + AO_2.mdb + AO_3.mdb,0081444,0081444,67,431692.39,487784.59,06/30/98 00:00:00,1997,2,26,014,68243,53000,7172,00,B2,N,0058428,44,BAURU,226014001,,,SP,HAB / PRO-MORADIA                         ,IMPLANTACAO DE LOTES URBANIZADOS                            ,MUNICIPIO DE ITAPOLIS/SP                                    ,VARIOS                                                      ,3067,PRODUCAO DE LOTES URBANIZADOS.                                                                                          ,481,PRODUCAO DE LOTES URBANIZADOS.                                                                                          ,0,46,0,em situação normal,HAB / PRODUCAO UNID HAB E/OU LOTE URBAN   ,200603,100,06/30/01 00:00:00,08/31/05 00:00:00,09/30/05 00:00:00,200603,0,100,6,      ,,,4.0,161917.79296875,2006,,,,,,,,,,,,,,,,8144467,,,,
raw/sharepoint/Canal FGTS/MC20260306.zip,MCidades_AO_1.mdb + AO_2.mdb + AO_3.mdb,0058503,0077323,48,3353029.99,3725589.17,05/28/98 00:00:00,1997,2,26,078,71051,53000,7186,00,,N,0058503,46,Salvador,226078001,"OF 279, DE 30.04.97.",,BA,HAB / PRO-MORADIA                         ,DUNAS DO ABAETE                                             ,SALVADOR                                                    ,ITAPUAN                                                     ,1600,"URBANIZACAO DA AREA DENOMINADA DUNAS DO ABAETE, EM          SALVADOR/BA.                                                ",237,"URBANIZACAO DA AREA DENOMINADA DUNAS DO ABAETE, EM          SALVADOR/BA.                                                ",5390,381,0,em situação normal,URBANIZACAO DE AREAS                      ,200212,100,09/11/98 00:00:00,12/30/02 00:00:00,,200212,100,100,6,      ,,,,,,,,,,,,,,,,,,,,,7732348,,,,
raw/sharepoint/Canal FGTS/MC20260306.zip,MCidades_AO_1.mdb + AO_2.mdb + AO_3.mdb,0058508,0077327,30,2284416.93,2538241.02,05/28/98 00:00:00,1997,2,26,078,71051,53000,7186,00,,N,0058508,54,Salvador,226078001,"OF 279, DE 30/04/97.",,BA,HAB / PRO-MORADIA                         ,MELHOR/CANDEAL                                              ,SALVADOR                                                    ,BAIRRO DO CANDEAL                                           ,1600,"URBANIZACAO DA AREA OCUPADA DENOMINADA CANDEAL PEQUENO/TA   REBOCADO, NO MUNICIPIO DE SALVADOR/BA                       ",150,"URBANIZACAO DA AREA OCUPADA DENOMINADA CANDEAL PEQUENO/TA   REBOCADO, NO MUNICIPIO DE SALVADOR/BA                       ",0,256,0,em situação normal,URBANIZACAO DE AREAS                      ,200201,100,10/14/98 00:00:00,01/30/02 00:00:00,,200201,100,100,6,      ,,,,,,,,,,,,,,,,,,,,,7732730,,,,
raw/sharepoint/Canal FGTS/MC20260306.zip,MCidades_AO_1.mdb + AO_2.mdb + AO_3.mdb,0058511,0077328,56,1966436.28,2398493.03,05/28/98 00:00:00,1997,2,26,078,71051,53000,7186,00,,N,0058511,10,Salvador,226078001,OF 279 DE 30.04.97.,,BA,HAB / PRO-MORADIA                         ,COMUNIDADE ALAGADOS II                                      ,SALVADOR                                                    ,BAIRRO DO LOBATO PENINSULA DO JOANES.                       ,1600,"RECUPERACAO DA AREA DENOMINADA ALAGADOS II, EM SALVADOR/BA                                                              ",88,"RECUPERACAO DA AREA DENOMINADA ALAGADOS II, EM SALVADOR/BA                                                              ",0,293,0,em situação normal,URBANIZACAO DE AREAS                      ,200212,100,09/22/98 00:00:00,12/31/02 00:00:00,,200212,100,100,6,      ,,,,,,,,,,,,,,,,,,,,,7732856,,,,
raw/sharepoint/Canal FGTS/MC20260306.zip,MCidades_AO_1.mdb + AO_2.mdb + AO_3.mdb,0058512,0077330,98,1510397.26,1678219.15,05/28/98 00:00:00,1997,2,26,078,71051,53000,7186,00,,N,0058512,35,Salvador,226078001,"OF 279, DE 30/04/97.",,BA,HAB / PRO-MORADIA                         ,NOVA REPUBLICA                                              ,SALVADOR                                                    ,NORDESTE DE AMARALINA                                       ,1600,"URBANIZACAO DE AREA DENOMINADA NOVA REPUBLICA, EM SALVADOR/ BA.                                                         ",120,"URBANIZACAO DE AREA DENOMINADA NOVA REPUBLICA, EM SALVADOR/ BA.                                                         ",3465,221,0,em situação normal,URBANIZACAO DE AREAS                      ,200307,100,09/01/98 00:00:00,07/30/03 00:00:00,,200307,100,100,6,W     ,,,,,,,,,,,,,,,,,,,,,7733098,,,,
raw/sharepoint/Canal FGTS/MC20260306.zip,MCidades_AO_1.mdb + AO_2.mdb + AO_3.mdb,0058513,0077332,37,3176259.61,3757920.32,05/28/98 00:00:00,1997,2,26,078,71051,53000,7186,00,,N,0058513,51,Salvador,226078001,"OF 279, DE 30.04.97.",,BA,HAB / PRO-MORADIA                         ,ALTO DA BELA VISTA I E II                                   ,SALVADOR                                                    ,VILA NOVA DE PITUACU ALTO DA BELA VISTA I E II 1A ETAPA     ,1600,"RECUPERACAO DA AREA DENOMINADA ALTO DA BELA VISTA-I/II -    BAIXA DA GIA, EM SALVADOR/BA                                ",42,"RECUPERACAO DA AREA DENOMINADA ALTO DA BELA VISTA-I/II -    BAIXA DA GIA, EM SALVADOR/BA                                ",7570,349,0,em situação normal,URBANIZACAO DE AREAS                      ,200206,100,09/22/98 00:00:00,06/30/02 00:00:00,,200206,100,100,6,      ,,,,,,,,,,,,,,,,,,,,,7733237,,,,
raw/sharepoint/Canal FGTS/MC20260306.zip,MCidades_AO_1.mdb + AO_2.mdb + AO_3.mdb,0058515,0077331,12,3445174.88,3937343.12,05/28/98 00:00:00,1997,2,26,078,71051,53000,7186,00,,N,0058515,02,Salvador,226078001,"OF 279, DE 30.04.97.",,BA,HAB / PRO-MORADIA                         ,BX DO CACAU_1A                                              ,SALVADOR                                                    ,"VILA NOVA DE PITUACU/SUBURBANA, REGIAO METROPOLITANATAPA    ",1600,"INFRA-ESTRUTURA E RECUPERACAO DA AREA DENOMINADA BAIXA DO   CACAU, EM SALVADOR/BA                                       ",190,"INFRA-ESTRUTURA E RECUPERACAO DA AREA DENOMINADA BAIXA DO   CACAU, EM SALVADOR/BA                                       ",2690,408,0,em situação normal,URBANIZACAO DE AREAS                      ,200109,100,09/15/98 00:00:00,05/30/02 00:00:00,,200205,100,100,6,      ,,,,,,,,,,,,,,,,,,,,,7733112,,,,
raw/sharepoint/Canal FGTS/MC20260306.zip,MCidades_AO_1.mdb + AO_2.mdb + AO_3.mdb,0058521,0076312,05,2041525.23,2278358.33,05/05/98 00:00:00,1997,2,26,078,71051,53000,7186,00,,N,0058521,24,Salvador,226078001,"OF 279, DE 30.04.97.",,BA,HAB / PRO-MORADIA                         ,BAIXA DO CARANGUEJO                                         ,SALVADOR                                                    ,AV. AFRANIO PEIXOTO LOBATO. MOR BAIXA DO CARANGUEIJO.       ,1600,"INFRA-ESTRUTURA E RECUPERACAO DA AREA BAIXA DO CARANGUEJO,  EM SALVADOR/BA                                              ",79,"INFRA-ESTRUTURA E RECUPERACAO DA AREA BAIXA DO CARANGUEJO,  EM SALVADOR/BA                                              ",5750,346,0,em situação normal,URBANIZACAO DE AREAS                      ,200212,100,09/22/98 00:00:00,12/30/02 00:00:00,,200212,100,100,6,      ,,,,,,,,,,,,,,,,,,,,,7631205,,,,
raw/sharepoint/Canal FGTS/MC20260306.zip,MCidades_AO_1.mdb + AO_2.mdb + AO_3.mdb,0058536,0077592,44,1825850.96,2104044.91,05/29/98 00:00:00,1997,2,26,078,71051,53000,7186,00,,N,0058536,45,Salvador,226078001,"OF 279, DE 30/04/97.",,BA,HAB / PRO-MORADIA                         ,COMUNIDADE DE ALAGADOS I                                    ,SALVADOR                                                    ,"RUA DA PRAINHA, URUGUAI                                     ",1600,"FAVELA ALAGADOS I, EM SALVADOR - SALDO CREDOR/CAIXA NO      CT-121.664-72                                               ",146,"FAVELA ALAGADOS I, EM SALVADOR - SALDO CREDOR/CAIXA NO      CT-121.664-72                                               ",4005,311,0,em situação normal,URBANIZACAO DE AREAS                      ,200212,100,09/22/98 00:00:00,12/30/02 00:00:00,,200212,100,100,6,      ,,,,,,,,,,,,,,,,,,,,,7759244,,,,
raw/sharepoint/Canal FGTS/MC20260306.zip,MCidades_AO_1.mdb + AO_2.mdb + AO_3.mdb,0058546,0077334,78,1415591.27,1572879.18,05/28/98 00:00:00,1997,2,26,078,71051,53000,7186,00,,N,0058546,50,Salvador,226078001,"OF 279, DE 30.04.97.",,BA,HAB / PRO-MORADIA                         ,INV. DE PEQUI                                               ,EUNAPOLIS                                                   ,RUA LOMANTO JUNIOR. PRO-MORADIA INVASAO DE PEQUI.           ,4573,"URBANIZACAO DE AREA DENOMINADA INVASAO DO PEQUI, EM         EUNAPOLIS/BA                                                ",125,"URBANIZACAO DE AREA DENOMINADA INVASAO DO PEQUI, EM         EUNAPOLIS/BA                                                ",1900,159,0,em situação normal,URBANIZACAO DE AREAS                      ,,,,,,200106,100,100,6,L     ,,,,,,,,,,,,,,,,,,,,,7733478,,,,
raw/sharepoint/Canal FGTS/MC20260306.zip,MCidades_AO_1.mdb + AO_2.mdb + AO_3.mdb,0058557,0077337,44,398805.35,443117.05,05/28/98 00:00:00,1997,2,26,078,71051,53000,7186,00,,N,0058557,80,Salvador,226078001,"OF 279, DE 30.04.97.",,BA,HAB / PRO-MORADIA                         ,BARRIQUINHA DA CAPELINHA                                    ,SALVADOR                                                    ,"BARRIQUINHA DA CAPELINHA, CAPELINHA DE SAO CAETANO          ",1600,"URBANIZACAO DE AREA DEGRADADA, DENOMINADA BARRIQUINHA DA    CAPELINHA, EM SALVADOR/BA                                   ",10,"URBANIZACAO DE AREA DEGRADADA, DENOMINADA BARRIQUINHA DA    CAPELINHA, EM SALVADOR/BA                                   ",850,47,0,em situação normal,URBANIZACAO DE AREAS                      ,200108,100,08/10/98 00:00:00,02/28/02 00:00:00,,200105,100,100,6,WY    ,,,,,,,,,,,,,,,,,,,,,7733744,,,,
raw/sharepoint/Canal FGTS/MC20260306.zip,MCidades_AO_1.mdb + AO_2.mdb + AO_3.mdb,0058558,0077322,23,3959205.6,5523335.59,05/28/98 00:00:00,1997,2,26,018,71051,53000,7186,00,,N,0058558,04,Salvador,226018001,"OF 279, DE 30.04.97.",,BA,HAB / PRO-MORADIA                         ,CH JARDIM VALERIA                                           ,SALVADOR                                                    ,"JARDIM DE VALERIA, BAIRRO DE VALERIA                        ",1600,"PRODUCAO DE CONJUNTO  HABITACIONAL JARDIM VALERIA, EM       SALVADOR/BA                                                 ",500,"PRODUCAO DE CONJUNTO  HABITACIONAL JARDIM VALERIA, EM       SALVADOR/BA                                                 ",2500,485,0,em situação normal,HAB / MORADIAS POPULARES                  ,200212,100,08/31/98 00:00:00,12/30/02 00:00:00,,200212,100,100,6,      ,,,,,,,,,,,,,,,,,,,,,7732223,,,,
raw/sharepoint/Canal FGTS/MC20260306.zip,MCidades_AO_1.mdb + AO_2.mdb + AO_3.mdb,0058560,0077339,85,1918894.81,2131367.86,05/28/98 00:00:00,1997,2,26,078,71051,53000,7186,00,,N,0058560,46,Salvador,226078001,"OF 279, DE 30.04.97.",,BA,HAB / PRO-MORADIA                         ,BEIRA DIQUE                                                 ,SALVADOR                                                    ,SAO CAETANO                                                 ,1600,"RECUPERACAO DA AREA DENOMINADA BEIRA DIQUE, EM SALVADOR/BA                                                              ",59,"RECUPERACAO DA AREA DENOMINADA BEIRA DIQUE, EM SALVADOR/BA                                                              ",3200,208,0,em situação normal,URBANIZACAO DE AREAS                      ,200102,100,09/15/98 00:00:00,12/21/01 00:00:00,,200102,100,100,6,GWY   ,,,,,,,,,,,,,,,,,,,,,7733985,,,,
raw/sharepoint/Canal FGTS/MC20260306.zip,MCidades_AO_1.mdb + AO_2.mdb + AO_3.mdb,0058561,0077583,56,857106.51,1866397.6,05/29/98 00:00:00,1997,2,26,078,71051,53000,7186,00,,N,0058561,62,Salvador,226078001,"OF 279, DE 30.04.97.",,BA,HAB / PRO-MORADIA                         ,NOVA SUSSUARANA                                             ,SALVADOR                                                    ,"NOVA SUSSUARANA II, NOVA SUSSUARANA                         ",1600,"FAVELA NOVA SUSSUARANA II, SALVADOR/BA - SALDO CREDOR/CAIXA NO CT-121.665-87                                            ",93,"FAVELA NOVA SUSSUARANA II, SALVADOR/BA - SALDO CREDOR/CAIXA NO CT-121.665-87                                            ",4480,214,0,em situação normal,URBANIZACAO DE AREAS                      ,200112,100,08/26/98 00:00:00,12/25/01 00:00:00,,200112,100,100,6,W     ,,,,,,,,,,,,,,,,,,,,,7758356,,,,
raw/sharepoint/Canal FGTS/MC20260306.zip,MCidades_AO_1.mdb + AO_2.mdb + AO_3.mdb,0081683,0081683,30,505998,562220,06/30/98 00:00:00,1997,2,26,021,72369,53000,7176,01,,N,0058577,07,JUNDIAI,226021001,,,SP,HAB / PRO-MORADIA                         ,PRO-MORADIA                                                 ,BAIRRO SANTO ANTONIO                                        ,LOUVEIRA/SP                                                 ,3113,CESTA DE MATERIAS DE CONTRUCAO                                                                                          ,90,CESTA DE MATERIAS DE CONTRUCAO                                                                                          ,0,54,0,distratado,HAB / CESTA BASICA DE MATERIAIS           ,,,,,,,,,,,,,,,,,,,,,,,,,,,,,,,8168330,,,,
raw/sharepoint/Canal FGTS/MC20260306.zip,MCidades_AO_1.mdb + AO_2.mdb + AO_3.mdb,0078870,0078870,56,631900,710000,06/18/98 00:00:00,1997,2,26,078,72650,53000,7185,01,D1,N,0058624,04,VOLTA REDONDA,226078001,CARTA CONSULTA,,RJ,HAB / PRO-MORADIA                         ,ITAT.V.MART/ESP                                             ,ITATIAIA                                                    ,ITATIAIA                                                    ,4732,URBANIZACAO DE AREA- VILA MARTINS E ESPERANCA                                                                           ,0,URBANIZACAO DE AREA- VILA MARTINS E ESPERANCA                                                                           ,0,68,0,distratado,URBANIZACAO DE AREAS                      ,199810,0,,,,199810,0,0,5,K     ,,,,,,,,,,,,,,,,,,,,,7887056,,,,
raw/sharepoint/Canal FGTS/MC20260306.zip,MCidades_AO_1.mdb + AO_2.mdb + AO_3.mdb,0076124,0076124,19,10800,12000,04/30/98 00:00:00,1997,2,26,021,68628,53000,7183,01,D1,N,0058787,52,Porto Alegre,226021001,RS07970082M,,RS,HAB / PRO-MORADIA                         ,LOT.POPULAR                                                 ,DIVERSOS LOCAIS                                             ,DIVERSOS LOCAIS                                             ,4651,AQUISICAO DE CESTA DE MATERIAIS DE CONSTRUCAO                                                                           ,3,AQUISICAO DE CESTA DE MATERIAIS DE CONSTRUCAO                                                                           ,0,1,0,distratado,HAB / CESTA BASICA DE MATERIAIS           ,200008,0,,,,200008,0,0,5,B     ,,,,,,,,,,,,,,,,,,,,,7612419,,,,
raw/sharepoint/Canal FGTS/MC20260306.zip,MCidades_AO_1.mdb + AO_2.mdb + AO_3.mdb,0059108,0081214,95,1646257.7,2006908.97,06/29/98 00:00:00,1997,2,26,078,71037,53000,7173,00,,N,0059108,76,Belém,226078001,RES.007 COMITE ESTADUAL,,PA,HAB / PRO-MORADIA                         ,PM/PA/URB.A/MARITUBA I                                      ,MARITUBA/COHAB/MARITUBA I/PRO-MORADIA98/URB.AREA            ,"RUA ALFREDO CALADO, ROD. BR.316                             ",5698,"INFRA COM IMPLANTA›AO DE SISTEMA VIARIO, PAVIMENTA›AO, DRENAGEM,ESGOTO SANITARIO E ABASTECIMENTO DE AGUA                ",643,"INFRA COM IMPLANTA›AO DE SISTEMA VIARIO, PAVIMENTA›AO, DRENAGEM,ESGOTO SANITARIO E ABASTECIMENTO DE AGUA                ",3215,313,0,em situação normal,URBANIZACAO DE AREAS                      ,200406,100,07/02/98 00:00:00,06/30/04 00:00:00,,200107,0,55.99,3,L     ,,,,,,,,,,,,,,,,,,,,,8121495,,,,
raw/sharepoint/Canal FGTS/MC20260306.zip,MCidades_AO_1.mdb + AO_2.mdb + AO_3.mdb,0081153,0081153,92,99835.2,110928,06/30/98 00:00:00,1997,2,26,021,71322,53000,7180,01,D1,N,0059241,80,Fortaleza,226021001,,,CE,HAB / PRO-MORADIA                         ,VICOSA                                                      ,VICOSA                                                      ,VICOSA                                                      ,0901,AQUISICAO DE MATERIAIS DE CONSTRUCAO                                                                                    ,48,AQUISICAO DE MATERIAIS DE CONSTRUCAO                                                                                    ,240,11,0,distratado,HAB / CESTA BASICA DE MATERIAIS           ,200205,0,,,,200205,0,0,5,O     ,,,,,,,,,,,,,,,,,,,,,8115392,,,,
raw/sharepoint/Canal FGTS/MC20260306.zip,MCidades_AO_1.mdb + AO_2.mdb + AO_3.mdb,0081691,0081691,04,451198.37,501331.52,06/30/98 00:00:00,1998,2,26,018,71759,53000,7178,01,D1,N,0059358,67,LONDRINA,226018001,SOL FINANC 17/02/1997,,PR,HAB / PRO-MORADIA                         ,CONSTRUCAO DE 56 UNIDADES HABITACIONAIS                     ,RUA FOGO APAGOU                                             ,ARAPONGAS                                                   ,3435,"CONSTRUCAO DE 56 UNIDADES HABITACIONAIS, COM 50.11 M2                                                                   ",56,"CONSTRUCAO DE 56 UNIDADES HABITACIONAIS, COM 50.11 M2                                                                   ",280,48,0,distratado,HAB / MORADIAS POPULARES                  ,200010,0,,,,200010,0,0,5,L     ,,,,,,,,,,,,,,,,,,,,,8169104,,,,
raw/sharepoint/Canal FGTS/MC20260306.zip,MCidades_AO_1.mdb + AO_2.mdb + AO_3.mdb,0059495,0075741,91,325066.66,482209.56,03/26/98 00:00:00,1997,2,26,078,71332,53000,7185,00,,N,0059495,63,Rio de Janeiro,226078001,,,RJ,HAB / PRO-MORADIA                         ,CAMBALACHO                                                  ,BARRA DA TIJUCA                                             ,RIO DE JANEIRO                                              ,2810,SANEAMENTO E URBANIZACAO DE FAVELAS_-CAMBALACHO/MUZEMA                                                                  ,0,SANEAMENTO E URBANIZACAO DE FAVELAS_-CAMBALACHO/MUZEMA                                                                  ,0,71,0,em situação normal,URBANIZACAO DE AREAS                      ,200602,100,06/16/00 00:00:00,05/31/06 00:00:00,,200602,0,100,6,      ,,,,,,,,,,,,,,,,,,,,,7574191,,,,
raw/sharepoint/Canal FGTS/MC20260306.zip,MCidades_AO_1.mdb + AO_2.mdb + AO_3.mdb,0059496,0075742,15,613276.92,681418.8,03/26/98 00:00:00,1997,2,26,078,71332,53000,7185,00,,N,0059496,88,Rio de Janeiro,226078001,,,RJ,HAB / PRO-MORADIA                         ,TIJUQUINHA                                                  ,BARRA DA TIJUCA                                             ,RIO DE JANEIRO                                              ,2810,SANEAMENTO E URBANIZACAO DE FAVELAS-TIJUQUINHA                                                                          ,0,SANEAMENTO E URBANIZACAO DE FAVELAS-TIJUQUINHA                                                                          ,0,65,0,em situação normal,URBANIZACAO DE AREAS                      ,200008,100,10/18/99 00:00:00,08/01/00 00:00:00,09/01/00 00:00:00,200008,100,100,6,      ,,,,,,,,,,,,,,,,,,,,,7574215,,,,
raw/sharepoint/Canal FGTS/MC20260306.zip,MCidades_AO_1.mdb + AO_2.mdb + AO_3.mdb,0081095,0081095,65,2890000,3792846.22,06/30/98 00:00:00,1997,2,26,018,71332,53000,7185,01,D1,N,0059519,97,Rio de Janeiro,226018001,,,RJ,HAB / PRO-MORADIA                         ,N.S. DAS GRACAS                                             ,CAMPO GRANDE                                                ,RIO DE JANEIRO                                              ,2810,CONSTRUCAO DO CONJUNTO N. S. DAS GRACAS                                                                                 ,340,CONSTRUCAO DO CONJUNTO N. S. DAS GRACAS                                                                                 ,1700,362,0,distratado,HAB / MORADIAS POPULARES                  ,200602,0,,,,200602,0,0,5,B     ,"TERMOS DE RESCISAO ASSINADOS, ENVIADOS PELA GIFUGRJ A GIDURRJ PARA      REGISTRO.                                                                                                                                                                                                                                                                                                                                                                                                                                                                                                                                                                                                                                                                                                                                                                                                                                                                                                                                                                                                                                                                                                                                                                                                                                                                                                                                                                                                                                                                                                                                                                                                                                                                                                                                                                                                                                                                                                                                                                                                                                                                                                                                                                                                                                                                                                                                                                                                                                                                                                                                                                                                                                                                                                                                                                                                                                                                                                                                                                                                                                                                                                                                                                                                                                                                                                                                                                                                                                                                                                                                                                                                                                         ",,,,,,,,,,,,,,,,,,,,8109565,,,,
raw/sharepoint/Canal FGTS/MC20260306.zip,MCidades_AO_1.mdb + AO_2.mdb + AO_3.mdb,0081090,0081090,58,1071000,1389517.41,06/30/98 00:00:00,1997,2,26,018,71332,53000,7185,01,D1,N,0059522,54,Rio de Janeiro,226018001,,,RJ,HAB / PRO-MORADIA                         ,NOVA CIDADE                                                 ,INHOAIBA                                                    ,RIO DE JANEIRO                                              ,2810,CONSTRUCAO DO CONJUNTO NOVA CIDADE                                                                                      ,126,CONSTRUCAO DO CONJUNTO NOVA CIDADE                                                                                      ,630,132,0,distratado,HAB / MORADIAS POPULARES                  ,200602,0,,,,200602,0,0,5,L     ,"TERMOS DE RESCISAO ASSINADOS, ENVIADOS PELA GIFUGRJ A GIDURRJ PARA      REGISTRO.                                                                                                                                                                                                                                                                                                                                                                                                                                                                                                                                                                                                                                                                                                                                                                                                                                                                                                                                                                                                                                                                                                                                                                                                                                                                                                                                                                                                                                                                                                                                                                                                                                                                                                                                                                                                                                                                                                                                                                                                                                                                                                                                                                                                                                                                                                                                                                                                                                                                                                                                                                                                                                                                                                                                                                                                                                                                                                                                                                                                                                                                                                                                                                                                                                                                                                                                                                                                                                                                                                                                                                                                                                         ",,,,,,,,,,,,,,,,,,,,8109058,,,,
raw/sharepoint/Canal FGTS/MC20260306.zip,MCidades_AO_1.mdb + AO_2.mdb + AO_3.mdb,0062663,0062663,87,406534.03,476764.22,02/05/98 00:00:00,1997,2,26,078,71332,53000,7185,00,B2,N,0059541,57,Rio de Janeiro,226078001,,,RJ,HAB / PRO-MORADIA                         ,VILA DA PAZ                                                 ,ITANHANGA                                                   ,RIO DE JANEIRO                                              ,2810,INFRA-ESTRUTURA E URBANIZACAO DE FAVELA -VILA DA PAZ                                                                    ,0,INFRA-ESTRUTURA E URBANIZACAO DE FAVELA -VILA DA PAZ                                                                    ,0,43,0,em situação normal,URBANIZACAO DE AREAS                      ,200309,100,08/28/00 00:00:00,10/13/03 00:00:00,,200309,0,100,6,      ,,,,,,,,,,,,,,,,,,,,,6266387,,,,
raw/sharepoint/Canal FGTS/MC20260306.zip,MCidades_AO_1.mdb + AO_2.mdb + AO_3.mdb,0062678,0062678,07,335869.96,850800.12,02/05/98 00:00:00,1997,2,26,078,71332,53000,7185,00,B2,N,0059542,72,Rio de Janeiro,226078001,,,RJ,HAB / PRO-MORADIA                         ,VILA ELZA                                                   ,AV. GOMES LOPES                                             ,RIO DE JANEIRO                                              ,2810,INFRA-ESTRUTURA E URBANIZACAO DE FAVELA -VILA ELZA                                                                      ,0,INFRA-ESTRUTURA E URBANIZACAO DE FAVELA -VILA ELZA                                                                      ,0,36,0,em situação normal,URBANIZACAO DE AREAS                      ,200207,100,10/17/00 00:00:00,01/13/03 00:00:00,02/13/03 00:00:00,200207,100,100,6,      ,,,,,,,,,,,,,,,,,,,,,6267807,,,,
raw/sharepoint/Canal FGTS/MC20260306.zip,MCidades_AO_1.mdb + AO_2.mdb + AO_3.mdb,0081455,0081455,08,1115901.3,4327849.36,06/30/98 00:00:00,1997,2,26,078,71332,53000,7185,00,B2,N,0059543,97,Rio de Janeiro,226078001,,,RJ,HAB / PRO-MORADIA                         ,PIAI                                                        ,SEPETIBA                                                    ,RIO DE JANEIRO                                              ,2810,INFRA-ESTRUTURA E URBANIZACAO DO LOTEAMENTO PIAI                                                                        ,0,INFRA-ESTRUTURA E URBANIZACAO DO LOTEAMENTO PIAI                                                                        ,0,118,0,em situação normal,URBANIZACAO DE AREAS                      ,200802,100,02/25/02 00:00:00,,,200802,0,100,6,      ,,,1.0,63636.36,2008,,,,,,,,,,,,,,,,8145508,,,,
raw/sharepoint/Canal FGTS/MC20260306.zip,MCidades_AO_1.mdb + AO_2.mdb + AO_3.mdb,0081457,0081457,48,2837434.55,6829693.76,06/30/98 00:00:00,1997,2,26,078,71332,53000,7185,00,B2,N,0059544,11,Rio de Janeiro,226078001,,,RJ,HAB / PRO-MORADIA                         ,ANA GONZAGA                                                 ,INHOAIBA                                                    ,RIO DE JANEIRO                                              ,2810,INFRA-ESTRUTURA E URBANIZACAO DO LOTEAMENTO ANA GONZAGA                                                                 ,0,INFRA-ESTRUTURA E URBANIZACAO DO LOTEAMENTO ANA GONZAGA                                                                 ,0,301,0,em situação normal,URBANIZACAO DE AREAS                      ,200610,100,11/06/00 00:00:00,11/30/06 00:00:00,11/30/06 00:00:00,200610,0,100,6,      ,,,2.0,616808.875,2006,,,,,,,,,,,,,,,,8145748,,,,
raw/sharepoint/Canal FGTS/MC20260306.zip,MCidades_AO_1.mdb + AO_2.mdb + AO_3.mdb,0081079,0081079,26,1511452.18,1803946.04,06/30/98 00:00:00,1997,2,26,078,71332,53000,7185,00,B2,N,0059546,64,Rio de Janeiro,226078001,,,RJ,HAB / PRO-MORADIA                         ,ESTRELA DALVA                                               ,"INHOAIBA, SANTA CRUZ E CAMPO GRANDE                         ",RIO DE JANEIRO                                              ,2810,"INFRA-ESTRUTURA E URBANIZACAO DOS LOTEAMENTOS JARDIM ESTRELADALVA,VILA DOS PALMARES E ESTRADA DO MOINHO                 ",0,"INFRA-ESTRUTURA E URBANIZACAO DOS LOTEAMENTOS JARDIM ESTRELADALVA,VILA DOS PALMARES E ESTRADA DO MOINHO                 ",2696,166,0,em situação normal,URBANIZACAO DE AREAS                      ,200708,100,10/11/01 00:00:00,08/28/07 00:00:00,,200708,100,100,6,      ,,,4.0,538393.81640625,2006,,,,,,,,,,,,,,,,8107926,,,,
raw/sharepoint/Canal FGTS/MC20260306.zip,MCidades_AO_1.mdb + AO_2.mdb + AO_3.mdb,0081082,0081082,84,92190.92999999999,218188.07,06/30/98 00:00:00,1997,2,26,078,71332,53000,7185,00,B2,N,0059547,89,Rio de Janeiro,226078001,,,RJ,HAB / PRO-MORADIA                         ,CRASSITUBA                                                  ,ANCHIETA                                                    ,RIO DE JANEIRO                                              ,2810,INFRA-ESTRUTURA E URBANIZACAO DO LOTEAMENTO CRASSITUBA                                                                  ,0,INFRA-ESTRUTURA E URBANIZACAO DO LOTEAMENTO CRASSITUBA                                                                  ,0,11,0,em situação normal,URBANIZACAO DE AREAS                      ,200308,100,05/08/01 00:00:00,03/30/03 00:00:00,08/30/03 00:00:00,200308,0,100,6,      ,,,,,,,,,,,,,,,,,,,,,8108284,,,,
raw/sharepoint/Canal FGTS/MC20260306.zip,MCidades_AO_1.mdb + AO_2.mdb + AO_3.mdb,0081094,0081094,37,374976.65,416640.72,06/30/98 00:00:00,1997,2,26,078,71332,53000,7185,01,D1,N,0059548,03,Rio de Janeiro,226078001,,,RJ,HAB / PRO-MORADIA                         ,N.SA. DA PAZ                                                ,SENADOR CAMARA                                              ,RIO DE JANEIRO                                              ,2810,INFRA-ESTRUTURA E URBANIZACAO DO LOTEAMENTO N.SA. DA PAZ                                                                ,0,INFRA-ESTRUTURA E URBANIZACAO DO LOTEAMENTO N.SA. DA PAZ                                                                ,848,40,0,distratado,URBANIZACAO DE AREAS                      ,200602,0,,,,200602,0,0,5,X     ,"TERMOS DE RESCISAO ASSINADOS, ENVIADOS PELA GIFUGRJ A GIDURRJ PARA      REGISTRO.                                                                                                                                                                                                                                                                                                                                                                                                                                                                                                                                                                                                                                                                                                                                                                                                                                                                                                                                                                                                                                                                                                                                                                                                                                                                                                                                                                                                                                                                                                                                                                                                                                                                                                                                                                                                                                                                                                                                                                                                                                                                                                                                                                                                                                                                                                                                                                                                                                                                                                                                                                                                                                                                                                                                                                                                                                                                                                                                                                                                                                                                                                                                                                                                                                                                                                                                                                                                                                                                                                                                                                                                                                         ",,,,,,,,,,,,,,,,,,,,8109437,,,,
raw/sharepoint/Canal FGTS/MC20260306.zip,MCidades_AO_1.mdb + AO_2.mdb + AO_3.mdb,0081097,0081097,04,618051.35,2156016.85,06/30/98 00:00:00,1997,2,26,078,71332,53000,7185,00,B2,N,0059549,28,Rio de Janeiro,226078001,,,RJ,HAB / PRO-MORADIA                         ,MORADA ANCHIETA                                             ,ANCHIETA                                                    ,RIO DE JANEIRO                                              ,2810,INFRA-ESTRUTURA E URBANIZACAO DOS LOTEAMENTOS MORADA AN-    CHIETA E CRISTO REDENTOR                                    ,0,INFRA-ESTRUTURA E URBANIZACAO DOS LOTEAMENTOS MORADA AN-    CHIETA E CRISTO REDENTOR                                    ,996,82,0,em situação normal,URBANIZACAO DE AREAS                      ,200306,100,10/09/01 00:00:00,06/09/03 00:00:00,,200306,0,100,6,      ,,,,,,,,,,,,,,,,,,,,,8109704,,,,
raw/sharepoint/Canal FGTS/MC20260306.zip,MCidades_AO_1.mdb + AO_2.mdb + AO_3.mdb,0059553,0081100,86,2280393.26,2845207.81,06/30/98 00:00:00,1997,2,26,078,71332,53000,7185,00,,N,0059553,01,Rio de Janeiro,226078001,,,RJ,HAB / PRO-MORADIA                         ,C. CIDADE ALTA/PORTO VELHO                                  ,CORDOVIL                                                    ,RIO DE JANEIRO                                              ,2810,INFRA-ESTRUTURA E URBANIZACAO CONJ. CIDADE ALTA E PORTO VELHO                                                           ,0,INFRA-ESTRUTURA E URBANIZACAO CONJ. CIDADE ALTA E PORTO VELHO                                                           ,26388,253,0,em situação normal,URBANIZACAO DE AREAS                      ,,,,,,200502,90.09999999999999,100,6,      ,,,,,,,,,,,,,,,,,,,,,8110086,,,,
raw/sharepoint/Canal FGTS/MC20260306.zip,MCidades_AO_1.mdb + AO_2.mdb + AO_3.mdb,0059634,0081417,01,4904053.25,6289502.25,06/30/98 00:00:00,1997,2,26,070,71741,53000,7176,00,,N,0059634,22,PIRACICABA,226070001,S/N,,SP,HAB / PRO-MORADIA                         ,BOSQUE DO LENHEIRO                                          ,DIVERSOS ENDERECOS                                          ,VILA INDUSTRIAL                                             ,3227,BOSQUES DO LENHEIRO                                                                                                     ,1500,BOSQUES DO LENHEIRO                                                                                                     ,0,0,0,em situação normal,INFRA-ESTRUTURA EM CONJUNTO HABITACIONAL  ,200407,100,04/01/99 00:00:00,04/30/04 00:00:00,,200407,91.11,100,6,      ,,,,,,,,,,,,,,,,,,,,,8141701,,,,
raw/sharepoint/Canal FGTS/MC20260306.zip,MCidades_AO_1.mdb + AO_2.mdb + AO_3.mdb,0081147,0081147,79,281571.08,312856.75,06/30/98 00:00:00,1997,2,26,078,71766,53000,7180,01,D1,N,0059701,51,São Luis,226078001,OE 810/97,,MA,HAB / PRO-MORADIA                         ,IGARAPE JANSEN                                              ,MUNICIPIO DE SAO LUIS                                       ,MUNICIPIO DE SAO LUIS                                       ,0500,REMANEJAMENTO FAMILIAS DO IGARAPE DA JANSEN - PONTA D'AREIA PARA PARQUE CANUDOS - PARQUE VITORIA.                       ,119,REMANEJAMENTO FAMILIAS DO IGARAPE DA JANSEN - PONTA D'AREIA PARA PARQUE CANUDOS - PARQUE VITORIA.                       ,0,30,0,distratado,URBANIZACAO DE AREAS                      ,200010,0,,,,200010,0,0,5,I     ,,,,,,,,,,,,,,,,,,,,,8114779,,,,
raw/sharepoint/Canal FGTS/MC20260306.zip,MCidades_AO_1.mdb + AO_2.mdb + AO_3.mdb,0081120,0081120,03,491904.05,546560.05,06/30/98 00:00:00,1997,2,26,078,71766,53000,7180,01,D1,N,0059704,15,São Luis,226078001,OE 809/97,,MA,HAB / PRO-MORADIA                         ,IRMAOS CORAGEM                                              ,MUNICIPIO DE SAO LUIS                                       ,MUNICIPIO DE SAO LUIS                                       ,0500,"AREA LOCALIZADA  A MARGEM ESQUERDA DO RIO ANIL, ENTRE OS    BAIRROS ALEMANHA E APEADOURO.                               ",0,"AREA LOCALIZADA  A MARGEM ESQUERDA DO RIO ANIL, ENTRE OS    BAIRROS ALEMANHA E APEADOURO.                               ",0,52,0,distratado,URBANIZACAO DE AREAS                      ,200010,0,,,,200010,0,0,5,I     ,,,,,,,,,,,,,,,,,,,,,8112003,,,,
raw/sharepoint/Canal FGTS/MC20260306.zip,MCidades_AO_1.mdb + AO_2.mdb + AO_3.mdb,0081138,0081138,80,1168802.19,1298669.1,06/30/98 00:00:00,1997,2,26,078,71766,53000,7180,01,D1,N,0059705,42,São Luis,226078001,OE 808/97,,MA,HAB / PRO-MORADIA                         ,BRAS. MATADOURO                                             ,MUNICIPIO DE SAO LUIS                                       ,MUNICIPIO DE SAO LUIS                                       ,0500,"AREA LOCALIZADA NA REGIAO DA CAMBOA/LIBERDADE, NA MARGEM    ESQUERDA DO RIO ANIL                                        ",0,"AREA LOCALIZADA NA REGIAO DA CAMBOA/LIBERDADE, NA MARGEM    ESQUERDA DO RIO ANIL                                        ",0,124,0,distratado,URBANIZACAO DE AREAS                      ,200010,0,,,,200010,0,0,5,I     ,,,,,,,,,,,,,,,,,,,,,8113880,,,,
raw/sharepoint/Canal FGTS/MC20260306.zip,MCidades_AO_1.mdb + AO_2.mdb + AO_3.mdb,0081118,0081118,62,1118140.2,1242378,06/30/98 00:00:00,1997,2,26,078,71766,53000,7180,01,D1,N,0059708,07,São Luis,226078001,OE 852/97,,MA,HAB / PRO-MORADIA                         ,VILA SAO LUIS                                               ,MUNICIPIO DE SAO LUIS                                       ,MUNICIPIO DE SAO LUIS                                       ,0500,AREA LOCALIZADA NO ITAQUI/BACANGA                                                                                       ,500,AREA LOCALIZADA NO ITAQUI/BACANGA                                                                                       ,0,118,0,distratado,URBANIZACAO DE AREAS                      ,200010,0,,,,200010,0,0,5,I     ,,,,,,,,,,,,,,,,,,,,,8111862,,,,
raw/sharepoint/Canal FGTS/MC20260306.zip,MCidades_AO_1.mdb + AO_2.mdb + AO_3.mdb,0081115,0081115,06,524713.52,808902.47,06/30/98 00:00:00,1997,2,26,078,71766,53000,7180,00,B2,N,0059712,80,São Luis,226078001,OE 849/97,,MA,HAB / PRO-MORADIA                         ,VILA ARIRI                                                  ,MUNICIPIO DE SAO LUIS                                       ,MUNICIPIO DE SAO LUIS                                       ,0500,EXECUCAO DE 500 LOTES URBANIZADOS NA LOCALIDADE CANUDOS/TER-RA LIVRE.                                                   ,0,EXECUCAO DE 500 LOTES URBANIZADOS NA LOCALIDADE CANUDOS/TER-RA LIVRE.                                                   ,0,0,0,em situação normal,URBANIZACAO DE AREAS                      ,201007,100,02/14/02 00:00:00,,,201007,0,100,6,      ,,07/05/10 00:00:00,8.0,524713.529296875,2007,,,,,,,,,,,,,,,,8111506,,,,
raw/sharepoint/Canal FGTS/MC20260306.zip,MCidades_AO_1.mdb + AO_2.mdb + AO_3.mdb,0081142,0081142,62,656989.61,925617.34,06/30/98 00:00:00,1997,2,26,078,71766,53000,7180,00,B2,N,0059714,29,São Luis,226078001,OE 853/97,,MA,HAB / PRO-MORADIA                         ,FLORESTA                                                    ,MUNICIPIO DE SAO LUIS                                       ,MUNICIPIO DE SAO LUIS                                       ,0500,EXECUCAO DE 600 LOTES URBANIZADOS NA LOCALIDADE CANUDOS/TER-RA LIVRE.                                                   ,0,EXECUCAO DE 600 LOTES URBANIZADOS NA LOCALIDADE CANUDOS/TER-RA LIVRE.                                                   ,0,100,0,em situação normal,URBANIZACAO DE AREAS                      ,201007,100,02/14/02 00:00:00,,,201007,0,100,6,      ,,07/05/10 00:00:00,8.0,656989.603515625,2007,,,,,,,,,,,,,,,,8114262,,,,
raw/sharepoint/Canal FGTS/MC20260306.zip,MCidades_AO_1.mdb + AO_2.mdb + AO_3.mdb,0081139,0081139,04,90326.74000000001,191123.82,06/30/98 00:00:00,1997,2,26,078,71766,53000,7180,00,B2,N,0059717,97,São Luis,226078001,OE 851/97,,MA,HAB / PRO-MORADIA                         ,CAMBOA                                                      ,MUNICIPIO DE SAO LUIS                                       ,MUNICIPIO DE SAO LUIS                                       ,0500,"CONSTRUCAO DE CRECHE/CENTRO COMUNITARIO, UMA QUADRA DE ESPORTES E TRABALHO SOCIAL NA COMUNIDADE CANUDOS TERRA LIVRE     ",60,"CONSTRUCAO DE CRECHE/CENTRO COMUNITARIO, UMA QUADRA DE ESPORTES E TRABALHO SOCIAL NA COMUNIDADE CANUDOS TERRA LIVRE     ",0,23,0,em situação normal,URBANIZACAO DE AREAS                      ,201007,100,12/17/02 00:00:00,,,201007,0,100,6,      ,,07/05/10 00:00:00,,,,,,,,,,,,,,,,,,,8113904,,,,
raw/sharepoint/Canal FGTS/MC20260306.zip,MCidades_AO_1.mdb + AO_2.mdb + AO_3.mdb,0081144,0081144,01,587072.29,652302.54,06/30/98 00:00:00,1997,2,26,019,71766,53000,7180,01,D1,N,0059719,36,São Luis,226019001,OE 811/97,,MA,HAB / PRO-MORADIA                         ,LAGOA DA JANSEN                                             ,MUNICIPIO DE SAO LUIS                                       ,MUNICIPIO DE SAO LUIS                                       ,0500,EMPREENDIMENTO LOCALIZADO NO BAIRRO PONTA D'AREIA                                                                       ,0,EMPREENDIMENTO LOCALIZADO NO BAIRRO PONTA D'AREIA                                                                       ,0,62,0,distratado,HAB / CESTA BASICA MAT E LOTE URB- CONJ   ,200010,0,,,,200010,0,0,5,I     ,,,,,,,,,,,,,,,,,,,,,8114401,,,,
raw/sharepoint/Canal FGTS/MC20260306.zip,MCidades_AO_1.mdb + AO_2.mdb + AO_3.mdb,0059811,0083824,59,932724.67,2103153.88,12/28/98 00:00:00,1998,2,26,018,71804,53000,7184,00,,N,0059811,80,Recife,226018001,OF 292/97 INST. COLEG,,PE,HAB / PRO-MORADIA                         ,JOSUE PINTO                                                 ,NOVA DESCOBERTA                                             ,RUA VEREADOR OTACILIO AZEVEDO                               ,1250,REALOCACAO DE 208 FAMILIAS DESABRIGADAS AOCUPANDO           ABRIGOS PUBLICOS                                            ,208,REALOCACAO DE 208 FAMILIAS DESABRIGADAS AOCUPANDO           ABRIGOS PUBLICOS                                            ,936,144,0,em situação normal,HAB / MORADIAS POPULARES                  ,200108,100,10/09/00 00:00:00,06/19/01 00:00:00,06/19/01 00:00:00,200106,100,100,6,      ,,,,,,,,,,,,,,,,,,,,,8382459,,,,
raw/sharepoint/Canal FGTS/MC20260306.zip,MCidades_AO_1.mdb + AO_2.mdb + AO_3.mdb,0084147,0084147,00,462794.44,514216.04,12/28/98 00:00:00,1998,2,26,018,71804,53000,7184,01,D1,N,0059812,04,Recife,226018001,OF 292/97 INST. COLEG,,PE,HAB / PRO-MORADIA                         ,ASA BRAANCA                                                 ,ZEIS TORROES                                                ,DIVERSOS                                                    ,1250,CONSTRUCOES DE UND HABITACIONAIS E INFRA ESTRUTURA          BENEFICIANDO 465 FAMILIAS                                   ,47,CONSTRUCOES DE UND HABITACIONAIS E INFRA ESTRUTURA          BENEFICIANDO 465 FAMILIAS                                   ,2092,49,0,distratado,HAB / MORADIAS POPULARES                  ,200012,0,,,,200012,0,0,5,B     ,,,,,,,,,,,,,,,,,,,,,8414700,,,,
raw/sharepoint/Canal FGTS/MC20260306.zip,MCidades_AO_1.mdb + AO_2.mdb + AO_3.mdb,0078725,0078725,97,2877680.94,3317552.6,06/17/98 00:00:00,1997,2,26,078,71065,53000,7180,00,B2,N,0059855,18,Fortaleza,226078001,CARTA CONSULTA 018/96-PM,,CE,HAB / PRO-MORADIA                         ,COSTA OESTE I                                               ,"PIRAMBU, BARRA DO CEARA                                     ","PIRAMBU, BARRA DO CEARA                                     ",0760,URBANIZA›AO FAVELA - COSTA OESTE I                                                                                      ,0,URBANIZA›AO FAVELA - COSTA OESTE I                                                                                      ,10000,334,0,em situação normal,URBANIZACAO DE AREAS                      ,200612,100,04/19/02 00:00:00,,,200612,100,100,6,      ,,,6.0,362176.349609375,2006,,,,,,,,,,,,,,,,7872597,,,,
raw/sharepoint/Canal FGTS/MC20260306.zip,MCidades_AO_1.mdb + AO_2.mdb + AO_3.mdb,0078732,0078732,33,4127319.38,5813216.57,06/17/98 00:00:00,1997,2,26,078,71065,53000,7180,00,B2,N,0059856,33,Fortaleza,226078001,CARTA CONSULTA 008/96-PM,,CE,HAB / PRO-MORADIA                         ,COSTA OESTE II                                              ,"PIRAMBU, BARRA DO CEARA                                     ","PIRAMBU, BARRA DO CEARA                                     ",0760,URBANIZA›AO FAVELA                                                                                                      ,0,URBANIZA›AO FAVELA                                                                                                      ,10000,449,0,em situação normal,URBANIZACAO DE AREAS                      ,201604,100,05/30/07 00:00:00,,,201604,100,100,6,      ,,04/13/16 00:00:00,18.0,4127319.38546875,2011,,,,,,,,,,,,,,,,7873233,,,,
raw/sharepoint/Canal FGTS/MC20260306.zip,MCidades_AO_1.mdb + AO_2.mdb + AO_3.mdb,0078736,0078736,25,5208606.26,6739815.44,06/17/98 00:00:00,1997,2,26,078,71065,53000,7180,00,B2,N,0059857,59,Fortaleza,226078001,CARTA CONSULTA 009/96-PM,,CE,HAB / PRO-MORADIA                         ,COSTA OESTE III                                             ,PIRAMBU                                                     ,PIRAMBU                                                     ,0760,URBANIZA›AO FAVELA                                                                                                      ,0,URBANIZA›AO FAVELA                                                                                                      ,10000,567,0,em situação normal,URBANIZACAO DE AREAS                      ,201604,100,05/30/07 00:00:00,,,201604,100,100,6,      ,,04/13/16 00:00:00,18.0,5208606.215,2011,,,,,,,,,,,,,,,,7873625,,,,
raw/sharepoint/Canal FGTS/MC20260306.zip,MCidades_AO_1.mdb + AO_2.mdb + AO_3.mdb,0078743,0078743,63,2608752.26,2898613.62,06/17/98 00:00:00,1997,2,26,018,71065,53000,7180,02,B2,N,0059861,30,Fortaleza,226018001,CARTA CONSULTA 013/96-PM,,CE,HAB / PRO-MORADIA                         ,ZEZA E TIJOLO                                               ,LAGOAS ZEZA E TIJOLO                                        ,LAGOAS ZEZA E TIJOLO                                        ,0760,URBANIZACAO DAS LAGOAS ZEZA E TIJOLO                                                                                    ,245,URBANIZACAO DAS LAGOAS ZEZA E TIJOLO                                                                                    ,0,0,0,cancelado,HAB / MORADIAS POPULARES                  ,200603,18.879999,10/13/04 00:00:00,,,200603,100,18.88,3,      ,,,,,,,,,,,,,,,,,,,,,7874363,,,,
raw/sharepoint/Canal FGTS/MC20260306.zip,MCidades_AO_1.mdb + AO_2.mdb + AO_3.mdb,0060124,0081486,56,1512236.1,1877153.64,06/30/98 00:00:00,1997,2,26,014,71514,53000,7176,00,,N,0060124,39,CAMPINAS,226014001,SP-0797-0203,,SP,HAB / PRO-MORADIA                         ,BARROCAO                                                    ,SANTA BARBARA D`OESTE                                       ,BAIRRO BARROCAO                                             ,3298,LOTE URBANIZADO NO BAIRRO BARROCAO                                                                                      ,0,LOTE URBANIZADO NO BAIRRO BARROCAO                                                                                      ,0,215,0,em situação normal,HAB / PRODUCAO UNID HAB E/OU LOTE URBAN   ,200310,100,12/01/99 00:00:00,10/01/03 00:00:00,10/01/03 00:00:00,200310,0,100,6,J     ,,,,,,,,,,,,,,,,,,,,,8148656,,,,
raw/sharepoint/Canal FGTS/MC20260306.zip,MCidades_AO_1.mdb + AO_2.mdb + AO_3.mdb,0060350,0081461,20,90877.21000000001,235219.83,06/30/98 00:00:00,1997,2,26,078,71332,53000,7185,00,,N,0060350,22,Rio de Janeiro,226078001,,,RJ,HAB / PRO-MORADIA                         ,FAZ. COQUEIROS                                              ,SENADOR CAMARA                                              ,RIO DE JANEIRO                                              ,2810,URBANIZACAO DE AREAS EM FAVELAS                                                                                         ,0,URBANIZACAO DE AREAS EM FAVELAS                                                                                         ,0,1060,0,em situação normal,URBANIZACAO DE AREAS                      ,200605,100,10/02/00 00:00:00,07/02/06 00:00:00,,200208,0,12,3,O     ,,,,,,,,,,,,,,,,,,,,,8146120,,,,
raw/sharepoint/Canal FGTS/MC20260306.zip,MCidades_AO_1.mdb + AO_2.mdb + AO_3.mdb,0060351,0081463,61,6318936.91,7021525.99,06/30/98 00:00:00,1997,2,26,078,71332,53000,7185,00,,N,0060351,47,Rio de Janeiro,226078001,,,RJ,HAB / PRO-MORADIA                         ,RIO PEDRAS HAB.                                             ,FAVELA DO RIO DAS PEDRAS - JACAREPAGUA                      ,RIO DE JANEIRO                                              ,2810,URBANIZACAO DE AREAS NA FAVELA DE RIO DAS PEDRAS                                                                        ,0,URBANIZACAO DE AREAS NA FAVELA DE RIO DAS PEDRAS                                                                        ,0,2627,0,em situação normal,URBANIZACAO DE AREAS                      ,201004,100,11/23/99 00:00:00,,,200412,100,45.19,3,      ,,,,,,,,,,,,,,,,,,,,,8146361,,,,
raw/sharepoint/Canal FGTS/MC20260306.zip,MCidades_AO_1.mdb + AO_2.mdb + AO_3.mdb,0060634,0077718,33,3234510,4383507,05/28/98 00:00:00,1997,2,26,078,71134,53000,7175,00,,N,0060634,51,Brasília,226078001,URB/RECANTO DAS EMAS,,DF,HAB / PRO-MORADIA                         ,R. DAS EMAS                                                 ,RECANTO DAS EMAS/DF                                         ,RECANTO DAS EMAS/DF                                         ,4495,COMPLEMENTACAO DAS REDES DE AGUA E ESGOTO DE RECANTO DAS    EMAS                                                        ,0,COMPLEMENTACAO DAS REDES DE AGUA E ESGOTO DE RECANTO DAS    EMAS                                                        ,0,418,0,em situação normal,URBANIZACAO DE AREAS                      ,200104,100,06/01/98 00:00:00,04/30/01 00:00:00,05/30/01 00:00:00,200104,0,100,6,      ,,,,,,,,,,,,,,,,,,,,,7771833,,,,
raw/sharepoint/Canal FGTS/MC20260306.zip,MCidades_AO_1.mdb + AO_2.mdb + AO_3.mdb,0077723,0077723,30,330300,367000,05/28/98 00:00:00,1997,2,26,078,71134,53000,7175,01,D1,N,0060637,27,Brasília,226078001,URB/VILA VARJAO,,DF,HAB / PRO-MORADIA                         ,VILA VARJAO                                                 ,VILA VARJAO/DF                                              ,VILA VARJAO/DF                                              ,4495,COMPLEMENTACAO DA REDE DE ESGOTO DE VILA VARJAO                                                                         ,0,COMPLEMENTACAO DA REDE DE ESGOTO DE VILA VARJAO                                                                         ,0,35,0,distratado,URBANIZACAO DE AREAS                      ,200205,0,,,,200205,0,0,5,LJ    ,,,,,,,,,,,,,,,,,,,,,7772330,,,,
raw/sharepoint/Canal FGTS/MC20260306.zip,MCidades_AO_1.mdb + AO_2.mdb + AO_3.mdb,0077040,0077040,46,82755.98,92984.25,05/18/98 00:00:00,1997,2,26,018,71066,53000,7178,01,D1,N,0060730,96,Curitiba,226018001,OF 3270/SEPH/97,,PR,HAB / PRO-MORADIA                         ,CANASVIEIRAS II - 14 UNID.                                  ,PONTAL DO PARANA                                            ,PONTAL DO PARANA                                            ,5414,PROD. DE CONJ. HAB.                                                                                                     ,14,PROD. DE CONJ. HAB.                                                                                                     ,0,9,0,distratado,HAB / MORADIAS POPULARES                  ,199810,0,,,,199810,0,0,5,      ,,,,,,,,,,,,,,,,,,,,,7704046,,,,
raw/sharepoint/Canal FGTS/MC20260306.zip,MCidades_AO_1.mdb + AO_2.mdb + AO_3.mdb,0081039,0081714,01,673824.59,1385264.99,06/30/98 00:00:00,1997,2,26,078,71718,53000,7181,00,,N,0081039,80,Goiânia,226078001,,,GO,HAB / PRO-MORADIA                         ,JD. GOIAS II                                                ,"AREA PROXIMA A AV. ""A"" DO JD. GOIAS, GOIANIA/GO             ","PROXIMO A AV. ""A"" DO JD. GOIAS, GOIANIA/GO.                 ",4260,"URBANIZACAO DA AREA DE POSSE PROXIMO A AVENIDA ""A' DO JD.GOIAS, NO MUNICIPIO DE GOIANIA/GO.____________________________ ",80,"URBANIZACAO DA AREA DE POSSE PROXIMO A AVENIDA ""A' DO JD.GOIAS, NO MUNICIPIO DE GOIANIA/GO.____________________________ ",2205,224,0,em situação normal,URBANIZACAO DE AREAS                      ,201312,100,04/11/00 00:00:00,01/01/14 00:00:00,,200110,0,46.78,2,      ,,,,,,,,,,,,,,,,,,,,,8171401,,,,
raw/sharepoint/Canal FGTS/MC20260306.zip,MCidades_AO_1.mdb + AO_2.mdb + AO_3.mdb,0119588,0119588,02,53171.31,69487.84,05/14/97 00:00:00,1996,2,26,078,71051,53000,7186,00,B2,N,0119584,66,Salvador,226078002,OF 359/96 ASPLAN/SRHSH,,BA,HAB / PRO-MORADIA                         ,"JAGUARIPE I, ETAPA I, SETOR B                               ",COMPLEXO HABITACIONA  CAJAZEIRAS/FAZENDA GRANDE             ,MARGEM DIREITA DA RUA A                                     ,1600,SALDO CREDOR DO CONTRATO 39.275-53                                                                                      ,352,SALDO CREDOR DO CONTRATO 39.275-53                                                                                      ,0,7,0,em situação normal,URBANIZACAO DE AREAS                      ,200107,100,05/19/97 00:00:00,02/28/00 00:00:00,,200107,100,100,6,W     ,,,,,,,,,,,,,,,,,,,,,11958802,,,,
raw/sharepoint/Canal FGTS/MC20260306.zip,MCidades_AO_1.mdb + AO_2.mdb + AO_3.mdb,0119611,0119611,91,54446.12,68038.61,05/14/97 00:00:00,1996,2,26,078,71051,53000,7186,00,B2,N,0119607,30,Salvador,226078002,OF 359/96 ASPLAN/SRHSH BA,,BA,HAB / PRO-MORADIA                         ,BAIXA DO CAJUEIRO                                           ,AV SUBURBANA DE SALVADOR/BA                                 ,AV SUBURBANA                                                ,1600,SALDO CREDOR DO CONTRATO 39.242-53                                                                                      ,60,SALDO CREDOR DO CONTRATO 39.242-53                                                                                      ,0,8,0,em situação normal,URBANIZACAO DE AREAS                      ,200107,100,06/05/97 00:00:00,08/30/01 00:00:00,,200107,100,100,6,W     ,,,,,,,,,,,,,,,,,,,,,11961191,,,,
raw/sharepoint/Canal FGTS/MC20260306.zip,MCidades_AO_1.mdb + AO_2.mdb + AO_3.mdb,0119619,0119619,74,176014.57,229901.52,06/30/98 00:00:00,1998,2,26,078,82792,53000,7178,00,B2,N,0119608,44,,226078002,,,PR,HAB / PRO-MORADIA                         ,NUCLEO HABITACIONAL 50 MORADIAS                             ,MUNICIPIO DE TIBAGI                                         ,MUNICIPIO DE TIBAGI                                         ,3694,SALDO CREDOR                                                                                                            ,50,SALDO CREDOR                                                                                                            ,0,22,0,em situação normal,URBANIZACAO DE AREAS                      ,200209,100,12/01/98 00:00:00,09/30/02 00:00:00,10/30/02 00:00:00,200209,0,100,6,      ,,,,,,,,,,,,,,,,,,,,,11961974,,,,
raw/sharepoint/Canal FGTS/MC20260306.zip,MCidades_AO_1.mdb + AO_2.mdb + AO_3.mdb,0119650,0119650,79,552047.24,1041376.83,06/30/98 00:00:00,1997,2,26,018,71332,53000,7185,00,B2,N,0119631,30,Rio de Janeiro,226018002,,,RJ,HAB / PRO-MORADIA                         ,NOVO HORIZONTE                                              ,"ESTRADA DOS BANDEIRANTES, 11.227                            ",JACAREPAGUA                                                 ,2810,SALDO CREDOR CT 59518-72                                                                                                ,400,SALDO CREDOR CT 59518-72                                                                                                ,0,88,0,em situação normal,HAB / MORADIAS POPULARES                  ,200312,100,09/17/98 00:00:00,12/30/03 00:00:00,12/30/03 00:00:00,200312,0,100,6,      ,,,,,,,,,,,,,,,,,,,,,11965079,,,,
raw/sharepoint/Canal FGTS/MC20260306.zip,MCidades_AO_1.mdb + AO_2.mdb + AO_3.mdb,0119739,0119739,27,230246.17,230246.17,06/29/98 00:00:00,1997,2,26,078,71037,53000,7173,00,B2,N,0119634,63,Belém,226078002,CI GEAVO/GECOA/GECIJ 007,,PA,HAB / PRO-MORADIA                         ,ANANINDEUA/COHAB/N JERUSALEM/PRO-MORADIA98/URB AREA/S CREDOR,ANANINDEUA/COHAB/N JERUSALEM/PRO-MORADIA98/URB AREA/S CREDOR,ESTRADA DO CURUCAMBA                                        ,0408,INFRA EM AREA INVADIDA / SALDO CREDOR                                                                                   ,0,INFRA EM AREA INVADIDA / SALDO CREDOR                                                                                   ,0,22,0,em situação normal,URBANIZACAO DE AREAS                      ,200201,100,06/01/98 00:00:00,12/30/01 00:00:00,,200201,0,100,6,      ,,,,,,,,,,,,,,,,,,,,,11973927,,,,
raw/sharepoint/Canal FGTS/MC20260306.zip,MCidades_AO_1.mdb + AO_2.mdb + AO_3.mdb,0119657,0119657,47,25676.94,28594.17,06/24/96 00:00:00,1996,2,26,002,72392,53000,7183,00,B2,N,0119643,74,CAXIAS DO SUL,226002002,,,RS,HAB / PRO-MORADIA                         ,PEROLA II                                                   ,FLORES DA CUNHA                                             ,FLORES DA CUNHA                                             ,4001,"""SALDO CREDOR"" - CONSTRUCAO DE 103 UNIDADES HABITACIONAIS   DO CT ORIGINAL 35605-39, ORA TRANSFERIDO PARA EMGEA         ",103,"""SALDO CREDOR"" - CONSTRUCAO DE 103 UNIDADES HABITACIONAIS   DO CT ORIGINAL 35605-39, ORA TRANSFERIDO PARA EMGEA         ",0,4,0,em situação normal,URBANIZ. AREAS OCUPADAS POR SUB-HABITACAO ,200111,100,09/01/96 00:00:00,11/01/01 00:00:00,11/01/01 00:00:00,200111,100,100,6,      ,,,,,,,,,,,,,,,,,,,,,11965747,,,,
raw/sharepoint/Canal FGTS/MC20260306.zip,MCidades_AO_1.mdb + AO_2.mdb + AO_3.mdb,0119726,0119726,71,45222.16,45222.17,04/30/98 00:00:00,1997,2,26,014,71966,53000,7176,00,B2,N,0119651,83,PIRACICABA,226014002,,,SP,HAB / PRO-MORADIA                         ,JARDIM YPE VIII                                             ,MUNICIPIO DE MOGI GUACU                                     ,JARDIM YPE VIII                                             ,3147,SALDO CREDOR 58989/31                                                                                                   ,0,SALDO CREDOR 58989/31                                                                                                   ,0,4,0,em situação normal,HAB / PRODUCAO UNID HAB E/OU LOTE URBAN   ,200110,100,10/18/99 00:00:00,10/30/01 00:00:00,,200110,0,100,6,      ,,,,,,,,,,,,,,,,,,,,,11972671,,,,
raw/sharepoint/Canal FGTS/MC20260306.zip,MCidades_AO_1.mdb + AO_2.mdb + AO_3.mdb,0119727,0119727,85,55304.36,86988.36,06/30/98 00:00:00,1997,2,26,014,71966,53000,7176,00,B2,N,0119660,94,PIRACICABA,226014002,,,SP,HAB / PRO-MORADIA                         ,JARDIM BOA VISTA                                            ,MUNICIPIO DE MOGI GUACU                                     ,JD BOA VISTA                                                ,3147,SALDO CREDOR 58981/60                                                                                                   ,0,SALDO CREDOR 58981/60                                                                                                   ,0,8,0,em situação normal,HAB / PRODUCAO UNID HAB E/OU LOTE URBAN   ,200111,100,05/18/00 00:00:00,10/30/01 00:00:00,,200111,0,100,6,      ,,,,,,,,,,,,,,,,,,,,,11972785,,,,
raw/sharepoint/Canal FGTS/MC20260306.zip,MCidades_AO_1.mdb + AO_2.mdb + AO_3.mdb,0119730,0119730,30,28662.68,28662.69,04/30/98 00:00:00,1997,2,26,014,71966,53000,7176,00,B2,N,0119664,39,PIRACICABA,226014002,,,SP,HAB / PRO-MORADIA                         ,JARDIM YPE VI                                               ,MUNICIPIO DE MOGI GUACU                                     ,JARDIM YPE VI                                               ,3147,SALDO CREDOR  58987/92                                                                                                  ,0,SALDO CREDOR  58987/92                                                                                                  ,0,3,0,em situação normal,HAB / PRODUCAO UNID HAB E/OU LOTE URBAN   ,200110,100,10/18/99 00:00:00,10/30/01 00:00:00,,200110,0,100,6,      ,,,,,,,,,,,,,,,,,,,,,11973030,,,,
raw/sharepoint/Canal FGTS/MC20260306.zip,MCidades_AO_1.mdb + AO_2.mdb + AO_3.mdb,0119741,0119741,60,89103.03,89103.03999999999,04/30/98 00:00:00,1997,2,26,014,71966,53000,7176,00,B2,N,0119665,44,PIRACICABA,226014002,,,SP,HAB / PRO-MORADIA                         ,JARDIM YPE V                                                ,MUNICIPIO DE MOGI GUACU                                     ,JARDIM YPE V                                                ,3147,SALDO CREDOR   58986/77                                                                                                 ,0,SALDO CREDOR   58986/77                                                                                                 ,0,9,0,em situação normal,HAB / PRODUCAO UNID HAB E/OU LOTE URBAN   ,200111,100,10/18/99 00:00:00,10/30/01 00:00:00,,200111,0,100,6,      ,,,,,,,,,,,,,,,,,,,,,11974160,,,,
raw/sharepoint/Canal FGTS/MC20260306.zip,MCidades_AO_1.mdb + AO_2.mdb + AO_3.mdb,0119734,0119734,77,87679.39,97421.53999999999,05/05/98 00:00:00,1997,2,26,078,71051,53000,7186,00,B2,N,0119671,22,Salvador,226078002,OF 279/97 INST.COLEGIADA,,BA,HAB / PRO-MORADIA                         ,"COMUNIDADE SEVERIANO MOITINHO, EM IRECE/BA                  ",IRECE                                                       ,BAIRRO SEVERIANO MOITINHO                                   ,1747,SALDO CREDOR DO CONTRATO 40.714-05-IRECE/SEVERIANO MOITINHO                                                             ,0,SALDO CREDOR DO CONTRATO 40.714-05-IRECE/SEVERIANO MOITINHO                                                             ,0,11,0,em situação normal,URBANIZACAO DE AREAS                      ,200202,100,09/02/98 00:00:00,02/19/02 00:00:00,,200202,100,100,6,W     ,,,,,,,,,,,,,,,,,,,,,11973477,,,,
raw/sharepoint/Canal FGTS/MC20260306.zip,MCidades_AO_1.mdb + AO_2.mdb + AO_3.mdb,0119773,0119773,55,8432310.800000001,11596936.06,05/19/97 00:00:00,1997,2,26,078,71332,53000,7185,00,B2,N,0119760,07,Rio de Janeiro,226078002,,,RJ,HAB / PRO-MORADIA                         ,JACAREZINHO                                                 ,RIO DE JANEIRO                                              ,JACAREZINHO                                                 ,2810,SALDO CREDOR DO CT 40228-95                                                                                             ,0,SALDO CREDOR DO CT 40228-95                                                                                             ,0,1114,0,em situação normal,URBANIZACAO DE AREAS                      ,200805,100,07/01/99 00:00:00,,,200805,0,100,6,      ,,,17.0,7434476.04234375,2008,,,,,,,,,,,,,,,,11977355,,,,
raw/sharepoint/Canal FGTS/MC20260306.zip,MCidades_AO_1.mdb + AO_2.mdb + AO_3.mdb,0119850,0119850,97,109072.6,140344.21,12/29/95 00:00:00,1995,2,26,002,71065,53000,7180,00,B2,N,0119841,74,Fortaleza,226002002,,,CE,HAB / PRO-MORADIA                         ,URB /CONST.06 COMPANHEIROS                                  ,FORTALEZA                                                   ,FORTALEZA                                                   ,0760,SALDO CREDOR                                                                                                            ,178,SALDO CREDOR                                                                                                            ,0,29,0,em situação normal,URBANIZ. AREAS OCUPADAS POR SUB-HABITACAO ,200107,100,09/10/97 00:00:00,05/30/01 00:00:00,06/30/01 00:00:00,200107,0,100,6,      ,,,,,,,,,,,,,,,,,,,,,11985097,,,,
raw/sharepoint/Canal FGTS/MC20260306.zip,MCidades_AO_1.mdb + AO_2.mdb + AO_3.mdb,0119881,0119881,66,343208.21,619508.33,12/16/96 00:00:00,1996,2,26,002,71057,53000,7175,00,B2,N,0119866,77,Brasília,226002002,,,DF,HAB / PRO-MORADIA                         ,PRO-MORADIA-SALDO CREDOR DO CR 38214-57                     ,DISTRITO FEDERAL                                            ,VILA VARJAO                                                 ,4495,"SALDO CREDOR DO CT 38214-57 CUJO AGENTE OPERADOR FOI SUBSTI-TUIDO PELA EMGEA, CONF. CI GEAVO/GECOA/GECIJ 007/2001.      ",196,"SALDO CREDOR DO CT 38214-57 CUJO AGENTE OPERADOR FOI SUBSTI-TUIDO PELA EMGEA, CONF. CI GEAVO/GECOA/GECIJ 007/2001.      ",0,59,0,em situação normal,URBANIZ. AREAS OCUPADAS POR SUB-HABITACAO ,200110,100,07/31/01 00:00:00,10/30/01 00:00:00,11/30/01 00:00:00,200110,0,100,6,      ,,,,,,,,,,,,,,,,,,,,,11988166,,,,
raw/sharepoint/Canal FGTS/MC20260306.zip,MCidades_AO_1.mdb + AO_2.mdb + AO_3.mdb,0119905,0119905,44,7817.71,7817.71,06/28/96 00:00:00,1996,2,26,002,68463,53000,7172,00,B2,N,0119902,11,SAO JOSE DO RIO PRETO,226002002,,,SP,HAB / PRO-MORADIA                         ,PRO-MORADIA PREF MUNIC DE PONTALINDA/SP                     ,PONTALINDA/SP                                               ,PONTALINDA/SP                                               ,5140,SALDO CREDOR. PRODUCAO DE 50 UNIDADES HABITACIONAIS E       SALDO CREDOR.                                               ,0,SALDO CREDOR. PRODUCAO DE 50 UNIDADES HABITACIONAIS E       SALDO CREDOR.                                               ,0,1,0,em situação normal,URBANIZ. AREAS OCUPADAS POR SUB-HABITACAO ,200107,100,07/01/01 00:00:00,08/01/01 00:00:00,,200107,0,100,6,      ,,,,,,,,,,,,,,,,,,,,,11990544,,,,
raw/sharepoint/Canal FGTS/MC20260306.zip,MCidades_AO_1.mdb + AO_2.mdb + AO_3.mdb,0120139,0120139,80,22317.05,22317.05,06/30/97 00:00:00,1997,2,26,018,71121,53000,7183,00,B2,N,0120136,58,CAXIAS DO SUL,226018002,,,RS,HAB / PRO-MORADIA                         ,LOTEAMENTO POPULAR MARIANI I                                ,CAXIAS DO SUL                                               ,CAXIAS DO SUL                                               ,3970,"""SALDO CREDOR"" - CONSTRUCAO DE 290 UNIDADES HABITACIONAIS   REESTRUTURACAO CAIXA(39394-69)                              ",290,"""SALDO CREDOR"" - CONSTRUCAO DE 290 UNIDADES HABITACIONAIS   REESTRUTURACAO CAIXA(39394-69)                              ",0,12,0,em situação normal,HAB / MORADIAS POPULARES                  ,200405,100,08/01/01 00:00:00,05/12/04 00:00:00,,200405,100,100,6,      ,,,,,,,,,,,,,,,,,,,,,12013980,,,,
raw/sharepoint/Canal FGTS/MC20260306.zip,MCidades_AO_1.mdb + AO_2.mdb + AO_3.mdb,0120172,0120172,02,860759.75,987650.27,06/30/98 00:00:00,1997,2,26,078,71741,53000,7176,00,B2,N,0120170,85,PIRACICABA,226078002,,,SP,HAB / PRO-MORADIA                         ,BOSQUES DO LENHEIRO                                         ,MUNICIPIO DE PIRACICABA                                     ,BAIRRO GUAMIUM                                              ,3227,SALDO CREDOR   59634-22                                                                                                 ,1370,SALDO CREDOR   59634-22                                                                                                 ,0,82,0,em situação normal,URBANIZACAO DE AREAS                      ,200407,100,04/01/99 00:00:00,04/30/04 00:00:00,,200407,0,100,6,      ,,,3.0,643175.078125,2004,,,,,,,,,,,,,,,,12017202,,,,
raw/sharepoint/Canal FGTS/MC20260306.zip,MCidades_AO_1.mdb + AO_2.mdb + AO_3.mdb,0120194,0120194,61,28047.35,28047.35,06/29/98 00:00:00,1997,2,26,018,71654,53000,7174,00,B2,N,0120174,20,POCOS DE CALDAS,226018002,,,MG,HAB / PRO-MORADIA                         ,CONJ. S.SEBASTIAO II 0 SD RESIDUAL                          ,BAIRRO SAO SEBASTIAO                                        ,POCOS DE CALDAS                                             ,2467,SALDO RESIDUAL CTR 0040996-71 TRANSF.P/ EMGEA_ EM 01/08/2001CONSTR 260 U.H. NO BAIRRO S.SEBASTIAO                       ,260,SALDO RESIDUAL CTR 0040996-71 TRANSF.P/ EMGEA_ EM 01/08/2001CONSTR 260 U.H. NO BAIRRO S.SEBASTIAO                       ,0,5,0,em situação normal,HAB / MORADIAS POPULARES                  ,200111,100,10/29/98 00:00:00,11/30/01 00:00:00,,200111,100,100,6,W     ,,,,,,,,,,,,,,,,,,,,,12019461,,,,
raw/sharepoint/Canal FGTS/MC20260306.zip,MCidades_AO_1.mdb + AO_2.mdb + AO_3.mdb,0120190,0120190,24,35954.37,38924.63,06/19/98 00:00:00,1997,2,26,018,68656,53000,7183,00,B2,N,0120188,83,Passo Fundo,226018002,RS009M 07/97,,RS,HAB / PRO-MORADIA                         ,ESPERANCA II                                                ,MUNICIPIO DE BARROS CASSAL                                  ,MUNICIPIO DE BARROS CASSAL                                  ,3940,"SALDO CREDOR CONTRATO 005912387, PRODUCAO DE UNIDADES HABITACIONAIS                                                     ",16,"SALDO CREDOR CONTRATO 005912387, PRODUCAO DE UNIDADES HABITACIONAIS                                                     ",0,9,0,em situação normal,HAB / MORADIAS POPULARES                  ,200209,100,03/01/00 00:00:00,02/17/02 00:00:00,03/17/02 00:00:00,200209,100,100,6,      ,,,,,,,,,,,,,,,,,,,,,12019024,,,,
raw/sharepoint/Canal FGTS/MC20260306.zip,MCidades_AO_1.mdb + AO_2.mdb + AO_3.mdb,0120209,0120209,38,5734.71,9588.07,05/28/98 00:00:00,1997,2,26,018,71051,53000,7186,00,B2,N,0120201,56,Salvador,226018002,OF 114/97-GASEC,,BA,HAB / PRO-MORADIA                         ,CAJI 3-B/VIDA NOVA                                          ,LAURO DE FREITAS/BA                                         ,CONJUNTO VIDA NOVA                                          ,1793,"SALDO CREDOR DO CT-58.549-14 - CAJI I, 3A FASE, L.DE FREITAS                                                            ",296,"SALDO CREDOR DO CT-58.549-14 - CAJI I, 3A FASE, L.DE FREITAS                                                            ",0,1,0,em situação normal,HAB / MORADIAS POPULARES                  ,200108,100,08/10/98 00:00:00,12/30/01 00:00:00,,200108,100,100,6,W     ,,,,,,,,,,,,,,,,,,,,,12020938,,,,
raw/sharepoint/Canal FGTS/MC20260306.zip,MCidades_AO_1.mdb + AO_2.mdb + AO_3.mdb,0120211,0120211,71,135834.25,161790.47,05/14/97 00:00:00,1996,2,26,078,71051,53000,7186,00,B2,N,0120208,24,Salvador,226078002,OF 359/96-ASPLAN/SRHSH,,BA,HAB / PRO-MORADIA                         ,NOVA SUSSUARANA I                                           ,SALVADOR/BA                                                 ,BAIRRO SUSSUARANA                                           ,1600,SALDO CREDOR DO CT-39.248-85-NOVA SUSSUARANA I/SALVADOR/BA                                                              ,120,SALDO CREDOR DO CT-39.248-85-NOVA SUSSUARANA I/SALVADOR/BA                                                              ,0,15,0,em situação normal,URBANIZACAO DE AREAS                      ,200201,100,06/05/97 00:00:00,01/26/02 00:00:00,,200201,100,100,6,W     ,,,,,,,,,,,,,,,,,,,,,12021171,,,,
raw/sharepoint/Canal FGTS/MC20260306.zip,MCidades_AO_1.mdb + AO_2.mdb + AO_3.mdb,0120220,0120220,82,90176.00999999999,135603.02,03/26/98 00:00:00,1997,2,26,078,71332,53000,7185,00,B2,N,0120218,49,Rio de Janeiro,226078002,,,RJ,HAB / PRO-MORADIA                         ,VICTOR BRECHERET                                            ,RIO DE JANEIRO                                              ,RIO DE JANEIRO                                              ,2810,SALDO CREDOR CT 59498-27                                                                                                ,0,SALDO CREDOR CT 59498-27                                                                                                ,0,13,0,em situação normal,URBANIZACAO DE AREAS                      ,200204,100,07/01/98 00:00:00,11/30/01 00:00:00,12/30/01 00:00:00,200204,0,100,6,      ,,,,,,,,,,,,,,,,,,,,,12022082,,,,
raw/sharepoint/Canal FGTS/MC20260306.zip,MCidades_AO_1.mdb + AO_2.mdb + AO_3.mdb,0120248,0120248,04,21281.53,32515.7,03/26/98 00:00:00,1997,2,26,078,71332,53000,7185,00,B2,N,0120224,27,Rio de Janeiro,226078002,,,RJ,HAB / PRO-MORADIA                         ,ESTRADA DO FONTINHA                                         ,RIO DE JANEIRO                                              ,RIO DE JANEIRO                                              ,2810,SALDO CREDOR  CT 59501-10                                                                                               ,0,SALDO CREDOR  CT 59501-10                                                                                               ,0,3,0,em situação normal,URBANIZACAO DE AREAS                      ,200202,100,07/01/98 00:00:00,11/30/01 00:00:00,12/30/01 00:00:00,200202,100,100,6,      ,,,,,,,,,,,,,,,,,,,,,12024804,,,,
raw/sharepoint/Canal FGTS/MC20260306.zip,MCidades_AO_1.mdb + AO_2.mdb + AO_3.mdb,0120266,0120266,38,19052.22,370517.08,03/26/98 00:00:00,1997,2,26,078,71332,53000,7185,00,B2,N,0120265,24,Rio de Janeiro,226078002,,,RJ,HAB / PRO-MORADIA                         ,PEREIRA DA SILVA                                            ,RIO DE JANEIRO                                              ,RIO DE JANEIRO                                              ,2810,SALDO CREDOR CT 59497-02                                                                                                ,0,SALDO CREDOR CT 59497-02                                                                                                ,0,56,0,em situação normal,URBANIZACAO DE AREAS                      ,200809,100,08/23/99 00:00:00,,,200809,100,100,6,      ,,12/31/07 00:00:00,,,,,,,,,,,,,,,,,,,12026638,,,,
raw/sharepoint/Canal FGTS/MC20260306.zip,MCidades_AO_1.mdb + AO_2.mdb + AO_3.mdb,0121517,0121517,84,11863.69,11863.69,05/18/98 00:00:00,1997,2,26,018,71066,53000,7178,02,B2,N,0121407,54,Curitiba,226018002,,,PR,HAB / PRO-MORADIA                         ,MORADIAS ALIANCA - MUNICIPIO DE IMBITUVA                    ,MUNICIPIO DE IMBITUVA                                       ,NAO INFORMADO                                               ,3521,SALDO CREDOR CT ORIGINAL 43215-58 PRODUCAO CONJ HABITACIONAL                                                            ,87,SALDO CREDOR CT ORIGINAL 43215-58 PRODUCAO CONJ HABITACIONAL                                                            ,0,1,0,cancelado,HAB / MORADIAS POPULARES                  ,200008,100,09/02/98 00:00:00,08/02/00 00:00:00,08/02/00 00:00:00,200008,0,100,6,      ,,,,,,,,,,,,,,,,,,,,,12151784,,,,
raw/sharepoint/Canal FGTS/MC20260306.zip,MCidades_AO_1.mdb + AO_2.mdb + AO_3.mdb,0121520,0121520,39,9535.58,9535.58,05/18/98 00:00:00,1997,2,26,018,71066,53000,7178,02,B2,N,0121410,09,Curitiba,226018002,,,PR,HAB / PRO-MORADIA                         ,MORADIAS ANDORINHAS - MUNICIPIO ARAPONGAS                   ,MUNICIPIO DE ARAPONGAS                                      ,NAO INFORMADO                                               ,3435,SALDO CREDOT CT ORIGINAL 44647-25 PRODUCAO CONJ HABITACIONAL                                                            ,94,SALDO CREDOT CT ORIGINAL 44647-25 PRODUCAO CONJ HABITACIONAL                                                            ,0,1,0,cancelado,HAB / MORADIAS POPULARES                  ,200012,100,09/01/98 00:00:00,12/01/99 00:00:00,01/01/00 00:00:00,200012,0,100,6,      ,,,,,,,,,,,,,,,,,,,,,12152039,,,,
raw/sharepoint/Canal FGTS/MC20260306.zip,MCidades_AO_1.mdb + AO_2.mdb + AO_3.mdb,0121526,0121526,95,5286.46,5286.46,05/18/98 00:00:00,1997,2,26,018,71066,53000,7178,02,B2,N,0121413,31,Curitiba,226018002,,,PR,HAB / PRO-MORADIA                         ,MORADIAS ANTILHAS - MUNICIPIO DE NOVA CANTU                 ,MUNICIPIO DE NOVA CANTU                                     ,NAO INFORMADO                                               ,3588,SALDO CREDOR CT ORIGINAL 60723-46 PRODUCAO CONJ HABITACIONAL                                                            ,40,SALDO CREDOR CT ORIGINAL 60723-46 PRODUCAO CONJ HABITACIONAL                                                            ,0,1,0,cancelado,HAB / MORADIAS POPULARES                  ,200012,100,09/02/98 00:00:00,06/02/00 00:00:00,08/02/00 00:00:00,200012,0,100,6,      ,,,,,,,,,,,,,,,,,,,,,12152695,,,,
raw/sharepoint/Canal FGTS/MC20260306.zip,MCidades_AO_1.mdb + AO_2.mdb + AO_3.mdb,0121560,0121560,21,650,650,05/18/98 00:00:00,1997,2,26,018,71066,53000,7178,02,B2,N,0121417,79,Curitiba,226018002,,,PR,HAB / PRO-MORADIA                         ,MORADIAS BEIJA-FLOR - MUNICIPIO DE ARARUNA                  ,MUNICIPIO DE ARARUNA/PR                                     ,NAO INFORMADO                                               ,3437,SALDO CREDOR CT ORIGINAL 60728-54 PRODUCAO CONJ HABITACIONAL                                                            ,54,SALDO CREDOR CT ORIGINAL 60728-54 PRODUCAO CONJ HABITACIONAL                                                            ,0,0,0,cancelado,HAB / MORADIAS POPULARES                  ,200012,100,09/01/98 00:00:00,12/01/99 00:00:00,01/01/00 00:00:00,200012,0,100,6,      ,,,,,,,,,,,,,,,,,,,,,12156021,,,,
raw/sharepoint/Canal FGTS/MC20260306.zip,MCidades_AO_1.mdb + AO_2.mdb + AO_3.mdb,0121544,0121544,15,3769.63,3769.63,05/18/98 00:00:00,1997,2,26,018,71066,53000,7178,02,B2,N,0121418,83,Curitiba,226018002,,,PR,HAB / PRO-MORADIA                         ,MORADIAS BELA VISTA - MUNICIPIO DE VENTANIA                 ,MUNICIPIO DE VENTANIA/PR                                    ,NAO INFORMADO                                               ,4882,SALDO CREDOR CT ORIGINAL 44542-94 PRODUCAO CONJ HABITACIONAL                                                            ,27,SALDO CREDOR CT ORIGINAL 44542-94 PRODUCAO CONJ HABITACIONAL                                                            ,0,0,0,cancelado,HAB / MORADIAS POPULARES                  ,200012,100,09/01/98 00:00:00,10/30/00 00:00:00,10/31/00 00:00:00,200012,0,100,6,      ,,,,,,,,,,,,,,,,,,,,,12154415,,,,
raw/sharepoint/Canal FGTS/MC20260306.zip,MCidades_AO_1.mdb + AO_2.mdb + AO_3.mdb,0121530,0121530,55,1168.84,1168.84,05/18/98 00:00:00,1997,2,26,018,71066,53000,7178,02,B2,N,0121421,38,Curitiba,226018002,,,PR,HAB / PRO-MORADIA                         ,MORADIAS BELA VISTA - MUNICIPIO DE GOIOXIM                  ,MUNICIPIO DE GOIOXIM/PR                                     ,NAO INFORMADO                                               ,5408,SALDO CREDOR CT ORIGINAL 43207-84 PRODUCAO CONJ HABITACIONAL                                                            ,9,SALDO CREDOR CT ORIGINAL 43207-84 PRODUCAO CONJ HABITACIONAL                                                            ,0,0,0,cancelado,HAB / MORADIAS POPULARES                  ,200012,100,09/02/98 00:00:00,02/02/00 00:00:00,03/01/00 00:00:00,200012,0,100,6,      ,,,,,,,,,,,,,,,,,,,,,12153055,,,,
raw/sharepoint/Canal FGTS/MC20260306.zip,MCidades_AO_1.mdb + AO_2.mdb + AO_3.mdb,0121453,0121453,23,281755.22,464368.8,05/19/98 00:00:00,1998,2,26,070,71754,53000,7185,00,B2,N,0121422,42,Vitória,226070002,,,ES,HAB / PRO-MORADIA                         ,MORRO JABURU                                                ,MORRO JABURU_- VITORIA                                      ,MORRO JABURU                                                ,2680,"SALDO CREDOR DO EMPREENDIMENTO ""MORRO JABURU""-CONTRATO VIN- CULADO 058372-48                                            ",0,"SALDO CREDOR DO EMPREENDIMENTO ""MORRO JABURU""-CONTRATO VIN- CULADO 058372-48                                            ",0,50,0,em situação normal,INFRA-ESTRUTURA EM CONJUNTO HABITACIONAL  ,200206,100,10/18/99 00:00:00,04/17/02 00:00:00,,200206,0,100,6,      ,,,,,,,,,,,,,,,,,,,,,12145323,,,,
raw/sharepoint/Canal FGTS/MC20260306.zip,MCidades_AO_1.mdb + AO_2.mdb + AO_3.mdb,0121549,0121549,67,1252.04,1252.04,05/18/98 00:00:00,1997,2,26,018,71066,53000,7178,02,B2,N,0121424,61,Curitiba,226018002,,,PR,HAB / PRO-MORADIA                         ,MORADIAS BRISAS - MUNICIPIO DE SAO JOAO DO CAIUA            ,MUNICIPIO DE SAO JOAO DO CAIUA/PR                           ,NAO INFORMADO                                               ,3668,SALDO CREDOR CT ORIGINAL 43928-74 PRODUCAO CONJ HABITACIONAL                                                            ,20,SALDO CREDOR CT ORIGINAL 43928-74 PRODUCAO CONJ HABITACIONAL                                                            ,0,0,0,cancelado,HAB / MORADIAS POPULARES                  ,200012,100,09/02/98 00:00:00,05/02/00 00:00:00,06/01/00 00:00:00,200012,0,100,6,      ,,,,,,,,,,,,,,,,,,,,,12154967,,,,
raw/sharepoint/Canal FGTS/MC20260306.zip,MCidades_AO_1.mdb + AO_2.mdb + AO_3.mdb,0121430,0121430,49,103798.2,129747.75,06/30/98 00:00:00,1997,2,26,078,71332,53000,7185,00,B2,N,0121425,76,Rio de Janeiro,226078002,,,RJ,HAB / PRO-MORADIA                         ,CIDADE ALTA                                                 ,RIO DE JANEIRO                                              ,RIO DE JANEIRO                                              ,2810,SALDO CREDOR CT 5955301                                                                                                 ,0,SALDO CREDOR CT 5955301                                                                                                 ,0,12,0,em situação normal,URBANIZACAO DE AREAS                      ,200312,100,09/09/98 00:00:00,09/30/03 00:00:00,,200312,100,100,6,      ,,,,,,,,,,,,,,,,,,,,,12143049,,,,
raw/sharepoint/Canal FGTS/MC20260306.zip,MCidades_AO_1.mdb + AO_2.mdb + AO_3.mdb,0121552,0121552,24,7542.11,7542.11,05/18/98 00:00:00,1997,2,26,018,71066,53000,7178,02,B2,N,0121426,80,Curitiba,226018002,,,PR,HAB / PRO-MORADIA                         ,MORADIAS ELDORADO - MUNICIPIO DE PALMAS                     ,MUNICIPIO DE PALMAS/PR                                      ,NAO INFORMADO                                               ,3596,SALDO CREDOR CT ORIGINAL 43675-04 PRODUCAO CONJ HABITACIONAL                                                            ,57,SALDO CREDOR CT ORIGINAL 43675-04 PRODUCAO CONJ HABITACIONAL                                                            ,0,1,0,cancelado,HAB / MORADIAS POPULARES                  ,200012,100,09/02/98 00:00:00,08/02/00 00:00:00,08/02/00 00:00:00,200012,0,100,6,      ,,,,,,,,,,,,,,,,,,,,,12155224,,,,
raw/sharepoint/Canal FGTS/MC20260306.zip,MCidades_AO_1.mdb + AO_2.mdb + AO_3.mdb,0121534,0121534,91,10718.21,10718.21,05/18/98 00:00:00,1997,2,26,018,71066,53000,7178,02,B2,N,0121428,07,Curitiba,226018002,,,PR,HAB / PRO-MORADIA                         ,MORADIAS ELDORADO II - MUNICIPIO DE PALMAS                  ,MUNICIPIO DE PALMAS/PR                                      ,NAO INFORMADO                                               ,3596,SALDO CREDOR CT ORIGINAL 60725-99 PRODUCAO CONJ HABITACIONAL                                                            ,73,SALDO CREDOR CT ORIGINAL 60725-99 PRODUCAO CONJ HABITACIONAL                                                            ,0,1,0,cancelado,HAB / MORADIAS POPULARES                  ,200012,100,09/02/98 00:00:00,08/02/00 00:00:00,08/02/00 00:00:00,200012,0,100,6,      ,,,,,,,,,,,,,,,,,,,,,12153491,,,,
raw/sharepoint/Canal FGTS/MC20260306.zip,MCidades_AO_1.mdb + AO_2.mdb + AO_3.mdb,0121535,0121535,05,3553.86,3553.86,05/18/98 00:00:00,1997,2,26,018,71066,53000,7178,02,B2,N,0121431,54,Curitiba,226018002,,,PR,HAB / PRO-MORADIA                         ,MORADIAS FLORES - MUNICIPIO DE LOANDA                       ,MUNICIPIO DE LOANDA/PR                                      ,NAO INFORMADO                                               ,3555,SALDO CREDOR CT ORIGINAL 43337-30 PRODUCAO CONJ HABITACIONAL                                                            ,47,SALDO CREDOR CT ORIGINAL 43337-30 PRODUCAO CONJ HABITACIONAL                                                            ,0,0,0,cancelado,HAB / MORADIAS POPULARES                  ,200012,100,09/02/98 00:00:00,04/02/00 00:00:00,05/01/00 00:00:00,200012,0,100,6,      ,,,,,,,,,,,,,,,,,,,,,12153505,,,,
raw/sharepoint/Canal FGTS/MC20260306.zip,MCidades_AO_1.mdb + AO_2.mdb + AO_3.mdb,0121539,0121539,41,17053.12,17053.12,05/18/98 00:00:00,1997,2,26,018,71066,53000,7178,02,B2,N,0121432,68,Curitiba,226018002,,,PR,HAB / PRO-MORADIA                         ,MORADIAS FRAGATA - MUNICIPIO DE IRATI                       ,MUNICIPIO DE IRATI/PR                                       ,NAO INFORMADO                                               ,3527,SALDO CREDOR CT ORIGINAL 58294-82 PRODUCAO CONJ HABITACIONAL                                                            ,126,SALDO CREDOR CT ORIGINAL 58294-82 PRODUCAO CONJ HABITACIONAL                                                            ,0,2,0,cancelado,HAB / MORADIAS POPULARES                  ,200012,100,09/01/98 00:00:00,02/01/00 00:00:00,03/01/00 00:00:00,200012,0,100,6,      ,,,,,,,,,,,,,,,,,,,,,12153941,,,,
raw/sharepoint/Canal FGTS/MC20260306.zip,MCidades_AO_1.mdb + AO_2.mdb + AO_3.mdb,0121541,0121541,84,7985.81,7985.81,05/18/98 00:00:00,1997,2,26,018,71066,53000,7178,02,B2,N,0121434,86,Curitiba,226018002,,,PR,HAB / PRO-MORADIA                         ,MORADIAS IAPO - MUNICIPIO DE WENCESLAU BRAZ                 ,MUNICIPIO DE WENCESLAU BRAZ/PR                              ,NAO INFORMADO                                               ,3704,SALDO CREDOR CT ORIGINAL 44633-29 PRODUCAO CONJ HABITACIONAL                                                            ,57,SALDO CREDOR CT ORIGINAL 44633-29 PRODUCAO CONJ HABITACIONAL                                                            ,0,1,0,cancelado,HAB / MORADIAS POPULARES                  ,200012,100,09/01/98 00:00:00,07/01/00 00:00:00,07/01/00 00:00:00,200012,0,100,6,      ,,,,,,,,,,,,,,,,,,,,,12154184,,,,
raw/sharepoint/Canal FGTS/MC20260306.zip,MCidades_AO_1.mdb + AO_2.mdb + AO_3.mdb,0121543,0121543,01,5355.19,5355.19,05/18/98 00:00:00,1997,2,26,018,71066,53000,7178,02,B2,N,0121435,91,Curitiba,226018002,,,PR,HAB / PRO-MORADIA                         ,MORADIAS IGUACU - MUNICIPIO DE PRUDENTOPOLIS                ,MUNICIPIO DE PRUDENTOPOLIS/PR                               ,NAO INFORMADO                                               ,3626,SALDO CREDOR CT ORIGINAL 60733-51 PRODUCAO CONJ HABITACIONAL                                                            ,40,SALDO CREDOR CT ORIGINAL 60733-51 PRODUCAO CONJ HABITACIONAL                                                            ,0,1,0,cancelado,HAB / MORADIAS POPULARES                  ,200012,100,09/02/98 00:00:00,05/01/00 00:00:00,05/01/00 00:00:00,200012,0,100,6,      ,,,,,,,,,,,,,,,,,,,,,12154301,,,,
raw/sharepoint/Canal FGTS/MC20260306.zip,MCidades_AO_1.mdb + AO_2.mdb + AO_3.mdb,0121478,0121478,14,189065.07,231625.73,07/15/96 00:00:00,1996,2,26,002,68364,53000,7185,00,B2,N,0121437,18,Vitória,226002002,,,ES,HAB / PRO-MORADIA                         ,PE.PEDRO PASE                                               ,BAIRRO PE. PEDRO PASE                                       ,ALTO RIO NOVO                                               ,4577,SALDO CREDOR DE ALTO RIO NOVO - CONTRATO VINCULADO 036069-57                                                            ,0,SALDO CREDOR DE ALTO RIO NOVO - CONTRATO VINCULADO 036069-57                                                            ,0,22,0,em situação normal,URBANIZ. AREAS OCUPADAS POR SUB-HABITACAO ,200806,100,03/15/98 00:00:00,,,200806,0,100,6,      ,,06/10/08 00:00:00,3.0,145533.41765625,2008,,,,,,,,,,,,,,,,12147814,,,,
raw/sharepoint/Canal FGTS/MC20260306.zip,MCidades_AO_1.mdb + AO_2.mdb + AO_3.mdb,0121547,0121547,48,2936.5,2936.5,05/18/98 00:00:00,1997,2,26,018,71066,53000,7178,02,B2,N,0121440,65,Curitiba,226018002,,,PR,HAB / PRO-MORADIA                         ,MORADIAS IGUACU II - PRUDENTOPOLIS                          ,MUNICIPIO DE PRUDENTOPOLIS - PARANA                         ,NAO INFORMADO                                               ,3626,SALDO CREDOR CT ORIGINAL 60726-13 PRODUCAO CONJ HABITACIONAL                                                            ,20,SALDO CREDOR CT ORIGINAL 60726-13 PRODUCAO CONJ HABITACIONAL                                                            ,0,0,0,cancelado,HAB / MORADIAS POPULARES                  ,200012,100,09/02/98 00:00:00,12/01/99 00:00:00,01/01/00 00:00:00,200012,0,100,6,      ,,,,,,,,,,,,,,,,,,,,,12154748,,,,
raw/sharepoint/Canal FGTS/MC20260306.zip,MCidades_AO_1.mdb + AO_2.mdb + AO_3.mdb,0121550,0121550,06,2021.13,2021.13,05/18/98 00:00:00,1997,2,26,018,71066,53000,7178,02,B2,N,0121459,89,Curitiba,226018002,,,PR,HAB / PRO-MORADIA                         ,MORADIAS ILHEUS - MUNICIPIO DE ICARAIMA                     ,MUNICIPIO DE ICARAIMA/PR                                    ,NAO INFORMADO                                               ,3519,SALDO CREDOR CT ORIGINAL 60738-68 PRODUCAO CONJ HABITACIONAL                                                            ,16,SALDO CREDOR CT ORIGINAL 60738-68 PRODUCAO CONJ HABITACIONAL                                                            ,0,0,0,cancelado,HAB / MORADIAS POPULARES                  ,200012,100,09/01/98 00:00:00,07/01/99 00:00:00,08/01/99 00:00:00,200012,0,100,6,      ,,,,,,,,,,,,,,,,,,,,,12155006,,,,
raw/sharepoint/Canal FGTS/MC20260306.zip,MCidades_AO_1.mdb + AO_2.mdb + AO_3.mdb,0121551,0121551,10,28410.31,28410.31,05/18/98 00:00:00,1997,2,26,018,71066,53000,7178,02,B2,N,0121461,20,Curitiba,226018002,,,PR,HAB / PRO-MORADIA                         ,MORADIAS ITAY - MUNICIPIO DE FOZ DO IGUACU                  ,MUNICIPIO DE FOZ DO IGUACU                                  ,NAO INFORMADO                                               ,3503,SALDO CREDOR CT ORIGINAL 43204-16 PRODUCAO CONJ HABITACIONAL                                                            ,197,SALDO CREDOR CT ORIGINAL 43204-16 PRODUCAO CONJ HABITACIONAL                                                            ,0,3,0,cancelado,HAB / MORADIAS POPULARES                  ,200012,100,08/02/98 00:00:00,04/01/00 00:00:00,05/01/00 00:00:00,200012,0,100,6,      ,,,,,,,,,,,,,,,,,,,,,12155110,,,,
raw/sharepoint/Canal FGTS/MC20260306.zip,MCidades_AO_1.mdb + AO_2.mdb + AO_3.mdb,0121555,0121555,58,12053.91,12053.91,05/18/98 00:00:00,1997,2,26,018,71066,53000,7178,02,B2,N,0121464,53,Curitiba,226018002,,,PR,HAB / PRO-MORADIA                         ,MORADIAS LAGOA DOURADA - MUNICIPIO DE UNIAO DA VITORIA      ,MUNICIPIO DE UNIAO DA VITORIA/PR                            ,NAO INFORMADO                                               ,3701,SALDO CREDOR CT ORIGINAL 44527-83 PRODUCAO CONJ HABITACIONAL                                                            ,87,SALDO CREDOR CT ORIGINAL 44527-83 PRODUCAO CONJ HABITACIONAL                                                            ,0,1,0,cancelado,HAB / MORADIAS POPULARES                  ,200012,100,09/02/98 00:00:00,07/02/00 00:00:00,07/31/00 00:00:00,200012,0,100,6,      ,,,,,,,,,,,,,,,,,,,,,12155558,,,,
raw/sharepoint/Canal FGTS/MC20260306.zip,MCidades_AO_1.mdb + AO_2.mdb + AO_3.mdb,0121564,0121564,68,1277.06,1277.06,05/18/98 00:00:00,1997,2,26,018,71066,53000,7178,02,B2,N,0121465,68,Curitiba,226018002,,,PR,HAB / PRO-MORADIA                         ,MORADIAS LIMEIRAS - MUNICIPIO DE NOVA TEBAS/BARREIRINHO     ,MUNICIPIO DE NOVA TEBAS/PR                                  ,NAO INFORMADO                                               ,4588,SALDO CREDOR CT ORIGINAL 58331-87 PRODUCAO CONJ HABITACIONAL                                                            ,9,SALDO CREDOR CT ORIGINAL 58331-87 PRODUCAO CONJ HABITACIONAL                                                            ,0,0,0,cancelado,HAB / MORADIAS POPULARES                  ,200012,100,09/02/98 00:00:00,02/02/00 00:00:00,03/01/00 00:00:00,200012,0,100,6,      ,,,,,,,,,,,,,,,,,,,,,12156468,,,,
raw/sharepoint/Canal FGTS/MC20260306.zip,MCidades_AO_1.mdb + AO_2.mdb + AO_3.mdb,0121570,0121570,46,5134.7,5134.7,05/18/98 00:00:00,1997,2,26,018,71066,53000,7178,02,B2,N,0121466,72,Curitiba,226018002,,,PR,HAB / PRO-MORADIA                         ,MORADIAS LIMOEIRO/MUNICIPIO DE TERRA BOA                    ,MUNICIPIO DE TERRA BOA/PR                                   ,NAO INFORMADO                                               ,3691,SALDO CREDOR CT ORIGINAL 58299-99 PRODUCAO CONJ HABITACIONAL                                                            ,40,SALDO CREDOR CT ORIGINAL 58299-99 PRODUCAO CONJ HABITACIONAL                                                            ,0,0,0,cancelado,HAB / MORADIAS POPULARES                  ,200012,100,09/02/98 00:00:00,10/02/99 00:00:00,11/01/99 00:00:00,200012,0,100,6,      ,,,,,,,,,,,,,,,,,,,,,12157046,,,,
raw/sharepoint/Canal FGTS/MC20260306.zip,MCidades_AO_1.mdb + AO_2.mdb + AO_3.mdb,0121580,0121580,62,15376.94,15376.94,05/18/98 00:00:00,1997,2,26,018,71066,53000,7178,02,B2,N,0121467,86,Curitiba,226018002,,,PR,HAB / PRO-MORADIA                         ,MORADIAS OURO FINO - MUNICIPIO DE PONTA GROSSA              ,MUNICIPIO DE PONTA GROSSA/PR                                ,NAO INFORMADO                                               ,3619,SALDO CREDOR CT ORIGINAL 45389-40 PRODUCAO CONJ HABITACIONAL                                                            ,121,SALDO CREDOR CT ORIGINAL 45389-40 PRODUCAO CONJ HABITACIONAL                                                            ,0,1,0,cancelado,HAB / MORADIAS POPULARES                  ,200012,100,08/02/98 00:00:00,04/01/00 00:00:00,04/01/00 00:00:00,200012,0,100,6,      ,,,,,,,,,,,,,,,,,,,,,12158062,,,,
raw/sharepoint/Canal FGTS/MC20260306.zip,MCidades_AO_1.mdb + AO_2.mdb + AO_3.mdb,0121579,0121579,33,7928.54,7928.54,05/18/98 00:00:00,1997,2,26,018,71066,53000,7178,02,B2,N,0121468,90,Curitiba,226018002,,,PR,HAB / PRO-MORADIA                         ,MORADIAS OURO VERDE - MUNICIPIO DE BANDEIRANTES             ,MUNICIPIO DE BANDEIRANTES/PR                                ,NAO INFORMADO                                               ,3444,SALDO CREDOR CT ORIGINAL 42879-10 PRODUCAO CONJ HABITACIONAL                                                            ,54,SALDO CREDOR CT ORIGINAL 42879-10 PRODUCAO CONJ HABITACIONAL                                                            ,0,1,0,cancelado,HAB / MORADIAS POPULARES                  ,200012,100,09/02/98 00:00:00,02/02/00 00:00:00,03/01/00 00:00:00,200012,0,100,6,      ,,,,,,,,,,,,,,,,,,,,,12157933,,,,
raw/sharepoint/Canal FGTS/MC20260306.zip,MCidades_AO_1.mdb + AO_2.mdb + AO_3.mdb,0121578,0121578,29,14122.34,14122.34,05/18/98 00:00:00,1997,2,26,018,71066,53000,7178,02,B2,N,0121469,03,Curitiba,226018002,,,PR,HAB / PRO-MORADIA                         ,MORADIAS PAINEIRAS - MUNICIPIO DE IBAITI                    ,MUNICIPIO DE IBAITI/PR                                      ,NAO INFORMADO                                               ,3517,SALDO CREDOR CT ORIGINAL 60736-27 PRODUCAO CONJ HABITACIONAL                                                            ,100,SALDO CREDOR CT ORIGINAL 60736-27 PRODUCAO CONJ HABITACIONAL                                                            ,0,1,0,cancelado,HAB / MORADIAS POPULARES                  ,200012,100,09/01/98 00:00:00,01/01/00 00:00:00,02/01/00 00:00:00,200012,0,100,6,      ,,,,,,,,,,,,,,,,,,,,,12157829,,,,
raw/sharepoint/Canal FGTS/MC20260306.zip,MCidades_AO_1.mdb + AO_2.mdb + AO_3.mdb,0121575,0121575,98,2760.18,2760.18,05/18/98 00:00:00,1997,2,26,018,71066,53000,7178,02,B2,N,0121470,31,Curitiba,226018002,,,PR,HAB / PRO-MORADIA                         ,MORADIAS PARDAIS - MUNICIPIO DE QUEDAS DO IGUACU            ,MUNICIPIO DE PARDAIS/PR                                     ,NAO INFORMADO                                               ,3464,SALDO CREDOR CT ORIGINAL 60732-35 PRODUCAO CONJ HABITACIONAL                                                            ,20,SALDO CREDOR CT ORIGINAL 60732-35 PRODUCAO CONJ HABITACIONAL                                                            ,0,0,0,cancelado,HAB / MORADIAS POPULARES                  ,200012,100,08/02/98 00:00:00,12/02/99 00:00:00,01/01/00 00:00:00,200012,0,100,6,      ,,,,,,,,,,,,,,,,,,,,,12157598,,,,
raw/sharepoint/Canal FGTS/MC20260306.zip,MCidades_AO_1.mdb + AO_2.mdb + AO_3.mdb,0121576,0121576,01,5444.04,5444.04,05/18/98 00:00:00,1997,2,26,018,71066,53000,7178,02,B2,N,0121471,45,Curitiba,226018002,,,PR,HAB / PRO-MORADIA                         ,MORADIAS PINDORAMA - MUNICIPIO DE ARAPOTI                   ,MUNICIPIO DE ARAPOTI/PR                                     ,NAO INFORMADO                                               ,3436,SALDO CREDOR CT ORIGINAL 42714-23 PRODUCAO CONJ HABITACIONAL                                                            ,40,SALDO CREDOR CT ORIGINAL 42714-23 PRODUCAO CONJ HABITACIONAL                                                            ,0,1,0,cancelado,HAB / MORADIAS POPULARES                  ,200012,100,09/01/98 00:00:00,12/01/99 00:00:00,01/01/00 00:00:00,200012,0,100,6,      ,,,,,,,,,,,,,,,,,,,,,12157601,,,,
raw/sharepoint/Canal FGTS/MC20260306.zip,MCidades_AO_1.mdb + AO_2.mdb + AO_3.mdb,0121567,0121567,91,11676.43,11676.43,05/18/98 00:00:00,1997,2,26,018,71066,53000,7178,02,B2,N,0121473,64,Curitiba,226018002,,,PR,HAB / PRO-MORADIA                         ,MORADIAS PINHEIRAS - MUNICIPIO DE CAMPO MOURAO              ,MUNICIPIO DE CAMPO MOURAO/PR                                ,NAO INFORMADO                                               ,3463,SALDO CREDOR CT ORIGINAL 42888-09 PRODUCAO CONJ HABITACIONAL                                                            ,84,SALDO CREDOR CT ORIGINAL 42888-09 PRODUCAO CONJ HABITACIONAL                                                            ,0,1,0,cancelado,HAB / MORADIAS POPULARES                  ,200012,100,09/02/98 00:00:00,01/01/00 00:00:00,02/01/00 00:00:00,200012,0,100,6,      ,,,,,,,,,,,,,,,,,,,,,12156791,,,,
raw/sharepoint/Canal FGTS/MC20260306.zip,MCidades_AO_1.mdb + AO_2.mdb + AO_3.mdb,0121569,0121569,18,6344.16,6344.16,05/18/98 00:00:00,1997,2,26,018,71066,53000,7178,02,B2,N,0121477,00,Curitiba,226018002,,,PR,HAB / PRO-MORADIA                         ,MORADIAS PINHEIRAS - MUNICIPIO DE RIBEIRAO DO PINHAL        ,MUNICIPIO DE RIBEIRAO DO PINHAL/PR                          ,NAO INFORMADO                                               ,3638,SALDO CREDOR CT ORIGINAL 43812-12 PRODUCAO CONJ HABITACIONAL                                                            ,47,SALDO CREDOR CT ORIGINAL 43812-12 PRODUCAO CONJ HABITACIONAL                                                            ,0,1,0,cancelado,HAB / MORADIAS POPULARES                  ,200012,100,09/02/98 00:00:00,01/01/00 00:00:00,02/01/00 00:00:00,200012,0,100,6,      ,,,,,,,,,,,,,,,,,,,,,12156918,,,,
raw/sharepoint/Canal FGTS/MC20260306.zip,MCidades_AO_1.mdb + AO_2.mdb + AO_3.mdb,0121577,0121577,15,3808.91,3808.91,05/18/98 00:00:00,1997,2,26,018,71066,53000,7178,02,B2,N,0121479,28,Curitiba,226018002,,,PR,HAB / PRO-MORADIA                         ,MORADIAS RIO BONITO - MUNICIPIO DE TURVO                    ,MUNICIPIO DE TURVO/PR                                       ,NAO INFORMADO                                               ,0639,SALDO CREDOR CT ORIGINAL 60731-10 PRODUCAO CONJ HABITACIONAL                                                            ,27,SALDO CREDOR CT ORIGINAL 60731-10 PRODUCAO CONJ HABITACIONAL                                                            ,0,0,0,cancelado,HAB / MORADIAS POPULARES                  ,200012,100,09/02/98 00:00:00,05/01/00 00:00:00,06/01/00 00:00:00,200012,0,100,6,      ,,,,,,,,,,,,,,,,,,,,,12157715,,,,
raw/sharepoint/Canal FGTS/MC20260306.zip,MCidades_AO_1.mdb + AO_2.mdb + AO_3.mdb,0121559,0121559,94,7908.08,7908.08,06/30/98 00:00:00,1997,2,26,018,71066,53000,7178,02,B2,N,0121480,57,Curitiba,226018002,,,PR,HAB / PRO-MORADIA                         ,MORADIAS CAPIVARI - MUNICIPIO DE TIBAGI                     ,MUNICIPIO DE TIBAGI/PR                                      ,NAO INFORMADO                                               ,3694,SALDO CREDOR CT ORIGINAL 60737-42 PRODUCAO CONJ HABITACIONAL                                                            ,65,SALDO CREDOR CT ORIGINAL 60737-42 PRODUCAO CONJ HABITACIONAL                                                            ,0,1,0,cancelado,HAB / MORADIAS POPULARES                  ,200012,100,09/02/98 00:00:00,05/02/00 00:00:00,06/01/00 00:00:00,200012,0,100,6,      ,,,,,,,,,,,,,,,,,,,,,12155994,,,,
raw/sharepoint/Canal FGTS/MC20260306.zip,MCidades_AO_1.mdb + AO_2.mdb + AO_3.mdb,0121561,0121561,35,4495.49,4495.49,05/18/98 00:00:00,1997,2,26,018,71066,53000,7178,02,B2,N,0121484,93,Curitiba,226018002,,,PR,HAB / PRO-MORADIA                         ,MORADIAS SALTINHO - MUNICIPIO DE SALTO DO ITARARE           ,MUNICIPIO DE SALTO DO ITARARE/PR                            ,NAO INFORMADO                                               ,3648,SALDO CREDOR CT ORIGINAL 60718-49 PRODUCAO CONJ HABITACIONAL                                                            ,33,SALDO CREDOR CT ORIGINAL 60718-49 PRODUCAO CONJ HABITACIONAL                                                            ,0,0,0,cancelado,HAB / MORADIAS POPULARES                  ,200012,100,09/01/98 00:00:00,01/01/00 00:00:00,02/01/00 00:00:00,200012,0,100,6,      ,,,,,,,,,,,,,,,,,,,,,12156135,,,,
raw/sharepoint/Canal FGTS/MC20260306.zip,MCidades_AO_1.mdb + AO_2.mdb + AO_3.mdb,0121574,0121574,83,28576.09,28576.09,05/18/98 00:00:00,1997,2,26,018,71066,53000,7178,02,B2,N,0121485,07,Curitiba,226018002,,,PR,HAB / PRO-MORADIA                         ,MORADIAS TIBAGI - MUNICIPIO DE LONDRINA                     ,MUNICIPIO DE LONDRINA/PR                                    ,NAO INFORMADO                                               ,3557,SALDO CREDOR CT ORIGINAL 43340-98 PRODUCAO CONJ HABITACIONAL                                                            ,197,SALDO CREDOR CT ORIGINAL 43340-98 PRODUCAO CONJ HABITACIONAL                                                            ,0,3,0,cancelado,HAB / MORADIAS POPULARES                  ,200012,100,09/02/98 00:00:00,12/02/99 00:00:00,01/01/00 00:00:00,200012,0,100,6,      ,,,,,,,,,,,,,,,,,,,,,12157483,,,,
raw/sharepoint/Canal FGTS/MC20260306.zip,MCidades_AO_1.mdb + AO_2.mdb + AO_3.mdb,0121558,0121558,80,7957.65,7957.65,05/18/98 00:00:00,1997,2,26,018,71066,53000,7178,02,B2,N,0121486,11,Curitiba,226018002,,,PR,HAB / PRO-MORADIA                         ,MORADIAS TRIGAIS - MUNICIPIO DE TERRA ROXA                  ,MUNICIPIO DE TERRA ROXA/PR                                  ,NAO INFORMADO                                               ,3693,SALDO CREDOR CT ORIGINAL 60734-76 PRODUCAO CONJ HABITACIONAL                                                            ,57,SALDO CREDOR CT ORIGINAL 60734-76 PRODUCAO CONJ HABITACIONAL                                                            ,0,1,0,cancelado,HAB / MORADIAS POPULARES                  ,200012,100,09/02/98 00:00:00,12/02/99 00:00:00,01/01/00 00:00:00,200012,0,100,6,      ,,,,,,,,,,,,,,,,,,,,,12155880,,,,
raw/sharepoint/Canal FGTS/MC20260306.zip,MCidades_AO_1.mdb + AO_2.mdb + AO_3.mdb,0121556,0121556,62,6624.25,6624.25,05/18/98 00:00:00,1997,2,26,018,71066,53000,7178,02,D1,N,0121487,25,Curitiba,226018002,,,PR,HAB / PRO-MORADIA                         ,MORADIAS VERDE VALE - MUNICIPIO DE CHOPINZINHO              ,MUNICIPIO DE CHOPINZINHO/PR                                 ,NAO INFORMADO                                               ,3475,SALDO CREDOR CT ORIGINAL 58292-41 PRODUCAO CONJ HABITACIONAL                                                            ,78,SALDO CREDOR CT ORIGINAL 58292-41 PRODUCAO CONJ HABITACIONAL                                                            ,0,1,0,cancelado,HAB / MORADIAS POPULARES                  ,200108,0,,,,200108,0,0,5,W     ,,,,,,,,,,,,,,,,,,,,,12155662,,,,
raw/sharepoint/Canal FGTS/MC20260306.zip,MCidades_AO_1.mdb + AO_2.mdb + AO_3.mdb,0121498,0121498,55,11159.18,53256.13,06/19/98 00:00:00,1998,2,26,078,82707,53000,7183,00,B2,N,0121489,43,SANTA MARIA,226078002,,,RS,HAB / PRO-MORADIA                         ,LOTEAMENTO POPULAR RAIMUNDO ALESSIO                         ,NOVA PALMA                                                  ,"RUA FIORAVANTE BAGIOTTO, QUADRAS 77, 84 E 85                ",4052,PRODUCAO DE 30 UNIDADES HABITACIONAIS E INFRA-ESTRUTURA - SA                                                            ,30,PRODUCAO DE 30 UNIDADES HABITACIONAIS E INFRA-ESTRUTURA - SA                                                            ,0,1,0,em situação normal,URBANIZACAO DE AREAS                      ,200109,100,02/01/00 00:00:00,09/01/01 00:00:00,10/01/01 00:00:00,200109,0,100,6,      ,,,,,,,,,,,,,,,,,,,,,12149855,,,,
raw/sharepoint/Canal FGTS/MC20260306.zip,MCidades_AO_1.mdb + AO_2.mdb + AO_3.mdb,0121602,0121602,21,95795.03999999999,120889.42,04/30/96 00:00:00,1996,2,26,003,71699,53000,7174,00,B2,N,0121506,55,JUIZ DE FORA,226003002,,,MG,HAB / PRO-MORADIA                         ,LOTEAMENTO SAO JUDAS TADEU                                  ,JUIZ DE FORA                                                ,JUIZ DE FORA                                                ,2316,"""SALDO CREDOR CT 34.587-22""/URBANIZACAO DE AREA NAO OCUPADAS                                                            ",173,"""SALDO CREDOR CT 34.587-22""/URBANIZACAO DE AREA NAO OCUPADAS                                                            ",0,15,0,em situação normal,URBANIZ. AREAS NAO OCUPADAS               ,200212,100,10/15/01 00:00:00,12/30/02 00:00:00,,200212,0,100,6,J     ,,,,,,,,,,,,,,,,,,,,,12160221,,,,
raw/sharepoint/Canal FGTS/MC20260306.zip,MCidades_AO_1.mdb + AO_2.mdb + AO_3.mdb,0121601,0121601,17,283845,340866.41,04/30/96 00:00:00,1996,2,26,003,71699,53000,7174,00,B2,N,0121508,73,JUIZ DE FORA,226003002,,,MG,HAB / PRO-MORADIA                         ,LOTEAMENTO SAO DAMIAO                                       ,BAIRRO SAO DAMIAO                                           ,BAIRRO SAO DAMIAO                                           ,2316,"""SALDO CREDOR CT 0034.586-07""/URBANIZACAO AREAS NAO OCUPADAS                                                            ",177,"""SALDO CREDOR CT 0034.586-07""/URBANIZACAO AREAS NAO OCUPADAS                                                            ",0,40,0,em situação normal,URBANIZ. AREAS NAO OCUPADAS               ,200208,100,10/16/01 00:00:00,08/15/02 00:00:00,,200208,0,100,6,      ,,,,,,,,,,,,,,,,,,,,,12160117,,,,
raw/sharepoint/Canal FGTS/MC20260306.zip,MCidades_AO_1.mdb + AO_2.mdb + AO_3.mdb,0125344,0125344,89,169570.24,223399.24,07/15/96 00:00:00,1996,2,26,002,71207,53000,7173,00,B2,N,0121568,04,Belém,226002002,CI GEAVO GECOA GECIJ 007,,PA,HAB / PRO-MORADIA                         ,PARQUE UNIAO-URBANIZACAO E REGULARIZACAO FUNDIARIA          ,BELEM/P.UNIAO/SESAN/PRO-MORADIA96/URB.AREA/S.CREDOR         ,PARQUE UNIAO                                                ,0400,URBANIZACAO E URBANIZACAO FUNDIARIA NO PARQUE UNIAO-SALDO CREDOR                                                        ,0,URBANIZACAO E URBANIZACAO FUNDIARIA NO PARQUE UNIAO-SALDO CREDOR                                                        ,0,21,0,em situação normal,URBANIZ. AREAS OCUPADAS POR SUB-HABITACAO ,200312,100,10/10/96 00:00:00,12/31/03 00:00:00,,200312,0,100,6,      ,,,1.0,-21190.869140625,2004,,,,,,,,,,,,,,,,12534489,,,,
raw/sharepoint/Canal FGTS/MC20260306.zip,MCidades_AO_1.mdb + AO_2.mdb + AO_3.mdb,0125348,0125348,25,2167982.92,5819936.29,06/30/98 00:00:00,1997,2,26,078,71207,53000,7173,00,B2,N,0121581,76,Belém,226078002,CI GEAVO GECOA GECIJ 007,,PA,HAB / PRO-MORADIA                         ,PM/BEL/URB.A/MALVINAS                                       ,BELEM/MALVINAS/PRO-MORADIA98/URB.AREA/S.CREDOR              ,BELEM                                                       ,0400,ORDENACAO URBANISTICA DE UMA AREA JA DENSAMENTE OCUPADA-SALDO CREDOR                                                    ,2145,ORDENACAO URBANISTICA DE UMA AREA JA DENSAMENTE OCUPADA-SALDO CREDOR                                                    ,0,207,0,em situação normal,URBANIZACAO DE AREAS                      ,201207,47.02,03/15/99 00:00:00,,,201207,0,47.02,0,      ,,,11.0,767180.4692382812,2007,,,,,,,,,,,,,,,,12534825,,,,
raw/sharepoint/Canal FGTS/MC20260306.zip,MCidades_AO_1.mdb + AO_2.mdb + AO_3.mdb,0124211,0124211,51,142826.12,359174.94,06/30/98 00:00:00,1997,2,26,078,71207,53000,7173,00,B2,N,0121582,80,Belém,226078002,CI GEAVO GECOA GECIJ 007,,PA,HAB / PRO-MORADIA                         ,PM/BEL/URB.A/LARANJEIRAS                                    ,BELEM/SESAN/LARANJEIRAS/PRO-MORADIA/URB.AREA/S.CREDOR       ,BAIRRO DO JURUNAS                                           ,0400,"SISTEMA VIARIO,DRENAGEM,ABASTECIMENTO DE AGUA,ESGOTO SANITA RIO-SALDO CREDOR                                            ",202,"SISTEMA VIARIO,DRENAGEM,ABASTECIMENTO DE AGUA,ESGOTO SANITA RIO-SALDO CREDOR                                            ",0,14,0,em situação normal,URBANIZACAO DE AREAS                      ,200308,100,06/01/99 00:00:00,08/30/03 00:00:00,,200308,0,100,6,      ,,,,,,,,,,,,,,,,,,,,,12421151,,,,
raw/sharepoint/Canal FGTS/MC20260306.zip,MCidades_AO_1.mdb + AO_2.mdb + AO_3.mdb,0125350,0125350,70,415372.1,738031.63,06/30/98 00:00:00,1997,2,26,078,71207,53000,7173,00,B2,N,0121583,94,Belém,226078002,CI GEAVO GECOA GECIJ 007,,PA,HAB / PRO-MORADIA                         ,PM/BEL/URB.A/RAD.II                                         ,BELEM/SESAN/RADIONALII/PRO-MORADIA98/URB.AREA/S.CREDOR      ,BAIRRO DO JURUNAS E CONDOR                                  ,0400,"SISTEMA VIARIO,DRENAGEM E ESGOTO SANITARIO-SALDO CREDOR                                                                 ",604,"SISTEMA VIARIO,DRENAGEM E ESGOTO SANITARIO-SALDO CREDOR                                                                 ",0,40,0,em situação normal,URBANIZACAO DE AREAS                      ,200312,100,06/01/99 00:00:00,12/30/03 00:00:00,,200312,0,100,6,      ,,,,,,,,,,,,,,,,,,,,,12535070,,,,
raw/sharepoint/Canal FGTS/MC20260306.zip,MCidades_AO_1.mdb + AO_2.mdb + AO_3.mdb,0125352,0125352,98,351564.81,351564.81,06/30/98 00:00:00,1997,2,26,078,71207,53000,7173,00,B2,N,0121584,07,Belém,226078002,CI GEAVO GECOA GECEJ 007,,PA,HAB / PRO-MORADIA                         ,PM/BEL/URB.A/BOM FUTURO                                     ,BELEM/BOM FUTURO/PRO-MORADIA98/URB.AREA/S.CREDOR            ,DISTRITO DO BENGUI                                          ,0400,SISTEMA VIARIO/SISTEMA DE DRENAGEM/AMPLIACAO DO SISTEMA DE A-SALDO CREDOR                                               ,850,SISTEMA VIARIO/SISTEMA DE DRENAGEM/AMPLIACAO DO SISTEMA DE A-SALDO CREDOR                                               ,0,36,0,em situação normal,URBANIZACAO DE AREAS                      ,200305,100,04/27/99 00:00:00,05/27/03 00:00:00,,200305,0,100,6,      ,,,1.0,-4856.259765625,2004,,,,,,,,,,,,,,,,12535298,,,,
raw/sharepoint/Canal FGTS/MC20260306.zip,MCidades_AO_1.mdb + AO_2.mdb + AO_3.mdb,0125355,0125355,20,640158.21,775606.29,06/30/98 00:00:00,1997,2,26,078,71207,53000,7173,00,B2,N,0121586,26,Belém,226078002,CI GEAVO GECOA GECIJ 007,,PA,HAB / PRO-MORADIA                         ,PM/BEL/URB.A/S.GASPAR                                       ,BELEM/SAO GASPAR/PRO-MORADIA98/URB.AREA/S.CREDOR            ,BAIRRO DO TAPANA                                            ,0400,URBANIZACAO DE AREAS-PROJETO SAO GASPAR-SALDO CREDOR                                                                    ,300,URBANIZACAO DE AREAS-PROJETO SAO GASPAR-SALDO CREDOR                                                                    ,0,61,0,em situação normal,URBANIZACAO DE AREAS                      ,200603,100,06/01/99 00:00:00,03/31/06 00:00:00,05/31/06 00:00:00,200603,0,100,6,      ,,,6.0,640158.1953125,2006,,,,,,,,,,,,,,,,12535520,,,,
raw/sharepoint/Canal FGTS/MC20260306.zip,MCidades_AO_1.mdb + AO_2.mdb + AO_3.mdb,0125356,0125356,34,516247.42,595736.52,06/30/98 00:00:00,1997,2,26,078,71207,53000,7173,00,B2,N,0121587,30,Belém,226078002,CI GEAVO GECOA GECIJ 007,,PA,HAB / PRO-MORADIA                         ,PM/BEL/URB.A/ANG.I                                          ,BELEM/ANGELIM I/PRO-MORADIA98/URB.AREA/S.CREDOR             ,DISTRITO DE ICOARACI                                        ,0400,"SISTEMA VIARIO,DRENAGEM,ABASTECIMENTO DE AGUA,ESGOTO SANITA RIO-SALDO CREDOR                                            ",300,"SISTEMA VIARIO,DRENAGEM,ABASTECIMENTO DE AGUA,ESGOTO SANITA RIO-SALDO CREDOR                                            ",0,55,0,em situação normal,URBANIZACAO DE AREAS                      ,200310,100,04/27/99 00:00:00,10/30/03 00:00:00,,200310,0,100,6,      ,,,1.0,-2445.06005859375,2004,,,,,,,,,,,,,,,,12535634,,,,
raw/sharepoint/Canal FGTS/MC20260306.zip,MCidades_AO_1.mdb + AO_2.mdb + AO_3.mdb,0121804,0121804,68,201242.14,318287.44,12/28/95 00:00:00,1995,2,26,002,71008,53000,7174,00,B2,N,0121609,91,Belo Horizonte,226002002,,,MG,HAB / PRO-MORADIA                         ,S.CRED.CT 35425-05/URB.AREAS OCUP.SUB-HAB.V.S.CAETANO/BETIM ,BETIM/MG                                                    ,VILA SAO CAETANO                                            ,2016,SALDO CREDOR DO CT 35425-05/URBANIZACAO DE AREAS OCUPADAS   POR SUB-HABITACOES - VILA SAO CAETANO - BETIM/MG            ,0,SALDO CREDOR DO CT 35425-05/URBANIZACAO DE AREAS OCUPADAS   POR SUB-HABITACOES - VILA SAO CAETANO - BETIM/MG            ,0,30,0,em situação normal,URBANIZ. AREAS OCUPADAS POR SUB-HABITACAO ,200109,100,11/05/98 00:00:00,11/05/98 00:00:00,,200109,0,100,6,      ,,,,,,,,,,,,,,,,,,,,,12180468,,,,
raw/sharepoint/Canal FGTS/MC20260306.zip,MCidades_AO_1.mdb + AO_2.mdb + AO_3.mdb,0121808,0121808,04,54230.56,143413.05,06/30/97 00:00:00,1996,2,26,078,71008,53000,7174,00,B2,N,0121613,51,Belo Horizonte,226078002,,,MG,HAB / PRO-MORADIA                         ,S.CRED.CT 39798-42/URB.AREAS VILAS IMBIRUCU E MONTESE/BETIM ,BETIM/MG                                                    ,VILAS IMBIRUCU E MONTESE                                    ,2016,SALDO CREDOR DO CONTRATO 39798-42/URBANIZACAO DE AREAS DAS  VILAS IMBIRUCU E MONTESE NO MUNICIPIO DE BETIM/MG           ,0,SALDO CREDOR DO CONTRATO 39798-42/URBANIZACAO DE AREAS DAS  VILAS IMBIRUCU E MONTESE NO MUNICIPIO DE BETIM/MG           ,0,14,0,em situação normal,URBANIZACAO DE AREAS                      ,200110,100,03/15/99 00:00:00,12/30/00 00:00:00,,200110,0,100,6,J     ,,,,,,,,,,,,,,,,,,,,,12180804,,,,
raw/sharepoint/Canal FGTS/MC20260306.zip,MCidades_AO_1.mdb + AO_2.mdb + AO_3.mdb,0121626,0121626,08,33752.38,44385.8,05/18/98 00:00:00,1997,2,26,018,71066,53000,7178,00,B2,N,0121619,15,Curitiba,226018002,,,PR,HAB / PRO-MORADIA                         ,MORADIAS PORTO SEGURO/PARANAGUA                             ,PARANAGUA                                                   ,SEDE DO MUNICIPIO                                           ,3602,MORADIAS PORTO SEGURO - SALDO CREDOR CT 45387-00                                                                        ,104,MORADIAS PORTO SEGURO - SALDO CREDOR CT 45387-00                                                                        ,0,4,0,em situação normal,HAB / MORADIAS POPULARES                  ,200109,100,09/01/98 00:00:00,09/30/01 00:00:00,,200109,0,100,6,      ,,,,,,,,,,,,,,,,,,,,,12162608,,,,
raw/sharepoint/Canal FGTS/MC20260306.zip,MCidades_AO_1.mdb + AO_2.mdb + AO_3.mdb,0121627,0121627,12,36460.06,47458.15,05/18/98 00:00:00,1997,2,26,018,71066,53000,7178,00,B2,N,0121620,43,Curitiba,226018002,,,PR,HAB / PRO-MORADIA                         ,MORADIAS EUCALIPTOS/INACIO MARTINS                          ,INACIO MARTINS                                              ,SEDE DO MUNICIPIO                                           ,3522,MORADIAS EUCALIPTOS - SALDO CREDOR DO CT 43212-81                                                                       ,25,MORADIAS EUCALIPTOS - SALDO CREDOR DO CT 43212-81                                                                       ,0,5,0,em situação normal,HAB / MORADIAS POPULARES                  ,200109,100,09/01/98 00:00:00,09/30/01 00:00:00,,200109,0,100,6,      ,,,,,,,,,,,,,,,,,,,,,12162712,,,,
raw/sharepoint/Canal FGTS/MC20260306.zip,MCidades_AO_1.mdb + AO_2.mdb + AO_3.mdb,0121696,0121696,56,1220891.25,1346554.18,05/05/98 00:00:00,1997,2,26,078,71051,53000,7186,00,B2,N,0121663,68,Salvador,226078002,OF 279/97 DE 30/04/97,,BA,HAB / PRO-MORADIA                         ,"BAIXA DO CARANGUEJO, SALVADOR/BA                            ",SALVADOR/BA                                                 ,AV AFRANIO PEIXOTO LOBATO                                   ,1600,SALDO CREDOR DO CT-58.521-24 - SALVADOR/BAIXA DO CARANGUEJO                                                             ,79,SALDO CREDOR DO CT-58.521-24 - SALVADOR/BAIXA DO CARANGUEJO                                                             ,0,127,0,em situação normal,URBANIZACAO DE AREAS                      ,200212,100,09/22/98 00:00:00,12/30/02 00:00:00,,200212,100,100,6,W     ,,,,,,,,,,,,,,,,,,,,,12169656,,,,
raw/sharepoint/Canal FGTS/MC20260306.zip,MCidades_AO_1.mdb + AO_2.mdb + AO_3.mdb,0121695,0121695,41,1106299.57,1200056.65,05/29/98 00:00:00,1997,2,26,078,71051,53000,7186,00,B2,N,0121664,72,Salvador,226078002,"OF 279/97, DE 30/04/97",,BA,HAB / PRO-MORADIA                         ,"ALAGADOS I, EM SALVADOR/BA                                  ",SALVADOR/BA                                                 ,RUA DA PRAINHA                                              ,1600,SALDO CREDOR DO CT-58.536-45 - SALVADOR/ALAGADOS I                                                                      ,146,SALDO CREDOR DO CT-58.536-45 - SALVADOR/ALAGADOS I                                                                      ,0,104,0,em situação normal,URBANIZACAO DE AREAS                      ,200212,100,09/22/98 00:00:00,12/30/02 00:00:00,,200212,100,100,6,W     ,,,,,,,,,,,,,,,,,,,,,12169541,,,,
raw/sharepoint/Canal FGTS/MC20260306.zip,MCidades_AO_1.mdb + AO_2.mdb + AO_3.mdb,0121690,0121690,91,149541.31,335369.28,05/29/98 00:00:00,1997,2,26,078,71051,53000,7186,00,B2,N,0121665,87,Salvador,226078002,"OF 279/97, DE 30/04/97",,BA,HAB / PRO-MORADIA                         ,"NOVA SUSSUARANA II, EM SALVADOR/BA                          ",SALVADOR/BA                                                 ,BAIRRO NOVA SUSSUARANA                                      ,1600,SALDO CREDOR DO CT-58.561-62 - SALVADOR/NOVA SUSSUARANA II                                                              ,93,SALDO CREDOR DO CT-58.561-62 - SALVADOR/NOVA SUSSUARANA II                                                              ,0,36,0,em situação normal,URBANIZACAO DE AREAS                      ,200112,100,08/26/98 00:00:00,12/25/01 00:00:00,,200112,100,100,6,W     ,,,,,,,,,,,,,,,,,,,,,12169091,,,,
raw/sharepoint/Canal FGTS/MC20260306.zip,MCidades_AO_1.mdb + AO_2.mdb + AO_3.mdb,0121691,0121691,04,290791.16,417152,05/28/98 00:00:00,1997,2,26,018,71051,53000,7186,00,B2,N,0121666,91,Salvador,226018002,"OF 279/97, DE 30/04/1997",,BA,HAB / PRO-MORADIA                         ,"CH JARDIM VALERIA, EM SALVADOR/BA                           ",SALVADOR/BA                                                 ,BAIRRO VALERIA                                              ,1600,SALDO CREDOR DO CT-58.558-04 - SALVADOR/JARDIM VALERIA                                                                  ,500,SALDO CREDOR DO CT-58.558-04 - SALVADOR/JARDIM VALERIA                                                                  ,0,28,0,em situação normal,HAB / MORADIAS POPULARES                  ,200211,100,08/31/98 00:00:00,12/30/02 00:00:00,,200211,100,100,6,W     ,,,,,,,,,,,,,,,,,,,,,12169104,,,,
raw/sharepoint/Canal FGTS/MC20260306.zip,MCidades_AO_1.mdb + AO_2.mdb + AO_3.mdb,0121692,0121692,18,47781.01,53827.5,05/28/98 00:00:00,1997,2,26,078,71051,53000,7186,00,B2,N,0121667,04,Salvador,226078002,"OF 279/97, DE 30/04/1997",,BA,HAB / PRO-MORADIA                         ,"BEIRA DIQUE, EM SALVADOR/BA                                 ",SALVADOR/BA                                                 ,SAO CAETANO                                                 ,1600,SALDO CREDOR DO CT-58.560-46 - SALVADOR/BEIRA DIQUE                                                                     ,59,SALDO CREDOR DO CT-58.560-46 - SALVADOR/BEIRA DIQUE                                                                     ,0,5,0,em situação normal,URBANIZACAO DE AREAS                      ,200102,100,09/15/98 00:00:00,06/30/02 00:00:00,,200102,100,100,6,GW    ,,,,,,,,,,,,,,,,,,,,,12169218,,,,
raw/sharepoint/Canal FGTS/MC20260306.zip,MCidades_AO_1.mdb + AO_2.mdb + AO_3.mdb,0121767,0121767,18,555276.53,676766.49,05/28/98 00:00:00,1997,2,26,078,71051,53000,7186,00,B2,N,0121725,08,Salvador,226078002,"OF 279/97, DE 30/04/1997",,BA,HAB / PRO-MORADIA                         ,"COMUNIDADE ALAGADOS II, EM SALVADOR/BA                      ",SALVADOR/BA                                                 ,"BAIRRO LOBATO, PENINSULA DE JOANES                          ",1600,SALDO CREDOR DO CT-58.511-10 - SSA/ALAGADOS II                                                                          ,88,SALDO CREDOR DO CT-58.511-10 - SSA/ALAGADOS II                                                                          ,0,62,0,em situação normal,URBANIZACAO DE AREAS                      ,200212,100,09/22/98 00:00:00,12/31/02 00:00:00,,200212,100,100,6,W     ,,,,,,,,,,,,,,,,,,,,,12176718,,,,
raw/sharepoint/Canal FGTS/MC20260306.zip,MCidades_AO_1.mdb + AO_2.mdb + AO_3.mdb,0121762,0121762,68,127768.35,141964.84,05/28/98 00:00:00,1997,2,26,078,71051,53000,7186,00,B2,N,0121727,26,Salvador,226078002,"OF 279/97, DE 30/04/1997",,BA,HAB / PRO-MORADIA                         ,COMUNIDADE CANDEAL PEQUENO/TA REBOCADO                      ,SALVADOR/BA                                                 ,BAIRRO CANDEAL                                              ,1600,SALDO CREDOR DO CT-58.508-54 - SSA/CANDEAL PEQUENO                                                                      ,150,SALDO CREDOR DO CT-58.508-54 - SSA/CANDEAL PEQUENO                                                                      ,0,11,0,em situação normal,URBANIZACAO DE AREAS                      ,200201,100,10/14/98 00:00:00,01/30/02 00:00:00,,200201,100,100,6,JW    ,,,,,,,,,,,,,,,,,,,,,12176268,,,,
raw/sharepoint/Canal FGTS/MC20260306.zip,MCidades_AO_1.mdb + AO_2.mdb + AO_3.mdb,0121759,0121759,11,26418.92,37741.32,12/30/96 00:00:00,1995,2,26,070,71051,53000,7186,00,B2,N,0121730,73,Salvador,226070002,OF S/N DE 02/08/1996,,BA,HAB / PRO-MORADIA                         ,INFRA-ESTRUTURA DO CONJUNTO HABITACIONAL COUTOS I           ,SALVADOR/BA                                                 ,BAIRRO COUTOS                                               ,1600,SALDO CREDOR DO CT-38.809-82 - SSA/CH COUTOS I - RES 211/96                                                             ,0,SALDO CREDOR DO CT-38.809-82 - SSA/CH COUTOS I - RES 211/96                                                             ,0,9,0,em situação normal,INFRA-ESTRUTURA EM CONJUNTO HABITACIONAL  ,200109,100,06/30/97 00:00:00,12/30/01 00:00:00,,200109,100,100,6,W     ,,,,,,,,,,,,,,,,,,,,,12175911,,,,
raw/sharepoint/Canal FGTS/MC20260306.zip,MCidades_AO_1.mdb + AO_2.mdb + AO_3.mdb,0121792,0121792,22,15149.64,15150.1,05/08/98 00:00:00,1998,2,26,019,71720,53000,7179,00,B2,N,0121791,18,CHAPECO,226019002,,,SC,HAB / PRO-MORADIA                         ,PRO 120 LOTES URBANIZADOS COM CESTAS MAT CONSTRUCAO         ,VIDEIRA                                                     ,BAIRRO CAMPO EXPERIMENTAL                                   ,3902,"PRO 120 LOTES URBANIZADOS E CESTAS DE MAT CONSTRUCAO ""SALDO CREDOR DO CT 76.599-88"".                                    ",120,"PRO 120 LOTES URBANIZADOS E CESTAS DE MAT CONSTRUCAO ""SALDO CREDOR DO CT 76.599-88"".                                    ",0,13,0,em situação normal,HAB / CESTA BASICA MAT E LOTE URB- CONJ   ,200212,100,09/01/98 00:00:00,12/01/02 00:00:00,,200212,0,100,6,      ,,12/10/02 00:00:00,,,,,,,,,,,,,,,,,,,12179222,,,,
raw/sharepoint/Canal FGTS/MC20260306.zip,MCidades_AO_1.mdb + AO_2.mdb + AO_3.mdb,0121989,0121989,95,74406.74000000001,223117.43,06/30/97 00:00:00,1997,2,26,078,71672,53000,7179,02,B2,N,0121986,63,Blumenau,226078002,,,SC,HAB / PRO-MORADIA                         ,CJ HAB LIBERTADORES                                         ,"RUA FREDERICO BOHERINGER, SN                                ",ITOUPAVAZINHA                                               ,3734,"URB AREA NAO OCUPADA, CONSTRUCAO DE 140 UNID HABITACIONAIS  CJ HAB LIBERTADORES. SALDO CREDOR  -CONTRATO ORIG 0039380-75",140,"URB AREA NAO OCUPADA, CONSTRUCAO DE 140 UNID HABITACIONAIS  CJ HAB LIBERTADORES. SALDO CREDOR  -CONTRATO ORIG 0039380-75",0,13,0,cancelado,URBANIZACAO DE AREAS                      ,200611,100,06/30/97 00:00:00,,,200611,100,100,6,      ,,,,,,,,,,,,,,,,,,,,,12198995,,,,
raw/sharepoint/Canal FGTS/MC20260306.zip,MCidades_AO_1.mdb + AO_2.mdb + AO_3.mdb,0122005,0122005,14,18484240.09,38196428.33,06/30/98 00:00:00,1997,2,26,078,71332,53000,7185,00,B2,N,0122000,64,Rio de Janeiro,226078002,,,RJ,HAB / PRO-MORADIA                         ,RIO DAS PEDRAS                                              ,RIO DE JANEIRO                                              ,RIO DE JANEIRO                                              ,2810,SALDO CREDOR - CT 60351-47                                                                                              ,0,SALDO CREDOR - CT 60351-47                                                                                              ,0,1958,0,em situação normal,URBANIZACAO DE AREAS                      ,201004,100,11/23/99 00:00:00,,,201004,0,100,6,      ,,,21.0,16349876.03125,2010,,,,,,,,,,,,,,,,12200514,,,,
raw/sharepoint/Canal FGTS/MC20260306.zip,MCidades_AO_1.mdb + AO_2.mdb + AO_3.mdb,0122067,0122067,65,205369.91,234708.28,05/28/98 00:00:00,1997,2,26,078,71051,53000,7186,00,B2,N,0122014,24,Salvador,226078002,"OF 279,DE 30/04/1997",,BA,HAB / PRO-MORADIA                         ,BAIXA DO CACAU/SALVADOR                                     ,BAIXA DO CACAU                                              ,SALVADOR                                                    ,1600,SALDO CREDOR DO CT 58515-02 - SSA/BAIXA DO CACAU            AREA NA BAIXA DO CACAU/SALVADOR                             ,190,SALDO CREDOR DO CT 58515-02 - SSA/BAIXA DO CACAU            AREA NA BAIXA DO CACAU/SALVADOR                             ,0,33,0,em situação normal,URBANIZACAO DE AREAS                      ,200205,100,09/15/98 00:00:00,05/30/02 00:00:00,,200205,100,100,6,Y     ,,,,,,,,,,,,,,,,,,,,,12206765,,,,
raw/sharepoint/Canal FGTS/MC20260306.zip,MCidades_AO_1.mdb + AO_2.mdb + AO_3.mdb,0122064,0122064,31,240232.78,266925.02,05/28/98 00:00:00,1997,2,26,078,71051,53000,7186,00,B2,N,0122015,39,Salvador,226078002,"OF 279, DE 30/04/1997",,BA,HAB / PRO-MORADIA                         ,DUNAS DO ABAETE/SALVADOR                                    ,DUNAS DO ABAETE                                             ,SALVADOR                                                    ,1600,SALDO CREDOR DO CT 58.503-46 -SSA/DUNAS DO ABAETE           ABAETE/SALVADOR                                             ,237,SALDO CREDOR DO CT 58.503-46 -SSA/DUNAS DO ABAETE           ABAETE/SALVADOR                                             ,0,25,0,em situação normal,URBANIZACAO DE AREAS                      ,200212,100,09/11/98 00:00:00,12/30/02 00:00:00,,200212,100,100,6,W     ,,,,,,,,,,,,,,,,,,,,,12206431,,,,
raw/sharepoint/Canal FGTS/MC20260306.zip,MCidades_AO_1.mdb + AO_2.mdb + AO_3.mdb,0122065,0122065,46,118886.67,164672.32,05/28/98 00:00:00,1997,2,26,078,71051,53000,7186,00,B2,N,0122016,43,Salvador,226078002,"OF 279, DE 30/04/1997",,BA,HAB / PRO-MORADIA                         ,ALTO DA BELA VISTA I/II-BAIXA DA GIA/SALVADOR               ,ALTO DA BELA VISTA I/II - BAIXA DA GIA                      ,SALVADOR                                                    ,1600,SALDO CREDOR DO CT 58.513-51-ALTO DA BELA VISTA/BX DA GIA   BELA VISTA I/II - BAIXA DA GIA/SALVDOR                      ,42,SALDO CREDOR DO CT 58.513-51-ALTO DA BELA VISTA/BX DA GIA   BELA VISTA I/II - BAIXA DA GIA/SALVDOR                      ,0,16,0,em situação normal,URBANIZACAO DE AREAS                      ,200206,100,09/22/98 00:00:00,06/30/02 00:00:00,,200206,100,100,6,GW    ,,,,,,,,,,,,,,,,,,,,,12206546,,,,
raw/sharepoint/Canal FGTS/MC20260306.zip,MCidades_AO_1.mdb + AO_2.mdb + AO_3.mdb,0122062,0122062,13,551608.26,612898.0600000001,05/28/98 00:00:00,1997,2,26,078,71051,53000,7186,00,B2,N,0122018,62,Salvador,226078002,"OF 279/97, DE 30/04/1997",,BA,HAB / PRO-MORADIA                         ,"COMUNIDADE NOVA REPUBLICA, EM SALVADOR/BA                   ",SALVADOR/BA                                                 ,BAIRRO NORDESTE DE AMARALINA                                ,1600,SALDO CREDOR DO CT-58.512-35 - SSA/NOVA REPUBLICA                                                                       ,1600,SALDO CREDOR DO CT-58.512-35 - SSA/NOVA REPUBLICA                                                                       ,0,61,0,em situação normal,URBANIZACAO DE AREAS                      ,200307,100,09/21/98 00:00:00,06/30/03 00:00:00,,200307,100,100,6,W     ,,,,,,,,,,,,,,,,,,,,,12206213,0464411,12206213,11/11/16 00:00:00,01/31/16 00:00:00
raw/sharepoint/Canal FGTS/MC20260306.zip,MCidades_AO_1.mdb + AO_2.mdb + AO_3.mdb,0122130,0122130,32,487016.98,770787.71,12/16/96 00:00:00,1996,2,26,021,71057,53000,7175,00,B2,N,0122089,22,Brasília,226021002,,,DF,HAB / PRO-MORADIA                         ,PROMORADIA - SALDO CREDOR DO CT. 0038208-34                 ,DISTRITO FEDERAL                                            ,PARANOA                                                     ,4495,SALDO CREDOR DO CT 38209-50 CUJO AGENTE OPERADOR FOI SUBSTI-TUIDO PELA EMGEA.                                           ,217,SALDO CREDOR DO CT 38209-50 CUJO AGENTE OPERADOR FOI SUBSTI-TUIDO PELA EMGEA.                                           ,0,73,0,em situação normal,HAB / CESTA BASICA DE MATERIAIS           ,200110,100,07/01/01 00:00:00,10/31/01 00:00:00,11/30/01 00:00:00,200110,0,100,6,      ,,,,,,,,,,,,,,,,,,,,,12213032,,,,
raw/sharepoint/Canal FGTS/MC20260306.zip,MCidades_AO_1.mdb + AO_2.mdb + AO_3.mdb,0122178,0122178,07,37082.88,41203.2,05/29/98 00:00:00,1997,2,26,078,71051,53000,7186,00,B2,N,0122099,47,Salvador,226078002,"OF 279/97, 30/04/97",,BA,HAB / PRO-MORADIA                         ,"URBANIZACAO NA COMUNIDADE VILA FELIZ, EM JACOBINA/BA        ",JACOBINA/BA                                                 ,"RUA DO DIVINO ESPIRITO SANTO, BAIRRO VILA FELIZ             ",1776,SALDO CREDOR DO CT-58.706-54 - JACOBINA/VILA FELIZ                                                                      ,60,SALDO CREDOR DO CT-58.706-54 - JACOBINA/VILA FELIZ                                                                      ,0,5,0,em situação normal,URBANIZACAO DE AREAS                      ,200212,100,09/22/98 00:00:00,12/30/02 00:00:00,,200212,100,100,6,W     ,,,,,,,,,,,,,,,,,,,,,12217807,,,,
raw/sharepoint/Canal FGTS/MC20260306.zip,MCidades_AO_1.mdb + AO_2.mdb + AO_3.mdb,0122169,0122169,97,307922.86,683180.23,12/16/96 00:00:00,1996,2,26,021,71057,53000,7175,00,B2,N,0122112,10,Brasília,226021002,,,DF,HAB / PRO-MORADIA                         ,PROMORADIA - SALDO CREDOR DO CT 38196-67                    ,DISTRITO FEDERAL                                            ,RECANTO DAS EMAS/DF                                         ,4495,SALDO CREDOR DO CONTRATO 38196-67 CUJO AGENTE OPERADOR FOI  SUBSTITUIDO PELA EMGEA.                                     ,251,SALDO CREDOR DO CONTRATO 38196-67 CUJO AGENTE OPERADOR FOI  SUBSTITUIDO PELA EMGEA.                                     ,0,65,0,em situação normal,HAB / CESTA BASICA DE MATERIAIS           ,200110,100,07/01/01 00:00:00,10/31/01 00:00:00,11/30/01 00:00:00,200110,0,100,6,      ,,,,,,,,,,,,,,,,,,,,,12216997,,,,
raw/sharepoint/Canal FGTS/MC20260306.zip,MCidades_AO_1.mdb + AO_2.mdb + AO_3.mdb,0122160,0122160,09,222383.29,596695.34,12/16/96 00:00:00,1996,2,26,021,71057,53000,7175,00,B2,N,0122115,43,Brasília,226021002,,,DF,HAB / PRO-MORADIA                         ,PROMORADIA - SALDO CREDOR DO CT 38203-27                    ,DISTRITO FEDERAL                                            ,RECANTO DAS EMAS/DF                                         ,4495,SALDO CREDOR DO CONTRATO 38203-27 CUJO AGENTE OPERADOR FOI  SUBSTITUIDO PELA EMGEA.                                     ,258,SALDO CREDOR DO CONTRATO 38203-27 CUJO AGENTE OPERADOR FOI  SUBSTITUIDO PELA EMGEA.                                     ,0,57,0,em situação normal,HAB / CESTA BASICA DE MATERIAIS           ,200110,100,07/01/01 00:00:00,10/31/01 00:00:00,11/30/01 00:00:00,200110,0,100,6,      ,,,,,,,,,,,,,,,,,,,,,12216009,,,,
raw/sharepoint/Canal FGTS/MC20260306.zip,MCidades_AO_1.mdb + AO_2.mdb + AO_3.mdb,0122157,0122157,54,160288.74,315273.47,12/16/96 00:00:00,1996,2,26,002,71057,53000,7175,00,B2,N,0122118,76,Brasília,226002002,,,DF,HAB / PRO-MORADIA                         ,PROMORADIA - SALDO CREDOR DO CT 38219-64                    ,DISTRITO FEDERAL                                            ,EXPANSAO SAMAMBAIA                                          ,4495,SALDO CREDOR DO CONTRATO 38219-64 CUJO AGENTE OPERADOR FOI  SUBSTITUIDO PELA EMGEA.                                     ,88,SALDO CREDOR DO CONTRATO 38219-64 CUJO AGENTE OPERADOR FOI  SUBSTITUIDO PELA EMGEA.                                     ,0,30,0,em situação normal,URBANIZ. AREAS OCUPADAS POR SUB-HABITACAO ,200110,100,07/01/01 00:00:00,10/31/01 00:00:00,11/30/01 00:00:00,200110,0,100,6,      ,,,,,,,,,,,,,,,,,,,,,12215754,,,,
raw/sharepoint/Canal FGTS/MC20260306.zip,MCidades_AO_1.mdb + AO_2.mdb + AO_3.mdb,0122177,0122177,94,616.97,686.0599999999999,05/05/98 00:00:00,1997,2,26,078,71051,53000,7186,00,B2,N,0122123,49,Salvador,226078002,"OF 279/97, DE 30/04/1997",,BA,HAB / PRO-MORADIA                         ,"NOVA SANTO AMARO, EM SANTO AMARO/BA                         ",SANTO AMARO/BA                                              ,ESTRADA DE ACESSO A CIDADE DE CACHOEIRA                     ,1885,SALDO CREDOR DO CT-58.535-20 - NOVA SANTO AMARO/SANTO AMARO                                                             ,121,SALDO CREDOR DO CT-58.535-20 - NOVA SANTO AMARO/SANTO AMARO                                                             ,0,0,0,em situação normal,URBANIZACAO DE AREAS                      ,200102,100,07/29/98 00:00:00,02/28/01 00:00:00,,200102,100,100,6,      ,,,,,,,,,,,,,,,,,,,,,12217794,,,,
raw/sharepoint/Canal FGTS/MC20260306.zip,MCidades_AO_1.mdb + AO_2.mdb + AO_3.mdb,0122179,0122179,11,140918.49,163789.49,05/28/98 00:00:00,1997,2,26,078,71051,53000,7186,00,B2,N,0122129,04,Salvador,226078002,"OF 279/97, DE 30/04/97",,BA,HAB / PRO-MORADIA                         ,"SAO DOMINGOS, ITAMARAJU                                     ",ITAMARAJU                                                   ,AREA DE INUNDACAO DO RIO JUCURUCU                           ,1757,SALDO CREDOR DO CT-58.526-31 - ITAMARAJU/SAO DOMINGOS                                                                   ,197,SALDO CREDOR DO CT-58.526-31 - ITAMARAJU/SAO DOMINGOS                                                                   ,0,16,0,em situação normal,URBANIZACAO DE AREAS                      ,200108,100,08/03/98 00:00:00,12/24/01 00:00:00,,200108,100,100,6,JGW   ,,,,,,,,,,,,,,,,,,,,,12217911,,,,
raw/sharepoint/Canal FGTS/MC20260306.zip,MCidades_AO_1.mdb + AO_2.mdb + AO_3.mdb,0122180,0122180,49,86658.8,96287.57000000001,05/28/98 00:00:00,1997,2,26,078,71051,53000,7186,01,B2,N,0122132,51,Salvador,226078002,"OF 279/97, DE 30/04/1997",,BA,HAB / PRO-MORADIA                         ,"INVASAO DO PEQUI, EM EUNAPOLIS                              ",EUNAPOLIS                                                   ,"INVASAO DO PEQUI, RUA LOMANTO JUNIOR                        ",4573,SALDO CREDOR DO CT-58.546-50 - EUNAPOLIS/PEQUI                                                                          ,125,SALDO CREDOR DO CT-58.546-50 - EUNAPOLIS/PEQUI                                                                          ,0,9,0,distratado,URBANIZACAO DE AREAS                      ,200212,100,08/17/98 00:00:00,12/30/02 00:00:00,,200212,100,100,6,W     ,,,,,,,,,,,,,,,,,,,,,12218049,,,,
raw/sharepoint/Canal FGTS/MC20260306.zip,MCidades_AO_1.mdb + AO_2.mdb + AO_3.mdb,0122165,0122165,51,29164.16,38553.44,04/13/98 00:00:00,1997,2,26,018,71564,53000,7174,00,B2,N,0122163,31,GOVERNADOR VALADARES,226018002,,,MG,HAB / PRO-MORADIA                         ,SALDO CREDOR CCONTRATO 40785-01 PROD UNID HABIT EM SOBRALIA ,SOBRALIA/MG                                                 ,SOBRALIA/MG                                                 ,2626,SALDO CREDOR DO CONTRATO 40.785-01 - PRODUCAO DE UNIDADES   HABITACIONAIS NO MUNICIPIO DE SOBRALIA.                     ,65,SALDO CREDOR DO CONTRATO 40.785-01 - PRODUCAO DE UNIDADES   HABITACIONAIS NO MUNICIPIO DE SOBRALIA.                     ,0,4,0,em situação normal,HAB / MORADIAS POPULARES                  ,200108,100,08/01/98 00:00:00,07/30/01 00:00:00,,200108,0,100,6,      ,,,,,,,,,,,,,,,,,,,,,12216551,,,,
raw/sharepoint/Canal FGTS/MC20260306.zip,MCidades_AO_1.mdb + AO_2.mdb + AO_3.mdb,0122166,0122166,65,449572.53,1482395.18,06/30/98 00:00:00,1997,2,26,078,71332,53000,7185,00,B2,N,0122164,45,Rio de Janeiro,226078002,,,RJ,HAB / PRO-MORADIA                         ,FAZENDA COQUEIROS                                           ,RIO DE JANEIRO                                              ,RIO DE JANEIRO                                              ,2810,SALDO CREDOR - CT 0060350-22                                                                                            ,0,SALDO CREDOR - CT 0060350-22                                                                                            ,0,1038,0,em situação normal,URBANIZACAO DE AREAS                      ,200605,100,10/02/00 00:00:00,,,200605,0,100,6,      ,,05/09/06 00:00:00,,,,,,,,,,,,,,,,,,,12216665,,,,
raw/sharepoint/Canal FGTS/MC20260306.zip,MCidades_AO_1.mdb + AO_2.mdb + AO_3.mdb,0122251,0122251,02,56311.52,62568.37,05/28/98 00:00:00,1997,2,26,078,71051,53000,7186,00,B2,N,0122194,00,Salvador,226078002,"OF 279/97, DE 30/04/97",,BA,HAB / PRO-MORADIA                         ,CAMACARI/ALTO DA BELA VISTA                                 ,CAMACARI/BA                                                 ,RUA DA BELA VISTA                                           ,1657,SALDO CREDOR DO CT-58.505-99 - CAMACARI/ALTO DA BELA VISTA                                                              ,43,SALDO CREDOR DO CT-58.505-99 - CAMACARI/ALTO DA BELA VISTA                                                              ,0,6,0,em situação normal,URBANIZACAO DE AREAS                      ,200112,100,09/22/98 00:00:00,11/30/01 00:00:00,,200112,100,100,6,JW    ,,,,,,,,,,,,,,,,,,,,,12225102,,,,
raw/sharepoint/Canal FGTS/MC20260306.zip,MCidades_AO_1.mdb + AO_2.mdb + AO_3.mdb,0122248,0122248,44,1004.63,1687.71,05/28/98 00:00:00,1997,2,26,018,71051,53000,7186,00,B2,N,0122196,29,Salvador,226018002,"OF 279/97, DE 30/04/1997",,BA,HAB / PRO-MORADIA                         ,CAJI 2-B/LAURO DE FREITAS                                   ,LAURO DE FREITAS/BA                                         ,"VIDA NOVA, 1A ETAPA, SETOR B, 2A FASE                       ",1793,SALDO CREDOR DO CT-40.764-57 - CAJI 2-B/LAURO DE FREITAS                                                                ,500,SALDO CREDOR DO CT-40.764-57 - CAJI 2-B/LAURO DE FREITAS                                                                ,0,0,0,em situação normal,HAB / MORADIAS POPULARES                  ,200108,100,08/10/98 00:00:00,12/30/01 00:00:00,,200108,100,100,6,GW    ,,,,,,,,,,,,,,,,,,,,,12224844,,,,
raw/sharepoint/Canal FGTS/MC20260306.zip,MCidades_AO_1.mdb + AO_2.mdb + AO_3.mdb,0122258,0122258,72,92599.03999999999,102886.88,05/29/98 00:00:00,1997,2,26,078,71051,53000,7186,00,B2,N,0122200,82,Salvador,226078002,"OF 279/97, DE 30/04/1997",,BA,HAB / PRO-MORADIA                         ,BAIXINHA/ENTRE RIOS                                         ,ENTRE RIOS/BA                                               ,BAIRRO DE BELA VISTA                                        ,1705,SALDO CREDOR DO CT-58.559-29 - ENTRE RIOS/BAIXINHA                                                                      ,51,SALDO CREDOR DO CT-58.559-29 - ENTRE RIOS/BAIXINHA                                                                      ,0,10,0,em situação normal,URBANIZACAO DE AREAS                      ,200301,100,09/28/98 00:00:00,01/31/03 00:00:00,,200301,100,100,6,      ,,,,,,,,,,,,,,,,,,,,,12225872,,,,
raw/sharepoint/Canal FGTS/MC20260306.zip,MCidades_AO_1.mdb + AO_2.mdb + AO_3.mdb,0122257,0122257,68,40007.09,44452.32,05/28/98 00:00:00,1997,2,26,078,71051,53000,7186,00,B2,N,0122201,96,Salvador,226078002,"OF 279/97, DE 30/04/1997",,BA,HAB / PRO-MORADIA                         ,BARRIQUINHA DA CAPELINHA                                    ,SALVADOR/BA                                                 ,CAPELINHA DE SAO CAETANO                                    ,1600,SALDO CREDOR DO CT-58.557-80 - SSA/BARRIQUINHA DA CAPELINHA                                                             ,10,SALDO CREDOR DO CT-58.557-80 - SSA/BARRIQUINHA DA CAPELINHA                                                             ,0,5,0,em situação normal,URBANIZACAO DE AREAS                      ,200205,100,08/10/98 00:00:00,02/28/02 00:00:00,,200205,100,100,6,      ,,,,,,,,,,,,,,,,,,,,,12225768,,,,
raw/sharepoint/Canal FGTS/MC20260306.zip,MCidades_AO_1.mdb + AO_2.mdb + AO_3.mdb,0122259,0122259,86,2469.04,3527.2,06/16/97 00:00:00,1997,2,26,078,68677,53000,7183,00,B2,N,0122216,62,SANTA MARIA,226078002,,,RS,HAB / PRO-MORADIA                         ,AREA RURAL                                                  ,INTERIOR DO MUNICIPIO                                       ,AREA RURAL                                                  ,3945,CONSTRUCAO DE 10 UNIDADES HABITACIONAIS EM AREA RURAL -     SALDO CREDOR                                                ,10,CONSTRUCAO DE 10 UNIDADES HABITACIONAIS EM AREA RURAL -     SALDO CREDOR                                                ,0,0,0,em situação normal,URBANIZACAO DE AREAS                      ,200110,100,04/01/98 00:00:00,10/01/01 00:00:00,11/01/01 00:00:00,200110,100,100,6,      ,,,,,,,,,,,,,,,,,,,,,12225986,,,,
raw/sharepoint/Canal FGTS/MC20260306.zip,MCidades_AO_1.mdb + AO_2.mdb + AO_3.mdb,0122264,0122264,50,154470.16,245776.54,06/29/98 00:00:00,1997,2,26,078,72312,53000,7183,00,B2,N,0122250,99,Passo Fundo,226078002,,,RS,HAB / PRO-MORADIA                         ,PAIOL GRANDE 2                                              ,ERECHIM                                                     ,CHACARA COLEGIO AGRICOLA                                    ,3989,SALDO CREDOR CONTRATO 0046753-83 REF CONSTRUCAO DE 115 UNIDADES HABITACI0NAIS                                           ,115,SALDO CREDOR CONTRATO 0046753-83 REF CONSTRUCAO DE 115 UNIDADES HABITACI0NAIS                                           ,0,23,0,em situação normal,URBANIZACAO DE AREAS                      ,200108,100,02/01/00 00:00:00,07/13/01 00:00:00,09/13/01 00:00:00,200108,100,100,6,      ,,,,,,,,,,,,,,,,,,,,,12226450,,,,
raw/sharepoint/Canal FGTS/MC20260306.zip,MCidades_AO_1.mdb + AO_2.mdb + AO_3.mdb,0122557,0122557,91,296.35,31467.35,05/20/98 00:00:00,1998,2,26,078,71746,53000,7179,02,B2,N,0122270,38,CRICIUMA,226078002,,,SC,HAB / PRO-MORADIA                         ,SANTO ANTONIO PEIXE FRITO                                   ,LOT. SANTO ANTONIO                                          ,DIVERSOS                                                    ,3756,PROJETO SANTO ANTONIO                                                                                                   ,1,PROJETO SANTO ANTONIO                                                                                                   ,0,3,0,cancelado,URBANIZACAO DE AREAS                      ,200203,100,10/30/01 00:00:00,03/30/02 00:00:00,,200203,100,100,6,      ,,,,,,,,,,,,,,,,,,,,,12255791,,,,
raw/sharepoint/Canal FGTS/MC20260306.zip,MCidades_AO_1.mdb + AO_2.mdb + AO_3.mdb,0122273,0122273,61,177513.38,385739.62,12/28/98 00:00:00,1998,2,26,018,71804,53000,7184,00,B2,N,0122271,42,Recife,226018002,PE08970066,,PE,HAB / PRO-MORADIA                         ,CONJ RES JOSUE PINTO                                        ,RECIFE                                                      ,RECIFE                                                      ,1250,CONJ RES VEREADOR JOSUE PINTO - SALDO CREDOR                                                                            ,208,CONJ RES VEREADOR JOSUE PINTO - SALDO CREDOR                                                                            ,0,39,0,em situação normal,HAB / MORADIAS POPULARES                  ,200108,100,11/05/00 00:00:00,08/19/01 00:00:00,,200108,100,100,6,      ,,,,,,,,,,,,,,,,,,,,,12227361,,,,
raw/sharepoint/Canal FGTS/MC20260306.zip,MCidades_AO_1.mdb + AO_2.mdb + AO_3.mdb,0122415,0122415,76,82995.33,99697.10000000001,05/14/97 00:00:00,1996,2,26,078,71051,53000,7186,00,B2,N,0122402,27,Salvador,226078002,OF 359/96 SRHSH,,BA,HAB / PRO-MORADIA                         ,BATE CORACAO I                                              ,SALVADOR/BA                                                 ,BAIRRO PARIPE                                               ,1600,SALDO CREDOR DO CT-39.391-03 - SALVADOR/BATE CORACAO I                                                                  ,9,SALDO CREDOR DO CT-39.391-03 - SALVADOR/BATE CORACAO I                                                                  ,0,10,0,em situação normal,URBANIZACAO DE AREAS                      ,200109,100,06/05/97 00:00:00,08/30/01 00:00:00,,200109,100,100,6,W     ,,,,,,,,,,,,,,,,,,,,,12241576,,,,
raw/sharepoint/Canal FGTS/MC20260306.zip,MCidades_AO_1.mdb + AO_2.mdb + AO_3.mdb,0122728,0122728,56,640861.64,713972.41,06/17/98 00:00:00,1998,2,26,018,71065,53000,7180,00,B2,N,0122419,11,Fortaleza,226018002,,,CE,HAB / PRO-MORADIA                         ,ARISTIDES BARCELOS                                          ,LAGOA DO CORACAO/ARISTIDES BARCELOS                         ,LAGOA DO CORACAO/ARISTIDES BARCELOS                         ,0760,SALDO CREDOR- CT. ORIGINAL 0078745-14                                                                                   ,137,SALDO CREDOR- CT. ORIGINAL 0078745-14                                                                                   ,0,98,0,em situação normal,HAB / MORADIAS POPULARES                  ,201602,100,07/15/98 00:00:00,,12/30/06 00:00:00,201602,100,100,6,      ,,02/05/16 00:00:00,5.0,640861.64,2011,,,,,,,,,,,,,,,,12272856,,,,
raw/sharepoint/Canal FGTS/MC20260306.zip,MCidades_AO_1.mdb + AO_2.mdb + AO_3.mdb,0122730,0122730,98,559118.64,639624.34,06/17/98 00:00:00,1997,2,26,018,71065,53000,7180,00,B2,N,0122485,22,Fortaleza,226018002,,,CE,HAB / PRO-MORADIA                         ,SAO MIGUEL                                                  ,VICENTE PINZON                                              ,VICENTE PINZON                                              ,0760,SALDO CREDOR                                                                                                            ,162,SALDO CREDOR                                                                                                            ,0,77,0,em situação normal,HAB / MORADIAS POPULARES                  ,200604,100,07/01/98 00:00:00,04/30/06 00:00:00,04/30/06 00:00:00,200604,0,100,6,      ,,,1.0,65738.5234375,2004,,,,,,,,,,,,,,,,12273098,,,,
raw/sharepoint/Canal FGTS/MC20260306.zip,MCidades_AO_1.mdb + AO_2.mdb + AO_3.mdb,0122694,0122694,52,92038.98,291690.78,05/14/97 00:00:00,1996,2,26,078,71051,53000,7186,00,B2,N,0122561,51,Salvador,226078002,"OF 359/96, DE 17/10/96",,BA,HAB / PRO-MORADIA                         ,JAGUARIPE D                                                 ,SALVADOR/BA                                                 ,"BAIRRO CAJAZEIRA, FAZENDA GRANDE                            ",1600,"SALDO CREDOR DO CT-39.283-14 - SSA/JAGUARIPE I, SETOR D                                                                 ",398,"SALDO CREDOR DO CT-39.283-14 - SSA/JAGUARIPE I, SETOR D                                                                 ",0,28,0,em situação normal,URBANIZACAO DE AREAS                      ,200109,100,08/21/97 00:00:00,12/31/02 00:00:00,,200109,100,100,6,GW    ,,,,,,,,,,,,,,,,,,,,,12269452,,,,
raw/sharepoint/Canal FGTS/MC20260306.zip,MCidades_AO_1.mdb + AO_2.mdb + AO_3.mdb,0122731,0122731,01,947608.72,1077725.26,06/17/98 00:00:00,1998,2,26,078,71065,53000,7180,00,B2,N,0122689,88,Fortaleza,226078002,,,CE,HAB / PRO-MORADIA                         ,JOANA D'ARC                                                 ,LAGOA DO CORACAO / JOANA D'ARC                              ,VICENTE PINZON                                              ,0760,SALDO CREDOR                                                                                                            ,0,SALDO CREDOR                                                                                                            ,0,325,0,em situação normal,URBANIZACAO DE AREAS                      ,201801,30.950001,08/10/98 00:00:00,,,201801,0,30.95,4,      ,"ROTINA DE ACOMPANHAMENTO DE OBRAS (TRIM IV/2017):                       EM 12012018 A GIFUGFO ENCAMINHOU MSG A GIGOV SOLICITANDO ATUALIZACAO/   INFORMACOES QUANTO AO ANDAMENTO DAS OBRAS, CONFORME FP 315.             RETORNO DA GIGOVFO:                                                     SOLICITACAO DE PRORROGACAO DO PRAZO DE DESEMBOLSO ENCAMINHADA PARA APRE CIACAO DO COMITE DE CREDITO E RENEGOCIACAO DA SR FORTALEZA.                                                                                                                                                                                                                                                                                                                                                                                                                                                                                                                                                                                                                                                                                                                                                                                                                                                                                                                                                                                                                                                                                                                                                                                                                                                                                                                                                                                                                                                                                                                                                                                                                                                                                                                                                                                                                                                                                                                                                                                                                                                                                                                                                                                                                                                                                                                                                                                                                                                                                                                                                                                                                                                                                                                                                                                                                                                                                                                                                                                                                                                                                                                                                                                                                                                                                       ",,7.0,947608.72,2017,,,,,,,,,,,,,,,,12273101,,,,
raw/sharepoint/Canal FGTS/MC20260306.zip,MCidades_AO_1.mdb + AO_2.mdb + AO_3.mdb,0122737,0122737,67,353787.28,433289.91,06/17/98 00:00:00,1998,2,26,078,71065,53000,7180,00,B2,N,0122702,51,Fortaleza,226078002,,,CE,HAB / PRO-MORADIA                         ,TUPIN FROTA I                                               ,AUTRAN NUNES                                                ,AUTRAN NUNES                                                ,0760,SALDO CREDOR                                                                                                            ,136,SALDO CREDOR                                                                                                            ,0,75,0,em situação normal,URBANIZACAO DE AREAS                      ,200511,100,09/01/98 00:00:00,11/30/05 00:00:00,11/30/05 00:00:00,200511,0,100,6,      ,,,2.0,353787.29296875,2005,,,,,,,,,,,,,,,,12273767,,,,
raw/sharepoint/Canal FGTS/MC20260306.zip,MCidades_AO_1.mdb + AO_2.mdb + AO_3.mdb,0122738,0122738,71,1391463.39,1546070.45,06/17/98 00:00:00,1997,2,26,078,71065,53000,7180,00,B2,N,0122704,79,Fortaleza,226078002,,,CE,HAB / PRO-MORADIA                         ,TUPIN. FROTA II                                             ,AUTRAN NUNES                                                ,AUTRAN NUNES                                                ,0760,SALDO CREDOR                                                                                                            ,0,SALDO CREDOR                                                                                                            ,0,167,0,em situação normal,URBANIZACAO DE AREAS                      ,200512,100,09/01/98 00:00:00,,,200512,0,100,6,      ,,,4.0,209172.88525390625,2006,,,,,,,,,,,,,,,,12273871,,,,
raw/sharepoint/Canal FGTS/MC20260306.zip,MCidades_AO_1.mdb + AO_2.mdb + AO_3.mdb,0122709,0122709,29,7921.46,7921.46,03/06/98 00:00:00,1998,2,26,078,82909,53000,7183,00,B2,N,0122707,01,CAXIAS DO SUL,226078002,,,RS,HAB / PRO-MORADIA                         ,LOTEAMENTO MUNICIPAL GETULIO VARGAS                         ,COTIPORA                                                    ,LOTEAMENTO POPULAR GETULIO VARGAS                           ,4157,"""SALDO CREDOR""- CONTRATO TRANSFERIDO PARA EMGEA             REESTRUTURACAO CAIXA(56533-51)                              ",30,"""SALDO CREDOR""- CONTRATO TRANSFERIDO PARA EMGEA             REESTRUTURACAO CAIXA(56533-51)                              ",0,1,0,em situação normal,URBANIZACAO DE AREAS                      ,200301,100,04/01/98 00:00:00,01/15/03 00:00:00,,200301,100,100,6,T     ,,,,,,,,,,,,,,,,,,,,,12270929,,,,
raw/sharepoint/Canal FGTS/MC20260306.zip,MCidades_AO_1.mdb + AO_2.mdb + AO_3.mdb,0122771,0122771,94,100362.63,114639.6,06/25/98 00:00:00,1998,2,26,014,82914,53000,7183,00,B2,N,0122763,97,CAXIAS DO SUL,226014002,,,RS,HAB / PRO-MORADIA                         ,LOTEAMENTO SEMINARIO                                        ,VACARIA                                                     ,VACARIA                                                     ,4144,"""SALDO CREDOR"" - REESTRUTURACAO CAIXA - TRANSFERENCIA EMGEA PRODUCAO DE 96 LOTES URBANIZADOS(76695-22)                  ",96,"""SALDO CREDOR"" - REESTRUTURACAO CAIXA - TRANSFERENCIA EMGEA PRODUCAO DE 96 LOTES URBANIZADOS(76695-22)                  ",0,11,0,em situação normal,HAB / PRODUCAO UNID HAB E/OU LOTE URBAN   ,200306,100,06/01/00 00:00:00,06/10/03 00:00:00,,200306,100,100,6,      ,,,,,,,,,,,,,,,,,,,,,12277194,,,,
raw/sharepoint/Canal FGTS/MC20260306.zip,MCidades_AO_1.mdb + AO_2.mdb + AO_3.mdb,0122770,0122770,80,41316.45,67223.62,06/25/98 00:00:00,1998,2,26,078,82914,53000,7183,00,B2,N,0122766,29,CAXIAS DO SUL,226078002,,,RS,HAB / PRO-MORADIA                         ,CHACARA DAS PALMEIRAS                                       ,VACARIA                                                     ,VACARIA                                                     ,4144,"""SALDO CREDOR"" - REESTRUTURACAO CAIXA - TRANSFERENCIA EMGEA CONSTRUCAO DE 101 UNIDADES HABITACIONAIS(56545-16)          ",101,"""SALDO CREDOR"" - REESTRUTURACAO CAIXA - TRANSFERENCIA EMGEA CONSTRUCAO DE 101 UNIDADES HABITACIONAIS(56545-16)          ",0,11,0,em situação normal,URBANIZACAO DE AREAS                      ,200110,100,09/01/99 00:00:00,10/22/01 00:00:00,,200110,100,100,6,      ,,,,,,,,,,,,,,,,,,,,,12277080,,,,
raw/sharepoint/Canal FGTS/MC20260306.zip,MCidades_AO_1.mdb + AO_2.mdb + AO_3.mdb,0123319,0123319,22,26115.11,26115.11,06/30/98 00:00:00,1997,2,26,070,71019,53000,7179,00,B2,N,0123316,91,JOINVILLE,226070002,,,SC,HAB / PRO-MORADIA                         ,NOVA ESPERANCA                                              ,RIO NEGRINHO                                                ,BAIRRO INDUSTRIAL NORTE                                     ,3859,INFRA-ESTRUTURA EM CONJUNTOS HABITACIONAIS - SALDO CREDOR                                                               ,450,INFRA-ESTRUTURA EM CONJUNTOS HABITACIONAIS - SALDO CREDOR                                                               ,0,2,0,em situação normal,INFRA-ESTRUTURA EM CONJUNTO HABITACIONAL  ,200109,100,11/01/98 00:00:00,,,200109,0,100,6,      ,,,,,,,,,,,,,,,,,,,,,12331922,,,,
raw/sharepoint/Canal FGTS/MC20260306.zip,MCidades_AO_1.mdb + AO_2.mdb + AO_3.mdb,0123349,0123349,88,30740.04,101502.48,07/15/96 00:00:00,1995,2,26,003,71051,53000,7186,00,B2,N,0123337,44,Salvador,226003002,OF 015/96-CEPHAS,,BA,HAB / PRO-MORADIA                         ,ALTERNATIVA                                                 ,"CONJUNTO CASTELO BRANCO, EM SALVADOR/BA                     ",BAIRRO CASTELO BRANCO                                       ,1600,SALDO CREDOR DO CT-35.712-92 - SALVADOR/ALTERNATIVA                                                                     ,223,SALDO CREDOR DO CT-35.712-92 - SALVADOR/ALTERNATIVA                                                                     ,0,16,0,em situação normal,URBANIZ. AREAS NAO OCUPADAS               ,200109,100,07/22/96 00:00:00,09/30/00 00:00:00,,200109,100,100,6,JLW   ,,,,,,,,,,,,,,,,,,,,,12334988,,,,
raw/sharepoint/Canal FGTS/MC20260306.zip,MCidades_AO_1.mdb + AO_2.mdb + AO_3.mdb,0124118,0124118,15,1550.95,1550.95,04/29/98 00:00:00,1997,2,26,018,69279,53000,7174,00,B2,N,0124036,23,JUIZ DE FORA,226018002,,,MG,HAB / PRO-MORADIA                         ,"""SC CT 40409-31 PAIVA""                                      ",MUNICIPIO DE PAIVA                                          ,MUNICIPIO DE PAIVA                                          ,2415,"""SALDO CREDOR CT 40409-31"" PRODUCAO DE UM CONJUNTO HABITACIONAL COM 25 UNIDADES                                         ",25,"""SALDO CREDOR CT 40409-31"" PRODUCAO DE UM CONJUNTO HABITACIONAL COM 25 UNIDADES                                         ",0,0,0,em situação normal,HAB / MORADIAS POPULARES                  ,200110,100,06/26/98 00:00:00,06/14/99 00:00:00,06/30/99 00:00:00,200110,0,100,6,      ,,,,,,,,,,,,,,,,,,,,,12411815,,,,
raw/sharepoint/Canal FGTS/MC20260306.zip,MCidades_AO_1.mdb + AO_2.mdb + AO_3.mdb,0124181,0124181,94,373165.98,373165.98,06/29/98 00:00:00,1997,2,26,078,71037,53000,7173,00,B2,N,0124164,86,Belém,226078002,CI GEAVO/GECOA/GECIJ 007,,PA,HAB / PRO-MORADIA                         ,PM/PA/URB.A/CARNEIRINHO                                     ,BELEM/COHAB/CARNEIRINHO/PRO-MORADIA98/URB.AREAS             ,"ROD.AUGUSTO MONTENEGRO,RUA SIDERAL                          ",0400,"INFRA COM IMPLANTACAO DO SIST VIARIO,PAVIMENTACAO,DRENAGEM, ESG.SANITARIO E ABASTECIMENTO DE AGUA - SALDO CREDOR        ",323,"INFRA COM IMPLANTACAO DO SIST VIARIO,PAVIMENTACAO,DRENAGEM, ESG.SANITARIO E ABASTECIMENTO DE AGUA - SALDO CREDOR        ",0,36,0,em situação normal,URBANIZACAO DE AREAS                      ,200608,100,09/01/98 00:00:00,,,200608,0,100,6,      ,,10/18/01 00:00:00,1.0,-1219.569946289062,2004,,,,,,,,,,,,,,,,12418194,,,,
raw/sharepoint/Canal FGTS/MC20260306.zip,MCidades_AO_1.mdb + AO_2.mdb + AO_3.mdb,0124204,0124204,68,684995.13,765355.13,06/29/98 00:00:00,1997,2,26,078,71037,53000,7173,00,B2,N,0124165,91,Belém,226078002,CI GEAVO/GECOA/GECIJ 007,,PA,HAB / PRO-MORADIA                         ,PM/PA/URB.AREA/TENONE                                       ,BELEM/COHAB/TENONE/PRO-MORADIA98/URB.AREA/S.CREDOR          ,ROD AUGUSTO MONTENEGRO - TAPANA                             ,0400,"INFRA COM IMPLANTACAO DE SIST VIARIO,PAVIMENTACAO,SIST DE   DRENAGEM,ESG SANIT E ABAST DE AGUA - SALDO CREDOR           ",498,"INFRA COM IMPLANTACAO DE SIST VIARIO,PAVIMENTACAO,SIST DE   DRENAGEM,ESG SANIT E ABAST DE AGUA - SALDO CREDOR           ",0,103,0,em situação normal,URBANIZACAO DE AREAS                      ,200409,100,07/09/98 00:00:00,09/24/04 00:00:00,,200409,0,100,6,      ,,,,,,,,,,,,,,,,,,,,,12420468,,,,
raw/sharepoint/Canal FGTS/MC20260306.zip,MCidades_AO_1.mdb + AO_2.mdb + AO_3.mdb,0124205,0124205,73,1242851.17,1242851.17,06/29/98 00:00:00,1997,2,26,078,71037,53000,7173,00,B2,N,0124169,36,Belém,226078002,CI GEAVO/GECOA/GECIJ 007,,PA,HAB / PRO-MORADIA                         ,PM/PA/URB.AREA/MARITUBA I                                   ,MARITUBA/COHAB/MARITUBA I/PRO-MORADIA98/URB.AREA            ,"RUA ALFREDO CALADO,ROD BR 316                               ",5698,"INFRA COM IMPLANTACAO DE SISTEMA VIARIO,PAVIMENTACAO,DRENA- GEM,ESG.SANITARIO E ABAST DE AGUA - SALDO CREDOR            ",643,"INFRA COM IMPLANTACAO DE SISTEMA VIARIO,PAVIMENTACAO,DRENA- GEM,ESG.SANITARIO E ABAST DE AGUA - SALDO CREDOR            ",0,121,0,em situação normal,URBANIZACAO DE AREAS                      ,200612,100,07/02/98 00:00:00,06/30/04 00:00:00,,200612,0,100,6,      ,,,,,,,,,,,,,,,,,,,,,12420573,,,,
raw/sharepoint/Canal FGTS/MC20260306.zip,MCidades_AO_1.mdb + AO_2.mdb + AO_3.mdb,0124209,0124209,18,71895.19,71895.19,06/30/98 00:00:00,1997,2,26,078,71207,53000,7173,00,B2,N,0124175,15,Belém,226078002,CI GEAVO/GECOA/GECIJ 007,,PA,HAB / PRO-MORADIA                         ,PM/BEL/U.A./JINKINGS                                        ,BELEM/JINKINGS/PRO-MORADIA98/URB.AREA                       ,DISTRITO DO OUTEIRO                                         ,0400,"SISTEMA VIARIO,DRENAGEM,ABAST DE AGUA,ESGOTO SANITARIO-SALDOCREDOR                                                      ",250,"SISTEMA VIARIO,DRENAGEM,ABAST DE AGUA,ESGOTO SANITARIO-SALDOCREDOR                                                      ",0,9,0,em situação normal,URBANIZACAO DE AREAS                      ,200112,100,06/01/99 00:00:00,12/22/01 00:00:00,01/22/02 00:00:00,200112,0,100,6,      ,,,,,,,,,,,,,,,,,,,,,12420918,,,,
raw/sharepoint/Canal FGTS/MC20260306.zip,MCidades_AO_1.mdb + AO_2.mdb + AO_3.mdb,0124210,0124210,46,249536.99,322729.92,06/30/98 00:00:00,1997,2,26,078,71207,53000,7173,00,B2,N,0124177,33,Belém,226078002,CI GEAVO/GECOA/GECIJ,,PA,HAB / PRO-MORADIA                         ,PM/BEL/URB.A/DEUS 1                                         ,BELEM/DEUS I/PRO-MORADIA98/URB AREA/S.CREDOR                ,ICOARACI                                                    ,0400,"SISTEMA VIARIO,DRENAGEM,ABASTECIMENTO DE AGUA,ESGOTO SANITARIO - SALDO CREDOR                                           ",250,"SISTEMA VIARIO,DRENAGEM,ABASTECIMENTO DE AGUA,ESGOTO SANITARIO - SALDO CREDOR                                           ",0,24,0,em situação normal,URBANIZACAO DE AREAS                      ,200507,100,04/27/99 00:00:00,07/31/05 00:00:00,,200507,0,100,6,      ,,,5.0,216005.974609375,2005,,,,,,,,,,,,,,,,12421046,,,,
raw/sharepoint/Canal FGTS/MC20260306.zip,MCidades_AO_1.mdb + AO_2.mdb + AO_3.mdb,0127320,0127320,42,619844.64,727770.87,06/30/98 00:00:00,1997,2,26,078,71207,53000,7173,00,B2,N,0124179,52,Belém,226078002,CI GEAVO/GECOA/GECIJ 007,,PA,HAB / PRO-MORADIA                         ,PM/BEL/URB.A/DEUS II                                        ,BELEM/DEUSII/PRO-MORADIA98/URB.AREA                         ,ICOARACI                                                    ,0400,"SISTEMA VIARIO,DRENAGEM,ABASTECIMENTO DE AGUA,ESGOTO SANITA-RIO - SALDO CREDOR                                          ",350,"SISTEMA VIARIO,DRENAGEM,ABASTECIMENTO DE AGUA,ESGOTO SANITA-RIO - SALDO CREDOR                                          ",0,59,0,em situação normal,URBANIZACAO DE AREAS                      ,200503,100,04/27/99 00:00:00,10/20/04 00:00:00,,200503,0,100,6,      ,,,5.0,591487.640625,2004,,,,,,,,,,,,,,,,12732042,,,,
raw/sharepoint/Canal FGTS/MC20260306.zip,MCidades_AO_1.mdb + AO_2.mdb + AO_3.mdb,0127336,0127336,22,190409.47,809487.38,06/30/98 00:00:00,1997,2,26,078,71207,53000,7173,00,B2,N,0124180,80,Belém,226078002,CI GEAVO/GECOA/GECIJ 007,,PA,HAB / PRO-MORADIA                         ,PM/BEL/U.A/BEL II                                           ,BELEM/NOVA BELEM II/PRO-MORADIA98/URB.AREA/S.CREDOR         ,ICOARACI                                                    ,0400,"SISTEMA VIARIO,DRENAGEM,ABASTECIMENTO DE AGUA,ESGOTO SANITARIO,CONST DE UNID HAB - SALDO CREDOR                         ",240,"SISTEMA VIARIO,DRENAGEM,ABASTECIMENTO DE AGUA,ESGOTO SANITARIO,CONST DE UNID HAB - SALDO CREDOR                         ",0,84,0,em situação normal,URBANIZACAO DE AREAS                      ,201207,43.93,06/30/98 00:00:00,,,201207,0,43.93,0,      ,,,,,,,,,,,,,,,,,,,,,12733622,,,,
raw/sharepoint/Canal FGTS/MC20260306.zip,MCidades_AO_1.mdb + AO_2.mdb + AO_3.mdb,0124803,0124803,18,5040.53,5040.53,06/19/98 00:00:00,1997,2,26,018,72325,53000,7183,02,B2,N,0124795,10,Passo Fundo,226018002,RS07970061,,RS,HAB / PRO-MORADIA                         ,NS SRA GRACAS                                               ,ARVOREZINHA                                                 ,"R CRISTOVAO COLOMBR, R SEVERIANO LIMA, BAIRRO NS SRA GRACAS ",3934,"CONCLUSAO EMPREENDIMENTO REF UNIDADES HABITACIONAIS, CONTRATO TRANSFERIDO PARA EMGEA                                    ",16,"CONCLUSAO EMPREENDIMENTO REF UNIDADES HABITACIONAIS, CONTRATO TRANSFERIDO PARA EMGEA                                    ",0,0,0,cancelado,HAB / MORADIAS POPULARES                  ,200012,100,01/01/99 00:00:00,12/30/00 00:00:00,12/30/00 00:00:00,200012,100,100,6,      ,,,,,,,,,,,,,,,,,,,,,12480318,,,,
raw/sharepoint/Canal FGTS/MC20260306.zip,MCidades_AO_1.mdb + AO_2.mdb + AO_3.mdb,0124811,0124811,15,340000,340000,07/02/98 00:00:00,1998,2,26,014,71019,53000,7179,00,B2,N,0124798,42,JOINVILLE,226014002,,,SC,HAB / PRO-MORADIA                         ,LOTES URBANIZADOS                                           ,RIO NEGRINHO                                                ,DIVERSOS                                                    ,3859,AQUISICAO E/OU PRODUCAO DE LOTES URBANIZADOS - SALDO CREDOR 58418                                                       ,193,AQUISICAO E/OU PRODUCAO DE LOTES URBANIZADOS - SALDO CREDOR 58418                                                       ,0,32,0,em situação normal,HAB / PRODUCAO UNID HAB E/OU LOTE URBAN   ,200201,100,05/14/01 00:00:00,,,200201,0,100,6,      ,,,,,,,,,,,,,,,,,,,,,12481115,,,,
raw/sharepoint/Canal FGTS/MC20260306.zip,MCidades_AO_1.mdb + AO_2.mdb + AO_3.mdb,0126254,0126254,26,2544905.87,2631879.07,06/29/98 00:00:00,1997,2,26,078,71718,53000,7181,00,B2,N,0126242,72,Goiânia,226078002,,,GO,HAB / PRO-MORADIA                         ,CIDADE LEGAL                                                ,AREAS DE POSSE (15) DO MUNICIPIO DE GOIANIA                 ,AREAS DE POSSE (15) DO MUNICIPIO DE GOIANIA                 ,4260,"CIDADE LEGAL - URB.AREAS DEGRADADAS,MELHORIAS E CONSTRUCAO  UH,C/INTV DIV.BAIRROS GOIANIA-GO(SCREDOR CT ORIG 57199-60)  ",0,"CIDADE LEGAL - URB.AREAS DEGRADADAS,MELHORIAS E CONSTRUCAO  UH,C/INTV DIV.BAIRROS GOIANIA-GO(SCREDOR CT ORIG 57199-60)  ",0,628,0,em situação normal,URBANIZACAO DE AREAS                      ,201703,100,03/01/99 00:00:00,,,201703,0,100,6,      ,,,6.0,674789.289375,2009,,,,,,,,,,,,,,,,12625426,,,,
raw/sharepoint/Canal FGTS/MC20260306.zip,MCidades_AO_1.mdb + AO_2.mdb + AO_3.mdb,0126251,0126251,95,1280807.45,1486200.64,06/30/98 00:00:00,1997,2,26,078,71718,53000,7181,00,B2,N,0126245,04,Goiânia,226078002,,,GO,HAB / PRO-MORADIA                         ,JD GOIAS II                                                 ,AREA PROXIMA A AV. A DO JD GOIAS GOIANIA/GO                 ,AREA PROXIMA A AV A DO JD GOIAS GOIANIA/GO                  ,4260,"GOIANIA/GO - URB.AREA DE POSSE PROXIMO AV.""A"" DO JD.GOIS   (SALDO CREDOR DO CT ORIGINAL 081.039-80)                    ",0,"GOIANIA/GO - URB.AREA DE POSSE PROXIMO AV.""A"" DO JD.GOIS   (SALDO CREDOR DO CT ORIGINAL 081.039-80)                    ",0,200,0,em situação normal,URBANIZACAO DE AREAS                      ,201312,100,06/30/98 00:00:00,,,201312,0,100,6,      ,,,3.0,312012.1640625,2005,,,,,,,,,,,,,,,,12625195,,,,
raw/sharepoint/Canal FGTS/MC20260306.zip,MCidades_AO_1.mdb + AO_2.mdb + AO_3.mdb,0126257,0126257,50,476453.27,626400.15,06/30/98 00:00:00,1997,2,26,014,71514,53000,7176,00,B2,N,0126247,22,CAMPINAS,226014002,,,SP,HAB / PRO-MORADIA                         ,PRO-MORADIA SANTA BARBARA D'OESTE                           ,MUNICIPIO DE SANTA BARBARA D'OESTE                          ,BAIRRO BARROCAO                                             ,3298,SALDO CREDOR CT ORIGINAL 60.124-39 - PRO-MORADIA SANTA BARBARA D'OESTE                                                  ,557,SALDO CREDOR CT ORIGINAL 60.124-39 - PRO-MORADIA SANTA BARBARA D'OESTE                                                  ,0,63,0,em situação normal,HAB / PRODUCAO UNID HAB E/OU LOTE URBAN   ,200411,100,12/01/99 00:00:00,09/01/04 00:00:00,09/02/04 00:00:00,200411,0,100,6,      ,,,,,,,,,,,,,,,,,,,,,12625750,,,,
raw/sharepoint/Canal FGTS/MC20260306.zip,MCidades_AO_1.mdb + AO_2.mdb + AO_3.mdb,0126294,0126294,06,13638.93,17113.58,06/28/96 00:00:00,1996,2,26,002,68499,53000,7172,00,B2,N,0126290,61,SAO JOSE DO RIO PRETO,226002002,,,SP,HAB / PRO-MORADIA                         ,CONJUNTO HABITACIONAL BEIRA RIO II - PRO-MORADIA            ,ESTRADA ANTIGA DE CARDOSO A RIOLANDIA                       ,CARDOSO                                                     ,2947,"SALDO CREDOR. CONSTRUCAO DE 52 UNIDADES HABITACIONAIS, AQUISICAO DE TERRENO, PAVIMENTACAO E OBRAS VIARIAS. APF 003565605",0,"SALDO CREDOR. CONSTRUCAO DE 52 UNIDADES HABITACIONAIS, AQUISICAO DE TERRENO, PAVIMENTACAO E OBRAS VIARIAS. APF 003565605",0,2,0,em situação normal,URBANIZ. AREAS OCUPADAS POR SUB-HABITACAO ,200111,100,12/01/96 00:00:00,01/01/01 00:00:00,,200111,0,100,6,      ,,,,,,,,,,,,,,,,,,,,,12629406,,,,
raw/sharepoint/Canal FGTS/MC20260306.zip,MCidades_AO_1.mdb + AO_2.mdb + AO_3.mdb,0127160,0127160,16,39010.17,44488.6,05/15/98 00:00:00,1997,2,26,078,72714,53000,7185,00,B2,N,0127158,75,Niteroi,226078002,,,RJ,HAB / PRO-MORADIA                         ,MARARUMA - ARARUAMA                                         ,ARARUAMA                                                    ,MATARUMA                                                    ,2742,SALDO CREDOR DO CT 58811-76                                                                                             ,0,SALDO CREDOR DO CT 58811-76                                                                                             ,0,5,0,em situação normal,URBANIZACAO DE AREAS                      ,200111,100,12/01/98 00:00:00,11/30/01 00:00:00,11/30/01 00:00:00,200111,0,100,6,      ,,,,,,,,,,,,,,,,,,,,,12716016,,,,
raw/sharepoint/Canal FGTS/MC20260306.zip,MCidades_AO_1.mdb + AO_2.mdb + AO_3.mdb,0138497,0138497,01,614078.4300000001,706578.98,06/30/98 00:00:00,1997,2,26,078,71207,53000,7173,00,B2,N,0127210,13,Belém,226078002,CI GEAVO GECOA GECIJ 007,,PA,HAB / PRO-MORADIA                         ,PM/BEL/UA/ANGELIM                                           ,BELEM/ANGELIM II/PRO-MORADIA98/URB.AREAS/S.CREDOR           ,ICOARACI                                                    ,0400,"SISTEMA VIARIO,DRENAGEM,ABASTECIMENTO DE AGUA,ESGOTO SANITARIO,EQUIPAMENTOS SANITARIOS/SALDO CREDOR                     ",300,"SISTEMA VIARIO,DRENAGEM,ABASTECIMENTO DE AGUA,ESGOTO SANITARIO,EQUIPAMENTOS SANITARIOS/SALDO CREDOR                     ",0,59,0,em situação normal,URBANIZACAO DE AREAS                      ,200511,100,04/01/00 00:00:00,,,200511,0,100,6,      ,,,5.0,614078.4375,2005,,,,,,,,,,,,,,,,13849701,,,,
raw/sharepoint/Canal FGTS/MC20260306.zip,MCidades_AO_1.mdb + AO_2.mdb + AO_3.mdb,0127338,0127338,40,88591.71000000001,98441.98,06/30/98 00:00:00,1998,2,26,018,69647,53000,7180,00,B2,N,0127215,65,,226018002,,,CE,HAB / PRO-MORADIA                         ,MISSAO VELHA                                                ,MISSAO VELHA                                                ,MISSAO VELHA                                                ,0844,SALDO CREDOR                                                                                                            ,166,SALDO CREDOR                                                                                                            ,0,9,0,em situação normal,HAB / MORADIAS POPULARES                  ,200111,100,03/31/99 00:00:00,11/30/01 00:00:00,11/30/01 00:00:00,200111,0,100,6,      ,,,,,,,,,,,,,,,,,,,,,12733840,,,,
raw/sharepoint/Canal FGTS/MC20260306.zip,MCidades_AO_1.mdb + AO_2.mdb + AO_3.mdb,0127898,0127898,23,178529.48,296457.94,04/26/96 00:00:00,1996,2,26,002,71233,53000,7172,00,B2,N,0127369,21,SAO JOSE DO RIO PRETO,226002002,,,SP,HAB / PRO-MORADIA                         ,PRO-MORADIA SJRIO PRETO CONCLUS. MELHORIAS                  ,SAO JOSE DO RIO PRETO/SP                                    ,VARIOS BAIRROS DA ZONA NORTE                                ,3338,SALDO CREDOR. PRO-MORADIA / URB AREAS OCUP SUB-HAB.                                                                     ,1202,SALDO CREDOR. PRO-MORADIA / URB AREAS OCUP SUB-HAB.                                                                     ,0,111,0,em situação normal,URBANIZ. AREAS OCUPADAS POR SUB-HABITACAO ,200908,100,04/26/96 00:00:00,,,200908,0,100,6,      ,,,6.0,139692.48046875,2006,,,,,,,,,,,,,,,,12789823,,,,
raw/sharepoint/Canal FGTS/MC20260306.zip,MCidades_AO_1.mdb + AO_2.mdb + AO_3.mdb,0129641,0129641,60,16344.13,33603.92,06/26/98 00:00:00,1997,2,26,018,69321,53000,7174,00,B2,N,0128456,03,POCOS DE CALDAS,226018002,,,MG,HAB / PRO-MORADIA                         ,MUNIC DE PARAGUACU/MG                                       ,PARAGUACU/MG                                                ,IDEM                                                        ,2421,SALDO RES. CONT 005945375 TRANSF P/EMGEA REFERE-SE A PAVIMENTACAO DO TREVO DE ACESSO AO BAIRRO                          ,37,SALDO RES. CONT 005945375 TRANSF P/EMGEA REFERE-SE A PAVIMENTACAO DO TREVO DE ACESSO AO BAIRRO                          ,0,3,0,em situação normal,HAB / MORADIAS POPULARES                  ,200106,100,10/29/98 00:00:00,06/30/01 00:00:00,,200106,100,100,6,      ,,,,,,,,,,,,,,,,,,,,,12964160,,,,
raw/sharepoint/Canal FGTS/MC20260306.zip,MCidades_AO_1.mdb + AO_2.mdb + AO_3.mdb,0129235,0129235,44,35226.78,47508.5,06/26/98 00:00:00,1997,2,26,018,69321,53000,7174,00,B2,N,0128498,01,POCOS DE CALDAS,226018002,,,MG,HAB / PRO-MORADIA                         ,MUNICIPIO DE PARAGUACU/MG                                   ,PARAGUACU/MG                                                ,PARAGUACU/MG                                                ,2421,SALDO RESIDUAL CONTR.004105385 TRANSF P/EMGEA REFERENTE A   PAVIMENTACAO E MEIO FIO/SARJETAS                            ,78,SALDO RESIDUAL CONTR.004105385 TRANSF P/EMGEA REFERENTE A   PAVIMENTACAO E MEIO FIO/SARJETAS                            ,0,5,0,em situação normal,HAB / MORADIAS POPULARES                  ,200207,100,10/01/01 00:00:00,07/30/02 00:00:00,07/30/02 00:00:00,200207,100,100,6,      ,,,,,,,,,,,,,,,,,,,,,12923544,,,,
raw/sharepoint/Canal FGTS/MC20260306.zip,MCidades_AO_1.mdb + AO_2.mdb + AO_3.mdb,0129644,0129644,92,25217.77,32883.03,06/08/98 00:00:00,1997,2,26,018,71206,53000,7174,00,B2,N,0128630,15,POCOS DE CALDAS,226018002,,,MG,HAB / PRO-MORADIA                         ,MUN DE MACHADO/MG                                           ,MACHADO/MG                                                  ,MACHADO/MG                                                  ,2339,SALDO RES. CONTR 004104901 PREF MUN DE MACHADO PRO-MORADIA  P/REDE PLUVIAL MEIO FIO E SARJETAS                          ,38,SALDO RES. CONTR 004104901 PREF MUN DE MACHADO PRO-MORADIA  P/REDE PLUVIAL MEIO FIO E SARJETAS                          ,0,4,0,em situação normal,HAB / MORADIAS POPULARES                  ,200201,100,12/10/01 00:00:00,02/10/02 00:00:00,,200201,100,100,6,      ,,,,,,,,,,,,,,,,,,,,,12964492,,,,
raw/sharepoint/Canal FGTS/MC20260306.zip,MCidades_AO_1.mdb + AO_2.mdb + AO_3.mdb,0130493,0130493,93,426773.88,476523.71,06/30/98 00:00:00,1997,2,26,078,71347,53000,7174,02,B2,N,0128784,73,POCOS DE CALDAS,226078002,,,MG,HAB / PRO-MORADIA                         ,MUN POUSO ALEGRE - PRO-MORADIA - CONT.ANT.004096889/97      ,POUSO ALEGRE/MG                                             ,POUSO ALEGRE/MG                                             ,2474,CT PRO-MORADIA MUN DE POUSO ALEGRE/MG - VALOR SERA UTILIZADOPARA CONSTRUCAO DO TREVO DE ACESSO REF.CONT.004096889/97    ,1356,CT PRO-MORADIA MUN DE POUSO ALEGRE/MG - VALOR SERA UTILIZADOPARA CONSTRUCAO DO TREVO DE ACESSO REF.CONT.004096889/97    ,0,45,0,cancelado,URBANIZACAO DE AREAS                      ,200801,100,10/29/98 00:00:00,11/30/03 00:00:00,,200801,100,100,6,      ,,,,,,,,,,,,,,,,,,,,,13049393,,,,
raw/sharepoint/Canal FGTS/MC20260306.zip,MCidades_AO_1.mdb + AO_2.mdb + AO_3.mdb,0130495,0130495,11,46387,70722.05,05/15/98 00:00:00,1997,2,26,018,69293,53000,7174,00,B2,N,0128793,84,POCOS DE CALDAS,226018002,,,MG,HAB / PRO-MORADIA                         ,MUN DE AREADO/MG - PRO-MORADIA                              ,AREADO/MG                                                   ,AREADO/MG                                                   ,1993,CONTR PRO-MORADIA DO MUNIC DE AREADO/MG P/CONSTRUCAO DE UNIDHABITACIONAIS                                               ,85,CONTR PRO-MORADIA DO MUNIC DE AREADO/MG P/CONSTRUCAO DE UNIDHABITACIONAIS                                               ,0,5,0,em situação normal,HAB / MORADIAS POPULARES                  ,200801,100,10/29/98 00:00:00,12/30/05 00:00:00,12/30/05 00:00:00,200801,100,100,6,      ,,,,,,,,,,,,,,,,,,,,,13049511,,,,
raw/sharepoint/Canal FGTS/MC20260306.zip,MCidades_AO_1.mdb + AO_2.mdb + AO_3.mdb,0130500,0130500,89,825133.04,1046695.04,06/15/98 00:00:00,1997,2,26,018,71935,53000,7174,00,B2,N,0130489,32,UBERLANDIA,226018002,,,MG,HAB / PRO-MORADIA                         ,SALDO CREDOR/40343-20/CONST. UNID. HABITACIONAIS/PATROCINIO ,PATROCINIO / MG                                             ,DIVERSOS LOGRADOUROS E DISTRITOS                            ,2430,SALDO CREDOR/40343-20/CONSTRUCAO DE UNIDADES HABITACIONAIS  EM DIVERSOS LOGRADOUROS E DISTRITOS DE PATROCINIO/MG        ,614,SALDO CREDOR/40343-20/CONSTRUCAO DE UNIDADES HABITACIONAIS  EM DIVERSOS LOGRADOUROS E DISTRITOS DE PATROCINIO/MG        ,0,100,0,em situação normal,HAB / MORADIAS POPULARES                  ,200308,100,05/23/99 00:00:00,10/23/03 00:00:00,,200308,100,100,6,      ,,,,,,,,,,,,,,,,,,,,,13050089,,,,
raw/sharepoint/Canal FGTS/MC20260306.zip,MCidades_AO_1.mdb + AO_2.mdb + AO_3.mdb,0131701,0131701,35,71074.21000000001,159216.42,06/30/97 00:00:00,1996,2,26,078,71324,53000,7183,00,B2,N,0131699,92,Porto Alegre,226078002,,,RS,HAB / PRO-MORADIA                         ,BOA VONTADE                                                 ,PORTO ALEGRE                                                ,PORTO ALEGRE                                                ,3920,SALDO CREDOR                                                                                                            ,0,SALDO CREDOR                                                                                                            ,0,31,0,em situação normal,URBANIZACAO DE AREAS                      ,200206,100,10/01/01 00:00:00,06/01/02 00:00:00,,200206,0,100,6,      ,,,,,,,,,,,,,,,,,,,,,13170135,,,,
raw/sharepoint/Canal FGTS/MC20260306.zip,MCidades_AO_1.mdb + AO_2.mdb + AO_3.mdb,0136927,0136927,66,19769.49,22074,06/30/98 00:00:00,1997,2,26,018,69453,53000,7174,00,B2,N,0136925,47,GOVERNADOR VALADARES,226018002,,,MG,HAB / PRO-MORADIA                         ,SALDO CREDOR DO CT 59.240-65                                ,MATERLANDIA-MG                                              ,MATERLANDIA-MG                                              ,2355,SALDO CREDOR DO CONTRATO ORIGINAL 59.240-65 - MATERLANDIA-  MG - CONTR. DE 26 UNID. HABIT. NO BAIRRO CACHOEIRA          ,26,SALDO CREDOR DO CONTRATO ORIGINAL 59.240-65 - MATERLANDIA-  MG - CONTR. DE 26 UNID. HABIT. NO BAIRRO CACHOEIRA          ,0,2,0,em situação normal,HAB / MORADIAS POPULARES                  ,200201,100,12/14/01 00:00:00,01/14/02 00:00:00,,200201,100,100,6,      ,,,,,,,,,,,,,,,,,,,,,13692766,,,,
raw/sharepoint/Canal FGTS/MC20260306.zip,MCidades_AO_1.mdb + AO_2.mdb + AO_3.mdb,0137121,0137121,42,16700.56,18556.42,06/17/98 00:00:00,1997,2,26,021,71546,53000,7174,00,B2,N,0137118,97,GOVERNADOR VALADARES,226021002,,,MG,HAB / PRO-MORADIA                         ,ITANHOMI-MG                                                 ,ITANHOMI-MG                                                 ,ITANHOMI-MG                                                 ,2281,SALDO CREDOR DO CONTRATO 40.319-20 PARA AQUISICAO DE MATERI-AIS DE CONSTRUCAO PARA CONSTRUCAO DE 43 UNID. HABITACIONAIS ,43,SALDO CREDOR DO CONTRATO 40.319-20 PARA AQUISICAO DE MATERI-AIS DE CONSTRUCAO PARA CONSTRUCAO DE 43 UNID. HABITACIONAIS ,0,2,0,em situação normal,HAB / CESTA BASICA DE MATERIAIS           ,200403,100,04/07/99 00:00:00,04/22/03 00:00:00,,200403,100,100,6,      ,,,1.0,5771.7900390625,2004,,,,,,,,,,,,,,,,13712142,,,,
raw/sharepoint/Canal FGTS/MC20260306.zip,MCidades_AO_1.mdb + AO_2.mdb + AO_3.mdb,0137481,0137481,06,131732.95,208118.16,06/30/97 00:00:00,1996,2,26,078,68681,53000,7183,00,B2,N,0137464,99,,226078002,,,RS,HAB / PRO-MORADIA                         ,DARIO LASSANCE                                              ,MUNICIPIO DE CANDIOTA                                       ,BAIRRO DARIO LASSANCE                                       ,5215,OP ORIGINAL 39682-82 - SALDO CREDOR PARA CONTRUCAO DE 50 UH                                                             ,50,OP ORIGINAL 39682-82 - SALDO CREDOR PARA CONTRUCAO DE 50 UH                                                             ,0,20,0,em situação normal,URBANIZACAO DE AREAS                      ,200205,100,04/01/99 00:00:00,04/01/02 00:00:00,05/01/02 00:00:00,200205,0,100,6,      ,,,,,,,,,,,,,,,,,,,,,13748106,,,,
raw/sharepoint/Canal FGTS/MC20260306.zip,MCidades_AO_1.mdb + AO_2.mdb + AO_3.mdb,0147040,0147040,79,2255478.35,4329482.12,07/03/02 00:00:00,2002,2,26,078,71051,53000,7186,00,B2,N,0137558,25,Salvador,226078001,OF SEDU/PR 4385/02,,BA,HAB / PRO-MORADIA                         ,ROBERTO SANTOS/SALVADOR                                     ,SALVADOR/BA                                                 ,DIVERSOS                                                    ,1600,"URBANIZACAO DE AREAS ROBERTO SANTOS, SALVADOR/BA                                                                        ",49,"URBANIZACAO DE AREAS ROBERTO SANTOS, SALVADOR/BA                                                                        ",2331,245,0,em situação normal,URBANIZACAO DE AREAS                      ,200908,100,03/27/03 00:00:00,07/17/09 00:00:00,,200908,100,100,6,      ,,,20.0,2136164.0169140627,2008,,,,,,,,,,,,,,,,14704079,,,,
raw/sharepoint/Canal FGTS/MC20260306.zip,MCidades_AO_1.mdb + AO_2.mdb + AO_3.mdb,0147038,0147038,36,4229926.63,7008028.92,07/03/02 00:00:00,2002,2,26,078,71051,53000,7186,00,B2,N,0137563,90,Salvador,226078001,OF SEDU/PR 4385/02,,BA,HAB / PRO-MORADIA                         ,BAIXA DO SABOEIRO                                           ,SALVADOR/BA                                                 ,BAIXA DO SABOEIRO                                           ,1600,URBANIZACAO DA BAIXA DO SABOEIRO                                                                                        ,226,URBANIZACAO DA BAIXA DO SABOEIRO                                                                                        ,2640,565,0,em situação normal,URBANIZACAO DE AREAS                      ,200908,100,03/27/03 00:00:00,07/17/09 00:00:00,,200908,100,100,6,      ,,,22.0,4077778.7784375,2008,,,,,,,,,,,,,,,,14703836,,,,
raw/sharepoint/Canal FGTS/MC20260306.zip,MCidades_AO_1.mdb + AO_2.mdb + AO_3.mdb,0147011,0147011,27,2231701.68,2789627.1,07/03/02 00:00:00,2002,2,26,078,71051,53000,7186,00,B2,N,0137613,97,Salvador,226078001,OF SEDU/PR 4385/02,,BA,HAB / PRO-MORADIA                         ,COROA VERMELHA/STA CRUZ DE CABRALIA                         ,SANTA CRUZ DE CABRALIA/BA                                   ,DIVERSOS                                                    ,1877,"URBANIZACAO DE AREA EM COROA VERMELHA, SANTA CRUZ DE CABRA- LIA                                                         ",120,"URBANIZACAO DE AREA EM COROA VERMELHA, SANTA CRUZ DE CABRA- LIA                                                         ",2200,286,0,em situação normal,URBANIZACAO DE AREAS                      ,201110,100,02/13/06 00:00:00,09/01/14 00:00:00,,201110,0,100,6,F     ,,,9.0,2267493.70375,2009,,,,,,,,,,,,,,,,14701127,,,,
raw/sharepoint/Canal FGTS/MC20260306.zip,MCidades_AO_1.mdb + AO_2.mdb + AO_3.mdb,0147052,0147052,23,3692912.07,4803943.43,07/03/02 00:00:00,2002,2,26,078,71051,53000,7186,00,B2,N,0137614,00,Salvador,226078001,OF SEDU/PR 4385/02,,BA,HAB / PRO-MORADIA                         ,VILA NOVA DE PITUACU                                        ,BAIRRO DE PITUACU/SALVADOR/BA                               ,VILA NOVA DE PITUACU                                        ,1600,"URBANIZACAO DA COMUNIDADE DE VILA NOVA DE PITUACU, SALVADOR                                                             ",100,"URBANIZACAO DA COMUNIDADE DE VILA NOVA DE PITUACU, SALVADOR                                                             ",2670,462,0,em situação normal,URBANIZACAO DE AREAS                      ,201104,100,03/26/03 00:00:00,08/20/09 00:00:00,,201104,100,100,6,      ,,,25.0,2861493.1326953126,2008,,,,,,,,,,,,,,,,14705223,,,,
raw/sharepoint/Canal FGTS/MC20260306.zip,MCidades_AO_1.mdb + AO_2.mdb + AO_3.mdb,0147044,0147044,14,3328755.96,3903004.2,07/03/02 00:00:00,2002,2,26,078,71051,53000,7186,00,B2,N,0137615,15,Salvador,226078001,OF SEDU/PR 4385/02,,BA,HAB / PRO-MORADIA                         ,NOVO TRIUNFO/PORTO SEGURO                                   ,PORTO SEGURO/BA______________________________________       ,DIVERSOS                                                    ,1854,URBANIZACAO DE AREA NO BAIRRO NOVO TRIUNFO EM PORTO SEGURO/ BA                                                          ,220,URBANIZACAO DE AREA NO BAIRRO NOVO TRIUNFO EM PORTO SEGURO/ BA                                                          ,2476,409,0,em situação normal,URBANIZACAO DE AREAS                      ,201508,100,03/24/03 00:00:00,,,201508,0,100,6,      ,,,17.0,1301979.8821484374,2013,,,,,,,,,,,,,,,,14704414,,,,
raw/sharepoint/Canal FGTS/MC20260306.zip,MCidades_AO_1.mdb + AO_2.mdb + AO_3.mdb,0147047,0147047,47,2851122.62,3486597.95,07/03/02 00:00:00,2002,2,26,078,71051,53000,7186,00,B2,N,0137616,29,Salvador,226078001,OF SEDU/PR 4385/02,,BA,HAB / PRO-MORADIA                         ,VALE DO JUCURUCU/ITAMARAJU/BA                               ,"BAIRRO LIBERDADE, EM ITAMARAJU/BA                           ",VILA RESIDENCIAL VALE DO JUCURUCU                           ,1757,"URBANIZACAO DE AREA, COM IMPLANTACAO DA VILA RESIDENCIAL    VALE DO JUCURUCU, EM ITAMARAJU                              ",130,"URBANIZACAO DE AREA, COM IMPLANTACAO DA VILA RESIDENCIAL    VALE DO JUCURUCU, EM ITAMARAJU                              ",2000,334,0,em situação normal,URBANIZACAO DE AREAS                      ,201410,100,05/27/03 00:00:00,10/11/14 00:00:00,,201410,0,100,6,      ,,,9.0,1212323.587890625,2005,,,,,,,,,,,,,,,,14704747,,,,
raw/sharepoint/Canal FGTS/MC20260306.zip,MCidades_AO_1.mdb + AO_2.mdb + AO_3.mdb,0147046,0147046,33,4273479.67,5944152.37,07/03/02 00:00:00,2002,2,26,078,71051,53000,7186,00,B2,N,0137619,52,Salvador,226078001,OF SEDU/PR 4385/02,,BA,HAB / PRO-MORADIA                         ,NOVA VITORIA/GANDU/BA                                       ,GANDU/BA                                                    ,DIVERSOS                                                    ,1712,URBANIZACAO DE AREA DE NOVA VITORIA EM GANDU/BA                                                                         ,300,URBANIZACAO DE AREA DE NOVA VITORIA EM GANDU/BA                                                                         ,3485,453,0,em situação normal,URBANIZACAO DE AREAS                      ,200708,100,10/12/02 00:00:00,04/26/05 00:00:00,,200708,100,100,6,W     ,,,4.0,229340.92041015625,2007,,,,,,,,,,,,,,,,14704633,,,,
raw/sharepoint/Canal FGTS/MC20260306.zip,MCidades_AO_1.mdb + AO_2.mdb + AO_3.mdb,0147048,0147048,52,2825654.85,4372407.12,07/03/02 00:00:00,2002,2,26,078,71051,53000,7186,00,B2,N,0137620,80,Salvador,226078001,OF SEDU/PR 4385/02,,BA,HAB / PRO-MORADIA                         ,AVIARIO/FEIRA DE SANTANA                                    ,"PERIMETRO URBANO DA BACIA DO SUBAE, EM FEIRA DE SANTANA     ",COMUNIDADE AVIARIO                                          ,1708,"URBANIZACAO DA AREA DENOMINADA AVIARIO, EM FEIRA DE SANTANA                                                             ",0,"URBANIZACAO DA AREA DENOMINADA AVIARIO, EM FEIRA DE SANTANA                                                             ",5250,302,0,em situação normal,URBANIZACAO DE AREAS                      ,200803,100,10/01/02 00:00:00,03/31/05 00:00:00,04/30/05 00:00:00,200803,100,100,6,EGW   ,,,3.0,730638.59375,2005,,,,,,,,,,,,,,,,14704852,,,,
raw/sharepoint/Canal FGTS/MC20260306.zip,MCidades_AO_1.mdb + AO_2.mdb + AO_3.mdb,0147053,0147053,37,2391826.28,3366109.78,07/03/02 00:00:00,2002,2,26,078,71051,53000,7186,00,B2,N,0137622,07,Salvador,226078001,OF SEDU/PR 4385/02,,BA,HAB / PRO-MORADIA                         ,"CAPITAO LUIZ DE MATOS, SANTA CRUZ DE CABRALIA               ",SANTA CRUZ DE CABRALIA                                      ,CAPITAO LUIZ DE MATOS E VILA BEATA                          ,1877,"URBANIZACAO DAS AREAS DE CAPITAO LUIZ DE MATOS E VILA BEATA,EM SANTA CRUZ DE CABRALIA                                   ",150,"URBANIZACAO DAS AREAS DE CAPITAO LUIZ DE MATOS E VILA BEATA,EM SANTA CRUZ DE CABRALIA                                   ",2000,294,0,em situação normal,URBANIZACAO DE AREAS                      ,201108,100,03/21/03 00:00:00,,,201108,100,100,6,D     ,,,5.0,418237.68359375,2005,,,,,,,,,,,,,,,,14705337,,,,
raw/sharepoint/Canal FGTS/MC20260306.zip,MCidades_AO_1.mdb + AO_2.mdb + AO_3.mdb,0147050,0147050,05,3636540.09,4735694.82,07/03/02 00:00:00,2002,2,26,078,71051,53000,7186,00,B2,N,0137625,30,Salvador,226078001,OF SEDU/PR 4385/02,,BA,HAB / PRO-MORADIA                         ,BATE FACHO/SALVADOR/BA                                      ,"COMUNIDADE BATE FACHO, EM SALVADOR/BA                       ",BATE FACHO                                                  ,1600,"URBANIZACAO E INFRA-ESTRUTURA DA AREA SUB-NORMAL DE BATE FA-CHO, EM SALVADOR/BA                                         ",157,"URBANIZACAO E INFRA-ESTRUTURA DA AREA SUB-NORMAL DE BATE FA-CHO, EM SALVADOR/BA                                         ",2719,451,0,em situação normal,URBANIZACAO DE AREAS                      ,200908,100,10/08/02 00:00:00,08/05/09 00:00:00,,200908,100,100,6,      ,,02/28/09 00:00:00,9.0,656678.0522460938,2006,,,,,,,,,,,,,,,,14705005,,,,
raw/sharepoint/Canal FGTS/MC20260306.zip,MCidades_AO_1.mdb + AO_2.mdb + AO_3.mdb,0137750,0137750,61,50436.63,56040.63,05/28/98 00:00:00,1997,2,26,078,71051,53000,7186,00,B2,N,0137675,47,Salvador,226078002,"OF 279, DE 30/04/1997",,BA,HAB / PRO-MORADIA                         ,FIRMO FERREIRA LEAL/BARRA DO ROCHA                          ,BARRA DO ROCHA                                              ,BAIRRO FIRMO FERREIRA LEAL - PROMORADIA                     ,1631,SALDO CREDOR DO CT 58547-75 -BARRA DO ROCHA/FIRMO F. LEAL                                                               ,9,SALDO CREDOR DO CT 58547-75 -BARRA DO ROCHA/FIRMO F. LEAL                                                               ,0,5,0,em situação normal,URBANIZACAO DE AREAS                      ,200302,100,09/14/98 00:00:00,02/20/03 00:00:00,,200302,100,100,6,      ,,,,,,,,,,,,,,,,,,,,,13775061,,,,
raw/sharepoint/Canal FGTS/MC20260306.zip,MCidades_AO_1.mdb + AO_2.mdb + AO_3.mdb,0137755,0137755,11,42077.03,42077.03,06/16/97 00:00:00,1996,2,26,078,71051,53000,7186,00,B2,N,0137676,52,Salvador,226078002,OF 359/96-ASPLAN/SRHSH,,BA,HAB / PRO-MORADIA                         ,SSA/BATE CORACAO II                                         ,SALVADOR                                                    ,BAIRRO PARIPE                                               ,1600,SALDO CREDOR DO CT-39.345-44 - SSA/BATE CORACAO II                                                                      ,0,SALDO CREDOR DO CT-39.345-44 - SSA/BATE CORACAO II                                                                      ,0,8,0,em situação normal,URBANIZACAO DE AREAS                      ,200210,100,06/19/97 00:00:00,12/31/02 00:00:00,,200210,100,100,6,LW    ,,,,,,,,,,,,,,,,,,,,,13775511,,,,
raw/sharepoint/Canal FGTS/MC20260306.zip,MCidades_AO_1.mdb + AO_2.mdb + AO_3.mdb,0137759,0137759,58,200998.82,298128.49,12/30/96 00:00:00,1996,2,26,002,71051,53000,7186,00,B2,N,0137677,66,Salvador,226002002,,,BA,HAB / PRO-MORADIA                         ,SSA/IRMA DULCE                                              ,SALVADOR                                                    ,IRMA DULCE                                                  ,1600,SALDO CREDOR DO CT 38.867-06 - SSA/IRMA DULCE                                                                           ,0,SALDO CREDOR DO CT 38.867-06 - SSA/IRMA DULCE                                                                           ,0,28,0,em situação normal,URBANIZ. AREAS OCUPADAS POR SUB-HABITACAO ,200302,100,05/12/97 00:00:00,02/10/03 00:00:00,,200302,100,100,6,      ,,,,,,,,,,,,,,,,,,,,,13775958,,,,
raw/sharepoint/Canal FGTS/MC20260306.zip,MCidades_AO_1.mdb + AO_2.mdb + AO_3.mdb,0137757,0137757,39,39889.59,111902.72,06/30/97 00:00:00,1996,2,26,070,71051,53000,7186,00,B2,N,0137678,70,Salvador,226070002,OF S/N DE 02/08/1996,,BA,HAB / PRO-MORADIA                         ,SSA/CH GUILHERME MARBACK                                    ,SALVADOR                                                    ,BOCA DO RIO                                                 ,1600,SALDO CREDOR DO CT-39.196-71 - SSA/CH GUILHERME MARBACK                                                                 ,0,SALDO CREDOR DO CT-39.196-71 - SSA/CH GUILHERME MARBACK                                                                 ,0,14,0,em situação normal,INFRA-ESTRUTURA EM CONJUNTO HABITACIONAL  ,200303,100,11/10/97 00:00:00,06/30/03 00:00:00,,200303,100,100,6,W     ,,,,,,,,,,,,,,,,,,,,,13775739,,,,
raw/sharepoint/Canal FGTS/MC20260306.zip,MCidades_AO_1.mdb + AO_2.mdb + AO_3.mdb,0137758,0137758,43,101863.28,146544.78,12/30/96 00:00:00,1996,2,26,002,71051,53000,7186,00,B2,N,0137679,84,Salvador,226002002,,,BA,HAB / PRO-MORADIA                         ,SSA/DANIEL GOMES                                            ,SALVADOR/BA                                                 ,DANIEL GOMES                                                ,1600,SALDO CREDOR DO CT 38.854-25 - SSA/DANIEL GOMES                                                                         ,0,SALDO CREDOR DO CT 38.854-25 - SSA/DANIEL GOMES                                                                         ,0,20,0,em situação normal,URBANIZ. AREAS OCUPADAS POR SUB-HABITACAO ,200212,100,05/13/97 00:00:00,12/30/02 00:00:00,,200212,100,100,6,L     ,,,,,,,,,,,,,,,,,,,,,13775843,,,,
raw/sharepoint/Canal FGTS/MC20260306.zip,MCidades_AO_1.mdb + AO_2.mdb + AO_3.mdb,0137753,0137753,93,38443.79,42720.67,06/30/97 00:00:00,1996,2,26,078,71051,53000,7186,00,B2,N,0137680,11,Salvador,226078002,OF 359/96-ASPLAN/SRHSH,,BA,HAB / PRO-MORADIA                         ,SSA/SAO MARCOS                                              ,SALVADOR                                                    ,BAIRRO PAU DA LIMA                                          ,1600,SALDO CREDOR DO CT-39.381-90 - SSA/SAO MARCOS                                                                           ,0,SALDO CREDOR DO CT-39.381-90 - SSA/SAO MARCOS                                                                           ,0,13,0,em situação normal,URBANIZACAO DE AREAS                      ,200302,100,05/12/97 00:00:00,02/28/03 00:00:00,,200302,100,100,6,W     ,,,,,,,,,,,,,,,,,,,,,13775393,,,,
raw/sharepoint/Canal FGTS/MC20260306.zip,MCidades_AO_1.mdb + AO_2.mdb + AO_3.mdb,0138009,0138009,97,56916.09,56916.09,06/30/98 00:00:00,1997,2,26,019,68243,53000,7172,00,B2,N,0137892,73,BAURU,226019002,,,SP,HAB / PRO-MORADIA                         ,MUNICIPIO ITAPOLIS                                          ,MUNICIPIO DE ITAPOLIS                                       ,JD.JOAO BAPTISTA DA SILVEIRA                                ,3067,PRODUCAO DE LOTES URBANIZADOS E FORNECIMENTO DE CESTA DE    MATERIAIS - SALDO CREDOR - CTR. 0051942-79                  ,0,PRODUCAO DE LOTES URBANIZADOS E FORNECIMENTO DE CESTA DE    MATERIAIS - SALDO CREDOR - CTR. 0051942-79                  ,0,8,0,em situação normal,HAB / CESTA BASICA MAT E LOTE URB- CONJ   ,200202,100,07/01/98 00:00:00,05/01/02 00:00:00,06/01/02 00:00:00,200202,0,100,6,W     ,,,,,,,,,,,,,,,,,,,,,13800997,,,,
raw/sharepoint/Canal FGTS/MC20260306.zip,MCidades_AO_1.mdb + AO_2.mdb + AO_3.mdb,0147033,0147033,86,558.01,28581.36,07/03/02 00:00:00,2002,2,26,078,71051,53000,7186,00,E1,N,0137996,23,Salvador,226078001,OF SEDU/PR 4385/02,,BA,HAB / PRO-MORADIA                         ,SSA/PQ S.BARTOLOMEU                                         ,SALVADOR/BA                                                 ,"BAIRRO NOVOS ALAGADOS, AV. SUBURBANA                        ",1600,"LOTEAMENTO PARQUE SAO BARTOLOMEU, EM SALVADOR/BA                                                                        ",60,"LOTEAMENTO PARQUE SAO BARTOLOMEU, EM SALVADOR/BA                                                                        ",60,19,0,em situação normal,URBANIZACAO DE AREAS                      ,201205,0,,,,201205,0,0,0,F     ,,,,,,,,,,,,,,,,,,,,,14703386,,,,
raw/sharepoint/Canal FGTS/MC20260306.zip,MCidades_AO_1.mdb + AO_2.mdb + AO_3.mdb,0147035,0147035,04,1999714.45,2624560.56,07/03/02 00:00:00,2002,2,26,194,71051,53000,7186,00,B2,N,0137997,37,Salvador,226194001,OF SEDU/PR 4385/02,,BA,HAB / PRO-MORADIA                         ,BARREIRAS/SANTO ANTONIO                                     ,BARREIRAS/BA                                                ,LOTEAMENTO SANTO ANTONIO                                    ,1632,"LOTEAMENTO SANTO ANTONIO, EM BARREIRAS/BA                                                                               ",261,"LOTEAMENTO SANTO ANTONIO, EM BARREIRAS/BA                                                                               ",1305,247,0,em situação normal,HAB - PRODUCAO DE CONJUNSTOS HABITACIONAIS,201104,100,04/02/03 00:00:00,03/01/09 00:00:00,,201104,100,100,6,      ,,,2.0,301027.564453125,2004,,,,,,,,,,,,,,,,14703504,,,,
raw/sharepoint/Canal FGTS/MC20260306.zip,MCidades_AO_1.mdb + AO_2.mdb + AO_3.mdb,0147037,0147037,22,2546812.95,3809270.96,07/03/02 00:00:00,2002,2,26,078,71051,53000,7186,00,B2,N,0137998,41,Salvador,226078001,OF SEDU/PR 4385/02,,BA,HAB / PRO-MORADIA                         ,SSA/JOANES AZUL                                             ,SALVADOR/BA                                                 ,JOANES/SUBURBIO FERROVIARIO                                 ,1600,"LOTEAMENTO RESIDENCIAL JOANES AZUL, EM SALVADOR/BA                                                                      ",87,"LOTEAMENTO RESIDENCIAL JOANES AZUL, EM SALVADOR/BA                                                                      ",1680,329,0,em situação normal,URBANIZACAO DE AREAS                      ,200906,100,03/27/03 00:00:00,06/30/09 00:00:00,,200906,100,100,6,      ,,12/21/06 00:00:00,15.0,1524223.0759277344,2007,,,,,,,,,,,,,,,,14703722,,,,
raw/sharepoint/Canal FGTS/MC20260306.zip,MCidades_AO_1.mdb + AO_2.mdb + AO_3.mdb,0147036,0147036,18,3740772.6,6582639.88,07/03/02 00:00:00,2002,2,26,194,71051,53000,7186,00,B2,N,0137999,56,Salvador,226194001,OF SEDU/PR 4385/02,,BA,HAB / PRO-MORADIA                         ,ALTO DE CAJI/L.FREITAS                                      ,LAURO DE FREITAS                                            ,VIDA NOVA/CAJI                                              ,1793,"QUINTAS DO ALTO DO CAJI, EM LAURO DE FREITAS/BA                                                                         ",451,"QUINTAS DO ALTO DO CAJI, EM LAURO DE FREITAS/BA                                                                         ",2225,578,0,em situação normal,HAB - PRODUCAO DE CONJUNSTOS HABITACIONAIS,201107,100,06/17/03 00:00:00,,,201107,100,100,6,D     ,,,20.0,4033541.1837841794,2010,,,,,,,,,,,,,,,,14703618,,,,
raw/sharepoint/Canal FGTS/MC20260306.zip,MCidades_AO_1.mdb + AO_2.mdb + AO_3.mdb,0138047,0138047,59,139357.27,199081.82,06/30/97 00:00:00,1997,2,26,078,68529,53000,7183,00,B2,N,0138046,44,SANTA MARIA,226078002,,,RS,HAB / PRO-MORADIA                         ,RURAL                                                       ,"MUNICIPIO DE VALE DO SOL, RS                                ",INTERIOR DO MUNICIPIO                                       ,5288,SALDO CREDOR DO CONTRATO 39.697-02 PARA CONSTRUCAO DE 50 UH EM AREA RURAL                                               ,50,SALDO CREDOR DO CONTRATO 39.697-02 PARA CONSTRUCAO DE 50 UH EM AREA RURAL                                               ,0,19,0,em situação normal,URBANIZACAO DE AREAS                      ,200404,100,12/01/97 00:00:00,04/13/04 00:00:00,,200404,0,100,6,      ,,,,,,,,,,,,,,,,,,,,,13804759,,,,
raw/sharepoint/Canal FGTS/MC20260306.zip,MCidades_AO_1.mdb + AO_2.mdb + AO_3.mdb,0139165,0139165,11,125092.96,156582.98,03/28/02 00:00:00,1996,2,26,003,71324,53000,7183,00,B2,N,0138084,17,Porto Alegre,226003002,,,RS,HAB / PRO-MORADIA                         ,POA                                                         ,POA                                                         ,RESTINGA III                                                ,3920,SALDO CREDOR - 0035699-06                                                                                               ,0,SALDO CREDOR - 0035699-06                                                                                               ,0,15,0,em situação normal,URBANIZ. AREAS NAO OCUPADAS               ,200305,100,01/01/03 00:00:00,07/30/03 00:00:00,,200305,0,100,6,      ,,,,,,,,,,,,,,,,,,,,,13916511,,,,
raw/sharepoint/Canal FGTS/MC20260306.zip,MCidades_AO_1.mdb + AO_2.mdb + AO_3.mdb,0139167,0139167,39,9332.16,15930.62,03/28/02 00:00:00,1996,2,26,003,71324,53000,7183,00,B2,N,0138086,36,Porto Alegre,226003002,,,RS,HAB / PRO-MORADIA                         ,POA                                                         ,POA                                                         ,PAMPA II                                                    ,3920,SALDO CREDOR                                                                                                            ,0,SALDO CREDOR                                                                                                            ,0,2,0,em situação normal,URBANIZ. AREAS NAO OCUPADAS               ,200308,100,01/27/03 00:00:00,07/27/03 00:00:00,,200308,0,100,6,      ,,,,,,,,,,,,,,,,,,,,,13916739,,,,
raw/sharepoint/Canal FGTS/MC20260306.zip,MCidades_AO_1.mdb + AO_2.mdb + AO_3.mdb,0139166,0139166,25,9051.959999999999,12988.21,03/28/02 00:00:00,1996,2,26,003,71324,53000,7183,00,B2,N,0138087,40,Porto Alegre,226003002,,,RS,HAB / PRO-MORADIA                         ,POA                                                         ,POA                                                         ,PAMPA II                                                    ,3920,SALDO CREDOR                                                                                                            ,0,SALDO CREDOR                                                                                                            ,0,2,0,em situação normal,URBANIZ. AREAS NAO OCUPADAS               ,200506,100,01/27/03 00:00:00,01/31/06 00:00:00,,200506,0,100,6,      ,,,,,,,,,,,,,,,,,,,,,13916625,,,,
raw/sharepoint/Canal FGTS/MC20260306.zip,MCidades_AO_1.mdb + AO_2.mdb + AO_3.mdb,0139170,0139170,86,13273.86,18410.35,03/28/02 00:00:00,1997,2,26,078,71324,53000,7183,00,B2,N,0138092,14,Porto Alegre,226078002,,,RS,HAB / PRO-MORADIA                         ,POA                                                         ,POA                                                         ,PAMPA II                                                    ,3920,SALDO CREDOR                                                                                                            ,0,SALDO CREDOR                                                                                                            ,0,2,0,em situação normal,URBANIZACAO DE AREAS                      ,200306,100,03/20/03 00:00:00,06/30/03 00:00:00,,200306,0,100,6,      ,,,,,,,,,,,,,,,,,,,,,13917086,,,,
raw/sharepoint/Canal FGTS/MC20260306.zip,MCidades_AO_1.mdb + AO_2.mdb + AO_3.mdb,0139171,0139171,90,4950.13,5500.14,03/28/02 00:00:00,1997,2,26,078,71324,53000,7183,00,B2,N,0138093,28,Porto Alegre,226078002,,,RS,HAB / PRO-MORADIA                         ,POA                                                         ,POA                                                         ,PAMPA II                                                    ,3920,SALDO CREDOR                                                                                                            ,0,SALDO CREDOR                                                                                                            ,0,1,0,em situação normal,URBANIZACAO DE AREAS                      ,200306,100,01/27/03 00:00:00,07/20/03 00:00:00,,200306,0,100,6,      ,,,,,,,,,,,,,,,,,,,,,13917190,,,,
raw/sharepoint/Canal FGTS/MC20260306.zip,MCidades_AO_1.mdb + AO_2.mdb + AO_3.mdb,0139174,0139174,21,3872.56,5177.22,03/28/02 00:00:00,1997,2,26,018,71324,53000,7183,00,B2,N,0138095,47,Porto Alegre,226018002,,,RS,HAB / PRO-MORADIA                         ,POA                                                         ,POA                                                         ,PAMPA II                                                    ,3920,SALDO CREDOR                                                POA                                                         ,1,SALDO CREDOR                                                POA                                                         ,0,0,0,em situação normal,HAB / MORADIAS POPULARES                  ,200308,100,01/27/03 00:00:00,07/05/03 00:00:00,,200308,0,100,6,      ,,,,,,,,,,,,,,,,,,,,,13917421,,,,
raw/sharepoint/Canal FGTS/MC20260306.zip,MCidades_AO_1.mdb + AO_2.mdb + AO_3.mdb,0139175,0139175,36,84115.91,204243.64,03/28/02 00:00:00,1997,2,26,021,71324,53000,7183,02,B2,N,0138096,52,Porto Alegre,226021002,,,RS,HAB / PRO-MORADIA                         ,POA                                                         ,POA                                                         ,PAMPA II                                                    ,3920,SALDO CREDOR                                                                                                            ,0,SALDO CREDOR                                                                                                            ,0,13,0,cancelado,HAB / CESTA BASICA DE MATERIAIS           ,200506,100,01/27/03 00:00:00,06/29/05 00:00:00,,200506,0,100,6,      ,,,,,,,,,,,,,,,,,,,,,13917536,,,,
raw/sharepoint/Canal FGTS/MC20260306.zip,MCidades_AO_1.mdb + AO_2.mdb + AO_3.mdb,0139176,0139176,40,20147.77,45495.67,03/28/02 00:00:00,1997,2,26,078,71324,53000,7183,00,B2,N,0138099,84,Porto Alegre,226078002,,,RS,HAB / PRO-MORADIA                         ,POA                                                         ,POA                                                         ,VILA GUILHERME                                              ,3920,SALDO CREDOR                                                                                                            ,5,SALDO CREDOR                                                                                                            ,0,4,0,em situação normal,URBANIZACAO DE AREAS                      ,200308,100,04/01/03 00:00:00,01/31/04 00:00:00,,200308,0,100,6,      ,,,,,,,,,,,,,,,,,,,,,13917640,,,,
raw/sharepoint/Canal FGTS/MC20260306.zip,MCidades_AO_1.mdb + AO_2.mdb + AO_3.mdb,0139177,0139177,55,8826.120000000001,13019.8,03/28/02 00:00:00,1997,2,26,078,71324,53000,7183,00,B2,N,0138105,65,Porto Alegre,226078002,,,RS,HAB / PRO-MORADIA                         ,POA                                                         ,POA                                                         ,VILA GUILHERME                                              ,3920,SALDO CREDOR                                                                                                            ,0,SALDO CREDOR                                                                                                            ,0,1,0,em situação normal,URBANIZACAO DE AREAS                      ,200305,100,04/01/03 00:00:00,05/01/03 00:00:00,,200305,0,100,6,      ,,,,,,,,,,,,,,,,,,,,,13917755,,,,
raw/sharepoint/Canal FGTS/MC20260306.zip,MCidades_AO_1.mdb + AO_2.mdb + AO_3.mdb,0139178,0139178,69,6026.11,15814.39,03/28/02 00:00:00,1997,2,26,078,71324,53000,7183,00,B2,N,0138106,79,Porto Alegre,226078002,,,RS,HAB / PRO-MORADIA                         ,POA                                                         ,POA                                                         ,VILA GUILHERME                                              ,3920,SALDO CREDOR                                                                                                            ,0,SALDO CREDOR                                                                                                            ,0,2,0,em situação normal,URBANIZACAO DE AREAS                      ,200307,100,04/01/03 00:00:00,06/01/03 00:00:00,,200307,0,100,6,      ,,,,,,,,,,,,,,,,,,,,,13917869,,,,
raw/sharepoint/Canal FGTS/MC20260306.zip,MCidades_AO_1.mdb + AO_2.mdb + AO_3.mdb,0138384,0138384,49,18366.18,22680.1,05/07/98 00:00:00,1997,2,26,078,68454,53000,7181,00,B2,N,0138218,25,Palmas,226078001,,,TO,HAB / PRO-MORADIA                         ,URBANIZACAO DA ARNE 51 - PALMAS/TO                          ,ARNE 51 - PALMAS/TO                                         ,DIVERSOS                                                    ,4812,SALDO CREDOR DO CRT ORIGINAL 57.466-37 URBANIZACAO DE AREAS INFRA-ESTRUTURA NA ARNE 51 - PALMAS/TO                      ,0,SALDO CREDOR DO CRT ORIGINAL 57.466-37 URBANIZACAO DE AREAS INFRA-ESTRUTURA NA ARNE 51 - PALMAS/TO                      ,0,3,0,em situação normal,URBANIZACAO DE AREAS                      ,200206,100,06/01/98 00:00:00,06/01/98 00:00:00,,200206,100,100,6,      ,,,,,,,,,,,,,,,,,,,,,13838449,,,,
raw/sharepoint/Canal FGTS/MC20260306.zip,MCidades_AO_1.mdb + AO_2.mdb + AO_3.mdb,0138314,0138314,93,34417.17,60780.54,07/15/96 00:00:00,1996,2,26,003,68537,53000,7186,00,B2,N,0138293,46,,226003002,,,BA,HAB / PRO-MORADIA                         ,CONJ HABIT SAO SEBASTIAO / FEIRA DA MATA                    ,FEIRA DA MATA                                               ,ZONA URBANA                                                 ,4714,SALDO CREDOR 0035474 - 29                                                                                               ,57,SALDO CREDOR 0035474 - 29                                                                                               ,0,6,0,em situação normal,URBANIZ. AREAS NAO OCUPADAS               ,200210,100,10/13/97 00:00:00,10/02/02 00:00:00,,200210,100,100,6,Y     ,,,,,,,,,,,,,,,,,,,,,13831493,,,,
raw/sharepoint/Canal FGTS/MC20260306.zip,MCidades_AO_1.mdb + AO_2.mdb + AO_3.mdb,0139189,0139189,98,21227.88,58722.21,05/20/98 00:00:00,1997,2,26,078,71746,53000,7179,00,B2,N,0138529,88,CRICIUMA,226078002,,,SC,HAB / PRO-MORADIA                         ,UTILIZACAO DE SOBRA DE RECURSOS CONTRATO 0057986-63         ,VILA PROGRESSO                                              ,DIVERSOS                                                    ,3756,UTILIZACAO DE SOBRA DE RECURSOS CONTRATO 0057986-63                                                                     ,0,UTILIZACAO DE SOBRA DE RECURSOS CONTRATO 0057986-63                                                                     ,0,6,0,em situação normal,URBANIZACAO DE AREAS                      ,200211,100,08/01/98 00:00:00,08/08/99 00:00:00,,200211,100,100,6,      ,,,,,,,,,,,,,,,,,,,,,13918998,,,,
raw/sharepoint/Canal FGTS/MC20260306.zip,MCidades_AO_1.mdb + AO_2.mdb + AO_3.mdb,0139190,0139190,25,7715.17,19413.71,05/20/98 00:00:00,1997,2,26,078,71746,53000,7179,00,B2,N,0138531,29,CRICIUMA,226078002,,,SC,HAB / PRO-MORADIA                         ,UTILIZACAO DE SOBRA DE RECURSOS CONTRATO 0057989-27         ,VILA PROGRESSO                                              ,DIVERSOS                                                    ,3756,UTILIZACAO DE SOBRA DE RECURSOS CONTRATO 0057989-27                                                                     ,0,UTILIZACAO DE SOBRA DE RECURSOS CONTRATO 0057989-27                                                                     ,0,2,0,em situação normal,URBANIZACAO DE AREAS                      ,200211,100,08/01/98 00:00:00,08/08/99 00:00:00,,200211,100,100,6,      ,,,,,,,,,,,,,,,,,,,,,13919025,,,,
raw/sharepoint/Canal FGTS/MC20260306.zip,MCidades_AO_1.mdb + AO_2.mdb + AO_3.mdb,0138606,0138606,29,36181.53,48606.14,06/19/98 00:00:00,1997,2,26,018,82546,53000,7183,00,B2,N,0138605,15,Passo Fundo,226018002,RS07970017M,,RS,HAB / PRO-MORADIA                         ,NOVA ESPERANCA                                              ,LOTEAMENTO NOVA ESPERANCA                                   ,MUNICIPIO ENTRE RIOS DO SUL                                 ,4614,SALDO CONTRATO TRANSFERIDO EMGEA                                                                                        ,40,SALDO CONTRATO TRANSFERIDO EMGEA                                                                                        ,0,7,0,em situação normal,HAB / MORADIAS POPULARES                  ,200210,100,04/01/02 00:00:00,10/14/02 00:00:00,10/14/02 00:00:00,200210,100,100,6,      ,,,,,,,,,,,,,,,,,,,,,13860629,,,,
raw/sharepoint/Canal FGTS/MC20260306.zip,MCidades_AO_1.mdb + AO_2.mdb + AO_3.mdb,0147055,0147055,57,1336992.74,1631323.91,07/03/02 00:00:00,2002,2,26,078,71051,53000,7186,00,B2,N,0138672,39,Salvador,226078001,OF SEDU/PR 4385/02,,BA,HAB / PRO-MORADIA                         ,SANTO ESTEVAO                                               ,SANTO ESTEVAO                                               ,BAIRRO MUTIRAO E RUA SANTO ESTEVAO                          ,1887,"URBANIZACAO DA AREA MUTIRAO, NO MUNICIPIO DE SANTO ESTEVAO                                                              ",80,"URBANIZACAO DA AREA MUTIRAO, NO MUNICIPIO DE SANTO ESTEVAO                                                              ",960,153,0,em situação normal,URBANIZACAO DE AREAS                      ,200608,100,11/19/02 00:00:00,06/29/05 00:00:00,,200608,100,100,6,EJW   ,,,8.0,1031403.9140625,2005,,,,,,,,,,,,,,,,14705557,,,,
raw/sharepoint/Canal FGTS/MC20260306.zip,MCidades_AO_1.mdb + AO_2.mdb + AO_3.mdb,0147056,0147056,61,1876225.68,2144394.14,07/03/02 00:00:00,2002,2,26,078,71051,53000,7186,00,B2,N,0138673,43,Salvador,226078001,OF SEDU/PR 4385/02,,BA,HAB / PRO-MORADIA                         ,SANTA MARIA DA VITORIA                                      ,SANTA MARIA DA VITORIA                                      ,BAIRRO PLANALTO                                             ,1881,URBANIZACAO DE AREA EM SANTA MARIA DA VITORIA                                                                           ,100,URBANIZACAO DE AREA EM SANTA MARIA DA VITORIA                                                                           ,2970,199,0,em situação normal,URBANIZACAO DE AREAS                      ,200907,100,11/08/02 00:00:00,12/05/07 00:00:00,,200907,100,100,6,      ,,,4.0,536108.8340624999,2008,,,,,,,,,,,,,,,,14705661,,,,
raw/sharepoint/Canal FGTS/MC20260306.zip,MCidades_AO_1.mdb + AO_2.mdb + AO_3.mdb,0147012,0147012,31,2039426.01,2266028.9,07/03/02 00:00:00,2002,2,26,078,71051,53000,7186,00,B2,N,0138676,77,Salvador,226078001,OF SEDU/PR 4385/02,,BA,HAB / PRO-MORADIA                         ,AMELIA RODRIGUES                                            ,AMELIA RODRIGUES                                            ,BAIRROS AREAL E CAMUCURSO                                   ,1611,URBANIZACAO DE AREAS EM AMELIA RODRIGUES/BA - AREAL E       CAMUCURSO                                                   ,125,URBANIZACAO DE AREAS EM AMELIA RODRIGUES/BA - AREAL E       CAMUCURSO                                                   ,1950,216,0,em situação normal,URBANIZACAO DE AREAS                      ,200409,100,03/26/03 00:00:00,09/30/04 00:00:00,10/30/04 00:00:00,200409,100,100,6,DE    ,,,8.0,496102.0134277344,2006,,,,,,,,,,,,,,,,14701231,,,,
raw/sharepoint/Canal FGTS/MC20260306.zip,MCidades_AO_1.mdb + AO_2.mdb + AO_3.mdb,0139191,0139191,39,179803.57,208269.61,05/20/98 00:00:00,1997,2,26,078,71746,53000,7179,00,B2,N,0138772,43,CRICIUMA,226078002,,,SC,HAB / PRO-MORADIA                         ,UTILIZACAO DE SOBRA DE RECURSOS CONTRATO 0057983-96         ,VILA PROGRESSO                                              ,DIVERSOS                                                    ,3756,UTILIZACAO DE SOBRA DE RECURSOS CONTRATO 0057983-96                                                                     ,0,UTILIZACAO DE SOBRA DE RECURSOS CONTRATO 0057983-96                                                                     ,0,20,0,em situação normal,URBANIZACAO DE AREAS                      ,200211,100,08/01/98 00:00:00,08/08/99 00:00:00,,200211,100,100,6,      ,,,,,,,,,,,,,,,,,,,,,13919139,,,,
raw/sharepoint/Canal FGTS/MC20260306.zip,MCidades_AO_1.mdb + AO_2.mdb + AO_3.mdb,0139173,0139173,17,17740.89,35494.74,05/14/98 00:00:00,1997,2,26,078,71721,53000,7179,00,B2,N,0138774,62,CRICIUMA,226078002,,,SC,HAB / PRO-MORADIA                         ,UTILIZACAO DE SOBRA DE RECURSOS CONTRATO 0057990-44         ,BAIRRO SAO BASILIO                                          ,RUA JOAO EFFTING                                            ,3738,UTILIZACAO DE SOBRA DE RECURSOS CONTRATO 0057990-44                                                                     ,0,UTILIZACAO DE SOBRA DE RECURSOS CONTRATO 0057990-44                                                                     ,0,3,0,em situação normal,URBANIZACAO DE AREAS                      ,200201,100,10/01/01 00:00:00,02/01/02 00:00:00,,200201,100,100,6,      ,,,,,,,,,,,,,,,,,,,,,13917317,,,,
raw/sharepoint/Canal FGTS/MC20260306.zip,MCidades_AO_1.mdb + AO_2.mdb + AO_3.mdb,0139172,0139172,03,20007.97,37763.71,05/14/98 00:00:00,1997,2,26,078,71721,53000,7179,00,B2,N,0138776,81,CRICIUMA,226078002,,,SC,HAB / PRO-MORADIA                         ,UTILIZACAO DE SOBRA DE RECURSOS CONTRATO 0058020-93         ,BAIRRO SAO BASILIO                                          ,RUA JOAO EFFTING                                            ,3738,UTILIZACAO DE SOBRA DE RECURSOS CONTRATO 0058020-93                                                                     ,1,UTILIZACAO DE SOBRA DE RECURSOS CONTRATO 0058020-93                                                                     ,0,4,0,em situação normal,URBANIZACAO DE AREAS                      ,200201,100,10/01/01 00:00:00,02/01/02 00:00:00,,200201,100,100,6,      ,,,,,,,,,,,,,,,,,,,,,13917203,,,,
raw/sharepoint/Canal FGTS/MC20260306.zip,MCidades_AO_1.mdb + AO_2.mdb + AO_3.mdb,0167396,0167396,92,16479217.28,24361141.09,06/25/04 00:00:00,2004,2,26,078,68454,53000,7181,00,B2,N,0138901,00,Palmas,226078001,80000.004814/2004-94,,TO,HAB / PRO-MORADIA                         ,PM PALMAS                                                   ,DIVERSOS NO MUNICIPIO DE PALMAS                             ,DIVERSOS                                                    ,4812,"PALMAS/TO - CONST DE 130 HU,PAVIMENTACAO E DRENAGEM Q.10,05,1105 E 1203 SUL,E CONST 02 CT EDUC INFANTIL Q. 403N E 1105S ",130,"PALMAS/TO - CONST DE 130 HU,PAVIMENTACAO E DRENAGEM Q.10,05,1105 E 1203 SUL,E CONST 02 CT EDUC INFANTIL Q. 403N E 1105S ",0,1989,0,em situação normal,URBANIZACAO DE AREAS                      ,202509,100,07/01/05 00:00:00,12/30/24 00:00:00,,202509,100,100,6,      ,,,34.0,16479217.220625,2019,,,,,,,,,,,,,,,,16739692,,,,
raw/sharepoint/Canal FGTS/MC20260306.zip,MCidades_AO_1.mdb + AO_2.mdb + AO_3.mdb,0147057,0147057,75,3397243.21,4410663.46,07/03/02 00:00:00,2002,2,26,078,71051,53000,7186,00,B2,N,0139206,07,Salvador,226078001,OF SEDU/PR 4385/02,,BA,HAB / PRO-MORADIA                         ,VILA VALERIA/COUTOS                                         ,SALVADOR                                                    ,BAIRRO COUTOS                                               ,1600,"URBANIZACAO DA AREA DE VILA VALERIA - 1 ETAPA, NO BAIRRO    COUTOS                                                      ",227,"URBANIZACAO DA AREA DE VILA VALERIA - 1 ETAPA, NO BAIRRO    COUTOS                                                      ",3445,370,0,em situação normal,URBANIZACAO DE AREAS                      ,201012,100,10/25/02 00:00:00,,,201012,100,100,6,D     ,,,25.0,3106901.062021484,2010,,,,,,,,,,,,,,,,14705775,,,,
raw/sharepoint/Canal FGTS/MC20260306.zip,MCidades_AO_1.mdb + AO_2.mdb + AO_3.mdb,0139990,0139990,08,367821.66,696544.3199999999,06/28/96 00:00:00,1996,2,26,002,71324,53000,7183,00,B2,N,0139987,53,Porto Alegre,226002002,,,RS,HAB / PRO-MORADIA                         ,BELEM NOVO I                                                ,PORTO ALEGRE                                                ,BELEM NOVO                                                  ,3920,SALDO CREDOR                                                                                                            ,0,SALDO CREDOR                                                                                                            ,0,90,0,em situação normal,URBANIZ. AREAS OCUPADAS POR SUB-HABITACAO ,200210,100,05/10/96 00:00:00,05/10/96 00:00:00,,200210,0,100,6,      ,,,,,,,,,,,,,,,,,,,,,13999008,,,,
raw/sharepoint/Canal FGTS/MC20260306.zip,MCidades_AO_1.mdb + AO_2.mdb + AO_3.mdb,0139991,0139991,12,61979.51,123689.83,06/30/97 00:00:00,1996,2,26,078,71324,53000,7183,00,B2,N,0139989,71,Porto Alegre,226078002,,,RS,HAB / PRO-MORADIA                         ,BELEM NOVO II                                               ,PORTO ALEGRE                                                ,BELEM NOVO                                                  ,3920,SALDO CREDOR                                                                                                            ,0,SALDO CREDOR                                                                                                            ,0,20,0,em situação normal,URBANIZACAO DE AREAS                      ,200210,100,08/10/98 00:00:00,08/10/98 00:00:00,,200210,0,100,6,      ,,,,,,,,,,,,,,,,,,,,,13999112,,,,
raw/sharepoint/Canal FGTS/MC20260306.zip,MCidades_AO_1.mdb + AO_2.mdb + AO_3.mdb,0167695,0167695,10,1351201.05,1759303.19,06/30/04 00:00:00,2004,2,26,078,71037,53000,7173,00,B2,N,0140108,38,Belém,226078001,80000.016393/2003-63,,PA,HAB / PRO-MORADIA                         ,PARACURI I/URBANIZACAO DE AREAS                             ,BELEM/COHAB/RES.PARACURI I/PROMORADIA03/URB.AREA            ,ICOARACI/BELEM                                              ,0400,"IMPLANTACAO DO SISTEMA DE ESGOTO SANITARIO, DRENAGEM PLUVIAL E SISTEMA VIARIO, COM PAVIMENTACAO DE VIAS                 ",0,"IMPLANTACAO DO SISTEMA DE ESGOTO SANITARIO, DRENAGEM PLUVIAL E SISTEMA VIARIO, COM PAVIMENTACAO DE VIAS                 ",0,161,0,em situação normal,URBANIZACAO DE AREAS                      ,200701,100,07/01/04 00:00:00,01/08/07 00:00:00,,200701,0,100,6,      ,,,13.0,1398130.1454467773,2006,,,,,,,,,,,,,,,,16769510,,,,
raw/sharepoint/Canal FGTS/MC20260306.zip,MCidades_AO_1.mdb + AO_2.mdb + AO_3.mdb,0167699,0167699,57,1137329.38,1263699.31,06/30/04 00:00:00,2004,2,26,078,71037,53000,7173,00,B2,N,0140111,85,Belém,226078001,80000.016393/2003-63,,PA,HAB / PRO-MORADIA                         ,BEM-TE-VI/URBANIZACAO DE AREAS                              ,BENEVIDES/COHAB/RES.BEMTEVI/PROMORADIA03/URB.AREA           ,BENEVIDES/PARA                                              ,0414,"IMPLANTACAO DO SISTEMA DE ESGOTO SANITARIO, DRENAGEM PLUVIAL E DO SISTEMA VIARIO, COM PAVIMENTACAO DAS VIAS             ",258,"IMPLANTACAO DO SISTEMA DE ESGOTO SANITARIO, DRENAGEM PLUVIAL E DO SISTEMA VIARIO, COM PAVIMENTACAO DAS VIAS             ",0,120,0,em situação normal,URBANIZACAO DE AREAS                      ,201409,8.8800001,06/30/04 00:00:00,,,201409,0,8.880000000000001,0,      ,,,2.0,303635.8046875,2005,,,,,,,,,,,,,,,,16769957,,,,
raw/sharepoint/Canal FGTS/MC20260306.zip,MCidades_AO_1.mdb + AO_2.mdb + AO_3.mdb,0167703,0167703,18,1068393.12,1340804.34,06/30/04 00:00:00,2004,2,26,078,71037,53000,7173,00,B2,N,0140113,02,Belém,226078001,80000.016393/2003-63,,PA,HAB / PRO-MORADIA                         ,SANTA BARBARA/ PRO-MORADIA                                  ,SANTA BARBARA/COHAB/RES.STA.BARBARA/PRO-MORADIA03/URB. AREA ,SANTA BARBARA                                               ,4943,"IMPLANTACAO DO SIST DE ESGOTO SANITARIO, DRENAGEM PLUVIAL E SIST. VIARIO COM PAVIMENTACAO DAS VIAS                      ",250,"IMPLANTACAO DO SIST DE ESGOTO SANITARIO, DRENAGEM PLUVIAL E SIST. VIARIO COM PAVIMENTACAO DAS VIAS                      ",1250,129,0,em situação normal,URBANIZACAO DE AREAS                      ,200705,100,06/30/04 00:00:00,04/19/07 00:00:00,,200705,0,100,6,      ,,04/14/07 00:00:00,11.0,1068393.111328125,2006,,,,,,,,,,,,,,,,16770318,,,,
raw/sharepoint/Canal FGTS/MC20260306.zip,MCidades_AO_1.mdb + AO_2.mdb + AO_3.mdb,0167704,0167704,22,1250354.5,1389282.78,06/30/04 00:00:00,2004,2,26,078,71037,53000,7173,01,D1,N,0140114,16,Belém,226078001,80000.016393/2003-63,,PA,HAB / PRO-MORADIA                         ,SANTAREM/GEP/PONTA NEGRA/PROMOR/02/URBAREA                  ,SANTAREM/GEP/PONTA NEGRA/PROMOR02/URBAREA                   ,SANTAREM                                                    ,0467,"IMPLANTACAO DOS SISTEMA DE ESGOTO SANITARIO, IMPLANTACAO DO SISTEMA DE DRENAGEM PLUVIAL E DO SISTEMA VIARIO             ",0,"IMPLANTACAO DOS SISTEMA DE ESGOTO SANITARIO, IMPLANTACAO DO SISTEMA DE DRENAGEM PLUVIAL E DO SISTEMA VIARIO             ",0,132,0,distratado,URBANIZACAO DE AREAS                      ,200602,0,,,,200602,0,0,5,      ,"O GOVERNO DO ESTADO ATRAVES DA COHAB/PA MANIFESTOU INTERESSE EM DESISTIRDOS PROJETOS, SOLICITANDO O CANCELAMENTO ATE O FINAL DE FEV 2006.                                                                                                                                                                                                                                                                                                                                                                                                                                                                                                                                                                                                                                                                                                                                                                                                                                                                                                                                                                                                                                                                                                                                                                                                                                                                                                                                                                                                                                                                                                                                                                                                                                                                                                                                                                                                                                                                                                                                                                                                                                                                                                                                                                                                                                                                                                                                                                                                                                                                                                                                                                                                                                                                                                                                                                                                                                                                                                                                                                                                                                                                                                                                                                                                                                                                                                                                                                                                                                                                                                                                                                                 ",,,,,,,,,,,,,,,,,,,,16770422,,,,
raw/sharepoint/Canal FGTS/MC20260306.zip,MCidades_AO_1.mdb + AO_2.mdb + AO_3.mdb,0167707,0167707,56,1786748.24,2440763.54,06/30/04 00:00:00,2004,2,26,078,71037,53000,7173,00,B2,N,0140116,35,Belém,226078001,80000.016393/2003-63,,PA,HAB / PRO-MORADIA                         ,CASTANHAL/GEP/JARDIM DOS MUTUNS/PROMOR02/URBAREA            ,CASTANHAL/COHAB/JARDIM DOS MUTUNS/PRO-MORADIA03/URB.AREA    ,CASTANHAL                                                   ,0423,"IMPLANTACAO DO SISTEMA DE ESGOTO SANITARIO, IMPLANTACAO DO SISTEMA DE DRENAGEM PLUVIALE DO SISTEMA VIARIO               ",0,"IMPLANTACAO DO SISTEMA DE ESGOTO SANITARIO, IMPLANTACAO DO SISTEMA DE DRENAGEM PLUVIALE DO SISTEMA VIARIO               ",0,192,0,em situação normal,URBANIZACAO DE AREAS                      ,200511,100,07/01/04 00:00:00,11/30/05 00:00:00,,200511,0,100,6,      ,,,6.0,1814748.216796875,2006,,,,,,,,,,,,,,,,16770756,,,,
raw/sharepoint/Canal FGTS/MC20260306.zip,MCidades_AO_1.mdb + AO_2.mdb + AO_3.mdb,0147885,0147885,95,181262.21,368119.84,06/22/02 00:00:00,1997,2,26,021,71324,53000,7183,00,B2,N,0147883,76,Porto Alegre,226021002,,,RS,HAB / PRO-MORADIA                         ,PORTO ALEGRE                                                ,PORTO ALEGRE                                                ,BAIRRO TIMBAUVA                                             ,3920,SALDO CREDOR                                                                                                            ,397,SALDO CREDOR                                                                                                            ,0,37,0,em situação normal,HAB / CESTA BASICA DE MATERIAIS           ,200305,100,05/01/98 00:00:00,05/20/03 00:00:00,,200305,0,100,6,      ,,,,,,,,,,,,,,,,,,,,,14788595,,,,
raw/sharepoint/Canal FGTS/MC20260306.zip,MCidades_AO_1.mdb + AO_2.mdb + AO_3.mdb,0152595,0152595,86,7909.14,10268.94,06/30/98 00:00:00,1997,2,26,078,69413,53000,7174,00,B2,N,0152575,45,,226078002,,,MG,HAB / PRO-MORADIA                         ,SALDO CREDOR/CT 59.367-56/MUNICIPIO DE PEDRA AZUL-MG        ,BAIRROS RAQUEL DE OLIVEIRA E PLATAFORMA I                   ,PEDRA AZUL                                                  ,2436,"S/CREDOR CT 59.367-56 - OBRAS DE INFRA-ESTRUTURA EM DIVERSASRUAS DO MUNICIPIO - PAVIMENTACAO, MEIOS FIOS E SARJETAS     ",0,"S/CREDOR CT 59.367-56 - OBRAS DE INFRA-ESTRUTURA EM DIVERSASRUAS DO MUNICIPIO - PAVIMENTACAO, MEIOS FIOS E SARJETAS     ",0,1,0,em situação normal,URBANIZACAO DE AREAS                      ,200306,100,02/01/99 00:00:00,03/21/03 00:00:00,,200306,0,100,6,      ,,,,,,,,,,,,,,,,,,,,,15259586,,,,
raw/sharepoint/Canal FGTS/MC20260306.zip,MCidades_AO_1.mdb + AO_2.mdb + AO_3.mdb,0153888,0153888,49,231921.44,696048.08,06/30/97 00:00:00,1996,2,26,078,71324,53000,7183,00,B2,N,0153887,35,Porto Alegre,226078002,,,RS,HAB / PRO-MORADIA                         ,VILA RESTINGA FASE II                                       ,PORTO ALEGRE                                                ,VILA RESTINGA                                               ,3920,SALDO CREDOR                                                                                                            ,0,SALDO CREDOR                                                                                                            ,0,33,0,em situação normal,URBANIZACAO DE AREAS                      ,200406,100,03/01/04 00:00:00,06/30/04 00:00:00,,200406,0,100,6,      ,,,2.0,231921.4375,2004,,,,,,,,,,,,,,,,15388849,,,,
raw/sharepoint/Canal FGTS/MC20260306.zip,MCidades_AO_1.mdb + AO_2.mdb + AO_3.mdb,0167727,0167727,96,1462000,2632659.35,06/30/04 00:00:00,2004,2,26,194,71037,53000,7173,01,D1,N,0154824,96,Belém,226194001,80000.016393/2003-63,,PA,HAB / PRO-MORADIA                         ,LOTEAMENTO RES TUIUIU                                       ,SANTA IZAB PARA/COHAB/LOT TUIUIU/PRO-MORADIA03/PROD CJ.HABIT,SANTA IZABEL DO PARA                                        ,0464,"IMPL DE CONJ HAB C/ DREN PLUV,ESG SAN,SIST VIARIO,ABAST AGUAEN ELETRICA E CONST UNID NA RUA 07 DE JANEIRO               ",172,"IMPL DE CONJ HAB C/ DREN PLUV,ESG SAN,SIST VIARIO,ABAST AGUAEN ELETRICA E CONST UNID NA RUA 07 DE JANEIRO               ",0,251,0,distratado,HAB - PRODUCAO DE CONJUNSTOS HABITACIONAIS,200602,0,,,,200602,0,0,5,      ,"O GOVERNO DO ESTADO ATRAVES DA COHAB/PA MANIFESTOU INTERESSE DE DESISTIRDOS PROJETOS, SOLICITANDO O SEU CANCELAMENTO ATE O FINAL DE FEV 2006.                                                                                                                                                                                                                                                                                                                                                                                                                                                                                                                                                                                                                                                                                                                                                                                                                                                                                                                                                                                                                                                                                                                                                                                                                                                                                                                                                                                                                                                                                                                                                                                                                                                                                                                                                                                                                                                                                                                                                                                                                                                                                                                                                                                                                                                                                                                                                                                                                                                                                                                                                                                                                                                                                                                                                                                                                                                                                                                                                                                                                                                                                                                                                                                                                                                                                                                                                                                                                                                                                                                                                                             ",,,,,,,,,,,,,,,,,,,,16772796,,,,
raw/sharepoint/Canal FGTS/MC20260306.zip,MCidades_AO_1.mdb + AO_2.mdb + AO_3.mdb,0167733,0167733,74,2159000,3882191.59,06/30/04 00:00:00,2004,2,26,194,71037,53000,7173,01,D1,N,0154829,46,Belém,226194001,80000.016393/2003-63,,PA,HAB / PRO-MORADIA                         ,LOTEAMENTO RESIDENCIAL PAULO FONTELLES II                   ,ANANINDEUA/COHAB/PAULO FONTELES II/PRO MORADIA03/URB AREA   ,ANANINDEUA                                                  ,0408,"IMP DE CONJ HAB C/DREN PLUV,ESG SAN,SIST VIARIO,ABAST.AGUA  ENERG ELET E CONSTR DE UNID HABITACIONAIS EM ANANINDEUA     ",254,"IMP DE CONJ HAB C/DREN PLUV,ESG SAN,SIST VIARIO,ABAST.AGUA  ENERG ELET E CONSTR DE UNID HABITACIONAIS EM ANANINDEUA     ",0,370,0,distratado,HAB - PRODUCAO DE CONJUNSTOS HABITACIONAIS,200602,0,,,,200602,0,0,5,      ,"O GOVERNO DO ESTADO ATRAVES DA COHAB/PA MANIFESTOU INTERESSE DE DESISTIRDOS PROJETOS, SOLICITANDO O CANCELAMENTO ATE O FINAL DE FEV 2006.                                                                                                                                                                                                                                                                                                                                                                                                                                                                                                                                                                                                                                                                                                                                                                                                                                                                                                                                                                                                                                                                                                                                                                                                                                                                                                                                                                                                                                                                                                                                                                                                                                                                                                                                                                                                                                                                                                                                                                                                                                                                                                                                                                                                                                                                                                                                                                                                                                                                                                                                                                                                                                                                                                                                                                                                                                                                                                                                                                                                                                                                                                                                                                                                                                                                                                                                                                                                                                                                                                                                                                                 ",,,,,,,,,,,,,,,,,,,,16773374,,,,
raw/sharepoint/Canal FGTS/MC20260306.zip,MCidades_AO_1.mdb + AO_2.mdb + AO_3.mdb,0167746,0167746,21,1224000,1869081.49,06/30/04 00:00:00,2004,2,26,194,71037,53000,7173,01,D1,N,0154830,75,Belém,226194001,80000.016393/2003-63,,PA,HAB / PRO-MORADIA                         ,LOT RES CRUZEIRO                                            ,CONC DO ARAGUAIA/PRO MORADIA 03/URB AREA                    ,CONCEICAO DO ARAGUAIA                                       ,0426,"IMPL CONJ HAB C/ DREN PLUV, ESG SAN, SIST VIARIO, ABAST AGUAENERG ELETR E CONST HAB NO BAIRRO DO CRUZEIRO               ",144,"IMPL CONJ HAB C/ DREN PLUV, ESG SAN, SIST VIARIO, ABAST AGUAENERG ELETR E CONST HAB NO BAIRRO DO CRUZEIRO               ",0,178,0,distratado,HAB - PRODUCAO DE CONJUNSTOS HABITACIONAIS,200602,0,,,,200602,0,0,5,      ,"O GOVERNO DO ESTADO ATRAVES DA COHAB/PA MANIFESTOU INTENCAO DE DESISTIR DOS PROJETOS, SOLICITANDO O CANCELAMENTO ATE O FINAL DE FEV/2006.                                                                                                                                                                                                                                                                                                                                                                                                                                                                                                                                                                                                                                                                                                                                                                                                                                                                                                                                                                                                                                                                                                                                                                                                                                                                                                                                                                                                                                                                                                                                                                                                                                                                                                                                                                                                                                                                                                                                                                                                                                                                                                                                                                                                                                                                                                                                                                                                                                                                                                                                                                                                                                                                                                                                                                                                                                                                                                                                                                                                                                                                                                                                                                                                                                                                                                                                                                                                                                                                                                                                                                                 ",,,,,,,,,,,,,,,,,,,,16774621,,,,
raw/sharepoint/Canal FGTS/MC20260306.zip,MCidades_AO_1.mdb + AO_2.mdb + AO_3.mdb,0167775,0167775,85,5812334.51,10532671.99,06/30/04 00:00:00,2004,2,26,194,71037,53000,7173,00,B2,N,0154899,94,Belém,226194001,80000.016393/2003-63,,PA,HAB / PRO-MORADIA                         ,BELEM/GEP/TENONE2/PROMORADIA04                              ,BELEM/TENONE II-2A FASE/PROMORADIA02                        ,BELEM                                                       ,0400,"IMPLANTACAO DE INFRA-ESTRUTURA URBANA(DREN PLUV, ESG SANIT, ABAST AGUA, SIST VIARIO, ENERG ELET E CONSTR DE UNID HABIT) ",686,"IMPLANTACAO DE INFRA-ESTRUTURA URBANA(DREN PLUV, ESG SANIT, ABAST AGUA, SIST VIARIO, ENERG ELET E CONSTR DE UNID HABIT) ",0,855,0,em situação normal,HAB - PRODUCAO DE CONJUNSTOS HABITACIONAIS,200911,100,04/28/04 00:00:00,05/30/07 00:00:00,,200911,0,100,6,      ,,,20.0,6068638.2825,2009,,,,,,,,,,,,,,,,16777585,,,,
raw/sharepoint/Canal FGTS/MC20260306.zip,MCidades_AO_1.mdb + AO_2.mdb + AO_3.mdb,0167445,0167445,85,3110589.84,4472185.31,06/18/04 00:00:00,2003,2,26,078,71051,53000,7186,00,B2,N,0155052,99,Salvador,226078001,80000.015496/2003-14,,BA,HAB / PRO-MORADIA                         ,TEIXEIRA DE FREITAS                                         ,TEIXEIRA DE FREITAS                                         ,BAIRRO DA LIBERDADE                                         ,2677,"BAIRRO DA LIBERDADE I - 1A ETAPA, EM TEIXEIRA DE FREITAS                                                                ",40,"BAIRRO DA LIBERDADE I - 1A ETAPA, EM TEIXEIRA DE FREITAS                                                                ",2750,341,0,em situação normal,URBANIZACAO DE AREAS                      ,200908,100,01/17/05 00:00:00,08/30/06 00:00:00,,200908,100,100,6,F     ,,,10.0,3110589.8642578125,2006,,,,,,,,,,,,,,,,16744585,,,,
raw/sharepoint/Canal FGTS/MC20260306.zip,MCidades_AO_1.mdb + AO_2.mdb + AO_3.mdb,0167450,0167450,61,5332922.45,7267087.16,06/18/04 00:00:00,2003,2,26,078,71051,53000,7186,00,B2,N,0155055,21,Salvador,226078001,80000.015496/2003-14,,BA,HAB / PRO-MORADIA                         ,SUSSUARANA VELHA II                                         ,SALVADOR                                                    ,SUSSUARANA VELHA                                            ,1600,"PROJETO SUSSUARANA VELHA II, EM SALVADOR                                                                                ",115,"PROJETO SUSSUARANA VELHA II, EM SALVADOR                                                                                ",4683,592,0,em situação normal,URBANIZACAO DE AREAS                      ,200908,100,04/01/05 00:00:00,07/21/09 00:00:00,,200908,100,100,6,D     ,,,15.0,5332922.498535156,2007,,,,,,,,,,,,,,,,16745061,,,,
raw/sharepoint/Canal FGTS/MC20260306.zip,MCidades_AO_1.mdb + AO_2.mdb + AO_3.mdb,0167546,0167546,03,2711020.18,3219714.37,06/18/04 00:00:00,2003,2,26,078,71051,53000,7186,00,B2,N,0155058,54,Salvador,226078001,80000.015496/2003-14,,BA,HAB / PRO-MORADIA                         ,NOVA BRASILIA/ALAGOINHAS                                    ,ALAGOINHAS                                                  ,BAIRRO NOVA BRASILIA                                        ,1607,"BAIRRO NOVA BRASILIA, EM ALAGOINHAS                                                                                     ",15,"BAIRRO NOVA BRASILIA, EM ALAGOINHAS                                                                                     ",2595,295,0,em situação normal,URBANIZACAO DE AREAS                      ,200712,100,11/10/04 00:00:00,07/31/06 00:00:00,,200712,100,100,6,EGJW  ,,,14.0,2711020.1852734378,2008,,,,,,,,,,,,,,,,16754603,,,,
raw/sharepoint/Canal FGTS/MC20260306.zip,MCidades_AO_1.mdb + AO_2.mdb + AO_3.mdb,0167448,0167448,16,4682446.58,7573415.17,06/18/04 00:00:00,2003,2,26,078,71051,53000,7186,00,B2,N,0155060,96,Salvador,226078001,80000.015496/2003-14,,BA,HAB / PRO-MORADIA                         ,NOSSA SENHORA DA VITORIA                                    ,ILHEUS                                                      ,NOSSA SENHORA DA VITORIA                                    ,1737,"PROJETO NOSSA SENHORA DA VITORIA - IA ETAPA, EM ILHEUS                                                                  ",120,"PROJETO NOSSA SENHORA DA VITORIA - IA ETAPA, EM ILHEUS                                                                  ",2364,504,0,em situação normal,URBANIZACAO DE AREAS                      ,201011,100,10/14/04 00:00:00,04/20/08 00:00:00,,201011,100,100,6,      ,,,19.0,4682446.598574218,2010,,,,,,,,,,,,,,,,16744816,,,,
raw/sharepoint/Canal FGTS/MC20260306.zip,MCidades_AO_1.mdb + AO_2.mdb + AO_3.mdb,0167451,0167451,75,4855702.69,8077838.44,06/18/04 00:00:00,2003,2,26,078,71051,53000,7186,00,B2,N,0155063,27,Salvador,226078001,80000.015496/2003-14,,BA,HAB / PRO-MORADIA                         ,BAIRRO SANTO ANTONIO                                        ,ITACARE                                                     ,BAIRRO SANTO ANTONIO                                        ,1750,"BAIRRO SANTO ANTONIO, EM ITACARE                                                                                        ",322,"BAIRRO SANTO ANTONIO, EM ITACARE                                                                                        ",1764,522,0,em situação normal,URBANIZACAO DE AREAS                      ,201205,100,04/01/05 00:00:00,,,201205,100,100,6,D     ,,,17.0,4858858.22734375,2010,,,,,,,,,,,,,,,,16745175,,,,
raw/sharepoint/Canal FGTS/MC20260306.zip,MCidades_AO_1.mdb + AO_2.mdb + AO_3.mdb,0167549,0167549,35,1999463.16,2730921.97,06/18/04 00:00:00,2003,2,26,078,71051,53000,7186,00,B2,N,0155064,31,Salvador,226078001,80000.015496/2003-14,,BA,HAB / PRO-MORADIA                         ,VILA IZABEL/ITAPETINGA                                      ,ITAPETINGA                                                  ,VILA IZABEL                                                 ,1765,"VILA IZABEL, EM ITAPETINGA                                                                                              ",80,"VILA IZABEL, EM ITAPETINGA                                                                                              ",1750,222,0,em situação normal,URBANIZACAO DE AREAS                      ,201104,100,11/03/04 00:00:00,01/11/10 00:00:00,,201104,100,100,6,      ,,04/02/09 00:00:00,17.0,1999463.1725390626,2010,,,,,,,,,,,,,,,,16754935,,,,
raw/sharepoint/Canal FGTS/MC20260306.zip,MCidades_AO_1.mdb + AO_2.mdb + AO_3.mdb,0167444,0167444,70,211567.62,875451.16,06/18/04 00:00:00,2003,2,26,194,71051,53000,7186,00,B2,N,0155066,51,Salvador,226194001,80000.015496/2003-14,,BA,HAB / PRO-MORADIA                         ,ITABUNA                                                     ,ITABUNA                                                     ,BAIRRO BANANEIRA                                            ,1749,"BAIRRO BANANEIRA - 2A ETAPA, EM ITABUNA                                                                                 ",250,"BAIRRO BANANEIRA - 2A ETAPA, EM ITABUNA                                                                                 ",1250,336,0,em situação normal,HAB - PRODUCAO DE CONJUNSTOS HABITACIONAIS,201304,0,03/01/06 00:00:00,,,201304,0,0,0,      ,,,4.0,211567.62109375,2006,,,,,,,,,,,,,,,,16744470,,,,
raw/sharepoint/Canal FGTS/MC20260306.zip,MCidades_AO_1.mdb + AO_2.mdb + AO_3.mdb,0167530,0167530,23,1571503.77,2510810.81,06/18/04 00:00:00,2003,2,26,078,71051,53000,7186,00,B2,N,0155072,38,Salvador,226078001,80000.015496/2003-14,,BA,HAB / PRO-MORADIA                         ,CAJUEIRO/NAZARE                                             ,NAZARE                                                      ,BAIRRO DO CAJUEIRO                                          ,1826,"BAIRRO DO CAJUEIRO, EM NAZARE                                                                                           ",138,"BAIRRO DO CAJUEIRO, EM NAZARE                                                                                           ",602,175,0,em situação normal,URBANIZACAO DE AREAS                      ,201212,100,11/09/04 00:00:00,11/01/12 00:00:00,,201212,100,100,6,D     ,,,15.0,1632685.6635546875,2012,,,,,,,,,,,,,,,,16753023,,,,
raw/sharepoint/Canal FGTS/MC20260306.zip,MCidades_AO_1.mdb + AO_2.mdb + AO_3.mdb,0167439,0167439,05,2217998.68,2556039.6,06/18/04 00:00:00,2004,2,26,078,71051,53000,7186,00,B2,N,0155073,42,Salvador,226078001,80000.015496/2003-14,,BA,HAB / PRO-MORADIA                         ,PILAR/SALVADOR                                              ,SALVADOR                                                    ,PILAR                                                       ,1600,"REABILITACAO INTEGRADA DA COMUNIDADE DO PILAR - 1A ETAPA,   EM SALVADOR                                                 ",109,"REABILITACAO INTEGRADA DA COMUNIDADE DO PILAR - 1A ETAPA,   EM SALVADOR                                                 ",817,247,0,em situação normal,URBANIZACAO DE AREAS                      ,201310,100,12/13/07 00:00:00,,,201310,0,100,6,      ,,,8.0,2241572.3296484374,2010,,,,,,,,,,,,,,,,16743905,,,,
raw/sharepoint/Canal FGTS/MC20260306.zip,MCidades_AO_1.mdb + AO_2.mdb + AO_3.mdb,0167538,0167538,06,3091859.67,3833262.77,06/18/04 00:00:00,2003,2,26,078,71051,53000,7186,00,B2,N,0155075,62,Salvador,226078001,80000.015496/2003-14,,BA,HAB / PRO-MORADIA                         ,SANTA MARIA DA VITORIA                                      ,SANTA MARIA DA VITORIA                                      ,BAIRRO ALTO DO CRUZEIRO                                     ,1881,"BAIRRO ALTO DO CRUZEIRO, EM SANTA MARIA DA VITORIA                                                                      ",64,"BAIRRO ALTO DO CRUZEIRO, EM SANTA MARIA DA VITORIA                                                                      ",2420,339,0,em situação normal,URBANIZACAO DE AREAS                      ,200803,100,11/04/04 00:00:00,03/06/08 00:00:00,,200803,100,100,6,E     ,,,18.0,3325619.711123047,2008,,,,,,,,,,,,,,,,16753806,,,,
raw/sharepoint/Canal FGTS/MC20260306.zip,MCidades_AO_1.mdb + AO_2.mdb + AO_3.mdb,0167547,0167547,17,1538329.22,2078579.79,06/18/04 00:00:00,2003,2,26,078,71051,53000,7186,00,B2,N,0155077,80,Salvador,226078001,80000.015496/2003-14,,BA,HAB / PRO-MORADIA                         ,SENHOR DO BONFIM                                            ,SENHOR DO BONFIM                                            ,BAIRRO RUA DAS MISSOES                                      ,1900,"BAIRRO RUA DAS MISSOES, EM SENHOR DO BONFIM                                                                             ",8,"BAIRRO RUA DAS MISSOES, EM SENHOR DO BONFIM                                                                             ",1500,168,0,em situação normal,URBANIZACAO DE AREAS                      ,201212,100,11/16/04 00:00:00,,,201212,100,100,6,      ,,,15.0,1538329.214013672,2012,,,,,,,,,,,,,,,,16754717,,,,
raw/sharepoint/Canal FGTS/MC20260306.zip,MCidades_AO_1.mdb + AO_2.mdb + AO_3.mdb,0167527,0167527,78,2318680.82,2722929.87,06/18/04 00:00:00,2003,2,26,078,71051,53000,7186,00,B2,N,0155080,35,Salvador,226078001,80000.015496/2003-14,,BA,HAB / PRO-MORADIA                         ,GUANAMBI/ALTO DO CAICARA                                    ,GUANAMBI                                                    ,BAIRRO ALTO DO CAICARA                                      ,1717,"BAIRRO ALTO DO CAICARA, EM GUANAMBI                                                                                     ",10,"BAIRRO ALTO DO CAICARA, EM GUANAMBI                                                                                     ",1250,250,0,em situação normal,URBANIZACAO DE AREAS                      ,200609,100,05/01/05 00:00:00,07/30/06 00:00:00,,200609,100,100,6,      ,,,9.0,2318680.859375,2006,,,,,,,,,,,,,,,,16752778,,,,
raw/sharepoint/Canal FGTS/MC20260306.zip,MCidades_AO_1.mdb + AO_2.mdb + AO_3.mdb,0167528,0167528,82,1597783.96,1838716.26,06/18/04 00:00:00,2003,2,26,078,71051,53000,7186,00,B2,N,0155082,54,Salvador,226078001,80000.015496/2003-14,,BA,HAB / PRO-MORADIA                         ,ITABERABA/BARRO VERMELHO                                    ,ITABERABA                                                   ,BAIRRO BARRO VERMELHO                                       ,1748,"BAIRRO BARRO VERMELHO, EM ITABERABA                                                                                     ",30,"BAIRRO BARRO VERMELHO, EM ITABERABA                                                                                     ",1080,175,0,em situação normal,URBANIZACAO DE AREAS                      ,201101,100,05/03/05 00:00:00,01/30/10 00:00:00,,201101,100,100,6,      ,,,14.0,1634764.6741015625,2010,,,,,,,,,,,,,,,,16752882,,,,
raw/sharepoint/Canal FGTS/MC20260306.zip,MCidades_AO_1.mdb + AO_2.mdb + AO_3.mdb,0167442,0167442,52,2454821.92,3313005.2,06/18/04 00:00:00,2003,2,26,078,71051,53000,7186,00,B2,N,0155083,68,Salvador,226078001,80000.015496/2003-14,,BA,HAB / PRO-MORADIA                         ,EUNAPOLIS/GUSMAO                                            ,EUNAPOLIS                                                   ,BAIRRO GUSMAO                                               ,4573,"COMUNIDADE GUSMAO, CENTRO DE EUNAPOLIS                                                                                  ",60,"COMUNIDADE GUSMAO, CENTRO DE EUNAPOLIS                                                                                  ",1300,274,0,em situação normal,URBANIZACAO DE AREAS                      ,201205,100,11/16/04 00:00:00,,,201205,100,100,6,      ,,,13.0,2350461.4942578124,2011,,,,,,,,,,,,,,,,16744252,,,,
raw/sharepoint/Canal FGTS/MC20260306.zip,MCidades_AO_1.mdb + AO_2.mdb + AO_3.mdb,0167532,0167532,41,2853414.93,3385954.67,06/18/04 00:00:00,2003,2,26,078,71051,53000,7186,00,B2,N,0155084,72,Salvador,226078001,80000.015496/2003-14,,BA,HAB / PRO-MORADIA                         ,SANTO ANTONIO DE JESUS                                      ,SANTO ANTONIO DE JESUS                                      ,INVASAO RADIO CLUBE                                         ,1886,"INVASAO RADIO CLUBE, 1A ETAPA, EM SANTO ANTONIO DE JESUS                                                                ",160,"INVASAO RADIO CLUBE, 1A ETAPA, EM SANTO ANTONIO DE JESUS                                                                ",2000,313,0,em situação normal,URBANIZACAO DE AREAS                      ,201011,100,09/01/04 00:00:00,01/30/10 00:00:00,,201011,100,100,6,      ,,,22.0,2608371.0493164062,2010,,,,,,,,,,,,,,,,16753241,,,,
raw/sharepoint/Canal FGTS/MC20260306.zip,MCidades_AO_1.mdb + AO_2.mdb + AO_3.mdb,0167533,0167533,56,2635010.99,3077522.34,06/18/04 00:00:00,2003,2,26,078,71051,53000,7186,00,B2,N,0155085,87,Salvador,226078001,80000.015496/2003-14,,BA,HAB / PRO-MORADIA                         ,VALENCA/SANTA LUZIA                                         ,VALENCA                                                     ,BAIRRO SANTA LUZIA                                          ,1928,"BAIRRO SANTA LUZIA, 1A ETAPA, EM VALENCA                                                                                ",80,"BAIRRO SANTA LUZIA, 1A ETAPA, EM VALENCA                                                                                ",1400,286,0,em situação normal,URBANIZACAO DE AREAS                      ,200610,100,10/05/04 00:00:00,09/18/06 00:00:00,,200610,100,100,6,GLW   ,,,12.0,2665698.0185546875,2006,,,,,,,,,,,,,,,,16753356,,,,
raw/sharepoint/Canal FGTS/MC20260306.zip,MCidades_AO_1.mdb + AO_2.mdb + AO_3.mdb,0167526,0167526,64,2830583.66,3367762.3,06/18/04 00:00:00,2003,2,26,078,71051,53000,7186,00,B2,N,0155086,91,Salvador,226078001,80000.015496/2003-14,,BA,HAB / PRO-MORADIA                         ,CAMACAN/BAIRRO DO MORRO                                     ,CAMACAN                                                     ,BAIRRO DO MORRO                                             ,1656,"COMUNIDADE JOANA ANGELICA, BAIRRO DO MORRO, EM CAMACAN                                                                  ",220,"COMUNIDADE JOANA ANGELICA, BAIRRO DO MORRO, EM CAMACAN                                                                  ",1150,307,0,em situação normal,URBANIZACAO DE AREAS                      ,201101,100,11/16/04 00:00:00,01/30/10 00:00:00,,201101,100,100,6,      ,,,19.0,3080005.27703125,2010,,,,,,,,,,,,,,,,16752664,,,,
raw/sharepoint/Canal FGTS/MC20260306.zip,MCidades_AO_1.mdb + AO_2.mdb + AO_3.mdb,0167535,0167535,75,1207824.67,1773709.45,06/18/04 00:00:00,2003,2,26,078,71051,53000,7186,00,B2,N,0156279,40,Salvador,226078001,80000.015496/2003-14,,BA,HAB / PRO-MORADIA                         ,BRUMADO/BAIRRO SAO JORGE                                    ,BRUMADO                                                     ,BAIRRO SAO JORGE                                            ,1646,PROJETO DE URBANIZACAO DA AREA DA COMUNIDADE BAIRRO SAO     JORGE                                                       ,10,PROJETO DE URBANIZACAO DA AREA DA COMUNIDADE BAIRRO SAO     JORGE                                                       ,1085,132,0,em situação normal,URBANIZACAO DE AREAS                      ,201104,100,11/01/04 00:00:00,,,201104,100,100,6,      ,,,18.0,1210035.1239892577,2010,,,,,,,,,,,,,,,,16753575,,,,
raw/sharepoint/Canal FGTS/MC20260306.zip,MCidades_AO_1.mdb + AO_2.mdb + AO_3.mdb,0167544,0167544,85,2516709.47,3234887.65,06/18/04 00:00:00,2003,2,26,078,71051,53000,7186,00,B2,N,0156280,79,Salvador,226078001,80000.015496/2003-14,,BA,HAB / PRO-MORADIA                         ,VITORIA DA CONQUISTA/BAIRRO DAS PEDRINHAS                   ,VITORIA DA CONQUISTA                                        ,BAIRRO DAS PEDRINHAS                                        ,1932,"PROJETO DE URBANIZACAO DO BAIRRO DAS PEDRINHAS, EM VITORIA  DA CONQUISTA                                                ",50,"PROJETO DE URBANIZACAO DO BAIRRO DAS PEDRINHAS, EM VITORIA  DA CONQUISTA                                                ",3500,280,0,em situação normal,URBANIZACAO DE AREAS                      ,200803,100,10/25/04 00:00:00,11/30/05 00:00:00,,200803,100,100,6,EGW   ,,,9.0,2516709.4716796875,2006,,,,,,,,,,,,,,,,16754485,,,,
raw/sharepoint/Canal FGTS/MC20260306.zip,MCidades_AO_1.mdb + AO_2.mdb + AO_3.mdb,0167537,0167537,93,1863036.16,3089590.56,06/18/04 00:00:00,2003,2,26,078,71051,53000,7186,00,B2,N,0156281,83,Salvador,226078001,80000.015496/2003-14,,BA,HAB / PRO-MORADIA                         ,SERRINHA/BAIRRO DA BOMBA                                    ,SERRINHA                                                    ,BAIRRO DA BOMBA                                             ,1904,"PROJETO DE URBANIZACAO DO BAIRRO DA BOMBA, EM SERRINHA                                                                  ",10,"PROJETO DE URBANIZACAO DO BAIRRO DA BOMBA, EM SERRINHA                                                                  ",1000,199,0,em situação normal,URBANIZACAO DE AREAS                      ,200610,100,11/03/04 00:00:00,10/31/06 00:00:00,,200610,100,100,6,DEGW  ,,,5.0,1863036.177734375,2006,,,,,,,,,,,,,,,,16753793,,,,
raw/sharepoint/Canal FGTS/MC20260306.zip,MCidades_AO_1.mdb + AO_2.mdb + AO_3.mdb,0167550,0167550,76,1600062.81,2767975.16,06/18/04 00:00:00,2003,2,26,078,71051,53000,7186,00,B2,N,0156283,00,Salvador,226078001,80000.015496/2003-14,,BA,HAB / PRO-MORADIA                         ,LOT. FELIX/IRECE                                            ,IRECE                                                       ,LOTEAMENTO FELIX/MORRO DO URUBU                             ,1747,"PROJETO DE URBANIZACAO DO LOTEAMENTO FELIX/MORRO DO URUBU,  EM IRECE                                                    ",40,"PROJETO DE URBANIZACAO DO LOTEAMENTO FELIX/MORRO DO URUBU,  EM IRECE                                                    ",1150,192,0,em situação normal,URBANIZACAO DE AREAS                      ,201509,100,11/04/04 00:00:00,09/22/15 00:00:00,,201509,0,100,6,      ,,,19.0,1651706.2086914063,2015,,,,,,,,,,,,,,,,16755076,,,,
raw/sharepoint/Canal FGTS/MC20260306.zip,MCidades_AO_1.mdb + AO_2.mdb + AO_3.mdb,0167531,0167531,37,2050279.83,2840270.24,06/18/04 00:00:00,2003,2,26,078,71051,53000,7186,00,B2,N,0156284,14,Salvador,226078001,80000.015496/2003-14,,BA,HAB / PRO-MORADIA                         ,RUI BARBOSA/ITAPIRAIPE                                      ,RUI BARBOSA                                                 ,BAIRRO ITAPIRAIPE                                           ,1873,"URBANIZACAO DO BAIRRO DO ITAPIRAIPE, EM RUI BARBOSA                                                                     ",115,"URBANIZACAO DO BAIRRO DO ITAPIRAIPE, EM RUI BARBOSA                                                                     ",1025,221,0,em situação normal,URBANIZACAO DE AREAS                      ,200809,100,09/24/04 00:00:00,03/31/06 00:00:00,,200809,100,100,6,      ,,,13.0,2669353.0004882812,2006,,,,,,,,,,,,,,,,16753137,,,,
raw/sharepoint/Canal FGTS/MC20260306.zip,MCidades_AO_1.mdb + AO_2.mdb + AO_3.mdb,0167552,0167552,94,9610936.75,13259812.67,06/18/04 00:00:00,2004,2,26,078,71051,53000,7186,00,B2,N,0156506,95,Salvador,226078001,80000.015496/2003-14,,BA,HAB / PRO-MORADIA                         ,LOT COSTA AZUL                                              ,SALVADOR                                                    ,FAVELAS PARAISO AZUL E RECANTO FELIZ                        ,1600,LOTEAMENTO COSTA AZUL - PARAIZO AZUL E RECANTO FELIZ                                                                    ,462,LOTEAMENTO COSTA AZUL - PARAIZO AZUL E RECANTO FELIZ                                                                    ,3560,1053,0,em situação normal,URBANIZACAO DE AREAS                      ,201012,100,01/17/05 00:00:00,01/30/10 00:00:00,,201012,100,100,6,      ,,,19.0,10185627.44671875,2010,,,,,,,,,,,,,,,,16755294,,,,
raw/sharepoint/Canal FGTS/MC20260306.zip,MCidades_AO_1.mdb + AO_2.mdb + AO_3.mdb,0164651,0164651,26,5213943.01,6530940.34,04/30/04 00:00:00,2003,2,26,078,71065,53000,7180,00,B2,N,0156663,07,Fortaleza,226078001,2003004489,,CE,HAB / PRO-MORADIA                         ,BOULEVARD MARANGUAPINHO MARGEM DIREITA                      ,FORTALEZA                                                   ,AUTRAN NUNES/ANTONIO BEZERRA                                ,0760,URBANIZACAO DA MARGEM DIREITA DO RIO MARANGUAPINHO NO TRECHO ENTRE A AV. LIBERDADE E A AV. MISTER HULL                  ,130,URBANIZACAO DA MARGEM DIREITA DO RIO MARANGUAPINHO NO TRECHO ENTRE A AV. LIBERDADE E A AV. MISTER HULL                  ,0,567,0,em situação normal,URBANIZACAO DE AREAS                      ,201308,100,04/01/05 00:00:00,,,201308,100,100,6,      ,,,20.0,5213943.025585937,2013,,,,,,,,,,,,,,,,16465126,,,,
raw/sharepoint/Canal FGTS/MC20260306.zip,MCidades_AO_1.mdb + AO_2.mdb + AO_3.mdb,0164748,0164748,73,2980000,15840000,04/30/04 00:00:00,2003,2,26,078,71065,53000,7180,01,D1,N,0156664,11,Fortaleza,226078001,2003004492,,CE,HAB / PRO-MORADIA                         ,BOULEVARDMARANGUAPINHO MARGEM ESQUERDA                      ,FORTALEZA                                                   ,GENIBAU                                                     ,0760,URBANIZACAO DA MARGEM ESQUERDA DO RIO MARANGUAPINHO NO      TRECHO ENTRE A AV. FERNANDES TAVORA E A AV. MISTER HULL     ,600,URBANIZACAO DA MARGEM ESQUERDA DO RIO MARANGUAPINHO NO      TRECHO ENTRE A AV. FERNANDES TAVORA E A AV. MISTER HULL     ,0,1510,0,distratado,URBANIZACAO DE AREAS                      ,200404,0,,,,200404,0,0,5,      ,,,,,,,,,,,,,,,,,,,,,16474873,,,,
raw/sharepoint/Canal FGTS/MC20260306.zip,MCidades_AO_1.mdb + AO_2.mdb + AO_3.mdb,0164751,0164751,30,1857271.15,2831013.29,04/30/04 00:00:00,2003,2,26,078,71065,53000,7180,00,B2,N,0156665,26,Fortaleza,226078001,2003004493,,CE,HAB / PRO-MORADIA                         ,CANAL DO CONJUNTO CEARA/FAVELA DO CAPIM                     ,FORTALEZA                                                   ,FAVELA DO CAPIM                                             ,0760,URBANIZACAO DO CANAL DO CONJUNTO CEARA PROXIMO AA FAVELA DO CAPIM                                                       ,0,URBANIZACAO DO CANAL DO CONJUNTO CEARA PROXIMO AA FAVELA DO CAPIM                                                       ,1215,240,0,em situação normal,URBANIZACAO DE AREAS                      ,201604,100,08/30/06 00:00:00,,,201604,100,100,6,      ,,04/13/16 00:00:00,11.0,2045851.2180761718,2009,,,,,,,,,,,,,,,,16475130,,,,
raw/sharepoint/Canal FGTS/MC20260306.zip,MCidades_AO_1.mdb + AO_2.mdb + AO_3.mdb,0164800,0164800,23,9880717.34,11944976.34,04/30/04 00:00:00,2003,2,26,078,71065,53000,7180,00,B2,N,0156666,30,Fortaleza,226078001,2003004494,,CE,HAB / PRO-MORADIA                         ,PROJETO FAROL NOVO                                          ,FORTALEZA                                                   ,"VICENTE PINZON, MUCURIPE E PAPICU                           ",0760,URBANIZACAO DE AREAS LOCALIZADAS NOS BAIRRROS VICENTE PINZONMUCURIPE E PAPICU                                           ,1372,URBANIZACAO DE AREAS LOCALIZADAS NOS BAIRRROS VICENTE PINZONMUCURIPE E PAPICU                                           ,10000,1968,0,em situação normal,URBANIZACAO DE AREAS                      ,202212,100,04/30/04 00:00:00,11/22/21 00:00:00,12/22/21 00:00:00,202212,0,100,6,      ,,,22.0,9880717.3325,2012,,,,,,,,,,,,,,,,16480023,,,,
raw/sharepoint/Canal FGTS/MC20260306.zip,MCidades_AO_1.mdb + AO_2.mdb + AO_3.mdb,0164752,0164752,44,8150000,9274000,04/30/04 00:00:00,2003,2,26,194,71065,53000,7180,01,D1,N,0156668,59,Fortaleza,226194001,2003004495,,CE,HAB / PRO-MORADIA                         ,CONJUNTO HABITACIONAL CURIO                                 ,FORTALEZA                                                   ,MESSEJANA                                                   ,0760,CONSTRUCAO DE CONJUNTO HABITACIONAL COMPOSTO DE 1.201 UNID. HABITACIONAIS                                               ,1201,CONSTRUCAO DE CONJUNTO HABITACIONAL COMPOSTO DE 1.201 UNID. HABITACIONAIS                                               ,0,884,0,distratado,HAB - PRODUCAO DE CONJUNSTOS HABITACIONAIS,200404,0,,,,200404,0,0,5,      ,,,,,,,,,,,,,,,,,,,,,16475244,,,,
raw/sharepoint/Canal FGTS/MC20260306.zip,MCidades_AO_1.mdb + AO_2.mdb + AO_3.mdb,0167698,0167698,42,7059397.65,9085894.57,06/30/04 00:00:00,2004,2,26,078,71065,53000,7180,00,B2,N,0156669,63,Fortaleza,226078001,80000.016393/2003-63,,CE,HAB / PRO-MORADIA                         ,PROJETO LITORAL OESTE                                       ,FORTALEZA                                                   ,LITORAL OESTE                                               ,0760,"URBANIZACAO DA ORLA MARITIMA AO LONGO DA AV. PROJETADA COSTAOESTE,ENTRE O KARTODROMO E O POLO DE LAZER DA BARRA DO CEARA",300,"URBANIZACAO DA ORLA MARITIMA AO LONGO DA AV. PROJETADA COSTAOESTE,ENTRE O KARTODROMO E O POLO DE LAZER DA BARRA DO CEARA",0,0,0,em situação normal,URBANIZACAO DE AREAS                      ,201604,100,03/06/06 00:00:00,04/30/16 00:00:00,,201604,100,100,6,      ,,04/13/16 00:00:00,26.0,7059966.97375,2014,,,,,,,,,,,,,,,,16769842,,,,
raw/sharepoint/Canal FGTS/MC20260306.zip,MCidades_AO_1.mdb + AO_2.mdb + AO_3.mdb,0167709,0167709,74,12220476.54,15981674.34,06/30/04 00:00:00,2004,2,26,194,71076,53000,7184,00,B2,N,0157294,55,João Pessoa,226194001,80000.005917/2004-71,,PB,HAB / PRO-MORADIA                         ,GOVERNO DO ESTADO DA PARAIBA                                ,JOAO PESSOA                                                 ,JOAO PESSOA ZONA SUL                                        ,1070,CONSTRUCAO DE UNIDADE HABITACIONAIS                                                                                     ,1170,CONSTRUCAO DE UNIDADE HABITACIONAIS                                                                                     ,5850,1464,0,em situação normal,HAB - PRODUCAO DE CONJUNSTOS HABITACIONAIS,201401,100,06/22/05 00:00:00,08/30/14 00:00:00,,201401,0,100,6,D     ,,,36.0,12220476.460117187,2013,,,,,,,,,,,,,,,,16770974,,,,
raw/sharepoint/Canal FGTS/MC20260306.zip,MCidades_AO_1.mdb + AO_2.mdb + AO_3.mdb,0167706,0167706,41,8532367.6,9654417.1,06/30/04 00:00:00,2004,2,26,194,71076,53000,7184,00,B2,N,0157295,60,João Pessoa,226194001,80000.005917/2004-71,,PB,HAB / PRO-MORADIA                         ,GOVERNO DO ESTADO DA PARAIBA                                ,CAMPINA GRANDE                                              ,"CAMPINA GRANDE ZONA LESTA, CACHOEIRA                        ",1110,CONSTRUCAO DE UNIDADE HABITACIONAIS                                                                                     ,670,CONSTRUCAO DE UNIDADE HABITACIONAIS                                                                                     ,0,0,0,em situação normal,HAB - PRODUCAO DE CONJUNSTOS HABITACIONAIS,201112,100,08/16/05 00:00:00,12/16/11 00:00:00,,201112,0,100,6,      ,,,13.0,8663206.653125,2010,,,,,,,,,,,,,,,,16770641,,,,
raw/sharepoint/Canal FGTS/MC20260306.zip,MCidades_AO_1.mdb + AO_2.mdb + AO_3.mdb,0167718,0167718,85,1370485.67,1687863.59,06/30/04 00:00:00,2004,2,26,194,71076,53000,7184,00,B2,N,0157296,74,João Pessoa,226194001,80000.005917/2004-71,,PB,HAB / PRO-MORADIA                         ,GOVERNO DO ESTADO DA PARAIBA                                ,UIRAUNA                                                     ,UIRAUNA + 10 MUNICIPIOS                                     ,1206,CONSTRUCAO DE UNIDADE HABITACIONAIS                                                                                     ,255,CONSTRUCAO DE UNIDADE HABITACIONAIS                                                                                     ,1275,205,0,em situação normal,HAB - PRODUCAO DE CONJUNSTOS HABITACIONAIS,202310,100,06/22/05 00:00:00,10/31/23 00:00:00,,202310,0,100,6,      ,,,22.0,1371730.149921875,2016,,,,,,,,,,,,,,,,16771885,,,,
raw/sharepoint/Canal FGTS/MC20260306.zip,MCidades_AO_1.mdb + AO_2.mdb + AO_3.mdb,0167719,0167719,99,2807393.3,4133201.76,06/30/04 00:00:00,2004,2,26,194,71076,53000,7184,00,B2,N,0157297,88,João Pessoa,226194001,80000.005917/2004-71,,PB,HAB / PRO-MORADIA                         ,GOVERNO DO ESTADO DA PARAIBA                                ,PATOS                                                       ,PATOS E SOUSA                                               ,1177,CONSTRUCAO DE UNIDADE HABITACIONAIS                                                                                     ,400,CONSTRUCAO DE UNIDADE HABITACIONAIS                                                                                     ,2000,345,0,em situação normal,HAB - PRODUCAO DE CONJUNSTOS HABITACIONAIS,201505,100,06/22/05 00:00:00,07/22/15 00:00:00,08/22/15 00:00:00,201505,0,100,6,      ,,,23.0,2899290.941328125,2014,,,,,,,,,,,,,,,,16771999,,,,
raw/sharepoint/Canal FGTS/MC20260306.zip,MCidades_AO_1.mdb + AO_2.mdb + AO_3.mdb,0167714,0167714,47,3259836.29,3962566.23,06/30/04 00:00:00,2004,2,26,194,71076,53000,7184,00,B2,N,0157298,92,João Pessoa,226194001,80000.005917/2004-71,,PB,HAB / PRO-MORADIA                         ,GOVERNO DO ESTADO DA PARAIBA                                ,BAYEUX                                                      ,BAYEUX + 13 MUNICIPIOS                                      ,1088,CONSTRUCAO DE UNIDADE HABITACIONAIS                                                                                     ,520,CONSTRUCAO DE UNIDADE HABITACIONAIS                                                                                     ,2600,426,0,em situação normal,HAB - PRODUCAO DE CONJUNSTOS HABITACIONAIS,201408,100,06/22/05 00:00:00,08/22/14 00:00:00,,201408,0,100,6,D     ,,,38.0,3259836.2897558594,2014,,,,,,,,,,,,,,,,16771447,,,,
raw/sharepoint/Canal FGTS/MC20260306.zip,MCidades_AO_1.mdb + AO_2.mdb + AO_3.mdb,0168012,0168012,76,2501683.92,3106988.59,06/30/04 00:00:00,2004,2,26,194,71076,53000,7184,00,B2,N,0157299,05,João Pessoa,226194001,80000.005917/2004-71,,PB,HAB / PRO-MORADIA                         ,GOVERNO DO ESTADO DA PARAIBA                                ,VISTA SERRANA                                               ,VISTA SERRANA + 17 MUNICIPIOS                               ,1125,CONSTRUCAO DE UNIDADE HABITACIONAIS                                                                                     ,515,CONSTRUCAO DE UNIDADE HABITACIONAIS                                                                                     ,2575,414,0,em situação normal,HAB - PRODUCAO DE CONJUNSTOS HABITACIONAIS,201701,100,06/22/05 00:00:00,11/30/16 00:00:00,11/30/16 00:00:00,201701,0,100,6,      ,,,29.0,2559873.3532421878,2015,,,,,,,,,,,,,,,,16801276,,,,
raw/sharepoint/Canal FGTS/MC20260306.zip,MCidades_AO_1.mdb + AO_2.mdb + AO_3.mdb,0167712,0167712,29,1857554.05,3787708.75,06/30/04 00:00:00,2004,2,26,194,71076,53000,7184,00,B2,N,0157300,35,João Pessoa,226194001,80000.005917/2004-71,,PB,HAB / PRO-MORADIA                         ,GOVERNO DO ESTADO DA PARAIBA                                ,CAJAZEIRAS                                                  ,CAJAZEIRA E POMBAL                                          ,1107,CONSTRUCAO DE UNIDADE HABITACIONAIS                                                                                     ,250,CONSTRUCAO DE UNIDADE HABITACIONAIS                                                                                     ,250,201,0,em situação normal,HAB - PRODUCAO DE CONJUNSTOS HABITACIONAIS,201502,100,06/22/05 00:00:00,02/23/15 00:00:00,,201502,0,100,6,      ,,,22.0,1857554.0466796875,2014,,,,,,,,,,,,,,,,16771229,,,,
raw/sharepoint/Canal FGTS/MC20260306.zip,MCidades_AO_1.mdb + AO_2.mdb + AO_3.mdb,0167716,0167716,67,1037772.43,2106068.48,06/30/04 00:00:00,2004,2,26,194,71076,53000,7184,00,B2,N,0157301,49,João Pessoa,226194001,80000.005917/2004-71,,PB,HAB / PRO-MORADIA                         ,GOVERNO DO ESTADO DA PARAIBA                                ,CAICARA                                                     ,CAICARA + 05 MUNICIPIOS                                     ,1106,CONSTRUCAO DE UNIDADE HABITACIONAIS                                                                                     ,150,CONSTRUCAO DE UNIDADE HABITACIONAIS                                                                                     ,750,121,0,em situação normal,HAB - PRODUCAO DE CONJUNSTOS HABITACIONAIS,201312,100,06/22/05 00:00:00,02/22/14 00:00:00,,201312,0,100,6,D     ,,,21.0,1039254.5098779297,2013,,,,,,,,,,,,,,,,16771667,,,,
raw/sharepoint/Canal FGTS/MC20260306.zip,MCidades_AO_1.mdb + AO_2.mdb + AO_3.mdb,0167710,0167710,01,4327549.26,5268812.46,06/30/04 00:00:00,2004,2,26,194,71076,53000,7184,00,B2,N,0157302,54,João Pessoa,226194001,80000.005917/2004-71,,PB,HAB / PRO-MORADIA                         ,GOVERNO DO ESTADO DA PARAIBA                                ,JOŸO PESSOA                                                 ,VALENTINA                                                   ,1070,CONSTRUCAO DE UNIDADE HABITACIONAIS                                                                                     ,490,CONSTRUCAO DE UNIDADE HABITACIONAIS                                                                                     ,2450,648,0,em situação normal,HAB - PRODUCAO DE CONJUNSTOS HABITACIONAIS,201311,100,01/20/06 00:00:00,06/01/13 00:00:00,,201311,0,100,6,D     ,,,18.0,4424996.1025,2013,,,,,,,,,,,,,,,,16771001,,,,
raw/sharepoint/Canal FGTS/MC20260306.zip,MCidades_AO_1.mdb + AO_2.mdb + AO_3.mdb,0167721,0167721,30,23992953.3,31854276.02,06/30/04 00:00:00,2004,2,26,194,71076,53000,7184,00,B2,N,0157303,68,João Pessoa,226194001,80000.005917/2004-71,,PB,HAB / PRO-MORADIA                         ,GOVERNO DO ESTADO DA PARAIBA                                ,CAMPINA GRANDE                                              ,CAMPINA GRANDE ZONA OESTE                                   ,1110,CONSTRUCAO DE UNIDADE HABITACIONAIS                                                                                     ,2106,CONSTRUCAO DE UNIDADE HABITACIONAIS                                                                                     ,10530,2615,0,em situação normal,HAB - PRODUCAO DE CONJUNSTOS HABITACIONAIS,201508,100,12/23/05 00:00:00,08/31/15 00:00:00,,201508,0,100,6,D     ,,,46.0,23638041.953515626,2015,,,,,,,,,,,,,,,,16772130,,,,
raw/sharepoint/Canal FGTS/MC20260306.zip,MCidades_AO_1.mdb + AO_2.mdb + AO_3.mdb,0167717,0167717,71,2387183.92,2804957.18,06/30/04 00:00:00,2004,2,26,194,71076,53000,7184,00,B2,N,0157304,72,João Pessoa,226194001,80000.005917/2004-71,,PB,HAB / PRO-MORADIA                         ,GOVERNO DO ESTADO DA PARAIBA                                ,MONTEIRO                                                    ,MONTEIRO + 13 MUNICIPIOS                                    ,1166,CONSTRUCAO DE UNIDADE HABITACIONAIS                                                                                     ,435,CONSTRUCAO DE UNIDADE HABITACIONAIS                                                                                     ,2175,351,0,em situação normal,HAB - PRODUCAO DE CONJUNSTOS HABITACIONAIS,201404,100,06/22/05 00:00:00,12/22/13 00:00:00,,201404,0,100,6,      ,,,25.0,2485195.0854101563,2013,,,,,,,,,,,,,,,,16771771,,,,
raw/sharepoint/Canal FGTS/MC20260306.zip,MCidades_AO_1.mdb + AO_2.mdb + AO_3.mdb,0167711,0167711,15,1207845.35,1682004.56,06/30/04 00:00:00,2004,2,26,194,71076,53000,7184,00,B2,N,0157305,87,João Pessoa,226194001,80000.005917/2004-71,,PB,HAB / PRO-MORADIA                         ,GOVERNO DO ESTADO DA PARAIBA                                ,ITAPORANGA                                                  ,ITAPORANGA + 09 MUNICIPIOS                                  ,1140,CONSTRUCAO DE UNIDADE HABITACIONAIS                                                                                     ,270,CONSTRUCAO DE UNIDADE HABITACIONAIS                                                                                     ,1350,217,0,em situação normal,HAB - PRODUCAO DE CONJUNSTOS HABITACIONAIS,201608,100,06/22/05 00:00:00,12/30/16 00:00:00,,201608,0,100,6,D     ,,,28.0,1213825.9816601563,2016,,,,,,,,,,,,,,,,16771115,,,,
raw/sharepoint/Canal FGTS/MC20260306.zip,MCidades_AO_1.mdb + AO_2.mdb + AO_3.mdb,0167715,0167715,53,792362.78,1230615.83,06/30/04 00:00:00,2004,2,26,194,71076,53000,7184,00,B2,N,0157308,18,João Pessoa,226194001,80000.005917/2004-71,,PB,HAB / PRO-MORADIA                         ,GOVERNO DO ESTADO DA PARAIBA                                ,CATOLE DO ROCHA                                             ,CATOLE DO ROCHA + 06 MUNICIPIOS                             ,1113,CONSTRUCAO DE UNIDADE HABITACIONAIS                                                                                     ,170,CONSTRUCAO DE UNIDADE HABITACIONAIS                                                                                     ,850,138,0,em situação normal,HAB - PRODUCAO DE CONJUNSTOS HABITACIONAIS,201309,100,06/22/05 00:00:00,09/22/13 00:00:00,,201309,0,100,6,      ,,,24.0,792828.5603710938,2013,,,,,,,,,,,,,,,,16771553,,,,
raw/sharepoint/Canal FGTS/MC20260306.zip,MCidades_AO_1.mdb + AO_2.mdb + AO_3.mdb,0167713,0167713,33,4111065.42,6090360.8,06/30/04 00:00:00,2004,2,26,194,71076,53000,7184,00,B2,N,0157310,51,João Pessoa,226194001,80000.005917/2004-71,,PB,HAB / PRO-MORADIA                         ,GOVERNO DO ESTADO DA PARAIBA                                ,ESPERANCA                                                   ,ESPERANCA + 17 MUNICIPIOS                                   ,1130,CONSTRUCAO DE UNIDADE HABITACIONAIS                                                                                     ,715,CONSTRUCAO DE UNIDADE HABITACIONAIS                                                                                     ,3575,577,0,em situação normal,HAB - PRODUCAO DE CONJUNSTOS HABITACIONAIS,202310,100,06/22/05 00:00:00,10/31/23 00:00:00,,202310,0,100,6,      ,,,37.0,4233443.424882812,2014,,,,,,,,,,,,,,,,16771333,,,,
raw/sharepoint/Canal FGTS/MC20260306.zip,MCidades_AO_1.mdb + AO_2.mdb + AO_3.mdb,0162080,0162080,73,8300,10790,06/19/98 00:00:00,1997,2,26,018,69008,53000,7174,00,B2,N,0162004,46,UBERLANDIA,226018002,,,MG,HAB / PRO-MORADIA                         ,PRO MORADIA - CONSTRUCAO UNIDADES HABITACIONAIS             ,GUIMARANIA/MG                                               ,GUIMARANIA/MG                                               ,2238,SALDO CREDOR DO CONTRATO 0040497-89                                                                                     ,50,SALDO CREDOR DO CONTRATO 0040497-89                                                                                     ,0,1,0,em situação normal,HAB / MORADIAS POPULARES                  ,200402,100,06/21/99 00:00:00,07/21/99 00:00:00,,200402,100,100,6,      ,,,,,,,,,,,,,,,,,,,,,16208073,,,,
raw/sharepoint/Canal FGTS/MC20260306.zip,MCidades_AO_1.mdb + AO_2.mdb + AO_3.mdb,0173272,0173272,22,922781,1025312.78,04/29/05 00:00:00,2004,2,26,194,71077,53000,7184,02,D1,N,0163798,65,Natal,226194001,80000.007246/2004-83,,RN,HAB / PRO-MORADIA                         ,JARDIM PROGRESSO - PRODUCAO CONJUNTO HABITACIONAL - NATAL RN,NATAL - RN                                                  ,"RUA SAO JOSE, S/N - NOSSA SENHORA DA APRESENTACAO           ",0910,PRODUCAO DE CONJUNTO HABITACIONAL COM 80 UNIDADES DENOMINADOCOJUNTO JARDIM PROGRESSO - BAIRRO N S APRESENTACAO          ,80,PRODUCAO DE CONJUNTO HABITACIONAL COM 80 UNIDADES DENOMINADOCOJUNTO JARDIM PROGRESSO - BAIRRO N S APRESENTACAO          ,0,0,0,cancelado,HAB - PRODUCAO DE CONJUNSTOS HABITACIONAIS,200504,0,,,,200504,0,0,5,      ,,,,,,,,,,,,,,,,,,,,,17327222,,,,
raw/sharepoint/Canal FGTS/MC20260306.zip,MCidades_AO_1.mdb + AO_2.mdb + AO_3.mdb,0173271,0173271,18,6776129.5,7529032.79,04/29/05 00:00:00,2004,2,26,078,71077,53000,7184,00,B2,N,0163801,12,Natal,226078001,80000.007246/2004-83,,RN,HAB / PRO-MORADIA                         ,VIVER LEGAL - URBANIZACAO DE AREAS - NATAL E JUCURUTU/RN    ,NATAL E JUCURUTU - RN                                       ,DIVERSOS                                                    ,9999,"CONSTRUCAO 330 UN HAB, 243 UN SANIT, 968 MELH HABIT E 3285  REG FUNDIARIAS - NATAL E JUCURUTU/RN                        ",330,"CONSTRUCAO 330 UN HAB, 243 UN SANIT, 968 MELH HABIT E 3285  REG FUNDIARIAS - NATAL E JUCURUTU/RN                        ",22480,0,0,em situação normal,URBANIZACAO DE AREAS                      ,202206,100,06/27/06 00:00:00,05/31/22 00:00:00,,202206,0,100,6,      ,,06/01/22 00:00:00,7.0,210687.171171875,2010,,,,,,,,,,,,,,,,17327118,,,,
raw/sharepoint/Canal FGTS/MC20260306.zip,MCidades_AO_1.mdb + AO_2.mdb + AO_3.mdb,0173268,0173268,63,10509951,11677723.31,04/29/05 00:00:00,2004,2,26,078,71077,53000,7184,00,B2,N,0163817,93,Natal,226078001,80000.007246/2004-83,,RN,HAB / PRO-MORADIA                         ,ZONA CENTRAL - URBANIZACAO DE AREAS - 23 MUNICIPIOS RN      ,DIVERSOS MUNICIPIOS - ZONA CENTRAL - RN                     ,DIVERSOS                                                    ,9999,"URBANIZACAO DE AREAS - CONSTRUCAO 870 UN HAB, 341 UN SANIT E1364 MELHORIAS HABIT - DIVERSOS MUNICIPIOS ZONA CENTRAL - RN",870,"URBANIZACAO DE AREAS - CONSTRUCAO 870 UN HAB, 341 UN SANIT E1364 MELHORIAS HABIT - DIVERSOS MUNICIPIOS ZONA CENTRAL - RN",12875,0,0,em situação normal,URBANIZACAO DE AREAS                      ,202205,100,05/24/06 00:00:00,05/31/22 00:00:00,,202205,0,100,6,      ,,,8.0,3315054.57375,2010,,,,,,,,,,,,,,,,17326863,,,,
raw/sharepoint/Canal FGTS/MC20260306.zip,MCidades_AO_1.mdb + AO_2.mdb + AO_3.mdb,0167803,0167803,22,1078138.8,1197932,06/30/04 00:00:00,2004,2,26,221,72936,53000,7186,02,D1,N,0164281,44,FEIRA DE SANTANA,226221001,80000.002991/2004-36,,BA,HAB / PRO-MORADIA                         ,BAIRRO SANTA LUZIA                                          ,MUNICIPIO DE INHAMBUPE                                      ,BAIRRO SANTA LUZIA                                          ,1738,"BAIRRO SANTA LUZIA, EM INHAMBUPE                                                                                        ",10,"BAIRRO SANTA LUZIA, EM INHAMBUPE                                                                                        ",580,114,0,cancelado,SITUACAO DE EMERGENCIA/CALAMIDADE PUBLICA ,200502,0,,,,200502,0,0,5,B     ,,,,,,,,,,,,,,,,,,,,,16780322,,,,
raw/sharepoint/Canal FGTS/MC20260306.zip,MCidades_AO_1.mdb + AO_2.mdb + AO_3.mdb,0167797,0167797,42,658041.3,731157,06/30/04 00:00:00,2004,2,26,221,72936,53000,7186,02,D1,N,0164282,59,FEIRA DE SANTANA,226221004,80000.002991/2004-36,,BA,HAB / PRO-MORADIA                         ,NOVA INHAMBUPE                                              ,INHAMBUPE                                                   ,BAIRRO NOVA INHAMBUPE                                       ,1738,PROJETO BAIRRO DE NOVA INHAMBUPE                                                                                        ,50,PROJETO BAIRRO DE NOVA INHAMBUPE                                                                                        ,200,70,0,cancelado,SITUACAO DE EMERGENCIA/CALAMIDADE PUBLICA ,200502,0,,,,200502,0,0,5,B     ,,,,,,,,,,,,,,,,,,,,,16779742,,,,
raw/sharepoint/Canal FGTS/MC20260306.zip,MCidades_AO_1.mdb + AO_2.mdb + AO_3.mdb,0173269,0173269,77,14250099,15833443.3,04/29/05 00:00:00,2004,2,26,078,71077,53000,7184,00,B2,N,0164286,96,Natal,226078001,80000.007246/2004-83,,RN,HAB / PRO-MORADIA                         ,ZONA OCIDENTAL - URBANIZACAO DE AREAS - 41 MUNICIPIOS RN    ,DIVERSOS MUNICIPIOS                                         ,DIVERSOS                                                    ,9999,"URBANIZACAO DE AREAS - CONSTRUCAO 1.100 UN HAB, 538 UN SANITE 2.152 MELHORIAS HABIT - 41 MUNICIPIOS - ZONA OCIDENTAL RN ",1100,"URBANIZACAO DE AREAS - CONSTRUCAO 1.100 UN HAB, 538 UN SANITE 2.152 MELHORIAS HABIT - 41 MUNICIPIOS - ZONA OCIDENTAL RN ",18950,0,0,em situação normal,URBANIZACAO DE AREAS                      ,202206,100,04/03/06 00:00:00,05/31/22 00:00:00,,202206,0,100,6,      ,,06/01/22 00:00:00,14.0,3672961.3743749997,2010,,,,,,,,,,,,,,,,17326977,,,,
raw/sharepoint/Canal FGTS/MC20260306.zip,MCidades_AO_1.mdb + AO_2.mdb + AO_3.mdb,0173270,0173270,04,1170000,1300000,04/29/05 00:00:00,2004,2,26,078,71077,53000,7184,00,B2,N,0164299,42,Natal,226078001,80000.007246/2004-83,,RN,HAB / PRO-MORADIA                         ,MELHOR VIVER - URBANIZACAO AREAS - 08 MUNICIPIOS RN         ,DIVERSOS MUNICIPIOS                                         ,DIVERSOS                                                    ,9999,URBANIZACAO DE AREAS - CONSTRUCAO 130 UNID SANITARIA E 520  MELHORIAS HABITACIONAIS EM 08 MUNICIPIOS RN - MELHOR VIVER  ,0,URBANIZACAO DE AREAS - CONSTRUCAO 130 UNID SANITARIA E 520  MELHORIAS HABITACIONAIS EM 08 MUNICIPIOS RN - MELHOR VIVER  ,3250,0,0,em situação normal,URBANIZACAO DE AREAS                      ,200801,1.54,05/24/06 00:00:00,,,200801,100,1.54,0,FD    ,,,4.0,17961.12012207031,2008,,,,,,,,,,,,,,,,17327004,,,,
raw/sharepoint/Canal FGTS/MC20260306.zip,MCidades_AO_1.mdb + AO_2.mdb + AO_3.mdb,0173267,0173267,59,4654070.5,5171189.44,04/29/05 00:00:00,2004,2,26,078,71077,53000,7184,00,B2,N,0164308,56,Natal,226078001,80000.007246/2004-83,,RN,HAB / PRO-MORADIA                         ,ZONA ORIENTAL NORTE - URBANIZACAO AREAS - 16 MINICIPIOS RN  ,DIVERSOS MUNICIPIOS                                         ,DIVERSOS                                                    ,9999,"URBANIZACAO DE AREAS - CONSTRUCAO 380 UN HABIT, 156 UN SANITE 624 MELHORIAS HABIT 16 MUNICIPIOS RN - ZONA ORIENTAL NORTE",380,"URBANIZACAO DE AREAS - CONSTRUCAO 380 UN HABIT, 156 UN SANITE 624 MELHORIAS HABIT 16 MUNICIPIOS RN - ZONA ORIENTAL NORTE",5800,0,0,em situação normal,URBANIZACAO DE AREAS                      ,201012,2.48,06/27/06 00:00:00,,,201012,100,2.48,0,D     ,,,3.0,115263.12000976563,2010,,,,,,,,,,,,,,,,17326759,,,,
raw/sharepoint/Canal FGTS/MC20260306.zip,MCidades_AO_1.mdb + AO_2.mdb + AO_3.mdb,0173266,0173266,44,13439986,13806015.05,04/29/05 00:00:00,2004,2,26,078,71077,53000,7184,00,B2,N,0164309,60,Natal,226078001,80000.002991/2004-36,,RN,HAB / PRO-MORADIA                         ,ZONA ORIENTAL SUL -  URBANIZCAO AREAS - 29 MUNICIPIOS RN    ,DIVERSOS MUNICIPIOS                                         ,DIVERSOS                                                    ,9999,"URBANIZACAO DE AREAS - CONSTRUCAO 1.060 UN HAB, 486 UN SANITE 1944 MELHORIAS HABIT 29 MINICIPIOS RN - ZONA ORIENTAL SUL ",1060,"URBANIZACAO DE AREAS - CONSTRUCAO 1.060 UN HAB, 486 UN SANITE 1944 MELHORIAS HABIT 29 MINICIPIOS RN - ZONA ORIENTAL SUL ",17450,0,0,em situação normal,URBANIZACAO DE AREAS                      ,202205,100,04/03/06 00:00:00,05/20/22 00:00:00,,202205,100,100,6,      ,,,14.0,3294261.19875,2010,,,,,,,,,,,,,,,,17326644,,,,
raw/sharepoint/Canal FGTS/MC20260306.zip,MCidades_AO_1.mdb + AO_2.mdb + AO_3.mdb,0168024,0168024,18,13409852.6,22372126.47,07/01/04 00:00:00,2004,2,26,221,71901,53000,7185,00,B2,N,0165472,89,Vitória,226221001,80000.0191272/2004,,ES,HAB / PRO-MORADIA                         ,PRO_MORADIA - VILA VELHA                                    ,VILA VELHA                                                  ,DIVERSOS                                                    ,2732,URBANIZACAO DE AREAS DO MUNICIPIO DE VILA VELHA - DRENAGEM E220 UNIDADES HABITACIONAIS                                  ,220,URBANIZACAO DE AREAS DO MUNICIPIO DE VILA VELHA - DRENAGEM E220 UNIDADES HABITACIONAIS                                  ,234410,0,0,em situação normal,SITUACAO DE EMERGENCIA/CALAMIDADE PUBLICA ,202107,100,01/02/06 00:00:00,07/01/21 00:00:00,,202107,0,100,6,      ,,,12.0,13409852.6525,2012,,,,,,,,,,,,,,,,16802418,,,,
raw/sharepoint/Canal FGTS/MC20260306.zip,MCidades_AO_1.mdb + AO_2.mdb + AO_3.mdb,0168715,0168715,78,12120080,13466755.56,07/02/04 00:00:00,2004,2,26,221,72160,53000,7186,00,B2,N,0166743,74,,226221001,80000.021960/2004,,BA,HAB / PRO-MORADIA                         ,MUNICIPIO DE VITORIA DA CONQUISTA                           ,VITORIA DA CONQUISTA                                        ,DIVERSOS BAIRROS                                            ,1932,"URBANIZACAO DA AREA DENOMINADA BAIRROS BRUNO BACELAR, PANORAMA, NOVA CIDADE, APARECIDA, SANTA CRUZ, CAMPINHOS E JUREMA  ",145,"URBANIZACAO DA AREA DENOMINADA BAIRROS BRUNO BACELAR, PANORAMA, NOVA CIDADE, APARECIDA, SANTA CRUZ, CAMPINHOS E JUREMA  ",0,1284,0,em situação normal,SITUACAO DE EMERGENCIA/CALAMIDADE PUBLICA ,200605,100,01/17/05 00:00:00,06/26/06 00:00:00,,200605,100,100,6,      ,,,16.0,12120183.01171875,2006,,,,,,,,,,,,,,,,16871578,,,,
raw/sharepoint/Canal FGTS/MC20260306.zip,MCidades_AO_1.mdb + AO_2.mdb + AO_3.mdb,0173265,0173265,30,10212049,11346721.15,04/29/05 00:00:00,2004,2,26,221,71077,53000,7184,00,B2,N,0167037,41,Natal,226221001,80000.016657/2004-60,,RN,HAB / PRO-MORADIA                         ,"EMERGENCIAL - CONST 550,MELH 3060 HABIT - 46 MUNICIPIOS RN  ",DIVERSOS MUNICIPIOS                                         ,DIVERSOS                                                    ,9999,"CONTRUCAO DE 550 UNIDADES HABITACIONAIS E MELHORIAS EM 3.060UNID HABITACIONAIS, EM 46 MUNICIPIOS DO ESTADO DO RN        ",0,"CONTRUCAO DE 550 UNIDADES HABITACIONAIS E MELHORIAS EM 3.060UNID HABITACIONAIS, EM 46 MUNICIPIOS DO ESTADO DO RN        ",0,0,0,em situação normal,SITUACAO DE EMERGENCIA/CALAMIDADE PUBLICA ,202206,100,05/09/06 00:00:00,05/20/22 00:00:00,,202206,0,100,6,      ,,06/01/22 00:00:00,11.0,1271184.2726953125,2010,,,,,,,,,,,,,,,,17326530,,,,
raw/sharepoint/Canal FGTS/MC20260306.zip,MCidades_AO_1.mdb + AO_2.mdb + AO_3.mdb,0169854,0169854,84,214630.41,700855.28,06/29/98 00:00:00,1997,2,26,018,71716,53000,7174,00,B2,N,0169787,68,DIVINOPOLIS,226018002,,,MG,HAB / PRO-MORADIA                         ,CH ANTONIO SOUZA E SILVA - CONTRATO 0041592-12              ,PASSOS/MG                                                   ,DIVERSOS                                                    ,2428,CONSTRUCAO DE 110 UH EM PASSOS/MG. CONTRATO CADASTRADO EM   SUBSTITUICAO AO  0132211-24 CADASTRADO INCORRETAMENTE       ,110,CONSTRUCAO DE 110 UH EM PASSOS/MG. CONTRATO CADASTRADO EM   SUBSTITUICAO AO  0132211-24 CADASTRADO INCORRETAMENTE       ,0,67,0,em situação normal,HAB / MORADIAS POPULARES                  ,200411,100,03/01/99 00:00:00,08/01/04 00:00:00,,200411,0,100,6,      ,,,4.0,152228.01171875,2004,,,,,,,,,,,,,,,,16985484,,,,
raw/sharepoint/Canal FGTS/MC20260306.zip,MCidades_AO_1.mdb + AO_2.mdb + AO_3.mdb,0170862,0170862,07,1253853.53,2049450.03,03/30/98 00:00:00,1998,2,26,018,71756,53000,7187,02,D1,N,0170860,80,São Paulo,226018002,,,SP,HAB / PRO-MORADIA                         ,REAL PQ/FASE I                                              ,MARGINAL PINHEIROS E RUA PAULO BOURROL                      ,RMSP FAVELA REAL PARQUE LUIZ DE BRAGANCA                    ,2840,URBANIZACAO DE AREAS OCUPADA REAL PARQUE LUIZ DE BRAGANCA   SALDO CREDOR                                                ,1082,URBANIZACAO DE AREAS OCUPADA REAL PARQUE LUIZ DE BRAGANCA   SALDO CREDOR                                                ,0,195,0,cancelado,HAB / MORADIAS POPULARES                  ,199803,0,,,,199803,0,0,5,      ,,,,,,,,,,,,,,,,,,,,,17086207,,,,
raw/sharepoint/Canal FGTS/MC20260306.zip,MCidades_AO_1.mdb + AO_2.mdb + AO_3.mdb,0202831,0202831,12,179993358.1,225855764.54,06/30/06 00:00:00,2005,2,26,218,71057,53000,7175,00,B2,N,0175749,27,Brasília,226218001,,,DF,HAB / PRO-MORADIA                         ,PRO-MORADIA GDF                                             ,BRASILIA                                                    ,BRASILIA - DISTRITO FEDERAL                                 ,4495,MELHORIAS DAS CONDICOES DE HABITABILIDADE  PRESERVACAO AMBIENTAL                                                        ,0,MELHORIAS DAS CONDICOES DE HABITABILIDADE  PRESERVACAO AMBIENTAL                                                        ,0,0,0,em situação normal,URBANIZACAO DE ASSENTAMENTOS PRECARIOS    ,202511,93.019997,02/19/08 00:00:00,,,202511,0,93.02,3,D     ,,,21.0,159559192.88,2013,12,101,091 - 180 dias,,,"Objeto retomado com a apresentação de BSCA do Projeto Social que foi aprovado após reprogramação. Realizada reunião on line sobre regularização fundiária e comprovações de execução. Com recebimento de documentação.Pleito de revisão de composição de investimento e encerramento em andamento com meta de regularização fundiária com uso da PO Cidades para encerramentoObras: Contrato com obras paralisadas, sem funcionalidade física e programática devido a não realização do trabalho técnico social e regularização fundiária. A funcionalidade deste contrato daria funcionalidade também aos contratos 0262.250-51 e 0262.232-26.",,NÃO,,03/26,30/11/2025,0175749,27,2025-11-24,,20283112,,,,
raw/sharepoint/Canal FGTS/MC20260306.zip,MCidades_AO_1.mdb + AO_2.mdb + AO_3.mdb,0203156,0203156,62,7906222.92,8322342.17,06/30/06 00:00:00,2006,2,26,221,71137,53000,7187,00,B2,N,0186371,03,São Paulo,226221003,,,SP,HAB / PRO-MORADIA                         ,TABOAO PRO MORADIA URB REG ASSENT PRECARIOS EMERG           ,"TABOAO DA SERRA - V N ESPERANCA, JD IRAPUA, TRIANON, ETC    ","TABOAO DA SERRA - V N ESPERANCA, JD IRAPUA, TRIANON, ETC    ",3367,TABOAO PRO MORADIA URB REG ASSENT PRECARIOS EMERG                                                                       ,0,TABOAO PRO MORADIA URB REG ASSENT PRECARIOS EMERG                                                                       ,0,0,0,em situação normal,SITUACAO DE EMERGENCIA/CALAMIDADE PUBLICA ,201105,100,10/01/07 00:00:00,11/20/11 00:00:00,12/20/11 00:00:00,201105,100,100,6,D     ,,,16.0,7906222.92,2013,,,,,,,,,,,,,,,,20315662,,,,
raw/sharepoint/Canal FGTS/MC20260306.zip,MCidades_AO_1.mdb + AO_2.mdb + AO_3.mdb,0203443,0203443,33,7538.6,7935.37,06/30/06 00:00:00,2006,2,26,221,71137,53000,7187,01,B2,N,0187262,03,São Paulo,226221004,,,SP,HAB / PRO-MORADIA                         ,TABOAO DA SERRA PROMORADIA PROD DE CONJ HABITACIONAIS       ,TABOAO DA SERRA - JD RECORD E TRIANON                       ,TABOAO DA SERRA - JD RECORD E TRIANON                       ,3367,TABOAO DA SERRA PROMORADIA PROD DE CONJ HABITACIONAIS                                                                   ,38,TABOAO DA SERRA PROMORADIA PROD DE CONJ HABITACIONAIS                                                                   ,0,0,0,distratado,SITUACAO DE EMERGENCIA/CALAMIDADE PUBLICA ,201205,0.37,05/19/08 00:00:00,,,201205,0,0.37,0,      ,,,2.0,7538.6,2010,,,,,,,,,,,,,,,,20344333,,,,
raw/sharepoint/Canal FGTS/MC20260306.zip,MCidades_AO_1.mdb + AO_2.mdb + AO_3.mdb,0202342,0202342,91,1699724.29,1935598.42,06/23/06 00:00:00,2005,2,26,194,71058,53000,7185,00,B2,N,0192671,59,Vitória,226194001,,,ES,HAB / PRO-MORADIA                         ,GOVERNO E. SANTO - MUNICIPIOS DE PEDRO CANARIO E PINHEIROS  ,MUNICIPIOS DE PEDRO CANARIO E PINHEIROS                     ,MUNICIPIOS DE PEDRO CANARIO E PINHEIROS                     ,2737,CONSTRUCAO DE 90 UNIDADES HABITACIONAIS NOS MUNICIPIOS DE   PEDRO CANARIO E PINHEIROS                                   ,90,CONSTRUCAO DE 90 UNIDADES HABITACIONAIS NOS MUNICIPIOS DE   PEDRO CANARIO E PINHEIROS                                   ,360,0,0,em situação normal,HAB - PRODUCAO DE CONJUNSTOS HABITACIONAIS,201802,100,09/29/08 00:00:00,07/01/17 00:00:00,,201802,0,100,6,      ,,,11.0,1699724.29,2017,,,,,,,,,,,,,,,,20234291,,,,
raw/sharepoint/Canal FGTS/MC20260306.zip,MCidades_AO_1.mdb + AO_2.mdb + AO_3.mdb,0202432,0202432,80,1372264.79,1668812.82,06/23/06 00:00:00,2005,2,26,194,71058,53000,7185,00,B2,N,0192672,63,Vitória,226194001,,,ES,HAB / PRO-MORADIA                         ,PRO MORADIA - GOVERNO                                       ,"MUNICIPIOS DE IRUPI, DIVINO SAO LOURENCO E BOA ESPERANCA    ","MUNICIPIOS DE IRUPI, DIVINO DE SAO LOURENCO E BOA ESPERANCA ",2690,"CONSTRUCAO DE 80 UNIDADES HABITACIONAIS NOS MUNICIPIOS DE   IRUPI, DIVINO DE SAO LOURENCO E BOA ESPERANCA               ",80,"CONSTRUCAO DE 80 UNIDADES HABITACIONAIS NOS MUNICIPIOS DE   IRUPI, DIVINO DE SAO LOURENCO E BOA ESPERANCA               ",320,0,0,em situação normal,HAB - PRODUCAO DE CONJUNSTOS HABITACIONAIS,201902,100,09/29/08 00:00:00,09/11/18 00:00:00,,201902,100,100,6,      ,,,11.0,1372264.79,2018,,,,,,,,,,,,,,,,20243280,,,,
raw/sharepoint/Canal FGTS/MC20260306.zip,MCidades_AO_1.mdb + AO_2.mdb + AO_3.mdb,0202426,0202426,01,3267192.74,4540290.11,06/23/06 00:00:00,2005,2,26,194,71058,53000,7185,00,B2,N,0192673,77,Vitória,226194001,,,ES,HAB / PRO-MORADIA                         ,"GOVERNO E.SANTO-MONTANHA, MUCURICI, PONTO BELO E VILA PAVAO ","MUNICIPIOS MONTANHA, MUCURICI, PONTO BELO E VILA PAVAO      ","MUNICIPIOS DE MONTANHA, MUCURICI, PONTO BELO E VILA PAVAO.  ",2715,"CONSTRUCAO DE 200 UNIDADES HABITACIONAIS NOS MUNICIPIOS DE  MONTANHA, MUCURICI, PONTO BELO E VILA PAVAO.                ",200,"CONSTRUCAO DE 200 UNIDADES HABITACIONAIS NOS MUNICIPIOS DE  MONTANHA, MUCURICI, PONTO BELO E VILA PAVAO.                ",800,0,0,em situação normal,HAB - PRODUCAO DE CONJUNSTOS HABITACIONAIS,201906,100,09/29/08 00:00:00,06/11/19 00:00:00,,201906,0,100,6,      ,,,13.0,3496363.38,2019,,,,,,,,,,,,,,,,20242601,,,,
raw/sharepoint/Canal FGTS/MC20260306.zip,MCidades_AO_1.mdb + AO_2.mdb + AO_3.mdb,0202404,0202404,42,3786099.25,5187935.81,06/23/06 00:00:00,2005,2,26,194,71058,53000,7185,00,B2,N,0192674,81,Vitória,226194001,,,ES,HAB / PRO-MORADIA                         ,"E.SANTO-PANCAS, MANTENOPOLIS, AGUA DOCE DO NORTE, ECOPORANGA","MUNICIPIOS PANCAS, MANTENOPOLIS, AGUA DOCE NORTE,ECOPORANGA ","MUNICIPIOS PANCAS, MANTENOPOLIS, AGUA DOCE NORTE, ECOPORANGA",2720,"CONSTRUCAO DE 200 UNIDADES HABITACIONAIS NOS MUNICIPIOS DE  PANCAS, MANTENOPOLIS, AGUA DOCE DO NORTE E ECOPORANGA       ",200,"CONSTRUCAO DE 200 UNIDADES HABITACIONAIS NOS MUNICIPIOS DE  PANCAS, MANTENOPOLIS, AGUA DOCE DO NORTE E ECOPORANGA       ",800,0,0,em situação normal,HAB - PRODUCAO DE CONJUNSTOS HABITACIONAIS,201705,100,09/29/08 00:00:00,05/30/17 00:00:00,,201705,0,100,6,      ,,,11.0,3786099.25,2017,,,,,,,,,,,,,,,,20240442,,,,
raw/sharepoint/Canal FGTS/MC20260306.zip,MCidades_AO_1.mdb + AO_2.mdb + AO_3.mdb,0202436,0202436,26,684557.87,1014296.79,06/23/06 00:00:00,2005,2,26,194,71058,53000,7185,00,B2,N,0192675,96,Vitória,226194001,,,ES,HAB / PRO-MORADIA                         ,PRO MORADIA - GOVERNO                                       ,MUNICIPIOS DE BARRA DE SAO FRANCISCO E ALTO RIO NOVO        ,MUNICIPIOS DE BARRA DE SAO FRANCISCO E ALTO RIO NOVO        ,2689,CONSTRUCAO DE 90 UNIDADES HABITACIONAIS NOS MUNICIPIOS DE   BARRA DE SAO FRANCISCO E ALTO RIO NOVO                      ,90,CONSTRUCAO DE 90 UNIDADES HABITACIONAIS NOS MUNICIPIOS DE   BARRA DE SAO FRANCISCO E ALTO RIO NOVO                      ,360,0,0,em situação normal,HAB - PRODUCAO DE CONJUNSTOS HABITACIONAIS,201907,100,09/29/08 00:00:00,07/30/19 00:00:00,,201907,100,100,6,      ,,,7.0,701677.3200000001,2013,,,,,,,,,,,,,,,,20243626,,,,
raw/sharepoint/Canal FGTS/MC20260306.zip,MCidades_AO_1.mdb + AO_2.mdb + AO_3.mdb,0202408,0202408,80,2771243.13,3553673.12,06/23/06 00:00:00,2005,2,26,194,71058,53000,7185,00,B2,N,0192676,09,Vitória,226194001,,,ES,HAB / PRO-MORADIA                         ,PRO MORADIA_- GOVERNO                                       ,"MUNICIPIOS DE ALEGRE, GUACUI E SAO JOSE DO CALCADO          ","MUNICIPIOS DE ALEGRE, GUACUI E SAO JOSE DO CALCADO          ",2728,"CONSTRUCAO DE 150 UNIDADES HABITACIONAIS NOS MINICIPIOS DE  ALEGRE, GUACUI E SAO JOSE DO CALCADO                        ",150,"CONSTRUCAO DE 150 UNIDADES HABITACIONAIS NOS MINICIPIOS DE  ALEGRE, GUACUI E SAO JOSE DO CALCADO                        ",600,0,0,em situação normal,HAB - PRODUCAO DE CONJUNSTOS HABITACIONAIS,202006,100,09/29/08 00:00:00,06/03/20 00:00:00,,202006,100,100,6,      ,,,12.0,2771243.13,2020,,,,,,,,,,,,,,,,20240880,,,,
raw/sharepoint/Canal FGTS/MC20260306.zip,MCidades_AO_1.mdb + AO_2.mdb + AO_3.mdb,0202406,0202406,62,2771276,3640667.34,06/23/06 00:00:00,2005,2,26,194,71058,53000,7185,00,B2,N,0192677,13,Vitória,226194001,,,ES,HAB / PRO-MORADIA                         ,"E.SANTO-MUNIZ FREIRE, IUNA, IBITIRAMA E IBATIBA             ","MUNICIPIOS DE MUNIZ FREIRE, IUNA, IBITIRAMA E IBATIBA       ","MUNICIPIOS DE MUNIZ FREIRE, IUNA, IBITIRAMA E IBATIBA.      ",2717,"CONSTRUCAO DE 190 UNIDADES HABITACIONAIS NOS MUNICIPIOS DE  MUNIZ FREIRE, IUNA, IBITIRAMA E IBATIBA.                    ",190,"CONSTRUCAO DE 190 UNIDADES HABITACIONAIS NOS MUNICIPIOS DE  MUNIZ FREIRE, IUNA, IBITIRAMA E IBATIBA.                    ",760,0,0,em situação normal,HAB - PRODUCAO DE CONJUNSTOS HABITACIONAIS,201906,100,09/29/08 00:00:00,06/12/19 00:00:00,,201906,0,100,6,      ,,,14.0,2771276.0,2019,,,,,,,,,,,,,,,,20240662,,,,
raw/sharepoint/Canal FGTS/MC20260306.zip,MCidades_AO_1.mdb + AO_2.mdb + AO_3.mdb,0253840,0253840,90,1898864.07,1998804.28,04/17/08 00:00:00,2007,2,26,194,68307,53000,7172,00,B2,S,0221037,98,SAO JOSE DO RIO PRETO,226194001,PAC NPCF - 1A SELECAO,,SP,HAB / PRO-MORADIA                         ,PRO MORADIA-SANTA FE DO SUL                                 ,SANTA FE DO SUL                                             ,ESTRADA BOIADEIRA CHACARA 191 E 192                         ,3306,CONSTRUCAO DE 100 UNIDADES HABITACIONAIS                                                                                ,100,CONSTRUCAO DE 100 UNIDADES HABITACIONAIS                                                                                ,318,0,0,em situação normal,HAB - PRODUCAO DE CONJUNSTOS HABITACIONAIS,201410,100,06/27/08 00:00:00,10/01/14 00:00:00,10/01/14 00:00:00,201410,100,100,6,      ,,,21.0,1898864.07,2013,,,,,,,,,,,,,,,,25384090,,,,
raw/sharepoint/Canal FGTS/MC20260306.zip,MCidades_AO_1.mdb + AO_2.mdb + AO_3.mdb,0253636,0253636,11,61043.47,64256.28,04/18/08 00:00:00,2007,2,26,194,71701,53000,7174,01,B2,S,0221556,87,UBERLANDIA,226194001,PAC NPCF - 2A SELECAO,,MG,HAB / PRO-MORADIA                         ,CONSTRUCAO DE UH                                            ,MUNICIPIO DE UBERABA                                        ,JARDIM BELO HORIZONTE                                       ,2650,CONSTRUCAO DE UH HABITACIONAIS                                                                                          ,200,CONSTRUCAO DE UH HABITACIONAIS                                                                                          ,0,0,0,distratado,HAB - PRODUCAO DE CONJUNSTOS HABITACIONAIS,201210,1.46,05/19/08 00:00:00,,,201210,0,1.46,0,      ,,,1.0,61043.47,2009,,,,,,,,,,,,,,,,25363611,,,,
raw/sharepoint/Canal FGTS/MC20260306.zip,MCidades_AO_1.mdb + AO_2.mdb + AO_3.mdb,0245987,0245987,01,29696840.14,31345320.32,12/27/07 00:00:00,2007,2,26,194,71565,53000,7174,00,B2,S,0221969,70,UBERLANDIA,226194001,PAC NPCF - 1A SELECAO,,MG,HAB / PRO-MORADIA                         ,RESIDENCIAL JARDIM CELIA                                    ,UBERLANDIA                                                  ,ENTRE OS BAIRROS CANAA E CHACARAS PANORAMA                  ,2651,CONSTRUCAO DE UNIDADES HABITACIONAIS                                                                                    ,1136,CONSTRUCAO DE UNIDADES HABITACIONAIS                                                                                    ,0,0,0,em situação normal,HAB - PRODUCAO DE CONJUNSTOS HABITACIONAIS,201602,100,03/01/08 00:00:00,02/16/16 00:00:00,,201602,0,100,6,      ,,,25.0,29696840.14,2016,,,,,,,,,,,,,,,,24598701,,,,
raw/sharepoint/Canal FGTS/MC20260306.zip,MCidades_AO_1.mdb + AO_2.mdb + AO_3.mdb,0246509,0246509,36,4596480,4838400,12/28/07 00:00:00,2007,2,26,194,71712,53000,7174,00,B2,S,0222968,81,Belo Horizonte,226194001,PAC NPCF - 1A SELECAO,,MG,HAB / PRO-MORADIA                         ,RESIDENCIAL DIAMANTE NEGRO                                  ,BELO HORIZONTE                                              ,BAIRRO TUPI - RUA PINTOR FUGUENDES                          ,1950,AQUISICAO OU EDIFICACAO DE UNIDADES HABITACIONAIS VERTICALI-ZADAS (CARTA CONSULTA TUPI E AARAO REIS)                    ,80,AQUISICAO OU EDIFICACAO DE UNIDADES HABITACIONAIS VERTICALI-ZADAS (CARTA CONSULTA TUPI E AARAO REIS)                    ,0,0,0,em situação normal,HAB - PRODUCAO DE CONJUNSTOS HABITACIONAIS,201007,100,02/08/08 00:00:00,07/01/10 00:00:00,,201007,100,100,6,      ,,,18.0,4596480.0,2010,,,,,,,,,,,,,,,,24650936,,,,
raw/sharepoint/Canal FGTS/MC20260306.zip,MCidades_AO_1.mdb + AO_2.mdb + AO_3.mdb,0246506,0246506,04,3575040,3763200,12/28/07 00:00:00,2007,2,26,194,71712,53000,7174,00,B2,S,0222972,40,Belo Horizonte,226194001,PAC NPCF - 1A SELECAO,,MG,HAB / PRO-MORADIA                         ,RESIDENCIAL VITORIA-AVENIDA MAGENTA - BAIRRO VITORIA        ,BELO HORIZONTE                                              ,BAIRRO VITORIA - RUA MAGENTA                                ,1950,AQUISICAO OU EDIFICACAO DE UNIDADES HABITACIONAIS VERTICALI-ZADAS                                                       ,112,AQUISICAO OU EDIFICACAO DE UNIDADES HABITACIONAIS VERTICALI-ZADAS                                                       ,0,0,0,em situação normal,HAB - PRODUCAO DE CONJUNSTOS HABITACIONAIS,201007,100,02/08/08 00:00:00,07/01/10 00:00:00,,201007,100,100,6,      ,,,16.0,3575040.0,2010,,,,,,,,,,,,,,,,24650604,,,,
raw/sharepoint/Canal FGTS/MC20260306.zip,MCidades_AO_1.mdb + AO_2.mdb + AO_3.mdb,0246523,0246523,11,4596480,4838400,12/28/07 00:00:00,2007,2,26,194,71712,53000,7174,00,B2,S,0222973,55,Belo Horizonte,226194001,PAC NPCF - 1A SELECAO,,MG,HAB / PRO-MORADIA                         ,RESIDENCIAL PEROLA                                          ,BELO HORIZONTE                                              ,BAIRRO SOLIMOES - RUA IPE ROXO - REGIAO NORTE DO MUNICIPIO  ,1950,AQUISICAO OU EDIFICACAO DE UNIDADES HABITACIONAIS VERTICALI-ZADAS                                                       ,144,AQUISICAO OU EDIFICACAO DE UNIDADES HABITACIONAIS VERTICALI-ZADAS                                                       ,0,0,0,em situação normal,HAB - PRODUCAO DE CONJUNSTOS HABITACIONAIS,201009,100,02/08/08 00:00:00,,,201009,100,100,6,      ,,,17.0,4596480.0,2010,,,,,,,,,,,,,,,,24652311,,,,
raw/sharepoint/Canal FGTS/MC20260306.zip,MCidades_AO_1.mdb + AO_2.mdb + AO_3.mdb,0246514,0246514,00,2553600,2688000,12/28/07 00:00:00,2007,2,26,194,71712,53000,7174,00,B2,S,0222981,52,Belo Horizonte,226194001,PAC NPCF - 1A SELECAO,,MG,HAB / PRO-MORADIA                         ,RESIDENCIAL LARANJEIRAS-RUA DOS CRENAQUES-BAIRRO SINIMBU    ,BELO HORIZONTE                                              ,RES.LARANJEIRAS-RUA DOS CRENAQUES-BAIRRO SINIMBU-STA.MONICA ,1950,AQUISICAO OU EDIFICACAO DE UNIDADES HABITACIONAIS VERTICALI-ZADAS.                                                      ,80,AQUISICAO OU EDIFICACAO DE UNIDADES HABITACIONAIS VERTICALI-ZADAS.                                                      ,0,0,0,em situação normal,HAB - PRODUCAO DE CONJUNSTOS HABITACIONAIS,201007,100,02/08/08 00:00:00,07/01/10 00:00:00,,201007,100,100,6,      ,,,16.0,2553600.0,2010,,,,,,,,,,,,,,,,24651400,,,,
raw/sharepoint/Canal FGTS/MC20260306.zip,MCidades_AO_1.mdb + AO_2.mdb + AO_3.mdb,0246486,0246486,62,4596480,4838400,12/28/07 00:00:00,2007,2,26,194,71712,53000,7174,00,B2,S,0222987,16,Belo Horizonte,226194001,PAC NPCF - 1A SELECAO,,MG,HAB / PRO-MORADIA                         ,RESIDENCIAL PRIMAVERA-RUA DOS CRENAQUES-BAIRRO SINIMBU      ,BELO HORIZONTE                                              ,R.PRIMAVERA-RUA DOS CRENAQUES-BAIRRO SINIMBU-SANTA MONICA   ,1950,AQUISICAO OU EDIFICACAO DE UNIDADES HABITACIONAIS VERTICALI-ZADAS.                                                      ,144,AQUISICAO OU EDIFICACAO DE UNIDADES HABITACIONAIS VERTICALI-ZADAS.                                                      ,0,0,0,em situação normal,HAB - PRODUCAO DE CONJUNSTOS HABITACIONAIS,201007,100,02/08/08 00:00:00,,,201007,100,100,6,      ,,06/21/10 00:00:00,16.0,4596480.0,2010,,,,,,,,,,,,,,,,24648662,,,,
raw/sharepoint/Canal FGTS/MC20260306.zip,MCidades_AO_1.mdb + AO_2.mdb + AO_3.mdb,0246512,0246512,83,3064320,3225600,12/28/07 00:00:00,2007,2,26,194,71712,53000,7174,00,B2,S,0222990,63,Belo Horizonte,226194001,PAC NPCF - 1A SELECAO,,MG,HAB / PRO-MORADIA                         ,RESIDENCIAL CAMOMILA-RUA CARLOS DA SILVA PINTO-B.CAMARGOS   ,BELO HORIZONTE                                              ,RES.CAMOMILA-RUA CARLOS DA SILVA PINTO-BAIRRO CAMARGOS      ,1950,AQUISICAO OU EDIFICACAO DE UNIDADES HABITACIONAIS VERTICALI-ZADAS                                                       ,96,AQUISICAO OU EDIFICACAO DE UNIDADES HABITACIONAIS VERTICALI-ZADAS                                                       ,0,0,0,em situação normal,HAB - PRODUCAO DE CONJUNSTOS HABITACIONAIS,201007,100,02/08/08 00:00:00,,,201007,100,100,6,      ,,,18.0,3064320.0,2010,,,,,,,,,,,,,,,,24651283,,,,
raw/sharepoint/Canal FGTS/MC20260306.zip,MCidades_AO_1.mdb + AO_2.mdb + AO_3.mdb,0246517,0246517,33,4596480,4838400,12/28/07 00:00:00,2007,2,26,194,71712,53000,7174,00,B2,S,0222991,77,Belo Horizonte,226194001,PAC NPCF - 1A SELECAO,,MG,HAB / PRO-MORADIA                         ,RESIDENCIAL BETANIA-RUA DAS MANGUEIRAS-BAIRRO BETANIA       ,BELO HORIZONTE                                              ,RES.BETANIA-RUA DAS MANGUEIRAS - BAIRRO BETANIA             ,1950,AQUISICAO OU EDIFICACAO DE UNIDADES HABITACIONAIS VERTICALI-ZADAS                                                       ,144,AQUISICAO OU EDIFICACAO DE UNIDADES HABITACIONAIS VERTICALI-ZADAS                                                       ,0,0,0,em situação normal,HAB - PRODUCAO DE CONJUNSTOS HABITACIONAIS,201007,100,05/05/08 00:00:00,07/01/10 00:00:00,,201007,100,100,6,      ,,,21.0,4596480.0,2013,,,,,,,,,,,,,,,,24651733,,,,
raw/sharepoint/Canal FGTS/MC20260306.zip,MCidades_AO_1.mdb + AO_2.mdb + AO_3.mdb,0246519,0246519,52,4149600,4378080,12/28/07 00:00:00,2007,2,26,194,71712,53000,7174,00,B2,S,0222993,95,Belo Horizonte,226194001,PAC NPCF - 1A SELECAO,,MG,HAB / PRO-MORADIA                         ,RES. DOS IPES                                               ,BELO HORIZONTE                                              ,BAIRRO SANTA MARIA - REGIONAL NOROESTE                      ,1950,AQUISICAO OU EDIFICACAO DE UNIDADES HABITACIONAIS VERTICALI-ZADAS                                                       ,130,AQUISICAO OU EDIFICACAO DE UNIDADES HABITACIONAIS VERTICALI-ZADAS                                                       ,0,0,0,em situação normal,HAB - PRODUCAO DE CONJUNSTOS HABITACIONAIS,201007,100,02/08/08 00:00:00,07/01/10 00:00:00,,201007,100,100,6,      ,,,17.0,4149600.0,2010,,,,,,,,,,,,,,,,24651952,,,,
raw/sharepoint/Canal FGTS/MC20260306.zip,MCidades_AO_1.mdb + AO_2.mdb + AO_3.mdb,0285483,0285483,51,2039152.91,2147320.47,01/30/09 00:00:00,2008,2,26,194,71763,53000,7176,00,B2,S,0226065,54,PIRACICABA,226194001,PAC - 1A SEL 2008,,SP,HAB / PRO-MORADIA                         ,CONJUNTO HABITACIONAL SANTA EUDOXIA                         ,SANTA EUDOXIA                                               ,SANTA EUDOXIA                                               ,3329,"ATENDER A DEMANDA HABITACIONAL, DO DISTRITO, COMPOSTA HATBITBASICAMENTE DE CATADORES DE LARANJA E CORTADORES DE CANA    ",79,"ATENDER A DEMANDA HABITACIONAL, DO DISTRITO, COMPOSTA HATBITBASICAMENTE DE CATADORES DE LARANJA E CORTADORES DE CANA    ",0,0,0,em situação normal,HAB - PRODUCAO DE CONJUNSTOS HABITACIONAIS,201412,100,03/25/09 00:00:00,09/30/14 00:00:00,,201412,0,100,6,      ,,,19.0,2039152.91,2014,,,,,,,,,,,,,,,,28548351,,,,
raw/sharepoint/Canal FGTS/MC20260306.zip,MCidades_AO_1.mdb + AO_2.mdb + AO_3.mdb,0285486,0285486,84,452719.24,477916.72,01/30/09 00:00:00,2008,2,26,194,71763,53000,7176,00,B2,S,0226067,72,PIRACICABA,226194001,PAC - 1A SEL 2008,,SP,HAB / PRO-MORADIA                         ,SAO CARLOS VIII                                             ,SAO CARLOS VIII                                             ,"SAO CARLOS VIII - AVENIDA DOM RUY SERRA, QUADRA 01          ",3329,"DIMINUIR O DEFICIT HABITACIONAL,C/ A EXECUCAO DE 18 UNIDADESHABITACIONAIS                                               ",27,"DIMINUIR O DEFICIT HABITACIONAL,C/ A EXECUCAO DE 18 UNIDADESHABITACIONAIS                                               ",0,0,0,em situação normal,HAB - PRODUCAO DE CONJUNSTOS HABITACIONAIS,201206,100,07/13/09 00:00:00,06/29/12 00:00:00,,201206,0,100,6,      ,,,10.0,452719.24,2012,,,,,,,,,,,,,,,,28548684,,,,
raw/sharepoint/Canal FGTS/MC20260306.zip,MCidades_AO_1.mdb + AO_2.mdb + AO_3.mdb,0285488,0285488,01,14598080,15366400,01/30/09 00:00:00,2008,2,26,194,71763,53000,7176,01,D1,S,0226070,27,PIRACICABA,226194001,PAC - 1A SEL 2008,,SP,HAB / PRO-MORADIA                         ,JARDIM MORUMBI                                              ,JARDIM MORUMBI                                              ,JARDIM MORUMBI                                              ,3329,DIMINUIR O DEFICIT HABITACIONAL ATENDENDO PARTE DA DEMANDA                                                              ,470,DIMINUIR O DEFICIT HABITACIONAL ATENDENDO PARTE DA DEMANDA                                                              ,0,0,0,distratado,HAB - PRODUCAO DE CONJUNSTOS HABITACIONAIS,200901,0,,,,200901,0,0,5,      ,,,,,,,,,,,,,,,,,,,,,28548801,,,,
raw/sharepoint/Canal FGTS/MC20260306.zip,MCidades_AO_1.mdb + AO_2.mdb + AO_3.mdb,0285493,0285493,76,1888600,1988000,01/30/09 00:00:00,2008,2,26,194,71763,53000,7176,01,D1,S,0226400,16,PIRACICABA,226194001,PAC - 1A SEL 2008,,SP,HAB / PRO-MORADIA                         ,CIDADE ARACY                                                ,CIDADE ARACY                                                ,"CIDADE ARACY - AVENIDA D, GLEBA REMANESCENTE A              ",3329,"DIMINUIR O DEFICIT HABITACIONAL,C/ A EXECUCAO DE 92 UNIDADESHABITACIONAIS (32 TERREAS E 60 SOBREPOSTAS)                 ",71,"DIMINUIR O DEFICIT HABITACIONAL,C/ A EXECUCAO DE 92 UNIDADESHABITACIONAIS (32 TERREAS E 60 SOBREPOSTAS)                 ",0,0,0,distratado,HAB - PRODUCAO DE CONJUNSTOS HABITACIONAIS,200901,0,,,,200901,0,0,5,      ,,,,,,,,,,,,,,,,,,,,,28549376,,,,
raw/sharepoint/Canal FGTS/MC20260306.zip,MCidades_AO_1.mdb + AO_2.mdb + AO_3.mdb,0245395,0245395,43,19380000,20400000,12/27/07 00:00:00,2007,2,26,218,71083,53000,7186,00,B2,S,0227412,75,Aracajú,226218001,PAC - 2A SELECAO,,SE,HAB / PRO-MORADIA                         ,SANTA MARIA                                                 ,ARACAJU                                                     ,BAIRRO SANTA MARIA                                          ,1520,INFRA ESTRUTURA PRODUCAO DE 400 UH MACRO E MICRO DRENAGEM   PAVIMENTACAO EM CONJUNTOS HABITACIONAIS NO B SANTA MARIA    ,400,INFRA ESTRUTURA PRODUCAO DE 400 UH MACRO E MICRO DRENAGEM   PAVIMENTACAO EM CONJUNTOS HABITACIONAIS NO B SANTA MARIA    ,0,0,0,em situação normal,URBANIZACAO DE ASSENTAMENTOS PRECARIOS    ,202504,94.589996,07/01/08 00:00:00,06/30/25 00:00:00,,202504,0,94.59,8,      ,,,41.0,18276095.6,2019,,,,,,,,,,,,,,,,24539543,,,,
raw/sharepoint/Canal FGTS/MC20260306.zip,MCidades_AO_1.mdb + AO_2.mdb + AO_3.mdb,0248131,0248131,11,14257600,20124606.9,12/28/07 00:00:00,2007,2,26,194,71067,53000,7180,00,B2,S,0227494,65,Teresina,226194001,PAC - 2A SELECAO,,PI,HAB / PRO-MORADIA                         ,PRO-MORADIA - SANTA MARIA DA CODIPI - TERESINA- PI          ,TERESINA - PI                                               ,MIRANTE SANTA MARIA DA CODIPI - TERESINA - PI               ,0640,URBANIZACAO E REGULARIZACAO DE ASSENTAMENTOS PRECARIOSONAIS                                                             ,648,URBANIZACAO E REGULARIZACAO DE ASSENTAMENTOS PRECARIOSONAIS                                                             ,2574,0,0,em situação normal,HAB - PRODUCAO DE CONJUNSTOS HABITACIONAIS,202510,85.160004,07/28/08 00:00:00,,,202510,0,85.16,8,      ,"CONFORME AF, EM SUA ULTIMA PENDENCIA REGISTRADA, SOMENTE RESTARIA PENDENTE A APRESENTACAO DA TITULACAO DOS BENEFICIARIOS FINAIS E A LISTA DESTESINSERIDAS NO CADASTROUNICO.                                             A SITUACAO DA OBRA JA CONSTA COMO ""OBRA FISICA CONCLUIDA"".                                                                                                                                                                                                                                                                                                                                                                                                                                                                                                                                                                                                                                                                                                                                                                                                                                                                                                                                                                                                                                                                                                                                                                                                                                                                                                                                                                                                                                                                                                                                                                                                                                                                                                                                                                                                                                                                                                                                                                                                                                                                                                                                                                                                                                                                                                                                                                                                                                                                                                                                                                                                                                                                                                                                                                                                                                                                                                                                                                                                                                                                                                                                                                                                                                                                                                                                                                                                                                        ",,19.0,12141912.76,2016,,,,,,,,,,,,,,,,24813111,,,,
raw/sharepoint/Canal FGTS/MC20260306.zip,MCidades_AO_1.mdb + AO_2.mdb + AO_3.mdb,0286524,0286524,63,543403.3100000001,669298.3199999999,02/17/09 00:00:00,2008,2,26,218,71799,53000,7187,00,B2,S,0227669,70,São Paulo,226218001,PAC - 1A SEL 2008,,SP,HAB / PRO-MORADIA                         ,GURULHOS CENTRO EXPANDIDO DE GUARULHOS                      ,NUCLEO SAO RAFAEL-CJ HAB INTERESSE SOCIAL ITAPEGICA         ,RUA ALVARENGA PEIXOTO E RUA DOMINGOS DE ABREU-JD VL GALVAO  ,3028,URBANIZACAO E REGULARIZACAO DE ASSENTAMENTOS PRECARIOS      DO CENTRO ESPANDIDO DE GUARULHOS                            ,312,URBANIZACAO E REGULARIZACAO DE ASSENTAMENTOS PRECARIOS      DO CENTRO ESPANDIDO DE GUARULHOS                            ,0,0,0,em situação normal,URBANIZACAO DE ASSENTAMENTOS PRECARIOS    ,201809,1.24,12/04/09 00:00:00,,,201809,0,1.24,0,      ,,,3.0,543403.31,2011,,,,,,,,,,,,,,,,28652463,,,,
raw/sharepoint/Canal FGTS/MC20260306.zip,MCidades_AO_1.mdb + AO_2.mdb + AO_3.mdb,0286529,0286529,13,274177.6,420517.8,02/17/09 00:00:00,2008,2,26,218,71799,53000,7187,00,B2,S,0227670,07,São Paulo,226218001,PAC - 1A SEL 2008,,SP,HAB / PRO-MORADIA                         ,GURULHOS VILA FLORA                                         ,NUCLEO VILA FLORA-CJ HAB DE INTERESSE SOCIAL ITAPEGICA      ,RUA HENRIQUE RICCO E ROD FERNAO DIAS-BAIRRO ITAPEGICA       ,3028,URBANIZACAO E REGULARIZACAO DE ASSENTAMENTOS PRECARIOS      CENTRO EXPANDIDO DE GUARULHOS                               ,180,URBANIZACAO E REGULARIZACAO DE ASSENTAMENTOS PRECARIOS      CENTRO EXPANDIDO DE GUARULHOS                               ,0,0,0,em situação normal,URBANIZACAO DE ASSENTAMENTOS PRECARIOS    ,201809,1.8099999,12/04/09 00:00:00,,,201809,0,1.81,0,      ,,,3.0,274177.60000000003,2011,,,,,,,,,,,,,,,,28652913,,,,
raw/sharepoint/Canal FGTS/MC20260306.zip,MCidades_AO_1.mdb + AO_2.mdb + AO_3.mdb,0265986,0265986,16,2504676.9,2636502,06/27/08 00:00:00,2008,2,26,194,72475,53000,7181,02,B2,S,0228937,31,Palmas,226194001,PAC - 3A SELECAO,,TO,HAB / PRO-MORADIA                         ,PRO MORADIA-BAIRRO LIBERDADE-PORTO NACIONAL                 ,PORTO NACIONAL/TO                                           ,BAIRRO LIBERDADE - PORTO NACIONAL/TO                        ,4440,"FINANC.P/ CONSTR.CONJ.HABIT., INF,REDE DE AGUA/ENERGIA      PROJ EXEC,TRAB SOC PORTO NACIONAL/TO - BAIRRO LIBERDADE     ",203,"FINANC.P/ CONSTR.CONJ.HABIT., INF,REDE DE AGUA/ENERGIA      PROJ EXEC,TRAB SOC PORTO NACIONAL/TO - BAIRRO LIBERDADE     ",0,0,0,cancelado,HAB - PRODUCAO DE CONJUNSTOS HABITACIONAIS,201011,0.02,06/24/10 00:00:00,,,201011,0,0.02,0,      ,,,,,,,,,,,,,,,,,,,,,26598616,,,,
raw/sharepoint/Canal FGTS/MC20260306.zip,MCidades_AO_1.mdb + AO_2.mdb + AO_3.mdb,0264827,0264827,58,11176606.38,12980307.9,06/27/08 00:00:00,2008,2,26,218,71768,53000,7184,00,B2,S,0229004,72,Maceió,226218001,PAC - 3A SELECAO,,AL,HAB / PRO-MORADIA                         ,BOSQUE DAS ARAPIRACAS                                       ,ARAPIRACA                                                   ,BOSQUE DAS ARAPIRACAS                                       ,1423,"MELHORIA DAS CONDICOES DE HABIT., REASSENTAMENTO DE FAMILIASRECUPERACAO DE UH E INTERVENCAO SOCIAL, FUNDIR. E AMBIENTAL.",400,"MELHORIA DAS CONDICOES DE HABIT., REASSENTAMENTO DE FAMILIASRECUPERACAO DE UH E INTERVENCAO SOCIAL, FUNDIR. E AMBIENTAL.",0,0,0,em situação normal,URBANIZACAO DE ASSENTAMENTOS PRECARIOS    ,202203,100,01/19/09 00:00:00,12/27/17 00:00:00,,202203,0,100,6,      ,,,20.0,11176606.38,2017,,,,,,,,,,,,,,,,26482758,,,,
raw/sharepoint/Canal FGTS/MC20260306.zip,MCidades_AO_1.mdb + AO_2.mdb + AO_3.mdb,0285382,0285382,32,29149676.18,34105155.23,01/23/09 00:00:00,2008,2,26,194,71036,53000,7182,00,B2,S,0229005,87,Manaus,226194001,PAC - 3A SELECAO 2007,,AM,HAB / PRO-MORADIA                         ,PRO MORADIA 2007 - MANAUS-CONJ CIDADAO XII                  ,BAIRRO NOVA CIDADE                                          ,MUNICIPIO DE MANAUS                                         ,0350,PRODUCAO HABITACIONAL PARA REMOCAO DE MORADIAS EM AREA DE   RISCO                                                       ,1920,PRODUCAO HABITACIONAL PARA REMOCAO DE MORADIAS EM AREA DE   RISCO                                                       ,0,0,0,em situação normal,HAB - PRODUCAO DE CONJUNSTOS HABITACIONAIS,202312,100,07/26/11 00:00:00,12/31/23 00:00:00,,202312,0,100,6,F     ,,,8.0,27407479.7,2016,,,,,,,,,,,,,,,,28538232,,,,
raw/sharepoint/Canal FGTS/MC20260306.zip,MCidades_AO_1.mdb + AO_2.mdb + AO_3.mdb,0264205,0264205,34,52997490,56700000,06/18/08 00:00:00,2008,2,26,218,71051,53000,7186,00,B2,S,0229006,91,Salvador,226218001,PAC - 3A SELECAO,,BA,HAB / PRO-MORADIA                         ,RECUPERACAO AMBIENTAL DA FALHA GEOLOGICA 2A ETAPA - SALVADOR,FALHA GEOLOGICA 2A ETAPA                                    ,FALHA GEOLOGICA 2A ETAPA                                    ,1600,FALHA GEOLOGICA 2A ETAPA                                                                                                ,0,FALHA GEOLOGICA 2A ETAPA                                                                                                ,0,0,0,em situação normal,URBANIZACAO DE ASSENTAMENTOS PRECARIOS    ,202603,83.879997,11/27/08 00:00:00,,,202603,0,83.88,3,      ,,,39.0,45234870.95,2025,,,,,,,,,,,,,,,,26420534,,,,
raw/sharepoint/Canal FGTS/MC20260306.zip,MCidades_AO_1.mdb + AO_2.mdb + AO_3.mdb,0261789,0261789,38,52322656.01,65926019.4,06/06/08 00:00:00,2008,2,26,194,71718,53000,7181,00,B2,S,0229010,51,Goiânia,226194001,PAC - 3A SELECAO,,GO,HAB / PRO-MORADIA                         ,PRO-MORADIA/GOIANIA                                         ,RESIDENCIAL DO CERRADO E JD MUNDO NOVO - GOIANIA/GO         ,RESIDENCIAL DO CERRADO E JD MUNDO NOVO/GOIANIA              ,4260,RESIDENCIAL DO CERRADO E JD MUNDO NOVO - CONSTRUCAO DE 2378 UNIDADES HABITACIONAIS                                      ,2378,RESIDENCIAL DO CERRADO E JD MUNDO NOVO - CONSTRUCAO DE 2378 UNIDADES HABITACIONAIS                                      ,0,0,0,em situação normal,HAB - PRODUCAO DE CONJUNSTOS HABITACIONAIS,202511,100,06/23/08 00:00:00,04/01/25 00:00:00,,202511,0,100,6,      ,,,15.0,52322656.01,2021,,,,,,,,,,,,,,,,26178938,,,,
raw/sharepoint/Canal FGTS/MC20260306.zip,MCidades_AO_1.mdb + AO_2.mdb + AO_3.mdb,0253879,0253879,54,6713657.45,7540752.4,04/29/08 00:00:00,2008,2,26,194,71812,53000,7177,00,B2,S,0229017,29,Campo Grande,226194001,PAC - 1A SEL 2008,,MS,HAB / PRO-MORADIA                         ,BAIRRO AEROPORTO                                            ,BAIRRO AEROPORTO                                            ,BAIRRO AEROPORTO                                            ,4192,CONSTRU«ŸO DE 338 UNIDADES HABITACIONAIS.                                                                               ,338,CONSTRU«ŸO DE 338 UNIDADES HABITACIONAIS.                                                                               ,0,0,0,em situação normal,HAB - PRODUCAO DE CONJUNSTOS HABITACIONAIS,201504,100,02/25/09 00:00:00,04/24/15 00:00:00,04/24/15 00:00:00,201504,100,100,6,      ,,,19.0,6713657.45,2012,,,,,,,,,,,,,,,,25387954,,,,
raw/sharepoint/Canal FGTS/MC20260306.zip,MCidades_AO_1.mdb + AO_2.mdb + AO_3.mdb,0265857,0265857,52,38000000,46893577.53,06/24/08 00:00:00,2008,2,26,218,83034,53000,7173,00,B2,S,0229022,94,Belém,226218100,PAC - 3A SELECAO,,PA,HAB / PRO-MORADIA                         ,URBANIZACAO REGULARIZACAO ASSENTAMENTOS PRECARIOS- PAC      ,ICUI GUAJARA                                                ,ANANINDEUA                                                  ,0408,URBANIZACAO E REGULARIZACAO DE ASSENTAMNTOS PRECARIOS NA AREA DO ICUI GUAJARA - PAC                                     ,540,URBANIZACAO E REGULARIZACAO DE ASSENTAMNTOS PRECARIOS NA AREA DO ICUI GUAJARA - PAC                                     ,0,0,0,em situação normal,URBANIZACAO DE ASSENTAMENTOS PRECARIOS    ,202504,56.23,06/24/08 00:00:00,,,202504,0,56.23,4,D     ,,,25.0,21735592.07,2024,52,608,Entre 1 e 2 anos,Discricionariedade do Gestor Público (Tomador),A Prefeitura teve problemas com as empreiteiras contratadas e tem demorado para tomar providencias para a reprogramação e nova licitação para continuidade da obra.,"Obra paralisada, por inexecução / encerramento de contrato com empresa executora. Operação em reprogramação, com redução de metas, visando nova licitação. Principal projeto de engenharia em definição - sistema de esgotamento sanitário (Na última reunião de ponto de controle, em 30/06/2025, verificado que o município de Ananindeua está providenciando aprovação em concessionária estadual de saneamento, outorga de lançamento no órgão ambiental e desapropriação do terreno da estação de tratamento de esgoto, para reapresentação da documentação completa de reprogramação.Prefeitura irá apresentar também, relatório de Regularização fundiária. Obs.: Reuniões presenciais em 20/03/2024, 18/04/2024 e 23/05/2024 e 02/10/2024 em que a CAIXA solicitou as pendências da reprogramação que foram enviadas por e-mail em 17/01/2024. Na última reunião, Tomador informou previsão de atendimento das pendências da reprogramação para 31/07/2024 (sem atendimento na ocasião).- Cliente apresentou declaração de responsabilidade de acompanhamento do trabalho social condicionante ao desembolso do Trabalho Técnico Social TTS6 (último desembolso social).",Não,NÃO,,03/26,30/04/2027,0229022,94,2024-07-05,"A Prefeitura apresentar novo projeto da ETE e rede aprovados pela concessionária, LI, outorga de lançamento de efluente e documentação de área.",26585752,,,,
raw/sharepoint/Canal FGTS/MC20260306.zip,MCidades_AO_1.mdb + AO_2.mdb + AO_3.mdb,0265851,0265851,97,537354.1899999999,565636,06/24/08 00:00:00,2008,2,26,218,83034,53000,7173,00,B2,S,0229023,07,Belém,226218001,PAC - 3A SELECAO,,PA,HAB / PRO-MORADIA                         ,URB.REGUL.ASSENTAMENTOS PRECARIOS-BACIA DAS TORAS/PAC       ,IGARAPE DAS TORAS                                           ,ANANINDEUA                                                  ,0408,URBANIZACAO E REGULARIZACAO DE ASSENTAMENTOS PRECARIOS NA AREA DA BACIA DAS TORAS-PAC                                   ,250,URBANIZACAO E REGULARIZACAO DE ASSENTAMENTOS PRECARIOS NA AREA DA BACIA DAS TORAS-PAC                                   ,0,0,0,em situação normal,URBANIZACAO DE ASSENTAMENTOS PRECARIOS    ,201210,3.05,06/26/08 00:00:00,,,201210,0,3.05,0,      ,EMAIL ENVIADO A GIDURBE EM 28/09/2012 SOLICITANDO ESCLARECIMENTOS SOBRE FALTA DE DESEMBOLSO E/OU MEDICAO A MAIS DE 90 DIAS.                                                                                                                                                                                                                                                                                                                                                                                                                                                                                                                                                                                                                                                                                                                                                                                                                                                                                                                                                                                                                                                                                                                                                                                                                                                                                                                                                                                                                                                                                                                                                                                                                                                                                                                                                                                                                                                                                                                                                                                                                                                                                                                                                                                                                                                                                                                                                                                                                                                                                                                                                                                                                                                                                                                                                                                                                                                                                                                                                                                                                                                                                                                                                                                                                                                                                                                                                                                                                                                                                                                                                                                               ,10/01/12 00:00:00,3.0,537354.1900000001,2010,,,,,,,,,,,,,,,,26585197,,,,
raw/sharepoint/Canal FGTS/MC20260306.zip,MCidades_AO_1.mdb + AO_2.mdb + AO_3.mdb,0258618,0258618,06,1474322.42,1585397.65,05/30/08 00:00:00,2008,2,26,218,71207,53000,7173,00,B2,S,0229025,26,Belém,226218001,PAC - 3A SELECAO,,PA,HAB / PRO-MORADIA                         ,URBANIZACAO DE FAVELAS - BACIA DA ESTRADA NOVA - PAC        ,ESTRADA NOVA                                                ,BELEM                                                       ,0400,URBANIZACAO DA SUB BACIA II DA ESTRADA NOVA - URBANIZACAO DEFAVELAS - PAC                                               ,0,URBANIZACAO DA SUB BACIA II DA ESTRADA NOVA - URBANIZACAO DEFAVELAS - PAC                                               ,0,0,0,em situação normal,URBANIZACAO DE ASSENTAMENTOS PRECARIOS    ,202012,100,06/18/08 00:00:00,12/29/20 00:00:00,,202012,0,100,6,DFI   ,,,4.0,3284005.25,2015,,,,,,,,,,,,,,,,25861806,,,,
raw/sharepoint/Canal FGTS/MC20260306.zip,MCidades_AO_1.mdb + AO_2.mdb + AO_3.mdb,0254660,0254660,48,24142481.89,25413138.84,05/14/08 00:00:00,2008,2,26,218,71715,53000,7184,00,B2,S,0229026,30,João Pessoa,226218100,PAC - 3A SELECAO,,PB,HAB / PRO-MORADIA                         ,"RIO SANHAUA, ATINGINDO OS BAIRROS DO ALTO MATEUS, ILHA DO BI","RIO SANHAUA, ATINGINDO OS BAIRROS DO ALTO MATEUS, ILHA DO BI","RIO SANHAUA, ATINGINDO OS BAIRROS DO ALTO MATEUS, ILHA DO BI",1070,"RIO SANHAUA, ATINGINDO OS BAIRROS DO ALTO MATEUS, ILHA DO BI                                                            ",0,"RIO SANHAUA, ATINGINDO OS BAIRROS DO ALTO MATEUS, ILHA DO BI                                                            ",0,0,0,em situação normal,URBANIZACAO DE ASSENTAMENTOS PRECARIOS    ,202506,71.900002,07/04/08 00:00:00,,,202506,0,71.90000000000001,8,E     ,,,50.0,17134376.72,2023,,,,,,,,,,,,,,,,25466048,,,,
raw/sharepoint/Canal FGTS/MC20260306.zip,MCidades_AO_1.mdb + AO_2.mdb + AO_3.mdb,0283384,0283384,08,28500000,43704149.51,12/30/08 00:00:00,2008,2,26,218,71062,53000,7184,00,B2,S,0229027,44,Recife,226218001,PAC - 1A SEL 2008,,PE,HAB / PRO-MORADIA                         ,PAC  BACIA DO FRAGOSO                                       ,BACIA DO FRAGOSO                                            ,BACIA DO FRAGOSO                                            ,1346,"REASSENTAR FAMILIAS OCUPANTES DE AREAS DE RISCO, URBANIZAR  AS MARGENS, RETIFICAR E REVESTIR O LEITO DO CANAL DO FRAGOSO",0,"REASSENTAR FAMILIAS OCUPANTES DE AREAS DE RISCO, URBANIZAR  AS MARGENS, RETIFICAR E REVESTIR O LEITO DO CANAL DO FRAGOSO",0,0,0,em situação normal,URBANIZACAO DE ASSENTAMENTOS PRECARIOS    ,202403,89.910004,11/24/10 00:00:00,06/30/24 00:00:00,,202403,0,89.91,8,D     ,AF INFORMOU QUE AGUARDA A APRESENTACAO ART DE ORCAMENTO DA REPROGRAMACAOEFETUADA.                                                                                                                                                                                                                                                                                                                                                                                                                                                                                                                                                                                                                                                                                                                                                                                                                                                                                                                                                                                                                                                                                                                                                                                                                                                                                                                                                                                                                                                                                                                                                                                                                                                                                                                                                                                                                                                                                                                                                                                                                                                                                                                                                                                                                                                                                                                                                                                                                                                                                                                                                                                                                                                                                                                                                                                                                                                                                                                                                                                                                                                                                                                                                                                                                                                                                                                                                                                                                                                                                                                                                                                                                                         ,,8.0,25415669.91,2022,,,,,,,,,,,,,,,,28338408,,,,
raw/sharepoint/Canal FGTS/MC20260306.zip,MCidades_AO_1.mdb + AO_2.mdb + AO_3.mdb,0268663,0268663,77,39900000,45025153.35,06/30/08 00:00:00,2008,2,26,194,71249,53000,7185,01,D1,S,0229033,22,Rio de Janeiro,226194001,PAC - 3A SELECAO,,RJ,HAB / PRO-MORADIA                         ,CIDADE DOS MENINOS / SARAPUI                                ,CIDADE DOS MENINOS / SARAPUI                                ,CIDADE DOS MENINOS / SARAPUI                                ,2757,CIDADE DOS MENINOS / SARAPUI                                                                                            ,656,CIDADE DOS MENINOS / SARAPUI                                                                                            ,3800,0,0,distratado,HAB - PRODUCAO DE CONJUNSTOS HABITACIONAIS,200806,0,,,,200806,0,0,5,      ,,,,,,,,,,,,,,,,,,,,,26866377,,,,
raw/sharepoint/Canal FGTS/MC20260306.zip,MCidades_AO_1.mdb + AO_2.mdb + AO_3.mdb,0246490,0246490,21,114386583.16,120660283.84,12/28/07 00:00:00,2007,2,26,218,71250,53000,7185,00,B2,S,0229034,36,Rio de Janeiro,226218001,PAC - 3A SELECAO,,RJ,HAB / PRO-MORADIA                         ,DIVERSOS BAIRROS                                            ,DIVERSOS BAIRROS                                            ,DIVERSOS BAIRROS                                            ,2774,DIVERSOS BAIRROS                                                                                                        ,0,DIVERSOS BAIRROS                                                                                                        ,0,0,0,em situação normal,URBANIZACAO DE ASSENTAMENTOS PRECARIOS    ,201212,100,04/04/08 00:00:00,03/05/13 00:00:00,,201212,0,100,6,      ,,,8.0,114386583.16,2012,,,,,,,,,,,,,,,,24649021,,,,
raw/sharepoint/Canal FGTS/MC20260306.zip,MCidades_AO_1.mdb + AO_2.mdb + AO_3.mdb,0286750,0286750,11,31876787.17,35742477.37,02/26/09 00:00:00,2008,2,26,218,71324,53000,7183,00,B2,S,0229037,60,Porto Alegre,226218100,PAC - 1A SEL 2008,,RS,HAB / PRO-MORADIA                         ,VILA NAZARE - 2A ETAPA                                      ,PORTO ALEGRE                                                ,VILA NAZARE                                                 ,3920,VILA NAZARE - 2A ETAPA                                                                                                  ,0,VILA NAZARE - 2A ETAPA                                                                                                  ,0,0,0,em situação normal,URBANIZACAO DE ASSENTAMENTOS PRECARIOS    ,202501,100,05/20/09 00:00:00,01/10/25 00:00:00,,202501,0,100,6,      ,,,15.0,27424229.5,2024,,,,,,,,,,,,,,,,28675011,,,,
raw/sharepoint/Canal FGTS/MC20260306.zip,MCidades_AO_1.mdb + AO_2.mdb + AO_3.mdb,0265332,0265332,07,10535437.21,11229062.8,06/30/08 00:00:00,2008,2,26,218,71646,53000,7183,00,B2,S,0229038,74,SANTA MARIA,226218001,PAC - 1A SEL 2008,,RS,HAB / PRO-MORADIA                         ,PRO MORADIA/2007 - PM SANTA MARIA RS                        ,ARROIO CADENA E VACACAI MIRIM                               ,ARROIO CADENA E VACACAI MIRIM                               ,4089,"REORGANIZACAO ESPACIAL, QUALIFICACAO URBANA EREGULARIZACAO  FUNDIARIA NA SUB BACIA ARROIO CADENA E VACACAI MIRIM        ",0,"REORGANIZACAO ESPACIAL, QUALIFICACAO URBANA EREGULARIZACAO  FUNDIARIA NA SUB BACIA ARROIO CADENA E VACACAI MIRIM        ",0,0,0,em situação normal,URBANIZACAO DE ASSENTAMENTOS PRECARIOS    ,201809,100,07/03/08 00:00:00,09/03/18 00:00:00,,201809,0,100,6,      ,,,25.0,10535437.209999999,2014,,,,,,,,,,,,,,,,26533207,,,,
raw/sharepoint/Canal FGTS/MC20260306.zip,MCidades_AO_1.mdb + AO_2.mdb + AO_3.mdb,0253186,0253186,78,26741552.32,28841552.32,04/03/08 00:00:00,2007,2,26,218,71646,53000,7183,00,B2,S,0229039,88,SANTA MARIA,226218001,PAC - 3A SELECAO,,RS,HAB / PRO-MORADIA                         ,PRO MORADIA/2007 - PM SANTA MARIA/RS                        ,SANTA MARTA                                                 ,SANTA MARTA                                                 ,4089,"REORGANIZACAO ESPACIAL,QUALIFICACAO URBANA E REGULARIZA     CAO FUNDIARIA NO LOTEAMENTO NOVA SANTA MARTA                ",0,"REORGANIZACAO ESPACIAL,QUALIFICACAO URBANA E REGULARIZA     CAO FUNDIARIA NO LOTEAMENTO NOVA SANTA MARTA                ",0,0,0,em situação normal,URBANIZACAO DE ASSENTAMENTOS PRECARIOS    ,201906,100,07/04/08 00:00:00,06/15/19 00:00:00,,201906,0,100,6,      ,,,38.0,26741552.32,2018,,,,,,,,,,,,,,,,25318678,,,,
raw/sharepoint/Canal FGTS/MC20260306.zip,MCidades_AO_1.mdb + AO_2.mdb + AO_3.mdb,0254415,0254415,64,38000000,40613555.4,05/09/08 00:00:00,2008,2,26,218,72166,53000,7183,00,B2,S,0229040,15,,226218100,PAC - 3A SELECAO,,RS,HAB / PRO-MORADIA                         ,ARROIO MANTEIGA E ARROIO CERQUINHA                          ,ARROIO MANTEIGA E CERQUINHA                                 ,SAO LEOPOLDO                                                ,4107,REASSENTAMENTO FAM¥LIAS RESIDENTES ëS MARGENS DAS SUB-BACIASDOS ARROIOS DA MANTEIGA E CERQUINHA/RECUPER.SOCIO-AMBIENTAL ,0,REASSENTAMENTO FAM¥LIAS RESIDENTES ëS MARGENS DAS SUB-BACIASDOS ARROIOS DA MANTEIGA E CERQUINHA/RECUPER.SOCIO-AMBIENTAL ,0,0,0,em situação normal,URBANIZACAO DE ASSENTAMENTOS PRECARIOS    ,202601,28.27,06/01/08 00:00:00,12/31/26 00:00:00,,202601,0,28.27,H,      ,,,36.0,9987994.1,2021,,,,,,,,,,,,,,,,25441564,,,,
raw/sharepoint/Canal FGTS/MC20260306.zip,MCidades_AO_1.mdb + AO_2.mdb + AO_3.mdb,0254143,0254143,78,555449.6899999999,1423083.74,05/02/08 00:00:00,2008,2,26,218,71018,53000,7179,00,B2,S,0229042,33,Blumenau,226218001,PAC - 3A SELECAO,,SC,HAB / PRO-MORADIA                         ,MOR. LOT. SAO FRANCISCO DE ASSIS - ITAJAI - PRO MORADIA PAC ,BAIRRO VOLTA DE CIMA                                        ,RUA BRUNO VICENTE DA LUZ                                    ,3791,PRO-MORADIA LOTEAMENTO SAO FRANCISCO DE ASSIS-REASSENTAMENTOURBANIZACAO E REGULARIZACAO DA COMUNIDADE DO IMARUI - ITAJAI,316,PRO-MORADIA LOTEAMENTO SAO FRANCISCO DE ASSIS-REASSENTAMENTOURBANIZACAO E REGULARIZACAO DA COMUNIDADE DO IMARUI - ITAJAI,0,0,0,em situação normal,URBANIZACAO DE ASSENTAMENTOS PRECARIOS    ,201305,0,06/19/08 00:00:00,12/30/13 00:00:00,,201305,0,0,0,ID    ,CONFORME INFORMACAO AF                                                                                                                                                                                                                                                                                                                                                                                                                                                                                                                                                                                                                                                                                                                                                                                                                                                                                                                                                                                                                                                                                                                                                                                                                                                                                                                                                                                                                                                                                                                                                                                                                                                                                                                                                                                                                                                                                                                                                                                                                                                                                                                                                                                                                                                                                                                                                                                                                                                                                                                                                                                                                                                                                                                                                                                                                                                                                                                                                                                                                                                                                                                                                                                                                                                                                                                                                                                                                                                                                                                                                                                                                                                                                                    ,,2.0,555449.69,2008,,,,,,,,,,,,,,,,25414378,,,,
raw/sharepoint/Canal FGTS/MC20260306.zip,MCidades_AO_1.mdb + AO_2.mdb + AO_3.mdb,0254140,0254140,45,1533281.13,7764811.96,05/02/08 00:00:00,2007,2,26,218,71018,53000,7179,00,B2,S,0229043,47,Blumenau,226218001,PAC - 3A SELECAO,,SC,HAB / PRO-MORADIA                         ,MOR. LOT. NOSSA SRA.DAS GRACAS-ITAJAI-PRO MORADIA (PAC)     ,"BAIRRO NOSSA SRA DAS GRACA(VOLTA DE CIMA, ESPINHEIROS EMURTA",SEM NOME                                                    ,3791,URBANIZACAO E REGULARIZACAO FUNDIARIA                       NOSSA SRA. DAS GRACAS           PZO LIMITE DESEMB: SET/2013 ,300,URBANIZACAO E REGULARIZACAO FUNDIARIA                       NOSSA SRA. DAS GRACAS           PZO LIMITE DESEMB: SET/2013 ,0,0,0,em situação normal,URBANIZACAO DE ASSENTAMENTOS PRECARIOS    ,201506,13.63,06/30/08 00:00:00,,,201506,0,13.63,0,BL    ,,,3.0,1533281.13,2008,,,,,,,,,,,,,,,,25414045,,,,
raw/sharepoint/Canal FGTS/MC20260306.zip,MCidades_AO_1.mdb + AO_2.mdb + AO_3.mdb,0292964,0292964,12,9830694.5,11026856.99,06/30/09 00:00:00,2008,2,26,218,69982,53000,7187,02,D1,S,0229046,71,São Paulo,226218001,PAC - 3A SEL 2008,,SP,HAB / PRO-MORADIA                         ,"IMPL DE INFRA-ESTRUTURA URBANA, RECUP AMB E PROD UNID HAB   ",JARDIM DOS MORAES                                           ,ESTRADA DOS MORAES COM ESTRADA DAS VEREDAS                  ,2990,"IMPLANTACAO DE INFRA-ESTRUTURA URBANA, RECUPERACAO AMBIENTALE PRODUCAO DE UNIDADES HABITACIONAIS PARA REASSENTAMENTO.   ",0,"IMPLANTACAO DE INFRA-ESTRUTURA URBANA, RECUPERACAO AMBIENTALE PRODUCAO DE UNIDADES HABITACIONAIS PARA REASSENTAMENTO.   ",0,0,0,cancelado,URBANIZACAO DE ASSENTAMENTOS PRECARIOS    ,200906,0,,,,200906,0,0,5,      ,,,,,,,,,,,,,,,,,,,,,29296412,,,,
raw/sharepoint/Canal FGTS/MC20260306.zip,MCidades_AO_1.mdb + AO_2.mdb + AO_3.mdb,0292967,0292967,45,2559585.49,4011894.59,06/30/09 00:00:00,2008,2,26,218,69982,53000,7187,02,D1,S,0229049,02,São Paulo,226218001,PAC - 3A SEL 2008,,SP,HAB / PRO-MORADIA                         ,RECUPERACAO URBANA E AMBIENTAL DO JARDIM CASTILHO           ,JARDIM CASTILHO                                             ,RUA PEROVA                                                  ,2990,RECUPERACAO URBANA E AMBIENTAL DO JARDIM CASTILHO                                                                       ,0,RECUPERACAO URBANA E AMBIENTAL DO JARDIM CASTILHO                                                                       ,0,0,0,cancelado,URBANIZACAO DE ASSENTAMENTOS PRECARIOS    ,200906,0,,,,200906,0,0,5,      ,,,,,,,,,,,,,,,,,,,,,29296745,,,,
raw/sharepoint/Canal FGTS/MC20260306.zip,MCidades_AO_1.mdb + AO_2.mdb + AO_3.mdb,0288871,0288871,19,56999306.41,81153136.31,03/26/09 00:00:00,2008,2,26,218,71932,53000,7187,00,B2,S,0229052,61,,226218001,PAC - 1A SEL 2009,,SP,HAB / PRO-MORADIA                         ,TRES MARIAS REASSENT FAMILIAS - PAT PROSANEAR               ,"BACIA ALVERANGAS E RIBEIRAO DAS LAVRAS, SITIO B JESUS, ETC  ","BACIA ALVERANGAS E RIBEIRAO DAS LAVRAS, SITIO B JESUS, ETC  ",3327,TRES MARIAS REASSENT FAMILIAS - PAT PROSANEAR                                                                           ,0,TRES MARIAS REASSENT FAMILIAS - PAT PROSANEAR                                                                           ,0,0,0,em situação normal,URBANIZACAO DE ASSENTAMENTOS PRECARIOS    ,201707,100,10/19/09 00:00:00,03/30/17 00:00:00,,201707,0,100,6,      ,,,34.0,56999306.41,2020,,,,,,,,,,,,,,,,28887119,,,,
raw/sharepoint/Canal FGTS/MC20260306.zip,MCidades_AO_1.mdb + AO_2.mdb + AO_3.mdb,0253066,0253066,23,5565599.14,6300202.78,03/31/08 00:00:00,2007,2,26,194,72475,53000,7181,00,B2,S,0229053,75,Palmas,226194001,PAC - 3A SELECAO,,TO,HAB / PRO-MORADIA                         ,PRO-MORADIA-TAQUARI-T23                                     ,SETOR TAQUARI-T23- PALMAS                                   ,SETOR TAQUARI-T23- PALMAS/TO                                ,4812,CONSTRUCAO DE CONJUNTOS HABITACIONAIS E INFRA ESTRUTURA NO  SETOR TAQUARI - PALMAS/TO                                   ,407,CONSTRUCAO DE CONJUNTOS HABITACIONAIS E INFRA ESTRUTURA NO  SETOR TAQUARI - PALMAS/TO                                   ,0,0,0,em situação normal,HAB - PRODUCAO DE CONJUNSTOS HABITACIONAIS,202412,100,06/25/10 00:00:00,12/09/24 00:00:00,,202412,100,100,6,      ,,,18.0,5565599.14,2023,,,,,,,,,,,,,,,,25306623,,,,
raw/sharepoint/Canal FGTS/MC20260306.zip,MCidades_AO_1.mdb + AO_2.mdb + AO_3.mdb,0253073,0253073,15,16120000,18617352.64,03/31/08 00:00:00,2007,2,26,194,72475,53000,7181,00,B2,S,0229054,89,Palmas,226194001,PAC - 3A SELECAO,,TO,HAB / PRO-MORADIA                         ,PRO-MORADIA-ALC 43 - SETOR NORTE                            ,ALC 43- SETOR NORTE-PALMAS/TO                               ,ALC 43- SETOR NORTE-PALMAS/TO                               ,4812,CONSTRUCAO DE CONJUNTOS HABITACIONAIS E INFRA ESTRUTURA     NO SETOR NORTE - PALMAS/TO                                  ,368,CONSTRUCAO DE CONJUNTOS HABITACIONAIS E INFRA ESTRUTURA     NO SETOR NORTE - PALMAS/TO                                  ,0,0,0,em situação normal,HAB - PRODUCAO DE CONJUNSTOS HABITACIONAIS,201512,0.33000001,02/28/11 00:00:00,12/30/16 00:00:00,,201512,0,0.33,0,IED   ,"CE 584/13 - 20/08/13 - SOLIC REG OBRA PARALISADA                        CE 652/13 - 09/09/13 - REITERA SOLIC REG OBRA PARALISADA                28/11/13 - REUNIAO ENTRE COORD APLICAR GO,ANA TEIXEIRA, E GIDUR PALMAS TANTONIO BICANCHI,FOI ACORDADA PRAZO DE 60 DIAS P/NOVO POSICIONAMENTO.   CE 061/14 - 28/01/14 - ENVIO DE RELATO A GEAVO APL MZ                   CE 640/14 - 08/09/14 - SOLIC NOVO POSICIONAMENTO                        CE 069/16 - 27/01/16 - SOLICITA NOVO POSIC S/OBRA PARALISDA DESDE 07/11 CE 772/14 - 14/07/16 - SOLICITA NOVO POSIC OBRA PARALISADA DESDE JUN/201                                                                                                                                                                                                                                                                                                                                                                                                                                                                                                                                                                                                                                                                                                                                                                                                                                                                                                                                                                                                                                                                                                                                                                                                                                                                                                                                                                                                                                                                                                                                                                                                                                                                                                                                                                                                                                                                                                                                                                                                                                                                                                                                                                                                                                                                                                                                                                                                                                                                                                                                                                                                                                                                                                                                                                                                                                                                                                                                                                                                                                                                                                                          ",,2.0,52742.36,2012,,,,,,,,,,,,,,,,25307315,,,,
raw/sharepoint/Canal FGTS/MC20260306.zip,MCidades_AO_1.mdb + AO_2.mdb + AO_3.mdb,0265853,0265853,14,12141570,19241904.49,06/24/08 00:00:00,2008,2,26,218,83034,53000,7173,00,B2,S,0229059,39,Belém,226218001,PAC - 3A SELECAO,,PA,HAB / PRO-MORADIA                         ,URB.REGUL.ASSENTAMENTOS PRECARIOS-ELO PERDIDO - PAC         ,DISTRITO INDUSTRIAL                                         ,DISTRITO INDUSTRIAL  ELO PERDIDO - ANANINDEUA               ,0408,URBANIZACAO E REGULARIZACAO DE ASSENTAMENTOS PRECARIOS NA AREA CONHECIDA COMO ELO PERDIDO/DISTRITO INDUSTRIAL - PAC     ,150,URBANIZACAO E REGULARIZACAO DE ASSENTAMENTOS PRECARIOS NA AREA CONHECIDA COMO ELO PERDIDO/DISTRITO INDUSTRIAL - PAC     ,0,0,0,em situação normal,URBANIZACAO DE ASSENTAMENTOS PRECARIOS    ,202209,100,06/24/08 00:00:00,09/15/22 00:00:00,,202209,0,100,6,D     ,,,12.0,4248300.88,2017,,,,,,,,,,,,,,,,26585314,,,,
raw/sharepoint/Canal FGTS/MC20260306.zip,MCidades_AO_1.mdb + AO_2.mdb + AO_3.mdb,0265849,0265849,42,18145000,20621320.52,06/24/08 00:00:00,2008,2,26,218,83034,53000,7173,00,B2,S,0229060,68,Belém,226218100,PAC - 3A SELECAO,,PA,HAB / PRO-MORADIA                         ,URBANIZACAO REGUL.ASSENTAMENTO PRECARIO NOVA ESPERANCA-PAC  ,NOVA ESPERANCA / 28 DE AGOSTO                               ,ANANINDEUA                                                  ,0408,URBANIZACAO E REGULARIZACAO DE ASSENTAMENTOS PRECARIOS NO BAIRRO NOVA ESPERANCA/28 DE AGOSTO - PAC                      ,540,URBANIZACAO E REGULARIZACAO DE ASSENTAMENTOS PRECARIOS NO BAIRRO NOVA ESPERANCA/28 DE AGOSTO - PAC                      ,0,0,0,em situação normal,URBANIZACAO DE ASSENTAMENTOS PRECARIOS    ,202504,64.419998,06/24/08 00:00:00,,,202504,0,64.42,4,D     ,,,21.0,11570838.05,2022,42,723,Entre 1 e 2 anos,Discricionariedade do Gestor Público (Tomador),O Tomador teve problemas com as empresas executoras contratadas e tem demorado para encaminhar soluções frente aos problemas.,"Obra paralisada, por inexecução/encerramento de contrato com empresa executora. Operação em reprogramação, com redução de metas, visando nova licitação. Principal projeto de engenharia em definição - sistema de esgotamento sanitário (Na última reunião de ponto de controle, em 30/06/2025, verificado que o município de Ananindeua está providenciando aprovação em concessionária estadual de saneamento, outorga de lançamento no órgão ambiental e desapropriação do terreno da estação de tratamento de esgoto, para reapresentação da documentação completa de reprogramação.Prefeitura irá apresentar também, relatório de Regularização fundiária.",Não,NÃO,,03/26,31/05/2027,0229060,68,2024-03-12,A operação está em fase de reprogramação para futura licitação. A Prefeitura mudou a localização de uma Estação de Tratamento de Esgoto e está demorando para apresentar os novos projetos projetos e documentação de área.,26584942,,,,
raw/sharepoint/Canal FGTS/MC20260306.zip,MCidades_AO_1.mdb + AO_2.mdb + AO_3.mdb,0258612,0258612,41,57000000,74774619.62,05/30/08 00:00:00,2008,2,26,218,71207,53000,7173,00,B2,S,0229061,72,Belém,226218001,PAC - 3A SELECAO,,PA,HAB / PRO-MORADIA                         ,URBANIZACAO DE FAVELAS:URBANIZACAO SUB BACIA DO PARACURI-PAC,BACIA DO PARACURI                                           ,BELEM                                                       ,0400,URBANIZACAO DE FAVELAS - SUB BACIA DO PARACURI - PAC                                                                    ,0,URBANIZACAO DE FAVELAS - SUB BACIA DO PARACURI - PAC                                                                    ,0,0,0,em situação normal,URBANIZACAO DE ASSENTAMENTOS PRECARIOS    ,202306,100,06/19/08 00:00:00,12/31/23 00:00:00,,202306,0,100,6,F     ,,,19.0,39549640.79,2016,,,,,,,,,,,,,,,,25861241,,,,
raw/sharepoint/Canal FGTS/MC20260306.zip,MCidades_AO_1.mdb + AO_2.mdb + AO_3.mdb,0249254,0249254,24,5476381.03,8689415.66,02/01/08 00:00:00,2007,2,26,194,82435,53000,7174,00,B2,S,0229132,22,Belo Horizonte,226194001,PAC NPCF - 2A SELECAO,,MG,HAB / PRO-MORADIA                         ,CONJ. HAB. DE ITABIRITO                                     ,BAIRRO GUTIERREZ - ITABIRITO                                ,"RUAS DAS PETUNIAS, S/N - BAIRRO GUTIERREZ                   ",2268,PRODUCAO DE 256 UNIDADES HABITACIONAIS DE 2 E 3 QUARTOS                                                                 ,256,PRODUCAO DE 256 UNIDADES HABITACIONAIS DE 2 E 3 QUARTOS                                                                 ,0,0,0,em situação normal,HAB - PRODUCAO DE CONJUNSTOS HABITACIONAIS,201508,100,05/19/08 00:00:00,08/10/15 00:00:00,,201508,0,100,6,      ,,,10.0,5476381.029999999,2015,,,,,,,,,,,,,,,,24925424,,,,
raw/sharepoint/Canal FGTS/MC20260306.zip,MCidades_AO_1.mdb + AO_2.mdb + AO_3.mdb,0246502,0246502,68,76000000,91974485.17,12/28/07 00:00:00,2007,2,26,218,71712,53000,7174,00,B2,S,0229136,60,Belo Horizonte,226218001,PAC - 2A SELECAO,,MG,HAB / PRO-MORADIA                         ,VILA VIVA - TAQUARIL                                        ,BAIRRO ALTO VERA CRUZ - GRANJA DE FREITAS E SAUDADE         ,BELO HORIZONTE                                              ,1950,URBANIZACAO E REGULARIZACAO DE ASSENTAMENTOS PRECARIOS      CONJUNTO TAQUARIL                                           ,6215,URBANIZACAO E REGULARIZACAO DE ASSENTAMENTOS PRECARIOS      CONJUNTO TAQUARIL                                           ,0,0,0,em situação normal,URBANIZACAO DE ASSENTAMENTOS PRECARIOS    ,202110,97.080002,02/08/08 00:00:00,12/30/25 00:00:00,,202110,0,97.08,8,      ,"20/10/21 - INFORMACAO AO AGENTE OPERADOR, CONFORME SOLICITACAO 08/10/21:OBRA FISICA CONCLUIDA. REGULARIZACAO FUNDIARIA EM ANDAMENTO. SERAO SOLI CITADAS INFORMACOES AO MUNICIPIO SOBRE O ANDAMENTO DA REGULARIZACAO FUN DIARIA.                                                                                                                                                                                                                                                                                                                                                                                                                                                                                                                                                                                                                                                                                                                                                                                                                                                                                                                                                                                                                                                                                                                                                                                                                                                                                                                                                                                                                                                                                                                                                                                                                                                                                                                                                                                                                                                                                                                                                                                                                                                                                                                                                                                                                                                                                                                                                                                                                                                                                                                                                                                                                                                                                                                                                                                                                                                                                                                                                                                                                                                                                                                                                                                                                                                                                                                                                                                                                                                                                           ",,71.0,73433280.69,2019,,,,,,,,,,,,,,,,24650268,,,,
raw/sharepoint/Canal FGTS/MC20260306.zip,MCidades_AO_1.mdb + AO_2.mdb + AO_3.mdb,0252927,0252927,17,10474284.46,11069897.52,03/25/08 00:00:00,2007,2,26,194,71279,53000,7178,00,B2,S,0229569,05,CASCAVEL,226194001,PAC - 3A SELECAO,,PR,HAB / PRO-MORADIA                         ,CONJUNTO HABITACIONAL FRANCISCO BUBA                        ,ZONA URBANA DO MUNICIPIO DE FOZ DO IGUACU - PR              ,JARDIM DAS FLORES - FOZ DO IGUACU - PR                      ,3503,"CH FRANCISCO BUBA=AQUIS TERRENO E PRODUCAO 400 UH/EXEC INFRAESTRUT/CENTRO CONVIVENCIA C/GINASIO ESP,COMPLEXO POLIESPORTI",400,"CH FRANCISCO BUBA=AQUIS TERRENO E PRODUCAO 400 UH/EXEC INFRAESTRUT/CENTRO CONVIVENCIA C/GINASIO ESP,COMPLEXO POLIESPORTI",0,0,0,em situação normal,HAB - PRODUCAO DE CONJUNSTOS HABITACIONAIS,201302,100,04/25/08 00:00:00,02/05/13 00:00:00,,201302,100,100,6,      ,,,45.0,10474284.459999999,2013,,,,,,,,,,,,,,,,25292717,,,,
raw/sharepoint/Canal FGTS/MC20260306.zip,MCidades_AO_1.mdb + AO_2.mdb + AO_3.mdb,0252929,0252929,35,16367654.93,17957494.31,03/25/08 00:00:00,2007,2,26,194,71279,53000,7178,00,B2,S,0229572,52,CASCAVEL,226194001,PAC - 3A SELECAO,,PR,HAB / PRO-MORADIA                         ,CONJUNTO HABITACIONAL LAGOA DOURADA                         ,ZONA URBANA DO MUNICIPIO DE FOZ DO IGUACU - PR              ,LOTEAMENTO RESIDENCIAL JARDIM DOURADO                       ,3503,"CH LAGOA DOURADA-AQUIS TERRENO E PRODUCAO 700 UH/EXEC INFRA ESTRUT/CENTRO CONVIVENCIA C/ESCOLA,GINASIO ESP,COMPLEXO POLI",700,"CH LAGOA DOURADA-AQUIS TERRENO E PRODUCAO 700 UH/EXEC INFRA ESTRUT/CENTRO CONVIVENCIA C/ESCOLA,GINASIO ESP,COMPLEXO POLI",0,0,0,em situação normal,HAB - PRODUCAO DE CONJUNSTOS HABITACIONAIS,202110,100,06/30/08 00:00:00,10/29/21 00:00:00,,202110,100,100,6,      ,,,67.0,16367654.93,2021,,,,,,,,,,,,,,,,25292935,,,,
raw/sharepoint/Canal FGTS/MC20260306.zip,MCidades_AO_1.mdb + AO_2.mdb + AO_3.mdb,0265992,0265992,95,1376550,2016279.68,06/30/08 00:00:00,2008,2,26,194,72475,53000,7181,00,B2,S,0231416,94,Palmas,226194001,PAC - 3A SELECAO,,TO,HAB / PRO-MORADIA                         ,PRO-MORADIA-LOTEAMENTO PARQUE DO LAGO                       ,PARQUE DO LAGO/TO                                           ,PARQUE DO LAGO - ARAGUAINA                                  ,4281,PRODUCAO DE CONJUNTOS HABITACIONAIS PARA ATENDER 456 FAMILIANO MUNICIPIO DE ARAGUAINA/TO - PARQUE DO LAGO               ,483,PRODUCAO DE CONJUNTOS HABITACIONAIS PARA ATENDER 456 FAMILIANO MUNICIPIO DE ARAGUAINA/TO - PARQUE DO LAGO               ,0,0,0,em situação normal,HAB - PRODUCAO DE CONJUNSTOS HABITACIONAIS,201309,11.61,03/01/09 00:00:00,,,201309,0,11.61,0,      ,DISTRATADO - CONFORME TERMO DE DISTRATO GIDUR TO                                                                                                                                                                                                                                                                                                                                                                                                                                                                                                                                                                                                                                                                                                                                                                                                                                                                                                                                                                                                                                                                                                                                                                                                                                                                                                                                                                                                                                                                                                                                                                                                                                                                                                                                                                                                                                                                                                                                                                                                                                                                                                                                                                                                                                                                                                                                                                                                                                                                                                                                                                                                                                                                                                                                                                                                                                                                                                                                                                                                                                                                                                                                                                                                                                                                                                                                                                                                                                                                                                                                                                                                                                                                          ,,1.0,1376550.0,2009,,,,,,,,,,,,,,,,26599295,,,,
raw/sharepoint/Canal FGTS/MC20260306.zip,MCidades_AO_1.mdb + AO_2.mdb + AO_3.mdb,0265996,0265996,31,4851595.38,5106942.5,06/27/08 00:00:00,2008,2,26,194,72475,53000,7181,02,B2,S,0231419,25,Palmas,226194001,PAC - 3A SELECAO,,TO,HAB / PRO-MORADIA                         ,PRO-MORADIA-MORADA DO SOL - ARAGUAINA/TO                    ,ARAGUAINA/TO                                                ,MORADA DO SOL - ARAGUAINA                                   ,4281,REMANEJAMENTO DE 224 FAMILIAS PARA O LOTEAMENTO MORADA DO   SOL NO MUNICIPIO DE ARAGUAINA.                              ,224,REMANEJAMENTO DE 224 FAMILIAS PARA O LOTEAMENTO MORADA DO   SOL NO MUNICIPIO DE ARAGUAINA.                              ,0,0,0,cancelado,HAB - PRODUCAO DE CONJUNSTOS HABITACIONAIS,201011,0.0099999998,06/24/10 00:00:00,,,201011,0.01,0.01,0,      ,,,,,,,,,,,,,,,,,,,,,26599631,,,,
raw/sharepoint/Canal FGTS/MC20260306.zip,MCidades_AO_1.mdb + AO_2.mdb + AO_3.mdb,0246484,0246484,42,13867624.28,14597499.29,12/28/07 00:00:00,2007,2,26,194,72475,53000,7181,00,B2,S,0231421,68,Palmas,226194001,PAC - 3A SELECAO,,TO,HAB / PRO-MORADIA                         ,PRO-MORADIA-SETOR TAQUARI - PALMAS                          ,PALMAS/TO                                                   ,TAQUARI - T-22 E T-23                                       ,4812,"CONSTR. CONJ. HABIT., INFRAESTRUTURA,PROJETO EXECUTIVO E    TRABALHO SOCIAL EM PALMAS/TO                  EM PALMAS/TO  ",243,"CONSTR. CONJ. HABIT., INFRAESTRUTURA,PROJETO EXECUTIVO E    TRABALHO SOCIAL EM PALMAS/TO                  EM PALMAS/TO  ",0,0,0,em situação normal,HAB - PRODUCAO DE CONJUNSTOS HABITACIONAIS,202602,100,06/25/10 00:00:00,,,202602,0,100,6,      ,,,24.0,13867624.28,2024,,,,,,,,,,,,,,,,24648442,,,,
raw/sharepoint/Canal FGTS/MC20260306.zip,MCidades_AO_1.mdb + AO_2.mdb + AO_3.mdb,0246053,0246053,37,29597695.3,33530189.48,12/28/07 00:00:00,2007,2,26,194,72475,53000,7181,00,B2,S,0231425,04,Palmas,226194001,PAC - 3A SELECAO,,TO,HAB / PRO-MORADIA                         ,PRO-MORADIA-ARSO 131-PALMAS/TO                              ,PALMAS/TO                                                   ,ARSO 131 - PALMAS/TO                                        ,4812,"FINANCIAMENTO PARA CONSTR. CONJ. HABIT., INFRAESTRUTURA     REDE DE AGUA/ENERGIA E TRABALHO SOCIAL.                     ",654,"FINANCIAMENTO PARA CONSTR. CONJ. HABIT., INFRAESTRUTURA     REDE DE AGUA/ENERGIA E TRABALHO SOCIAL.                     ",0,0,0,em situação normal,HAB - PRODUCAO DE CONJUNSTOS HABITACIONAIS,202007,100,06/25/10 00:00:00,12/31/20 00:00:00,,202007,100,100,6,E     ,,,27.0,29597695.3,2018,,,,,,,,,,,,,,,,24605337,,,,
raw/sharepoint/Canal FGTS/MC20260306.zip,MCidades_AO_1.mdb + AO_2.mdb + AO_3.mdb,0285498,0285498,26,1448199.33,1529399.33,01/30/09 00:00:00,2008,2,26,194,71763,53000,7176,00,B2,S,0231498,84,PIRACICABA,226194001,PAC - 1A SEL 2008,,SP,HAB / PRO-MORADIA                         ,CIDADE ARACY                                                ,CIDADE ARACY                                                ,"CIDADE ARACY - RUA CINQUENTA E SEIS, LOTE 5434, QUADRA 27   ",3329,"DIMINUI O DEFICIT HABITACIONAL, C/ A EXECUCAO DE 72 UNIDADES HABITACIONAIS (44 TERREAS E 28 SOBREPOSTAS)                ",58,"DIMINUI O DEFICIT HABITACIONAL, C/ A EXECUCAO DE 72 UNIDADES HABITACIONAIS (44 TERREAS E 28 SOBREPOSTAS)                ",0,0,0,em situação normal,HAB - PRODUCAO DE CONJUNSTOS HABITACIONAIS,201603,100,07/13/09 00:00:00,12/31/15 00:00:00,,201603,0,100,6,      ,,,20.0,1448199.33,2015,,,,,,,,,,,,,,,,28549826,,,,
raw/sharepoint/Canal FGTS/MC20260306.zip,MCidades_AO_1.mdb + AO_2.mdb + AO_3.mdb,0285500,0285500,62,1318875.31,1388875.31,01/30/09 00:00:00,2008,2,26,194,71763,53000,7176,00,B2,S,0231502,46,PIRACICABA,226194001,PAC - 1A SEL 2008,,SP,HAB / PRO-MORADIA                         ,CIDADE ARACY                                                ,CIDADE ARACY                                                ,"CIDADE ARACY - RUA CINQUENTA E SEIS, LOTE 5435, QUADRA 55   ",3329,"DIMINUIR O DEFICIT HABITACIONAL,C/ A EXECUCAO DE 64 UNIDADESHABITACIONAIS (36 TERREAS E 28 SOBREPOSTAS)                 ",50,"DIMINUIR O DEFICIT HABITACIONAL,C/ A EXECUCAO DE 64 UNIDADESHABITACIONAIS (36 TERREAS E 28 SOBREPOSTAS)                 ",0,0,0,em situação normal,HAB - PRODUCAO DE CONJUNSTOS HABITACIONAIS,201010,100,05/12/09 00:00:00,10/25/10 00:00:00,10/25/10 00:00:00,201010,0,100,6,      ,,10/21/10 00:00:00,8.0,1318875.31,2010,,,,,,,,,,,,,,,,28550062,,,,
raw/sharepoint/Canal FGTS/MC20260306.zip,MCidades_AO_1.mdb + AO_2.mdb + AO_3.mdb,0285502,0285502,80,788491.01,830491.01,01/30/09 00:00:00,2008,2,26,194,71763,53000,7176,00,B2,S,0231508,01,PIRACICABA,226194001,PAC - 1A SEL 2008,,SP,HAB / PRO-MORADIA                         ,SAO CARLOS VIII                                             ,SAO CARLOS VIII                                             ,SAO CARLOS VIII - AVENIDA CAPITAO LUIZ BRANDAO - QUADRA 14  ,3329,"DIMINUIR O DEFICIT HABITACIONAL,C/ A EXECUCAO DE 30 UNIDADESHABITACIONAIS                                               ",30,"DIMINUIR O DEFICIT HABITACIONAL,C/ A EXECUCAO DE 30 UNIDADESHABITACIONAIS                                               ",0,0,0,em situação normal,HAB - PRODUCAO DE CONJUNSTOS HABITACIONAIS,201010,100,05/12/09 00:00:00,10/22/10 00:00:00,,201010,0,100,6,      ,,,7.0,788491.01,2010,,,,,,,,,,,,,,,,28550280,,,,
raw/sharepoint/Canal FGTS/MC20260306.zip,MCidades_AO_1.mdb + AO_2.mdb + AO_3.mdb,0251926,0251926,89,12227764.61,13643946.77,02/22/08 00:00:00,2007,2,26,218,72537,53000,7174,00,B2,S,0231537,53,Belo Horizonte,226218001,PAC - 3A SELECAO,,MG,HAB / PRO-MORADIA                         ,ASSENT. PRECARIO NAS VILAS AGUIA DOURADA E PRIMAVERA        ,MUNICIPIO DE IBIRITE                                        ,VILAS AGUIA DOURADA E PRIMAVERA                             ,2247,INTERVENCOES PROPOSTAS PARA A MELHORIA DA QUALIDADE DE VIDA DA POPULACAO DAS LOCALIDADES ABAIXO DESCRITAS.              ,974,INTERVENCOES PROPOSTAS PARA A MELHORIA DA QUALIDADE DE VIDA DA POPULACAO DAS LOCALIDADES ABAIXO DESCRITAS.              ,0,0,0,em situação normal,URBANIZACAO DE ASSENTAMENTOS PRECARIOS    ,202412,34.75,03/03/08 00:00:00,01/01/25 00:00:00,,202412,0,34.75,0,      ,,,18.0,4248813.38,2022,,,,,,,,,,,,,,,,25192689,,,,
raw/sharepoint/Canal FGTS/MC20260306.zip,MCidades_AO_1.mdb + AO_2.mdb + AO_3.mdb,0264820,0264820,89,2457595.82,2586942.98,06/24/08 00:00:00,2008,2,26,194,72475,53000,7181,00,B2,S,0231996,16,Palmas,226194001,PAC - 3A SELECAO,,TO,HAB / PRO-MORADIA                         ,PRO-MORADIA-VILA CIDINHA-ARAGUATINS                         ,ARAGUATINS/TO                                               ,VILA CIDINHA - ARAGUATINS/TO                                ,4282,"FINANC. P/ PROD. CONJ.HAB., PROJETO SOCIAL, INFRAESTRUTURA, REDE DE AGUA/ENERGIA E PROJETO EXECUTIVO EM ARAGUATINS/TO   ",200,"FINANC. P/ PROD. CONJ.HAB., PROJETO SOCIAL, INFRAESTRUTURA, REDE DE AGUA/ENERGIA E PROJETO EXECUTIVO EM ARAGUATINS/TO   ",0,0,0,em situação normal,HAB - PRODUCAO DE CONJUNSTOS HABITACIONAIS,202102,100,06/30/08 00:00:00,03/31/21 00:00:00,,202102,100,100,6,      ,,,5.0,2457595.82,2011,,,,,,,,,,,,,,,,26482089,,,,
raw/sharepoint/Canal FGTS/MC20260306.zip,MCidades_AO_1.mdb + AO_2.mdb + AO_3.mdb,0266000,0266000,17,3742994.2,3939993.89,06/27/08 00:00:00,2008,2,26,194,72475,53000,7181,02,B2,S,0231997,20,Palmas,226194001,PAC - 3A SELECAO,,TO,HAB / PRO-MORADIA                         ,PRO-MORADIA-SETOR DAS MANGUEIRAS - GOIATINS                 ,GOIATINS/TO                                                 ,SETOR DAS MANGUEIRAS - GOIATINS/TO                          ,4349,"FINANC. P/PROD.CONJ.HABIT.,TRABALHO SOCIAL, INFRAESTRUTURA, E PROJETO EXECUTIVO NO MUNICIPIO DE GOIATINS/TO             ",168,"FINANC. P/PROD.CONJ.HABIT.,TRABALHO SOCIAL, INFRAESTRUTURA, E PROJETO EXECUTIVO NO MUNICIPIO DE GOIATINS/TO             ",0,0,0,cancelado,HAB - PRODUCAO DE CONJUNSTOS HABITACIONAIS,201011,0.0099999998,06/24/10 00:00:00,,,201011,0,0.01,0,      ,,,,,,,,,,,,,,,,,,,,,26600017,,,,
raw/sharepoint/Canal FGTS/MC20260306.zip,MCidades_AO_1.mdb + AO_2.mdb + AO_3.mdb,0261781,0261781,56,1634000,1720000,06/06/08 00:00:00,2008,2,26,194,72475,53000,7181,02,B2,S,0232000,93,Palmas,226194001,PAC - 3A SELECAO,,TO,HAB / PRO-MORADIA                         ,PRO-MORADIA-BAIRRO LAGINHA-TOCANTINOPOLIS/TO                ,TOCANTINOPOLIS/TO                                           ,TOCANTINOPOLIS/TO                                           ,4470,FINANC.P/ PRODUCAO DE CONJUNTOS HABITACIONAIS E TRABALHO    SOCIAL NO MUNICIPIO DE TOCANTINOPOLIS/TO                    ,100,FINANC.P/ PRODUCAO DE CONJUNTOS HABITACIONAIS E TRABALHO    SOCIAL NO MUNICIPIO DE TOCANTINOPOLIS/TO                    ,0,0,0,cancelado,HAB - PRODUCAO DE CONJUNSTOS HABITACIONAIS,202011,0.27000001,06/24/10 00:00:00,,,202011,0,0.27,0,      ,,,,,,,,,,,,,,,,,,,,,26178156,,,,
raw/sharepoint/Canal FGTS/MC20260306.zip,MCidades_AO_1.mdb + AO_2.mdb + AO_3.mdb,0253069,0253069,56,3325805.8,5047512.27,03/31/08 00:00:00,2007,2,26,194,72475,53000,7181,00,B2,S,0232004,38,Palmas,226194001,PAC - 3A SELECAO,,TO,HAB / PRO-MORADIA                         ,PRO-MORADIA-PALMAS ALC NO 33                                ,ALC 33 - PALMAS/TO                                          ,ALC 33 - PALMAS/TO                                          ,4812,CONSTRUCAO DE 80 UH VERTICAIS E TRABALHO SOCIAL NA ALC NO 33EM PALMAS/TO.                                               ,80,CONSTRUCAO DE 80 UH VERTICAIS E TRABALHO SOCIAL NA ALC NO 33EM PALMAS/TO.                                               ,0,0,0,em situação normal,HAB - PRODUCAO DE CONJUNSTOS HABITACIONAIS,202204,100,02/28/11 00:00:00,04/18/22 00:00:00,,202204,100,100,6,F     ,,,25.0,3326197.69,2022,,,,,,,,,,,,,,,,25306956,,,,
raw/sharepoint/Canal FGTS/MC20260306.zip,MCidades_AO_1.mdb + AO_2.mdb + AO_3.mdb,0266002,0266002,35,1086178.7,1143346,06/27/08 00:00:00,2008,2,26,194,72475,53000,7181,02,B2,S,0232082,83,Palmas,226194001,PAC - 3A SELECAO,,TO,HAB / PRO-MORADIA                         ,PRO-MORADIA-PARQUE LIBERDADE-2A.ETAPA - PORTO NACIONAL/TO   ,PORTO NACIONAL____________________________                  ,PARQUE LIBERDADE - 2A ETAPA - PORTO NACIONAL                ,4440,PRO-MORADIA /CONSTRUCAO DE 100 UH                           PORTO NACIONAL/TO - PARQUE LIBERDADE 2—ETAPA - 66 UH        ,66,PRO-MORADIA /CONSTRUCAO DE 100 UH                           PORTO NACIONAL/TO - PARQUE LIBERDADE 2—ETAPA - 66 UH        ,0,0,0,cancelado,HAB - PRODUCAO DE CONJUNSTOS HABITACIONAIS,202111,0.43000001,06/24/10 00:00:00,,,202111,0,0.43,0,      ,,,,,,,,,,,,,,,,,,,,,26600235,,,,
raw/sharepoint/Canal FGTS/MC20260306.zip,MCidades_AO_1.mdb + AO_2.mdb + AO_3.mdb,0262049,0262049,93,3758200,3956000,06/06/08 00:00:00,2008,2,26,194,72475,53000,7181,02,B2,S,0232085,15,Palmas,226194001,PAC - 3A SELECAO,,TO,HAB / PRO-MORADIA                         ,PRO-MORADIA-NOVA ESPERANCA - PARAISO/TO                     ,PARAISO/TO                                                  ,NOVA ESPERANCA - PARAISO/TO                                 ,4419,FINANCIAMENTO PARA PRODUCAO DE CONJUNTOS HABITACIONAIS E    PROJETO SOCIAL NO MUNICIPIO DE PARAISO DO TOCANTINS.        ,230,FINANCIAMENTO PARA PRODUCAO DE CONJUNTOS HABITACIONAIS E    PROJETO SOCIAL NO MUNICIPIO DE PARAISO DO TOCANTINS.        ,0,0,0,cancelado,HAB - PRODUCAO DE CONJUNSTOS HABITACIONAIS,201011,0.0099999998,06/24/10 00:00:00,,,201011,0.01,0.01,0,      ,,,,,,,,,,,,,,,,,,,,,26204993,,,,
raw/sharepoint/Canal FGTS/MC20260306.zip,MCidades_AO_1.mdb + AO_2.mdb + AO_3.mdb,0261999,0261999,72,1296185.6,1364405.9,06/06/08 00:00:00,2008,2,26,194,72475,53000,7181,00,B2,S,0232087,33,Palmas,226194001,PAC - 3A SELECAO,,TO,HAB / PRO-MORADIA                         ,PRO-MORADIA-ANANAS/TO                                       ,ANANAS/TO                                                   ,ANANAS/TO                                                   ,4270,FINANCIAMENTO PARA PRODUCAO DE CONJUNTOS HAB E TRAB SOCIAL  ANANAS/TO                                                   ,100,FINANCIAMENTO PARA PRODUCAO DE CONJUNTOS HAB E TRAB SOCIAL  ANANAS/TO                                                   ,0,0,0,em situação normal,HAB - PRODUCAO DE CONJUNSTOS HABITACIONAIS,201507,100,06/25/08 00:00:00,07/03/15 00:00:00,,201507,100,100,6,      ,,,13.0,1296185.6,2013,,,,,,,,,,,,,,,,26199972,,,,
raw/sharepoint/Canal FGTS/MC20260306.zip,MCidades_AO_1.mdb + AO_2.mdb + AO_3.mdb,0266010,0266010,32,1166790,1228200,06/30/08 00:00:00,2008,2,26,194,72475,53000,7181,02,B2,S,0232091,94,Palmas,226194001,PAC - 3A SELECAO,,TO,HAB / PRO-MORADIA                         ,PRO-MORADIA-ALVORADA/TO                                     ,ALVORADA/TO                                                 ,ALVORADA/TO                                                 ,4267,FINANCIAMENTO PARA PRODUCAO DE CONJUNTOS HABITACIONAIS E    PROJETO SOCIAL NO MUNICIPIO DE ALVORADA/TO.                 ,89,FINANCIAMENTO PARA PRODUCAO DE CONJUNTOS HABITACIONAIS E    PROJETO SOCIAL NO MUNICIPIO DE ALVORADA/TO.                 ,0,0,0,cancelado,HAB - PRODUCAO DE CONJUNSTOS HABITACIONAIS,201011,0.23999999,06/24/10 00:00:00,,,201011,0,0.24,0,      ,,,,,,,,,,,,,,,,,,,,,26601032,,,,
raw/sharepoint/Canal FGTS/MC20260306.zip,MCidades_AO_1.mdb + AO_2.mdb + AO_3.mdb,0262003,0262003,58,220092.78,434546.48,06/06/08 00:00:00,2008,2,26,194,72475,53000,7181,00,B2,S,0232093,11,Palmas,226194001,PAC - 3A SELECAO,,TO,HAB / PRO-MORADIA                         ,PRO-MORADIA-AURORA/TP                                       ,AURORA DO TOCANTINS/TO                                      ,AURORA DO TOCANTINS/TO                                      ,4287,FINANCIAMENTO PARA PRODUCAO DE CONJUNTOS HABITACIONAIS E    PROJETO SOCIAL NO MUNICIPIO DE AURORA/TO.                   ,50,FINANCIAMENTO PARA PRODUCAO DE CONJUNTOS HABITACIONAIS E    PROJETO SOCIAL NO MUNICIPIO DE AURORA/TO.                   ,0,0,0,em situação normal,HAB - PRODUCAO DE CONJUNSTOS HABITACIONAIS,202505,100,06/25/08 00:00:00,12/27/24 00:00:00,,202505,100,100,6,      ,,,5.0,313738.37,2011,,,,,,,,,,,,,,,,26200358,,,,
raw/sharepoint/Canal FGTS/MC20260306.zip,MCidades_AO_1.mdb + AO_2.mdb + AO_3.mdb,0264818,0264818,46,655405.01,689900,06/24/08 00:00:00,2007,2,26,194,72475,53000,7181,00,B2,S,0232099,77,Palmas,226194001,PAC - 3A SELECAO,,TO,HAB / PRO-MORADIA                         ,PRO-MORADIA-BOM JESUS DO TO/TO                              ,BOM JESUS DO TO/TO                                          ,BOM JESUS DO TO/TO                                          ,4961,FINANCIAMENTO P/ PRODUCAO DE CONJUNTOS HABITACIONAIS E      PROJETO SOCIAL EM BOM JESUS DO TOCANTINS/TO                 ,50,FINANCIAMENTO P/ PRODUCAO DE CONJUNTOS HABITACIONAIS E      PROJETO SOCIAL EM BOM JESUS DO TOCANTINS/TO                 ,0,0,0,em situação normal,HAB - PRODUCAO DE CONJUNSTOS HABITACIONAIS,201201,100,10/29/09 00:00:00,08/01/11 00:00:00,,201201,0,100,6,      ,,07/09/15 00:00:00,4.0,655405.01,2011,,,,,,,,,,,,,,,,26481846,,,,
raw/sharepoint/Canal FGTS/MC20260306.zip,MCidades_AO_1.mdb + AO_2.mdb + AO_3.mdb,0262010,0262010,40,127716.27,211977.2,06/06/08 00:00:00,2007,2,26,194,72475,53000,7181,00,B2,S,0232100,06,Palmas,226194001,PAC - 3A SELECAO,,TO,HAB / PRO-MORADIA                         ,PRO-MORADIA-CAMPOS LINDOS                                   ,CAMPOS LINDOS/TO                                            ,CAMPOS LINDOS/TO                                            ,4964,FINANCIAMENTO P/ PRODUCAO DE CONJUNTOS HAB PROJETO SOCIAL   CAMPOS LINDOS/TO                                            ,50,FINANCIAMENTO P/ PRODUCAO DE CONJUNTOS HAB PROJETO SOCIAL   CAMPOS LINDOS/TO                                            ,0,0,0,em situação normal,HAB - PRODUCAO DE CONJUNSTOS HABITACIONAIS,202505,100,06/23/08 00:00:00,12/27/24 00:00:00,,202505,100,100,6,      ,,,5.0,254308.27,2022,,,,,,,,,,,,,,,,26201040,,,,
raw/sharepoint/Canal FGTS/MC20260306.zip,MCidades_AO_1.mdb + AO_2.mdb + AO_3.mdb,0262006,0262006,81,445403.43,701241.22,06/06/08 00:00:00,2008,2,26,194,72475,53000,7181,00,B2,S,0232101,10,Palmas,226194001,PAC - 3A SELECAO,,TO,HAB / PRO-MORADIA                         ,PRO-MORADIA-SAO BENTO DO TOCANTINS/TO                       ,SAO BENTO DO TOCANTINS/TO                                   ,SAO BENTO DO TOCANTINS/TO                                   ,4994,FINANCIAMENTO PARA PRODUCAO DE CONJUNTOS HABITACIONAIS E    TRABALHO SOCIAL EM SAO BENTO DO TOCANTINS.                  ,40,FINANCIAMENTO PARA PRODUCAO DE CONJUNTOS HABITACIONAIS E    TRABALHO SOCIAL EM SAO BENTO DO TOCANTINS.                  ,0,0,0,em situação normal,HAB - PRODUCAO DE CONJUNSTOS HABITACIONAIS,202101,100,07/04/08 00:00:00,01/05/21 00:00:00,,202101,0,100,6,      ,,,5.0,445403.43000000005,2020,,,,,,,,,,,,,,,,26200681,,,,
raw/sharepoint/Canal FGTS/MC20260306.zip,MCidades_AO_1.mdb + AO_2.mdb + AO_3.mdb,0262024,0262024,01,656750.66,843093.84,06/06/08 00:00:00,2007,2,26,194,72475,53000,7181,00,B2,S,0232104,42,Palmas,226194001,PAC - 3A SELECAO,,TO,HAB / PRO-MORADIA                         ,PRO-MORADIA-TALISMA/TO                                      ,TALISMA/TO                                                  ,TALISMA/TO                                                  ,5674,FINANCIAMENTO PARA PRODUCAO DE CONJUNTOS HABITACIONAIS E    PROJETO SOCIAL EM TALISMA/TO                                ,60,FINANCIAMENTO PARA PRODUCAO DE CONJUNTOS HABITACIONAIS E    PROJETO SOCIAL EM TALISMA/TO                                ,0,0,0,em situação normal,HAB - PRODUCAO DE CONJUNSTOS HABITACIONAIS,202301,100,06/25/08 00:00:00,06/26/23 00:00:00,,202301,100,100,6,      ,,,9.0,656750.66,2022,,,,,,,,,,,,,,,,26202401,,,,
raw/sharepoint/Canal FGTS/MC20260306.zip,MCidades_AO_1.mdb + AO_2.mdb + AO_3.mdb,0262051,0262051,46,1302700,1478465.19,06/06/08 00:00:00,2008,2,26,194,72475,53000,7181,00,B2,S,0232107,76,Palmas,226194001,PAC - 3A SELECAO,,TO,HAB / PRO-MORADIA                         ,PRO-MORADIA-PIUM/TO                                         ,PIUM/TO                                                     ,PIUM/TO                                                     ,4433,FINANC. PARA PRODUCAO DE CONJUNTO HABITACIONAL E TRABALHO   SOCIAL EM PIUM/TO                                           ,100,FINANC. PARA PRODUCAO DE CONJUNTO HABITACIONAL E TRABALHO   SOCIAL EM PIUM/TO                                           ,0,0,0,em situação normal,HAB - PRODUCAO DE CONJUNSTOS HABITACIONAIS,202101,100,06/25/08 00:00:00,01/26/21 00:00:00,,202101,100,100,6,F     ,,,12.0,1302700.0,2020,,,,,,,,,,,,,,,,26205146,,,,
raw/sharepoint/Canal FGTS/MC20260306.zip,MCidades_AO_1.mdb + AO_2.mdb + AO_3.mdb,0261988,0261988,42,678500.66,714211.23,06/06/08 00:00:00,2008,2,26,194,72475,53000,7181,00,B2,S,0232110,21,Palmas,226194001,PAC - 3A SELECAO,,TO,HAB / PRO-MORADIA                         ,PRO-MORADIA-LUZINOPOLIS                                     ,LUZINOPOLIS/TO                                              ,LUZINOPOLIS/TO                                              ,5710,FINANC. PARA PRODUCAO DE CONJUNTO HABITACIONAL E TRABALHO   SOCIAL EM LUZINOPOLIS/TO                                    ,54,FINANC. PARA PRODUCAO DE CONJUNTO HABITACIONAL E TRABALHO   SOCIAL EM LUZINOPOLIS/TO                                    ,0,0,0,em situação normal,HAB - PRODUCAO DE CONJUNSTOS HABITACIONAIS,201504,100,06/25/08 00:00:00,04/27/15 00:00:00,,201504,100,100,6,      ,,,11.0,678500.66,2014,,,,,,,,,,,,,,,,26198842,,,,
raw/sharepoint/Canal FGTS/MC20260306.zip,MCidades_AO_1.mdb + AO_2.mdb + AO_3.mdb,0262014,0262014,87,650029.42,684241.5,06/06/08 00:00:00,2008,2,26,194,72475,53000,7181,00,B2,S,0232112,49,Palmas,226194001,PAC - 3A SELECAO,,TO,HAB / PRO-MORADIA                         ,PRO-MORADIA-DOIS IRMAOS/TO                                  ,DOIS IRMAOS/TO                                              ,DOIS IRMAOS/TO                                              ,4333,FINANC. PARA PRODUCAO DE CONJUNTO HABITACIONAL E TRABALHO   SOCIAL EM DOIS IRMAOS/TO                                    ,50,FINANC. PARA PRODUCAO DE CONJUNTO HABITACIONAL E TRABALHO   SOCIAL EM DOIS IRMAOS/TO                                    ,0,0,0,em situação normal,HAB - PRODUCAO DE CONJUNSTOS HABITACIONAIS,201108,100,07/01/08 00:00:00,08/22/11 00:00:00,,201108,0,100,6,      ,,,6.0,650029.4199999999,2011,,,,,,,,,,,,,,,,26201487,,,,
raw/sharepoint/Canal FGTS/MC20260306.zip,MCidades_AO_1.mdb + AO_2.mdb + AO_3.mdb,0267432,0267432,52,524400,552000,06/30/08 00:00:00,2008,2,26,194,72475,53000,7181,02,B2,S,0232127,15,Palmas,226194001,PAC - 3A SELECAO,,TO,HAB / PRO-MORADIA                         ,PRO-MORADIA- MONTE DO CARMO/TO                              ,MONTE DO CARMO/TO                                           ,MONTE DO CARMO/TO                                           ,4394,FINANC. PARA PRODUCAO DE CONJUNTO HABITACIONAL E TRABALHO   SOCIAL EM MONTE DO CARMO/TO                                 ,40,FINANC. PARA PRODUCAO DE CONJUNTO HABITACIONAL E TRABALHO   SOCIAL EM MONTE DO CARMO/TO                                 ,0,0,0,cancelado,HAB - PRODUCAO DE CONJUNSTOS HABITACIONAIS,201011,0.56999999,06/24/10 00:00:00,,,201011,0,0.57,0,      ,,,,,,,,,,,,,,,,,,,,,26743252,,,,
raw/sharepoint/Canal FGTS/MC20260306.zip,MCidades_AO_1.mdb + AO_2.mdb + AO_3.mdb,0262016,0262016,05,917370.39,965670.39,06/06/08 00:00:00,2008,2,26,194,72475,53000,7181,00,B2,S,0232130,62,Palmas,226194001,PAC - 3A SELECAO,,TO,HAB / PRO-MORADIA                         ,PRO-MORADIA-CARIRI                                          ,CARIRI DO TOCANTINS                                         ,CARIRI DO TOCANTINS                                         ,4965,FINANC. PARA PRODUCAO DE CONJUNTO HABITACIONAL E TRABALHO   SOCIAL EM CARIRI/TO                                         ,70,FINANC. PARA PRODUCAO DE CONJUNTO HABITACIONAL E TRABALHO   SOCIAL EM CARIRI/TO                                         ,0,0,0,em situação normal,HAB - PRODUCAO DE CONJUNSTOS HABITACIONAIS,201203,100,07/01/08 00:00:00,03/01/12 00:00:00,,201203,0,100,6,      ,,,7.0,917370.39,2012,,,,,,,,,,,,,,,,26201605,,,,
raw/sharepoint/Canal FGTS/MC20260306.zip,MCidades_AO_1.mdb + AO_2.mdb + AO_3.mdb,0266004,0266004,54,1634000,1720000,06/27/08 00:00:00,2008,2,26,194,72475,53000,7181,02,B2,S,0232186,33,Palmas,226194001,PAC - 3A SELECAO,,TO,HAB / PRO-MORADIA                         ,PRO-MORADIA-LUZIMANGUES/BAIRRO LIBERDADE 2A. ETAPA          ,PORTO NACIONAL/TO                                           ,LUZIMANGUES E BAIRRO LIBERDADE - 2A ETAPA                   ,4440,FINANCIAMENTO P/ CONSTRUCAO DE CONJ. HABITACIONAIS E PROJSOCPORTO NACIONAL/TO - LUZIMANGUES - BAIRRO LIBERDADE - 2— ETAP,100,FINANCIAMENTO P/ CONSTRUCAO DE CONJ. HABITACIONAIS E PROJSOCPORTO NACIONAL/TO - LUZIMANGUES - BAIRRO LIBERDADE - 2— ETAP,0,0,0,cancelado,HAB - PRODUCAO DE CONJUNSTOS HABITACIONAIS,201011,0.25,06/24/10 00:00:00,,,201011,0,0.25,0,      ,,,,,,,,,,,,,,,,,,,,,26600454,,,,
raw/sharepoint/Canal FGTS/MC20260306.zip,MCidades_AO_1.mdb + AO_2.mdb + AO_3.mdb,0246495,0246495,73,18070030.13,19049156.79,12/28/07 00:00:00,2007,2,26,194,72475,53000,7181,00,B2,S,0232191,07,Palmas,226194001,PAC - 3A SELECAO,,TO,HAB / PRO-MORADIA                         ,PRO-MORADIA-ARSO 92-PALMAS/TO                               ,PALMAS/TO                                                   ,ARSO 92 - PALMAS/TO                                         ,4812,"CONSTRUCAO DE 272 UH, INFRA ESTRUTURA E PROJETO SOCIAL NA   ARSO 92 EM PALMAS/TO.                                       ",272,"CONSTRUCAO DE 272 UH, INFRA ESTRUTURA E PROJETO SOCIAL NA   ARSO 92 EM PALMAS/TO.                                       ",0,0,0,em situação normal,HAB - PRODUCAO DE CONJUNSTOS HABITACIONAIS,202602,85.110001,06/29/10 00:00:00,,,202602,85.11,85.11,2,      ,,,50.0,15379009.26,2026,,,,,,,,,,,,,,,,24649573,,,,
raw/sharepoint/Canal FGTS/MC20260306.zip,MCidades_AO_1.mdb + AO_2.mdb + AO_3.mdb,0261994,0261994,20,1701682.01,3467866.34,06/06/08 00:00:00,2008,2,26,194,72475,53000,7181,00,B2,S,0232193,25,Palmas,226194001,PAC - 3A SELECAO,,TO,HAB / PRO-MORADIA                         ,PRO-MORADIA-DARCINOPOLIS/TO                                 ,DARCINOPOLIS/TO                                             ,DARCINOPOLIS/TO                                             ,4969,FINANC. PARA PRODUCAO DE CONJUNTOS HABITACIONAIS E PROJ SOCIDARCINOPOLIS/TO                                             ,133,FINANC. PARA PRODUCAO DE CONJUNTOS HABITACIONAIS E PROJ SOCIDARCINOPOLIS/TO                                             ,0,0,0,em situação normal,HAB - PRODUCAO DE CONJUNSTOS HABITACIONAIS,202202,100,06/23/08 00:00:00,02/01/22 00:00:00,,202202,100,100,6,      ,,,16.0,1701682.01,2022,,,,,,,,,,,,,,,,26199420,,,,
raw/sharepoint/Canal FGTS/MC20260306.zip,MCidades_AO_1.mdb + AO_2.mdb + AO_3.mdb,0262008,0262008,08,736258.66,1117066.71,06/06/08 00:00:00,2008,2,26,194,72475,53000,7181,00,B2,S,0232196,59,Palmas,226194001,PAC - 3A SELECAO,,TO,HAB / PRO-MORADIA                         ,PRO-MORADIA-SAO SALVADOR/TO                                 ,SAO SALVADOR/TO                                             ,SAO SALVADOR/TO                                             ,4998,FINANC. PARA PRODUCAO DE CONJUNTOS HABITACIONAIS E TRABALHO SOCIAL EM SAO SALVADOR/TO                                   ,60,FINANC. PARA PRODUCAO DE CONJUNTOS HABITACIONAIS E TRABALHO SOCIAL EM SAO SALVADOR/TO                                   ,0,0,0,em situação normal,HAB - PRODUCAO DE CONJUNSTOS HABITACIONAIS,202401,100,06/25/08 00:00:00,12/27/23 00:00:00,,202401,100,100,6,      ,,,10.0,736258.66,2023,,,,,,,,,,,,,,,,26200808,,,,
raw/sharepoint/Canal FGTS/MC20260306.zip,MCidades_AO_1.mdb + AO_2.mdb + AO_3.mdb,0261990,0261990,85,352689.96,376319.64,06/06/08 00:00:00,2008,2,26,194,72475,53000,7181,00,B2,S,0232204,57,Palmas,226194001,PAC - 3A SELECAO,,TO,HAB / PRO-MORADIA                         ,PRO-MORADIA-SITIO NOVO/TO                                   ,SITIO NOVO DO TOCANTINS/TO                                  ,SITIO NOVO DO TOCANTINS/TO                                  ,4466,FINANC. P/ PRODUCAO DE CONJ. HABITACIONAIS E PROJETO SOCIAL SITIO NOVO DO TOCANTINS/TO                                  ,100,FINANC. P/ PRODUCAO DE CONJ. HABITACIONAIS E PROJETO SOCIAL SITIO NOVO DO TOCANTINS/TO                                  ,0,0,0,em situação normal,HAB - PRODUCAO DE CONJUNSTOS HABITACIONAIS,202309,100,06/25/08 00:00:00,07/14/23 00:00:00,,202309,0,100,6,      ,,,6.0,352689.96,2022,,,,,,,,,,,,,,,,26199085,,,,
raw/sharepoint/Canal FGTS/MC20260306.zip,MCidades_AO_1.mdb + AO_2.mdb + AO_3.mdb,0266008,0266008,91,2622000,2760000,06/30/08 00:00:00,2008,2,26,194,72475,53000,7181,02,B2,S,0232205,62,Palmas,226194001,PAC - 3A SELECAO,,TO,HAB / PRO-MORADIA                         ,PRO-MORADIA-ARAGUAINA/TO                                    ,ARAGUAINA/TO                                                ,ARAGUAINA/TO                                                ,4281,FINANC. PARA PRODUCAO DE CONJUNTOS HABITACIONAIS E PROJETO  SOCIAL EM ARAGUAINA/TO                                      ,200,FINANC. PARA PRODUCAO DE CONJUNTOS HABITACIONAIS E PROJETO  SOCIAL EM ARAGUAINA/TO                                      ,0,0,0,cancelado,HAB - PRODUCAO DE CONJUNSTOS HABITACIONAIS,201202,0.0099999998,06/24/10 00:00:00,,,201202,0,0.01,0,      ,,,,,,,,,,,,,,,,,,,,,26600891,,,,
raw/sharepoint/Canal FGTS/MC20260306.zip,MCidades_AO_1.mdb + AO_2.mdb + AO_3.mdb,0262020,0262020,66,784645.83,826045.83,06/06/08 00:00:00,2008,2,26,194,72475,53000,7181,00,B2,S,0232206,76,Palmas,226194001,PAC - 3A SELECAO,,TO,HAB / PRO-MORADIA                         ,PRO-MORADIA-CASEARA/TO                                      ,CASEARA/TO                                                  ,CASEARA/TO                                                  ,4799,FINANCIAMENTO PARA PRODUCAO DE CONJUNTO HABITACIONAL E      PROJETO SOCIAL EM CASEARA/TO                                ,60,FINANCIAMENTO PARA PRODUCAO DE CONJUNTO HABITACIONAL E      PROJETO SOCIAL EM CASEARA/TO                                ,0,0,0,em situação normal,HAB - PRODUCAO DE CONJUNSTOS HABITACIONAIS,201011,100,06/30/08 00:00:00,10/29/10 00:00:00,,201011,100,100,6,      ,,,5.0,784645.83,2010,,,,,,,,,,,,,,,,26202066,,,,
raw/sharepoint/Canal FGTS/MC20260306.zip,MCidades_AO_1.mdb + AO_2.mdb + AO_3.mdb,0264822,0264822,06,1311000,1380000,06/24/08 00:00:00,2008,2,26,194,72475,53000,7181,00,B2,S,0232209,07,Palmas,226194001,PAC - 3A SELECAO,,TO,HAB / PRO-MORADIA                         ,PRO-MORADIA-PALMEIROPOLIS/TO                                ,PALMEIROPOLIS/TO                                            ,PALMEIROPOLIS/TO                                            ,4489,FINANCIAMENTO PARA PRODUCAO DE CONJUNTO HABITACIONAL E      PROJETO SOCIAL EM PALMEIROPOLIS/TO                          ,100,FINANCIAMENTO PARA PRODUCAO DE CONJUNTO HABITACIONAL E      PROJETO SOCIAL EM PALMEIROPOLIS/TO                          ,0,0,0,em situação normal,HAB - PRODUCAO DE CONJUNSTOS HABITACIONAIS,201203,100,06/27/08 00:00:00,03/31/12 00:00:00,,201203,0,100,6,      ,,,9.0,1311000.0,2012,,,,,,,,,,,,,,,,26482206,,,,
raw/sharepoint/Canal FGTS/MC20260306.zip,MCidades_AO_1.mdb + AO_2.mdb + AO_3.mdb,0262012,0262012,69,457120.04,481179,06/06/08 00:00:00,2008,2,26,194,72475,53000,7181,00,B2,S,0232230,76,Palmas,226194001,PAC - 3A SELECAO,,TO,HAB / PRO-MORADIA                         ,PRO-MORADIA-AUGUSTINOPOLIS/TO                               ,AUGUSTINOPOLIS/TO                                           ,AUGUSTINOPOLIS/TO                                           ,0905,FINANCIAMENTO PARA CONSTRUCAO DE CONJ. HABITACIONAIS E PROJETO SOCIAL EM AUGUSTINOPOLIS/TO                              ,35,FINANCIAMENTO PARA CONSTRUCAO DE CONJ. HABITACIONAIS E PROJETO SOCIAL EM AUGUSTINOPOLIS/TO                              ,0,0,0,em situação normal,HAB - PRODUCAO DE CONJUNSTOS HABITACIONAIS,201605,100,06/25/08 00:00:00,04/29/16 00:00:00,,201605,100,100,6,      ,,,8.0,457120.04000000004,2014,,,,,,,,,,,,,,,,26201269,,,,
raw/sharepoint/Canal FGTS/MC20260306.zip,MCidades_AO_1.mdb + AO_2.mdb + AO_3.mdb,0262018,0262018,23,607661.52,639643.71,06/06/08 00:00:00,2008,2,26,194,72475,53000,7181,00,B2,S,0232318,22,Palmas,226194001,PAC - 3A SELECAO,,TO,HAB / PRO-MORADIA                         ,PRO-MORADIA-PARAISO/TO                                      ,PARAISO/TO                                                  ,PARAISO/TO                                                  ,4419,FINANCIAMENTO PARA PRODUCAO DE CONJUNTOS HABITACIONAIS E    PROJETO SOCIAL NO MUNICIPIO DE PARAISO/TO.                  ,50,FINANCIAMENTO PARA PRODUCAO DE CONJUNTOS HABITACIONAIS E    PROJETO SOCIAL NO MUNICIPIO DE PARAISO/TO.                  ,0,0,0,em situação normal,HAB - PRODUCAO DE CONJUNSTOS HABITACIONAIS,201506,100,06/24/08 00:00:00,06/26/15 00:00:00,,201506,100,100,6,      ,,,8.0,607661.52,2012,,,,,,,,,,,,,,,,26201823,,,,
raw/sharepoint/Canal FGTS/MC20260306.zip,MCidades_AO_1.mdb + AO_2.mdb + AO_3.mdb,0262001,0262001,39,626481.84,660981.84,06/06/08 00:00:00,2008,2,26,194,72475,53000,7181,00,B2,S,0232321,79,Palmas,226194001,PAC - 3A SELECAO,,TO,HAB / PRO-MORADIA                         ,PRO-MORADIA-TUPIRATINS/TO                                   ,TUPIRATINS/TO                                               ,TUPIRATINS                                                  ,5000,FIANCIAMENTO PARA PRODUCAO DE CONJUNTOS HABITACIONAIS E PROJETO SOCIAL NO MUNICIPIO DE TUPIRATINS/TO                    ,50,FIANCIAMENTO PARA PRODUCAO DE CONJUNTOS HABITACIONAIS E PROJETO SOCIAL NO MUNICIPIO DE TUPIRATINS/TO                    ,0,0,0,em situação normal,HAB - PRODUCAO DE CONJUNSTOS HABITACIONAIS,201110,100,06/26/08 00:00:00,08/12/11 00:00:00,10/18/11 00:00:00,201110,100,100,6,F     ,,,3.0,626481.84,2009,,,,,,,,,,,,,,,,26200139,,,,
raw/sharepoint/Canal FGTS/MC20260306.zip,MCidades_AO_1.mdb + AO_2.mdb + AO_3.mdb,0261997,0261997,54,1515109.61,1594852.23,06/06/08 00:00:00,2008,2,26,194,72475,53000,7181,00,B2,S,0232322,83,Palmas,226194001,PAC - 3A SELECAO,,TO,HAB / PRO-MORADIA                         ,PRO-MORADIA-PORTO NACIONAL/TO                               ,PORTO NACIONAL/TO                                           ,PORTO NACIONAL/TO                                           ,4440,FIANCIAMENTO PARA PRODUCAO DE CONJUNTOS HABITACIONAIS E PROJETO SOCIAL NO MUNICIPIO DE PORTO NACIONAL/TO                ,119,FIANCIAMENTO PARA PRODUCAO DE CONJUNTOS HABITACIONAIS E PROJETO SOCIAL NO MUNICIPIO DE PORTO NACIONAL/TO                ,0,0,0,em situação normal,HAB - PRODUCAO DE CONJUNSTOS HABITACIONAIS,201602,100,06/26/08 00:00:00,02/22/16 00:00:00,,201602,100,100,6,EF    ,,,12.0,1515109.61,2014,,,,,,,,,,,,,,,,26199754,,,,
raw/sharepoint/Canal FGTS/MC20260306.zip,MCidades_AO_1.mdb + AO_2.mdb + AO_3.mdb,0268993,0268993,64,1812260.5,1937905.61,07/10/08 00:00:00,2008,2,26,218,71032,53000,7178,00,B2,S,0232492,43,Curitiba,226218001,PAC - 3A SELECAO,,PR,HAB / PRO-MORADIA                         ,VILA UNIDOS DO UMBARA                                       ,MUNICIPIO DE CURITIBA                                       ,RUA CORONEL JOAO RODRIGUES DA SILVA LAPA                    ,3420,"VILA UNIDOS DO UMBARA, URBANIZACAO COM REASSENTAMENTO DE    199 FAMILIAS.                                               ",300,"VILA UNIDOS DO UMBARA, URBANIZACAO COM REASSENTAMENTO DE    199 FAMILIAS.                                               ",0,0,0,em situação normal,URBANIZACAO DE ASSENTAMENTOS PRECARIOS    ,202303,99.989998,05/04/09 00:00:00,12/31/25 00:00:00,,202303,0,99.98999999999999,8,D     ,"REGULARIZACAO FUNDIARIA PENDENTE, PREVISAO 31/12/2024                                                                                                                                                                                                                                                                                                                                                                                                                                                                                                                                                                                                                                                                                                                                                                                                                                                                                                                                                                                                                                                                                                                                                                                                                                                                                                                                                                                                                                                                                                                                                                                                                                                                                                                                                                                                                                                                                                                                                                                                                                                                                                                                                                                                                                                                                                                                                                                                                                                                                                                                                                                                                                                                                                                                                                                                                                                                                                                                                                                                                                                                                                                                                                                                                                                                                                                                                                                                                                                                                                                                                                                                                                                                     ",,6.0,1812260.5,2019,,,,,,,,,,,,,,,,26899364,,,,
raw/sharepoint/Canal FGTS/MC20260306.zip,MCidades_AO_1.mdb + AO_2.mdb + AO_3.mdb,0246017,0246017,83,19335959.51,21600246.6,12/28/07 00:00:00,2007,2,26,218,71032,53000,7178,00,B2,S,0232507,12,Curitiba,226218001,PAC - 3A SELECAO,,PR,HAB / PRO-MORADIA                         ,MORADIAS CORBELIA                                           ,MUNICIPIO DE CURITIBA                                       ,RUA AGUAS DO PASSAUNA                                       ,3420,URBANIZACAO COM REASSENTAMENTO DE 657 FAMILIAS.                                                                         ,1159,URBANIZACAO COM REASSENTAMENTO DE 657 FAMILIAS.                                                                         ,0,0,0,em situação normal,URBANIZACAO DE ASSENTAMENTOS PRECARIOS    ,202305,100,06/30/08 00:00:00,05/18/23 00:00:00,,202305,0,100,6,      ,,,23.0,19470074.58,2020,,,,,,,,,,,,,,,,24601783,,,,
raw/sharepoint/Canal FGTS/MC20260306.zip,MCidades_AO_1.mdb + AO_2.mdb + AO_3.mdb,0269001,0269001,87,3031448.8,3190945.1,07/10/08 00:00:00,2008,2,26,218,71032,53000,7178,00,B2,S,0232509,30,Curitiba,226218001,PAC - 3A SELECAO,,PR,HAB / PRO-MORADIA                         ,VILA MENINO JESUS                                           ,MUNICIPIO DE CURITIBA                                       ,RODOVIA BR - 277 TRECHO CURITIBA - PARANAGUA                ,3420,VILA MENINO JESUS URBANIZACAO COM REASSENTAMENTO DE 527     FAMILIAS                                                    ,527,VILA MENINO JESUS URBANIZACAO COM REASSENTAMENTO DE 527     FAMILIAS                                                    ,0,0,0,em situação normal,URBANIZACAO DE ASSENTAMENTOS PRECARIOS    ,202303,99.989998,06/01/09 00:00:00,12/31/25 00:00:00,,202303,0,99.98999999999999,8,D     ,"REGULARIZACAO FUNDIARIA PENDENTE, PREVISAO 31/12/2025                                                                                                                                                                                                                                                                                                                                                                                                                                                                                                                                                                                                                                                                                                                                                                                                                                                                                                                                                                                                                                                                                                                                                                                                                                                                                                                                                                                                                                                                                                                                                                                                                                                                                                                                                                                                                                                                                                                                                                                                                                                                                                                                                                                                                                                                                                                                                                                                                                                                                                                                                                                                                                                                                                                                                                                                                                                                                                                                                                                                                                                                                                                                                                                                                                                                                                                                                                                                                                                                                                                                                                                                                                                                     ",,6.0,3031448.8,2019,,,,,,,,,,,,,,,,26900187,,,,
raw/sharepoint/Canal FGTS/MC20260306.zip,MCidades_AO_1.mdb + AO_2.mdb + AO_3.mdb,0269007,0269007,41,1476000,1609670.11,07/10/08 00:00:00,2008,2,26,218,71032,53000,7178,00,B2,S,0232513,91,Curitiba,226218001,PAC - 3A SELECAO,,PR,HAB / PRO-MORADIA                         ,VILA PANTANAL                                               ,MUNICIPIO DE CURITIBA                                       ,RUA RAUL SUPLICY DE LACERDA                                 ,3420,VILA PANTANAL URBANIZACAO COM REASSENTAMENTO DE 756 FAMILIAS                                                            ,765,VILA PANTANAL URBANIZACAO COM REASSENTAMENTO DE 756 FAMILIAS                                                            ,0,0,0,em situação normal,URBANIZACAO DE ASSENTAMENTOS PRECARIOS    ,202303,99.989998,07/01/09 00:00:00,12/31/25 00:00:00,,202303,0,99.98999999999999,8,D     ,"REGULARIZACAO FUNDIARIA PENDENTE, PREVISAO 31/12/2025                                                                                                                                                                                                                                                                                                                                                                                                                                                                                                                                                                                                                                                                                                                                                                                                                                                                                                                                                                                                                                                                                                                                                                                                                                                                                                                                                                                                                                                                                                                                                                                                                                                                                                                                                                                                                                                                                                                                                                                                                                                                                                                                                                                                                                                                                                                                                                                                                                                                                                                                                                                                                                                                                                                                                                                                                                                                                                                                                                                                                                                                                                                                                                                                                                                                                                                                                                                                                                                                                                                                                                                                                                                                     ",,4.0,2423410.66,2019,,,,,,,,,,,,,,,,26900741,,,,
raw/sharepoint/Canal FGTS/MC20260306.zip,MCidades_AO_1.mdb + AO_2.mdb + AO_3.mdb,0268999,0268999,28,3343628.75,9798711.41,07/10/08 00:00:00,2008,2,26,218,71032,53000,7178,00,B2,S,0232522,01,Curitiba,226218001,PAC - 3A SELECAO,,PR,HAB / PRO-MORADIA                         ,V NORI E 3 PINHEIROS                                        ,MUNICIPIO DE CURITIBA                                       ,AV DR EUGENIO BERTOLI                                       ,3420,MORADIAS VILA NORI E TRES PINHEIROS - URBANIZACAO COM REASSENTAMENTO DE 400 FAMILIAS                                    ,400,MORADIAS VILA NORI E TRES PINHEIROS - URBANIZACAO COM REASSENTAMENTO DE 400 FAMILIAS                                    ,0,0,0,em situação normal,URBANIZACAO DE ASSENTAMENTOS PRECARIOS    ,202303,99.989998,06/01/09 00:00:00,12/31/25 00:00:00,,202303,0,99.98999999999999,8,D     ,"REGULARIZACAO FUNDIARIA PENDENTE, PREVISAO 31/12/2025                                                                                                                                                                                                                                                                                                                                                                                                                                                                                                                                                                                                                                                                                                                                                                                                                                                                                                                                                                                                                                                                                                                                                                                                                                                                                                                                                                                                                                                                                                                                                                                                                                                                                                                                                                                                                                                                                                                                                                                                                                                                                                                                                                                                                                                                                                                                                                                                                                                                                                                                                                                                                                                                                                                                                                                                                                                                                                                                                                                                                                                                                                                                                                                                                                                                                                                                                                                                                                                                                                                                                                                                                                                                     ",,13.0,3343628.75,2019,,,,,,,,,,,,,,,,26899928,,,,
raw/sharepoint/Canal FGTS/MC20260306.zip,MCidades_AO_1.mdb + AO_2.mdb + AO_3.mdb,0269004,0269004,18,3180269.82,6823596.11,07/10/08 00:00:00,2008,2,26,218,71032,53000,7178,00,B2,S,0232525,34,Curitiba,226218001,PAC - 3A SELECAO,,PR,HAB / PRO-MORADIA                         ,VILA PRADO                                                  ,MUNICIPIO DE CURITIBA                                       ,RUA GUABIROTUBA                                             ,3420,"VILA PRADO, URBANIZACAO COM REASSENTAMENTO DE 145 FAMILI    AS                                                          ",145,"VILA PRADO, URBANIZACAO COM REASSENTAMENTO DE 145 FAMILI    AS                                                          ",0,0,0,em situação normal,URBANIZACAO DE ASSENTAMENTOS PRECARIOS    ,202303,99.989998,05/02/09 00:00:00,12/31/25 00:00:00,,202303,0,99.98999999999999,8,D     ,"REGULARIZAO FUNDIARIA PENDENTE, PREVISAO 31/12/2025                                                                                                                                                                                                                                                                                                                                                                                                                                                                                                                                                                                                                                                                                                                                                                                                                                                                                                                                                                                                                                                                                                                                                                                                                                                                                                                                                                                                                                                                                                                                                                                                                                                                                                                                                                                                                                                                                                                                                                                                                                                                                                                                                                                                                                                                                                                                                                                                                                                                                                                                                                                                                                                                                                                                                                                                                                                                                                                                                                                                                                                                                                                                                                                                                                                                                                                                                                                                                                                                                                                                                                                                                                                                       ",,24.0,3246479.8200000003,2020,,,,,,,,,,,,,,,,26900418,,,,
raw/sharepoint/Canal FGTS/MC20260306.zip,MCidades_AO_1.mdb + AO_2.mdb + AO_3.mdb,0246013,0246013,45,8221492.98,8654203.140000001,12/28/07 00:00:00,2007,2,26,218,71032,53000,7178,00,B2,S,0232527,53,Curitiba,226218001,PAC - 3A SELECAO,,PR,HAB / PRO-MORADIA                         ,MORADIAS FAXINAL                                            ,MUNICIPIO DE CURITIBA                                       ,ESTRADA DE SANTA CANDIDA                                    ,3420,"URBANIZACAO DE DIVERSAS VILAS QUE OCUPAM AS MARGENS DO RIO  ATUBA, COM O REASSENTAMENTO DE 512 FAMILIAS.                ",512,"URBANIZACAO DE DIVERSAS VILAS QUE OCUPAM AS MARGENS DO RIO  ATUBA, COM O REASSENTAMENTO DE 512 FAMILIAS.                ",0,0,0,em situação normal,URBANIZACAO DE ASSENTAMENTOS PRECARIOS    ,202410,100,06/30/08 00:00:00,12/30/27 00:00:00,,202410,0,100,6,C     ,,,11.0,8221492.98,2020,,,,,,,,,,,,,,,,24601345,,,,
raw/sharepoint/Canal FGTS/MC20260306.zip,MCidades_AO_1.mdb + AO_2.mdb + AO_3.mdb,0245996,0245996,12,8325800,8764000,12/28/07 00:00:00,2007,2,26,194,71032,53000,7178,00,B2,S,0232530,08,Curitiba,226194001,PAC - 3A SELECAO,,PR,HAB / PRO-MORADIA                         ,MORADIAS ITAQUI                                             ,MUNICIPIO DE CURITIBA                                       ,ESTRADA DELEGADO BRUNO DE ALMEIDA                           ,3420,CONSTRUCAO DE CONJUNTOS HABITACIONAIS PARA ATENDIMENTO DE   311 FAMILIAS                                                ,313,CONSTRUCAO DE CONJUNTOS HABITACIONAIS PARA ATENDIMENTO DE   311 FAMILIAS                                                ,0,0,0,em situação normal,HAB - PRODUCAO DE CONJUNSTOS HABITACIONAIS,201412,100,06/30/08 00:00:00,02/06/15 00:00:00,,201412,100,100,6,      ,,,12.0,8325800.0,2014,,,,,,,,,,,,,,,,24599612,,,,
raw/sharepoint/Canal FGTS/MC20260306.zip,MCidades_AO_1.mdb + AO_2.mdb + AO_3.mdb,0246493,0246493,54,31944436.96,33625723.12,12/28/07 00:00:00,2007,2,26,218,71712,53000,7174,00,B2,S,0234754,55,Belo Horizonte,226218001,PAC NPCF - 3A SELECAO,,MG,HAB / PRO-MORADIA                         ,INV. NO AGLOMERADO MORRO DAS PEDRAS E V.PEDREIRA PRADO LOPES,MORRO DAS PEDRAS E PEDREIRA PRADO LOPES                     ,VARIAS RUAS                                                 ,1950,REESTRUTURACAO URBANISTICA E AMBIENTAL DE SEIS COMUNIDADES  DO MUNICIPIO DE BELO HORIZONTE                              ,0,REESTRUTURACAO URBANISTICA E AMBIENTAL DE SEIS COMUNIDADES  DO MUNICIPIO DE BELO HORIZONTE                              ,0,0,0,em situação normal,URBANIZACAO DE ASSENTAMENTOS PRECARIOS    ,202110,95.910004,02/08/08 00:00:00,12/30/25 00:00:00,,202110,0,95.91,8,      ,"20/10/21 - INFORMACAO AO AGENTE OPERADOR, CONFORME SOLICITACAO 08/10/21:OBRA/SERVICOS CONCLUIDOS, EXCETO A REGULARIZACAO FUNDIARIA QUE ESTA EM  ANDAMENTO. SERA SOLICITADO AO MUNICIPIO INFORMACOES SOBRE O ANDAMENTO DAREGULARIZACAO FUNDIARIA.                                                                                                                                                                                                                                                                                                                                                                                                                                                                                                                                                                                                                                                                                                                                                                                                                                                                                                                                                                                                                                                                                                                                                                                                                                                                                                                                                                                                                                                                                                                                                                                                                                                                                                                                                                                                                                                                                                                                                                                                                                                                                                                                                                                                                                                                                                                                                                                                                                                                                                                                                                                                                                                                                                                                                                                                                                                                                                                                                                                                                                                                                                                                                                                                                                                                                                                                                                                                                                                                          ",,41.0,30612148.7,2015,,,,,,,,,,,,,,,,24649354,,,,
raw/sharepoint/Canal FGTS/MC20260306.zip,MCidades_AO_1.mdb + AO_2.mdb + AO_3.mdb,0246500,0246500,49,13686358,19703792.67,12/28/07 00:00:00,2007,2,26,218,71712,53000,7174,00,B2,S,0234755,60,Belo Horizonte,226218001,PAC NPCF - 3A SELECAO,,MG,HAB / PRO-MORADIA                         ,URBANIZACAO DA VILA SANTA TERESINHA/FREITAS                 ,VILA ALTO VERA CRUZ                                         ,RUA SANTA TERESINHA                                         ,1950,RECUPERACAO AMBIENTAL DO CORREGO SANTA TERESINHA E REASSENTAMENTOS DA POPULACAO EM AREA DE RISCO DE  INUNDACAO          ,0,RECUPERACAO AMBIENTAL DO CORREGO SANTA TERESINHA E REASSENTAMENTOS DA POPULACAO EM AREA DE RISCO DE  INUNDACAO          ,0,0,0,em situação normal,URBANIZACAO DE ASSENTAMENTOS PRECARIOS    ,201706,100,02/04/08 00:00:00,06/08/17 00:00:00,,201706,0,100,6,      ,,,29.0,13686358.0,2015,,,,,,,,,,,,,,,,24650049,,,,
raw/sharepoint/Canal FGTS/MC20260306.zip,MCidades_AO_1.mdb + AO_2.mdb + AO_3.mdb,0270043,0270043,01,32787.98,35916.3,08/27/08 00:00:00,2008,2,26,011,71718,53000,7181,00,B2,S,0235074,53,Goiânia,226011001,PAC - 1A SEL 2008,,GO,HAB / PRO-MORADIA                         ,PRO-MORADIA DESENVOLVIMENTO INSTITUCIONAL/2007 GOIANIA/GO__ ,MUNICIPIO DE GOIANIA/GO.                                    ,MUNICIPIO DE GOIANIA/GO.                                    ,4260,AUMENTO DA EFICACIA NA GESTA URBANA E NA IMPLEMENTACAO DE   POLITICAS PUBLICAS NO SETOR HABITACIONAL NO MUN. GOIANIA/GO.,0,AUMENTO DA EFICACIA NA GESTA URBANA E NA IMPLEMENTACAO DE   POLITICAS PUBLICAS NO SETOR HABITACIONAL NO MUN. GOIANIA/GO.,0,0,0,em situação normal,DESENVOLVIMENTO INSTITUCIONAL             ,201809,100,01/21/10 00:00:00,11/14/18 00:00:00,,201809,0,100,6,      ,,,1.0,32787.98,2010,,,,,,,,,,,,,,,,27004301,,,,
raw/sharepoint/Canal FGTS/MC20260306.zip,MCidades_AO_1.mdb + AO_2.mdb + AO_3.mdb,0268564,0268564,77,7795672.03,8205970.56,06/30/08 00:00:00,2008,2,26,218,71332,53000,7185,00,B2,S,0235739,81,Rio de Janeiro,226218001,PAC - 1A SEL 2008,,RJ,HAB / PRO-MORADIA                         ,PARQUE ALEGRIA                                              ,RIO DE JANEIRO                                              ,RIO DE JANEIRO                                              ,2810,"URBAN FAVELA COMPL SISTE ABAST AGUA, ESG SAN, VIARIO, DRENAGPLUV, COL LIXO, ILUM PUB, CONT ENCOS, EDIF FAV PQ ALEGRIA   ",0,"URBAN FAVELA COMPL SISTE ABAST AGUA, ESG SAN, VIARIO, DRENAGPLUV, COL LIXO, ILUM PUB, CONT ENCOS, EDIF FAV PQ ALEGRIA   ",0,0,0,em situação normal,URBANIZACAO DE ASSENTAMENTOS PRECARIOS    ,202512,72.970001,06/15/09 00:00:00,,,202512,0,72.97,8,      ,EM RESPOSTA AO SIARG 360481:                                            PREVISAO DE ENTREGA DA ULTIMA MEDICAO EM FEVEREIRO/2026.                PREFEITURA IRA ENCAMINHAR SOLICITACAO DE REPROGRAMACAO.                 PRAZO PREV SOLUCAO: 31/03/2026.                                                                                                                                                                                                                                                                                                                                                                                                                                                                                                                                                                                                                                                                                                                                                                                                                                                                                                                                                                                                                                                                                                                                                                                                                                                                                                                                                                                                                                                                                                                                                                                                                                                                                                                                                                                                                                                                                                                                                                                                                                                                                                                                                                                                                                                                                                                                                                                                                                                                                                                                                                                                                                                                                                                                                                                                                                                                                                                                                                                                                                                                                                                                                                                                                                                                                                                                                                                                                                                                   ,,25.0,5975919.07,2024,,,,,,,,,,,,,,,,26856477,,,,
raw/sharepoint/Canal FGTS/MC20260306.zip,MCidades_AO_1.mdb + AO_2.mdb + AO_3.mdb,0268571,0268571,60,5324793.74,6903684.89,06/30/08 00:00:00,2008,2,26,218,71332,53000,7185,00,B2,S,0235749,05,Rio de Janeiro,226218001,PAC - 1A SEL 2008,,RJ,HAB / PRO-MORADIA                         ,JOAO LOPES                                                  ,RIO DE JANEIRO                                              ,RIO DE JANEIRO                                              ,2810,"IMPL SIST ABAST AGUA, ESG SANIT, VIARIO, DREN PLUV, COL LIXOILUM PUB, CONT ENC, EDIF ARE LAZER E PAIS FAVELA JOAO LOPES ",0,"IMPL SIST ABAST AGUA, ESG SANIT, VIARIO, DREN PLUV, COL LIXOILUM PUB, CONT ENC, EDIF ARE LAZER E PAIS FAVELA JOAO LOPES ",0,0,0,em situação normal,URBANIZACAO DE ASSENTAMENTOS PRECARIOS    ,202512,93.279999,06/22/09 00:00:00,,,202512,0,93.28,8,      ,EM RESPOSTA AO SIARG 360481:                                            PROCESSO DE LICITACAO.                                                  PREVISAO DE PUBLICACAO DO EDITAL EM MARCO/2026 E ASSINATURA DO CONTRATO EM MAIO/2026.                                                           PRAZO PREV SOLUCAO: 31/05/2026.                                                                                                                                                                                                                                                                                                                                                                                                                                                                                                                                                                                                                                                                                                                                                                                                                                                                                                                                                                                                                                                                                                                                                                                                                                                                                                                                                                                                                                                                                                                                                                                                                                                                                                                                                                                                                                                                                                                                                                                                                                                                                                                                                                                                                                                                                                                                                                                                                                                                                                                                                                                                                                                                                                                                                                                                                                                                                                                                                                                                                                                                                                                                                                                                                                                                                                                                                                                           ,,10.0,4960536.19,2015,,,,,,,,,,,,,,,,26857160,,,,
raw/sharepoint/Canal FGTS/MC20260306.zip,MCidades_AO_1.mdb + AO_2.mdb + AO_3.mdb,0268568,0268568,13,22292173.3,24566768.79,06/30/08 00:00:00,2008,2,26,218,71332,53000,7185,00,B2,S,0235759,32,Rio de Janeiro,226218001,PAC - 1A SEL 2008,,RJ,HAB / PRO-MORADIA                         ,VILA RICA                                                   ,RIO DE JANEIRO                                              ,RIO DE JANEIRO                                              ,2810,"IMPL SIS ABAST AGUA, ESG SAN, VIARIO, DREN PLUV, ILUM PUBLICCONT ENC, AREA LAZER E PAISAG, MOBILI NA FAVELA VL RICA IRAJ",0,"IMPL SIS ABAST AGUA, ESG SAN, VIARIO, DREN PLUV, ILUM PUBLICCONT ENC, AREA LAZER E PAISAG, MOBILI NA FAVELA VL RICA IRAJ",0,0,0,em situação normal,URBANIZACAO DE ASSENTAMENTOS PRECARIOS    ,202512,90.610001,06/22/09 00:00:00,,,202512,0,90.61,8,      ,,,21.0,19857414.490000002,2025,,,,,,,,,,,,,,,,26856813,,,,
raw/sharepoint/Canal FGTS/MC20260306.zip,MCidades_AO_1.mdb + AO_2.mdb + AO_3.mdb,0268576,0268576,10,15083405.36,16530361.56,06/30/08 00:00:00,2008,2,26,218,71332,53000,7185,00,B2,S,0235763,93,Rio de Janeiro,226218001,PAC - 1A SEL 2008,,RJ,HAB / PRO-MORADIA                         ,VILA ESPERANCA                                              ,RIO DE JANEIRO                                              ,RIO DE JANEIRO                                              ,2810,"IMPL SIS ABAS AGUA, ESG SAN, VIARIO, DREN PLUV, COL LIXO, ILPUB, CONT ENC, AREA LAZER E PAISAG, NA FAVELA VL ESPERANCA  ",0,"IMPL SIS ABAS AGUA, ESG SAN, VIARIO, DREN PLUV, COL LIXO, ILPUB, CONT ENC, AREA LAZER E PAISAG, NA FAVELA VL ESPERANCA  ",0,0,0,em situação normal,URBANIZACAO DE ASSENTAMENTOS PRECARIOS    ,202601,73.309998,06/22/09 00:00:00,07/31/26 00:00:00,,202601,0,73.31,8,      ,,,23.0,10939489.88,2026,,,,,,,,,,,,,,,,26857610,,,,
raw/sharepoint/Canal FGTS/MC20260306.zip,MCidades_AO_1.mdb + AO_2.mdb + AO_3.mdb,0268579,0268579,42,5464144.95,7233116.25,06/30/08 00:00:00,2008,2,26,218,71332,53000,7185,00,B2,S,0235766,25,Rio de Janeiro,226218001,PAC - 1A SEL 2008,,RJ,HAB / PRO-MORADIA                         ,FAVELA AREAL                                                ,RIO DE JANEIRO                                              ,RIO DE JANEIRO                                              ,2810,"IMPL SIST ABAST, ESG SAN, VIARIO, DREN PLUV, COL LIXO, ILUMIPUB, CONT ENC E AREA LAZER E PAISAAGISMO NA FAVELA AREAL    ",0,"IMPL SIST ABAST, ESG SAN, VIARIO, DREN PLUV, COL LIXO, ILUMIPUB, CONT ENC E AREA LAZER E PAISAAGISMO NA FAVELA AREAL    ",0,0,0,em situação normal,URBANIZACAO DE ASSENTAMENTOS PRECARIOS    ,202512,97.389999,07/01/09 00:00:00,,,202512,0,97.39,8,      ,EM RESPOSTA AO SIARG 360481:                                            PROCESSO DE LICITACAO.                                                  PREVISAO DE PUBLICACAO DO EDITAL EM JANEIRO/2026 E ASSINATURA           DO CONTRATO EM MARCO/2026.                                              PRAZO PREV SOLUCAO: 31/03/2026.                                                                                                                                                                                                                                                                                                                                                                                                                                                                                                                                                                                                                                                                                                                                                                                                                                                                                                                                                                                                                                                                                                                                                                                                                                                                                                                                                                                                                                                                                                                                                                                                                                                                                                                                                                                                                                                                                                                                                                                                                                                                                                                                                                                                                                                                                                                                                                                                                                                                                                                                                                                                                                                                                                                                                                                                                                                                                                                                                                                                                                                                                                                                                                                                                                                                                                                                                                                           ,,12.0,5311496.9799999995,2017,,,,,,,,,,,,,,,,26857942,,,,
raw/sharepoint/Canal FGTS/MC20260306.zip,MCidades_AO_1.mdb + AO_2.mdb + AO_3.mdb,0268582,0268582,99,7885411.7,8971109.23,06/30/08 00:00:00,2008,2,26,218,71332,53000,7185,00,B2,S,0235869,62,Rio de Janeiro,226218001,PAC - 1A SEL 2008,,RJ,HAB / PRO-MORADIA                         ,FAVELA CATIRI                                               ,RIO DE JANEIRO                                              ,RIO DE JANEIRO                                              ,2810,"IMPL SIST ABAST, ESG SAN, VIARIO, DREN PLUV, COL LIXO, ILUMIPUB, CONT ENC E AREA LAZER E PAISAAGISMO NA FAVELA CATIRI   ",0,"IMPL SIST ABAST, ESG SAN, VIARIO, DREN PLUV, COL LIXO, ILUMIPUB, CONT ENC E AREA LAZER E PAISAAGISMO NA FAVELA CATIRI   ",0,0,0,em situação normal,URBANIZACAO DE ASSENTAMENTOS PRECARIOS    ,202109,100,06/22/09 00:00:00,08/31/21 00:00:00,,202109,0,100,6,      ,,,10.0,7885411.7,2021,,,,,,,,,,,,,,,,26858299,,,,
raw/sharepoint/Canal FGTS/MC20260306.zip,MCidades_AO_1.mdb + AO_2.mdb + AO_3.mdb,0268586,0268586,35,26683475.52,31371659.44,06/30/08 00:00:00,2008,2,26,218,71332,53000,7185,00,B2,S,0235872,17,Rio de Janeiro,226218001,PAC - 1A SEL 2008,,RJ,HAB / PRO-MORADIA                         ,FAVELA GUARABU                                              ,RIO DE JANEIRO                                              ,RIO DE JANEIRO                                              ,2810,"IMPL SIST ABAST, ESG SAN, VIARIO, DREN PLUV, COL LIXO, ILUMIPUB, CONT ENC E AREA LAZER E PAISAAGISMO NA FAVELA GUARABU  ",0,"IMPL SIST ABAST, ESG SAN, VIARIO, DREN PLUV, COL LIXO, ILUMIPUB, CONT ENC E AREA LAZER E PAISAAGISMO NA FAVELA GUARABU  ",0,0,0,em situação normal,URBANIZACAO DE ASSENTAMENTOS PRECARIOS    ,202305,100,07/03/08 00:00:00,05/31/23 00:00:00,,202305,0,100,6,      ,,,14.0,26803707.47,2023,,,,,,,,,,,,,,,,26858635,,,,
raw/sharepoint/Canal FGTS/MC20260306.zip,MCidades_AO_1.mdb + AO_2.mdb + AO_3.mdb,0268629,0268629,49,16678483.92,18261974.8,06/30/08 00:00:00,2008,2,26,218,71332,53000,7185,00,B2,S,0235873,21,Rio de Janeiro,226218001,PAC - 1A SEL 2008,,RJ,HAB / PRO-MORADIA                         ,"FAVELAS N.DIVINEIA, BORDA DO MATO, PQ.JK E PQ.JOAO PAULO II ",RIO DE JANEIRO                                              ,RIO DE JANEIRO                                              ,2810,"IMPL SIST ABAST, ESG SAN, VIARIO, DREN PLUV, COL LIXO, ILUM.PUB, CONT ENC E AREA LAZER E PAISAGISMO DIVERSAS FAVELAS.   ",0,"IMPL SIST ABAST, ESG SAN, VIARIO, DREN PLUV, COL LIXO, ILUM.PUB, CONT ENC E AREA LAZER E PAISAGISMO DIVERSAS FAVELAS.   ",0,0,0,em situação normal,URBANIZACAO DE ASSENTAMENTOS PRECARIOS    ,202511,86.449997,11/03/09 00:00:00,,,202511,0,86.45,8,      ,,,20.0,14924270.74,2025,,,,,,,,,,,,,,,,26862949,,,,
raw/sharepoint/Canal FGTS/MC20260306.zip,MCidades_AO_1.mdb + AO_2.mdb + AO_3.mdb,0268631,0268631,82,21145146.77,23146070.84,06/30/08 00:00:00,2008,2,26,218,71332,53000,7185,00,B2,S,0235876,55,Rio de Janeiro,226218001,PAC - 1A SEL 2008,,RJ,HAB / PRO-MORADIA                         ,FAVELA SAO CARLOS                                           ,RIO DE JANEIRO                                              ,RIO DE JANEIRO                                              ,2810,"IMPL SIST ABAST, ESG SAN, VIARIO, DREN PLUV, COL LIXO, ILUM.PUB, CONT ENC E AREA LAZER E PAISAGISMO FAVELA SAO CARLOS.  ",0,"IMPL SIST ABAST, ESG SAN, VIARIO, DREN PLUV, COL LIXO, ILUM.PUB, CONT ENC E AREA LAZER E PAISAGISMO FAVELA SAO CARLOS.  ",0,0,0,em situação normal,URBANIZACAO DE ASSENTAMENTOS PRECARIOS    ,202512,94.379997,05/10/10 00:00:00,,,202512,0,94.38,8,      ,EM RESPOSTA AO SIARG 360481:                                            PREFEITURA INFORMOU QUE O AUTO DE DEMARCACAO JA ESTA TRAMITANDO         EM CARTORIO COM PREVISAO DE FINALIZACAO EM MARCO/2026.                  PRAZO PREV SOLUCAO: 31/03/2026.                                                                                                                                                                                                                                                                                                                                                                                                                                                                                                                                                                                                                                                                                                                                                                                                                                                                                                                                                                                                                                                                                                                                                                                                                                                                                                                                                                                                                                                                                                                                                                                                                                                                                                                                                                                                                                                                                                                                                                                                                                                                                                                                                                                                                                                                                                                                                                                                                                                                                                                                                                                                                                                                                                                                                                                                                                                                                                                                                                                                                                                                                                                                                                                                                                                                                                                                                                                                                                                                   ,,18.0,19897958.830000002,2024,,,,,,,,,,,,,,,,26863182,,,,
raw/sharepoint/Canal FGTS/MC20260306.zip,MCidades_AO_1.mdb + AO_2.mdb + AO_3.mdb,0268627,0268627,21,21634935.89,24326172.1,06/30/08 00:00:00,2008,2,26,218,71332,53000,7185,00,B2,S,0235878,73,Rio de Janeiro,226218001,PAC - 1A SEL 2008,,RJ,HAB / PRO-MORADIA                         ,FAVELAS AZEVEDO LIMA E SANTOS RODRIGUES                     ,RIO DE JANEIRO                                              ,RIO DE JANEIRO                                              ,2810,"IMPL SIST ABAST, ESG SAN, VIARIO, DREN PLUV, COL LIXO, ILUM.PUB, CONT ENC E AREA LAZER E PAISAGISMO FAVELAS AZEVEDO LIMA",0,"IMPL SIST ABAST, ESG SAN, VIARIO, DREN PLUV, COL LIXO, ILUM.PUB, CONT ENC E AREA LAZER E PAISAGISMO FAVELAS AZEVEDO LIMA",0,0,0,em situação normal,URBANIZACAO DE ASSENTAMENTOS PRECARIOS    ,202507,97.120003,08/10/09 00:00:00,,,202507,0,97.12,8,      ,,,20.0,20994375.28,2025,,,,,,,,,,,,,,,,26862721,,,,
raw/sharepoint/Canal FGTS/MC20260306.zip,MCidades_AO_1.mdb + AO_2.mdb + AO_3.mdb,0268633,0268633,09,444898.57,469821.48,06/30/08 00:00:00,2008,2,26,218,71332,53000,7185,00,B2,S,0235882,32,Rio de Janeiro,226218001,PAC - 1A SEL 2008,,RJ,HAB / PRO-MORADIA                         ,FAVELA FERNAO CARDIN                                        ,RIO DE JANEIRO                                              ,RIO DE JANEIRO                                              ,2810,"IMPL SIST ABAST, ESG SAN, VIARIO, DREN PLUV, COL LIXO, ILUM.PUB, CONT ENC E AREA LAZER E PAISAGISMO FAV. FERNAO CARDIN  ",0,"IMPL SIST ABAST, ESG SAN, VIARIO, DREN PLUV, COL LIXO, ILUM.PUB, CONT ENC E AREA LAZER E PAISAGISMO FAV. FERNAO CARDIN  ",0,0,0,em situação normal,URBANIZACAO DE ASSENTAMENTOS PRECARIOS    ,201306,100,11/16/10 00:00:00,06/30/13 00:00:00,,201306,0,100,6,      ,,,10.0,444898.56999999995,2013,,,,,,,,,,,,,,,,26863309,,,,
raw/sharepoint/Canal FGTS/MC20260306.zip,MCidades_AO_1.mdb + AO_2.mdb + AO_3.mdb,0268635,0268635,28,310718.37,327072.37,06/30/08 00:00:00,2008,2,26,218,71332,53000,7185,02,D1,S,0235883,46,Rio de Janeiro,226218001,PAC - 1A SEL 2008,,RJ,HAB / PRO-MORADIA                         ,FAVELA JEQUIA                                               ,RIO DE JANEIRO                                              ,RIO DE JANEIRO                                              ,2810,"IMPL SIST ABAST, ESG SAN, VIARIO, DREN PLUV, COL LIXO, ILUM.PUB, CONT ENC E AREA LAZER E PAISAGISMO FAVELA JEQUIA       ",0,"IMPL SIST ABAST, ESG SAN, VIARIO, DREN PLUV, COL LIXO, ILUM.PUB, CONT ENC E AREA LAZER E PAISAGISMO FAVELA JEQUIA       ",0,0,0,cancelado,URBANIZACAO DE ASSENTAMENTOS PRECARIOS    ,200806,0,,,,200806,0,0,5,      ,,,,,,,,,,,,,,,,,,,,,26863528,,,,
raw/sharepoint/Canal FGTS/MC20260306.zip,MCidades_AO_1.mdb + AO_2.mdb + AO_3.mdb,0269516,0269516,03,24892408.36,26202535.12,08/07/08 00:00:00,2008,2,26,218,71122,53000,7182,00,B2,S,0238669,08,Porto Velho,226218001,PAC - 1A SEL 2008,,RO,HAB / PRO-MORADIA                         ,URBANIZACAO DE ASSENTAMENTOS PRECARIOS/PORTO VELHO/2007     ,VARIOS BAIRROS DA ZONA SUL DO MUNICIPIO DE PORTO VELHO/RO   ,PORTO VELHO/RO                                              ,0300,IMPLANTACAO DE INFRA ESTRUTURA NAS REGIOES MAIS ATINGIDAS   POR ENCHENTES E EPIDEMIAS.                                  ,0,IMPLANTACAO DE INFRA ESTRUTURA NAS REGIOES MAIS ATINGIDAS   POR ENCHENTES E EPIDEMIAS.                                  ,0,0,0,em situação normal,URBANIZACAO DE ASSENTAMENTOS PRECARIOS    ,202412,100,08/18/08 00:00:00,,,202412,0,100,6,FD    ,,,28.0,25257984.11,2016,,,,,,,,,,,,,,,,26951603,,,,
raw/sharepoint/Canal FGTS/MC20260306.zip,MCidades_AO_1.mdb + AO_2.mdb + AO_3.mdb,0269541,0269541,17,4275000,4740877.88,08/07/08 00:00:00,2008,2,26,218,71122,53000,7182,00,B2,S,0238670,36,Porto Velho,226218001,PAC - 1A SEL 2008,,RO,HAB / PRO-MORADIA                         ,URBANIZACAO DE ASSENTAMENTOS PRECARIOS                      ,VARIOS BAIRROS DA ZONA NORTE DE PORTO VELHO                 ,PORTO VELHO/RO                                              ,0300,IMPLANTACAO DE INFRA ESTRUTURA NAS REGIOES MAIS ATINGIDAS   POR ENCHENTES  E EPIDEMIAS.                                 ,0,IMPLANTACAO DE INFRA ESTRUTURA NAS REGIOES MAIS ATINGIDAS   POR ENCHENTES  E EPIDEMIAS.                                 ,0,0,0,em situação normal,URBANIZACAO DE ASSENTAMENTOS PRECARIOS    ,202001,54.84,08/18/08 00:00:00,,,202001,100,54.84,8,FIC   ,,,4.0,2322108.46,2012,,,,,,,,,,,,,,,,26954117,,,,
raw/sharepoint/Canal FGTS/MC20260306.zip,MCidades_AO_1.mdb + AO_2.mdb + AO_3.mdb,0269544,0269544,49,40375000,42500000,08/07/08 00:00:00,2008,2,26,218,71122,53000,7182,00,B4,S,0238671,40,Porto Velho,226218100,PAC - 1A SEL 2008,,RO,HAB / PRO-MORADIA                         ,URBANIZACAO DE ASSENTAMENTOS PRECARIOS                      ,VARIOS BAIRROS DA ZONA LESTE DE PORTO VELHO/RO              ,PORTO VELHO/RO                                              ,0300,IMPLANTACAO DE INFRA ESTRUTURA NAS REGIOES MAIS ATINGIDAS   POR ENCHENTES E EPIDEMIAS.                                  ,0,IMPLANTACAO DE INFRA ESTRUTURA NAS REGIOES MAIS ATINGIDAS   POR ENCHENTES E EPIDEMIAS.                                  ,0,0,0,em situação normal,URBANIZACAO DE ASSENTAMENTOS PRECARIOS    ,202603,76.559998,08/18/08 00:00:00,,,202603,0,76.56,8,F     ,,,51.0,30900328.39,2024,,,,,,,,,,,,,,,,26954449,,,,
raw/sharepoint/Canal FGTS/MC20260306.zip,MCidades_AO_1.mdb + AO_2.mdb + AO_3.mdb,0265862,0265862,25,13971452.86,16442200.7,07/01/08 00:00:00,2008,2,26,194,71050,53000,7182,00,B2,S,0241362,64,Rio Branco,226194001,PAC - 1A SEL 2008,,AC,HAB / PRO-MORADIA                         ,PRO MORADIA FLORESTA                                        ,BAIRRO  FLORESTA                                            ,RIO BRANCO ACRE                                             ,0330,CONSTRUCAO DE 500 UNIDADES HABITACIONAIS NO MUNICIPIO       DE RIO BRANCO                                               ,500,CONSTRUCAO DE 500 UNIDADES HABITACIONAIS NO MUNICIPIO       DE RIO BRANCO                                               ,0,0,0,em situação normal,HAB - PRODUCAO DE CONJUNSTOS HABITACIONAIS,201402,100,06/29/09 00:00:00,02/28/14 00:00:00,02/28/14 00:00:00,201402,100,100,6,      ,,,23.0,13971452.86,2014,,,,,,,,,,,,,,,,26586225,,,,
raw/sharepoint/Canal FGTS/MC20260306.zip,MCidades_AO_1.mdb + AO_2.mdb + AO_3.mdb,0254632,0254632,90,25185258.82,29105811.65,05/12/08 00:00:00,2008,2,26,194,71036,53000,7182,00,B2,S,0241681,22,Manaus,226194001,PAC - 3A SELECAO,,AM,HAB / PRO-MORADIA                         ,CONJUNTO HABITACIONAL OZIAS MONTEIRO I E II                 ,ZONAS NORTE E LESTE DE MANAUS                               ,MUNICIPIO DE MANAUS                                         ,0350,PRODUCAO HABIT PARA REMOCAO DE MORADIAS EM AREAS DE RISCO NO MUNICIPIO DE MANAUS                                        ,992,PRODUCAO HABIT PARA REMOCAO DE MORADIAS EM AREAS DE RISCO NO MUNICIPIO DE MANAUS                                        ,0,0,0,em situação normal,HAB - PRODUCAO DE CONJUNSTOS HABITACIONAIS,201912,100,09/10/09 00:00:00,09/30/19 00:00:00,,201912,0,100,6,F     ,,,11.0,25185258.82,2017,,,,,,,,,,,,,,,,25463290,,,,
raw/sharepoint/Canal FGTS/MC20260306.zip,MCidades_AO_1.mdb + AO_2.mdb + AO_3.mdb,0290736,0290736,06,83015172.55,160935392.92,04/30/09 00:00:00,2008,2,26,218,00041,53000,7187,00,B2,S,0245991,62,São Paulo,226218001,PAC - 5A SELECAO/2008,,SP,HAB / PRO-MORADIA                         ,SUPORTE AS OBRAS DE URBANIZACAO IMPL EMPR CUBATAO           ,CUBATAO BAIRROS COTA-CASQUEIRO                              ,RUA JOAO MARTINS SOBRINHO COM RUA JOAQUIM JORGE PERALTA     ,2975,SUPORTE AS OBRAS DE URBANIZACAO COM IMPLANTACAO DO EMPR.CUBATAO A E IMPL.DE ACESSO ESTRUTURADOR AO BAIRRO COTA 95/100.  ,0,SUPORTE AS OBRAS DE URBANIZACAO COM IMPLANTACAO DO EMPR.CUBATAO A E IMPL.DE ACESSO ESTRUTURADOR AO BAIRRO COTA 95/100.  ,0,0,0,em situação normal,URBANIZACAO DE ASSENTAMENTOS PRECARIOS    ,201511,100,04/28/08 00:00:00,01/30/13 00:00:00,02/28/13 00:00:00,201511,100,100,6,F     ,,,19.0,83015172.55,2015,,,,,,,,,,,,,,,,29073606,,,,
raw/sharepoint/Canal FGTS/MC20260306.zip,MCidades_AO_1.mdb + AO_2.mdb + AO_3.mdb,0290709,0290709,74,18356778.55,24453956.29,04/30/09 00:00:00,2008,2,26,218,00041,53000,7187,00,B2,S,0245993,80,São Paulo,226218001,PAC - 5A SELECAO/2008,,SP,HAB / PRO-MORADIA                         ,URBANIZACAO INTEGRADA DE ASSENTAMENTO IRREGULAR             ,"GURULHOS C, W E Z - PIMENTAS                                ",RUA JARDIM DO REPOUSO/AVENIDA NORTE-SUL-BAIRRO PIMENTAS     ,3028,URBANIZACAO INTEGRADA DE ASSENTAMENTO IRREGULAR COM ATENDIM ENTO EM NOVAS UNIDADES HABIT E OBRAS E SERV DE URBANIZACAO  ,2652,URBANIZACAO INTEGRADA DE ASSENTAMENTO IRREGULAR COM ATENDIM ENTO EM NOVAS UNIDADES HABIT E OBRAS E SERV DE URBANIZACAO  ,0,0,0,em situação normal,URBANIZACAO DE ASSENTAMENTOS PRECARIOS    ,201809,100,10/28/08 00:00:00,09/01/18 00:00:00,,201809,100,100,6,      ,,,12.0,18356778.549999997,2018,,,,,,,,,,,,,,,,29070974,,,,
raw/sharepoint/Canal FGTS/MC20260306.zip,MCidades_AO_1.mdb + AO_2.mdb + AO_3.mdb,0290739,0290739,38,12772728.44,31148085.65,04/30/09 00:00:00,2008,2,26,194,00041,53000,7187,00,B2,S,0245995,08,São Paulo,226194001,PAC - 4A SELECAO/2008,,SP,HAB / PRO-MORADIA                         ,PRODUCAO DE UNIDADES HABITACIONAIS PARA REASSENTAMENTO      ,ZONA SUL DO MUNICIPIO DE SAO PAULO                          ,ZONA SUL DO MUNICIPIO DE SAO PAULO                          ,2840,PRODUCAO DE UNIDADES HABITACIONAIS PARA REASSENTAMENTO DAS FAMILIAS A SEREM REMOVIDAS COM OBRAS DE URBANIZACAO PELA PMSP,2548,PRODUCAO DE UNIDADES HABITACIONAIS PARA REASSENTAMENTO DAS FAMILIAS A SEREM REMOVIDAS COM OBRAS DE URBANIZACAO PELA PMSP,0,0,0,em situação normal,HAB - PRODUCAO DE CONJUNSTOS HABITACIONAIS,202203,100,02/10/11 00:00:00,03/01/22 00:00:00,,202203,0,100,6,      ,,,25.0,12772728.44,2022,,,,,,,,,,,,,,,,29073938,,,,
raw/sharepoint/Canal FGTS/MC20260306.zip,MCidades_AO_1.mdb + AO_2.mdb + AO_3.mdb,0290741,0290741,71,21415.65,22542.79,04/30/09 00:00:00,2008,2,26,218,00041,53000,7187,00,B2,S,0246015,65,São Paulo,226218001,PAC - 5A SELECAO/2008,,SP,HAB / PRO-MORADIA                         ,URBANIZACAO COM INFRA-ESTRUTURA E UNID HABITACIONAIS        ,VILA ALEMOA                                                 ,EXTENSAO DA AV MARGINAL DIREITA ROD PE ANCHIETA E OUTRAS    ,3325,URBANIZACAO DA AREA COM INFRA-ESTRUTURA COMPLETA E IMPLANTACAO DE UNID.HABITACIONAIS PARA ASSENTAR FAMILIAS REMOVIDAS.  ,1113,URBANIZACAO DA AREA COM INFRA-ESTRUTURA COMPLETA E IMPLANTACAO DE UNID.HABITACIONAIS PARA ASSENTAR FAMILIAS REMOVIDAS.  ,0,0,0,em situação normal,URBANIZACAO DE ASSENTAMENTOS PRECARIOS    ,201107,0.19,06/20/11 00:00:00,03/31/13 00:00:00,04/30/13 00:00:00,201107,58.33,0.19,0,      ,,,1.0,21415.65,2011,,,,,,,,,,,,,,,,29074171,,,,
raw/sharepoint/Canal FGTS/MC20260306.zip,MCidades_AO_1.mdb + AO_2.mdb + AO_3.mdb,0290715,0290715,53,39140000,97709953.55,04/30/09 00:00:00,2008,2,26,218,00041,53000,7187,00,B2,S,0246016,79,São Paulo,226218001,PAC - 5A SELECAO/2008,,SP,HAB / PRO-MORADIA                         ,PRODUCAO DE UNID HAB PARA REASSENTAMENTO DE FAMILIAS        ,ESTRADA ELIAS_ZARZUR                                        ,ESTRADA ELIAS ZARZUR                                        ,2975,PRODUCAO DE 1220 UNID HABIT PARA REASSENTAMENTODAS FAMILIAS DO PQ ESTADUAL DA SERRA DO MAR (PESM)-NUCLEO AGUA FRIA      ,1220,PRODUCAO DE 1220 UNID HABIT PARA REASSENTAMENTODAS FAMILIAS DO PQ ESTADUAL DA SERRA DO MAR (PESM)-NUCLEO AGUA FRIA      ,0,0,0,em situação normal,URBANIZACAO DE ASSENTAMENTOS PRECARIOS    ,201312,100,01/07/08 00:00:00,12/30/13 00:00:00,,201312,100,100,6,      ,,,14.0,39140000.0,2020,,,,,,,,,,,,,,,,29071553,,,,
raw/sharepoint/Canal FGTS/MC20260306.zip,MCidades_AO_1.mdb + AO_2.mdb + AO_3.mdb,0290707,0290707,56,7479743.51,8663198.99,04/30/09 00:00:00,2008,2,26,218,00041,53000,7187,00,B2,S,0246023,61,São Paulo,226218001,PAC - 5A SELECAO/2008,,SP,HAB / PRO-MORADIA                         ,INFRA-ESTRUTURA URBANA COM CONTROLE DE FLUXO DE MARE        ,RUA ALCIDEES ALVES DE CARVALHO/RUA JOSE VICENTE DE BARROS   ,R ALCIDES ALVES DE CARVALHO/R JOSE VIDENTE DE BARROS E OUTRO,3349,INFRA-ESTRUTURA COMPLETA COM CONTROLE DE FLUXOS DE MARE E CONSTRUCAO DE NOVAS UNID HABIT PARA SUPORTE A AREA URBANIZADA ,654,INFRA-ESTRUTURA COMPLETA COM CONTROLE DE FLUXOS DE MARE E CONSTRUCAO DE NOVAS UNID HABIT PARA SUPORTE A AREA URBANIZADA ,0,0,0,em situação normal,URBANIZACAO DE ASSENTAMENTOS PRECARIOS    ,201903,100,10/21/08 00:00:00,08/30/13 00:00:00,,201903,100,100,6,      ,,,8.0,5622774.05,2011,,,,,,,,,,,,,,,,29070756,,,,
raw/sharepoint/Canal FGTS/MC20260306.zip,MCidades_AO_1.mdb + AO_2.mdb + AO_3.mdb,0292973,0292973,23,2559585.49,3348126.4,06/30/09 00:00:00,2008,2,26,218,69982,53000,7187,02,D1,S,0248186,70,São Paulo,226218001,PAC - 3A SEL 2008,,SP,HAB / PRO-MORADIA                         ,RECUPERACAO URBANA E AMBIENTAL DO COMPLEXO POMBAS/BOTUCATU  ,COMPLEXO POMBAS/BOTUCATU                                    ,"RUAS BOTUCATU, PAQUETA, TAPAJOS E NONOAI                    ",2990,RECUPERACAO URBANA E AMBIENTAL DO COMPLEXO POMBAS/BOTUCATU                                                              ,0,RECUPERACAO URBANA E AMBIENTAL DO COMPLEXO POMBAS/BOTUCATU                                                              ,0,0,0,cancelado,URBANIZACAO DE ASSENTAMENTOS PRECARIOS    ,200906,0,,,,200906,0,0,5,      ,,,,,,,,,,,,,,,,,,,,,29297323,,,,
raw/sharepoint/Canal FGTS/MC20260306.zip,MCidades_AO_1.mdb + AO_2.mdb + AO_3.mdb,0292977,0292977,61,4039300.52,5389326.72,06/30/09 00:00:00,2008,2,26,218,69982,53000,7187,02,D1,S,0248190,39,São Paulo,226218001,PAC - 3A SEL 2008,,SP,HAB / PRO-MORADIA                         ,"IMPLANTACAO DE INFRA-ESTR, ESTACAO TRAT ESGOTO E UNID HABIT.",ESTRADA DA BAVIERA S/N                                      ,ESTRADA DA BAVIERA S/N                                      ,2990,"IMPLANTACAO DE INFRA-ESTRUTURA URBANA, ESTACAO DE TRATAMENTODE ESGOTO, RECUPERACAO AMBIENTAL E PRODUCAO DE UNID.HABIT.  ",140,"IMPLANTACAO DE INFRA-ESTRUTURA URBANA, ESTACAO DE TRATAMENTODE ESGOTO, RECUPERACAO AMBIENTAL E PRODUCAO DE UNID.HABIT.  ",0,0,0,cancelado,URBANIZACAO DE ASSENTAMENTOS PRECARIOS    ,200906,0,,03/30/12 00:00:00,,200906,0,0,5,      ,,,,,,,,,,,,,,,,,,,,,29297761,,,,
raw/sharepoint/Canal FGTS/MC20260306.zip,MCidades_AO_1.mdb + AO_2.mdb + AO_3.mdb,0276775,0276775,99,62294400,181094625.95,12/04/08 00:00:00,2008,2,26,194,71037,53000,7173,00,B2,S,0248657,70,Belém,226194001,PAC - 2A SEL 2008,,PA,HAB / PRO-MORADIA                         ,LOTEAMENTO RESIDENCIAL LIBERDADE II                         ,AVENIDA TUCUNDUBA E PERIMETRAL                              ,TERRA FIRME                                                 ,0400,CONSTRUCAO DE UNIDADES HABITACIONAIS EM BLOCOS DE APARTAMEN-TOS E SERVICOS DE INFRA-ESTRUTURA NO CONJUNTO LIBERDADE II  ,0,CONSTRUCAO DE UNIDADES HABITACIONAIS EM BLOCOS DE APARTAMEN-TOS E SERVICOS DE INFRA-ESTRUTURA NO CONJUNTO LIBERDADE II  ,0,0,0,em situação normal,HAB - PRODUCAO DE CONJUNSTOS HABITACIONAIS,202504,47.669998,12/30/08 00:00:00,,,202504,0,47.67,4,D     ,,,22.0,39321154.5,2022,99,434,Entre 1 e 2 anos,Não liberação de frentes de obra,As obras do habitacional que estavam parcialmente construídas foram invadidas desde Dezembro de 2018.,Encontra-se em análise pedido encaminhado pela COHAB através do Ofício 634/2025 - DITEC/PRESI/COHAB com solicitação de previsão financeira relativa a devolução de recurso objetivando estudo com possibilidade de encerramento do contrato.CAIXA solicitou a apresentação de um novo Boletim de Medição para a COHAB em função do tempo transcorrido de paralisação.,Não,NÃO,,03/26,31/12/2026,0248657,70,2024-12-26,Reintegração de posse,27677599,,,,
raw/sharepoint/Canal FGTS/MC20260306.zip,MCidades_AO_1.mdb + AO_2.mdb + AO_3.mdb,0265860,0265860,07,8377526.95,10103427.23,07/01/08 00:00:00,2008,2,26,194,71050,53000,7182,00,B2,S,0248994,59,Rio Branco,226194001,PAC - 1A SEL 2008,,AC,HAB / PRO-MORADIA                         ,PRO-MORADIA PORTAL DA AMAZONIA                              ,PORTAL DA  AMAZONIA                                         ,RIO BRANCO                                                  ,0330,CONSTRUCAO DE 300 UNIDADES HABITACIONAIS NO MUNICIPIO DE RIO BRANCO BAIRRO PORTAL DA AMAZONIA                           ,300,CONSTRUCAO DE 300 UNIDADES HABITACIONAIS NO MUNICIPIO DE RIO BRANCO BAIRRO PORTAL DA AMAZONIA                           ,0,0,0,em situação normal,HAB - PRODUCAO DE CONJUNSTOS HABITACIONAIS,201303,100,07/13/09 00:00:00,03/31/13 00:00:00,03/31/13 00:00:00,201303,100,100,6,      ,,,25.0,8377526.95,2013,,,,,,,,,,,,,,,,26586007,,,,
raw/sharepoint/Canal FGTS/MC20260306.zip,MCidades_AO_1.mdb + AO_2.mdb + AO_3.mdb,0265855,0265855,33,8810926.84,10192693.23,07/01/08 00:00:00,2008,2,26,194,71050,53000,7182,00,B2,S,0248995,64,Rio Branco,226194001,PAC - 1A SEL 2008,,AC,HAB / PRO-MORADIA                         ,PROMORADIA TANCREDO NEVES                                   ,BAIRRO TANCREDO NEVES                                       ,RIO BRANCO                                                  ,0330,CONSTRUCAO DE 315 UNIDADES HABITACIONAIS NO MUNICIPIO DE RIO BRANCO TANCRE NEVES                                        ,315,CONSTRUCAO DE 315 UNIDADES HABITACIONAIS NO MUNICIPIO DE RIO BRANCO TANCRE NEVES                                        ,0,0,0,em situação normal,HAB - PRODUCAO DE CONJUNSTOS HABITACIONAIS,201302,100,03/05/09 00:00:00,03/31/13 00:00:00,03/31/13 00:00:00,201302,100,100,6,      ,,,20.0,8810926.84,2013,,,,,,,,,,,,,,,,26585533,,,,
raw/sharepoint/Canal FGTS/MC20260306.zip,MCidades_AO_1.mdb + AO_2.mdb + AO_3.mdb,0286343,0286343,70,18123212.83,22399886.36,01/30/09 00:00:00,2008,2,26,218,71324,53000,7183,02,D1,S,0251403,65,Porto Alegre,226218001,PAC - 1A SEL 2008,,RS,HAB / PRO-MORADIA                         ,LOTEAMENTO PROTASIO ALVES                                   ,PORTO ALEGRE                                                ,PORTO ALEGRE                                                ,3920,"AQUISICAO, REURBANIZACAO DE AREA E CONSTRUCAO DE UH PARA 800FAMILIAS NO LOTEAMENTO PROTASIO ALVES.                      ",800,"AQUISICAO, REURBANIZACAO DE AREA E CONSTRUCAO DE UH PARA 800FAMILIAS NO LOTEAMENTO PROTASIO ALVES.                      ",0,0,0,cancelado,URBANIZACAO DE ASSENTAMENTOS PRECARIOS    ,201004,0,,,,201004,0,0,5,      ,"CE GIFUG/PO SOLICITANDO A GIDUR ATUALIZACAO DAS INFORMACOES SOBRE A     INTENCAO DE DISTRATO DO CONTRATO, UMA VEZ QUE A SITUACAO PERMANECE      INALTERADA ATE A PRESENTE DATA.                                                                                                                                                                                                                                                                                                                                                                                                                                                                                                                                                                                                                                                                                                                                                                                                                                                                                                                                                                                                                                                                                                                                                                                                                                                                                                                                                                                                                                                                                                                                                                                                                                                                                                                                                                                                                                                                                                                                                                                                                                                                                                                                                                                                                                                                                                                                                                                                                                                                                                                                                                                                                                                                                                                                                                                                                                                                                                                                                                                                                                                                                                                                                                                                                                                                                                                                                                                                                                                                                                                                           ",,,,,,,,,,,,,,,,,,,,28634370,,,,
raw/sharepoint/Canal FGTS/MC20260306.zip,MCidades_AO_1.mdb + AO_2.mdb + AO_3.mdb,0271186,0271186,56,106400000,112000000,10/03/08 00:00:00,2008,2,26,194,71067,53000,7180,00,B2,S,0251560,70,Teresina,226194001,PAC - 1A SEL 2008,,PI,HAB / PRO-MORADIA                         ,PROD DE CONJUNTO HABITACIONAL JACINTA ANDRADE               ,TERESINA - PI                                               ,TERESINA - PI                                               ,0640,PROD DE CONJUNTO HABITACIONAL JACINTA ANDRADE                                                                           ,4300,PROD DE CONJUNTO HABITACIONAL JACINTA ANDRADE                                                                           ,20000,0,0,em situação normal,HAB - PRODUCAO DE CONJUNSTOS HABITACIONAIS,202510,97.040001,01/30/09 00:00:00,,,202510,0,97.04000000000001,8,      ,"CONFORME AF, EM SUA ULTIMA ACAO REGISTRADA, SOMENTE RESTARIA PENDENTE A DOCUMENTACAO QUE COMPROVE A INCLUSAO DOS BENEFICIARIOS ESTAO INSERIDOS  NO CADASTROUNICO. PTS.                                                  A SITUACAO DA OBRA JA CONSTA COMO ""OBRA FISICA CONCLUIDA"", INCLUSIVE NO REUNI.                                                                                                                                                                                                                                                                                                                                                                                                                                                                                                                                                                                                                                                                                                                                                                                                                                                                                                                                                                                                                                                                                                                                                                                                                                                                                                                                                                                                                                                                                                                                                                                                                                                                                                                                                                                                                                                                                                                                                                                                                                                                                                                                                                                                                                                                                                                                                                                                                                                                                                                                                                                                                                                                                                                                                                                                                                                                                                                                                                                                                                                                                                                                                                                                                                                                                                                                                                                                                    ",,31.0,103090210.4,2016,,,,,,,,,,,,,,,,27118656,,,,
raw/sharepoint/Canal FGTS/MC20260306.zip,MCidades_AO_1.mdb + AO_2.mdb + AO_3.mdb,0294278,0294278,45,5000000,8629904.27,07/31/09 00:00:00,2008,2,26,194,71050,53000,7182,00,B2,S,0258448,42,Rio Branco,226194001,PAC - 1A SEL 2009,,AC,HAB / PRO-MORADIA                         ,PROMORADIA EM CRUZEIRO DO SUL REGIAO OESTE                  ,REGIAO OESTE DE CRUZEIRO DO SUL                             ,CRUZEIRO DO SUL                                             ,0332,CONSTRUCAO DE 250 UNIDADES HABITACIONAIS LOCALIZADAS NO MUNICIPIO DE CRUZEIRO DO SUL REGIAO OESTE                       ,250,CONSTRUCAO DE 250 UNIDADES HABITACIONAIS LOCALIZADAS NO MUNICIPIO DE CRUZEIRO DO SUL REGIAO OESTE                       ,0,0,0,em situação normal,HAB - PRODUCAO DE CONJUNSTOS HABITACIONAIS,201305,100,04/30/10 00:00:00,08/30/13 00:00:00,,201305,100,100,6,      ,,,7.0,5000000.0,2013,,,,,,,,,,,,,,,,29427845,,,,
raw/sharepoint/Canal FGTS/MC20260306.zip,MCidades_AO_1.mdb + AO_2.mdb + AO_3.mdb,0294280,0294280,88,5528794.22,7710460.3,07/31/09 00:00:00,2008,2,26,194,71050,53000,7182,00,B2,S,0258449,57,Rio Branco,226194001,PAC - 1A SEL 2009,,AC,HAB / PRO-MORADIA                         ,PROMORADIA EM RIO BRANCO REGIAO OESTE                       ,REGIAO OESTE DO MUNICIPIO DE RIO BRANCO                     ,RIO BRANCO REGIAO OESTE                                     ,0330,CONSTRUCAO DE 200 UNIDADES HABITACIONAIS NO MUNICIPIO DE RIO BRANCO REGIAO OESTE                                        ,200,CONSTRUCAO DE 200 UNIDADES HABITACIONAIS NO MUNICIPIO DE RIO BRANCO REGIAO OESTE                                        ,0,0,0,em situação normal,HAB - PRODUCAO DE CONJUNSTOS HABITACIONAIS,201812,100,06/16/10 00:00:00,12/13/18 00:00:00,,201812,100,100,6,EF    ,,,22.0,5528794.22,2019,,,,,,,,,,,,,,,,29428088,,,,
raw/sharepoint/Canal FGTS/MC20260306.zip,MCidades_AO_1.mdb + AO_2.mdb + AO_3.mdb,0294282,0294282,05,6580000,11398902.23,07/31/09 00:00:00,2008,2,26,194,71050,53000,7182,00,B2,S,0258451,00,Rio Branco,226194001,PAC - 1A SEL 2009,,AC,HAB / PRO-MORADIA                         ,PROMORADIA EM RIO BRANCO REGIAO NORTE                       ,REGIAO NORTE DE RIO BRANCO                                  ,RIO BRANCO                                                  ,0330,CONSTRUCAO DE 235 UNIDADES HABITACIONAIS NO MUNICIPIO DE RIO BRANCO REGIAO NORTE                                        ,235,CONSTRUCAO DE 235 UNIDADES HABITACIONAIS NO MUNICIPIO DE RIO BRANCO REGIAO NORTE                                        ,0,0,0,em situação normal,HAB - PRODUCAO DE CONJUNSTOS HABITACIONAIS,202411,100,06/28/10 00:00:00,12/31/24 00:00:00,,202411,0,100,6,      ,,,29.0,6649380.33,2024,,,,,,,,,,,,,,,,29428205,,,,
raw/sharepoint/Canal FGTS/MC20260306.zip,MCidades_AO_1.mdb + AO_2.mdb + AO_3.mdb,0291676,0291676,09,208960870.1,363699515.48,05/29/09 00:00:00,2008,2,26,218,71057,53000,7175,00,B2,S,0262225,34,Brasília,226218100,PAC - 1A SEL 2009,,DF,HAB / PRO-MORADIA                         ,PRO-MORADIA - URB-REG.ASSENT.PRECARIOS EM CEILANDIA         ,CEILANDIA - BRASILIA - DF                                   ,CEILANDIA - BRASILIA - DF                                   ,4495,URB-REG.ASSENT.PRECARIOS EM SOL NASCENTE CEILANDIA - DF                                                                 ,0,URB-REG.ASSENT.PRECARIOS EM SOL NASCENTE CEILANDIA - DF                                                                 ,0,0,0,em situação normal,URBANIZACAO DE ASSENTAMENTOS PRECARIOS    ,202512,84.400002,04/21/11 00:00:00,,,202512,0,84.40000000000001,3,      ,,,81.0,183831505.85,2025,09,108,091 - 180 dias,,,"O contrato tem como objetivo a urbanização de áreas precárias, visando à melhoria da qualidade de vida da população beneficiada, por meio da execução de obras de infraestrutura, construção de unidades habitacionais, ações de trabalho técnico social e regularização fundiária. As intervenções incluem sistemas de abastecimento de água, esgotamento sanitário, construção de novas habitações e titulação dos imóveis.Situação Atual:- Urbanização: Em andamento, com medição recebida para desembolso.Trechos 1 e 3: Obras parcialmente executadas. Serviços remanescentes em andamento, com desembolso anterior já efetivado. Aguardando nova solicitação de recursos.Trecho 2: Obras concluídas.- Trabalho Técnico Social: Serviços concluídos.- Regularização Fundiária: Aguardando a entrega do Plano de Ação para viabilizar a execução da meta prevista.- Unidades Habitacionais(420UH): Obras do contrato de execução - CTEF vigente, concluídas e entregues, dez/2025, sendo 140UH correspondente a 1 bloco. Após evento de inauguração com a entrega do primeiro bloco, as entregas ocorreram por bloco finalizado. Resta a vistoria final do CTEF",,NÃO,,03/26,30/11/2027,0262225,34,2025-11-17,,29167609,,,,
raw/sharepoint/Canal FGTS/MC20260306.zip,MCidades_AO_1.mdb + AO_2.mdb + AO_3.mdb,0291673,0291673,77,40308604.75,42430110.27,05/29/09 00:00:00,2008,2,26,218,71057,53000,7175,00,B2,S,0262232,26,Brasília,226218001,PAC - 1A SEL 2009,,DF,HAB / PRO-MORADIA                         ,PRO-MORADIA - URB-REG.ASSENT.PRECARIOSMESTRE D'ARMAS        ,SETOR HABITACONAL MESTRE D'ARMAS BRASILIA - DF              ,SETOR HABITACONAL MESTRE D'ARMAS BRASILIA - DF              ,4495,PRO-MORADIA - URB-REG.ASSENT.PRECARIOS SETOR HABITACIONAL   MESTRE D'ARMAS                                              ,0,PRO-MORADIA - URB-REG.ASSENT.PRECARIOS SETOR HABITACIONAL   MESTRE D'ARMAS                                              ,0,0,0,em situação normal,URBANIZACAO DE ASSENTAMENTOS PRECARIOS    ,202511,59,06/16/08 00:00:00,,,202511,0,59,4,F     ,,,11.0,23323528.49,2025,,,,,,,,,,,,,,,,29167377,,,,
raw/sharepoint/Canal FGTS/MC20260306.zip,MCidades_AO_1.mdb + AO_2.mdb + AO_3.mdb,0291668,0291668,02,46524916.57,48973596.39,05/29/09 00:00:00,2008,2,26,218,71057,53000,7175,00,B2,S,0262250,51,Brasília,226218001,PAC - 1A SEL 2009,,DF,HAB / PRO-MORADIA                         ,PRO-MORADIA - URB-REG.ASSENT.PRECARIOSPLANALTINA -DF        ,ARAPOANGA PLANALTINA - DF                                   ,ARAPOANGA PLANALTINA - DF                                   ,4495,PRO-MORADIA - URB-REG.ASSENT.PRECARIOS ARAPOANGA PLANALTINA DF                                                          ,0,PRO-MORADIA - URB-REG.ASSENT.PRECARIOS ARAPOANGA PLANALTINA DF                                                          ,0,0,0,em situação normal,URBANIZACAO DE ASSENTAMENTOS PRECARIOS    ,202511,53.119999,06/16/08 00:00:00,,,202511,0,53.12,3,D     ,,,8.0,23148407.53,2013,,,,,,,,,,,,,,,,29166802,,,,
raw/sharepoint/Canal FGTS/MC20260306.zip,MCidades_AO_1.mdb + AO_2.mdb + AO_3.mdb,0294435,0294435,49,8405600,8976000,07/31/09 00:00:00,2008,2,26,194,71712,53000,7174,01,D1,S,0268481,70,Belo Horizonte,226194001,PAC - 1A SEL 2009,,MG,HAB / PRO-MORADIA                         ,RESIDENCIAIS SAO CLEMENTE E SAO JUDAS TADEU                 ,BAIRRO JULIANA                                              ,RUA JOAQUIM CLEMENTE                                        ,1950,PRODUCAO DE 176 UNIDADES HABITACIONAIS - RESIDENCIAIS       SAO CLEMENTE E SAO JUDAS TADEU                              ,176,PRODUCAO DE 176 UNIDADES HABITACIONAIS - RESIDENCIAIS       SAO CLEMENTE E SAO JUDAS TADEU                              ,0,0,0,distratado,HAB - PRODUCAO DE CONJUNSTOS HABITACIONAIS,200907,0,,09/30/12 00:00:00,,200907,0,0,5,      ,,,,,,,,,,,,,,,,,,,,,29443549,,,,
raw/sharepoint/Canal FGTS/MC20260306.zip,MCidades_AO_1.mdb + AO_2.mdb + AO_3.mdb,0294437,0294437,68,5403600,5712000,07/31/09 00:00:00,2008,2,26,194,71712,53000,7174,01,D1,S,0268484,01,Belo Horizonte,226194001,PAC - 1A SEL 2009,,MG,HAB / PRO-MORADIA                         ,RESIDENCIAL PAINEIRAS                                       ,BAIRRO JATOBA - BARREIRO                                    ,RUA SERRA DO ROLA MOCA                                      ,1950,PRODUCAO DE 112 UNIDADES HABITACIONAIS - RES. PAINEIRAS                                                                 ,112,PRODUCAO DE 112 UNIDADES HABITACIONAIS - RES. PAINEIRAS                                                                 ,0,0,0,distratado,HAB - PRODUCAO DE CONJUNSTOS HABITACIONAIS,200907,0,,09/30/12 00:00:00,,200907,0,0,5,      ,,,,,,,,,,,,,,,,,,,,,29443768,,,,
raw/sharepoint/Canal FGTS/MC20260306.zip,MCidades_AO_1.mdb + AO_2.mdb + AO_3.mdb,0294439,0294439,86,5403600,5712000,07/31/09 00:00:00,2008,2,26,194,71712,53000,7174,01,D1,S,0268485,16,Belo Horizonte,226194001,PAC - 1A SEL 2009,,MG,HAB / PRO-MORADIA                         ,RESIDENCIAL DOS COQUEIROS                                   ,"BAIRRO TIROL, REGIONAL BARREIRO                             ",AV. EXPEDITO DE FARIA TAVARES                               ,1950,PRODUCAO DE 112 UNIDADES HABITACIONAIS - RES. COQUEIROS                                                                 ,112,PRODUCAO DE 112 UNIDADES HABITACIONAIS - RES. COQUEIROS                                                                 ,0,0,0,distratado,HAB - PRODUCAO DE CONJUNSTOS HABITACIONAIS,200907,0,,09/30/12 00:00:00,,200907,0,0,5,      ,,,,,,,,,,,,,,,,,,,,,29443986,,,,
raw/sharepoint/Canal FGTS/MC20260306.zip,MCidades_AO_1.mdb + AO_2.mdb + AO_3.mdb,0294445,0294445,65,8405600,8976000,07/31/09 00:00:00,2008,2,26,194,71712,53000,7174,01,D1,S,0268487,34,Belo Horizonte,226194001,PAC - 1A SEL 2009,,MG,HAB / PRO-MORADIA                         ,RESIDENCIAL AMAZONAS                                        ,"BAIRRO CAMARGOS, REGIONAL NOROESTE                          ",RUA CARLOS SILVA PINTO                                      ,1950,PRODUCAO DE 176 UNIDADES HABITACIONAIS - RES.AMAZONAS                                                                   ,176,PRODUCAO DE 176 UNIDADES HABITACIONAIS - RES.AMAZONAS                                                                   ,0,0,0,distratado,HAB - PRODUCAO DE CONJUNSTOS HABITACIONAIS,200907,0,,09/30/12 00:00:00,,200907,0,0,5,      ,,,,,,,,,,,,,,,,,,,,,29444565,,,,
raw/sharepoint/Canal FGTS/MC20260306.zip,MCidades_AO_1.mdb + AO_2.mdb + AO_3.mdb,0294443,0294443,45,130903237,159364018.34,07/31/09 00:00:00,2009,2,26,218,71712,53000,7174,00,B2,S,0268489,53,Belo Horizonte,226218001,PAC - 1A SEL 2009,,MG,HAB / PRO-MORADIA                         ,URBANIZACAO DE VILAS E SANEAMENTO AMBIENTAL DE CORREGOS     ,"VILAS APOLONIA, V.PALMA, JD.LEBLON, ETC E CORREGOS DIVERSOS ","AV. CENTRAL, VARZEA DA PALMA, MADRID, VIRG.M.FRANCO, R.CAMOE",1950,"URBANIZACAO DE DIVERSAS VILAS E SANEAMENTO AMBIENTAL NOS CORREGOS AFLUENTES DA AV. VARZEA DA PALMA, EM BELO HORIZONTE/MG",0,"URBANIZACAO DE DIVERSAS VILAS E SANEAMENTO AMBIENTAL NOS CORREGOS AFLUENTES DA AV. VARZEA DA PALMA, EM BELO HORIZONTE/MG",0,0,0,em situação normal,URBANIZACAO DE ASSENTAMENTOS PRECARIOS    ,202602,99.32,11/01/09 00:00:00,12/30/27 00:00:00,,202602,0,99.31999999999999,2,      ,,,76.0,129977499.54,2026,,,,,,,,,,,,,,,,29444345,,,,
raw/sharepoint/Canal FGTS/MC20260306.zip,MCidades_AO_1.mdb + AO_2.mdb + AO_3.mdb,0294447,0294447,83,91840015,142956053.47,07/31/09 00:00:00,2009,2,26,218,71712,53000,7174,00,B2,S,0268490,81,Belo Horizonte,226218100,PAC - 1A SEL 2009,,MG,HAB / PRO-MORADIA                         ,AGLOMERADO SAO TOMAS/AEROPORTO                              ,VILA SAO TOMAS E VILA AEROPORTO                             ,"AGLOMERADODO SAO TOMAS/AEROPORTO, B. HELIOPOLIS E OUTROS    ",1950,"OBRAS DE URBANIZACAO, REGULARICAO E ASSENTAMENTOS PRECARIOS NO AGLOMERADO SAO TOMAS/AEROPORTO, EM BELO HORIZONTE/MG     ",0,"OBRAS DE URBANIZACAO, REGULARICAO E ASSENTAMENTOS PRECARIOS NO AGLOMERADO SAO TOMAS/AEROPORTO, EM BELO HORIZONTE/MG     ",0,0,0,em situação normal,URBANIZACAO DE ASSENTAMENTOS PRECARIOS    ,202602,93.980003,10/01/09 00:00:00,12/31/27 00:00:00,,202602,0,93.98,2,      ,,,101.0,86302088.87,2026,,,,,,,,,,,,,,,,29444783,,,,
raw/sharepoint/Canal FGTS/MC20260306.zip,MCidades_AO_1.mdb + AO_2.mdb + AO_3.mdb,0294450,0294450,40,45148727.62,58960848.95,07/31/09 00:00:00,2008,2,26,218,71712,53000,7174,00,B2,S,0268492,08,Belo Horizonte,226218001,PAC - 1A SEL 2009,,MG,HAB / PRO-MORADIA                         ,VILA CEMIG/ALTO DAS ANTENAS                                 ,REGIAO DO BARREIRO                                          ,VILA CEMIG/ALTO DAS ANTENAS                                 ,1950,"OBRAS DE URBANIZACAO E REGULARIZACAO DE ASSENTAMENTOS PRECARIOS NA VILA CEMIG/ALTO DAS ANTENAS, EM BELO HORIZONTE/MG    ",0,"OBRAS DE URBANIZACAO E REGULARIZACAO DE ASSENTAMENTOS PRECARIOS NA VILA CEMIG/ALTO DAS ANTENAS, EM BELO HORIZONTE/MG    ",0,0,0,em situação normal,URBANIZACAO DE ASSENTAMENTOS PRECARIOS    ,202112,90.459999,10/01/09 00:00:00,12/30/24 00:00:00,,202112,0,90.45999999999999,8,      ,,,48.0,40842799.9,2021,,,,,,,,,,,,,,,,29445040,,,,
raw/sharepoint/Canal FGTS/MC20260306.zip,MCidades_AO_1.mdb + AO_2.mdb + AO_3.mdb,0342244,0342244,66,156750000,168300217.91,09/02/10 00:00:00,2009,2,26,218,71062,53000,7184,00,B2,S,0269994,93,Recife,226218001,PAC 4A SELECAO 2009,,PE,HAB / PRO-MORADIA                         ,BACIA DO FRAGOSO II                                         ,OLINDA PE                                                   ,DIVERSOS                                                    ,1346,URBANIZACAO E REGULARIZACAO DE ASSENTAMENTOS PRECARIOS NA BACIA DO FRAGOSO OLINDA/PE                                    ,840,URBANIZACAO E REGULARIZACAO DE ASSENTAMENTOS PRECARIOS NA BACIA DO FRAGOSO OLINDA/PE                                    ,0,0,0,em situação normal,URBANIZACAO DE ASSENTAMENTOS PRECARIOS    ,202412,92.32,11/14/11 00:00:00,07/31/25 00:00:00,,202412,100,92.31999999999999,3,D     ,,,24.0,143717825.47,2023,,,,,,,,,,,,,,,,34224466,,,,
raw/sharepoint/Canal FGTS/MC20260306.zip,MCidades_AO_1.mdb + AO_2.mdb + AO_3.mdb,0341654,0341654,14,33250000,35000000,09/01/10 00:00:00,2009,2,26,194,71067,53000,7180,00,B2,S,0288033,63,Teresina,226194001,PAC 2A SELECAO 2009,,PI,HAB / PRO-MORADIA                         ,PRO MORADIA JACINTA ANDRADE                                 ,SANTA MARIA DA CODIPI - TERESINA                            ,RESIDENCIAL JACINTA ANDRADE                                 ,0640,"PRODUCAO CONJ.HAB., IMPLANTACAO DE EQUIP.COMUNITARIOS E IN  FRA-ESTRUTURA.                                              ",4300,"PRODUCAO CONJ.HAB., IMPLANTACAO DE EQUIP.COMUNITARIOS E IN  FRA-ESTRUTURA.                                              ",20000,0,0,em situação normal,HAB - PRODUCAO DE CONJUNSTOS HABITACIONAIS,202510,59.580002,11/03/10 00:00:00,,,202510,0,59.58,8,      ,"CONFORME INFORMACAO INSERIDA PELO AF NO REUNI, A META ORIGINA FOI       CONCLUIDA.                                                                                                                                                                                                                                                                                                                                                                                                                                                                                                                                                                                                                                                                                                                                                                                                                                                                                                                                                                                                                                                                                                                                                                                                                                                                                                                                                                                                                                                                                                                                                                                                                                                                                                                                                                                                                                                                                                                                                                                                                                                                                                                                                                                                                                                                                                                                                                                                                                                                                                                                                                                                                                                                                                                                                                                                                                                                                                                                                                                                                                                                                                                                                                                                                                                                                                                                                                                                                                                                                                                                                                                                                                        ",,22.0,19451294.6,2020,,,,,,,,,,,,,,,,34165414,,,,
raw/sharepoint/Canal FGTS/MC20260306.zip,MCidades_AO_1.mdb + AO_2.mdb + AO_3.mdb,0341381,0341381,14,20520000,25917228.31,08/23/10 00:00:00,2009,2,26,218,71081,53000,7186,00,B2,S,0291049,09,Aracajú,226218001,PAC 4A SELECAO 2009,,SE,HAB / PRO-MORADIA                         ,INVASAO DO RIO DO SAL                                       ,AV AREIAL MANGABEIRA - CONJUNTO MARCOS FREIRE I             ,TAICOCA IV                                                  ,1566,URBANIZACAO E REGULARIZACAO FUNDIARIA DE ASSENTAMENTOS PRECARIOS NA INVASAO DO RIO DO SAL C/ A CONSTRUCAO DE 600 CASAS  ,600,URBANIZACAO E REGULARIZACAO FUNDIARIA DE ASSENTAMENTOS PRECARIOS NA INVASAO DO RIO DO SAL C/ A CONSTRUCAO DE 600 CASAS  ,0,0,0,em situação normal,URBANIZACAO DE ASSENTAMENTOS PRECARIOS    ,202206,100,03/01/11 00:00:00,05/31/22 00:00:00,,202206,0,100,6,      ,,,38.0,20520000.0,2022,,,,,,,,,,,,,,,,34138114,,,,
raw/sharepoint/Canal FGTS/MC20260306.zip,MCidades_AO_1.mdb + AO_2.mdb + AO_3.mdb,0341301,0341301,42,19834638.77,34613856.87,08/23/10 00:00:00,2009,2,26,218,71081,53000,7186,00,B2,S,0291052,68,Aracajú,226218001,PAC 4A SELECAO 2009,,SE,HAB / PRO-MORADIA                         ,INVASAO DA EUCLIDES FIGUEIREDO PORTO DANTAS                 ,PORTO DANTAS                                                ,AVENIDA EUCLIDES FIGUEIREDO                                 ,1520,INFRA ESTRUTURA E PRODUCAO DE 400 UH NA MODALIDADE URBANIZACAO E REGULARIZACAO DE ASSENTAMENTOS PRECARIOS               ,580,INFRA ESTRUTURA E PRODUCAO DE 400 UH NA MODALIDADE URBANIZACAO E REGULARIZACAO DE ASSENTAMENTOS PRECARIOS               ,0,0,0,em situação normal,URBANIZACAO DE ASSENTAMENTOS PRECARIOS    ,202208,100,04/01/11 00:00:00,06/06/22 00:00:00,,202208,0,100,6,      ,,,34.0,19834638.77,2022,,,,,,,,,,,,,,,,34130142,,,,
raw/sharepoint/Canal FGTS/MC20260306.zip,MCidades_AO_1.mdb + AO_2.mdb + AO_3.mdb,0341385,0341385,52,19152000,20160000,08/23/10 00:00:00,2009,2,26,218,71081,53000,7186,00,B2,S,0291158,36,Aracajú,226218001,PAC 4A SELECAO 2009,,SE,HAB / PRO-MORADIA                         ,INVASAO DO CANAL GUAXINIM                                   ,BARRA DOS COQUEIROS                                         ,INVASAO DO CANAL GUAXINIM                                   ,1525,URBANIZACAO E REGULARIZACAO FUNDIARIA DE ASSENTAMENTOS PRECARIOS NA INVASAO DO CANAL GUAXINIM C/A CONSTRUCAO DE 560 UH_ ,560,URBANIZACAO E REGULARIZACAO FUNDIARIA DE ASSENTAMENTOS PRECARIOS NA INVASAO DO CANAL GUAXINIM C/A CONSTRUCAO DE 560 UH_ ,0,0,0,em situação normal,URBANIZACAO DE ASSENTAMENTOS PRECARIOS    ,202007,0.56,07/11/11 00:00:00,,,202007,0,0.5600000000000001,0,      ,"CONTRATO ENCERRADO. A DIVIDA NO IMPORTE DE R$ 99.078,65 FOI LIQUIDADA   NO DIA 06/09/2016. TOMADOR OPTOU PELO CANCELMENTO DA OPERACAO.                                                                                                                                                                                                                                                                                                                                                                                                                                                                                                                                                                                                                                                                                                                                                                                                                                                                                                                                                                                                                                                                                                                                                                                                                                                                                                                                                                                                                                                                                                                                                                                                                                                                                                                                                                                                                                                                                                                                                                                                                                                                                                                                                                                                                                                                                                                                                                                                                                                                                                                                                                                                                                                                                                                                                                                                                                                                                                                                                                                                                                                                                                                                                                                                                                                                                                                                                                                                                                                                                                                                                                                    ",,5.0,106672.65000000001,2012,,,,,,,,,,,,,,,,34138552,,,,
raw/sharepoint/Canal FGTS/MC20260306.zip,MCidades_AO_1.mdb + AO_2.mdb + AO_3.mdb,0333375,0333375,63,37202598.02,45491563.02,06/28/10 00:00:00,2009,2,26,218,71431,53000,7183,00,B2,S,0294351,40,SANTA MARIA,226218100,PAC 4A SELECAO 2009,,RS,HAB / PRO-MORADIA                         ,URBANIZ E REGULARIZ DE ASSENTAM PRECARIOS EM STA CRUZ DO SUL,SANTA CRUZ DO SUL                                           ,BAIRRO BOM JESUS E LOTEAMENTO MAE DE DEUS                   ,4088,URBANIZACAO E REGULARIZACAO DE ASSENTAM PRECARIOS COM A REMOCAO DE 2687 FAMILIAS BAIRRO BOM JESUS PARA LOT. MAE DE DEUS ,2687,URBANIZACAO E REGULARIZACAO DE ASSENTAM PRECARIOS COM A REMOCAO DE 2687 FAMILIAS BAIRRO BOM JESUS PARA LOT. MAE DE DEUS ,0,0,0,em situação normal,URBANIZACAO DE ASSENTAMENTOS PRECARIOS    ,202603,92.949997,01/03/11 00:00:00,06/30/27 00:00:00,,202603,100,92.95,2,D     ,,,88.0,35109086.23,2025,,,,,,,,,,,,,,,,33337563,,,,
raw/sharepoint/Canal FGTS/MC20260306.zip,MCidades_AO_1.mdb + AO_2.mdb + AO_3.mdb,0338167,0338167,55,73344796.64,77205049.09999999,06/30/10 00:00:00,2009,2,26,218,71065,53000,7180,00,B2,S,0294815,46,Fortaleza,226218001,PAC 4A SELECAO 2009,,CE,HAB / PRO-MORADIA                         ,PROJETO URBANIZACAO FAVELA DO DENDE                         ,MUNICIPIO DE FORTALEZA                                      ,RUA DO CONTORNO S/N - BAIRRO EDSON QUEIROZ                  ,0760,URBANIZACAO E REGULARIZACAO DE ASSENTAMENTOS PRECARIOS - FAVELA DO DENDE                                                ,0,URBANIZACAO E REGULARIZACAO DE ASSENTAMENTOS PRECARIOS - FAVELA DO DENDE                                                ,0,0,0,em situação normal,URBANIZACAO DE ASSENTAMENTOS PRECARIOS    ,202512,81.139999,11/12/12 00:00:00,,,202512,95.20999999999999,81.14,2,      ,,,57.0,59510437.1,2025,,,,,,,,,,,,,,,,33816755,,,,
raw/sharepoint/Canal FGTS/MC20260306.zip,MCidades_AO_1.mdb + AO_2.mdb + AO_3.mdb,0346235,0346235,47,15984385.86,18687774.6,12/15/10 00:00:00,2009,2,26,218,68868,53000,7186,00,B2,S,0294849,47,Aracajú,226218001,PAC 4A SELECAO 2009,,SE,HAB / PRO-MORADIA                         ,LOTEAMENTO NOVO HORIZONTE_- MARCOS FREIRE III               ,NOSSA SENHORA DO SOCORRO                                    ,LOTEAMENTO NOVO HORIZONTE CONJUNTO MARCOS FREIRE III        ,1566,"INFRA ESTRUTURA DRENAGEM E PAVIMENTACAO DE RUAS, CONSTRUCAO EQUIPAM. MELHORIAS DE UH E REGULARIZACAO FUNDIARIA.         ",0,"INFRA ESTRUTURA DRENAGEM E PAVIMENTACAO DE RUAS, CONSTRUCAO EQUIPAM. MELHORIAS DE UH E REGULARIZACAO FUNDIARIA.         ",0,0,0,em situação normal,URBANIZACAO DE ASSENTAMENTOS PRECARIOS    ,202602,78.529999,03/12/12 00:00:00,06/30/26 00:00:00,,202602,100,78.53,3,D     ,,,22.0,12366824.43,2026,47,97,091 - 180 dias,Dificuldade técnica do Tomador,Obra já retomou. Desembolsos estão ocorrendo. Novo BM em análise               .,- Contrato voltou a execução. Tem liminar judicial  nº 080377-45.2024.4.05.8500 -  Desembolso efetuado07/10 Tomador encaminha Relatório de Trabalho Social referente ao mês de setembro de 2025. Análise do licitatório social finalizado12/12/2025: Solicitada complementação de documentação referente ao Processo Licitatório da Reprogramação do Trabalho Social.19/12/2025: Solicitação de remanejamento de recursos e atividades do trabalho social indeferido por insuficiência de informações.22/12/2025: Reunião Presencial com Equipe Executora de Trabalho Social.20/01/2026: Correção do boletim de medição número 2: solicitados ajustes.28/01/2026: Remanejamento de atividades de trabalho social aprovado.,Solicitação de desembolso/documentação de medição apresentada,NÃO,,03/26,31/12/2025,0294849,47,2025-11-28,Obra já retomou. Desembolsos estão ocorrendo. Novo BM em análise               .,34623547,,,,
raw/sharepoint/Canal FGTS/MC20260306.zip,MCidades_AO_1.mdb + AO_2.mdb + AO_3.mdb,0349115,0349115,59,21734652.73,51978423.11,12/21/10 00:00:00,2009,2,26,218,71332,53000,7185,00,B2,S,0294881,57,Rio de Janeiro,226218001,PAC 4A SELECAO 2009,,RJ,HAB / PRO-MORADIA                         ,BABILONIA_CH MANGUEIRA                                      ,BABILONIA_CH MANGUEIRA                                      ,LADEIRA ARY BARROSO-LEME-AP2                                ,2810,URBANIZACAO DO MORRO DA BABILONIA E CHAPEU MANGUEIRA                                                                    ,116,URBANIZACAO DO MORRO DA BABILONIA E CHAPEU MANGUEIRA                                                                    ,0,0,0,em situação normal,URBANIZACAO DE ASSENTAMENTOS PRECARIOS    ,202509,49.59,04/05/11 00:00:00,12/31/25 00:00:00,,202509,0,49.59,8,      ,"INFORMACOES AF, POR MEIO DO SIARG 349414:                               PREFEITURA INFORMOU EM 04/08/2025 QUE O ORCAMENTO ESTA EM ATUALIZACAO,  E QUE, POSTERIOMENTE SERA SUBMETIDO A PROCESSO DE SUPLEMENTACAO         FINANCEIRA.                                                                                                                                                                                                                                                                                                                                                                                                                                                                                                                                                                                                                                                                                                                                                                                                                                                                                                                                                                                                                                                                                                                                                                                                                                                                                                                                                                                                                                                                                                                                                                                                                                                                                                                                                                                                                                                                                                                                                                                                                                                                                                                                                                                                                                                                                                                                                                                                                                                                                                                                                                                                                                                                                                                                                                                                                                                                                                                                                                                                                                                                                                                                                                                                                                                                                                                                                                                                                                                                                       ",,12.0,19771432.14,2024,,,,,,,,,,,,,,,,34911559,,,,
raw/sharepoint/Canal FGTS/MC20260306.zip,MCidades_AO_1.mdb + AO_2.mdb + AO_3.mdb,0349131,0349131,52,34424842.78,44804946.31,12/21/10 00:00:00,2009,2,26,218,71332,53000,7185,00,B2,S,0294896,22,Rio de Janeiro,226218001,PAC 4A SELECAO 2009,,RJ,HAB / PRO-MORADIA                         ,COMPLEXO DO ALEMAO                                          ,COMPLEXO ALEMAO                                             ,ESTRADA DO ITARARE E AV ITAOCA-AP3                          ,2810,COMPLEXO DO ALEMAO                                                                                                      ,0,COMPLEXO DO ALEMAO                                                                                                      ,0,0,0,em situação normal,URBANIZACAO DE ASSENTAMENTOS PRECARIOS    ,202305,100,08/29/12 00:00:00,05/08/23 00:00:00,,202305,0,100,6,      ,,,5.0,34424842.78,2015,,,,,,,,,,,,,,,,34913152,,,,
raw/sharepoint/Canal FGTS/MC20260306.zip,MCidades_AO_1.mdb + AO_2.mdb + AO_3.mdb,0349121,0349121,36,22620599.29,38755590.8,12/21/10 00:00:00,2009,2,26,218,71332,53000,7185,00,B2,S,0294899,55,Rio de Janeiro,226218001,PAC 4A SELECAO 2009,,RJ,HAB / PRO-MORADIA                         ,MORRO DA COROA                                              ,MORRO DA COROA                                              ,RUA BARONESA DE GRUARAREMA S N                              ,2810,MORRO DA COROA                                                                                                          ,0,MORRO DA COROA                                                                                                          ,0,0,0,em situação normal,URBANIZACAO DE ASSENTAMENTOS PRECARIOS    ,202512,96.739998,12/21/10 00:00:00,,,202512,0,96.73999999999999,8,      ,,,23.0,21847089.04,2025,,,,,,,,,,,,,,,,34912136,,,,
raw/sharepoint/Canal FGTS/MC20260306.zip,MCidades_AO_1.mdb + AO_2.mdb + AO_3.mdb,0349129,0349129,19,20582152.82,32725159.43,12/21/10 00:00:00,2009,2,26,218,71332,53000,7185,00,B2,S,0294902,02,Rio de Janeiro,226218001,PAC 4A SELECAO 2009,,RJ,HAB / PRO-MORADIA                         ,COLONIA JULIANO MOREIRA                                     ,JULIANO MOREIRA AREAS 2 E 3                                 ,POLIGONAL COMPREENDENDO VARIOS ACESSOS: RUA ADAUTO BOTELHO  ,2810,COLONIA JULIANO MOREIRA                                                                                                 ,250,COLONIA JULIANO MOREIRA                                                                                                 ,0,0,0,em situação normal,URBANIZACAO DE ASSENTAMENTOS PRECARIOS    ,202505,100,05/15/12 00:00:00,,,202505,0,100,6,      ,,,17.0,20576019.39,2025,,,,,,,,,,,,,,,,34912919,,,,
raw/sharepoint/Canal FGTS/MC20260306.zip,MCidades_AO_1.mdb + AO_2.mdb + AO_3.mdb,0349117,0349117,77,14371940.23,21131494.81,12/21/10 00:00:00,2009,2,26,218,71332,53000,7185,00,B2,S,0294906,49,Rio de Janeiro,226218001,PAC 4A SELECAO 2009,,RJ,HAB / PRO-MORADIA                         ,GUARABU                                                     ,GUARABU                                                     ,RUA INHOVERA S N JARDIM CARIOCA ILHA DO GOVERNADOR          ,2810,GUARABU                                                                                                                 ,0,GUARABU                                                                                                                 ,0,0,0,em situação normal,URBANIZACAO DE ASSENTAMENTOS PRECARIOS    ,202112,100,06/13/11 00:00:00,09/26/22 00:00:00,,202112,0,100,6,      ,,,4.0,14371940.23,2021,,,,,,,,,,,,,,,,34911777,0536908,34911777,12/31/20 00:00:00,12/31/20 00:00:00
raw/sharepoint/Canal FGTS/MC20260306.zip,MCidades_AO_1.mdb + AO_2.mdb + AO_3.mdb,0349107,0349107,52,35872000,43684686.27,12/21/10 00:00:00,2009,2,26,218,71332,53000,7185,00,B2,S,0294913,31,Rio de Janeiro,226218001,PAC 4A SELECAO 2009,,RJ,HAB / PRO-MORADIA                         ,JARDIM DO AMANHA II - CIDADE DE DEUS                        ,CIDADE DE DEUS                                              ,JACAREPAGUA                                                 ,2810,JARDIM DO AMANHA II - CIDADE DE DEUS                                                                                    ,326,JARDIM DO AMANHA II - CIDADE DE DEUS                                                                                    ,0,0,0,em situação normal,URBANIZACAO DE ASSENTAMENTOS PRECARIOS    ,202509,25.4,12/13/12 00:00:00,11/30/25 00:00:00,,202509,0,25.4,4,      ,"INFORMACOES AF, POR MEIO DO SIARG 349414:                               REPROGRAMACAO DE ENGENHARIA COM APONTAMENTOS INFORMADOS PELA CE  1626 DE18/08/2025.                                                             REPROGRAMACAO DO TRAB SOCIAL APROVADA PELA CAIXA EM 29/08/2025 (CE 1722)PLANO DE ACAO APROVADO E NOVO CRONOGRAMA DE ACOES RECEBIDO.             PRAZO PREV SOLUCAO: 30/12/2025.                                                                                                                                                                                                                                                                                                                                                                                                                                                                                                                                                                                                                                                                                                                                                                                                                                                                                                                                                                                                                                                                                                                                                                                                                                                                                                                                                                                                                                                                                                                                                                                                                                                                                                                                                                                                                                                                                                                                                                                                                                                                                                                                                                                                                                                                                                                                                                                                                                                                                                                                                                                                                                                                                                                                                                                                                                                                                                                                                                                                                                                                                                                                                                                                                                                                                                                   ",,11.0,9035659.22,2016,52,867,Entre 2 e 4 anos,Fato ou evento não previsto,"Foi informado que, a execução da obra foi paralisada devido à falta de segurança e violência no local. O contrato com a empresa executora foi rescindido por iniciativa da empresa.","Obra paralisada, será retomada visando a execução das metas mínimas do programa e consequente finalização da operação com funcionalidade.Agente Operador excepcionou a redução das metas com utilização dos recursos do FGTS, considerando aprovação do Gestor da Aplicação e regramento vigente. Comunicação enviada à Prefeitura acerca dos apontamentos da reprogramação e da manifestação favorável do pleito requerido (utilização de saldo do FGTS mesmo com redução de metas) - 04.04.2025.Recebido atualização do plano de ação;Reprogramação do Trabalho Técnico Social aceita pela CAIXA em 29/08/2025.Cronograma de Ações atualizado (19/11/2025). Aguardando apontamentos acerca da reprogramação de Engenharia (29/01/2026),visando a elaboração de parecer técnico e o envio da Síntese do Projeto Aprovado (SPA) para apreciação do Gestor.Solicitada nova atualização de cronograma do plano de ação (06/02/2026) visando elaboração do Termo Aditivo ao contrato (Figura no módulo obra paralisada do REUNI).",Não,SIM,SIM,03/26,30/12/2028,0294913,31,2023-10-20,Pleito de excepcionalização quanto à utilização de recursos oriundos de redução de metas para a conclusão das intervenções. Reprogramação em andamento. Após a conclusão da reprogramação será realizado o processo licitatório para a retomada das obras.,34910752,,,,
raw/sharepoint/Canal FGTS/MC20260306.zip,MCidades_AO_1.mdb + AO_2.mdb + AO_3.mdb,0349123,0349123,55,4296576.26,6031546.38,12/21/10 00:00:00,2009,2,26,218,71332,53000,7185,00,B2,S,0294915,51,Rio de Janeiro,226218001,PAC 4A SELECAO 2009,,RJ,HAB / PRO-MORADIA                         ,COMPLEXO DE MANGUINHOS                                      ,RIO DE JANEIRO                                              ,"RUA LEOPOLDO BULHOES, AV DOS DEMOCRATICOS                   ",2810,COMPLEXO DE MANGUINHOS                                                                                                  ,0,COMPLEXO DE MANGUINHOS                                                                                                  ,0,0,0,em situação normal,URBANIZACAO DE ASSENTAMENTOS PRECARIOS    ,202004,100,10/22/12 00:00:00,04/30/20 00:00:00,,202004,0,100,6,D     ,,,7.0,6719132.13,2015,,,,,,,,,,,,,,,,34912355,,,,
raw/sharepoint/Canal FGTS/MC20260306.zip,MCidades_AO_1.mdb + AO_2.mdb + AO_3.mdb,0328934,0328934,23,118281422,159603775.91,06/11/10 00:00:00,2009,2,26,218,71712,53000,7174,00,B2,S,0294943,97,Belo Horizonte,226218001,PAC 4A SELECAO 2009,,MG,HAB / PRO-MORADIA                         ,AGLOMERADO SANTA LUCIA                                      ,REGIAO CENTRO-SUL                                           ,AGLOMERADO SANTA LUCIA                                      ,1950,AGLOMERADO SANTA LUCIA                                                                                                  ,696,AGLOMERADO SANTA LUCIA                                                                                                  ,0,0,0,em situação normal,URBANIZACAO DE ASSENTAMENTOS PRECARIOS    ,202602,99.010002,07/19/10 00:00:00,12/30/26 00:00:00,,202602,0,99.01000000000001,8,      ,,,114.0,116837709.6,2026,,,,,,,,,,,,,,,,32893423,,,,
raw/sharepoint/Canal FGTS/MC20260306.zip,MCidades_AO_1.mdb + AO_2.mdb + AO_3.mdb,0328931,0328931,92,28283400,36831709.9,06/11/10 00:00:00,2009,2,26,218,71712,53000,7174,00,B2,S,0294946,29,Belo Horizonte,226218001,PAC 4A SELECAO 2009,,MG,HAB / PRO-MORADIA                         ,VILA VIVA SERRA II                                          ,"VILAS N.SENHORA CONCEICAO, N.S.APARECIDA E NOVO SAO LUCAS   ",AGLOMERADO DA SERRA                                         ,1950,PROGRAMA VILA VIVA SERRA II                                                                                             ,168,PROGRAMA VILA VIVA SERRA II                                                                                             ,0,0,0,em situação normal,URBANIZACAO DE ASSENTAMENTOS PRECARIOS    ,202505,97.480003,12/10/10 00:00:00,12/30/25 00:00:00,,202505,0,97.48,8,C     ,,,41.0,27557093.619999997,2021,,,,,,,,,,,,,,,,32893192,,,,
raw/sharepoint/Canal FGTS/MC20260306.zip,MCidades_AO_1.mdb + AO_2.mdb + AO_3.mdb,0335020,0335020,24,1171090.87,1301212.1,06/30/10 00:00:00,2009,2,26,218,71008,53000,7174,00,B2,S,0294948,47,Belo Horizonte,226218001,PAC 4A SELECAO 2009,,MG,HAB / PRO-MORADIA                         ,JARDIM TEREZOPOLIS                                          ,BETIM                                                       ,JARDIM TEREZOPOLIS                                          ,2016,JARDIM TEREZOPOLIS                                                                                                      ,1140,JARDIM TEREZOPOLIS                                                                                                      ,0,0,0,em situação normal,URBANIZACAO DE ASSENTAMENTOS PRECARIOS    ,201502,100,05/09/12 00:00:00,02/28/15 00:00:00,,201502,0,100,6,      ,,,5.0,1171090.87,2013,,,,,,,,,,,,,,,,33502024,,,,
raw/sharepoint/Canal FGTS/MC20260306.zip,MCidades_AO_1.mdb + AO_2.mdb + AO_3.mdb,0347868,0347868,26,1804109.98,2047333.17,12/30/10 00:00:00,2009,2,26,011,71774,53000,7179,00,B2,S,0294954,37,Florianópolis,226011001,PAC 4A SELECAO 2009,,SC,HAB / PRO-MORADIA                         ,MOR. PRO-MORADIA DI - FLORIANOPOLIS - PAC                   ,VARIAS LOCALIDADES                                          ,VARIOS LOGRADOUROS                                          ,3710,PRO-MORADIA DI - FLORIANOPOLIS - PAC                        PZO 1. DESEMB: JUN/2012     PZO. ULT. DESEMB: DEZ/2018      ,0,PRO-MORADIA DI - FLORIANOPOLIS - PAC                        PZO 1. DESEMB: JUN/2012     PZO. ULT. DESEMB: DEZ/2018      ,0,0,0,em situação normal,DESENVOLVIMENTO INSTITUCIONAL             ,202102,100,01/25/12 00:00:00,01/27/21 00:00:00,,202102,0,100,6,      ,,,12.0,1804109.98,2020,,,,,,,,,,,,,,,,34786826,,,,
raw/sharepoint/Canal FGTS/MC20260306.zip,MCidades_AO_1.mdb + AO_2.mdb + AO_3.mdb,0346319,0346319,58,17987993.96,22805788.61,12/14/10 00:00:00,2009,2,26,194,71688,53000,7176,00,B2,S,0294958,75,PIRACICABA,226194001,PAC 4A SELECAO 2009,,SP,HAB / PRO-MORADIA                         ,CONSTRUCAO DE UNIDADES HABITACIONAIS                        ,RIO CLARO - SP                                              ,JARDIM SANTA MARIA - RIO CLARO/SP                           ,3279,CONSTRUCAO DE UNIDADES HABITACIONAIS NO MUNICIPIO DE RIO CLARO/SP                                                       ,550,CONSTRUCAO DE UNIDADES HABITACIONAIS NO MUNICIPIO DE RIO CLARO/SP                                                       ,0,0,0,em situação normal,HAB - PRODUCAO DE CONJUNSTOS HABITACIONAIS,201907,100,10/07/11 00:00:00,07/31/19 00:00:00,,201907,0,100,6,D     ,,,28.0,17987993.96,2015,,,,,,,,,,,,,,,,34631958,,,,
raw/sharepoint/Canal FGTS/MC20260306.zip,MCidades_AO_1.mdb + AO_2.mdb + AO_3.mdb,0344775,0344775,38,38880000,41361702.13,11/10/10 00:00:00,2009,2,26,218,71672,53000,7179,02,D1,S,0294984,93,Blumenau,226218001,PAC 4A SELECAO 2009,,SC,HAB / PRO-MORADIA                         ,MOR. URBANIZACAO RUA PEDRO KRAUSS SENIOR E ADJACENCIAS - PAC,BAIRRO VORSDADT                                             ,RUA PEDRO KRAUSS SENIOR                                     ,3734,"URBANIZ. C/ ATIV.URBAN., JUR.E ADM.DE REG.FUNDIARIA R. PEDROKRAUSS E AD. PAC |PZO. 1ŒDES:11/2012 |PZO. ULT. DES: 10/2015",900,"URBANIZ. C/ ATIV.URBAN., JUR.E ADM.DE REG.FUNDIARIA R. PEDROKRAUSS E AD. PAC |PZO. 1ŒDES:11/2012 |PZO. ULT. DES: 10/2015",0,0,0,cancelado,URBANIZACAO DE ASSENTAMENTOS PRECARIOS    ,201302,0,,04/30/16 00:00:00,,201302,0,0,5,      ,,,,,,,,,,,,,,,,,,,,,34477538,,,,
raw/sharepoint/Canal FGTS/MC20260306.zip,MCidades_AO_1.mdb + AO_2.mdb + AO_3.mdb,0344777,0344777,57,38880000,41361702.13,11/10/10 00:00:00,2009,2,26,218,71672,53000,7179,02,D1,S,0294985,07,Blumenau,226218001,PAC 4A SELECAO 2009,,SC,HAB / PRO-MORADIA                         ,MOR. URBANIZACAO DO MORRO DA GARUVA E ENTORNOS - PAC        ,RUAS BENIGNO JOAQUIM DOS SANTOS E BOA ESPERANCA             ,MORRO DO GARUVA - GARCIA                                    ,3734,"URBANIZ. C/ ATIV.URBAN., JUR.E ADM.DE REG.FUNDIARIA MORRO DAGARUVA/ENTOR.PAC |PZO. 1ŒDES:11/2012 |PZO. ULT. DES: 10/2015",900,"URBANIZ. C/ ATIV.URBAN., JUR.E ADM.DE REG.FUNDIARIA MORRO DAGARUVA/ENTOR.PAC |PZO. 1ŒDES:11/2012 |PZO. ULT. DES: 10/2015",0,0,0,cancelado,URBANIZACAO DE ASSENTAMENTOS PRECARIOS    ,201302,0,,04/30/16 00:00:00,,201302,0,0,5,      ,,,,,,,,,,,,,,,,,,,,,34477757,,,,
raw/sharepoint/Canal FGTS/MC20260306.zip,MCidades_AO_1.mdb + AO_2.mdb + AO_3.mdb,0344773,0344773,19,48384000,51472340.43,11/10/10 00:00:00,2009,2,26,218,71672,53000,7179,02,D1,S,0294987,25,Blumenau,226218001,PAC 4A SELECAO 2009,,SC,HAB / PRO-MORADIA                         ,MOR. URBANIZACAO DA RUA ARARANGUA E ADJACENCIAS - PAC       ,BAIRRO GARCIA                                               ,RUA ARARANGUA E ADJACENCIAS                                 ,3734,"URBANIZ.C/ATIV.URBAN.,JUR.E ADM.DE REG.FUNDIARIA R.ARARANGUAE ADJS.  PAC | PZO. 1Œ DES: 11/2012 | PZO. ULT. DES: 10/2015",1120,"URBANIZ.C/ATIV.URBAN.,JUR.E ADM.DE REG.FUNDIARIA R.ARARANGUAE ADJS.  PAC | PZO. 1Œ DES: 11/2012 | PZO. ULT. DES: 10/2015",0,0,0,cancelado,URBANIZACAO DE ASSENTAMENTOS PRECARIOS    ,201302,0,,04/30/16 00:00:00,,201302,0,0,5,      ,,,,,,,,,,,,,,,,,,,,,34477319,,,,
raw/sharepoint/Canal FGTS/MC20260306.zip,MCidades_AO_1.mdb + AO_2.mdb + AO_3.mdb,0344780,0344780,02,40176000,42740425.53,11/10/10 00:00:00,2009,2,26,218,71672,53000,7179,02,D1,S,0294988,39,Blumenau,226218001,PAC 4A SELECAO 2009,,SC,HAB / PRO-MORADIA                         ,MOR. URBANIZACAO RUA ANTONIO ZENDRON E ADJACENCIAS - PAC    ,BAIRRO GARCIA                                               ,RUA ANTONIO ZENDRON E ADJACENCIAS                           ,3734,"URBANIZ.C/ ATIV.URBAN., JUR.E ADM.DE REG.FUNDIARIA R.ANTONIOZENDRON E ADJ. PAC |PZO. 1ŒDES:11/2012|PZO. ULT. DES:10/2015",930,"URBANIZ.C/ ATIV.URBAN., JUR.E ADM.DE REG.FUNDIARIA R.ANTONIOZENDRON E ADJ. PAC |PZO. 1ŒDES:11/2012|PZO. ULT. DES:10/2015",0,0,0,cancelado,URBANIZACAO DE ASSENTAMENTOS PRECARIOS    ,201302,0,,04/30/16 00:00:00,,201302,0,0,5,      ,,,,,,,,,,,,,,,,,,,,,34478002,,,,
raw/sharepoint/Canal FGTS/MC20260306.zip,MCidades_AO_1.mdb + AO_2.mdb + AO_3.mdb,0345696,0345696,05,25174361.97,26499328.4,11/30/10 00:00:00,2009,2,26,218,71766,53000,7180,02,B2,S,0294991,86,São Luis,226218001,PAC 4A SELECAO 2009,,MA,HAB / PRO-MORADIA                         ,CONSTRUCAO/URBANIZACAO/REGULARIZACAO DE 740 UH              ,SAO LUIS-MA                                                 ,RUA MARIA DA PAZ                                            ,0500,CONSTRUCAO/URBANIZACAO/REGULARIZACAO DE 740 UH.                                                                         ,740,CONSTRUCAO/URBANIZACAO/REGULARIZACAO DE 740 UH.                                                                         ,0,0,0,cancelado,URBANIZACAO DE ASSENTAMENTOS PRECARIOS    ,201304,0.0099999998,12/27/11 00:00:00,,,201304,0,0.01,0,      ,,,,,,,,,,,,,,,,,,,,,34569605,,,,
raw/sharepoint/Canal FGTS/MC20260306.zip,MCidades_AO_1.mdb + AO_2.mdb + AO_3.mdb,0349501,0349501,33,125837.58,209729.3,12/30/10 00:00:00,2009,2,26,218,00041,53000,7187,00,B2,S,0294998,55,São Paulo,226218001,PAC 4A SELECAO 2009,,SP,HAB / PRO-MORADIA                         ,GUARULHOS E - PIMENTAS FASE FINAL DE URBANIZACAO            ,BAIRRO PIMENTAS                                             ,ESTRADA DO SACRAMENTO COM ESTRADA ITAIM                     ,3028,URBANIZACAO E REGULARIZACAO DE ASSENTAMENTO PRECARIO COM    CONSTRUCAO DE UNIDADES HABITACIONAIS COM 3250 FAMILIAS BENEF,570,URBANIZACAO E REGULARIZACAO DE ASSENTAMENTO PRECARIO COM    CONSTRUCAO DE UNIDADES HABITACIONAIS COM 3250 FAMILIAS BENEF,0,0,0,em situação normal,URBANIZACAO DE ASSENTAMENTOS PRECARIOS    ,201406,0.47,05/10/12 00:00:00,12/31/15 00:00:00,01/31/16 00:00:00,201406,37.43,0.47,0,      ,,,4.0,125837.58,2014,,,,,,,,,,,,,,,,34950133,,,,
raw/sharepoint/Canal FGTS/MC20260306.zip,MCidades_AO_1.mdb + AO_2.mdb + AO_3.mdb,0349485,0349485,37,566.3099999999999,596.12,12/30/10 00:00:00,2009,2,26,218,00041,53000,7187,00,B2,S,0295001,38,São Paulo,226218001,PAC 4A SELECAO 2009,,SP,HAB / PRO-MORADIA                         ,JARDIM SANTO ANDRE - URBANIZACAO ETAPA 2                    ,AV LORETO                                                   ,JARDIM SANTO ANDRE                                          ,3318,"URBANIZACAO DA ETAPA 2 DA INTERVENCAO, BENEFICIANDO 2300FAM.                                                            ",950,"URBANIZACAO DA ETAPA 2 DA INTERVENCAO, BENEFICIANDO 2300FAM.                                                            ",0,0,0,em situação normal,URBANIZACAO DE ASSENTAMENTOS PRECARIOS    ,201212,0.0099999998,02/15/12 00:00:00,05/15/16 00:00:00,,201212,0.02,0.01,0,      ,,,1.0,566.31,2012,,,,,,,,,,,,,,,,34948537,,,,
raw/sharepoint/Canal FGTS/MC20260306.zip,MCidades_AO_1.mdb + AO_2.mdb + AO_3.mdb,0349496,0349496,67,12000560.01,20371465.57,12/30/10 00:00:00,2009,2,26,218,00041,53000,7187,00,B2,S,0295004,61,São Paulo,226218001,PAC 4A SELECAO 2009,,SP,HAB / PRO-MORADIA                         ,VILA FERREIRA - URBANIZACAO                                 ,AV HUMBERTO ALENCAR CASTELO BRANCO/AV BEZERRA DE MENEZES    ,VILA FERREIRA                                               ,3327,"EXECUTAR ETAPA FINAL DE INTERVENCAO, QUE PROPOE URBANIZACAO DO ASSENTAMENTO EXISTENTE E PRODUCAO NOVAS UNID. HABITAC.   ",288,"EXECUTAR ETAPA FINAL DE INTERVENCAO, QUE PROPOE URBANIZACAO DO ASSENTAMENTO EXISTENTE E PRODUCAO NOVAS UNID. HABITAC.   ",0,0,0,em situação normal,URBANIZACAO DE ASSENTAMENTOS PRECARIOS    ,202109,99.989998,07/13/12 00:00:00,12/30/25 00:00:00,,202109,0,99.98999999999999,8,      ,,,9.0,10354169.61,2014,,,,,,,,,,,,,,,,34949667,,,,
raw/sharepoint/Canal FGTS/MC20260306.zip,MCidades_AO_1.mdb + AO_2.mdb + AO_3.mdb,0349493,0349493,33,22080000,36800000,12/30/10 00:00:00,2009,2,26,218,00041,53000,7187,01,E1,S,0295008,07,São Paulo,226218001,PAC 4A SELECAO 2009,,SP,HAB / PRO-MORADIA                         ,PROJETO REASSENTAMENTO CHACARA BELA VISTA                   ,RUA DA BARACELA                                             ,VILA MARIA                                                  ,2840,EXECUCAO DE 460 UNID.(EMPREEND.VL MARIA B E C)E IMPLANTACAO DE EQUIPAMENTO (CRECHE) NA AREA DE INTERVENCAO (VL MARIA A) ,460,EXECUCAO DE 460 UNID.(EMPREEND.VL MARIA B E C)E IMPLANTACAO DE EQUIPAMENTO (CRECHE) NA AREA DE INTERVENCAO (VL MARIA A) ,0,0,0,distratado,URBANIZACAO DE ASSENTAMENTOS PRECARIOS    ,201511,0.0099999998,,,,201511,0.01,0.01,0,      ,,,,,,,,,,,,,,,,,,,,,34949333,,,,
raw/sharepoint/Canal FGTS/MC20260306.zip,MCidades_AO_1.mdb + AO_2.mdb + AO_3.mdb,0341698,0341698,31,48904529.21,71726172.84999999,08/26/10 00:00:00,2009,2,26,218,71932,53000,7187,00,B2,S,0295009,11,,226218001,PAC 4A SELECAO 2009,,SP,HAB / PRO-MORADIA                         ,PQ SAO BERNARDO/NOVO PARQUE/ALTO DA BELA VISTA - 3A ETAPA   ,RUA DOLORES GOMES IBARRURI                                  ,PQ SAO BERNARDO                                             ,3327,PRODUCAO DE 408 UNID HABITACIONAIS NO PQ SAO BERNARDO PARA  REMANEJAMENTO DE FAMILIAS DA PROPRIA AREA                   ,408,PRODUCAO DE 408 UNID HABITACIONAIS NO PQ SAO BERNARDO PARA  REMANEJAMENTO DE FAMILIAS DA PROPRIA AREA                   ,0,0,0,em situação normal,URBANIZACAO DE ASSENTAMENTOS PRECARIOS    ,202503,100,07/29/11 00:00:00,,03/02/23 00:00:00,202503,100,100,6,      ,,,58.0,45774690.88,2022,,,,,,,,,,,,,,,,34169831,,,,
raw/sharepoint/Canal FGTS/MC20260306.zip,MCidades_AO_1.mdb + AO_2.mdb + AO_3.mdb,0349487,0349487,56,10848000,18080000,12/30/10 00:00:00,2009,2,26,218,00041,53000,7187,01,E1,S,0295012,68,São Paulo,226218001,PAC 4A SELECAO 2009,,SP,HAB / PRO-MORADIA                         ,VILA BRASILANDIA - URBANIZACAO                              ,R ILHA DE SANTA CATARINA                                    ,JARAGUA                                                     ,2840,URBANIZAR PARTE DAS AREAS OCUPADAS COM IMPLANTACAO DE OBRAS DE INFRAESTRUTURA DE SANEMANETO E VIARIA                    ,226,URBANIZAR PARTE DAS AREAS OCUPADAS COM IMPLANTACAO DE OBRAS DE INFRAESTRUTURA DE SANEMANETO E VIARIA                    ,0,0,0,distratado,URBANIZACAO DE ASSENTAMENTOS PRECARIOS    ,201511,0.0099999998,,,,201511,0.01,0.01,0,      ,,,,,,,,,,,,,,,,,,,,,34948756,,,,
raw/sharepoint/Canal FGTS/MC20260306.zip,MCidades_AO_1.mdb + AO_2.mdb + AO_3.mdb,0343258,0343258,55,5292066,5721152.43,10/14/10 00:00:00,2009,2,26,011,71799,53000,7187,00,B2,S,0295014,86,São Paulo,226011001,PAC 4A SELECAO 2009,,SP,HAB / PRO-MORADIA                         ,PRO-MORADIA - REGULARIZACAO FUNDIARIA - DI                  ,AV BOM CLIMA                                                ,BOM CLIMA                                                   ,3028,MELHORAR A PERFORMANCE E AGILIZAR O PROCESSO  DE ASSENTAMENTO E REGULARIZACAO DE LOTEAMENTOS IRREGULARES                ,0,MELHORAR A PERFORMANCE E AGILIZAR O PROCESSO  DE ASSENTAMENTO E REGULARIZACAO DE LOTEAMENTOS IRREGULARES                ,0,0,0,em situação normal,DESENVOLVIMENTO INSTITUCIONAL             ,202404,100,04/28/11 00:00:00,04/30/24 00:00:00,06/30/24 00:00:00,202404,100,100,6,      ,,,23.0,5292066.0,2024,,,,,,,,,,,,,,,,34325855,,,,
raw/sharepoint/Canal FGTS/MC20260306.zip,MCidades_AO_1.mdb + AO_2.mdb + AO_3.mdb,0349489,0349489,74,13440000,22400000,12/30/10 00:00:00,2009,2,26,218,00041,53000,7187,01,E1,S,0295015,91,São Paulo,226218001,PAC 4A SELECAO 2009,,SP,HAB / PRO-MORADIA                         ,PIQUERI/JOAQUIM DA C MIRANDA - URBANIZACAO                  ,R OLIMPIO TOMAS FERNANDES E R JOAQUIM DA COSTA MIRANDA      ,PIQUERI                                                     ,2840,"INTERV.AREAS PIQUERI E JOAQUIM DA COSTA MIRANDA,280 FAMILIASBENEFICIADAS, SENDO 180 UNID.HABITAC. E 100 OBRAS URBANIZ.  ",280,"INTERV.AREAS PIQUERI E JOAQUIM DA COSTA MIRANDA,280 FAMILIASBENEFICIADAS, SENDO 180 UNID.HABITAC. E 100 OBRAS URBANIZ.  ",0,0,0,distratado,URBANIZACAO DE ASSENTAMENTOS PRECARIOS    ,201511,0.0099999998,,,,201511,0.01,0.01,0,      ,,,,,,,,,,,,,,,,,,,,,34948974,,,,
raw/sharepoint/Canal FGTS/MC20260306.zip,MCidades_AO_1.mdb + AO_2.mdb + AO_3.mdb,0343370,0343370,25,30720000,44860000,10/14/10 00:00:00,2009,2,26,218,71799,53000,7187,02,D1,S,0295016,04,São Paulo,226218001,PAC 3A SELECAO 2009,,SP,HAB / PRO-MORADIA                         ,URBANIZACAO INTEGRADA - VL FLORA E VC SAO RAFAEL II         ,RUA ANHUMAS/ RUA AFONSO SARDINHA/ RUA CECILIA M.V. SARRACENO,PQ FLAMENGO/ PQ ITAPAGICA / JD ADRIANA                      ,3028,URBANIZACAO INTEGRADA DOS ASSENTAMENTOS VL FLORA E VC SAO   RAFAEL                                                      ,640,URBANIZACAO INTEGRADA DOS ASSENTAMENTOS VL FLORA E VC SAO   RAFAEL                                                      ,0,0,0,cancelado,URBANIZACAO DE ASSENTAMENTOS PRECARIOS    ,201010,0,,12/30/13 00:00:00,,201010,0,0,5,      ,,,,,,,,,,,,,,,,,,,,,34337025,,,,
raw/sharepoint/Canal FGTS/MC20260306.zip,MCidades_AO_1.mdb + AO_2.mdb + AO_3.mdb,0341501,0341501,62,9670697.359999999,13938308.89,08/31/10 00:00:00,2009,2,26,194,71279,53000,7178,00,B2,S,0295025,15,CASCAVEL,226194001,PAC 4A SELECAO 2009,,PR,HAB / PRO-MORADIA                         ,CH JARDIM PRIMAVERA                                         ,MUNICIPIO DE FOZ DO IGUACU                                  ,LOTEAMENTO SANTO GUGLIELMI                                  ,3503,PRODUCAO DE CONJUNTO HABITACIONAL COM 192 UNIDADES                                                                      ,320,PRODUCAO DE CONJUNTO HABITACIONAL COM 192 UNIDADES                                                                      ,0,0,0,em situação normal,HAB - PRODUCAO DE CONJUNSTOS HABITACIONAIS,202512,89.989998,07/27/11 00:00:00,,,202512,0,89.98999999999999,2,      ,,,45.0,8698255.11,2025,,,,,,,,,,,,,,,,34150162,,,,
raw/sharepoint/Canal FGTS/MC20260306.zip,MCidades_AO_1.mdb + AO_2.mdb + AO_3.mdb,0341934,0341934,95,17734765.07,18668173.77,09/02/10 00:00:00,2009,2,26,218,71802,53000,7183,00,B2,S,0295136,59,,226218001,PAC 4A SELECAO 2009,,RS,HAB / PRO-MORADIA                         ,URBANIZ. E REGULARIZACAO DIVERSAS VILAS - NOVO HAMBURGO - RS,"VILAS MARTIM PILGER,MARCIRIO PEREIRA,FLORES E GETULIO VARGAS",NOVO HAMBURGO - RS                                          ,4055,"URBANIZACAO E REGULARIZACAO VILAS MARTIM PILGER, MARCIRIO J.PEREIRA,DAS FLORES E GETULIO VARGAS EM NOVO HAMBURGO/RS     ",813,"URBANIZACAO E REGULARIZACAO VILAS MARTIM PILGER, MARCIRIO J.PEREIRA,DAS FLORES E GETULIO VARGAS EM NOVO HAMBURGO/RS     ",0,0,0,em situação normal,URBANIZACAO DE ASSENTAMENTOS PRECARIOS    ,202408,46.650002,05/12/12 00:00:00,,,202408,0,46.65,4,DI    ,,,55.0,8069096.14,2023,95,777,Entre 2 e 4 anos,Deficiência do Projeto,"O projeto da casa de bombas da Vila Kipling se tornou obsoleto após as enchentes de maio/2024, não sendo mais viável sua implantação da forma como foi concebido.","Obras paralisadas há mais de 720 dias.Regularização Fundiária: Recebido o of. 387/2026 para atendimento da CE 0170/2026 e continuidade de enquadramento da Regularização Fundiária na Portaria 1296/2024.Município apresentou parecer técnico informando da impossibilidade de execução da Casa de bombas da Vila Kipling e solicitando a rescisão contratual. Tratativas em andamento junto ao ministério gestor para encerramento da operação com as metas já executadas até o momento, em conjunto com o encerramento do Termo de Compromisso 352.775-03.",Documentação de Reprogramação/Licitação em análise na CAIXA,NÃO,,03/26,30/09/2026,0295136,59,2024-01-18,"Solução global para o enfrentamento das cheias na bacia, com a construção de diques que extrapolam o escopo e o valor do contrato. Tomador já informou que não dará mais prosseguimento na operação e solicitou a redução de metas.",34193495,,,,
raw/sharepoint/Canal FGTS/MC20260306.zip,MCidades_AO_1.mdb + AO_2.mdb + AO_3.mdb,0346078,0346078,43,657875,692500,11/30/10 00:00:00,2009,2,26,218,71207,53000,7173,00,B2,S,0295198,08,Belém,226218001,PAC 4A SELECAO 2009,,PA,HAB / PRO-MORADIA                         ,SUB-BACIA 1 E 2 DA ESTRADA NOVA.                            ,BACIA DA ESTRADA NOVA                                       ,BACIA HIDROGRAFICA DA ESTRADA NOVA                          ,0400,"URBANIZACAO,INFRA-ESTRUTURA E CONSTRUCOES DE UNIDADES HABITACIONAIS DA SUB-BACIA HIDROGRAFICA DA ESTRADA NOVA.          ",1944,"URBANIZACAO,INFRA-ESTRUTURA E CONSTRUCOES DE UNIDADES HABITACIONAIS DA SUB-BACIA HIDROGRAFICA DA ESTRADA NOVA.          ",0,0,0,em situação normal,URBANIZACAO DE ASSENTAMENTOS PRECARIOS    ,201612,0.98000002,11/30/12 00:00:00,,,201612,0,0.98,0,      ,,,1.0,657875.0,2012,,,,,,,,,,,,,,,,34607843,,,,
raw/sharepoint/Canal FGTS/MC20260306.zip,MCidades_AO_1.mdb + AO_2.mdb + AO_3.mdb,0346321,0346321,90,315692.51,344443.94,12/14/10 00:00:00,2009,2,26,011,71688,53000,7176,00,B2,S,0295437,95,PIRACICABA,226011001,PAC 4A SELECAO 2009,,SP,HAB / PRO-MORADIA                         ,"ESTUDOS, PLANOS, TREINAMENTO E AQUISICAO DE BENS            ",RIO CLARO                                                   ,RIO CLARO/SP                                                ,3279,"ESTUDOS, PLANOS, TREINAMENTO E AQUISICAO DE BENS                                                                        ",1,"ESTUDOS, PLANOS, TREINAMENTO E AQUISICAO DE BENS                                                                        ",0,0,0,em situação normal,DESENVOLVIMENTO INSTITUCIONAL             ,201711,100,10/30/11 00:00:00,09/30/17 00:00:00,,201711,0,100,6,      ,,,6.0,315692.51,2015,,,,,,,,,,,,,,,,34632190,,,,
raw/sharepoint/Canal FGTS/MC20260306.zip,MCidades_AO_1.mdb + AO_2.mdb + AO_3.mdb,0380054,0380054,72,113550603.08,119526950.61,02/29/12 00:00:00,2011,2,26,218,71804,53000,7184,00,B2,S,0346601,83,Recife,226218001,PAC2-01.62.001498/10-001,,PE,HAB / PRO-MORADIA                         ,BACIA DO RIO BEBERIBE II                                    ,RECIFE                                                      ,RECIFE                                                      ,1250,URBANIZACAO BACIA DO RIO BEBERIBE                                                                                       ,1154,URBANIZACAO BACIA DO RIO BEBERIBE                                                                                       ,0,0,0,em situação normal,URBANIZACAO DE ASSENTAMENTOS PRECARIOS    ,202512,97.93,02/14/14 00:00:00,,,202512,97.95,97.93000000000001,2,      ,,,43.0,110910882.85,2025,,,,,,,,,,,,,,,,38005472,,,,
raw/sharepoint/Canal FGTS/MC20260306.zip,MCidades_AO_1.mdb + AO_2.mdb + AO_3.mdb,0367304,0367304,25,9917558.619999999,11658771.55,11/03/11 00:00:00,2011,2,26,218,72031,53000,7182,00,B2,S,0346605,29,Rio Branco,226218100,PAC2-01.72.000523/10-001,,AC,HAB / PRO-MORADIA                         ,PRO-MORADIA VITORIA                                         ,RIO BRANCO                                                  ,BAIRRO VITORIA                                              ,0330,URBANIZACAO DO BAIRRO VITORIA EM RIO BRANCO ACRE                                                                        ,230,URBANIZACAO DO BAIRRO VITORIA EM RIO BRANCO ACRE                                                                        ,0,0,0,em situação normal,URBANIZACAO DE ASSENTAMENTOS PRECARIOS    ,202505,88.989998,12/16/11 00:00:00,07/30/26 00:00:00,,202505,0,88.98999999999999,4,D     ,"SERVICOS ESTAO SENDO EXECUTADOS COM RECURSOS PROPRIOS TAIS COMO CONSTRUCO DE DUAS ESTACOES ELEVATORIAS DE ESGOTO, QUE GARANTIRA A FUNCIONALIDADEDA REDE COLETORA DE ESGOTO CONSTRUIDA                                   FOI EMITIDA CE 7962/2025 PARA APRESENTACAO DE NOVO PLANO DE TRABALHO                                                                                                                                                                                                                                                                                                                                                                                                                                                                                                                                                                                                                                                                                                                                                                                                                                                                                                                                                                                                                                                                                                                                                                                                                                                                                                                                                                                                                                                                                                                                                                                                                                                                                                                                                                                                                                                                                                                                                                                                                                                                                                                                                                                                                                                                                                                                                                                                                                                                                                                                                                                                                                                                                                                                                                                                                                                                                                                                                                                                                                                                                                                                                                                                                                                                                                                                                                                                                              ",,43.0,9136778.8,2019,,,,,,,,,,,,,,,,36730425,,,,
raw/sharepoint/Canal FGTS/MC20260306.zip,MCidades_AO_1.mdb + AO_2.mdb + AO_3.mdb,0367326,0367326,85,304770.47,382905.47,11/07/11 00:00:00,2011,2,26,218,71050,53000,7182,00,B2,S,0346611,07,Rio Branco,226218001,PAC2-01.72.000277/10-001,,AC,HAB / PRO-MORADIA                         ,PRO-MORADIA HABITASA E CADEIA VELHA                         ,RIO BRANCO                                                  ,BAIRROS HABITASA E CADEIA VELHA                             ,0330,URBANIZACAO DO BAIRRO HABITASA E CADEIA VELHA_EM RIO BRANCO ACRE                                                        ,313,URBANIZACAO DO BAIRRO HABITASA E CADEIA VELHA_EM RIO BRANCO ACRE                                                        ,0,0,0,em situação normal,URBANIZACAO DE ASSENTAMENTOS PRECARIOS    ,202111,100,08/01/13 00:00:00,06/01/21 00:00:00,,202111,100,100,6,F     ,,,3.0,304770.47,2014,,,,,,,,,,,,,,,,36732685,,,,
raw/sharepoint/Canal FGTS/MC20260306.zip,MCidades_AO_1.mdb + AO_2.mdb + AO_3.mdb,0377233,0377233,77,83450000,105768528.62,01/27/12 00:00:00,2011,2,26,218,71062,53000,7184,00,B2,S,0346955,69,Recife,226218001,PAC2-01.72.001007/10-001,,PE,HAB / PRO-MORADIA                         ,URBANIZACAO SUAPE / PRO-MORADIA                             ,CABO DE SANTO AGOSTINHO                                     ,DIVERSOS                                                    ,1279,"URBANIZACAO DA VILA SUAPE, VILA GAIBU, VILA NAZARE, CEPOVO, NOVA TATUOCA, MASSANGANA, DOIS IRMAOS E VILA CLAUDETE.      ",2620,"URBANIZACAO DA VILA SUAPE, VILA GAIBU, VILA NAZARE, CEPOVO, NOVA TATUOCA, MASSANGANA, DOIS IRMAOS E VILA CLAUDETE.      ",0,0,0,em situação normal,URBANIZACAO DE ASSENTAMENTOS PRECARIOS    ,202406,87.669998,01/22/13 00:00:00,,,202406,100,87.67,4,D     ,,,22.0,72412449.8,2023,77,441,Entre 1 e 2 anos,Dificuldade técnica do Tomador,"A última paralisação do empreendimento foi devido a pedido do Tomador para substituição de algumas metas, análise de novos projetos e processo licitatório. A CAIXA já aprovou os pleitos elaborados por SUAPE, inclusive ateste de três boletins de medição (Praça Nova Tatuoca) após a apresentação de documentação técnica de reprogramação que estava pendente.","1. Situação da obra: Paralisada. Último Boletim de Medição em 18/12/2023.2. Evolução de obra: 87,67%.3. Situação do contrato: Obra Paralisada4. Observações gerais/ponto de atenção: 4.1. SUAPE protocolou três boletins de medição (BM 01 a 03 - obras da Praça Tatuoca) que foram atestados pela GIGOV/RE bem como pedido de desembolso. Documentação em análise CAIXA para desembolso dos recursos (aguarda atendimento da CE 3014 de 29/04/2025 - Reiteração de pendências pois é necessário cronograma de desembolso aprovado o qual depende do envio e aprovação de Reprogramação do TTS - Trabalho Técnico Social).4.2. Processo licitatório obras (Pavimentação Ruas em Gaibu) apto com pendência para etapa posterior.4.3. Trabalho Técnico Social: Reprogramação com pendências a serem atendidas pelo Tomador para permitir a aprovação.",Não,NÃO,,03/26,30/07/2026,0346955,69,2024-12-19,"SUAPE aprovar Reprogramação do Trabalho Técnico Social e, com isso, novo cronograma de desembolso geral do contrato de financiamento",37723377,,,,
raw/sharepoint/Canal FGTS/MC20260306.zip,MCidades_AO_1.mdb + AO_2.mdb + AO_3.mdb,0377106,0377106,30,16546000,19304748.88,01/31/12 00:00:00,2011,2,26,218,71754,53000,7185,00,B2,S,0349097,34,Vitória,226218001,PAC2-01.62.000823/10-001,,ES,HAB / PRO-MORADIA                         ,URBANIZACAO DA POLIGONAL 3                                  ,POLIGONAL 3                                                 ,"PIEDADE, FONTE GRANDE, MOSCOSO E SANTA CLARA                ",2680,URBANIZACAO DA POLIGONAL 3                                                                                              ,221,URBANIZACAO DA POLIGONAL 3                                                                                              ,0,0,0,em situação normal,URBANIZACAO DE ASSENTAMENTOS PRECARIOS    ,202509,84.339996,12/12/13 00:00:00,10/31/25 00:00:00,,202509,0,84.34,8,D     ,,,39.0,13919128.73,2025,,,,,,,,,,,,,,,,37710630,,,,
raw/sharepoint/Canal FGTS/MC20260306.zip,MCidades_AO_1.mdb + AO_2.mdb + AO_3.mdb,0380159,0380159,36,37144914.78,43323252.09,03/02/12 00:00:00,2011,2,26,218,71932,53000,7187,00,B2,S,0349814,12,,226218100,PAC2-01.62.009000/10-001,,SP,HAB / PRO-MORADIA                         ,PAC 2-S.BERNARDO REGUL. ASS PREC.CORREGO SARACATAN E COLINA ,SAO BERNARDO CORREGOS SARACANTAN E COLINA 2TRECHO           ,SAO BERNARDO CORREGOS SARACANTAN E COLINA 2TRECHO           ,3327,PAC 2 - PROJETO D URBANIZACAO INTEGRADA DOS ASSENTAMENTOS   PRECARIOS DOS CORREGOS SARACANTAN E COLINA 2 TRECHO         ,40,PAC 2 - PROJETO D URBANIZACAO INTEGRADA DOS ASSENTAMENTOS   PRECARIOS DOS CORREGOS SARACANTAN E COLINA 2 TRECHO         ,0,0,0,em situação normal,URBANIZACAO DE ASSENTAMENTOS PRECARIOS    ,202510,61.73,10/01/13 00:00:00,01/31/26 00:00:00,01/31/26 00:00:00,202510,0,61.73,3,      ,,,21.0,23922664.46,2025,,,,,,,,,,,,,,,,38015936,,,,
raw/sharepoint/Canal FGTS/MC20260306.zip,MCidades_AO_1.mdb + AO_2.mdb + AO_3.mdb,0380555,0380555,37,4424384.77,6014817.38,03/05/12 00:00:00,2011,2,26,218,71712,53000,7174,00,B2,S,0350222,73,Belo Horizonte,226218001,PAC2-01.62.000812/10-001,,MG,HAB / PRO-MORADIA                         ,URBANIZACAO - VILA CABANA PAI TOMAS                         ,BELO HORIZONTE                                              ,VILA CABANA PAI TOMAS                                       ,1950,URBANIZACAO - VILA CABANA PAI TOMAS                                                                                     ,0,URBANIZACAO - VILA CABANA PAI TOMAS                                                                                     ,0,0,0,em situação normal,URBANIZACAO DE ASSENTAMENTOS PRECARIOS    ,202402,84.970001,02/17/14 00:00:00,12/30/25 00:00:00,,202402,0,84.97,8,C     ,,,22.0,3759365.38,2022,,,,,,,,,,,,,,,,38055537,,,,
raw/sharepoint/Canal FGTS/MC20260306.zip,MCidades_AO_1.mdb + AO_2.mdb + AO_3.mdb,0384068,0384068,13,23330000,28203596.5,05/09/12 00:00:00,2011,2,26,218,71715,53000,7184,00,B2,S,0350330,84,João Pessoa,226218100,PAC2-01.62.000876/10-001,,PB,HAB / PRO-MORADIA                         ,URBANIZACAO COMUNIDADE SATURNINO DE BRITO                   ,SATURNINO DE BRITO                                          ,SATURNINO DE BRITO                                          ,1070,"REMOCAO E REASSENTAMENTO DE 400 UH,INST REDE ESGOTO,AB AGU  A,PAVIM,DRENAGEM,MUROS CONT,EQUIP COM,TSOCIL,REG FUND       ",400,"REMOCAO E REASSENTAMENTO DE 400 UH,INST REDE ESGOTO,AB AGU  A,PAVIM,DRENAGEM,MUROS CONT,EQUIP COM,TSOCIL,REG FUND       ",0,0,0,em situação normal,URBANIZACAO DE ASSENTAMENTOS PRECARIOS    ,202504,100,08/19/13 00:00:00,,,202504,0,100,6,      ,,,61.0,19989044.41,2025,,,,,,,,,,,,,,,,38406813,,,,
raw/sharepoint/Canal FGTS/MC20260306.zip,MCidades_AO_1.mdb + AO_2.mdb + AO_3.mdb,0380557,0380557,56,2630853.76,4658858.64,03/05/12 00:00:00,2011,2,26,218,71712,53000,7174,00,B2,S,0350475,30,Belo Horizonte,226218001,PAC2-01.62.000818/10-001,,MG,HAB / PRO-MORADIA                         ,URB. ASSENT. PREC. - VILA SPORT CLUB                        ,BELO HORIZONTE                                              ,VILA SPORT CLUB                                             ,1950,OBRAS DE URBANIZACAO DE ASSENTAMENTOS PRECARIOS - VILA SPORTCLUB                                                        ,32,OBRAS DE URBANIZACAO DE ASSENTAMENTOS PRECARIOS - VILA SPORTCLUB                                                        ,0,0,0,em situação normal,URBANIZACAO DE ASSENTAMENTOS PRECARIOS    ,202307,69.989998,02/17/14 00:00:00,12/30/25 00:00:00,,202307,0,69.98999999999999,8,      ,,,18.0,1478243.45,2021,,,,,,,,,,,,,,,,38055756,,,,
raw/sharepoint/Canal FGTS/MC20260306.zip,MCidades_AO_1.mdb + AO_2.mdb + AO_3.mdb,0380561,0380561,15,1701254.37,2234619.56,03/05/12 00:00:00,2011,2,26,218,71712,53000,7174,00,B2,S,0350477,59,Belo Horizonte,226218001,PAC2-01.62.000820/10-001,,MG,HAB / PRO-MORADIA                         ,URB.ASSENT.PREC. VILA NOVA CACHOEIRINHA                     ,BELO HORIZONTE                                              ,VILA NOVA CACHOEIRINHA                                      ,1950,OBRAS DE URBANIZACAO DE ASSENTAMENTOS PRECARIOS NA VILA NOVACACHOEIRINHA                                                ,0,OBRAS DE URBANIZACAO DE ASSENTAMENTOS PRECARIOS NA VILA NOVACACHOEIRINHA                                                ,0,0,0,em situação normal,URBANIZACAO DE ASSENTAMENTOS PRECARIOS    ,202110,92.129997,02/17/14 00:00:00,12/30/25 00:00:00,,202110,0,92.13,8,      ,"20/10/21 - INFORMACAO AO AGENTE OPERADOR, CONFORME SOLICITACAO 08/10/21 OBRA CONCLUIDA, COM FUNCIONALIDADE, CONFORME RAE DE 24/05/2021, FALTANDOREGULARIZACAO FUNDIARIA. O MUNICIPIO TEM A INTENCAO DE SOLICITAR AO MDR A EXCLUSAO DESSE ITEM. SERA ENCAMINHA AO MUNICIPIO SOLICITACAO DE INFOR MACOES SOBRE A SITUACAO DA REGULARIZACAO FUNDIARIA                                                                                                                                                                                                                                                                                                                                                                                                                                                                                                                                                                                                                                                                                                                                                                                                                                                                                                                                                                                                                                                                                                                                                                                                                                                                                                                                                                                                                                                                                                                                                                                                                                                                                                                                                                                                                                                                                                                                                                                                                                                                                                                                                                                                                                                                                                                                                                                                                                                                                                                                                                                                                                                                                                                                                                                                                                                                                                                                                                                                                                                                                                                                                                                                                                                                                                                                                                        ",,18.0,1528061.94,2021,,,,,,,,,,,,,,,,38056115,,,,
raw/sharepoint/Canal FGTS/MC20260306.zip,MCidades_AO_1.mdb + AO_2.mdb + AO_3.mdb,0380564,0380564,47,1643750,3138101.2,03/05/12 00:00:00,2011,2,26,218,71712,53000,7174,00,B2,S,0350480,04,Belo Horizonte,226218001,PAC2-01.62.001468/10-001,,MG,HAB / PRO-MORADIA                         ,BECO JOAO BATISTA MAIA - ALTO VERA CRUZ                     ,BAIRRO ALTO VERA CRUZ                                       ,RUA JOAO BATISTA MAIA                                       ,1950,URBANIZACAO VILA ALTO VERA CRUZ                                                                                         ,0,URBANIZACAO VILA ALTO VERA CRUZ                                                                                         ,0,0,0,em situação normal,URBANIZACAO DE ASSENTAMENTOS PRECARIOS    ,202309,85.129997,02/01/14 00:00:00,12/30/25 00:00:00,,202309,0,85.13,8,C     ,,,20.0,1325779.8399999999,2023,,,,,,,,,,,,,,,,38056447,,,,
raw/sharepoint/Canal FGTS/MC20260306.zip,MCidades_AO_1.mdb + AO_2.mdb + AO_3.mdb,0380566,0380566,67,15050000,20873000,03/05/12 00:00:00,2011,2,26,218,71712,53000,7174,01,D1,S,0350481,18,Belo Horizonte,226218001,PAC2-01.62.001527/10-001,,MG,HAB / PRO-MORADIA                         ,URBANIZACAO BAIRRO AGLOMERADO DA SERRA - VILA FATIMA        ,AGLOMERADO DA SERRA                                         ,VILA FATIMA                                                 ,1950,URBANIZACAO DO BAIRRO AGLOMERADO DA SERRA - VILA FATIMA                                                                 ,0,URBANIZACAO DO BAIRRO AGLOMERADO DA SERRA - VILA FATIMA                                                                 ,0,0,0,distratado,URBANIZACAO DE ASSENTAMENTOS PRECARIOS    ,201203,0,,,,201203,0,0,5,      ,,,,,,,,,,,,,,,,,,,,,38056667,,,,
raw/sharepoint/Canal FGTS/MC20260306.zip,MCidades_AO_1.mdb + AO_2.mdb + AO_3.mdb,0379056,0379056,74,11420000,12294522.48,02/15/12 00:00:00,2011,2,26,218,68380,53000,7184,01,D1,S,0353161,01,Recife,226218001,PAC2-01.62.000432/10-001,,PE,HAB / PRO-MORADIA                         ,URBANIZACAO REGULARIZACAO ASSENT PRECARIOS - CAMARAGIBE     ,"ALDEIA DE BAIXO, BAIXINHA E LOT SAO PAULO                   ",MUNICIPIO DE CAMARAGIBE                                     ,1415,"MELHORIA HABITACIONAL E URB INTEGRADA DE ASSENT PRECARIOS   NAS LOCALIDADES DE ALDEIA DE BAIXO, BAIXINHA E LOT SAO PAULO",276,"MELHORIA HABITACIONAL E URB INTEGRADA DE ASSENT PRECARIOS   NAS LOCALIDADES DE ALDEIA DE BAIXO, BAIXINHA E LOT SAO PAULO",0,0,0,distratado,URBANIZACAO DE ASSENTAMENTOS PRECARIOS    ,201202,0,,,,201202,0,0,5,      ,,,,,,,,,,,,,,,,,,,,,37905674,,,,
raw/sharepoint/Canal FGTS/MC20260306.zip,MCidades_AO_1.mdb + AO_2.mdb + AO_3.mdb,0383282,0383282,92,2103869.3,2214599.26,04/18/12 00:00:00,2011,2,26,218,71799,53000,7187,00,B2,S,0353738,69,São Paulo,226218001,PAC2-01.62.001006/10-001,,SP,HAB / PRO-MORADIA                         ,PAC2 URBANIZACAO BAIRRO RECREIO SAO JORGE                   ,BAIRRO RECREIO SAO JORGE                                    ,BAIRRO RECREIO SAO JORGE                                    ,3028,PAC2 URBANIZACAO BAIRRO RECREIO SAO JORGE                                                                               ,0,PAC2 URBANIZACAO BAIRRO RECREIO SAO JORGE                                                                               ,0,0,0,em situação normal,URBANIZACAO DE ASSENTAMENTOS PRECARIOS    ,202211,100,04/09/14 00:00:00,11/30/22 00:00:00,,202211,100,100,6,      ,,,6.0,2103869.3000000003,2022,,,,,,,,,,,,,,,,38328292,,,,
raw/sharepoint/Canal FGTS/MC20260306.zip,MCidades_AO_1.mdb + AO_2.mdb + AO_3.mdb,0376277,0376277,81,48286602.68,53553080.88,01/09/12 00:00:00,2011,2,26,218,72710,53000,7185,00,B2,S,0354777,62,Campos dos Goytacazes,226218001,PAC2-01.62.001153/10-001,,RJ,HAB / PRO-MORADIA                         ,PRO-MORADIA ZEIS NOVA ESPERANCA                             ,MACAE                                                       ,BAIRRO BARRA DE MACAE NOVA ESPERANCA 2                      ,2764,COMPLEMENTACAO DE OBRAS INICIADAS NA 1 EDICAO DO PAC COM URBANIZACAO DO ASSENTAMENTO EQUIPAMENTOS COMUNITARIOS DRENAGEM ,0,COMPLEMENTACAO DE OBRAS INICIADAS NA 1 EDICAO DO PAC COM URBANIZACAO DO ASSENTAMENTO EQUIPAMENTOS COMUNITARIOS DRENAGEM ,0,0,0,em situação normal,URBANIZACAO DE ASSENTAMENTOS PRECARIOS    ,202311,47.389999,04/02/13 00:00:00,,,202311,0,47.39,0,      ,"CONFORME CE DO AF, RELACIONADA AO ACOMPANHAMENTO DE OBRAS 4 TRIM:       PREFEITURA DE MACAE DEMONSTROU INTERESSE EM LIQUIDAR O CTR FINANCIAMENTOEM APENAS 02 (DUAS) PARCELAS, AO INVES DAS 12 INICIALMENTE PROJETADAS.  A PRIMEIRA AMORTIZACAO OCORREU EM 06/09/2023 NO VALOR DE R$9.018.980,36.A SEGUNDA E ULTIMA PARCELA ESTA PREVISTA PARA SER EFETIVADA EM DEZ/2023.                                                                                                                                                                                                                                                                                                                                                                                                                                                                                                                                                                                                                                                                                                                                                                                                                                                                                                                                                                                                                                                                                                                                                                                                                                                                                                                                                                                                                                                                                                                                                                                                                                                                                                                                                                                                                                                                                                                                                                                                                                                                                                                                                                                                                                                                                                                                                                                                                                                                                                                                                                                                                                                                                                                                                                                                                                                                                                                                                                                                                                                                                                                                                                                                                                                                                                                                                  ",,15.0,24394979.740000002,2017,,,,,,,,,,,,,,,,37627781,,,,
raw/sharepoint/Canal FGTS/MC20260306.zip,MCidades_AO_1.mdb + AO_2.mdb + AO_3.mdb,0531573,0531573,75,75703500,79691599,06/28/19 00:00:00,2019,2,26,218,82158,53000,7183,02,D1,N,0526643,14,,226218001,PORTARIA MDR 553,,RS,HAB / PRO-MORADIA                         ,PRO-MORADIA ORLA DO SACO DA MANGUEIRA                       ,MUNICIPIO DE RIO GRANDE                                     ,MUNICIPIO DE RIO GRANDE                                     ,4076,PRO-MORADIA ORLA DO SACO DA MANGUEIRA                                                                                   ,0,PRO-MORADIA ORLA DO SACO DA MANGUEIRA                                                                                   ,0,0,0,cancelado,URBANIZACAO DE ASSENTAMENTOS PRECARIOS    ,202102,0,,,,202102,0,0,0,      ,,,,,,,,,,,,,,,,,,,,,53157375,,,,
raw/sharepoint/Canal FGTS/MC20260306.zip,MCidades_AO_1.mdb + AO_2.mdb + AO_3.mdb,0543316,0543316,00,4570000,7749645.13,06/05/20 00:00:00,2020,2,26,218,72110,53000,7176,00,B2,N,0527392,09,PIRACICABA,226218001,PORTARIA MDR 553/19,,SP,HAB / PRO-MORADIA                         ,PRO- MORADIA - CORDEIROPOLIS                                ,CORDEIROPOLIS                                               ,OCUPACAO CONSTANTE PERUCHI                                  ,2964,URBANIZACAO E REGULARIZACAO DE ASSENTAMENTOS PRECARIOS      OCUPACAO CONSTANTE PERUCHI                                  ,70,URBANIZACAO E REGULARIZACAO DE ASSENTAMENTOS PRECARIOS      OCUPACAO CONSTANTE PERUCHI                                  ,0,460,0,em situação normal,URBANIZACAO DE ASSENTAMENTOS PRECARIOS    ,202503,24.190001,03/22/22 00:00:00,,,202503,0,24.19,4,D     ,,,9.0,1091029.69,2024,00,562,Entre 1 e 2 anos,Dificuldade técnica do Tomador,"Com o advento da pandemia do COVID, houve um aumento dos preços dos insumos, ensejando um incremento na contrapartida, aceito pelo tomados logo após o período da pandemia. Ocorre que a receita atual apurada pela administração não é suficiente para suprir tal demanda. O Tomador apresentou documentação onde demonstra a desocupação parcial da área do assentamento precário e a recuperação ambiental de parte da área, viabilizando uma reprogramação com redução de meta.","Contrato em reprogramação para encerramento, com redução de metas (tarifa de reprogramação paga).Aguardando o Município atender aos apontamentos do Parecer Técnico 028/26, para conclusão da reprogramação e posterior apreciação do gestor do contrato.O Município informou que realizará os pagamentos de despesas do cartório das casas e solicitará reembolso à Caixa.",Não,NÃO,,03/26,28/06/2024,0527392,09,2024-08-20,"A documentação solicitando a reprogramação com redução de meta está em análise na CAIXA. Se aceita a proposta de reprogramação, sob os aspectos técnicos, será encaminhada ao gestor para análise e manifestação.",54331600,,,,
raw/sharepoint/Canal FGTS/MC20260306.zip,MCidades_AO_1.mdb + AO_2.mdb + AO_3.mdb,0532505,0532505,62,116767847,165457647.95,08/02/19 00:00:00,2019,2,26,218,71083,53000,6424,00,B2,N,0527395,32,Aracajú,226218001,PORTARIA MDR 553/19,,SE,HAB / PRO-MORADIA                         ,URBANIZACAO DAS MANGABEIRAS                                 ,SANTA MARIA                                                 ,JARDIM DAS MANGABEIRAS                                      ,1520,PRO MORADIA URBANIZACAO E REGULARIZACAO DOS ASSENTAMENTOS PRECARIOS COMUNIDADE MANGABEIRA                               ,0,PRO MORADIA URBANIZACAO E REGULARIZACAO DOS ASSENTAMENTOS PRECARIOS COMUNIDADE MANGABEIRA                               ,0,0,0,em situação normal,URBANIZACAO DE ASSENTAMENTOS PRECARIOS    ,202510,97.190002,01/13/20 00:00:00,12/30/25 00:00:00,,202510,0,97.19,2,      ,,,41.0,112229783.48,2025,,,,,,,,,,,,,,,,53250562,,,,
raw/sharepoint/Canal FGTS/MC20260306.zip,MCidades_AO_1.mdb + AO_2.mdb + AO_3.mdb,0543290,0543290,03,110826107.68,137127547.55,06/04/20 00:00:00,2020,2,26,218,71932,53000,7187,00,B2,N,0527411,37,,226218001,PORTARIA MDR 553/19,,SP,HAB / PRO-MORADIA                         ,POLIGONAL ESTENDIDA DO PARQUE IMIGRANTES.                   ,SAO BERNARDO DO CAMPO                                       ,SAO BERNARDO DO CAMPO                                       ,3327,PROJETO DE URBANIZACAO E INTEGRACAO DE ASSENTAMENTOS PRECARIO DA POLIGONAL ESTENDIDA DO PARQUE IMIGRANTES               ,323,PROJETO DE URBANIZACAO E INTEGRACAO DE ASSENTAMENTOS PRECARIO DA POLIGONAL ESTENDIDA DO PARQUE IMIGRANTES               ,0,12148,0,em situação normal,URBANIZACAO DE ASSENTAMENTOS PRECARIOS    ,202602,15.88,06/04/20 00:00:00,06/30/26 00:00:00,,202602,0,15.88,3,      ,,,23.0,15719382.31,2026,,,,,,,,,,,,,,,,54329003,,,,
raw/sharepoint/Canal FGTS/MC20260306.zip,MCidades_AO_1.mdb + AO_2.mdb + AO_3.mdb,0545683,0545683,09,61540483,102335234.39,09/15/20 00:00:00,2020,2,26,218,71324,53000,7183,00,B2,N,0531752,48,Porto Alegre,226218001,PORTARIA MDR 553/19,,RS,HAB / PRO-MORADIA                         ,"CONDOMINIOS CLAUDINO, TAMANDARE I E TAMANDARE II            ",PORTO ALEGRE                                                ,RUAS CORONEL CLAUDINO E TAMANDARE - BAIRRO CRISTAL          ,3920,"CONDOMINIOS CLAUDINO, TAMANDARE I E TAMANDARE II                                                                        ",540,"CONDOMINIOS CLAUDINO, TAMANDARE I E TAMANDARE II                                                                        ",0,0,0,em situação normal,URBANIZACAO DE ASSENTAMENTOS PRECARIOS    ,202602,6.71,05/19/22 00:00:00,08/31/26 00:00:00,,202602,0,6.71,2,      ,,,10.0,4129380.55,2026,,,,,,,,,,,,,,,,54568309,,,,
raw/sharepoint/Canal FGTS/MC20260306.zip,MCidades_AO_1.mdb + AO_2.mdb + AO_3.mdb,0620684,0620684,03,18539657,24018998.61,03/30/23 00:00:00,2023,2,26,218,71143,53000,7187,00,B2,N,0534613,11,,226218001,PORTARIA MDR 553/19,,SP,HAB / PRO-MORADIA                         ,URBANIZACAO DE ASSENTAMENTO PRECARIOS                       ,BAIRRO MUNHOZ JUNIOR                                        ,RUA MORRINHOS 191                                           ,3184,URBANIZACAO DE ASSENTAMENTO PRECARIOS NO BAIRRO MUNHOZ      JUNIOR                                                      ,0,URBANIZACAO DE ASSENTAMENTO PRECARIOS NO BAIRRO MUNHOZ      JUNIOR                                                      ,0,0,0,em situação normal,URBANIZACAO DE ASSENTAMENTOS PRECARIOS    ,202512,11.84,01/08/24 00:00:00,,,202512,0,11.84,4,D     ,,,2.0,1491366.6199999999,2025,03,188,181 - 270 dias,Deficiência do Projeto,"Foi feita sondagem, mas depois da remoção de algumas moradias, fizeram novamente e alterou significativamente a fundação da contenção. Reprogramação apresentada e em análise CAIXA. Prazo para conclusão: 02/03/2026.",Prefeitura está realizando uma reprogramação do projeto inicialmente apresentado a CAIXA. Aguardando atendimento apontamentos.,Documentação de Reprogramação/Licitação em análise na CAIXA,NÃO,,03/26,,0534613,11,2025-08-29,"Foi feita sondagem, mas depois da remoção de algumas moradias, fizeram novamente e alterou significativamente a fundação da contenção. Reprogramação apresentada e em análise CAIXA. Prazo para conclusão: 02/03/2026.",62068403,,,,
raw/sharepoint/Canal FGTS/MC20260306.zip,MCidades_AO_1.mdb + AO_2.mdb + AO_3.mdb,0618998,0618998,56,5422846.25,6120867.58,02/07/23 00:00:00,2023,2,26,218,71683,53000,7178,00,B2,N,0552690,30,Curitiba,226218001,,,PR,HAB / PRO-MORADIA                         ,JARDIM MELYANE                                              ,CAMPO LARGO                                                 ,JARDIM MELYANE                                              ,3462,URBANIZACAO PARCIAL - REGULARIZACAO FUNDIARIA COM REASSENTA MENTO E INFRAESTRUTURA                                      ,18,URBANIZACAO PARCIAL - REGULARIZACAO FUNDIARIA COM REASSENTA MENTO E INFRAESTRUTURA                                      ,0,0,0,em situação normal,URBANIZACAO DE ASSENTAMENTOS PRECARIOS    ,202511,15.26,07/02/24 00:00:00,02/07/27 00:00:00,,202511,99.31,15.26,3,F     ,,,7.0,348800.61000000004,2025,56,101,091 - 180 dias,Dificuldade técnica da empresa executora,"O motivo de atraso na execução está relacionado as dificuldades no retorno da AMEP, cartório de registro de imóveis.",EM EXECUÇÃO - Solicitação de desembolso (SD 8) apresentada a CAIXA em 24/02/2026.TTS: Em execução normal.,Solicitação de desembolso/documentação de medição apresentada,NÃO,,03/26,,0552690,30,2025-11-24,As obras em andamento lento mas sem paralisação. Existem também algumas indefinições sobre as famílias que serão realocadas em função da revisão da APP.,61899856,,,,
raw/sharepoint/Canal FGTS/MC20260306.zip,MCidades_AO_1.mdb + AO_2.mdb + AO_3.mdb,0619094,0619094,46,3501800,3940471.7,02/07/23 00:00:00,2023,2,26,218,71683,53000,7178,00,B2,N,0552691,44,Curitiba,226218001,,,PR,HAB / PRO-MORADIA                         ,JARDIM NOVO HORIZONTE                                       ,CAMPO LARGO                                                 ,JARDIM NOVO HORIZONTE                                       ,3462,URBANIZACAO PARCIAL - REGULARIZACAO FUNDIARIA COM REASSENTA MENTO E INFRAESTRUTURA                                      ,17,URBANIZACAO PARCIAL - REGULARIZACAO FUNDIARIA COM REASSENTA MENTO E INFRAESTRUTURA                                      ,0,0,0,em situação normal,URBANIZACAO DE ASSENTAMENTOS PRECARIOS    ,202511,12.41,07/02/24 00:00:00,02/07/27 00:00:00,,202511,99.59999999999999,12.41,3,F     ,,,7.0,203959.37,2025,46,101,091 - 180 dias,Dificuldade técnica da empresa executora,"O motivo de atraso na execução está relacionado as dificuldades no retorno da AMEP, cartório de registro de imóveis.",EM EXECUÇÃO - Solicitação de desembolso (SD 8) apresentada a CAIXA em 24/02/2026.TTS: Em execução normal.,Solicitação de desembolso/documentação de medição apresentada,NÃO,,03/26,,0552691,44,2025-11-24,As obras em andamento lento mas sem paralisação. Existem também algumas indefinições sobre as famílias que serão realocadas em função da revisão da APP.,61909446,,,,
raw/sharepoint/Canal FGTS/MC20260306.zip,MCidades_AO_1.mdb + AO_2.mdb + AO_3.mdb,0621851,0621851,50,38700312.99,42458803.32,05/17/23 00:00:00,2023,2,26,218,71526,53000,7178,00,B2,N,0555528,29,Curitiba,226218001,,,PR,HAB / PRO-MORADIA                         ,JARDIM MODELO                                               ,SAO JOSE DOS PINHAIS                                        ,JARDIM MODELO                                               ,3674,URBANIZACAO ESTRUTURANTE - REGULARIZACAO FUNDIARIA COM REASSENTAMENTO E INFRAESTRUTURA                                  ,394,URBANIZACAO ESTRUTURANTE - REGULARIZACAO FUNDIARIA COM REASSENTAMENTO E INFRAESTRUTURA                                  ,0,0,0,em situação normal,URBANIZACAO DE ASSENTAMENTOS PRECARIOS    ,202601,22.65,07/01/22 00:00:00,06/01/26 00:00:00,,202601,97.87,22.65,3,F     ,,,3.0,5857671.22,2026,,,,,,,,,,,,,,,,62185150,,,,
raw/sharepoint/Canal FGTS/MC20260306.zip,MCidades_AO_1.mdb + AO_2.mdb + AO_3.mdb,0603419,0603419,25,49986278.1,55981478.1,11/26/21 00:00:00,2021,2,26,218,71083,53000,6424,00,B2,N,0558698,45,Aracajú,226218001,,,SE,HAB / PRO-MORADIA                         ,URBANIZACAO DE ASSENTAMENTOS PRECARIOS - BAIRRO OLARIA      ,OLARIA                                                      ,BR235                                                       ,1520,"IMPLANTACAO DE INFRAESTRUTURA: ABASTECIMENTO DE AGUA, ESGOTAMENTO SANITARIO, DRENAGEM, PAVIMENTACAO, ILUMINACAO PUBLICA ",612,"IMPLANTACAO DE INFRAESTRUTURA: ABASTECIMENTO DE AGUA, ESGOTAMENTO SANITARIO, DRENAGEM, PAVIMENTACAO, ILUMINACAO PUBLICA ",0,0,0,em situação normal,URBANIZACAO DE ASSENTAMENTOS PRECARIOS    ,202603,20.629999,07/11/23 00:00:00,,,202603,0,20.63,2,      ,,,17.0,8027845.28,2026,,,,,,,,,,,,,,,,60341925,,,,
raw/sharepoint/Canal FGTS/MC20260306.zip,MCidades_AO_1.mdb + AO_2.mdb + AO_3.mdb,0603414,0603414,75,30720044.12,34224019.7,11/26/21 00:00:00,2021,2,26,218,71083,53000,6424,00,B2,N,0558700,80,Aracajú,226218001,,,SE,HAB / PRO-MORADIA                         ,MALVINAS                                                    ,AEROPORTO                                                   ,MALVINAS                                                    ,1520,"ELIMINACAO DO DEFICIT DE INFRAESTRUTURA: SANEAMENTO,DRENAGEME ACESSIBILIDADE, BEM COMO ADEQUACAO DO SISTEMA VIARIO.     ",0,"ELIMINACAO DO DEFICIT DE INFRAESTRUTURA: SANEAMENTO,DRENAGEME ACESSIBILIDADE, BEM COMO ADEQUACAO DO SISTEMA VIARIO.     ",0,0,0,em situação normal,URBANIZACAO DE ASSENTAMENTOS PRECARIOS    ,202601,45.439999,11/01/22 00:00:00,12/31/26 00:00:00,,202601,0,45.44,2,      ,,,25.0,12047471.02,2026,,,,,,,,,,,,,,,,60341475,,,,
raw/sharepoint/Canal FGTS/MC20260306.zip,MCidades_AO_1.mdb + AO_2.mdb + AO_3.mdb,0100735,0100735,81,2700000,3544568,04/03/00 00:00:00,2000,2,26,078,71082,42000,7180,02,D1,N,0100735,81,,226078001,99.2.683.3.1,,CE,HAB / PRO-MORADIA                         ,PRAIA DE IRACEMA E PORTO DA DRAGA                           ,FORTALEZA                                                   ,FORTALEZA                                                   ,0760,URBANIZACAO E CONSTRUCAO DE 1831 UH DA COMUNIDADE ROSALINA  SUBCREDITO A.3                                              ,0,URBANIZACAO E CONSTRUCAO DE 1831 UH DA COMUNIDADE ROSALINA  SUBCREDITO A.3                                              ,0,291,0,cancelado,URBANIZACAO DE AREAS                      ,201608,0,,,,201608,0,0,5,      ,,,2.0,506520.0,2003,,,,,,,,,,,,,,,,10073581,,,,
raw/sharepoint/Canal FGTS/MC20260306.zip,MCidades_AO_1.mdb + AO_2.mdb + AO_3.mdb,0100777,0100777,91,2340000,3073255,04/03/00 00:00:00,2000,2,26,018,71082,42000,7180,02,D1,N,0100777,91,,226018001,99.2.683.3.1,,CE,HAB / PRO-MORADIA                         ,REGIONAL 1                                                  ,FORTALEZA                                                   ,FORTALEZA                                                   ,0760,URBANIZACAO E CONSTRUCAO DE 1831 UH DA COMUNIDADE ROSALINA  SUBCREDITO A.7                                              ,400,URBANIZACAO E CONSTRUCAO DE 1831 UH DA COMUNIDADE ROSALINA  SUBCREDITO A.7                                              ,1660,253,0,cancelado,HAB / MORADIAS POPULARES                  ,201608,0,,,,201608,0,0,5,      ,,,,,,,,,,,,,,,,,,,,,10077791,,,,
raw/sharepoint/Canal FGTS/MC20260306.zip,MCidades_AO_1.mdb + AO_2.mdb + AO_3.mdb,0626807,0626807,14,54300000,57160000,12/12/23 00:00:00,2023,2,26,218,71137,53000,7187,00,A3,N,0599404,54,São Paulo,226218001,,,SP,HAB / PRO-MORADIA                         ,PARQUE JACARANDA MORRO DO SABAO                             ,TABOAO DA SERRA                                             ,AV GOVERNADOR MARIO COVAS                                   ,3367,PRO MORADIA URBANIZACAO MORRO DO SABAO                                                                                  ,0,PRO MORADIA URBANIZACAO MORRO DO SABAO                                                                                  ,0,0,0,em situação normal,URBANIZACAO DE ASSENTAMENTOS PRECARIOS    ,202511,0,,,,202712,100,0, ,      ,,,,,,,,,,,,,,,,,,,,,62680714,,,,
raw/sharepoint/Canal FGTS/MC20260306.zip,MCidades_AO_1.mdb + AO_2.mdb + AO_3.mdb,0620537,0620537,15,10464800,12873768.04,03/24/23 00:00:00,2023,2,26,194,72068,53000,7183,00,B2,N,0612456,75,Passo Fundo,226194001,PRO MORADIA IJUI/RS,,RS,HAB / PRO-MORADIA                         ,PRO MORADIA IJUI/RS                                         ,MUNICIPIO DE IJUI/RS                                        ,MUNICIPIO DE IJUI/RS                                        ,4022,CONSTRUCAO 103 UNIDADES HABITACIONAIS                                                                                   ,103,CONSTRUCAO 103 UNIDADES HABITACIONAIS                                                                                   ,0,0,0,em situação normal,HAB - PRODUCAO DE CONJUNSTOS HABITACIONAIS,202602,43.549999,10/16/23 00:00:00,02/28/27 00:00:00,,202602,0,43.55,2,      ,,,24.0,4544724.15,2026,,,,,,,,,,,,,,,,62053715,,,,
raw/sharepoint/Canal FGTS/MC20260306.zip,MCidades_AO_1.mdb + AO_2.mdb + AO_3.mdb,0644344,0644344,87,12892800,17769623.1,03/31/25 00:00:00,2025,2,26,194,68975,53000,7183,00,A2,N,0612492,17,SANTA MARIA,226194001,,,RS,HAB / PRO-MORADIA                         ,LOTEAMENTO RS060                                            ,ZONA LESTE                                                  ,RS060                                                       ,4073,PRODUCAO CONJUNTOS HABITACIONAIS                                                                                        ,0,PRODUCAO CONJUNTOS HABITACIONAIS                                                                                        ,0,0,0,em situação normal,HAB - PRODUCAO DE CONJUNSTOS HABITACIONAIS,202503,0,,,,202503,0,0,5,      ,,,,,,,,,,,,,,,,,,,,,64434487,,,,
raw/sharepoint/Canal FGTS/MC20260306.zip,MCidades_AO_1.mdb + AO_2.mdb + AO_3.mdb,0627095,0627095,25,46319951.3,52119951.3,12/26/23 00:00:00,2023,2,26,194,71715,53000,6419,00,B2,N,0612556,80,João Pessoa,226194001,,,PB,HAB / PRO-MORADIA                         ,PROMORADIA JOAO PESSOA CONSTRUCAO UNIDADES HABITACIONAIS    ,JOAO PESSOA                                                 ,MUNICIPIO DE JOAO PESSOA                                    ,1070,CONSTRUCAO UNIDADES HABITACIONAIS                                                                                       ,0,CONSTRUCAO UNIDADES HABITACIONAIS                                                                                       ,0,0,0,em situação normal,HAB - PRODUCAO DE CONJUNSTOS HABITACIONAIS,202601,20.74,10/15/24 00:00:00,,,202601,0,20.74,2,      ,,,12.0,10422679.08,2026,,,,,,,,,,,,,,,,62709525,,,,
raw/sharepoint/Canal FGTS/MC20260306.zip,MCidades_AO_1.mdb + AO_2.mdb + AO_3.mdb,0624562,0624562,11,7379990,7770090,09/01/23 00:00:00,2023,2,26,194,69298,53000,7174,00,B2,S,0612833,36,POCOS DE CALDAS,226194001,PAC,,MG,HAB / PRO-MORADIA                         ,CONSTRUCAO UNIDADE HABITACIONAIS LOT VEM MORAR MELHOR 1 E 2 ,LOTEAMENTO VEM MORAR MELHOR 1 E 2 EM BUENO BRANDAO          ,BUENO BRANDAO                                               ,2040,PRODUCAO CONJUNTO HABITACIONAL                                                                                          ,0,PRODUCAO CONJUNTO HABITACIONAL                                                                                          ,0,0,0,em situação normal,HAB - PRODUCAO DE CONJUNSTOS HABITACIONAIS,202510,0.25,03/12/25 00:00:00,,,202510,0,0.25,4,D     ,,,2.0,18448.94,2025,11,245,181 - 270 dias,Dificuldade técnica do Tomador,O tomador informa que o processo licitatório não resultou em empresa vencedora do certame.,04/02 - MONITORAMENTO CARTEIRA CREDITO - OBRA PARALISADA: Tomador informa que nova licitação será realizada: DATA DA SESSÃO PÚBLICA: Dia 25/02/2026.05/01 - CE REGOVPC 010/2026 & OF REGOVPC 006/2026 Notifica obra paralisada e solicita retomada de obra.04/02 - Terceira reiteração da CE REGOVPC 448/2025 - Processo Licitatório.,Não,NÃO,,03/26,01/09/2026,0612833,36,2025-07-03,O tomador informa que em 22/12/25 foi encerrado mais um processo licitatório e que no momento se encontra na etapa de análise técnica e documental do vencedor.,62456211,,,,
raw/sharepoint/Canal FGTS/MC20260306.zip,MCidades_AO_1.mdb + AO_2.mdb + AO_3.mdb,0652553,0652553,94,1876240,2563385.88,01/27/26 00:00:00,2026,2,26,194,69752,53000,7174,00,A1,N,0612951,75,JUIZ DE FORA,226194001,,,MG,HAB / PRO-MORADIA                         ,CONSTRUCAO DE UNIDADES HABITACIONAIS                        ,"AREA DENOMINADA XAVIER, RUA ANTONIO AUGUSTO MENDES          ",BAIRRO SAGRADO CORACAO DE JESUS                             ,2522,"CONSTRUCAO UNIDADES HABITACIONAIS, SONDAGEM SOLO, TERRAPLANAGEM - CONSTRUCAO 5 PREDIOS COM 4 UNIDADES VERTICAIS CADA    ",20,"CONSTRUCAO UNIDADES HABITACIONAIS, SONDAGEM SOLO, TERRAPLANAGEM - CONSTRUCAO 5 PREDIOS COM 4 UNIDADES VERTICAIS CADA    ",0,0,0,em situação normal,HAB - PRODUCAO DE CONJUNSTOS HABITACIONAIS,202601,0,,,,202601,0,0,5,      ,,,,,,,,,,,,,,,,,,,,,65255394,,,,
raw/sharepoint/Canal FGTS/MC20260306.zip,MCidades_AO_1.mdb + AO_2.mdb + AO_3.mdb,0648686,0648686,12,3494505.2,3807870.7,10/10/25 00:00:00,2025,2,26,194,71076,53000,6419,00,A1,N,0613098,52,João Pessoa,226194001,,,PB,HAB / PRO-MORADIA                         ,SELEHAB                                                     ,ESTADO DA PARAIBA                                           ,ESTADO DA PARAIBA                                           ,1222,SELEHAB NO AMBITO DO PROGRAMA PRO MORADIA                                                                               ,0,SELEHAB NO AMBITO DO PROGRAMA PRO MORADIA                                                                               ,0,0,0,em situação normal,HAB - PRODUCAO DE CONJUNSTOS HABITACIONAIS,202510,0,,,,202510,0,0,5,      ,,,,,,,,,,,,,,,,,,,,,64868612,,,,
raw/sharepoint/Canal FGTS/MC20260306.zip,MCidades_AO_1.mdb + AO_2.mdb + AO_3.mdb,0623011,0623011,24,10918843.35,11497150,06/30/23 00:00:00,2023,2,26,194,69919,53000,6424,00,B2,N,0613481,03,Aracajú,226194001,,,SE,HAB / PRO-MORADIA                         ,PROMORADIA SAO CRISTOVAO                                    ,SAO CRISTOVAO                                               ,SAO CRISTOVAO                                               ,1584,CONSTRUCAO DE UNIDADES HABITACIONAIS                                                                                    ,107,CONSTRUCAO DE UNIDADES HABITACIONAIS                                                                                    ,0,0,0,em situação normal,HAB - PRODUCAO DE CONJUNSTOS HABITACIONAIS,202511,1.67,06/26/25 00:00:00,03/30/26 00:00:00,,202511,0.87,1.67,2,F     ,,,1.0,92000.0,2025,24,252,181 - 270 dias,Dificuldade técnica do Tomador,A obra encontra-se em fase de preparação do terreno para posterior início dos serviços. O município informou que o período de chuvas intermitentes dificultou o andamento da execução; porém as obras não foram totalmente paralisadas.,"A proposta inicial era para 500 UH, mas foi reduzida para 107. Após análises e atualização de preços do PMCMV, o recurso cobriu apenas a construção de 80 UH. O contrato está com pedido de alteração contratual para aprovação da redução de meta, de 107 para 80 uh, para posterior homologação do MCIDADES. Reprogramação em complementação. Reprogramação do social em complementaçãoRealizado pagamento cobrança fevereiro",Não,NÃO,,03/26,,0613481,03,2025-06-26,A obra encontra-se em fase de preparação do terreno para posterior início dos serviços. O município informou que está finalizando os documentos para envio da medição para retomada dos desembolsos.,62301124,,,,
raw/sharepoint/Canal FGTS/MC20260306.zip,MCidades_AO_1.mdb + AO_2.mdb + AO_3.mdb,0647146,0647146,55,40840000,47365199.75,08/18/25 00:00:00,2025,2,26,194,71065,53000,7180,00,A1,N,0613850,72,Fortaleza,226194001,,,CE,HAB / PRO-MORADIA                         ,COMPLEXO URUCUTUBA 1                                        ,FORTALEZA                                                   ,AV URUCUTUBA_                                               ,0760,COMPLEXO URUCUTUBA 1                                                                                                    ,0,COMPLEXO URUCUTUBA 1                                                                                                    ,0,0,0,em situação normal,HAB - PRODUCAO DE CONJUNSTOS HABITACIONAIS,202508,0,,09/20/26 00:00:00,,202508,0,0,5,      ,,,,,,,,,,,,,,,,,,,,,64714655,,,,
raw/sharepoint/Canal FGTS/MC20260306.zip,MCidades_AO_1.mdb + AO_2.mdb + AO_3.mdb,0647148,0647148,73,40840000,45066013.66,08/18/25 00:00:00,2025,2,26,194,71065,53000,7180,00,A1,N,0613851,86,Fortaleza,226194001,,,CE,HAB / PRO-MORADIA                         ,COMPLEXO URUCUTUBA 2                                        ,FORTALEZA                                                   ,AV URUCUTUBA                                                ,0760,COMPLEXO URUCUTUBA 2                                                                                                    ,0,COMPLEXO URUCUTUBA 2                                                                                                    ,0,0,0,em situação normal,HAB - PRODUCAO DE CONJUNSTOS HABITACIONAIS,202508,0,,09/20/26 00:00:00,,202508,0,0,5,      ,,,,,,,,,,,,,,,,,,,,,64714873,,,,
raw/sharepoint/Canal FGTS/MC20260306.zip,MCidades_AO_1.mdb + AO_2.mdb + AO_3.mdb,0647150,0647150,26,36044998,43793103.28,08/18/25 00:00:00,2025,2,26,194,71065,53000,7180,00,A1,N,0613853,03,Fortaleza,226194001,,,CE,HAB / PRO-MORADIA                         ,RAUL BARBOSA_E VILA UNIAO                                   ,FORTALEZA                                                   ,RAUL BARBOSA_E VILA UNIAO                                   ,0760,RAUL BARBOSA_E VILA UNIAO                                                                                               ,0,RAUL BARBOSA_E VILA UNIAO                                                                                               ,0,0,0,em situação normal,HAB - PRODUCAO DE CONJUNSTOS HABITACIONAIS,202508,0,,09/20/26 00:00:00,,202508,0,0,5,      ,,,,,,,,,,,,,,,,,,,,,64715026,,,,
raw/sharepoint/Canal FGTS/MC20260306.zip,MCidades_AO_1.mdb + AO_2.mdb + AO_3.mdb,0622995,0622995,05,17572587.44,22528019.44,06/30/23 00:00:00,2023,2,26,194,72369,53000,7176,00,B2,N,0614198,81,JUNDIAI,226194001,,,SP,HAB / PRO-MORADIA                         ,SELEHAB - PRO MORADIA - CONSTRUCAO DE UNIDADES HABITACIONAIS,LOUVEIRA - SP_____________________________________________  ,GRANJA JATOBA                                               ,3113,CONSTRUCAO DE 140 UNIDADES HABITACIONAIS E INFRAESTRUTURA PARA O CONJUNTO HABITACIONAL                                  ,140,CONSTRUCAO DE 140 UNIDADES HABITACIONAIS E INFRAESTRUTURA PARA O CONJUNTO HABITACIONAL                                  ,0,0,0,em situação normal,HAB - PRODUCAO DE CONJUNSTOS HABITACIONAIS,202512,20.15,11/07/24 00:00:00,,,202512,0,20.15,2,      ,,,5.0,612135.01,2025,,,,,,,,,,,,,,,,62299505,,,,
raw/sharepoint/Canal FGTS/MC20260306.zip,MCidades_AO_1.mdb + AO_2.mdb + AO_3.mdb,0622228,0622228,11,10716000,18100164.9,05/31/23 00:00:00,2023,2,26,194,68668,53000,7183,00,B2,N,0614356,00,Passo Fundo,226194001,PRO MORADIA TAPEJARA/RS,,RS,HAB / PRO-MORADIA                         ,MUNICIPIO DE TAPEJARA/RS                                    ,BAIRRO TREZE DE MAIO                                        ,MUNICIPIO DE TAPEJARA/RS                                    ,4128,CONSTRUCAO DE UNIDADES HABITACIOANIS E INFRAESTRUTURA                                                                   ,123,CONSTRUCAO DE UNIDADES HABITACIOANIS E INFRAESTRUTURA                                                                   ,0,0,0,em situação normal,HAB - PRODUCAO DE CONJUNSTOS HABITACIONAIS,202603,47.060001,09/09/24 00:00:00,,,202603,0,47.06,2,      ,,,13.0,3846299.55,2026,,,,,,,,,,,,,,,,62222811,,,,
raw/sharepoint/Canal FGTS/MC20260306.zip,MCidades_AO_1.mdb + AO_2.mdb + AO_3.mdb,0624569,0624569,81,16497375,26539356.11,09/01/23 00:00:00,2023,2,26,194,71918,53000,7178,00,B3,S,0615348,28,CASCAVEL,226194001,PAC,,PR,HAB / PRO-MORADIA                         ,FAVO DE MEL                                                 ,CASCAVEL                                                    ,RUA PADRE PEDRO ARRUTE 214                                  ,3469,PRODUCAO CONJUNTOS HABITACIONAIS                                                                                        ,0,PRODUCAO CONJUNTOS HABITACIONAIS                                                                                        ,0,0,0,em situação normal,HAB - PRODUCAO DE CONJUNSTOS HABITACIONAIS,202603,67.230003,04/01/24 00:00:00,,,202603,0,67.23,3,      ,,,18.0,10667314.77,2026,,,,,,,,,,,,,,,,62456981,,,,
raw/sharepoint/Canal FGTS/MC20260306.zip,MCidades_AO_1.mdb + AO_2.mdb + AO_3.mdb,0622530,0622530,87,4407500,4657956.27,06/07/23 00:00:00,2023,2,26,194,83013,53000,7178,00,B2,N,0616100,63,CASCAVEL,226194001,,,PR,HAB / PRO-MORADIA                         ,CONSTRUCAO DE UNIDADES HABITACIONAIS                        ,SAO JOAO                                                    ,SAO JOAO                                                    ,3667,PRODUCAO CONJUNTOS HABITACIONAIS                                                                                        ,0,PRODUCAO CONJUNTOS HABITACIONAIS                                                                                        ,0,0,0,em situação normal,HAB - PRODUCAO DE CONJUNSTOS HABITACIONAIS,202603,33.740002,04/01/24 00:00:00,,,202603,0,33.74,3,      ,,,9.0,1195110.87,2026,,,,,,,,,,,,,,,,62253087,,,,
raw/sharepoint/Canal FGTS/MC20260306.zip,MCidades_AO_1.mdb + AO_2.mdb + AO_3.mdb,0623020,0623020,35,24199635,26353946.37,06/30/23 00:00:00,2023,2,26,194,71203,53000,7178,00,B3,N,0618522,07,CASCAVEL,226194001,,,PR,HAB / PRO-MORADIA                         ,LOTEAMENTO LOTE SOCIAL                                      ,TOLEDO                                                      ,CHACARA N. 57 DO LOTE 75A - FAZENDA BRITANIA                ,3696,PRODUCAO DE CONJUNTOS HABITACIONAIS                                                                                     ,0,PRODUCAO DE CONJUNTOS HABITACIONAIS                                                                                     ,0,0,0,em situação normal,HAB - PRODUCAO DE CONJUNSTOS HABITACIONAIS,202602,38.509998,05/02/25 00:00:00,,,202602,37.68,38.51,1,      ,,,7.0,8261362.89,2026,,,,,,,,,,,,,,,,62302035,,,,
raw/sharepoint/Canal FGTS/MC20260306.zip,MCidades_AO_1.mdb + AO_2.mdb + AO_3.mdb,0622236,0622236,18,3400000,5200312.63,05/30/23 00:00:00,2023,2,26,194,82488,53000,7178,00,B2,N,0618881,58,CASCAVEL,226194001,,,PR,HAB / PRO-MORADIA                         ,LOTEAMENTO CIDADE NOVA                                      ,BRAGANEY                                                    ,RUA VITORINO MILANI                                         ,0634,PRODUCAO DE CONJUNTOS HABITACIONAIS                                                                                     ,0,PRODUCAO DE CONJUNTOS HABITACIONAIS                                                                                     ,0,0,0,em situação normal,HAB - PRODUCAO DE CONJUNSTOS HABITACIONAIS,202512,77.800003,01/02/24 00:00:00,,,202512,77.8,77.8,2,      ,,,12.0,2496410.55,2025,,,,,,,,,,,,,,,,62223618,,,,
raw/sharepoint/Canal FGTS/MC20260306.zip,MCidades_AO_1.mdb + AO_2.mdb + AO_3.mdb,0624573,0624573,40,50000000,58970607.36,09/01/23 00:00:00,2023,2,26,194,71903,53000,7178,00,B2,S,0618882,62,CASCAVEL,226194001,PAC,,PR,HAB / PRO-MORADIA                         ,CONJUNTO HABITACIONAL VIDA NOVA 4                           ,BAIRRO SADIA                                                ,RUA VERE COM RUA VALDIR FOLETO                              ,3504,PRODUCAO DE CONJUNTO HABITACIOAL                                                                                        ,0,PRODUCAO DE CONJUNTO HABITACIOAL                                                                                        ,0,0,0,em situação normal,HAB - PRODUCAO DE CONJUNSTOS HABITACIONAIS,202512,27.73,10/01/23 00:00:00,,,202512,26.08,27.73,2,      ,,,7.0,13907055.25,2026,,,,,,,,,,,,,,,,62457340,,,,
raw/sharepoint/Canal FGTS/MC20260306.zip,MCidades_AO_1.mdb + AO_2.mdb + AO_3.mdb,0623023,0623023,68,4884330,5147555.57,06/30/23 00:00:00,2023,2,26,194,71203,53000,7178,00,B2,N,0619099,98,CASCAVEL,226194001,,,PR,HAB / PRO-MORADIA                         ,DISTRITO DE DEZ DE MAIO E DISTRITO DE DOIS IRMÞOS           ,TOLEDO                                                      ,DISTRITO DE DEZ DE MAIO (22UH) E DISTRITO DE DOIS IRMAOS (22,3696,PRODUCAO DE CONJUNTOS HABITACIONAIS                                                                                     ,0,PRODUCAO DE CONJUNTOS HABITACIONAIS                                                                                     ,0,0,0,em situação normal,HAB - PRODUCAO DE CONJUNSTOS HABITACIONAIS,202602,31.469999,05/02/25 00:00:00,,,202602,0,31.47,2,      ,,,7.0,1356549.11,2026,,,,,,,,,,,,,,,,62302368,,,,
raw/sharepoint/Canal FGTS/MC20260306.zip,MCidades_AO_1.mdb + AO_2.mdb + AO_3.mdb,0622247,0622247,47,3526000,3776000,05/30/23 00:00:00,2023,2,26,194,82684,53000,7178,00,B2,N,0619262,82,CASCAVEL,226194001,,,PR,HAB / PRO-MORADIA                         ,"DISTRITOS DE GUAPARA, GLEBA NOVE E SEDE DO MUNICIPIO        ",MARQUINHO                                                   ,MARQUINHO                                                   ,5412,PRODUCAO CONJUNTOS HABITACIONAIS                                                                                        ,0,PRODUCAO CONJUNTOS HABITACIONAIS                                                                                        ,0,0,0,em situação normal,HAB - PRODUCAO DE CONJUNSTOS HABITACIONAIS,202602,73.769997,07/02/24 00:00:00,,,202602,0,73.77,2,      ,,,7.0,2535713.8200000003,2026,47,91,091 - 180 dias,,,"Em execução - 73,77% - desembolso 07 creditado em 02/03 - aguarda próxima solicitação de desembolso com evolução do social (já tem análise CAIXA pendente de pagamento)solicitar desembolso à CEFGA sempre após dia 10 - dia em que o município realiza o pagamento das parcelas.",,NÃO,,03/26,,0619262,82,2025-12-04,,62224747,,,,
raw/sharepoint/Canal FGTS/MC20260306.zip,MCidades_AO_1.mdb + AO_2.mdb + AO_3.mdb,0622987,0622987,08,3000000,3525000,06/29/23 00:00:00,2023,2,26,194,82943,53000,7178,00,B2,N,0619264,09,CASCAVEL,226194001,,,PR,HAB / PRO-MORADIA                         ,SONHO MEU                                                   ,ITAPEJARA D'OESTE                                           ,ITAPEJARA D'OESTE                                           ,3532,PROD CONJ HABITACIONAIS                                                                                                 ,0,PROD CONJ HABITACIONAIS                                                                                                 ,0,0,0,em situação normal,HAB - PRODUCAO DE CONJUNSTOS HABITACIONAIS,202602,17.85,05/19/25 00:00:00,,,202602,0,17.85,3,      ,,,3.0,178272.86,2026,,,,,,,,,,,,,,,,62298708,,,,
raw/sharepoint/Canal FGTS/MC20260306.zip,MCidades_AO_1.mdb + AO_2.mdb + AO_3.mdb,0627135,0627135,07,42710281.97,48455281.97,12/22/23 00:00:00,2023,2,26,194,71050,53000,7182,00,B2,N,0619494,83,Rio Branco,226194001,,,AC,HAB / PRO-MORADIA                         ,CONSTRUCAO DE 383 U.H. NO BAIRRO CIDADE DO POVO             ,CIDADE DO POVO                                              ,BR 364 KM 05 - CIDADE DO POVO                               ,0330,CONSTRUCAO DE 383 U.H. EM ALVENARIA NO BAIRRO CIDADE DO POVO                                                            ,383,CONSTRUCAO DE 383 U.H. EM ALVENARIA NO BAIRRO CIDADE DO POVO                                                            ,0,0,0,em situação normal,HAB - PRODUCAO DE CONJUNSTOS HABITACIONAIS,202512,56.560001,04/30/24 00:00:00,12/20/27 00:00:00,,202512,100,56.56,4,F     ,LIBERACAO REFERENTE A OBRA EXECUTADA ANTES DA PARALISACAO-FPD30-12/2025                                                                                                                                                                                                                                                                                                                                                                                                                                                                                                                                                                                                                                                                                                                                                                                                                                                                                                                                                                                                                                                                                                                                                                                                                                                                                                                                                                                                                                                                                                                                                                                                                                                                                                                                                                                                                                                                                                                                                                                                                                                                                                                                                                                                                                                                                                                                                                                                                                                                                                                                                                                                                                                                                                                                                                                                                                                                                                                                                                                                                                                                                                                                                                                                                                                                                                                                                                                                                                                                                                                                                                                                                                                   ,,13.0,17612979.86,2025,,,,,,,,,,,,,,,,62713507,,,,
raw/sharepoint/Canal FGTS/MC20260306.zip,MCidades_AO_1.mdb + AO_2.mdb + AO_3.mdb,0646662,0646662,96,1600000,1835152.4,07/31/25 00:00:00,2025,2,26,194,83029,53000,7178,00,A1,N,0619559,69,CASCAVEL,226194001,,,PR,HAB / PRO-MORADIA                         ,MONTE CLARO                                                 ,VIRMOND                                                     ,VIRMOND                                                     ,4884,PRODUCAO CONJUNTOS HABITACIONAIS                                                                                        ,0,PRODUCAO CONJUNTOS HABITACIONAIS                                                                                        ,0,0,0,em situação normal,HAB - PRODUCAO DE CONJUNSTOS HABITACIONAIS,202507,0,,07/20/26 00:00:00,,202507,0,0,5,      ,,,,,,,,,,,,,,,,,,,,,64666296,,,,
raw/sharepoint/Canal FGTS/MC20260306.zip,MCidades_AO_1.mdb + AO_2.mdb + AO_3.mdb,0626437,0626437,32,17760000,21164000,11/23/23 00:00:00,2023,2,26,194,69555,53000,7174,00,A3,N,0619648,31,Belo Horizonte,226194001,1-2022/IN 01 DE 20/01,,MG,HAB / PRO-MORADIA                         ,PRODUCAO 160 UH                                             ,BAIRRO JARDIM DOS BORGES                                    ,"RUA ARMANDO ZILLER JUNIOR, S/N                              ",2516,PRODUCAO DE 160 UNIDADES HABITACIONAIS                                                                                  ,160,PRODUCAO DE 160 UNIDADES HABITACIONAIS                                                                                  ,0,0,0,em situação normal,HAB - PRODUCAO DE CONJUNSTOS HABITACIONAIS,202311,0,,,,202311,0,0,5,      ,,,,,,,,,,,,,,,,,,,,,62643732,,,,
raw/sharepoint/Canal FGTS/MC20260306.zip,MCidades_AO_1.mdb + AO_2.mdb + AO_3.mdb,0624560,0624560,94,2644500,3176913.45,09/01/23 00:00:00,2023,2,26,194,72051,53000,7178,00,B3,S,0619690,66,CASCAVEL,226194001,PAC,,PR,HAB / PRO-MORADIA                         ,RESIDENCIAL MEU LAR                                         ,NOVA SANTA ROSA                                             ,RUA JUSCELINO KUBTSCHEK                                     ,3709,PRODUCAO DE CONJUNTOS HABITACIONAIS                                                                                     ,0,PRODUCAO DE CONJUNTOS HABITACIONAIS                                                                                     ,0,0,0,em situação normal,HAB - PRODUCAO DE CONJUNSTOS HABITACIONAIS,202602,80.550003,11/05/24 00:00:00,,,202602,80.13,80.55,2,      ,,,6.0,1973820.12,2025,,,,,,,,,,,,,,,,62456094,,,,
raw/sharepoint/Canal FGTS/MC20260306.zip,MCidades_AO_1.mdb + AO_2.mdb + AO_3.mdb,0638330,0638330,03,36085000,37985000,07/19/24 00:00:00,2024,2,26,194,72031,53000,7182,00,A2,N,0619711,11,Rio Branco,226194001,,,AC,HAB / PRO-MORADIA                         ,CONSTRUCAO DE 1001 UNIDADES HABITACIONAIS LTMTO STO AFONSO I,RIO BRANCO ACRE                                             ,RUA INES MEDEIROS DE MORAES BAIRRO SANTO AFONSO             ,0330,CONSTRUCAO DE UNIDADES HABITACIONAIS NA CIDADE DE RIO BRANCO                                                            ,1001,CONSTRUCAO DE UNIDADES HABITACIONAIS NA CIDADE DE RIO BRANCO                                                            ,0,0,0,em situação normal,HAB - PRODUCAO DE CONJUNSTOS HABITACIONAIS,202407,0,,07/12/25 00:00:00,,202407,0,0,5,      ,,,,,,,,,,,,,,,,,,,,,63833003,,,,
raw/sharepoint/Canal FGTS/MC20260306.zip,MCidades_AO_1.mdb + AO_2.mdb + AO_3.mdb,0645733,0645733,21,6000000,6498000,06/16/25 00:00:00,2025,2,26,194,83025,53000,7178,00,A1,N,0619909,98,,226194001,,,PR,HAB / PRO-MORADIA                         ,CONJUNTO HAB. NOVO HORIZONTE; FAXINAL DA BOA VISTA; JARDIM V,MUNICIPIO DE TURVO_______________________________________   ,AV 12 DE MAIO 353 CENTRO                                    ,0639,CONJ HAB NOVO HORIZONTE; FAXINAL BOA VISTA; JARDIM VITORIA; HABITACAO SOLIDARIA - 81 UH                                 ,81,CONJ HAB NOVO HORIZONTE; FAXINAL BOA VISTA; JARDIM VITORIA; HABITACAO SOLIDARIA - 81 UH                                 ,0,0,0,em situação normal,HAB - PRODUCAO DE CONJUNSTOS HABITACIONAIS,202506,0,,,,202506,0,0,5,      ,,,,,,,,,,,,,,,,,,,,,64573321,,,,
raw/sharepoint/Canal FGTS/MC20260306.zip,MCidades_AO_1.mdb + AO_2.mdb + AO_3.mdb,0622131,0622131,54,4407500,5743416.67,05/22/23 00:00:00,2023,2,26,194,82871,53000,7178,00,B2,N,0619977,26,CASCAVEL,226194001,,,PR,HAB / PRO-MORADIA                         ,LOTEAMENTO NOVO HORIZONTE                                   ,CHOPINZINHO                                                 ,RUA JOAQUIM FAVERO - BAIRRO SAO JOSE                        ,3475,PRODUCAO DE CONJUNTOS HABITACIONAIS                                                                                     ,0,PRODUCAO DE CONJUNTOS HABITACIONAIS                                                                                     ,0,0,0,em situação normal,HAB - PRODUCAO DE CONJUNSTOS HABITACIONAIS,202512,71.529999,06/27/24 00:00:00,,,202512,0,71.53,3,      ,,,8.0,2772411.45,2025,54,105,091 - 180 dias,Dificuldade técnica do Tomador,"As unidades habitacionais estão em fase avançada, próximo à conclusão, porém, a infraestrutura, de responsabilidade do município está inicialmente em execução.","Em execução - 71,53% - 8º DESEMBOLSO (11ª medição) creditado em 29/12/25 - aguarda comprovação - Notificado sobre obra paralisada - aguarda nova medição até 16/03/26Enviadas orientações para uso do saldo residual para aumento de metalicitação analisada pela área técnica de engenharia da CAIXA - fazer carta reversal e crono desembolso - cobrar tarifa da reprogramação aprovada, concluídas análise das licitações do social",Não,NÃO,,03/26,,0619977,26,2025-11-20,O município deverá evoluir a obra de infraestrutura (de responsabilidade do tomador) para a continuidade do desembolso das UHs.,62213154,,,,
raw/sharepoint/Canal FGTS/MC20260306.zip,MCidades_AO_1.mdb + AO_2.mdb + AO_3.mdb,0644997,0644997,82,4410000,6112630.09,05/08/25 00:00:00,2025,2,26,194,82960,53000,7178,00,B4,N,0620682,86,CASCAVEL,226194001,,,PR,HAB / PRO-MORADIA                         ,LOTEAMENTO SOCIAL STEINHAUSER                               ,BAIRRO ALTO                                                 ,RUA CONSTANTINO MASCARELO                                   ,4504,PRODUCAO DE CONJUNTOS HABITACIONAIS                                                                                     ,0,PRODUCAO DE CONJUNTOS HABITACIONAIS                                                                                     ,0,0,0,em situação normal,HAB - PRODUCAO DE CONJUNSTOS HABITACIONAIS,202602,38.220001,10/30/25 00:00:00,,,202602,0,38.22,2,      ,,,3.0,1017144.06,2026,,,,,,,,,,,,,,,,64499782,,,,
raw/sharepoint/Canal FGTS/MC20260306.zip,MCidades_AO_1.mdb + AO_2.mdb + AO_3.mdb,0645841,0645841,32,3526000,4387464,06/20/25 00:00:00,2025,2,26,194,71437,53000,7178,00,A1,N,0623306,83,CASCAVEL,226194001,,,PR,HAB / PRO-MORADIA                         ,LOTEAMENTO PENHA                                            ,CORBELIA                                                    ,DISTRITO NOSSA SENHORA DA PENHA                             ,3484,PRODUCAO DE CONJUNTO HABITACIONAL                                                                                       ,0,PRODUCAO DE CONJUNTO HABITACIONAL                                                                                       ,0,0,0,em situação normal,HAB - PRODUCAO DE CONJUNSTOS HABITACIONAIS,202506,0,,,,202506,0,0,5,      ,,,,,,,,,,,,,,,,,,,,,64584132,,,,
raw/sharepoint/Canal FGTS/MC20260306.zip,MCidades_AO_1.mdb + AO_2.mdb + AO_3.mdb,0644739,0644739,50,4000000,5325450.66,04/22/25 00:00:00,2025,2,26,194,69776,53000,7178,00,A1,N,0623586,74,,226194001,,,PR,HAB / PRO-MORADIA                         ,AREA MUNICIPAL TABOAO 48UH                                  ,MUNICIPIO DE IPIRANGA                                       ,ESTRADA DO TABOAO_SN                                        ,3525,PRODUCAO DE CONJUNTOS HABITACIONAIS 48UH                                                                                ,48,PRODUCAO DE CONJUNTOS HABITACIONAIS 48UH                                                                                ,0,0,0,em situação normal,HAB - PRODUCAO DE CONJUNSTOS HABITACIONAIS,202504,0,,,,202504,0,0,5,      ,,,,,,,,,,,,,,,,,,,,,64473950,,,,
raw/sharepoint/Canal FGTS/MC20260306.zip,MCidades_AO_1.mdb + AO_2.mdb + AO_3.mdb,0644469,0644469,94,6316050,7813662.45,04/02/25 00:00:00,2025,2,26,194,71438,53000,7178,00,A1,N,0624064,89,CASCAVEL,226194001,,,PR,HAB / PRO-MORADIA                         ,Residencial Pro-Moradia                                     ,Guaira                                                      ,Rua Esperanca                                               ,3508,Construcao de Unidades Habitacionais                                                                                    ,0,Construcao de Unidades Habitacionais                                                                                    ,0,0,0,em situação normal,HAB - PRODUCAO DE CONJUNSTOS HABITACIONAIS,202504,0,,,,202504,0,0,5,      ,,,,,,,,,,,,,,,,,,,,,64446994,,,,
raw/sharepoint/Canal FGTS/MC20260306.zip,MCidades_AO_1.mdb + AO_2.mdb + AO_3.mdb,0652008,0652008,87,2596000,2732631.58,12/19/25 00:00:00,2025,2,26,194,82929,53000,7178,00,A1,N,0624666,63,CASCAVEL,226194001,,,PR,HAB / PRO-MORADIA                         ,DISTRITO DOS TATETOS E BAIRRO INDUSTRIAL                    ,DISTRITO DOS TATETOS E BAIRRO INDUSTRIAL                    ,"LINHA TATETOS, SN E RUA PROJETADA C, SN                     ",4848,PRODUCAO DE CONJUNTOS HABITACIONAIS                                                                                     ,25,PRODUCAO DE CONJUNTOS HABITACIONAIS                                                                                     ,0,0,0,em situação normal,HAB - PRODUCAO DE CONJUNSTOS HABITACIONAIS,202512,0,,,,202512,0,0,5,      ,,,,,,,,,,,,,,,,,,,,,65200887,,,,
raw/sharepoint/Canal FGTS/MC20260306.zip,MCidades_AO_1.mdb + AO_2.mdb + AO_3.mdb,0652576,0652576,67,3261550,4270167.27,01/28/26 00:00:00,2026,2,26,194,82489,53000,7178,00,A1,N,0624669,95,CASCAVEL,226194001,,,PR,HAB / PRO-MORADIA                         ,RESIDENCIAL VR                                              ,MUNICIPIO DE STA TEREZA DO OESTE                            ,RUA BEIJA FLOR                                              ,4874,PRODUCAO DE CONJUNTOS HABITACIONAIS                                                                                     ,20,PRODUCAO DE CONJUNTOS HABITACIONAIS                                                                                     ,0,0,0,em situação normal,HAB - PRODUCAO DE CONJUNSTOS HABITACIONAIS,202601,0,,,,202601,0,0,5,      ,,,,,,,,,,,,,,,,,,,,,65257667,,,,
raw/sharepoint/Canal FGTS/MC20260306.zip,MCidades_AO_1.mdb + AO_2.mdb + AO_3.mdb,0645324,0645324,74,2838000,4077472.46,05/27/25 00:00:00,2025,2,26,194,82568,53000,7183,00,A1,N,0627408,06,Passo Fundo,226194001,PRO-MORADIA TRES PALMEIRA,,RS,HAB / PRO-MORADIA                         ,PRO-MORADIA PM TRES PALMEIRAS - RS                          ,MUNICIPIO DE TRES PALMEIRAS RS                              ,MUNICIPIO DE TRES PALMEIRAS RS                              ,4668,CONSTRUCAO DE 33 UNIDADES HABITACIONAIS NO LOTEAMENTO MORADA FELIZ II                                                   ,0,CONSTRUCAO DE 33 UNIDADES HABITACIONAIS NO LOTEAMENTO MORADA FELIZ II                                                   ,0,0,0,em situação normal,HAB - PRODUCAO DE CONJUNSTOS HABITACIONAIS,202505,0,,,,202505,0,0,5,      ,,,,,,,,,,,,,,,,,,,,,64532474,,,,
raw/sharepoint/Canal FGTS/MC20260306.zip,MCidades_AO_1.mdb + AO_2.mdb + AO_3.mdb,0646310,0646310,37,3592000,4042000,07/15/25 00:00:00,2025,2,26,194,83711,53000,7183,00,A1,N,0630597,52,CAXIAS DO SUL,226194001,IN 30/22,,RS,HAB / PRO-MORADIA                         ,PRO MORADIA/2024/MUITOS CAPOES/RS                           ,MUNICIPIO DE MUITOS CAPOES RS                               ,LOTEAMENTO POPULAR                                          ,5888,FGTS PRO MORADIA PARA CONSTRUCAO/AQUISICAO DE UNIDADES HABITACIONAIS - CONSTRUCAO DE 41 UNIDADES HABITACIONAIS          ,0,FGTS PRO MORADIA PARA CONSTRUCAO/AQUISICAO DE UNIDADES HABITACIONAIS - CONSTRUCAO DE 41 UNIDADES HABITACIONAIS          ,0,0,0,em situação normal,HAB - PRODUCAO DE CONJUNSTOS HABITACIONAIS,202507,0,,,,202507,0,0,5,      ,,,,,,,,,,,,,,,,,,,,,64631037,,,,
raw/sharepoint/Canal FGTS/MC20260306.zip,MCidades_AO_1.mdb + AO_2.mdb + AO_3.mdb,0648690,0648690,73,6611678.15,7549495.7,10/10/25 00:00:00,2025,2,26,194,71076,53000,6419,00,A1,N,0632241,97,João Pessoa,226194001,,,PB,HAB / PRO-MORADIA                         ,COMUNIDADE CIGANA SOUSA PB PRO-MORADIA ESTADO               ,JARDIM SORRILANDIA SOUSA PB                                 ,RUA ARY FERNANDES DE ARAGAO S/N                             ,1122,COMUNIDADE CIGANA SOUSA PB                                                                                              ,0,COMUNIDADE CIGANA SOUSA PB                                                                                              ,0,0,0,em situação normal,HAB - PRODUCAO DE CONJUNSTOS HABITACIONAIS,202510,0,,,,202510,0,0,5,      ,,,,,,,,,,,,,,,,,,,,,64869073,,,,
raw/sharepoint/Canal FGTS/MC20260306.zip,MCidades_AO_1.mdb + AO_2.mdb + AO_3.mdb,0648692,0648692,91,6040689.91,6633111.41,10/10/25 00:00:00,2025,2,26,194,71076,53000,6419,00,A1,N,0632661,86,João Pessoa,226194001,,,PB,HAB / PRO-MORADIA                         ,BARRA DAS ANTAS SAPE PB                                     ,BARRA DAS ANTAS SAPE PB                                     ,BARRA DAS ANTAS SAPE PB                                     ,1222,BARRA DAS ANTAS SAPE PB                                                                                                 ,0,BARRA DAS ANTAS SAPE PB                                                                                                 ,0,0,0,em situação normal,HAB - PRODUCAO DE CONJUNSTOS HABITACIONAIS,202510,0,,,,202510,0,0,5,      ,,,,,,,,,,,,,,,,,,,,,64869291,,,,
raw/sharepoint/Canal FGTS/MC20260306.zip,MCidades_AO_1.mdb + AO_2.mdb + AO_3.mdb,0648694,0648694,18,2170215,2325965,10/10/25 00:00:00,2025,2,26,194,71076,53000,6419,00,A1,N,0632662,90,João Pessoa,226194001,,,PB,HAB / PRO-MORADIA                         ,ALDEIA CAIEIRA MARCACAO PB                                  ,ALDEIA CAIEIRA MARCACAO PB                                  ,ALDEIA CAIEIRA MARCACAO PB                                  ,5813,ALDEIA CAIEIRA MARCACAO PB                                                                                              ,0,ALDEIA CAIEIRA MARCACAO PB                                                                                              ,0,0,0,em situação normal,HAB - PRODUCAO DE CONJUNSTOS HABITACIONAIS,202510,0,,,,202510,0,0,5,      ,,,,,,,,,,,,,,,,,,,,,64869418,,,,
raw/sharepoint/Canal FGTS/MC20260306.zip,MCidades_AO_1.mdb + AO_2.mdb + AO_3.mdb,0648696,0648696,37,5400510,5711360,10/10/25 00:00:00,2025,2,26,194,71076,53000,6419,00,A1,N,0632663,03,João Pessoa,226194001,,,PB,HAB / PRO-MORADIA                         ,COMUNIDADE VITORIA INDIGENA TABAJARA CONDE PB               ,COMUNIDADE VITORIA INDIGENA TABAJARA CONDE PB               ,COMUNIDADE VITORIA INDIGENA TABAJARA CONDE PB               ,1116,COMUNIDADE VITORIA INDIGENA TABAJARA CONDE PB                                                                           ,0,COMUNIDADE VITORIA INDIGENA TABAJARA CONDE PB                                                                           ,0,0,0,em situação normal,HAB - PRODUCAO DE CONJUNSTOS HABITACIONAIS,202510,0,,,,202510,0,0,5,      ,,,,,,,,,,,,,,,,,,,,,64869637,,,,
raw/sharepoint/Canal FGTS/MC20260306.zip,MCidades_AO_1.mdb + AO_2.mdb + AO_3.mdb,0646554,0646554,85,178706258,188111850.54,07/25/25 00:00:00,2025,2,26,218,71166,53000,7187,00,B2,S,0633828,05,SANTOS,226218100,,,SP,HAB / PRO-MORADIA                         ,PAC PRO-MORADIA PERIFERIA VIVA JD MANOEL PQ PALAFITAS       ,JARDIM SAO MANOEL - SANTOS/SP                               ,JARDIM SAO MANOEL - SANTOS/SP                               ,3325,JD. MANOEL E PARQUE PALAFITAS                                                                                           ,0,JD. MANOEL E PARQUE PALAFITAS                                                                                           ,0,0,0,em situação normal,URBANIZACAO DE ASSENTAMENTOS PRECARIOS    ,202507,0,07/25/25 00:00:00,07/20/26 00:00:00,,202507,0,0,5,      ,,,,,,,,,,,,,,,,,,,,,64655485,,,,
raw/sharepoint/Canal FGTS/MC20260306.zip,MCidades_AO_1.mdb + AO_2.mdb + AO_3.mdb,0646274,0646274,92,33420000,35178947.37,07/10/25 00:00:00,2025,2,26,218,71065,53000,7180,00,A1,S,0633846,27,Fortaleza,226218100,,,CE,HAB / PRO-MORADIA                         ,PERIFERIA VIVA - URBANIZACAO DE FAVELAS - CEARA             ,MUNICIPIO DE FORTALEZA                                      ,AV DR JOSE MARTINS RODRIGUES - 150 - EDSON QUEIROZ          ,0760,PERIFERIA VIVA - URBANIZACAO DE FAVELAS - CEARA                                                                         ,0,PERIFERIA VIVA - URBANIZACAO DE FAVELAS - CEARA                                                                         ,0,0,0,em situação normal,URBANIZACAO DE ASSENTAMENTOS PRECARIOS    ,202507,0,,,,202507,0,0,5,      ,,,,,,,,,,,,,,,,,,,,,64627492,,,,
raw/sharepoint/Canal FGTS/MC20260306.zip,MCidades_AO_1.mdb + AO_2.mdb + AO_3.mdb,0648813,0648813,51,69438600,107217593.78,10/15/25 00:00:00,2025,2,26,218,71932,53000,7187,00,A1,S,0633970,43,,226218100,,,SP,HAB / PRO-MORADIA                         ,JARDIM CLAUDIA - NOVO PAC                                   ,JARDIM CLAUDIA                                              ,ESTR. DOS ALVARENGAS - ASSUNCAO                             ,3327,URBANIZACAO NUCLEO JARDIM CLAUDIA COM PRODUCAO 195 UH E CONSOLIDACAO DE 1.010 FAMILIAS COM PAVIMENTACAO AGUA ESG        ,195,URBANIZACAO NUCLEO JARDIM CLAUDIA COM PRODUCAO 195 UH E CONSOLIDACAO DE 1.010 FAMILIAS COM PAVIMENTACAO AGUA ESG        ,0,0,0,em situação normal,URBANIZACAO DE ASSENTAMENTOS PRECARIOS    ,202510,0,,,,202510,0,0,5,      ,,,,,,,,,,,,,,,,,,,,,64881351,,,,
raw/sharepoint/Canal FGTS/MC20260306.zip,MCidades_AO_1.mdb + AO_2.mdb + AO_3.mdb,0641978,0641978,91,30525000,32135000,12/05/24 00:00:00,2024,2,26,218,72035,53000,7177,00,B2,S,0633972,62,Campo Grande,226218100,,,MS,HAB / PRO-MORADIA                         ,MELHORIA EM 463 UNIDADES HABITACIONAIS NO JARDIM SAMAMBAIA  ,MUNICIPIO DE CAMPO GRANDE MS                                ,PARQUE DOS PODERES BL 08                                    ,4186,MELHORIA EM 463 UNIDADES HABITACIONAIS NO JARDIM SAMAMBAIA  NO MUNICIPIO DE CAMPO GRANDE MS                             ,0,MELHORIA EM 463 UNIDADES HABITACIONAIS NO JARDIM SAMAMBAIA  NO MUNICIPIO DE CAMPO GRANDE MS                             ,0,0,0,em situação normal,URBANIZACAO DE ASSENTAMENTOS PRECARIOS    ,202412,0,12/04/24 00:00:00,12/20/25 00:00:00,,202412,0,0,5,      ,,,,,,,,,,,,,,,,,,,,,64197891,,,,
raw/sharepoint/Canal FGTS/MC20260306.zip,MCidades_AO_1.mdb + AO_2.mdb + AO_3.mdb,0644060,0644060,61,35555093,44443073.23,03/19/25 00:00:00,2025,2,26,218,71712,53000,7174,09,A2,S,0633985,19,Belo Horizonte,226218100,,,MG,HAB / PRO-MORADIA                         ,PARQUE LINEAR INFRAESTRUTURA CONSTR 60UH CABANA PAI TOMAS   ,MUNICIPIO DE BELO HORIZONTE____________________________     ,MUNICIPIO DE BELO HORIZONTE                                 ,1950,IMPLANTACAO DE PARQUE LINEAR INFRAESTRUTURA REMOCAO REASSENTDE FAMILIAS CONSTRUCAO DE 60 UH CABANA PAI TOMAS___         ,0,IMPLANTACAO DE PARQUE LINEAR INFRAESTRUTURA REMOCAO REASSENTDE FAMILIAS CONSTRUCAO DE 60 UH CABANA PAI TOMAS___         ,0,0,0,com cláusula resolutiva,URBANIZACAO DE ASSENTAMENTOS PRECARIOS    ,202503,0,,,,202503,0,0,5,      ,,,,,,,,,,,,,,,,,,,,,64406061,,,,
raw/sharepoint/Canal FGTS/MC20260306.zip,MCidades_AO_1.mdb + AO_2.mdb + AO_3.mdb,0647317,0647317,21,26468303.04,29393425.76,08/26/25 00:00:00,2025,2,26,981,71932,53000,7187,00,A1,S,0633988,41,,226981100,,,SP,HAB / PRO-MORADIA                         ,MONTANHAO - NOVO PAC                                        ,MONTANHAO                                                   ,"ESTRADA DO MONTANHAO, 130                                   ",3327,OBRAS DE CONTENCAO DE ENCOSTAS EM AREA DE MANCHAS CONTIGUAS DE RISCO NO BAIRRO MONTANHAO COM ATENDIMENTO                ,0,OBRAS DE CONTENCAO DE ENCOSTAS EM AREA DE MANCHAS CONTIGUAS DE RISCO NO BAIRRO MONTANHAO COM ATENDIMENTO                ,0,0,0,em situação normal,CONTENCAO DE ENCONTAS                     ,202508,0,,08/20/26 00:00:00,,202508,0,0,5,      ,,,,,,,,,,,,,,,,,,,,,64731721,,,,
raw/sharepoint/Canal FGTS/MC20260306.zip,MCidades_AO_1.mdb + AO_2.mdb + AO_3.mdb,0644062,0644062,89,116000000,124642000,03/19/25 00:00:00,2025,2,26,218,71712,53000,7174,09,A2,S,0633990,84,Belo Horizonte,226218100,,,MG,HAB / PRO-MORADIA                         ,URBANIZACAO DE ASSENTAMENTOS PRECARIOS IZIDORA              ,MUNICIPIO DE BELO HORIZONTE                                 ,MUNICIPIO DE BELO HORIZONTE                                 ,1950,URBANIZACAO DE ASSENTAMENTOS PRECARIOS IZIDORA                                                                          ,0,URBANIZACAO DE ASSENTAMENTOS PRECARIOS IZIDORA                                                                          ,0,0,0,com cláusula resolutiva,URBANIZACAO DE ASSENTAMENTOS PRECARIOS    ,202503,0,,,,202503,0,0,5,      ,,,,,,,,,,,,,,,,,,,,,64406289,,,,
raw/sharepoint/Canal FGTS/MC20260306.zip,MCidades_AO_1.mdb + AO_2.mdb + AO_3.mdb,0647361,0647361,74,78269712,82389170.53,08/29/25 00:00:00,2025,2,26,218,71051,53000,7186,00,A1,S,0634058,14,Salvador,226218100,,,BA,HAB / PRO-MORADIA                         ,URBANIZACAO INTEGRADA DIVERSOS BAIRROS NA CIDADE BAIXA      ,"REGIAO DA CIDADE BAIXA, NO MUNICIPIO DE SALVADOR            ","REGIAO DA CIDADE BAIXA, NO MUNICIPIO DE SALVADOR            ",1600,URBANIZACAO INTEGRADA DIVERSOS BAIRROS NA CIDADE BAIXA      IPIO DE SALVADOR.                                           ,0,URBANIZACAO INTEGRADA DIVERSOS BAIRROS NA CIDADE BAIXA      IPIO DE SALVADOR.                                           ,0,0,0,em situação normal,URBANIZACAO DE ASSENTAMENTOS PRECARIOS    ,202508,0,,08/20/26 00:00:00,,202508,0,0,5,      ,,,,,,,,,,,,,,,,,,,,,64736174,,,,
raw/sharepoint/Canal FGTS/MC20260306.zip,MCidades_AO_1.mdb + AO_2.mdb + AO_3.mdb,0646003,0646003,12,77938726.62,82040764.86,06/30/25 00:00:00,2025,2,26,218,71143,53000,7187,09,B2,S,0634304,93,,226218100,,,SP,HAB / PRO-MORADIA                         ,ROCHDALE 02 - PAC PRO MORADIA                               ,OSASCO                                                      ,OSASCO - ROCHDALE                                           ,3184,URBANIZACAO ASSENTAMENTOS PRECARIOS                                                                                     ,0,URBANIZACAO ASSENTAMENTOS PRECARIOS                                                                                     ,0,0,0,com cláusula resolutiva,URBANIZACAO DE ASSENTAMENTOS PRECARIOS    ,202506,0,06/30/25 00:00:00,06/20/26 00:00:00,,202506,0,0,5,      ,,,,,,,,,,,,,,,,,,,,,64600312,,,,
raw/sharepoint/Canal FGTS/MC20260306.zip,MCidades_AO_1.mdb + AO_2.mdb + AO_3.mdb,0647591,0647591,58,32055081.72,33742191.28,09/09/25 00:00:00,2025,2,26,218,71526,53000,7178,00,A1,S,0634319,69,Curitiba,226218100,,,PR,HAB / PRO-MORADIA                         ,JARDIM BANDEIRANTE                                          ,SAO JOSE DOS PINHAIS                                        ,JARDIM BANDEIRANTES                                         ,3674,REURBANIZACAO BAIRRO JARDIM BANDEIRANTE                                                                                 ,54,REURBANIZACAO BAIRRO JARDIM BANDEIRANTE                                                                                 ,0,0,0,em situação normal,URBANIZACAO DE ASSENTAMENTOS PRECARIOS    ,202509,0,,09/20/26 00:00:00,,202509,0,0,5,      ,,,,,,,,,,,,,,,,,,,,,64759158,,,,
raw/sharepoint/Canal FGTS/MC20260306.zip,MCidades_AO_1.mdb + AO_2.mdb + AO_3.mdb,0648698,0648698,56,4350510,4649054,10/10/25 00:00:00,2025,2,26,194,71076,53000,6419,00,A1,N,0635042,50,João Pessoa,226194001,,,PB,HAB / PRO-MORADIA                         ,COMUNIDADE CIGANA DE MARIZOPOLIS EM SAO JOAO DO RIO DO PEIXE,COMUNIDADE CIGANA SAO JOAO DO RIO DO PEIXE PB               ,COMUNIDADE CIGANA SAO JOAO DO RIO DO PEIXE PB               ,1077,COMUNIDADE CIGANA DE MARIZOPOLIS EM SAO JOAO DO RIO DO PEIXEPB                                                          ,0,COMUNIDADE CIGANA DE MARIZOPOLIS EM SAO JOAO DO RIO DO PEIXEPB                                                          ,0,0,0,em situação normal,HAB - PRODUCAO DE CONJUNSTOS HABITACIONAIS,202510,0,,,,202510,0,0,5,      ,,,,,,,,,,,,,,,,,,,,,64869856,,,,
raw/sharepoint/Canal FGTS/MC20260306.zip,MCidades_AO_1.mdb + AO_2.mdb + AO_3.mdb,0647512,0647512,90,5518000,5808421.05,09/05/25 00:00:00,2025,2,26,981,68380,53000,7184,00,A1,S,0635100,66,Recife,226981100,,,PE,HAB / PRO-MORADIA                         ,CONTENCAO DE ENCOSTAS                                       ,MUNICIPIO DE CAMARAGIBE                                     ,MUNICIPIO DE CAMARAGIBE                                     ,1415,CONTENCAO DE ENCOSTAS                                                                                                   ,0,CONTENCAO DE ENCOSTAS                                                                                                   ,0,0,0,em situação normal,CONTENCAO DE ENCONTAS                     ,202509,0,,09/20/26 00:00:00,,202509,0,0,5,      ,,,,,,,,,,,,,,,,,,,,,64751290,,,,
raw/sharepoint/Canal FGTS/MC20260306.zip,MCidades_AO_1.mdb + AO_2.mdb + AO_3.mdb,0648180,0648180,06,7340080,7726400,09/26/25 00:00:00,2025,2,26,981,71804,53000,7184,00,A1,S,0641237,25,Recife,226981100,,,PE,HAB / PRO-MORADIA                         ,LOTE 16 ENCOSTAS - CORREGO DO CARROCEIRO E DO INACIO        ,MUNICIPIO RECIFE                                            ,MUNICIPIO RECIFE                                            ,1250,LOTE 16 ENCOSTAS - CORREGO DO CARROCEIRO E DO INACIO                                                                    ,0,LOTE 16 ENCOSTAS - CORREGO DO CARROCEIRO E DO INACIO                                                                    ,0,0,0,em situação normal,CONTENCAO DE ENCONTAS                     ,202509,0,,,,202509,0,0,5,      ,,,,,,,,,,,,,,,,,,,,,64818006,,,,
raw/sharepoint/Canal FGTS/MC20260306.zip,MCidades_AO_1.mdb + AO_2.mdb + AO_3.mdb,0648182,0648182,24,11647797.89,12260839.88,09/26/25 00:00:00,2025,2,26,981,71804,53000,7184,00,A1,S,0641238,39,Recife,226981100,,,PE,HAB / PRO-MORADIA                         ,LOTE 17 ENCOSTAS                                            ,MUNICIPIO RECIFE                                            ,MUNICIPIO RECIFE                                            ,1250,"LOTE 17 ENCOSTAS - DOIS UNIDOS, ALTO SANTA TEREZINHA, UR 2, ALTO JOSE BONIFACIO E UR 12                                 ",0,"LOTE 17 ENCOSTAS - DOIS UNIDOS, ALTO SANTA TEREZINHA, UR 2, ALTO JOSE BONIFACIO E UR 12                                 ",0,0,0,em situação normal,CONTENCAO DE ENCONTAS                     ,202509,0,,,,202509,0,0,5,      ,,,,,,,,,,,,,,,,,,,,,64818224,,,,
raw/sharepoint/Canal FGTS/MC20260306.zip,MCidades_AO_1.mdb + AO_2.mdb + AO_3.mdb,0648369,0648369,72,32422911,34129380.33,09/30/25 00:00:00,2025,2,26,981,71051,53000,7186,00,A1,S,0643910,25,Salvador,226981100,,,BA,HAB / PRO-MORADIA                         ,"CONTENCAO DE ENCOSTAS EM ILHEUS, ITABINA E SALVADOR         ","SALVADOR, ILHEUS E ITABUNA                                  ",DIVERSAS LOCALIDADES                                        ,9999,"CONTENCAO DE ENCOSTAS EM PONTOS NOS MUNICIPIOS DE ILHEUS,   ITABUNA E SALVADOR                                          ",0,"CONTENCAO DE ENCOSTAS EM PONTOS NOS MUNICIPIOS DE ILHEUS,   ITABUNA E SALVADOR                                          ",0,0,0,em situação normal,CONTENCAO DE ENCONTAS                     ,202509,0,,,,202509,0,0,5,      ,,,,,,,,,,,,,,,,,,,,,64836972,,,,
