escopo,tipo,arquivo_origem,caminho_relativo,nome,extensao,categoria,tamanho_bytes,modificado_em,periodo_inferido,fonte_inferida,frente_inferida,frente_primaria,detalhe_estrutura,erro
zip,arquivo,Canal FGTS/Arquivados/MC20200103.zip,MCidades_AO_1.mdb,MCidades_AO_1.mdb,.mdb,outro,1119817728,2020-01-03T12:03:34+00:00,2020-01,fgts,fgts_financiado,fgts_financiado,,
zip,arquivo,Canal FGTS/Arquivados/MC20200103.zip,MCidades_AO_2.mdb,MCidades_AO_2.mdb,.mdb,outro,1069219840,2020-01-03T11:59:40+00:00,2020-01,fgts,fgts_financiado,fgts_financiado,,
zip,arquivo,Canal FGTS/Arquivados/MC20200103.zip,MCidades_CCI_CCA_2018.mdb,MCidades_CCI_CCA_2018.mdb,.mdb,outro,490758144,2020-01-03T11:58:20+00:00,2020-01,fgts,fgts_financiado,fgts_financiado,,
zip,arquivo,Canal FGTS/Arquivados/MC20200103.zip,MCidades_CCI_CCA_2019.mdb,MCidades_CCI_CCA_2019.mdb,.mdb,outro,416174080,2020-01-03T11:56:44+00:00,2020-01,fgts,fgts_financiado,fgts_financiado,,
zip,arquivo,Canal FGTS/Arquivados/MC20200207.zip,MCidades_AO_1.mdb,MCidades_AO_1.mdb,.mdb,outro,1121902592,2020-02-07T16:52:08+00:00,2020-02,fgts,fgts_financiado,fgts_financiado,,
zip,arquivo,Canal FGTS/Arquivados/MC20200207.zip,MCidades_AO_2.mdb,MCidades_AO_2.mdb,.mdb,outro,1071042560,2020-02-07T16:50:48+00:00,2020-02,fgts,fgts_financiado,fgts_financiado,,
zip,arquivo,Canal FGTS/Arquivados/MC20200207.zip,MCidades_CCI_CCA_2018.mdb,MCidades_CCI_CCA_2018.mdb,.mdb,outro,486916096,2020-02-07T16:49:54+00:00,2020-02,fgts,fgts_financiado,fgts_financiado,,
zip,arquivo,Canal FGTS/Arquivados/MC20200207.zip,MCidades_CCI_CCA_2019.mdb,MCidades_CCI_CCA_2019.mdb,.mdb,outro,426364928,2020-02-07T16:49:34+00:00,2020-02,fgts,fgts_financiado,fgts_financiado,,
zip,arquivo,Canal FGTS/Arquivados/MC20210108.zip,MCidades_AO_1.mdb,MCidades_AO_1.mdb,.mdb,outro,1141411840,2021-01-08T12:45:14+00:00,2021-01,fgts,fgts_financiado,fgts_financiado,,
zip,arquivo,Canal FGTS/Arquivados/MC20210108.zip,MCidades_AO_2.mdb,MCidades_AO_2.mdb,.mdb,outro,1094553600,2021-01-08T12:43:36+00:00,2021-01,fgts,fgts_financiado,fgts_financiado,,
zip,arquivo,Canal FGTS/Arquivados/MC20210108.zip,MCidades_CCI_CCA_2020.mdb,MCidades_CCI_CCA_2020.mdb,.mdb,outro,428544000,2021-01-08T12:42:18+00:00,2021-01,fgts,fgts_financiado,fgts_financiado,,
zip,arquivo,Canal FGTS/Arquivados/MC20210205.zip,MCidades_AO_1.mdb,MCidades_AO_1.mdb,.mdb,outro,1143083008,2021-02-05T10:45:56+00:00,2021-02,fgts,fgts_financiado,fgts_financiado,,
zip,arquivo,Canal FGTS/Arquivados/MC20210205.zip,MCidades_AO_2.mdb,MCidades_AO_2.mdb,.mdb,outro,1096630272,2021-02-05T10:43:48+00:00,2021-02,fgts,fgts_financiado,fgts_financiado,,
zip,arquivo,Canal FGTS/Arquivados/MC20210205.zip,MCidades_CCI_CCA_2021.mdb,MCidades_CCI_CCA_2021.mdb,.mdb,outro,20942848,2021-02-05T10:42:14+00:00,2021-02,fgts,fgts_financiado,fgts_financiado,,
zip,arquivo,Canal FGTS/Arquivados/MC2021_Contratacao.zip,MCidades_AO_1.mdb,MCidades_AO_1.mdb,.mdb,outro,1153765376,2022-03-25T19:30:20+00:00,,fgts,fgts_financiado,fgts_financiado,,
zip,arquivo,Canal FGTS/Arquivados/MC2021_Contratacao.zip,MCidades_AO_2.mdb,MCidades_AO_2.mdb,.mdb,outro,1129017344,2022-03-25T19:27:56+00:00,,fgts,fgts_financiado,fgts_financiado,,
zip,arquivo,Canal FGTS/Arquivados/MC2021_Contratacao.zip,MCidades_CCI_CCA_2021.mdb,MCidades_CCI_CCA_2021.mdb,.mdb,outro,340201472,2022-03-25T19:26:34+00:00,,fgts,fgts_financiado,fgts_financiado,,
zip,arquivo,Canal FGTS/Arquivados/MC20220107.zip,MCidades_AO_1.mdb,MCidades_AO_1.mdb,.mdb,outro,1148456960,2022-01-07T14:29:00+00:00,2022-01,fgts,fgts_financiado,fgts_financiado,,
zip,arquivo,Canal FGTS/Arquivados/MC20220107.zip,MCidades_AO_2.mdb,MCidades_AO_2.mdb,.mdb,outro,1119780864,2022-01-07T14:26:34+00:00,2022-01,fgts,fgts_financiado,fgts_financiado,,
zip,arquivo,Canal FGTS/Arquivados/MC20220107.zip,MCidades_CCI_CCA_2022.mdb,MCidades_CCI_CCA_2022.mdb,.mdb,outro,2670592,2022-01-07T14:21:56+00:00,2022-01,fgts,fgts_financiado,fgts_financiado,,
zip,arquivo,Canal FGTS/Arquivados/MC20220204.zip,MCidades_AO_1.mdb,MCidades_AO_1.mdb,.mdb,outro,1150554112,2022-02-04T13:57:18+00:00,2022-02,fgts,fgts_financiado,fgts_financiado,,
zip,arquivo,Canal FGTS/Arquivados/MC20220204.zip,MCidades_AO_2.mdb,MCidades_AO_2.mdb,.mdb,outro,1123192832,2022-02-04T13:54:56+00:00,2022-02,fgts,fgts_financiado,fgts_financiado,,
zip,arquivo,Canal FGTS/Arquivados/MC20220204.zip,MCidades_CCI_CCA_2022.mdb,MCidades_CCI_CCA_2022.mdb,.mdb,outro,17698816,2022-02-04T13:52:20+00:00,2022-02,fgts,fgts_financiado,fgts_financiado,,
zip,arquivo,Canal FGTS/Arquivados/MC20230106.zip,MCidades_AO_1.mdb,MCidades_AO_1.mdb,.mdb,outro,1170718720,2023-01-06T07:09:10+00:00,2023-01,fgts,fgts_financiado,fgts_financiado,,
zip,arquivo,Canal FGTS/Arquivados/MC20230106.zip,MCidades_AO_2.mdb,MCidades_AO_2.mdb,.mdb,outro,1164816384,2023-01-06T07:06:26+00:00,2023-01,fgts,fgts_financiado,fgts_financiado,,
zip,arquivo,Canal FGTS/Arquivados/MC20230106.zip,MCidades_CCI_CCA_2023.mdb,MCidades_CCI_CCA_2023.mdb,.mdb,outro,365060096,2023-01-06T07:04:26+00:00,2023-01,fgts,fgts_financiado,fgts_financiado,,
zip,arquivo,Canal FGTS/Arquivados/MC20230203.zip,MCidades_AO_1.mdb,MCidades_AO_1.mdb,.mdb,outro,1133068288,2023-02-03T07:53:20+00:00,2023-02,fgts,fgts_financiado,fgts_financiado,,
zip,arquivo,Canal FGTS/Arquivados/MC20230203.zip,MCidades_AO_2.mdb,MCidades_AO_2.mdb,.mdb,outro,1132003328,2023-02-03T07:50:20+00:00,2023-02,fgts,fgts_financiado,fgts_financiado,,
zip,arquivo,Canal FGTS/Arquivados/MC20230203.zip,MCidades_CCI_CCA_2023.mdb,MCidades_CCI_CCA_2023.mdb,.mdb,outro,24608768,2023-02-03T07:46:46+00:00,2023-02,fgts,fgts_financiado,fgts_financiado,,
zip,arquivo,Canal FGTS/Arquivados/MC20240105.zip,MCidades_AO_1.mdb,MCidades_AO_1.mdb,.mdb,outro,1224085504,2024-01-05T11:03:38+00:00,2024-01,fgts,fgts_financiado,fgts_financiado,,
zip,arquivo,Canal FGTS/Arquivados/MC20240105.zip,MCidades_AO_2.mdb,MCidades_AO_2.mdb,.mdb,outro,1231331328,2024-01-05T11:04:20+00:00,2024-01,fgts,fgts_financiado,fgts_financiado,,
zip,arquivo,Canal FGTS/Arquivados/MC20240105.zip,MCidades_AO_3.mdb,MCidades_AO_3.mdb,.mdb,outro,478842880,2024-01-05T11:51:38+00:00,2024-01,fgts,fgts_financiado,fgts_financiado,,
zip,arquivo,Canal FGTS/Arquivados/MC20240105.zip,MCidades_CCI_CCA_2024.mdb,MCidades_CCI_CCA_2024.mdb,.mdb,outro,537452544,2024-01-05T11:11:16+00:00,2024-01,fgts,fgts_financiado,fgts_financiado,,
zip,arquivo,Canal FGTS/Arquivados/MC20240202.zip,MCidades_AO_1.mdb,MCidades_AO_1.mdb,.mdb,outro,1225134080,2024-02-02T12:26:56+00:00,2024-02,fgts,fgts_financiado,fgts_financiado,,
zip,arquivo,Canal FGTS/Arquivados/MC20240202.zip,MCidades_AO_2.mdb,MCidades_AO_2.mdb,.mdb,outro,1233424384,2024-02-02T12:23:32+00:00,2024-02,fgts,fgts_financiado,fgts_financiado,,
zip,arquivo,Canal FGTS/Arquivados/MC20240202.zip,MCidades_AO_3.mdb,MCidades_AO_3.mdb,.mdb,outro,478842880,2024-02-02T12:59:32+00:00,2024-02,fgts,fgts_financiado,fgts_financiado,,
zip,arquivo,Canal FGTS/Arquivados/MC20240202.zip,MCidades_CCI_CCA_2024.mdb,MCidades_CCI_CCA_2024.mdb,.mdb,outro,34144256,2024-02-02T12:28:36+00:00,2024-02,fgts,fgts_financiado,fgts_financiado,,
zip,arquivo,Canal FGTS/Arquivados/MC20241206.zip,MCidades_AO_1.mdb,MCidades_AO_1.mdb,.mdb,outro,1179357184,2024-12-06T06:56:14+00:00,2024-12,fgts,fgts_financiado,fgts_financiado,,
zip,arquivo,Canal FGTS/Arquivados/MC20241206.zip,MCidades_AO_2.mdb,MCidades_AO_2.mdb,.mdb,outro,1255747584,2024-12-06T06:56:18+00:00,2024-12,fgts,fgts_financiado,fgts_financiado,,
zip,arquivo,Canal FGTS/Arquivados/MC20241206.zip,MCidades_AO_3.mdb,MCidades_AO_3.mdb,.mdb,outro,478867456,2024-12-06T07:23:28+00:00,2024-12,fgts,fgts_financiado,fgts_financiado,,
zip,arquivo,Canal FGTS/Arquivados/MC20241206.zip,MCidades_CCI_CCA_2024.mdb,MCidades_CCI_CCA_2024.mdb,.mdb,outro,612990976,2024-12-06T07:01:42+00:00,2024-12,fgts,fgts_financiado,fgts_financiado,,
zip,arquivo,Canal FGTS/Arquivados/MC20241213.zip,MCidades_AO_1.mdb,MCidades_AO_1.mdb,.mdb,outro,1179529216,2024-12-13T07:09:54+00:00,2024-12,fgts,fgts_financiado,fgts_financiado,,
zip,arquivo,Canal FGTS/Arquivados/MC20241213.zip,MCidades_AO_2.mdb,MCidades_AO_2.mdb,.mdb,outro,1256071168,2024-12-13T07:09:56+00:00,2024-12,fgts,fgts_financiado,fgts_financiado,,
zip,arquivo,Canal FGTS/Arquivados/MC20241213.zip,MCidades_AO_3.mdb,MCidades_AO_3.mdb,.mdb,outro,478867456,2024-12-13T07:36:30+00:00,2024-12,fgts,fgts_financiado,fgts_financiado,,
zip,arquivo,Canal FGTS/Arquivados/MC20241213.zip,MCidades_CCI_CCA_2024.mdb,MCidades_CCI_CCA_2024.mdb,.mdb,outro,623902720,2024-12-13T07:15:16+00:00,2024-12,fgts,fgts_financiado,fgts_financiado,,
zip,arquivo,Canal FGTS/Arquivados/MC20241220.zip,MCidades_AO_1.mdb,MCidades_AO_1.mdb,.mdb,outro,1180450816,2024-12-20T17:13:42+00:00,2024-12,fgts,fgts_financiado,fgts_financiado,,
zip,arquivo,Canal FGTS/Arquivados/MC20241220.zip,MCidades_AO_2.mdb,MCidades_AO_2.mdb,.mdb,outro,1256419328,2024-12-20T17:13:44+00:00,2024-12,fgts,fgts_financiado,fgts_financiado,,
zip,arquivo,Canal FGTS/Arquivados/MC20241220.zip,MCidades_AO_3.mdb,MCidades_AO_3.mdb,.mdb,outro,478867456,2024-12-20T17:40:16+00:00,2024-12,fgts,fgts_financiado,fgts_financiado,,
zip,arquivo,Canal FGTS/Arquivados/MC20241220.zip,MCidades_CCI_CCA_2024.mdb,MCidades_CCI_CCA_2024.mdb,.mdb,outro,638615552,2024-12-20T17:19:32+00:00,2024-12,fgts,fgts_financiado,fgts_financiado,,
zip,arquivo,Canal FGTS/Arquivados/MC20241227.zip,MCidades_AO_1.mdb,MCidades_AO_1.mdb,.mdb,outro,1179811840,2024-12-27T07:12:32+00:00,2024-12,fgts,fgts_financiado,fgts_financiado,,
zip,arquivo,Canal FGTS/Arquivados/MC20241227.zip,MCidades_AO_2.mdb,MCidades_AO_2.mdb,.mdb,outro,1256620032,2024-12-27T07:12:36+00:00,2024-12,fgts,fgts_financiado,fgts_financiado,,
zip,arquivo,Canal FGTS/Arquivados/MC20241227.zip,MCidades_AO_3.mdb,MCidades_AO_3.mdb,.mdb,outro,478863360,2024-12-27T07:38:30+00:00,2024-12,fgts,fgts_financiado,fgts_financiado,,
zip,arquivo,Canal FGTS/Arquivados/MC20241227.zip,MCidades_CCI_CCA_2024.mdb,MCidades_CCI_CCA_2024.mdb,.mdb,outro,660955136,2024-12-27T07:18:16+00:00,2024-12,fgts,fgts_financiado,fgts_financiado,,
zip,arquivo,Canal FGTS/Arquivados/MC20250103.zip,MCidades_AO_1.mdb,MCidades_AO_1.mdb,.mdb,outro,1179627520,2025-01-03T08:08:44+00:00,2025-01,fgts,fgts_financiado,fgts_financiado,,
zip,arquivo,Canal FGTS/Arquivados/MC20250103.zip,MCidades_AO_2.mdb,MCidades_AO_2.mdb,.mdb,outro,1257451520,2025-01-03T08:08:46+00:00,2025-01,fgts,fgts_financiado,fgts_financiado,,
zip,arquivo,Canal FGTS/Arquivados/MC20250103.zip,MCidades_AO_3.mdb,MCidades_AO_3.mdb,.mdb,outro,478863360,2025-01-03T08:37:24+00:00,2025-01,fgts,fgts_financiado,fgts_financiado,,
zip,arquivo,Canal FGTS/Arquivados/MC20250103.zip,MCidades_CCI_CCA_2024.mdb,MCidades_CCI_CCA_2024.mdb,.mdb,outro,668483584,2025-01-03T08:14:50+00:00,2025-01,fgts,fgts_financiado,fgts_financiado,,
zip,arquivo,Canal FGTS/Arquivados/MC20250110.zip,MCidades_AO_1.mdb,MCidades_AO_1.mdb,.mdb,outro,1179459584,2025-01-10T07:09:44+00:00,2025-01,fgts,fgts_financiado,fgts_financiado,,
zip,arquivo,Canal FGTS/Arquivados/MC20250110.zip,MCidades_AO_2.mdb,MCidades_AO_2.mdb,.mdb,outro,1257660416,2025-01-10T07:09:46+00:00,2025-01,fgts,fgts_financiado,fgts_financiado,,
zip,arquivo,Canal FGTS/Arquivados/MC20250110.zip,MCidades_AO_3.mdb,MCidades_AO_3.mdb,.mdb,outro,478863360,2025-01-10T07:38:24+00:00,2025-01,fgts,fgts_financiado,fgts_financiado,,
zip,arquivo,Canal FGTS/Arquivados/MC20250110.zip,MCidades_CCI_CCA_2025.mdb,MCidades_CCI_CCA_2025.mdb,.mdb,outro,668803072,2025-01-10T07:15:50+00:00,2025-01,fgts,fgts_financiado,fgts_financiado,,
zip,arquivo,Canal FGTS/Arquivados/MC20250117.zip,MCidades_AO_1.mdb,MCidades_AO_1.mdb,.mdb,outro,1179881472,2025-01-17T07:20:08+00:00,2025-01,fgts,fgts_financiado,fgts_financiado,,
zip,arquivo,Canal FGTS/Arquivados/MC20250117.zip,MCidades_AO_2.mdb,MCidades_AO_2.mdb,.mdb,outro,1257947136,2025-01-17T07:20:12+00:00,2025-01,fgts,fgts_financiado,fgts_financiado,,
zip,arquivo,Canal FGTS/Arquivados/MC20250117.zip,MCidades_AO_3.mdb,MCidades_AO_3.mdb,.mdb,outro,478863360,2025-01-17T07:48:28+00:00,2025-01,fgts,fgts_financiado,fgts_financiado,,
zip,arquivo,Canal FGTS/Arquivados/MC20250117.zip,MCidades_CCI_CCA_2025.mdb,MCidades_CCI_CCA_2025.mdb,.mdb,outro,672100352,2025-01-17T07:26:16+00:00,2025-01,fgts,fgts_financiado,fgts_financiado,,
zip,arquivo,Canal FGTS/Arquivados/MC20250124.zip,MCidades_AO_1.mdb,MCidades_AO_1.mdb,.mdb,outro,1180495872,2025-01-24T17:30:18+00:00,2025-01,fgts,fgts_financiado,fgts_financiado,,
zip,arquivo,Canal FGTS/Arquivados/MC20250124.zip,MCidades_AO_2.mdb,MCidades_AO_2.mdb,.mdb,outro,1258151936,2025-01-24T17:30:22+00:00,2025-01,fgts,fgts_financiado,fgts_financiado,,
zip,arquivo,Canal FGTS/Arquivados/MC20250124.zip,MCidades_AO_3.mdb,MCidades_AO_3.mdb,.mdb,outro,478863360,2025-01-24T17:58:44+00:00,2025-01,fgts,fgts_financiado,fgts_financiado,,
zip,arquivo,Canal FGTS/Arquivados/MC20250124.zip,MCidades_CCI_CCA_2025.mdb,MCidades_CCI_CCA_2025.mdb,.mdb,outro,676753408,2025-01-24T17:36:24+00:00,2025-01,fgts,fgts_financiado,fgts_financiado,,
zip,arquivo,Canal FGTS/Arquivados/MC20250131.zip,MCidades_AO_1.mdb,MCidades_AO_1.mdb,.mdb,outro,1180098560,2025-01-31T07:12:14+00:00,2025-01,fgts,fgts_financiado,fgts_financiado,,
zip,arquivo,Canal FGTS/Arquivados/MC20250131.zip,MCidades_AO_2.mdb,MCidades_AO_2.mdb,.mdb,outro,1258475520,2025-01-31T07:12:18+00:00,2025-01,fgts,fgts_financiado,fgts_financiado,,
zip,arquivo,Canal FGTS/Arquivados/MC20250131.zip,MCidades_AO_3.mdb,MCidades_AO_3.mdb,.mdb,outro,478867456,2025-01-31T07:40:18+00:00,2025-01,fgts,fgts_financiado,fgts_financiado,,
zip,arquivo,Canal FGTS/Arquivados/MC20250131.zip,MCidades_CCI_CCA_2025.mdb,MCidades_CCI_CCA_2025.mdb,.mdb,outro,670408704,2025-01-31T07:18:22+00:00,2025-01,fgts,fgts_financiado,fgts_financiado,,
zip,arquivo,Canal FGTS/Arquivados/MC20250207.zip,MCidades_AO_1.mdb,MCidades_AO_1.mdb,.mdb,outro,1181614080,2025-02-07T07:06:58+00:00,2025-02,fgts,fgts_financiado,fgts_financiado,,
zip,arquivo,Canal FGTS/Arquivados/MC20250207.zip,MCidades_AO_2.mdb,MCidades_AO_2.mdb,.mdb,outro,1259331584,2025-02-07T07:07:02+00:00,2025-02,fgts,fgts_financiado,fgts_financiado,,
zip,arquivo,Canal FGTS/Arquivados/MC20250207.zip,MCidades_AO_3.mdb,MCidades_AO_3.mdb,.mdb,outro,478867456,2025-02-07T07:29:14+00:00,2025-02,fgts,fgts_financiado,fgts_financiado,,
zip,arquivo,Canal FGTS/Arquivados/MC20250207.zip,MCidades_CCI_CCA_2025.mdb,MCidades_CCI_CCA_2025.mdb,.mdb,outro,10096640,2025-02-07T07:07:06+00:00,2025-02,fgts,fgts_financiado,fgts_financiado,,
zip,arquivo,Canal FGTS/Arquivados/MC20250214.zip,MCidades_AO_1.mdb,MCidades_AO_1.mdb,.mdb,outro,1182109696,2025-02-14T07:37:42+00:00,2025-02,fgts,fgts_financiado,fgts_financiado,,
zip,arquivo,Canal FGTS/Arquivados/MC20250214.zip,MCidades_AO_2.mdb,MCidades_AO_2.mdb,.mdb,outro,1259667456,2025-02-14T07:37:44+00:00,2025-02,fgts,fgts_financiado,fgts_financiado,,
zip,arquivo,Canal FGTS/Arquivados/MC20250214.zip,MCidades_AO_3.mdb,MCidades_AO_3.mdb,.mdb,outro,478863360,2025-02-14T07:59:50+00:00,2025-02,fgts,fgts_financiado,fgts_financiado,,
zip,arquivo,Canal FGTS/Arquivados/MC20250214.zip,MCidades_CCI_CCA_2025.mdb,MCidades_CCI_CCA_2025.mdb,.mdb,outro,50667520,2025-02-14T07:38:12+00:00,2025-02,fgts,fgts_financiado,fgts_financiado,,
zip,arquivo,Canal FGTS/Arquivados/MC20250221.zip,MCidades_AO_1.mdb,MCidades_AO_1.mdb,.mdb,outro,1181794304,2025-02-21T07:55:36+00:00,2025-02,fgts,fgts_financiado,fgts_financiado,,
zip,arquivo,Canal FGTS/Arquivados/MC20250221.zip,MCidades_AO_2.mdb,MCidades_AO_2.mdb,.mdb,outro,1259962368,2025-02-21T07:55:58+00:00,2025-02,fgts,fgts_financiado,fgts_financiado,,
zip,arquivo,Canal FGTS/Arquivados/MC20250221.zip,MCidades_AO_3.mdb,MCidades_AO_3.mdb,.mdb,outro,478867456,2025-02-21T08:20:08+00:00,2025-02,fgts,fgts_financiado,fgts_financiado,,
zip,arquivo,Canal FGTS/Arquivados/MC20250221.zip,MCidades_CCI_CCA_2025.mdb,MCidades_CCI_CCA_2025.mdb,.mdb,outro,60510208,2025-02-21T07:56:12+00:00,2025-02,fgts,fgts_financiado,fgts_financiado,,
zip,arquivo,Canal FGTS/Arquivados/MC20250228.zip,MCidades_AO_1.mdb,MCidades_AO_1.mdb,.mdb,outro,1182281728,2025-02-28T07:48:36+00:00,2025-02,fgts,fgts_financiado,fgts_financiado,,
zip,arquivo,Canal FGTS/Arquivados/MC20250228.zip,MCidades_AO_2.mdb,MCidades_AO_2.mdb,.mdb,outro,1260249088,2025-02-28T07:48:40+00:00,2025-02,fgts,fgts_financiado,fgts_financiado,,
zip,arquivo,Canal FGTS/Arquivados/MC20250228.zip,MCidades_AO_3.mdb,MCidades_AO_3.mdb,.mdb,outro,478859264,2025-02-28T08:12:28+00:00,2025-02,fgts,fgts_financiado,fgts_financiado,,
zip,arquivo,Canal FGTS/Arquivados/MC20250228.zip,MCidades_CCI_CCA_2025.mdb,MCidades_CCI_CCA_2025.mdb,.mdb,outro,74739712,2025-02-28T07:49:28+00:00,2025-02,fgts,fgts_financiado,fgts_financiado,,
zip,arquivo,Canal FGTS/Arquivados/MC20250307.zip,MCidades_AO_1.mdb,MCidades_AO_1.mdb,.mdb,outro,1182101504,2025-03-07T06:52:02+00:00,2025-03,fgts,fgts_financiado,fgts_financiado,,
zip,arquivo,Canal FGTS/Arquivados/MC20250307.zip,MCidades_AO_2.mdb,MCidades_AO_2.mdb,.mdb,outro,1260847104,2025-03-07T06:52:08+00:00,2025-03,fgts,fgts_financiado,fgts_financiado,,
zip,arquivo,Canal FGTS/Arquivados/MC20250307.zip,MCidades_AO_3.mdb,MCidades_AO_3.mdb,.mdb,outro,478867456,2025-03-07T07:14:40+00:00,2025-03,fgts,fgts_financiado,fgts_financiado,,
zip,arquivo,Canal FGTS/Arquivados/MC20250307.zip,MCidades_CCI_CCA_2025.mdb,MCidades_CCI_CCA_2025.mdb,.mdb,outro,80355328,2025-03-07T06:52:52+00:00,2025-03,fgts,fgts_financiado,fgts_financiado,,
zip,arquivo,Canal FGTS/Arquivados/MC20250314.zip,MCidades_AO_1.mdb,MCidades_AO_1.mdb,.mdb,outro,1182560256,2025-03-14T07:12:02+00:00,2025-03,fgts,fgts_financiado,fgts_financiado,,
zip,arquivo,Canal FGTS/Arquivados/MC20250314.zip,MCidades_AO_2.mdb,MCidades_AO_2.mdb,.mdb,outro,1261092864,2025-03-14T07:12:06+00:00,2025-03,fgts,fgts_financiado,fgts_financiado,,
zip,arquivo,Canal FGTS/Arquivados/MC20250314.zip,MCidades_AO_3.mdb,MCidades_AO_3.mdb,.mdb,outro,478867456,2025-03-14T07:35:18+00:00,2025-03,fgts,fgts_financiado,fgts_financiado,,
zip,arquivo,Canal FGTS/Arquivados/MC20250314.zip,MCidades_CCI_CCA_2025.mdb,MCidades_CCI_CCA_2025.mdb,.mdb,outro,97263616,2025-03-14T07:12:58+00:00,2025-03,fgts,fgts_financiado,fgts_financiado,,
zip,arquivo,Canal FGTS/Arquivados/MC20250321.zip,MCidades_AO_1.mdb,MCidades_AO_1.mdb,.mdb,outro,1182769152,2025-03-21T07:11:44+00:00,2025-03,fgts,fgts_financiado,fgts_financiado,,
zip,arquivo,Canal FGTS/Arquivados/MC20250321.zip,MCidades_AO_2.mdb,MCidades_AO_2.mdb,.mdb,outro,1261207552,2025-03-21T07:11:48+00:00,2025-03,fgts,fgts_financiado,fgts_financiado,,
zip,arquivo,Canal FGTS/Arquivados/MC20250321.zip,MCidades_AO_3.mdb,MCidades_AO_3.mdb,.mdb,outro,478863360,2025-03-21T07:34:18+00:00,2025-03,fgts,fgts_financiado,fgts_financiado,,
zip,arquivo,Canal FGTS/Arquivados/MC20250321.zip,MCidades_CCI_CCA_2025.mdb,MCidades_CCI_CCA_2025.mdb,.mdb,outro,106676224,2025-03-21T07:12:46+00:00,2025-03,fgts,fgts_financiado,fgts_financiado,,
zip,arquivo,Canal FGTS/Arquivados/MC20250328.zip,MCidades_AO_1.mdb,MCidades_AO_1.mdb,.mdb,outro,1183399936,2025-03-28T10:54:50+00:00,2025-03,fgts,fgts_financiado,fgts_financiado,,
zip,arquivo,Canal FGTS/Arquivados/MC20250328.zip,MCidades_AO_2.mdb,MCidades_AO_2.mdb,.mdb,outro,1261383680,2025-03-28T10:54:54+00:00,2025-03,fgts,fgts_financiado,fgts_financiado,,
zip,arquivo,Canal FGTS/Arquivados/MC20250328.zip,MCidades_AO_3.mdb,MCidades_AO_3.mdb,.mdb,outro,478863360,2025-03-28T11:17:50+00:00,2025-03,fgts,fgts_financiado,fgts_financiado,,
zip,arquivo,Canal FGTS/Arquivados/MC20250328.zip,MCidades_CCI_CCA_2025.mdb,MCidades_CCI_CCA_2025.mdb,.mdb,outro,121823232,2025-03-28T10:55:54+00:00,2025-03,fgts,fgts_financiado,fgts_financiado,,
zip,arquivo,Canal FGTS/Arquivados/MC20250404.zip,MCidades_AO_1.mdb,MCidades_AO_1.mdb,.mdb,outro,1183895552,2025-04-04T10:52:42+00:00,2025-04,fgts,fgts_financiado,fgts_financiado,,
zip,arquivo,Canal FGTS/Arquivados/MC20250404.zip,MCidades_AO_2.mdb,MCidades_AO_2.mdb,.mdb,outro,1262067712,2025-04-04T10:52:46+00:00,2025-04,fgts,fgts_financiado,fgts_financiado,,
zip,arquivo,Canal FGTS/Arquivados/MC20250404.zip,MCidades_AO_3.mdb,MCidades_AO_3.mdb,.mdb,outro,478863360,2025-04-04T11:15:24+00:00,2025-04,fgts,fgts_financiado,fgts_financiado,,
zip,arquivo,Canal FGTS/Arquivados/MC20250404.zip,MCidades_CCI_CCA_2025.mdb,MCidades_CCI_CCA_2025.mdb,.mdb,outro,127291392,2025-04-04T10:53:48+00:00,2025-04,fgts,fgts_financiado,fgts_financiado,,
zip,arquivo,Canal FGTS/Arquivados/MC20250411.zip,MCidades_AO_1.mdb,MCidades_AO_1.mdb,.mdb,outro,1183793152,2025-04-11T07:19:16+00:00,2025-04,fgts,fgts_financiado,fgts_financiado,,
zip,arquivo,Canal FGTS/Arquivados/MC20250411.zip,MCidades_AO_2.mdb,MCidades_AO_2.mdb,.mdb,outro,1262239744,2025-04-11T07:19:20+00:00,2025-04,fgts,fgts_financiado,fgts_financiado,,
zip,arquivo,Canal FGTS/Arquivados/MC20250411.zip,MCidades_AO_3.mdb,MCidades_AO_3.mdb,.mdb,outro,478859264,2025-04-11T07:42:34+00:00,2025-04,fgts,fgts_financiado,fgts_financiado,,
zip,arquivo,Canal FGTS/Arquivados/MC20250411.zip,MCidades_CCI_CCA_2025.mdb,MCidades_CCI_CCA_2025.mdb,.mdb,outro,149139456,2025-04-11T07:20:32+00:00,2025-04,fgts,fgts_financiado,fgts_financiado,,
zip,arquivo,Canal FGTS/Arquivados/MC20250417.zip,MCidades_AO_1.mdb,MCidades_AO_1.mdb,.mdb,outro,1183670272,2025-04-17T06:41:00+00:00,2025-04,fgts,fgts_financiado,fgts_financiado,,
zip,arquivo,Canal FGTS/Arquivados/MC20250417.zip,MCidades_AO_2.mdb,MCidades_AO_2.mdb,.mdb,outro,1262395392,2025-04-17T06:41:02+00:00,2025-04,fgts,fgts_financiado,fgts_financiado,,
zip,arquivo,Canal FGTS/Arquivados/MC20250417.zip,MCidades_AO_3.mdb,MCidades_AO_3.mdb,.mdb,outro,478863360,2025-04-17T07:02:24+00:00,2025-04,fgts,fgts_financiado,fgts_financiado,,
zip,arquivo,Canal FGTS/Arquivados/MC20250417.zip,MCidades_CCI_CCA_2025.mdb,MCidades_CCI_CCA_2025.mdb,.mdb,outro,155500544,2025-04-17T06:42:18+00:00,2025-04,fgts,fgts_financiado,fgts_financiado,,
zip,arquivo,Canal FGTS/Arquivados/MC20250425.zip,MCidades_AO_1.mdb,MCidades_AO_1.mdb,.mdb,outro,1183879168,2025-04-25T07:47:42+00:00,2025-04,fgts,fgts_financiado,fgts_financiado,,
zip,arquivo,Canal FGTS/Arquivados/MC20250425.zip,MCidades_AO_2.mdb,MCidades_AO_2.mdb,.mdb,outro,1262583808,2025-04-25T07:47:46+00:00,2025-04,fgts,fgts_financiado,fgts_financiado,,
zip,arquivo,Canal FGTS/Arquivados/MC20250425.zip,MCidades_AO_3.mdb,MCidades_AO_3.mdb,.mdb,outro,478867456,2025-04-25T08:09:56+00:00,2025-04,fgts,fgts_financiado,fgts_financiado,,
zip,arquivo,Canal FGTS/Arquivados/MC20250425.zip,MCidades_CCI_CCA_2025.mdb,MCidades_CCI_CCA_2025.mdb,.mdb,outro,170618880,2025-04-25T07:49:10+00:00,2025-04,fgts,fgts_financiado,fgts_financiado,,
zip,arquivo,Canal FGTS/Arquivados/MC20250502.zip,MCidades_AO_1.mdb,MCidades_AO_1.mdb,.mdb,outro,1184145408,2025-05-02T08:49:28+00:00,2025-05,fgts,fgts_financiado,fgts_financiado,,
zip,arquivo,Canal FGTS/Arquivados/MC20250502.zip,MCidades_AO_2.mdb,MCidades_AO_2.mdb,.mdb,outro,1263206400,2025-05-02T08:49:32+00:00,2025-05,fgts,fgts_financiado,fgts_financiado,,
zip,arquivo,Canal FGTS/Arquivados/MC20250502.zip,MCidades_AO_3.mdb,MCidades_AO_3.mdb,.mdb,outro,478867456,2025-05-02T09:11:52+00:00,2025-05,fgts,fgts_financiado,fgts_financiado,,
zip,arquivo,Canal FGTS/Arquivados/MC20250502.zip,MCidades_CCI_CCA_2025.mdb,MCidades_CCI_CCA_2025.mdb,.mdb,outro,187813888,2025-05-02T08:51:04+00:00,2025-05,fgts,fgts_financiado,fgts_financiado,,
zip,arquivo,Canal FGTS/Arquivados/MC20250509.zip,MCidades_AO_1.mdb,MCidades_AO_1.mdb,.mdb,outro,1183854592,2025-05-09T07:19:10+00:00,2025-05,fgts,fgts_financiado,fgts_financiado,,
zip,arquivo,Canal FGTS/Arquivados/MC20250509.zip,MCidades_AO_2.mdb,MCidades_AO_2.mdb,.mdb,outro,1263489024,2025-05-09T07:19:12+00:00,2025-05,fgts,fgts_financiado,fgts_financiado,,
zip,arquivo,Canal FGTS/Arquivados/MC20250509.zip,MCidades_AO_3.mdb,MCidades_AO_3.mdb,.mdb,outro,478867456,2025-05-09T07:42:22+00:00,2025-05,fgts,fgts_financiado,fgts_financiado,,
zip,arquivo,Canal FGTS/Arquivados/MC20250509.zip,MCidades_CCI_CCA_2025.mdb,MCidades_CCI_CCA_2025.mdb,.mdb,outro,203501568,2025-05-09T07:21:02+00:00,2025-05,fgts,fgts_financiado,fgts_financiado,,
zip,arquivo,Canal FGTS/Arquivados/MC20250516.zip,MCidades_AO_1.mdb,MCidades_AO_1.mdb,.mdb,outro,1184997376,2025-05-16T12:41:58+00:00,2025-05,fgts,fgts_financiado,fgts_financiado,,
zip,arquivo,Canal FGTS/Arquivados/MC20250516.zip,MCidades_AO_2.mdb,MCidades_AO_2.mdb,.mdb,outro,1263661056,2025-05-16T12:42:02+00:00,2025-05,fgts,fgts_financiado,fgts_financiado,,
zip,arquivo,Canal FGTS/Arquivados/MC20250516.zip,MCidades_AO_3.mdb,MCidades_AO_3.mdb,.mdb,outro,478867456,2025-05-16T13:06:42+00:00,2025-05,fgts,fgts_financiado,fgts_financiado,,
zip,arquivo,Canal FGTS/Arquivados/MC20250516.zip,MCidades_CCI_CCA_2025.mdb,MCidades_CCI_CCA_2025.mdb,.mdb,outro,220684288,2025-05-16T12:43:54+00:00,2025-05,fgts,fgts_financiado,fgts_financiado,,
zip,arquivo,Canal FGTS/Arquivados/MC20250523.zip,MCidades_AO_1.mdb,MCidades_AO_1.mdb,.mdb,outro,1185054720,2025-05-23T07:19:26+00:00,2025-05,fgts,fgts_financiado,fgts_financiado,,
zip,arquivo,Canal FGTS/Arquivados/MC20250523.zip,MCidades_AO_2.mdb,MCidades_AO_2.mdb,.mdb,outro,1263845376,2025-05-23T07:19:30+00:00,2025-05,fgts,fgts_financiado,fgts_financiado,,
zip,arquivo,Canal FGTS/Arquivados/MC20250523.zip,MCidades_AO_3.mdb,MCidades_AO_3.mdb,.mdb,outro,478863360,2025-05-23T07:43:36+00:00,2025-05,fgts,fgts_financiado,fgts_financiado,,
zip,arquivo,Canal FGTS/Arquivados/MC20250523.zip,MCidades_CCI_CCA_2025.mdb,MCidades_CCI_CCA_2025.mdb,.mdb,outro,233840640,2025-05-23T07:21:30+00:00,2025-05,fgts,fgts_financiado,fgts_financiado,,
zip,arquivo,Canal FGTS/Arquivados/MC20250613 (2).zip,MCidades_AO_1.mdb,MCidades_AO_1.mdb,.mdb,outro,1185484800,2025-06-13T07:27:10+00:00,2025-06,fgts,fgts_financiado,fgts_financiado,,
zip,arquivo,Canal FGTS/Arquivados/MC20250613 (2).zip,MCidades_AO_2.mdb,MCidades_AO_2.mdb,.mdb,outro,1264914432,2025-06-13T07:27:14+00:00,2025-06,fgts,fgts_financiado,fgts_financiado,,
zip,arquivo,Canal FGTS/Arquivados/MC20250613 (2).zip,MCidades_AO_3.mdb,MCidades_AO_3.mdb,.mdb,outro,478863360,2025-06-13T07:50:44+00:00,2025-06,fgts,fgts_financiado,fgts_financiado,,
zip,arquivo,Canal FGTS/Arquivados/MC20250613 (2).zip,MCidades_CCI_CCA_2025.mdb,MCidades_CCI_CCA_2025.mdb,.mdb,outro,285036544,2025-06-13T07:29:40+00:00,2025-06,fgts,fgts_financiado,fgts_financiado,,
zip,arquivo,Canal FGTS/Arquivados/MC20250620.zip,MCidades_AO_1.mdb,MCidades_AO_1.mdb,.mdb,outro,1186254848,2025-06-20T07:34:24+00:00,2025-06,fgts,fgts_financiado,fgts_financiado,,
zip,arquivo,Canal FGTS/Arquivados/MC20250620.zip,MCidades_AO_2.mdb,MCidades_AO_2.mdb,.mdb,outro,1265029120,2025-06-20T07:34:28+00:00,2025-06,fgts,fgts_financiado,fgts_financiado,,
zip,arquivo,Canal FGTS/Arquivados/MC20250620.zip,MCidades_AO_3.mdb,MCidades_AO_3.mdb,.mdb,outro,478863360,2025-06-20T07:58:16+00:00,2025-06,fgts,fgts_financiado,fgts_financiado,,
zip,arquivo,Canal FGTS/Arquivados/MC20250620.zip,MCidades_CCI_CCA_2025.mdb,MCidades_CCI_CCA_2025.mdb,.mdb,outro,304099328,2025-06-20T07:37:00+00:00,2025-06,fgts,fgts_financiado,fgts_financiado,,
zip,arquivo,Canal FGTS/Arquivados/MC20250627.zip,MCidades_AO_1.mdb,MCidades_AO_1.mdb,.mdb,outro,1187155968,2025-06-27T07:45:02+00:00,2025-06,fgts,fgts_financiado,fgts_financiado,,
zip,arquivo,Canal FGTS/Arquivados/MC20250627.zip,MCidades_AO_2.mdb,MCidades_AO_2.mdb,.mdb,outro,1265229824,2025-06-27T07:45:08+00:00,2025-06,fgts,fgts_financiado,fgts_financiado,,
zip,arquivo,Canal FGTS/Arquivados/MC20250627.zip,MCidades_AO_3.mdb,MCidades_AO_3.mdb,.mdb,outro,478867456,2025-06-27T08:11:00+00:00,2025-06,fgts,fgts_financiado,fgts_financiado,,
zip,arquivo,Canal FGTS/Arquivados/MC20250627.zip,MCidades_CCI_CCA_2025.mdb,MCidades_CCI_CCA_2025.mdb,.mdb,outro,313180160,2025-06-27T07:48:00+00:00,2025-06,fgts,fgts_financiado,fgts_financiado,,
zip,arquivo,Canal FGTS/Arquivados/MC20250704.zip,MCidades_AO_1.mdb,MCidades_AO_1.mdb,.mdb,outro,1186263040,2025-07-04T07:34:22+00:00,2025-07,fgts,fgts_financiado,fgts_financiado,,
zip,arquivo,Canal FGTS/Arquivados/MC20250704.zip,MCidades_AO_2.mdb,MCidades_AO_2.mdb,.mdb,outro,1265790976,2025-07-04T07:34:26+00:00,2025-07,fgts,fgts_financiado,fgts_financiado,,
zip,arquivo,Canal FGTS/Arquivados/MC20250704.zip,MCidades_AO_3.mdb,MCidades_AO_3.mdb,.mdb,outro,478867456,2025-07-04T07:59:58+00:00,2025-07,fgts,fgts_financiado,fgts_financiado,,
zip,arquivo,Canal FGTS/Arquivados/MC20250704.zip,MCidades_CCI_CCA_2025.mdb,MCidades_CCI_CCA_2025.mdb,.mdb,outro,321437696,2025-07-04T07:37:36+00:00,2025-07,fgts,fgts_financiado,fgts_financiado,,
zip,arquivo,Canal FGTS/Arquivados/MC20250711.zip,MCidades_AO_1.mdb,MCidades_AO_1.mdb,.mdb,outro,1186869248,2025-07-11T12:32:24+00:00,2025-07,fgts,fgts_financiado,fgts_financiado,,
zip,arquivo,Canal FGTS/Arquivados/MC20250711.zip,MCidades_AO_2.mdb,MCidades_AO_2.mdb,.mdb,outro,1265938432,2025-07-11T12:32:30+00:00,2025-07,fgts,fgts_financiado,fgts_financiado,,
zip,arquivo,Canal FGTS/Arquivados/MC20250711.zip,MCidades_AO_3.mdb,MCidades_AO_3.mdb,.mdb,outro,478867456,2025-07-11T12:58:44+00:00,2025-07,fgts,fgts_financiado,fgts_financiado,,
zip,arquivo,Canal FGTS/Arquivados/MC20250711.zip,MCidades_CCI_CCA_2025.mdb,MCidades_CCI_CCA_2025.mdb,.mdb,outro,335822848,2025-07-11T12:35:48+00:00,2025-07,fgts,fgts_financiado,fgts_financiado,,
zip,arquivo,Canal FGTS/Arquivados/MC20250718.zip,MCidades_AO_1.mdb,MCidades_AO_1.mdb,.mdb,outro,1187573760,2025-07-18T07:47:02+00:00,2025-07,fgts,fgts_financiado,fgts_financiado,,
zip,arquivo,Canal FGTS/Arquivados/MC20250718.zip,MCidades_AO_2.mdb,MCidades_AO_2.mdb,.mdb,outro,1266126848,2025-07-18T07:47:08+00:00,2025-07,fgts,fgts_financiado,fgts_financiado,,
zip,arquivo,Canal FGTS/Arquivados/MC20250718.zip,MCidades_AO_3.mdb,MCidades_AO_3.mdb,.mdb,outro,478867456,2025-07-18T08:15:30+00:00,2025-07,fgts,fgts_financiado,fgts_financiado,,
zip,arquivo,Canal FGTS/Arquivados/MC20250718.zip,MCidades_CCI_CCA_2025.mdb,MCidades_CCI_CCA_2025.mdb,.mdb,outro,346132480,2025-07-18T07:51:00+00:00,2025-07,fgts,fgts_financiado,fgts_financiado,,
zip,arquivo,Canal FGTS/Arquivados/MC20250801.zip,MCidades_AO_1.mdb,MCidades_AO_1.mdb,.mdb,outro,1187557376,2025-08-01T08:49:40+00:00,2025-08,fgts,fgts_financiado,fgts_financiado,,
zip,arquivo,Canal FGTS/Arquivados/MC20250801.zip,MCidades_AO_2.mdb,MCidades_AO_2.mdb,.mdb,outro,1266335744,2025-08-01T08:49:46+00:00,2025-08,fgts,fgts_financiado,fgts_financiado,,
zip,arquivo,Canal FGTS/Arquivados/MC20250801.zip,MCidades_AO_3.mdb,MCidades_AO_3.mdb,.mdb,outro,478863360,2025-08-01T09:17:30+00:00,2025-08,fgts,fgts_financiado,fgts_financiado,,
zip,arquivo,Canal FGTS/Arquivados/MC20250801.zip,MCidades_CCI_CCA_2025.mdb,MCidades_CCI_CCA_2025.mdb,.mdb,outro,382476288,2025-08-01T08:53:40+00:00,2025-08,fgts,fgts_financiado,fgts_financiado,,
zip,pasta,Canal FGTS/Arquivados/MC20250808 (1).zip,MC20250808/,MC20250808,,pasta,,2025-08-08T11:48:40+00:00,2025-08,fgts,fgts_financiado,fgts_financiado,,
zip,arquivo,Canal FGTS/Arquivados/MC20250808 (1).zip,MC20250808/MCidades_AO_1.mdb,MCidades_AO_1.mdb,.mdb,outro,1187602432,2025-08-08T10:14:24+00:00,2025-08,fgts,fgts_financiado,fgts_financiado,,
zip,arquivo,Canal FGTS/Arquivados/MC20250808 (1).zip,MC20250808/MCidades_AO_2.mdb,MCidades_AO_2.mdb,.mdb,outro,1266794496,2025-08-08T10:14:28+00:00,2025-08,fgts,fgts_financiado,fgts_financiado,,
zip,arquivo,Canal FGTS/Arquivados/MC20250808 (1).zip,MC20250808/MCidades_AO_3.mdb,MCidades_AO_3.mdb,.mdb,outro,478863360,2025-08-08T10:41:58+00:00,2025-08,fgts,fgts_financiado,fgts_financiado,,
zip,arquivo,Canal FGTS/Arquivados/MC20250808 (1).zip,MC20250808/MCidades_CCI_CCA_2025.mdb,MCidades_CCI_CCA_2025.mdb,.mdb,outro,404779008,2025-08-08T11:48:40+00:00,2025-08,fgts,fgts_financiado,fgts_financiado,,
zip,pasta,Canal FGTS/Arquivados/MC20250822.zip,MC20250822/,MC20250822,,pasta,,2025-08-22T18:03:46+00:00,2025-08,fgts,fgts_financiado,fgts_financiado,,
zip,arquivo,Canal FGTS/Arquivados/MC20250822.zip,MC20250822/MCidades_AO_1.mdb,MCidades_AO_1.mdb,.mdb,outro,1187971072,2025-08-22T16:56:38+00:00,2025-08,fgts,fgts_financiado,fgts_financiado,,
zip,arquivo,Canal FGTS/Arquivados/MC20250822.zip,MC20250822/MCidades_AO_2.mdb,MCidades_AO_2.mdb,.mdb,outro,1267195904,2025-08-22T15:47:56+00:00,2025-08,fgts,fgts_financiado,fgts_financiado,,
zip,arquivo,Canal FGTS/Arquivados/MC20250822.zip,MC20250822/MCidades_AO_3.mdb,MCidades_AO_3.mdb,.mdb,outro,478863360,2025-08-22T16:01:14+00:00,2025-08,fgts,fgts_financiado,fgts_financiado,,
zip,arquivo,Canal FGTS/Arquivados/MC20250822.zip,MC20250822/MCidades_CCI_CCA_2025.mdb,MCidades_CCI_CCA_2025.mdb,.mdb,outro,438185984,2025-08-22T18:03:46+00:00,2025-08,fgts,fgts_financiado,fgts_financiado,,
zip,arquivo,Canal FGTS/Arquivados/MC20250829.zip,MCidades_AO_1.mdb,MCidades_AO_1.mdb,.mdb,outro,1188716544,2025-08-29T16:23:22+00:00,2025-08,fgts,fgts_financiado,fgts_financiado,,
zip,arquivo,Canal FGTS/Arquivados/MC20250829.zip,MCidades_AO_2.mdb,MCidades_AO_2.mdb,.mdb,outro,1267306496,2025-08-29T16:23:26+00:00,2025-08,fgts,fgts_financiado,fgts_financiado,,
zip,arquivo,Canal FGTS/Arquivados/MC20250829.zip,MCidades_AO_3.mdb,MCidades_AO_3.mdb,.mdb,outro,478867456,2025-08-29T16:48:48+00:00,2025-08,fgts,fgts_financiado,fgts_financiado,,
zip,arquivo,Canal FGTS/Arquivados/MC20250829.zip,MCidades_CCI_CCA_2025.mdb,MCidades_CCI_CCA_2025.mdb,.mdb,outro,461225984,2025-08-29T16:27:40+00:00,2025-08,fgts,fgts_financiado,fgts_financiado,,
zip,pasta,Canal FGTS/Arquivados/MC20250905.zip,MC20250905/,MC20250905,,pasta,,2025-09-05T15:09:38+00:00,2025-09,fgts,fgts_financiado,fgts_financiado,,
zip,arquivo,Canal FGTS/Arquivados/MC20250905.zip,MC20250905/MCidades_AO_1.mdb,MCidades_AO_1.mdb,.mdb,outro,1189003264,2025-09-05T07:28:34+00:00,2025-09,fgts,fgts_financiado,fgts_financiado,,
zip,arquivo,Canal FGTS/Arquivados/MC20250905.zip,MC20250905/MCidades_AO_2.mdb,MCidades_AO_2.mdb,.mdb,outro,1267757056,2025-09-05T07:28:36+00:00,2025-09,fgts,fgts_financiado,fgts_financiado,,
zip,arquivo,Canal FGTS/Arquivados/MC20250905.zip,MC20250905/MCidades_AO_3.mdb,MCidades_AO_3.mdb,.mdb,outro,478863360,2025-09-05T14:56:04+00:00,2025-09,fgts,fgts_financiado,fgts_financiado,,
zip,arquivo,Canal FGTS/Arquivados/MC20250905.zip,MC20250905/MCidades_CCI_CCA_2025.mdb,MCidades_CCI_CCA_2025.mdb,.mdb,outro,466034688,2025-09-05T15:09:38+00:00,2025-09,fgts,fgts_financiado,fgts_financiado,,
zip,arquivo,Canal FGTS/Arquivados/MC20250912.zip,MCidades_AO_1.mdb,MCidades_AO_1.mdb,.mdb,outro,1189953536,2025-09-12T08:22:04+00:00,2025-09,fgts,fgts_financiado,fgts_financiado,,
zip,arquivo,Canal FGTS/Arquivados/MC20250912.zip,MCidades_AO_2.mdb,MCidades_AO_2.mdb,.mdb,outro,1267879936,2025-09-12T08:22:08+00:00,2025-09,fgts,fgts_financiado,fgts_financiado,,
zip,arquivo,Canal FGTS/Arquivados/MC20250912.zip,MCidades_AO_3.mdb,MCidades_AO_3.mdb,.mdb,outro,478867456,2025-09-12T08:50:14+00:00,2025-09,fgts,fgts_financiado,fgts_financiado,,
zip,arquivo,Canal FGTS/Arquivados/MC20250912.zip,MCidades_CCI_CCA_2025.mdb,MCidades_CCI_CCA_2025.mdb,.mdb,outro,480120832,2025-09-12T08:27:00+00:00,2025-09,fgts,fgts_financiado,fgts_financiado,,
zip,arquivo,Canal FGTS/Arquivados/MC20250919.zip,MCidades_AO_1.mdb,MCidades_AO_1.mdb,.mdb,outro,1190064128,2025-09-19T09:06:52+00:00,2025-09,fgts,fgts_financiado,fgts_financiado,,
zip,arquivo,Canal FGTS/Arquivados/MC20250919.zip,MCidades_AO_2.mdb,MCidades_AO_2.mdb,.mdb,outro,1267949568,2025-09-19T09:06:58+00:00,2025-09,fgts,fgts_financiado,fgts_financiado,,
zip,arquivo,Canal FGTS/Arquivados/MC20250919.zip,MCidades_AO_3.mdb,MCidades_AO_3.mdb,.mdb,outro,478863360,2025-09-19T09:34:44+00:00,2025-09,fgts,fgts_financiado,fgts_financiado,,
zip,arquivo,Canal FGTS/Arquivados/MC20250919.zip,MCidades_CCI_CCA_2025.mdb,MCidades_CCI_CCA_2025.mdb,.mdb,outro,503824384,2025-09-19T09:11:46+00:00,2025-09,fgts,fgts_financiado,fgts_financiado,,
zip,arquivo,Canal FGTS/Arquivados/MC20250926.zip,MCidades_AO_1.mdb,MCidades_AO_1.mdb,.mdb,outro,1189941248,2025-09-26T07:43:46+00:00,2025-09,fgts,fgts_financiado,fgts_financiado,,
zip,arquivo,Canal FGTS/Arquivados/MC20250926.zip,MCidades_AO_2.mdb,MCidades_AO_2.mdb,.mdb,outro,1268129792,2025-09-26T07:43:50+00:00,2025-09,fgts,fgts_financiado,fgts_financiado,,
zip,arquivo,Canal FGTS/Arquivados/MC20250926.zip,MCidades_AO_3.mdb,MCidades_AO_3.mdb,.mdb,outro,478863360,2025-09-26T08:11:26+00:00,2025-09,fgts,fgts_financiado,fgts_financiado,,
zip,arquivo,Canal FGTS/Arquivados/MC20250926.zip,MCidades_CCI_CCA_2025.mdb,MCidades_CCI_CCA_2025.mdb,.mdb,outro,529305600,2025-09-26T07:48:50+00:00,2025-09,fgts,fgts_financiado,fgts_financiado,,
zip,arquivo,Canal FGTS/Arquivados/MC20251003.zip,MCidades_AO_1.mdb,MCidades_AO_1.mdb,.mdb,outro,1189818368,2025-10-03T07:24:48+00:00,2025-10,fgts,fgts_financiado,fgts_financiado,,
zip,arquivo,Canal FGTS/Arquivados/MC20251003.zip,MCidades_AO_2.mdb,MCidades_AO_2.mdb,.mdb,outro,1268748288,2025-10-03T07:24:54+00:00,2025-10,fgts,fgts_financiado,fgts_financiado,,
zip,arquivo,Canal FGTS/Arquivados/MC20251003.zip,MCidades_AO_3.mdb,MCidades_AO_3.mdb,.mdb,outro,478863360,2025-10-03T07:52:40+00:00,2025-10,fgts,fgts_financiado,fgts_financiado,,
zip,arquivo,Canal FGTS/Arquivados/MC20251003.zip,MCidades_CCI_CCA_2025.mdb,MCidades_CCI_CCA_2025.mdb,.mdb,outro,542617600,2025-10-03T07:30:14+00:00,2025-10,fgts,fgts_financiado,fgts_financiado,,
zip,arquivo,Canal FGTS/Arquivados/MC20251010.zip,MCidades_AO_1.mdb,MCidades_AO_1.mdb,.mdb,outro,1191243776,2025-10-10T08:55:54+00:00,2025-10,fgts,fgts_financiado,fgts_financiado,,
zip,arquivo,Canal FGTS/Arquivados/MC20251010.zip,MCidades_AO_2.mdb,MCidades_AO_2.mdb,.mdb,outro,1268862976,2025-10-10T08:56:02+00:00,2025-10,fgts,fgts_financiado,fgts_financiado,,
zip,arquivo,Canal FGTS/Arquivados/MC20251010.zip,MCidades_AO_3.mdb,MCidades_AO_3.mdb,.mdb,outro,478863360,2025-10-10T09:25:56+00:00,2025-10,fgts,fgts_financiado,fgts_financiado,,
zip,arquivo,Canal FGTS/Arquivados/MC20251010.zip,MCidades_CCI_CCA_2025.mdb,MCidades_CCI_CCA_2025.mdb,.mdb,outro,562229248,2025-10-10T09:02:58+00:00,2025-10,fgts,fgts_financiado,fgts_financiado,,
zip,arquivo,Canal FGTS/Arquivados/MC20251017.zip,MCidades_AO_1.mdb,MCidades_AO_1.mdb,.mdb,outro,1191346176,2025-10-17T08:50:58+00:00,2025-10,fgts,fgts_financiado,fgts_financiado,,
zip,arquivo,Canal FGTS/Arquivados/MC20251017.zip,MCidades_AO_2.mdb,MCidades_AO_2.mdb,.mdb,outro,1269014528,2025-10-17T08:51:04+00:00,2025-10,fgts,fgts_financiado,fgts_financiado,,
zip,arquivo,Canal FGTS/Arquivados/MC20251017.zip,MCidades_AO_3.mdb,MCidades_AO_3.mdb,.mdb,outro,478859264,2025-10-17T09:19:02+00:00,2025-10,fgts,fgts_financiado,fgts_financiado,,
zip,arquivo,Canal FGTS/Arquivados/MC20251017.zip,MCidades_CCI_CCA_2025.mdb,MCidades_CCI_CCA_2025.mdb,.mdb,outro,574205952,2025-10-17T08:56:40+00:00,2025-10,fgts,fgts_financiado,fgts_financiado,,
zip,arquivo,Canal FGTS/Arquivados/MC20251024.zip,MCidades_AO_1.mdb,MCidades_AO_1.mdb,.mdb,outro,1191432192,2025-10-24T12:51:10+00:00,2025-10,fgts,fgts_financiado,fgts_financiado,,
zip,arquivo,Canal FGTS/Arquivados/MC20251024.zip,MCidades_AO_2.mdb,MCidades_AO_2.mdb,.mdb,outro,1269104640,2025-10-24T12:51:24+00:00,2025-10,fgts,fgts_financiado,fgts_financiado,,
zip,arquivo,Canal FGTS/Arquivados/MC20251024.zip,MCidades_AO_3.mdb,MCidades_AO_3.mdb,.mdb,outro,478867456,2025-10-24T13:21:20+00:00,2025-10,fgts,fgts_financiado,fgts_financiado,,
zip,arquivo,Canal FGTS/Arquivados/MC20251024.zip,MCidades_CCI_CCA_2025.mdb,MCidades_CCI_CCA_2025.mdb,.mdb,outro,594968576,2025-10-24T12:57:42+00:00,2025-10,fgts,fgts_financiado,fgts_financiado,,
zip,arquivo,Canal FGTS/Arquivados/MC20251031.zip,MCidades_AO_1.mdb,MCidades_AO_1.mdb,.mdb,outro,1191297024,2025-10-31T15:06:34+00:00,2025-10,fgts,fgts_financiado,fgts_financiado,,
zip,arquivo,Canal FGTS/Arquivados/MC20251031.zip,MCidades_AO_2.mdb,MCidades_AO_2.mdb,.mdb,outro,1269202944,2025-10-31T15:06:40+00:00,2025-10,fgts,fgts_financiado,fgts_financiado,,
zip,arquivo,Canal FGTS/Arquivados/MC20251031.zip,MCidades_AO_3.mdb,MCidades_AO_3.mdb,.mdb,outro,478863360,2025-10-31T15:36:02+00:00,2025-10,fgts,fgts_financiado,fgts_financiado,,
zip,arquivo,Canal FGTS/Arquivados/MC20251031.zip,MCidades_CCI_CCA_2025.mdb,MCidades_CCI_CCA_2025.mdb,.mdb,outro,607428608,2025-10-31T15:13:04+00:00,2025-10,fgts,fgts_financiado,fgts_financiado,,
zip,arquivo,Canal FGTS/Arquivados/MC20251107.zip,MCidades_AO_1.mdb,MCidades_AO_1.mdb,.mdb,outro,1192415232,2025-11-07T09:23:16+00:00,2025-11,fgts,fgts_financiado,fgts_financiado,,
zip,arquivo,Canal FGTS/Arquivados/MC20251107.zip,MCidades_AO_2.mdb,MCidades_AO_2.mdb,.mdb,outro,1269788672,2025-11-07T09:23:22+00:00,2025-11,fgts,fgts_financiado,fgts_financiado,,
zip,arquivo,Canal FGTS/Arquivados/MC20251107.zip,MCidades_AO_3.mdb,MCidades_AO_3.mdb,.mdb,outro,478863360,2025-11-07T09:53:12+00:00,2025-11,fgts,fgts_financiado,fgts_financiado,,
zip,arquivo,Canal FGTS/Arquivados/MC20251107.zip,MCidades_CCI_CCA_2025.mdb,MCidades_CCI_CCA_2025.mdb,.mdb,outro,631787520,2025-11-07T09:30:04+00:00,2025-11,fgts,fgts_financiado,fgts_financiado,,
zip,arquivo,Canal FGTS/Arquivados/MC20251114.zip,MCidades_AO_1.mdb,MCidades_AO_1.mdb,.mdb,outro,1191841792,2025-11-14T09:03:18+00:00,2025-11,fgts,fgts_financiado,fgts_financiado,,
zip,arquivo,Canal FGTS/Arquivados/MC20251114.zip,MCidades_AO_2.mdb,MCidades_AO_2.mdb,.mdb,outro,1269862400,2025-11-14T09:03:22+00:00,2025-11,fgts,fgts_financiado,fgts_financiado,,
zip,arquivo,Canal FGTS/Arquivados/MC20251114.zip,MCidades_AO_3.mdb,MCidades_AO_3.mdb,.mdb,outro,478863360,2025-11-14T09:32:50+00:00,2025-11,fgts,fgts_financiado,fgts_financiado,,
zip,arquivo,Canal FGTS/Arquivados/MC20251114.zip,MCidades_CCI_CCA_2025.mdb,MCidades_CCI_CCA_2025.mdb,.mdb,outro,644599808,2025-11-14T09:10:12+00:00,2025-11,fgts,fgts_financiado,fgts_financiado,,
zip,arquivo,Canal FGTS/Arquivados/MC20251125.zip,MCidades_AO_1.mdb,MCidades_AO_1.mdb,.mdb,outro,1192239104,2025-11-25T13:24:18+00:00,2025-11,fgts,fgts_financiado,fgts_financiado,,
zip,arquivo,Canal FGTS/Arquivados/MC20251125.zip,MCidades_AO_2.mdb,MCidades_AO_2.mdb,.mdb,outro,1270005760,2025-11-25T13:24:24+00:00,2025-11,fgts,fgts_financiado,fgts_financiado,,
zip,arquivo,Canal FGTS/Arquivados/MC20251125.zip,MCidades_AO_3.mdb,MCidades_AO_3.mdb,.mdb,outro,478863360,2025-11-25T13:55:08+00:00,2025-11,fgts,fgts_financiado,fgts_financiado,,
zip,arquivo,Canal FGTS/Arquivados/MC20251125.zip,MCidades_CCI_CCA_2025.mdb,MCidades_CCI_CCA_2025.mdb,.mdb,outro,667025408,2025-11-25T13:31:46+00:00,2025-11,fgts,fgts_financiado,fgts_financiado,,
zip,arquivo,Canal FGTS/Arquivados/MC20251128.zip,MCidades_AO_1.mdb,MCidades_AO_1.mdb,.mdb,outro,1192435712,2025-11-28T08:37:36+00:00,2025-11,fgts,fgts_financiado,fgts_financiado,,
zip,arquivo,Canal FGTS/Arquivados/MC20251128.zip,MCidades_AO_2.mdb,MCidades_AO_2.mdb,.mdb,outro,1270067200,2025-11-28T08:37:42+00:00,2025-11,fgts,fgts_financiado,fgts_financiado,,
zip,arquivo,Canal FGTS/Arquivados/MC20251128.zip,MCidades_AO_3.mdb,MCidades_AO_3.mdb,.mdb,outro,478863360,2025-11-28T09:08:24+00:00,2025-11,fgts,fgts_financiado,fgts_financiado,,
zip,arquivo,Canal FGTS/Arquivados/MC20251128.zip,MCidades_CCI_CCA_2025.mdb,MCidades_CCI_CCA_2025.mdb,.mdb,outro,671617024,2025-11-28T08:44:50+00:00,2025-11,fgts,fgts_financiado,fgts_financiado,,
zip,arquivo,Canal FGTS/Arquivados/MC20251205.zip,MCidades_AO_1.mdb,MCidades_AO_1.mdb,.mdb,outro,1191993344,2025-12-05T09:29:34+00:00,2025-12,fgts,fgts_financiado,fgts_financiado,,
zip,arquivo,Canal FGTS/Arquivados/MC20251205.zip,MCidades_AO_2.mdb,MCidades_AO_2.mdb,.mdb,outro,1270468608,2025-12-05T09:29:38+00:00,2025-12,fgts,fgts_financiado,fgts_financiado,,
zip,arquivo,Canal FGTS/Arquivados/MC20251205.zip,MCidades_AO_3.mdb,MCidades_AO_3.mdb,.mdb,outro,478863360,2025-12-05T09:58:16+00:00,2025-12,fgts,fgts_financiado,fgts_financiado,,
zip,arquivo,Canal FGTS/Arquivados/MC20251205.zip,MCidades_CCI_CCA_2025.mdb,MCidades_CCI_CCA_2025.mdb,.mdb,outro,688668672,2025-12-05T09:36:20+00:00,2025-12,fgts,fgts_financiado,fgts_financiado,,
zip,arquivo,Canal FGTS/Arquivados/MC20251212.zip,MCidades_AO_1.mdb,MCidades_AO_1.mdb,.mdb,outro,1192755200,2025-12-12T10:38:08+00:00,2025-12,fgts,fgts_financiado,fgts_financiado,,
zip,arquivo,Canal FGTS/Arquivados/MC20251212.zip,MCidades_AO_2.mdb,MCidades_AO_2.mdb,.mdb,outro,1270648832,2025-12-12T10:38:12+00:00,2025-12,fgts,fgts_financiado,fgts_financiado,,
zip,arquivo,Canal FGTS/Arquivados/MC20251212.zip,MCidades_AO_3.mdb,MCidades_AO_3.mdb,.mdb,outro,478867456,2025-12-12T11:07:10+00:00,2025-12,fgts,fgts_financiado,fgts_financiado,,
zip,arquivo,Canal FGTS/Arquivados/MC20251212.zip,MCidades_CCI_CCA_2025.mdb,MCidades_CCI_CCA_2025.mdb,.mdb,outro,701562880,2025-12-12T10:45:06+00:00,2025-12,fgts,fgts_financiado,fgts_financiado,,
zip,arquivo,Canal FGTS/Arquivados/MC20251219.zip,MCidades_AO_1.mdb,MCidades_AO_1.mdb,.mdb,outro,1192890368,2025-12-19T08:46:54+00:00,2025-12,fgts,fgts_financiado,fgts_financiado,,
zip,arquivo,Canal FGTS/Arquivados/MC20251219.zip,MCidades_AO_2.mdb,MCidades_AO_2.mdb,.mdb,outro,1270804480,2025-12-19T08:46:58+00:00,2025-12,fgts,fgts_financiado,fgts_financiado,,
zip,arquivo,Canal FGTS/Arquivados/MC20251219.zip,MCidades_AO_3.mdb,MCidades_AO_3.mdb,.mdb,outro,478863360,2025-12-19T09:17:02+00:00,2025-12,fgts,fgts_financiado,fgts_financiado,,
zip,arquivo,Canal FGTS/Arquivados/MC20251219.zip,MCidades_CCI_CCA_2025.mdb,MCidades_CCI_CCA_2025.mdb,.mdb,outro,722227200,2025-12-19T08:53:46+00:00,2025-12,fgts,fgts_financiado,fgts_financiado,,
zip,arquivo,Canal FGTS/Arquivados/MC20251226.zip,MCidades_AO_1.mdb,MCidades_AO_1.mdb,.mdb,outro,1192771584,2025-12-26T08:43:44+00:00,2025-12,fgts,fgts_financiado,fgts_financiado,,
zip,arquivo,Canal FGTS/Arquivados/MC20251226.zip,MCidades_AO_2.mdb,MCidades_AO_2.mdb,.mdb,outro,1270886400,2025-12-26T08:43:48+00:00,2025-12,fgts,fgts_financiado,fgts_financiado,,
zip,arquivo,Canal FGTS/Arquivados/MC20251226.zip,MCidades_AO_3.mdb,MCidades_AO_3.mdb,.mdb,outro,478863360,2025-12-26T09:12:44+00:00,2025-12,fgts,fgts_financiado,fgts_financiado,,
zip,arquivo,Canal FGTS/Arquivados/MC20251226.zip,MCidades_CCI_CCA_2025.mdb,MCidades_CCI_CCA_2025.mdb,.mdb,outro,749658112,2025-12-26T08:50:44+00:00,2025-12,fgts,fgts_financiado,fgts_financiado,,
zip,arquivo,Canal FGTS/Arquivados/MC20260102.zip,MCidades_AO_1.mdb,MCidades_AO_1.mdb,.mdb,outro,1193177088,2026-01-02T08:48:46+00:00,2026-01,fgts,fgts_financiado,fgts_financiado,,
zip,arquivo,Canal FGTS/Arquivados/MC20260102.zip,MCidades_AO_2.mdb,MCidades_AO_2.mdb,.mdb,outro,1270943744,2026-01-02T08:48:50+00:00,2026-01,fgts,fgts_financiado,fgts_financiado,,
zip,arquivo,Canal FGTS/Arquivados/MC20260102.zip,MCidades_AO_3.mdb,MCidades_AO_3.mdb,.mdb,outro,478863360,2026-01-02T09:17:46+00:00,2026-01,fgts,fgts_financiado,fgts_financiado,,
zip,arquivo,Canal FGTS/Arquivados/MC20260102.zip,MCidades_CCI_CCA_2025.mdb,MCidades_CCI_CCA_2025.mdb,.mdb,outro,754589696,2026-01-02T08:56:02+00:00,2026-01,fgts,fgts_financiado,fgts_financiado,,
zip,arquivo,Canal FGTS/Arquivados/MC20260116.zip,MCidades_AO_1.mdb,MCidades_AO_1.mdb,.mdb,outro,1194164224,2026-01-16T10:26:12+00:00,2026-01,fgts,fgts_financiado,fgts_financiado,,
zip,arquivo,Canal FGTS/Arquivados/MC20260116.zip,MCidades_AO_2.mdb,MCidades_AO_2.mdb,.mdb,outro,1271578624,2026-01-16T10:26:16+00:00,2026-01,fgts,fgts_financiado,fgts_financiado,,
zip,arquivo,Canal FGTS/Arquivados/MC20260116.zip,MCidades_AO_3.mdb,MCidades_AO_3.mdb,.mdb,outro,478863360,2026-01-16T10:55:16+00:00,2026-01,fgts,fgts_financiado,fgts_financiado,,
zip,arquivo,Canal FGTS/Arquivados/MC20260116.zip,MCidades_CCI_CCA_2026.mdb,MCidades_CCI_CCA_2026.mdb,.mdb,outro,765149184,2026-01-16T10:33:18+00:00,2026-01,fgts,fgts_financiado,fgts_financiado,,
zip,arquivo,Canal FGTS/Arquivados/MC20260123.zip,MCidades_AO_1.mdb,MCidades_AO_1.mdb,.mdb,outro,1194315776,2026-01-23T08:20:10+00:00,2026-01,fgts,fgts_financiado,fgts_financiado,,
zip,arquivo,Canal FGTS/Arquivados/MC20260123.zip,MCidades_AO_2.mdb,MCidades_AO_2.mdb,.mdb,outro,1271668736,2026-01-23T08:20:12+00:00,2026-01,fgts,fgts_financiado,fgts_financiado,,
zip,arquivo,Canal FGTS/Arquivados/MC20260123.zip,MCidades_AO_3.mdb,MCidades_AO_3.mdb,.mdb,outro,478863360,2026-01-23T08:48:26+00:00,2026-01,fgts,fgts_financiado,fgts_financiado,,
zip,arquivo,Canal FGTS/Arquivados/MC20260123.zip,MCidades_CCI_CCA_2026.mdb,MCidades_CCI_CCA_2026.mdb,.mdb,outro,765054976,2026-01-23T08:27:00+00:00,2026-01,fgts,fgts_financiado,fgts_financiado,,
zip,pasta,Canal FGTS/Arquivados/MC20260203.zip,Nova pasta (2)/,Nova pasta (2),,pasta,,2026-02-03T15:08:46+00:00,2026-02,fgts,fgts_financiado,fgts_financiado,,
zip,arquivo,Canal FGTS/Arquivados/MC20260203.zip,Nova pasta (2)/MCidades_AO_1.mdb,MCidades_AO_1.mdb,.mdb,outro,1194708992,2026-02-03T15:08:46+00:00,2026-02,fgts,fgts_financiado,fgts_financiado,,
zip,arquivo,Canal FGTS/Arquivados/MC20260203.zip,Nova pasta (2)/MCidades_AO_2.mdb,MCidades_AO_2.mdb,.mdb,outro,1271767040,2026-02-02T10:53:22+00:00,2026-02,fgts,fgts_financiado,fgts_financiado,,
zip,arquivo,Canal FGTS/Arquivados/MC20260203.zip,Nova pasta (2)/MCidades_AO_3.mdb,MCidades_AO_3.mdb,.mdb,outro,496832512,2026-02-03T14:14:36+00:00,2026-02,fgts,fgts_financiado,fgts_financiado,,
zip,arquivo,Canal FGTS/Arquivados/MC20260203.zip,Nova pasta (2)/MCidades_CCI_CCA_ATUAL.mdb,MCidades_CCI_CCA_ATUAL.mdb,.mdb,outro,477626368,2026-02-03T15:08:30+00:00,2026-02,fgts,fgts_financiado,fgts_financiado,,
zip,arquivo,Canal FGTS/Arquivados/MC20260204.zip,MCidades_CCI_CCA_ATUAL.mdb,MCidades_CCI_CCA_ATUAL.mdb,.mdb,outro,477626368,2026-02-04T11:53:20+00:00,2026-02,fgts,fgts_financiado,fgts_financiado,,
zip,arquivo,Canal FGTS/Arquivados/MC20260204.zip,MCidades_AO_1.mdb,MCidades_AO_1.mdb,.mdb,outro,1194708992,2026-02-03T15:08:46+00:00,2026-02,fgts,fgts_financiado,fgts_financiado,,
zip,arquivo,Canal FGTS/Arquivados/MC20260204.zip,MCidades_AO_2.mdb,MCidades_AO_2.mdb,.mdb,outro,1271767040,2026-02-02T10:53:22+00:00,2026-02,fgts,fgts_financiado,fgts_financiado,,
zip,arquivo,Canal FGTS/Arquivados/MC20260204.zip,MCidades_AO_3.mdb,MCidades_AO_3.mdb,.mdb,outro,496832512,2026-02-03T14:14:36+00:00,2026-02,fgts,fgts_financiado,fgts_financiado,,
zip,arquivo,Canal FGTS/Arquivados/MC20260206.zip,MCidades_AO_2.mdb,MCidades_AO_2.mdb,.mdb,outro,1272381440,2026-02-06T08:16:24+00:00,2026-02,fgts,fgts_financiado,fgts_financiado,,
zip,arquivo,Canal FGTS/Arquivados/MC20260206.zip,MCidades_AO_3.mdb,MCidades_AO_3.mdb,.mdb,outro,496840704,2026-02-06T15:49:36+00:00,2026-02,fgts,fgts_financiado,fgts_financiado,,
zip,arquivo,Canal FGTS/Arquivados/MC20260206.zip,MCidades_CCI_CCA_2026.mdb,MCidades_CCI_CCA_2026.mdb,.mdb,outro,59154432,2026-02-06T15:52:24+00:00,2026-02,fgts,fgts_financiado,fgts_financiado,,
zip,arquivo,Canal FGTS/Arquivados/MC20260206.zip,MCidades_AO_1.mdb,MCidades_AO_1.mdb,.mdb,outro,1194049536,2026-02-06T10:30:42+00:00,2026-02,fgts,fgts_financiado,fgts_financiado,,
zip,arquivo,Canal FGTS/MC20260213.zip,MCidades_CCI_CCA_2026.mdb,MCidades_CCI_CCA_2026.mdb,.mdb,outro,75444224,2026-02-13T13:58:10+00:00,2026-02,fgts,fgts_financiado,fgts_financiado,,
zip,arquivo,Canal FGTS/MC20260213.zip,MCidades_AO_1.mdb,MCidades_AO_1.mdb,.mdb,outro,1234026496,2026-02-13T13:58:08+00:00,2026-02,fgts,fgts_financiado,fgts_financiado,,
zip,arquivo,Canal FGTS/MC20260213.zip,MCidades_AO_2.mdb,MCidades_AO_2.mdb,.mdb,outro,1272541184,2026-02-13T13:15:56+00:00,2026-02,fgts,fgts_financiado,fgts_financiado,,
zip,arquivo,Canal FGTS/MC20260213.zip,MCidades_AO_3.mdb,MCidades_AO_3.mdb,.mdb,outro,1135321088,2026-02-13T12:56:14+00:00,2026-02,fgts,fgts_financiado,fgts_financiado,,
zip,arquivo,Canal FGTS/MC20260220.zip,MCidades_AO_1.mdb,MCidades_AO_1.mdb,.mdb,outro,1194926080,2026-02-23T11:29:14+00:00,2026-02,fgts,fgts_financiado,fgts_financiado,,
zip,arquivo,Canal FGTS/MC20260220.zip,MCidades_AO_2.mdb,MCidades_AO_2.mdb,.mdb,outro,1272590336,2026-02-20T11:12:48+00:00,2026-02,fgts,fgts_financiado,fgts_financiado,,
zip,arquivo,Canal FGTS/MC20260220.zip,MCidades_AO_3.mdb,MCidades_AO_3.mdb,.mdb,outro,1135321088,2026-02-20T11:22:12+00:00,2026-02,fgts,fgts_financiado,fgts_financiado,,
zip,arquivo,Canal FGTS/MC20260220.zip,MCidades_CCI_CCA_2026.mdb,MCidades_CCI_CCA_2026.mdb,.mdb,outro,599228416,2026-02-23T11:32:34+00:00,2026-02,fgts,fgts_financiado,fgts_financiado,,
zip,arquivo,Canal FGTS/MC20260227.zip,MCidades_AO_1.mdb,MCidades_AO_1.mdb,.mdb,outro,1194708992,2026-02-27T07:47:48+00:00,2026-02,fgts,fgts_financiado,fgts_financiado,,
zip,arquivo,Canal FGTS/MC20260227.zip,MCidades_AO_2.mdb,MCidades_AO_2.mdb,.mdb,outro,1272664064,2026-02-27T07:47:54+00:00,2026-02,fgts,fgts_financiado,fgts_financiado,,
zip,arquivo,Canal FGTS/MC20260227.zip,MCidades_AO_3.mdb,MCidades_AO_3.mdb,.mdb,outro,478863360,2026-02-27T08:09:58+00:00,2026-02,fgts,fgts_financiado,fgts_financiado,,
zip,arquivo,Canal FGTS/MC20260227.zip,MCidades_CCI_CCA_2026.mdb,MCidades_CCI_CCA_2026.mdb,.mdb,outro,85245952,2026-02-27T07:48:36+00:00,2026-02,fgts,fgts_financiado,fgts_financiado,,
zip,arquivo,Canal FGTS/MC20260306.zip,MCidades_AO_1.mdb,MCidades_AO_1.mdb,.mdb,outro,1195606016,2026-03-06T08:33:46+00:00,2026-03,fgts,fgts_financiado,fgts_financiado,,
zip,arquivo,Canal FGTS/MC20260306.zip,MCidades_AO_2.mdb,MCidades_AO_2.mdb,.mdb,outro,1273233408,2026-03-06T08:33:50+00:00,2026-03,fgts,fgts_financiado,fgts_financiado,,
zip,arquivo,Canal FGTS/MC20260306.zip,MCidades_AO_3.mdb,MCidades_AO_3.mdb,.mdb,outro,478867456,2026-03-06T08:55:32+00:00,2026-03,fgts,fgts_financiado,fgts_financiado,,
zip,arquivo,Canal FGTS/MC20260306.zip,MCidades_CCI_CCA_2026.mdb,MCidades_CCI_CCA_2026.mdb,.mdb,outro,99381248,2026-03-06T08:34:22+00:00,2026-03,fgts,fgts_financiado,fgts_financiado,,
zip,arquivo,Canal FGTS/MC20260313.zip,MCidades_AO_1.mdb,MCidades_AO_1.mdb,.mdb,outro,1194635264,2026-03-13T08:44:58+00:00,2026-03,fgts,fgts_financiado,fgts_financiado,,
zip,arquivo,Canal FGTS/MC20260313.zip,MCidades_AO_2.mdb,MCidades_AO_2.mdb,.mdb,outro,1273380864,2026-03-13T08:45:02+00:00,2026-03,fgts,fgts_financiado,fgts_financiado,,
zip,arquivo,Canal FGTS/MC20260313.zip,MCidades_AO_3.mdb,MCidades_AO_3.mdb,.mdb,outro,478863360,2026-03-13T09:06:22+00:00,2026-03,fgts,fgts_financiado,fgts_financiado,,
zip,arquivo,Canal FGTS/MC20260313.zip,MCidades_CCI_CCA_2026.mdb,MCidades_CCI_CCA_2026.mdb,.mdb,outro,115056640,2026-03-13T08:45:42+00:00,2026-03,fgts,fgts_financiado,fgts_financiado,,
zip,arquivo,Canal FGTS/MC20260320 (1).zip,MCidades_AO_1.mdb,MCidades_AO_1.mdb,.mdb,outro,1195360256,2026-03-20T08:09:22+00:00,2026-03,fgts,fgts_financiado,fgts_financiado,,
zip,arquivo,Canal FGTS/MC20260320 (1).zip,MCidades_AO_2.mdb,MCidades_AO_2.mdb,.mdb,outro,1273516032,2026-03-20T08:09:28+00:00,2026-03,fgts,fgts_financiado,fgts_financiado,,
zip,arquivo,Canal FGTS/MC20260320 (1).zip,MCidades_AO_3.mdb,MCidades_AO_3.mdb,.mdb,outro,478867456,2026-03-20T08:30:20+00:00,2026-03,fgts,fgts_financiado,fgts_financiado,,
zip,arquivo,Canal FGTS/MC20260320 (1).zip,MCidades_CCI_CCA_2026.mdb,MCidades_CCI_CCA_2026.mdb,.mdb,outro,126521344,2026-03-20T08:10:08+00:00,2026-03,fgts,fgts_financiado,fgts_financiado,,
zip,arquivo,Canal FGTS/MC20260327.zip,MCidades_CCI_CCA_2026.mdb,MCidades_CCI_CCA_2026.mdb,.mdb,outro,80347136,2026-03-27T15:09:00+00:00,2026-03,fgts,fgts_financiado,fgts_financiado,,
zip,arquivo,Canal FGTS/MC20260327.zip,MCidades_AO_1.mdb,MCidades_AO_1.mdb,.mdb,outro,1195618304,2026-03-27T15:18:38+00:00,2026-03,fgts,fgts_financiado,fgts_financiado,,
zip,arquivo,Canal FGTS/MC20260327.zip,MCidades_AO_2.mdb,MCidades_AO_2.mdb,.mdb,outro,1273294848,2026-03-27T14:16:30+00:00,2026-03,fgts,fgts_financiado,fgts_financiado,,
zip,arquivo,Canal FGTS/MC20260327.zip,MCidades_AO_3.mdb,MCidades_AO_3.mdb,.mdb,outro,496816128,2026-03-27T14:53:36+00:00,2026-03,fgts,fgts_financiado,fgts_financiado,,
zip,arquivo,Canal FGTS/MC20260402.zip,MCidades_AO_1.mdb,MCidades_AO_1.mdb,.mdb,outro,1190031360,2026-04-02T12:18:48+00:00,2026-04,fgts,fgts_financiado,fgts_financiado,,
zip,arquivo,Canal FGTS/MC20260402.zip,MCidades_AO_2.mdb,MCidades_AO_2.mdb,.mdb,outro,1273823232,2026-04-02T12:32:08+00:00,2026-04,fgts,fgts_financiado,fgts_financiado,,
zip,arquivo,Canal FGTS/MC20260402.zip,MCidades_AO_3.mdb,MCidades_AO_3.mdb,.mdb,outro,863305728,2026-04-02T12:46:44+00:00,2026-04,fgts,fgts_financiado,fgts_financiado,,
zip,arquivo,Canal FGTS/MC20260402.zip,MCidades_AF_2026.mdb,MCidades_AF_2026.mdb,.mdb,outro,170541056,2026-04-02T12:52:38+00:00,2026-04,fgts,fgts_financiado,fgts_financiado,,
zip,arquivo,Canal FGTS/MC20260407.zip,MCidades_AO_1.mdb,MCidades_AO_1.mdb,.mdb,outro,1190031360,2026-04-07T14:02:44+00:00,2026-04,fgts,fgts_financiado,fgts_financiado,,
zip,arquivo,Canal FGTS/MC20260407.zip,MCidades_AO_2.mdb,MCidades_AO_2.mdb,.mdb,outro,1273823232,2026-04-07T14:03:02+00:00,2026-04,fgts,fgts_financiado,fgts_financiado,,
zip,arquivo,Canal FGTS/MC20260407.zip,MCidades_AO_3.mdb,MCidades_AO_3.mdb,.mdb,outro,863305728,2026-04-07T14:03:12+00:00,2026-04,fgts,fgts_financiado,fgts_financiado,,
zip,arquivo,Canal FGTS/MC20260407.zip,MCidades_CCI_CCA_2026.mdb,MCidades_CCI_CCA_2026.mdb,.mdb,outro,170541056,2026-04-07T14:01:46+00:00,2026-04,fgts,fgts_financiado,fgts_financiado,,
zip,arquivo,Canal FGTS/MC20260410.zip,MCidades_AO_1.mdb,MCidades_AO_1.mdb,.mdb,outro,1235894272,2026-04-10T10:54:14+00:00,2026-04,fgts,fgts_financiado,fgts_financiado,,
zip,arquivo,Canal FGTS/MC20260410.zip,MCidades_AO_2.mdb,MCidades_AO_2.mdb,.mdb,outro,1274126336,2026-04-10T10:54:18+00:00,2026-04,fgts,fgts_financiado,fgts_financiado,,
zip,arquivo,Canal FGTS/MC20260410.zip,MCidades_AO_3.mdb,MCidades_AO_3.mdb,.mdb,outro,478863360,2026-04-10T11:16:00+00:00,2026-04,fgts,fgts_financiado,fgts_financiado,,
zip,arquivo,Canal FGTS/MC20260410.zip,MCidades_CCI_CCA_2026.mdb,MCidades_CCI_CCA_2026.mdb,.mdb,outro,164233216,2026-04-10T10:55:14+00:00,2026-04,fgts,fgts_financiado,fgts_financiado,,
zip,arquivo,Canal FGTS/MC20260417.zip,MCidades_AO_1.mdb,MCidades_AO_1.mdb,.mdb,outro,1286176768,2026-04-17T14:44:58+00:00,2026-04,fgts,fgts_financiado,fgts_financiado,,
zip,arquivo,Canal FGTS/MC20260417.zip,MCidades_AO_2.mdb,MCidades_AO_2.mdb,.mdb,outro,1383342080,2026-04-17T14:50:02+00:00,2026-04,fgts,fgts_financiado,fgts_financiado,,
zip,arquivo,Canal FGTS/MC20260417.zip,MCidades_AO_3.mdb,MCidades_AO_3.mdb,.mdb,outro,655507456,2026-04-17T15:20:44+00:00,2026-04,fgts,fgts_financiado,fgts_financiado,,
zip,arquivo,Canal FGTS/MC20260417.zip,MCidades_CCI_CCA_2026.mdb,MCidades_CCI_CCA_2026.mdb,.mdb,outro,201814016,2026-04-17T14:39:56+00:00,2026-04,fgts,fgts_financiado,fgts_financiado,,
zip,arquivo,Canal FGTS/MC20260430.zip,MCidades_AO_3.mdb,MCidades_AO_3.mdb,.mdb,outro,655503360,2026-04-30T12:33:58+00:00,2026-04,fgts,fgts_financiado,fgts_financiado,,
zip,arquivo,Canal FGTS/MC20260430.zip,MCidades_AO_2.mdb,MCidades_AO_2.mdb,.mdb,outro,1383473152,2026-04-30T11:42:06+00:00,2026-04,fgts,fgts_financiado,fgts_financiado,,
zip,arquivo,Canal FGTS/MC20260430.zip,MCidades_CCI_CCA_2026.mdb,MCidades_CCI_CCA_2026.mdb,.mdb,outro,222117888,2026-04-30T10:58:06+00:00,2026-04,fgts,fgts_financiado,fgts_financiado,,
zip,arquivo,Canal FGTS/MC20260430.zip,MCidades_AO_1.mdb,MCidades_AO_1.mdb,.mdb,outro,1286672384,2026-04-30T10:49:20+00:00,2026-04,fgts,fgts_financiado,fgts_financiado,,
zip,arquivo,Canal FGTS/MC20260508.zip,MCidades_CCI_CCA_2026.mdb,MCidades_CCI_CCA_2026.mdb,.mdb,outro,234799104,2026-05-08T11:33:52+00:00,2026-05,fgts,fgts_financiado,fgts_financiado,,
zip,arquivo,Canal FGTS/MC20260508.zip,MCidades_AO_1.mdb,MCidades_AO_1.mdb,.mdb,outro,1290997760,2026-05-08T11:25:36+00:00,2026-05,fgts,fgts_financiado,fgts_financiado,,
zip,arquivo,Canal FGTS/MC20260508.zip,MCidades_AO_2.mdb,MCidades_AO_2.mdb,.mdb,outro,1384521728,2026-05-08T12:03:06+00:00,2026-05,fgts,fgts_financiado,fgts_financiado,,
zip,arquivo,Canal FGTS/MC20260508.zip,MCidades_AO_3.mdb,MCidades_AO_3.mdb,.mdb,outro,655503360,2026-05-08T13:59:48+00:00,2026-05,fgts,fgts_financiado,fgts_financiado,,
zip,arquivo,Canal FGTS/MC20260515.zip,MCidades_CCI_CCA_2026.mdb,MCidades_CCI_CCA_2026.mdb,.mdb,outro,249122816,2026-05-15T10:31:58+00:00,2026-05,fgts,fgts_financiado,fgts_financiado,,
zip,arquivo,Canal FGTS/MC20260515.zip,MCidades_AO_1.mdb,MCidades_AO_1.mdb,.mdb,outro,1282912256,2026-05-15T10:16:24+00:00,2026-05,fgts,fgts_financiado,fgts_financiado,,
zip,arquivo,Canal FGTS/MC20260515.zip,MCidades_AO_2.mdb,MCidades_AO_2.mdb,.mdb,outro,1384587264,2026-05-15T10:41:36+00:00,2026-05,fgts,fgts_financiado,fgts_financiado,,
zip,arquivo,Canal FGTS/MC20260515.zip,MCidades_AO_3.mdb,MCidades_AO_3.mdb,.mdb,outro,655507456,2026-05-15T12:40:16+00:00,2026-05,fgts,fgts_financiado,fgts_financiado,,
zip,arquivo,Canal FGTS/MC20260522.zip,MCidades_AO_3.mdb,MCidades_AO_3.mdb,.mdb,outro,655503360,2026-05-22T16:23:40+00:00,2026-05,fgts,fgts_financiado,fgts_financiado,,
zip,arquivo,Canal FGTS/MC20260522.zip,MCidades_CCI_CCA_2026.mdb,MCidades_CCI_CCA_2026.mdb,.mdb,outro,270622720,2026-05-22T10:11:06+00:00,2026-05,fgts,fgts_financiado,fgts_financiado,,
zip,arquivo,Canal FGTS/MC20260522.zip,MCidades_AO_1.mdb,MCidades_AO_1.mdb,.mdb,outro,1301495808,2026-05-22T15:54:48+00:00,2026-05,fgts,fgts_financiado,fgts_financiado,,
zip,arquivo,Canal FGTS/MC20260522.zip,MCidades_AO_2.mdb,MCidades_AO_2.mdb,.mdb,outro,1384681472,2026-05-22T11:55:08+00:00,2026-05,fgts,fgts_financiado,fgts_financiado,,
zip,arquivo,Canal FGTS/MC20260619.zip,MCidades_AO_1.mdb,MCidades_AO_1.mdb,.mdb,outro,1289732096,2026-06-19T10:54:18+00:00,2026-06,fgts,fgts_financiado,fgts_financiado,,
zip,arquivo,Canal FGTS/MC20260619.zip,MCidades_AO_2.mdb,MCidades_AO_2.mdb,.mdb,outro,2096467968,2026-06-19T13:49:06+00:00,2026-06,fgts,fgts_financiado,fgts_financiado,,
zip,arquivo,Canal FGTS/MC20260619.zip,MCidades_AO_3.mdb,MCidades_AO_3.mdb,.mdb,outro,655507456,2026-06-19T15:08:12+00:00,2026-06,fgts,fgts_financiado,fgts_financiado,,
zip,arquivo,Canal FGTS/MC20260619.zip,MCidades_CCI_CCA_2026.mdb,MCidades_CCI_CCA_2026.mdb,.mdb,outro,317214720,2026-06-19T11:05:44+00:00,2026-06,fgts,fgts_financiado,fgts_financiado,,
zip,arquivo,Canal FGTS/Prestações de Contas/MC_PrestaçãoContas2011_Complemento.zip,MC_Prestaç╞oContas2011_Complemento.mdb,MC_Prestaç╞oContas2011_Complemento.mdb,.mdb,outro,51056640,2012-02-23T17:24:10+00:00,,fgts,fgts_financiado,fgts_financiado,,
zip,arquivo,Canal FGTS/Prestações de Contas/MC_PrestaçãoContas2011_Consolidado.zip,MC_Prestaç╞oContas2011_Consolidado.mdb,MC_Prestaç╞oContas2011_Consolidado.mdb,.mdb,outro,152768512,2012-03-02T17:27:58+00:00,,fgts,fgts_financiado,fgts_financiado,,
zip,arquivo,Canal FGTS/Prestações de Contas/MC_PrestaçãoContas2011_PF_Analítico.zip,MC_Prestaç╞oContas2011_PF_Analítico.mdb,MC_Prestaç╞oContas2011_PF_Analítico.mdb,.mdb,outro,144003072,2012-04-10T14:40:16+00:00,,fgts,fgts_financiado,fgts_financiado,,
zip,arquivo,Canal FGTS/Prestações de Contas/Prestacao_Contas_2020_RETIFICADA.zip,Prestacao_Contas_2020_RETIFICADA.mdb,Prestacao_Contas_2020_RETIFICADA.mdb,.mdb,outro,188502016,2021-03-19T18:22:04+00:00,,fgts,fgts_financiado,fgts_financiado,,
zip,arquivo,Canal FGTS/Prestações de Contas/Prestacao_Contas_2021.zip,Prestacao_Contas_2021.mdb,Prestacao_Contas_2021.mdb,.mdb,outro,261386240,2022-02-07T17:18:28+00:00,,fgts,fgts_financiado,fgts_financiado,,
zip,arquivo,Canal FGTS/Prestações de Contas/Prestação_Contas_2012 - Complemento.zip,Prestaç╞o_Contas_2012 - Complemento.mdb,Prestaç╞o_Contas_2012 - Complemento.mdb,.mdb,outro,137965568,2013-04-18T17:50:16+00:00,,fgts,fgts_financiado,fgts_financiado,,
zip,arquivo,Canal FGTS/Prestações de Contas/Prestação_Contas_2012.zip,Prestaç╞o_Contas_2012.mdb,Prestaç╞o_Contas_2012.mdb,.mdb,outro,153505792,2013-02-15T14:52:46+00:00,,fgts,fgts_financiado,fgts_financiado,,
zip,arquivo,Canal FGTS/Prestações de Contas/Prestação_Contas_2013 - Complemento.zip,Prestaç╞o_Contas_2013 - Complemento.mdb,Prestaç╞o_Contas_2013 - Complemento.mdb,.mdb,outro,159744,2014-03-06T15:42:50+00:00,,fgts,fgts_financiado,fgts_financiado,,
zip,arquivo,Canal FGTS/Prestações de Contas/Prestação_Contas_2013.zip,Prestaç╞o_Contas_2013.mdb,Prestaç╞o_Contas_2013.mdb,.mdb,outro,155201536,2014-02-12T11:56:40+00:00,,fgts,fgts_financiado,fgts_financiado,,
zip,arquivo,Canal FGTS/Prestações de Contas/Prestação_Contas_2014.zip,Prestaç╞o_Contas_2014.mdb,Prestaç╞o_Contas_2014.mdb,.mdb,outro,155480064,2015-02-13T16:43:08+00:00,,fgts,fgts_financiado,fgts_financiado,,
zip,arquivo,Canal FGTS/Prestações de Contas/Prestação_Contas_2015.zip,Prestaç╞o_Contas_2015.mdb,Prestaç╞o_Contas_2015.mdb,.mdb,outro,185606144,2016-02-04T09:39:48+00:00,,fgts,fgts_financiado,fgts_financiado,,
zip,arquivo,Canal FGTS/Prestações de Contas/Prestação_Contas_2015_RETIFICAÇÃO.zip,Prestaç╞o_Contas_2015_RETIFICAÇ╟O.mdb,Prestaç╞o_Contas_2015_RETIFICAÇ╟O.mdb,.mdb,outro,3244032,2016-03-15T15:28:12+00:00,,fgts,fgts_financiado,fgts_financiado,,
zip,arquivo,Canal FGTS/Prestações de Contas/Prestação_Contas_2016.zip,Prestaç╞o_Contas_2016.mdb,Prestaç╞o_Contas_2016.mdb,.mdb,outro,215142400,2017-03-02T15:36:32+00:00,,fgts,fgts_financiado,fgts_financiado,,
zip,arquivo,Canal FGTS/Prestações de Contas/Prestação_Contas_2016_FAIXA_1.5.zip,"Prestaç╞o_Contas_2016_FAIXA_1,5.mdb","Prestaç╞o_Contas_2016_FAIXA_1,5.mdb",.mdb,outro,307200,2017-05-26T18:24:56+00:00,,fgts,fgts_financiado,fgts_financiado,,
zip,arquivo,Canal FGTS/Prestações de Contas/Prestação_Contas_2017.zip,Prestaç╞o_Contas_2017.mdb,Prestaç╞o_Contas_2017.mdb,.mdb,outro,192446464,2018-06-28T13:16:00+00:00,,fgts,fgts_financiado,fgts_financiado,,
zip,arquivo,Canal FGTS/Prestações de Contas/Prestação_Contas_2018.zip,Prestaç╞o_Contas_2018.mdb,Prestaç╞o_Contas_2018.mdb,.mdb,outro,179478528,2019-03-01T12:44:34+00:00,,fgts,fgts_financiado,fgts_financiado,,
zip,arquivo,Canal FGTS/Prestações de Contas/Prestação_Contas_2022.zip,Prestaç╞o_Contas_2022.accdb,Prestaç╞o_Contas_2022.accdb,.accdb,outro,218419200,2023-02-22T19:21:30+00:00,,fgts,fgts_financiado,fgts_financiado,,
zip,arquivo,Canal FGTS/Prestações de Contas/Prestação_Contas_2022_Retificada.zip,Prestaç╞o_Contas_2022_Retificada.mdb,Prestaç╞o_Contas_2022_Retificada.mdb,.mdb,outro,439570432,2024-04-01T11:29:54+00:00,,fgts,fgts_financiado,fgts_financiado,,
zip,arquivo,Canal FGTS/Prestações de Contas/Prestação_Contas_2023_Retificada.zip,Prestaç╞o_Contas_2023_Retificada.mdb,Prestaç╞o_Contas_2023_Retificada.mdb,.mdb,outro,562868224,2024-04-01T11:24:34+00:00,,fgts,fgts_financiado,fgts_financiado,,
zip,arquivo,Canal FGTS/Prestações de Contas/Prestação_Contas_2024.zip,Prestação_Contas_2024.mdb,Prestação_Contas_2024.mdb,.mdb,outro,343134208,2025-03-14T02:34:14+00:00,,fgts,fgts_financiado,fgts_financiado,,
zip,arquivo,Canal FGTS/Prestações de Contas/Prestação_Contas_2024_Ajustado_Cotista.zip,Prestação_Contas_2024.mdb,Prestação_Contas_2024.mdb,.mdb,outro,351035392,2025-03-18T15:01:46+00:00,,fgts,fgts_financiado,fgts_financiado,,
zip,arquivo,Canal FGTS/Prestações de Contas/Prestação_Contas_2025.zip,Prestação_Contas_2025.mdb,Prestação_Contas_2025.mdb,.mdb,outro,513101824,2026-03-20T14:14:12+00:00,,fgts,fgts_financiado,fgts_financiado,,
zip,arquivo,Canal FGTS/Prestações de Contas/Prestação_Contas_Financiamento_PF_2014_Complemento.zip,Prestaç╞o_Contas_Financiamento_PF_2014_Complemento.mdb,Prestaç╞o_Contas_Financiamento_PF_2014_Complemento.mdb,.mdb,outro,150880256,2015-04-27T13:41:36+00:00,,fgts,fgts_financiado,fgts_financiado,,
zip,arquivo,Canal FGTS/Prestações de Contas/Prestação_Contas_Financiamento_PF_2015_Complemento.zip,Prestaç╞o_Contas_Financiamento_PF_2015_Complemento.mdb,Prestaç╞o_Contas_Financiamento_PF_2015_Complemento.mdb,.mdb,outro,145608704,2016-04-13T13:53:04+00:00,,fgts,fgts_financiado,fgts_financiado,,
zip,arquivo,Geohabitação/Bases do Gabinete - Adam/MCMV_FAR_BR_2009_2022.zip,MCMV_FAR_BR_2009_2022.shx,MCMV_FAR_BR_2009_2022.shx,.shx,outro,30420,2025-05-31T01:51:18+00:00,2009-02,nao_identificada,mcmv_geral;far,far,,
zip,arquivo,Geohabitação/Bases do Gabinete - Adam/MCMV_FAR_BR_2009_2022.zip,MCMV_FAR_BR_2009_2022 - Metadados.pdf,MCMV_FAR_BR_2009_2022 - Metadados.pdf,.pdf,documento,224586,2025-06-04T16:19:58+00:00,2009-02,metadados,mcmv_geral;far;metadados,far,,
zip,arquivo,Geohabitação/Bases do Gabinete - Adam/MCMV_FAR_BR_2009_2022.zip,MCMV_FAR_BR_2009_2022 - Tabela de Atributos.xlsx,MCMV_FAR_BR_2009_2022 - Tabela de Atributos.xlsx,.xlsx,dado_tabular_ou_serializado,731244,2025-05-30T00:52:36+00:00,2009-02,nao_identificada,mcmv_geral;far,far,Planilha1,
zip,arquivo,Geohabitação/Bases do Gabinete - Adam/MCMV_FAR_BR_2009_2022.zip,MCMV_FAR_BR_2009_2022.cpg,MCMV_FAR_BR_2009_2022.cpg,.cpg,outro,5,2025-05-30T00:27:58+00:00,2009-02,nao_identificada,mcmv_geral;far,far,,
zip,arquivo,Geohabitação/Bases do Gabinete - Adam/MCMV_FAR_BR_2009_2022.zip,MCMV_FAR_BR_2009_2022.dbf,MCMV_FAR_BR_2009_2022.dbf,.dbf,outro,13148376,2025-05-31T01:51:18+00:00,2009-02,nao_identificada,mcmv_geral;far,far,,
zip,arquivo,Geohabitação/Bases do Gabinete - Adam/MCMV_FAR_BR_2009_2022.zip,MCMV_FAR_BR_2009_2022.kml,MCMV_FAR_BR_2009_2022.kml,.kml,outro,9612904,2025-05-31T01:57:18+00:00,2009-02,nao_identificada,mcmv_geral;far,far,,
zip,arquivo,Geohabitação/Bases do Gabinete - Adam/MCMV_FAR_BR_2009_2022.zip,MCMV_FAR_BR_2009_2022.prj,MCMV_FAR_BR_2009_2022.prj,.prj,outro,145,2025-05-30T00:27:58+00:00,2009-02,nao_identificada,mcmv_geral;far,far,,
zip,arquivo,Geohabitação/Bases do Gabinete - Adam/MCMV_FAR_BR_2009_2022.zip,MCMV_FAR_BR_2009_2022.shp,MCMV_FAR_BR_2009_2022.shp,.shp,outro,1810608,2025-05-31T01:51:18+00:00,2009-02,nao_identificada,mcmv_geral;far,far,,
zip,arquivo,Geohabitação/Bases do Gabinete - Adam/MCMV_FDS_BR_2009_2022.zip,MCMV_FDS_BR_2009_2022.dbf,MCMV_FDS_BR_2009_2022.dbf,.dbf,outro,1915161,2025-06-04T15:06:50+00:00,2009-02,nao_identificada,mcmv_geral;entidades,entidades,,
zip,arquivo,Geohabitação/Bases do Gabinete - Adam/MCMV_FDS_BR_2009_2022.zip,MCMV_FDS_BR_2009_2022.kml,MCMV_FDS_BR_2009_2022.kml,.kml,outro,1261352,2025-06-04T15:40:44+00:00,2009-02,nao_identificada,mcmv_geral;entidades,entidades,,
zip,arquivo,Geohabitação/Bases do Gabinete - Adam/MCMV_FDS_BR_2009_2022.zip,MCMV_FDS_BR_2009_2022.prj,MCMV_FDS_BR_2009_2022.prj,.prj,outro,145,2025-06-04T15:06:50+00:00,2009-02,nao_identificada,mcmv_geral;entidades,entidades,,
zip,arquivo,Geohabitação/Bases do Gabinete - Adam/MCMV_FDS_BR_2009_2022.zip,MCMV_FDS_BR_2009_2022.shp,MCMV_FDS_BR_2009_2022.shp,.shp,outro,230172,2025-06-04T15:06:50+00:00,2009-02,nao_identificada,mcmv_geral;entidades,entidades,,
zip,arquivo,Geohabitação/Bases do Gabinete - Adam/MCMV_FDS_BR_2009_2022.zip,MCMV_FDS_BR_2009_2022.shx,MCMV_FDS_BR_2009_2022.shx,.shx,outro,3980,2025-06-04T15:06:50+00:00,2009-02,nao_identificada,mcmv_geral;entidades,entidades,,
zip,arquivo,Geohabitação/Bases do Gabinete - Adam/MCMV_FDS_BR_2009_2022.zip,MCMV_FDS_BR_2009_2022 - Metadados.pdf,MCMV_FDS_BR_2009_2022 - Metadados.pdf,.pdf,documento,224532,2025-06-04T16:13:24+00:00,2009-02,metadados,mcmv_geral;entidades;metadados,entidades,,
zip,arquivo,Geohabitação/Bases do Gabinete - Adam/MCMV_FDS_BR_2009_2022.zip,MCMV_FDS_BR_2009_2022 - Tabela de atributoss.xlsx,MCMV_FDS_BR_2009_2022 - Tabela de atributoss.xlsx,.xlsx,dado_tabular_ou_serializado,111085,2025-06-04T15:18:00+00:00,2009-02,nao_identificada,mcmv_geral;entidades,entidades,Planilha1,
zip,arquivo,Geohabitação/Bases do Gabinete - Adam/MCMV_FDS_BR_2009_2022.zip,MCMV_FDS_BR_2009_2022.cpg,MCMV_FDS_BR_2009_2022.cpg,.cpg,outro,5,2025-06-04T15:06:50+00:00,2009-02,nao_identificada,mcmv_geral;entidades,entidades,,
zip,arquivo,Geohabitação/Bases do Gabinete - Adam/PAR_BRASIL_POLIGONAIS.zip,PAR_BRASIL_POLIGONAIS.kml,PAR_BRASIL_POLIGONAIS.kml,.kml,outro,2595103,2025-05-30T01:08:22+00:00,,nao_identificada,nao_classificado,nao_classificado,,
zip,arquivo,Geohabitação/Bases do Gabinete - Adam/PAR_BRASIL_POLIGONAIS.zip,PAR_BRASIL_POLIGONAIS.prj,PAR_BRASIL_POLIGONAIS.prj,.prj,outro,145,2025-04-11T10:15:30+00:00,,nao_identificada,nao_classificado,nao_classificado,,
zip,arquivo,Geohabitação/Bases do Gabinete - Adam/PAR_BRASIL_POLIGONAIS.zip,PAR_BRASIL_POLIGONAIS.shp,PAR_BRASIL_POLIGONAIS.shp,.shp,outro,548536,2025-04-11T10:15:32+00:00,,nao_identificada,nao_classificado,nao_classificado,,
zip,arquivo,Geohabitação/Bases do Gabinete - Adam/PAR_BRASIL_POLIGONAIS.zip,PAR_BRASIL_POLIGONAIS.shx,PAR_BRASIL_POLIGONAIS.shx,.shx,outro,13820,2025-04-11T10:15:32+00:00,,nao_identificada,nao_classificado,nao_classificado,,
zip,arquivo,Geohabitação/Bases do Gabinete - Adam/PAR_BRASIL_POLIGONAIS.zip,PAR_BRASIL_POLIGONAIS - Metadados.pdf,PAR_BRASIL_POLIGONAIS - Metadados.pdf,.pdf,documento,199075,2025-06-03T20:46:50+00:00,,metadados,metadados,metadados,,
zip,arquivo,Geohabitação/Bases do Gabinete - Adam/PAR_BRASIL_POLIGONAIS.zip,PAR_BRASIL_POLIGONAIS - Tabela de Atributos.xlsx,PAR_BRASIL_POLIGONAIS - Tabela de Atributos.xlsx,.xlsx,dado_tabular_ou_serializado,217235,2025-04-11T14:53:20+00:00,,nao_identificada,nao_classificado,nao_classificado,Planilha1,
zip,arquivo,Geohabitação/Bases do Gabinete - Adam/PAR_BRASIL_POLIGONAIS.zip,PAR_BRASIL_POLIGONAIS.cpg,PAR_BRASIL_POLIGONAIS.cpg,.cpg,outro,5,2025-04-11T10:15:30+00:00,,nao_identificada,nao_classificado,nao_classificado,,
zip,arquivo,Geohabitação/Bases do Gabinete - Adam/PAR_BRASIL_POLIGONAIS.zip,PAR_BRASIL_POLIGONAIS.dbf,PAR_BRASIL_POLIGONAIS.dbf,.dbf,outro,4848787,2025-04-11T10:15:30+00:00,,nao_identificada,nao_classificado,nao_classificado,,
zip,arquivo,Novo MCMV - FAR/FAR - Consolidado/anexos_mcid.zip,HIS_MCIDADES_CONSOLIDADO_20260824.csv,HIS_MCIDADES_CONSOLIDADO_20260824.csv,.csv,dado_tabular_ou_serializado,7655127,2026-08-24T11:35:20+00:00,2026-08,nao_identificada,mcmv_geral;far,far,,
zip,arquivo,Novo MCMV - FAR/FAR - Consolidado/anexos_mcid.zip,HIS_MCIDADES_CONSOLIDADO_20260824.txt,HIS_MCIDADES_CONSOLIDADO_20260824.txt,.txt,dado_tabular_ou_serializado,53201488,2026-08-24T11:35:20+00:00,2026-08,nao_identificada,mcmv_geral;far,far,,
zip,arquivo,Oferta Pública/Arquivados/36. BASE OFERTA - CONSOLIDADA EM 30.01.2026 - Com Banco Morada.zip,36. BASE OFERTA - CONSOLIDADA EM 30.01.2026 - Com Banco Morada.xlsx,36. BASE OFERTA - CONSOLIDADA EM 30.01.2026 - Com Banco Morada.xlsx,.xlsx,dado_tabular_ou_serializado,105824058,2026-02-05T07:51:56+00:00,,nao_identificada,nao_classificado,nao_classificado,BASE CONSOLIDADA,
zip,arquivo,SNHIS/Arquivados/FNHIS_SEMANAL_03-06-2025 G.zip,FNHIS_SEMANAL_03-06-2025 G.xls,FNHIS_SEMANAL_03-06-2025 G.xls,.xls,dado_tabular_ou_serializado,2022912,2025-06-03T15:14:22+00:00,,nao_identificada,sub50_fnhis,sub50_fnhis,erro_excel:`Import xlrd` failed. Install xlrd >= 2.0.1 for xls Excel support Use pip or conda to install the xlrd package.,
zip,arquivo,SNHIS/Arquivados/FNHIS_SEMANAL_03-06-2025 M.zip,FNHIS_SEMANAL_03-06-2025.xls,FNHIS_SEMANAL_03-06-2025.xls,.xls,dado_tabular_ou_serializado,1658880,2025-06-03T15:09:10+00:00,,nao_identificada,sub50_fnhis,sub50_fnhis,erro_excel:`Import xlrd` failed. Install xlrd >= 2.0.1 for xls Excel support Use pip or conda to install the xlrd package.,
zip,arquivo,SNHIS/Arquivados/FNHIS_SEMANAL_04-08-2025 G.zip,FNHIS_SEMANAL_04-08-2025 G.xls,FNHIS_SEMANAL_04-08-2025 G.xls,.xls,dado_tabular_ou_serializado,2023424,2025-08-04T11:43:12+00:00,,nao_identificada,sub50_fnhis,sub50_fnhis,erro_excel:`Import xlrd` failed. Install xlrd >= 2.0.1 for xls Excel support Use pip or conda to install the xlrd package.,
zip,erro_zip,SNHIS/Arquivados/FNHIS_SEMANAL_05-05-2025.zip,,FNHIS_SEMANAL_05-05-2025.zip,.zip,arquivo_compactado,404,2026-08-29T15:50:00+00:00,,nao_identificada,sub50_fnhis,sub50_fnhis,,File is not a zip file
zip,arquivo,SNHIS/Arquivados/FNHIS_SEMANAL_07-04-2025.zip,FNHIS_SEMANAL_07-04-2025.xls,FNHIS_SEMANAL_07-04-2025.xls,.xls,dado_tabular_ou_serializado,2025472,2025-04-07T12:54:48+00:00,,nao_identificada,sub50_fnhis,sub50_fnhis,erro_excel:`Import xlrd` failed. Install xlrd >= 2.0.1 for xls Excel support Use pip or conda to install the xlrd package.,
zip,arquivo,SNHIS/Arquivados/FNHIS_SEMANAL_09-06-2025 G.zip,FNHIS_SEMANAL_09-06-2025.xls,FNHIS_SEMANAL_09-06-2025.xls,.xls,dado_tabular_ou_serializado,2022912,2025-06-09T13:04:20+00:00,,nao_identificada,sub50_fnhis,sub50_fnhis,erro_excel:`Import xlrd` failed. Install xlrd >= 2.0.1 for xls Excel support Use pip or conda to install the xlrd package.,
zip,arquivo,SNHIS/Arquivados/FNHIS_SEMANAL_09-06-2025 M.zip,FNHIS_SEMANAL_09-06-2025.xlsx,FNHIS_SEMANAL_09-06-2025.xlsx,.xlsx,dado_tabular_ou_serializado,625700,2025-06-09T13:01:56+00:00,,nao_identificada,sub50_fnhis,sub50_fnhis,Worksheet,
zip,arquivo,SNHIS/Arquivados/FNHIS_SEMANAL_12-05-2025 G.zip,FNHIS_SEMANAL_12-05-2025 G.xls,FNHIS_SEMANAL_12-05-2025 G.xls,.xls,dado_tabular_ou_serializado,2022912,2025-05-12T16:13:00+00:00,,nao_identificada,sub50_fnhis,sub50_fnhis,erro_excel:`Import xlrd` failed. Install xlrd >= 2.0.1 for xls Excel support Use pip or conda to install the xlrd package.,
zip,arquivo,SNHIS/Arquivados/FNHIS_SEMANAL_12-05-2025 M.zip,FNHIS_SEMANAL_12-05-2025 M.xls,FNHIS_SEMANAL_12-05-2025 M.xls,.xls,dado_tabular_ou_serializado,1665024,2025-05-12T16:09:32+00:00,,nao_identificada,sub50_fnhis,sub50_fnhis,erro_excel:`Import xlrd` failed. Install xlrd >= 2.0.1 for xls Excel support Use pip or conda to install the xlrd package.,
zip,arquivo,SNHIS/Arquivados/FNHIS_SEMANAL_14-04-2025.zip,FNHIS_SEMANAL_14-04-2025.xls,FNHIS_SEMANAL_14-04-2025.xls,.xls,dado_tabular_ou_serializado,2025472,2025-04-14T11:07:12+00:00,,nao_identificada,sub50_fnhis,sub50_fnhis,erro_excel:`Import xlrd` failed. Install xlrd >= 2.0.1 for xls Excel support Use pip or conda to install the xlrd package.,
zip,arquivo,SNHIS/Arquivados/FNHIS_SEMANAL_16-06-2025 - M.zip,FNHIS_SEMANAL_16-06-2025 - M.xls,FNHIS_SEMANAL_16-06-2025 - M.xls,.xls,dado_tabular_ou_serializado,1665536,2025-06-16T15:45:28+00:00,,nao_identificada,sub50_fnhis,sub50_fnhis,erro_excel:`Import xlrd` failed. Install xlrd >= 2.0.1 for xls Excel support Use pip or conda to install the xlrd package.,
zip,arquivo,SNHIS/Arquivados/FNHIS_SEMANAL_16-06-2025 G.zip,FNHIS_SEMANAL_16-06-2025 G.xls,FNHIS_SEMANAL_16-06-2025 G.xls,.xls,dado_tabular_ou_serializado,2023424,2025-06-16T15:47:58+00:00,,nao_identificada,sub50_fnhis,sub50_fnhis,erro_excel:`Import xlrd` failed. Install xlrd >= 2.0.1 for xls Excel support Use pip or conda to install the xlrd package.,
zip,arquivo,SNHIS/Arquivados/FNHIS_SEMANAL_19-05-2025 G.zip,FNHIS_SEMANAL_19-05-2025 G.xls,FNHIS_SEMANAL_19-05-2025 G.xls,.xls,dado_tabular_ou_serializado,2022912,2025-05-19T12:52:42+00:00,,nao_identificada,sub50_fnhis,sub50_fnhis,erro_excel:`Import xlrd` failed. Install xlrd >= 2.0.1 for xls Excel support Use pip or conda to install the xlrd package.,
zip,arquivo,SNHIS/Arquivados/FNHIS_SEMANAL_19-05-2025 M.zip,FNHIS_SEMANAL_19-05-2025 M.xls,FNHIS_SEMANAL_19-05-2025 M.xls,.xls,dado_tabular_ou_serializado,1665536,2025-05-19T12:54:54+00:00,,nao_identificada,sub50_fnhis,sub50_fnhis,erro_excel:`Import xlrd` failed. Install xlrd >= 2.0.1 for xls Excel support Use pip or conda to install the xlrd package.,
zip,arquivo,SNHIS/Arquivados/FNHIS_SEMANAL_22-04-2025.zip,FNHIS_SEMANAL_22-04-2025.xls,FNHIS_SEMANAL_22-04-2025.xls,.xls,dado_tabular_ou_serializado,2027008,2025-04-22T12:56:20+00:00,,nao_identificada,sub50_fnhis,sub50_fnhis,erro_excel:`Import xlrd` failed. Install xlrd >= 2.0.1 for xls Excel support Use pip or conda to install the xlrd package.,
zip,arquivo,SNHIS/Arquivados/FNHIS_SEMANAL_23-06-2025 - G.zip,FNHIS_SEMANAL_23-06-2025 - G.xls,FNHIS_SEMANAL_23-06-2025 - G.xls,.xls,dado_tabular_ou_serializado,2023424,2025-06-23T16:02:18+00:00,,nao_identificada,sub50_fnhis,sub50_fnhis,erro_excel:`Import xlrd` failed. Install xlrd >= 2.0.1 for xls Excel support Use pip or conda to install the xlrd package.,
zip,arquivo,SNHIS/Arquivados/FNHIS_SEMANAL_23-06-2025 - M.zip,FNHIS_SEMANAL_23-06-2025 - M.xls,FNHIS_SEMANAL_23-06-2025 - M.xls,.xls,dado_tabular_ou_serializado,1659392,2025-06-23T15:59:58+00:00,,nao_identificada,sub50_fnhis,sub50_fnhis,erro_excel:`Import xlrd` failed. Install xlrd >= 2.0.1 for xls Excel support Use pip or conda to install the xlrd package.,
zip,erro_zip,SNHIS/Arquivados/FNHIS_SEMANAL_24-03-2025.zip,,FNHIS_SEMANAL_24-03-2025.zip,.zip,arquivo_compactado,404,2026-08-29T15:50:00+00:00,,nao_identificada,sub50_fnhis,sub50_fnhis,,File is not a zip file
zip,arquivo,SNHIS/Arquivados/FNHIS_SEMANAL_26-05-2025 G.zip,FNHIS_SEMANAL_26-05-2025 G.xls,FNHIS_SEMANAL_26-05-2025 G.xls,.xls,dado_tabular_ou_serializado,2022912,2025-05-26T13:38:34+00:00,,nao_identificada,sub50_fnhis,sub50_fnhis,erro_excel:`Import xlrd` failed. Install xlrd >= 2.0.1 for xls Excel support Use pip or conda to install the xlrd package.,
zip,arquivo,SNHIS/Arquivados/FNHIS_SEMANAL_26-05-2025 M.zip,FNHIS_SEMANAL_26-05-2025 M.xls,FNHIS_SEMANAL_26-05-2025 M.xls,.xls,dado_tabular_ou_serializado,1658880,2025-05-26T13:45:38+00:00,,nao_identificada,sub50_fnhis,sub50_fnhis,erro_excel:`Import xlrd` failed. Install xlrd >= 2.0.1 for xls Excel support Use pip or conda to install the xlrd package.,
zip,arquivo,SNHIS/Arquivados/FNHIS_SEMANAL_28-04-2025.zip,FNHIS_SEMANAL_28-04-2025.xls,FNHIS_SEMANAL_28-04-2025.xls,.xls,dado_tabular_ou_serializado,2022912,2025-04-28T13:34:10+00:00,,nao_identificada,sub50_fnhis,sub50_fnhis,erro_excel:`Import xlrd` failed. Install xlrd >= 2.0.1 for xls Excel support Use pip or conda to install the xlrd package.,
zip,arquivo,SNHIS/Arquivados/FNHIS_SEMANAL_28-07-2025.xls G.zip,FNHIS_SEMANAL_28-07-2025.xls G.xls,FNHIS_SEMANAL_28-07-2025.xls G.xls,.xls,dado_tabular_ou_serializado,2023424,2025-07-28T11:15:12+00:00,,nao_identificada,sub50_fnhis,sub50_fnhis,erro_excel:`Import xlrd` failed. Install xlrd >= 2.0.1 for xls Excel support Use pip or conda to install the xlrd package.,
zip,arquivo,SNHIS/Arquivados/FNHIS_SEMANAL_31-03-2025.zip,FNHIS_SEMANAL_31-03-2025.xls,FNHIS_SEMANAL_31-03-2025.xls,.xls,dado_tabular_ou_serializado,2025472,2025-03-31T09:54:30+00:00,,nao_identificada,sub50_fnhis,sub50_fnhis,erro_excel:`Import xlrd` failed. Install xlrd >= 2.0.1 for xls Excel support Use pip or conda to install the xlrd package.,
zip,arquivo,SNHIS/Arquivados/FNHIS_SEMANAL_GIGOV_2025_09_01.zip,FNHIS_SEMANAL_GIGOV_2025_09_01.xls,FNHIS_SEMANAL_GIGOV_2025_09_01.xls,.xls,dado_tabular_ou_serializado,1695232,2025-09-01T10:20:42+00:00,2025-09,nao_identificada,sub50_fnhis,sub50_fnhis,erro_excel:`Import xlrd` failed. Install xlrd >= 2.0.1 for xls Excel support Use pip or conda to install the xlrd package.,
zip,arquivo,SNHIS/Arquivados/FNHIS_SEMANAL_GIGOV_2025_09_08.zip,FNHIS_SEMANAL_GIGOV_2025_09_08.xls,FNHIS_SEMANAL_GIGOV_2025_09_08.xls,.xls,dado_tabular_ou_serializado,1695744,2025-09-08T11:27:58+00:00,2025-09,nao_identificada,sub50_fnhis,sub50_fnhis,erro_excel:`Import xlrd` failed. Install xlrd >= 2.0.1 for xls Excel support Use pip or conda to install the xlrd package.,
zip,arquivo,SNHIS/Arquivados/FNHIS_SEMANAL_GIGOV_2025_09_15.zip,FNHIS_SEMANAL_GIGOV_2025_09_15.xlt,FNHIS_SEMANAL_GIGOV_2025_09_15.xlt,.xlt,outro,1695232,2025-09-15T11:17:20+00:00,2025-09,nao_identificada,sub50_fnhis,sub50_fnhis,,
zip,arquivo,SNHIS/Arquivados/FNHIS_SEMANAL_GIGOV_2025_09_22.zip,FNHIS_SEMANAL_GIGOV_2025_09_22.xls,FNHIS_SEMANAL_GIGOV_2025_09_22.xls,.xls,dado_tabular_ou_serializado,1695232,2025-09-22T10:15:44+00:00,2025-09,nao_identificada,sub50_fnhis,sub50_fnhis,erro_excel:`Import xlrd` failed. Install xlrd >= 2.0.1 for xls Excel support Use pip or conda to install the xlrd package.,
zip,arquivo,SNHIS/Arquivados/FNHIS_SEMANAL_GIGOV_2025_10_06.zip,FNHIS_SEMANAL_GIGOV_2025_10_06.xls,FNHIS_SEMANAL_GIGOV_2025_10_06.xls,.xls,dado_tabular_ou_serializado,1610240,2025-10-06T11:25:48+00:00,2025-10,nao_identificada,sub50_fnhis,sub50_fnhis,erro_excel:`Import xlrd` failed. Install xlrd >= 2.0.1 for xls Excel support Use pip or conda to install the xlrd package.,
zip,arquivo,SNHIS/Arquivados/FNHIS_SEMANAL_GIGOV_2025_10_13.zip,FNHIS_SEMANAL_GIGOV_2025_10_13.xls,FNHIS_SEMANAL_GIGOV_2025_10_13.xls,.xls,dado_tabular_ou_serializado,1689088,2025-10-13T10:51:34+00:00,2025-10,nao_identificada,sub50_fnhis,sub50_fnhis,erro_excel:`Import xlrd` failed. Install xlrd >= 2.0.1 for xls Excel support Use pip or conda to install the xlrd package.,
zip,arquivo,SNHIS/Arquivados/FNHIS_SEMANAL_GIGOV_2025_10_20.zip,FNHIS_SEMANAL_GIGOV_2025_10_20.xls,FNHIS_SEMANAL_GIGOV_2025_10_20.xls,.xls,dado_tabular_ou_serializado,1689088,2025-10-20T12:03:42+00:00,2025-10,nao_identificada,sub50_fnhis,sub50_fnhis,erro_excel:`Import xlrd` failed. Install xlrd >= 2.0.1 for xls Excel support Use pip or conda to install the xlrd package.,
zip,arquivo,SNHIS/Arquivados/FNHIS_SEMANAL_GIGOV_2025_10_27.zip,FNHIS_SEMANAL_GIGOV_2025_10_27.xls,FNHIS_SEMANAL_GIGOV_2025_10_27.xls,.xls,dado_tabular_ou_serializado,1689088,2025-10-27T11:42:56+00:00,2025-10,nao_identificada,sub50_fnhis,sub50_fnhis,erro_excel:`Import xlrd` failed. Install xlrd >= 2.0.1 for xls Excel support Use pip or conda to install the xlrd package.,
zip,arquivo,SNHIS/Arquivados/FNHIS_SEMANAL_GIGOV_2025_11_03.zip,FNHIS_SEMANAL_GIGOV_2025_11_03 OK.xls,FNHIS_SEMANAL_GIGOV_2025_11_03 OK.xls,.xls,dado_tabular_ou_serializado,1689088,2025-11-03T16:00:18+00:00,2025-11,nao_identificada,sub50_fnhis,sub50_fnhis,erro_excel:`Import xlrd` failed. Install xlrd >= 2.0.1 for xls Excel support Use pip or conda to install the xlrd package.,
zip,arquivo,SNHIS/Arquivados/FNHIS_SEMANAL_GIGOV_2025_11_10.zip,FNHIS_SEMANAL_GIGOV_2025_11_10.xls,FNHIS_SEMANAL_GIGOV_2025_11_10.xls,.xls,dado_tabular_ou_serializado,1695232,2025-11-10T15:33:28+00:00,2025-11,nao_identificada,sub50_fnhis,sub50_fnhis,erro_excel:`Import xlrd` failed. Install xlrd >= 2.0.1 for xls Excel support Use pip or conda to install the xlrd package.,
zip,arquivo,SNHIS/Arquivados/FNHIS_SEMANAL_GIGOV_2025_11_17.zip,FNHIS_SEMANAL_GIGOV_2025_11_17.xls,FNHIS_SEMANAL_GIGOV_2025_11_17.xls,.xls,dado_tabular_ou_serializado,1689088,2025-11-17T15:34:04+00:00,2025-11,nao_identificada,sub50_fnhis,sub50_fnhis,erro_excel:`Import xlrd` failed. Install xlrd >= 2.0.1 for xls Excel support Use pip or conda to install the xlrd package.,
zip,arquivo,SNHIS/Arquivados/FNHIS_SEMANAL_GIGOV_2025_11_24.zip,FNHIS_SEMANAL_GIGOV_2025_11_24.xls,FNHIS_SEMANAL_GIGOV_2025_11_24.xls,.xls,dado_tabular_ou_serializado,1689088,2025-11-24T15:16:14+00:00,2025-11,nao_identificada,sub50_fnhis,sub50_fnhis,erro_excel:`Import xlrd` failed. Install xlrd >= 2.0.1 for xls Excel support Use pip or conda to install the xlrd package.,
zip,arquivo,SNHIS/Arquivados/FNHIS_SEMANAL_GIGOV_2025_12_01.zip,FNHIS_SEMANAL_GIGOV_2025_12_01.xls,FNHIS_SEMANAL_GIGOV_2025_12_01.xls,.xls,dado_tabular_ou_serializado,1689088,2025-12-01T15:19:50+00:00,2025-12,nao_identificada,sub50_fnhis,sub50_fnhis,erro_excel:`Import xlrd` failed. Install xlrd >= 2.0.1 for xls Excel support Use pip or conda to install the xlrd package.,
zip,arquivo,SNHIS/Arquivados/FNHIS_SEMANAL_GIGOV_2025_12_08.zip,FNHIS_SEMANAL_GIGOV_2025_12_08.xls,FNHIS_SEMANAL_GIGOV_2025_12_08.xls,.xls,dado_tabular_ou_serializado,1689088,2025-12-08T15:57:52+00:00,2025-12,nao_identificada,sub50_fnhis,sub50_fnhis,erro_excel:`Import xlrd` failed. Install xlrd >= 2.0.1 for xls Excel support Use pip or conda to install the xlrd package.,
zip,arquivo,SNHIS/Arquivados/FNHIS_SEMANAL_GIGOV_2025_12_15.zip,FNHIS_SEMANAL_GIGOV_2025_12_15.xls,FNHIS_SEMANAL_GIGOV_2025_12_15.xls,.xls,dado_tabular_ou_serializado,1689088,2025-12-15T16:05:10+00:00,2025-12,nao_identificada,sub50_fnhis,sub50_fnhis,erro_excel:`Import xlrd` failed. Install xlrd >= 2.0.1 for xls Excel support Use pip or conda to install the xlrd package.,
zip,arquivo,SNHIS/Arquivados/FNHIS_SEMANAL_GIGOV_2025_12_22.zip,FNHIS_SEMANAL_GIGOV_2025_12_22.xls,FNHIS_SEMANAL_GIGOV_2025_12_22.xls,.xls,dado_tabular_ou_serializado,1695232,2025-12-22T15:44:14+00:00,2025-12,nao_identificada,sub50_fnhis,sub50_fnhis,erro_excel:`Import xlrd` failed. Install xlrd >= 2.0.1 for xls Excel support Use pip or conda to install the xlrd package.,
zip,arquivo,SNHIS/Arquivados/FNHIS_SEMANAL_GIGOV_2025_12_29.zip,FNHIS_SEMANAL_GIGOV_2025_12_29.xls,FNHIS_SEMANAL_GIGOV_2025_12_29.xls,.xls,dado_tabular_ou_serializado,1689088,2025-12-29T16:01:00+00:00,2025-12,nao_identificada,sub50_fnhis,sub50_fnhis,erro_excel:`Import xlrd` failed. Install xlrd >= 2.0.1 for xls Excel support Use pip or conda to install the xlrd package.,
zip,arquivo,SNHIS/Arquivados/FNHIS_SEMANAL_GIGOV_2026_01_05.zip,FNHIS_SEMANAL_GIGOV_2026_01_05.xls,FNHIS_SEMANAL_GIGOV_2026_01_05.xls,.xls,dado_tabular_ou_serializado,1695232,2026-01-05T11:39:46+00:00,2026-01,nao_identificada,sub50_fnhis,sub50_fnhis,erro_excel:`Import xlrd` failed. Install xlrd >= 2.0.1 for xls Excel support Use pip or conda to install the xlrd package.,
zip,arquivo,SNHIS/Arquivados/FNHIS_SEMANAL_GIGOV_2026_01_12.zip,FNHIS_SEMANAL_GIGOV_2026_01_12.xls,FNHIS_SEMANAL_GIGOV_2026_01_12.xls,.xls,dado_tabular_ou_serializado,1689088,2026-01-12T16:33:40+00:00,2026-01,nao_identificada,sub50_fnhis,sub50_fnhis,erro_excel:`Import xlrd` failed. Install xlrd >= 2.0.1 for xls Excel support Use pip or conda to install the xlrd package.,
zip,arquivo,SNHIS/Arquivados/FNHIS_SEMANAL_GIGOV_2026_01_19.zip,FNHIS_SEMANAL_GIGOV_2026_01_19.xls,FNHIS_SEMANAL_GIGOV_2026_01_19.xls,.xls,dado_tabular_ou_serializado,1689088,2026-01-19T16:02:32+00:00,2026-01,nao_identificada,sub50_fnhis,sub50_fnhis,erro_excel:`Import xlrd` failed. Install xlrd >= 2.0.1 for xls Excel support Use pip or conda to install the xlrd package.,
zip,arquivo,SNHIS/Arquivados/FNHIS_SEMANAL_GIGOV_2026_01_26.zip,FNHIS_SEMANAL_GIGOV_2026_01_26.xls,FNHIS_SEMANAL_GIGOV_2026_01_26.xls,.xls,dado_tabular_ou_serializado,1689088,2026-01-26T15:55:20+00:00,2026-01,nao_identificada,sub50_fnhis,sub50_fnhis,erro_excel:`Import xlrd` failed. Install xlrd >= 2.0.1 for xls Excel support Use pip or conda to install the xlrd package.,
zip,arquivo,SNHIS/Arquivados/FNHIS_SEMANAL_GIGOV_2026_02_02.zip,FNHIS_SEMANAL_GIGOV_2026_02_02.xls,FNHIS_SEMANAL_GIGOV_2026_02_02.xls,.xls,dado_tabular_ou_serializado,1689088,2026-02-02T10:07:14+00:00,2026-02,nao_identificada,sub50_fnhis,sub50_fnhis,erro_excel:`Import xlrd` failed. Install xlrd >= 2.0.1 for xls Excel support Use pip or conda to install the xlrd package.,
zip,arquivo,SNHIS/Arquivados/FNHIS_SEMANAL_GIGOV_2026_02_09.zip,FNHIS_SEMANAL_GIGOV_2026_02_09.xls,FNHIS_SEMANAL_GIGOV_2026_02_09.xls,.xls,dado_tabular_ou_serializado,1695232,2026-02-09T15:54:50+00:00,2026-02,nao_identificada,sub50_fnhis,sub50_fnhis,erro_excel:`Import xlrd` failed. Install xlrd >= 2.0.1 for xls Excel support Use pip or conda to install the xlrd package.,
zip,arquivo,SNHIS/Arquivados/FNHIS_SEMANAL_GIGOV_2026_02_19.zip,FNHIS_SEMANAL_GIGOV_2026_02_19.xls,FNHIS_SEMANAL_GIGOV_2026_02_19.xls,.xls,dado_tabular_ou_serializado,1689088,2026-02-19T11:15:10+00:00,2026-02,nao_identificada,sub50_fnhis,sub50_fnhis,erro_excel:`Import xlrd` failed. Install xlrd >= 2.0.1 for xls Excel support Use pip or conda to install the xlrd package.,
zip,arquivo,SNHIS/Arquivados/FNHIS_SEMANAL_GIGOV_2026_02_23.zip,FNHIS_SEMANAL_GIGOV_2026_02_23.xls,FNHIS_SEMANAL_GIGOV_2026_02_23.xls,.xls,dado_tabular_ou_serializado,1695744,2026-02-23T15:30:14+00:00,2026-02,nao_identificada,sub50_fnhis,sub50_fnhis,erro_excel:`Import xlrd` failed. Install xlrd >= 2.0.1 for xls Excel support Use pip or conda to install the xlrd package.,
zip,arquivo,SNHIS/Arquivados/FNHIS_SEMANAL_MCID_2025_08_25.zip,FNHIS_SEMANAL_MCIDADES_2025_08_25.xls,FNHIS_SEMANAL_MCIDADES_2025_08_25.xls,.xls,dado_tabular_ou_serializado,1659904,2025-08-25T12:34:42+00:00,2025-08,nao_identificada,sub50_fnhis,sub50_fnhis,erro_excel:`Import xlrd` failed. Install xlrd >= 2.0.1 for xls Excel support Use pip or conda to install the xlrd package.,
zip,arquivo,SNHIS/Arquivados/FNHIS_SEMANAL_MCID_2025_09_01.zip,FNHIS_SEMANAL_MCID_2025_09_01.xls,FNHIS_SEMANAL_MCID_2025_09_01.xls,.xls,dado_tabular_ou_serializado,1739264,2025-09-01T10:13:32+00:00,2025-09,nao_identificada,sub50_fnhis,sub50_fnhis,erro_excel:`Import xlrd` failed. Install xlrd >= 2.0.1 for xls Excel support Use pip or conda to install the xlrd package.,
zip,arquivo,SNHIS/Arquivados/FNHIS_SEMANAL_MCID_2025_09_08.zip,FNHIS_SEMANAL_MCID_2025_09_08.xls,FNHIS_SEMANAL_MCID_2025_09_08.xls,.xls,dado_tabular_ou_serializado,1739776,2025-09-08T11:14:42+00:00,2025-09,nao_identificada,sub50_fnhis,sub50_fnhis,erro_excel:`Import xlrd` failed. Install xlrd >= 2.0.1 for xls Excel support Use pip or conda to install the xlrd package.,
zip,arquivo,SNHIS/Arquivados/FNHIS_SEMANAL_MCID_2025_09_15.zip,FNHIS_SEMANAL_MCID_2025_09_15.xlsx,FNHIS_SEMANAL_MCID_2025_09_15.xlsx,.xlsx,dado_tabular_ou_serializado,634812,2025-09-15T11:13:12+00:00,2025-09,nao_identificada,sub50_fnhis,sub50_fnhis,Worksheet,
zip,arquivo,SNHIS/Arquivados/FNHIS_SEMANAL_MCID_2025_09_22.zip,FNHIS_SEMANAL_MCID_2025_09_22.xls,FNHIS_SEMANAL_MCID_2025_09_22.xls,.xls,dado_tabular_ou_serializado,1744896,2025-09-22T10:00:20+00:00,2025-09,nao_identificada,sub50_fnhis,sub50_fnhis,erro_excel:`Import xlrd` failed. Install xlrd >= 2.0.1 for xls Excel support Use pip or conda to install the xlrd package.,
zip,arquivo,SNHIS/Arquivados/FNHIS_SEMANAL_MCID_2025_10_06.zip,FNHIS_SEMANAL_MCID_2025_10_06.xls,FNHIS_SEMANAL_MCID_2025_10_06.xls,.xls,dado_tabular_ou_serializado,1739264,2025-10-06T11:16:58+00:00,2025-10,nao_identificada,sub50_fnhis,sub50_fnhis,erro_excel:`Import xlrd` failed. Install xlrd >= 2.0.1 for xls Excel support Use pip or conda to install the xlrd package.,
zip,arquivo,SNHIS/Arquivados/FNHIS_SEMANAL_MCID_2025_10_13.zip,FNHIS_SEMANAL_MCID_2025_10_13.xls,FNHIS_SEMANAL_MCID_2025_10_13.xls,.xls,dado_tabular_ou_serializado,1739264,2025-10-13T10:36:04+00:00,2025-10,nao_identificada,sub50_fnhis,sub50_fnhis,erro_excel:`Import xlrd` failed. Install xlrd >= 2.0.1 for xls Excel support Use pip or conda to install the xlrd package.,
zip,arquivo,SNHIS/Arquivados/FNHIS_SEMANAL_MCID_2025_10_20.zip,FNHIS_SEMANAL_MCID_2025_10_20.xls,FNHIS_SEMANAL_MCID_2025_10_20.xls,.xls,dado_tabular_ou_serializado,1739264,2025-10-20T11:51:58+00:00,2025-10,nao_identificada,sub50_fnhis,sub50_fnhis,erro_excel:`Import xlrd` failed. Install xlrd >= 2.0.1 for xls Excel support Use pip or conda to install the xlrd package.,
zip,arquivo,SNHIS/Arquivados/FNHIS_SEMANAL_MCID_2025_10_27.zip,FNHIS_SEMANAL_MCID_2025_10_27.xls,FNHIS_SEMANAL_MCID_2025_10_27.xls,.xls,dado_tabular_ou_serializado,1739264,2025-10-27T11:41:18+00:00,2025-10,nao_identificada,sub50_fnhis,sub50_fnhis,erro_excel:`Import xlrd` failed. Install xlrd >= 2.0.1 for xls Excel support Use pip or conda to install the xlrd package.,
zip,arquivo,SNHIS/Arquivados/FNHIS_SEMANAL_MCID_2025_11_03.zip,FNHIS_SEMANAL_MCID_2025_11_03 OK.xls,FNHIS_SEMANAL_MCID_2025_11_03 OK.xls,.xls,dado_tabular_ou_serializado,1739264,2025-11-03T16:00:54+00:00,2025-11,nao_identificada,sub50_fnhis,sub50_fnhis,erro_excel:`Import xlrd` failed. Install xlrd >= 2.0.1 for xls Excel support Use pip or conda to install the xlrd package.,
zip,arquivo,SNHIS/Arquivados/FNHIS_SEMANAL_MCID_2025_11_10.zip,FNHIS_SEMANAL_MCID_2025_11_10.xls,FNHIS_SEMANAL_MCID_2025_11_10.xls,.xls,dado_tabular_ou_serializado,1739264,2025-11-10T15:29:00+00:00,2025-11,nao_identificada,sub50_fnhis,sub50_fnhis,erro_excel:`Import xlrd` failed. Install xlrd >= 2.0.1 for xls Excel support Use pip or conda to install the xlrd package.,
zip,arquivo,SNHIS/Arquivados/FNHIS_SEMANAL_MCID_2025_11_17.zip,FNHIS_SEMANAL_MCID_2025_11_17.xls,FNHIS_SEMANAL_MCID_2025_11_17.xls,.xls,dado_tabular_ou_serializado,1739264,2025-11-17T15:32:14+00:00,2025-11,nao_identificada,sub50_fnhis,sub50_fnhis,erro_excel:`Import xlrd` failed. Install xlrd >= 2.0.1 for xls Excel support Use pip or conda to install the xlrd package.,
zip,arquivo,SNHIS/Arquivados/FNHIS_SEMANAL_MCID_2025_11_24.zip,FNHIS_SEMANAL_MCID_2025_11_24.xls,FNHIS_SEMANAL_MCID_2025_11_24.xls,.xls,dado_tabular_ou_serializado,1739264,2025-11-24T15:13:34+00:00,2025-11,nao_identificada,sub50_fnhis,sub50_fnhis,erro_excel:`Import xlrd` failed. Install xlrd >= 2.0.1 for xls Excel support Use pip or conda to install the xlrd package.,
zip,arquivo,SNHIS/Arquivados/FNHIS_SEMANAL_MCID_2025_12_01.zip,FNHIS_SEMANAL_MCID_2025_12_01.xls,FNHIS_SEMANAL_MCID_2025_12_01.xls,.xls,dado_tabular_ou_serializado,1739264,2025-12-01T15:17:30+00:00,2025-12,nao_identificada,sub50_fnhis,sub50_fnhis,erro_excel:`Import xlrd` failed. Install xlrd >= 2.0.1 for xls Excel support Use pip or conda to install the xlrd package.,
zip,arquivo,SNHIS/Arquivados/FNHIS_SEMANAL_MCID_2025_12_08.zip,FNHIS_SEMANAL_MCID_2025_12_08.xls,FNHIS_SEMANAL_MCID_2025_12_08.xls,.xls,dado_tabular_ou_serializado,1739264,2025-12-08T15:56:08+00:00,2025-12,nao_identificada,sub50_fnhis,sub50_fnhis,erro_excel:`Import xlrd` failed. Install xlrd >= 2.0.1 for xls Excel support Use pip or conda to install the xlrd package.,
zip,arquivo,SNHIS/Arquivados/FNHIS_SEMANAL_MCID_2025_12_15.zip,FNHIS_SEMANAL_MCID_2025_12_15.xls,FNHIS_SEMANAL_MCID_2025_12_15.xls,.xls,dado_tabular_ou_serializado,1739264,2025-12-15T16:00:00+00:00,2025-12,nao_identificada,sub50_fnhis,sub50_fnhis,erro_excel:`Import xlrd` failed. Install xlrd >= 2.0.1 for xls Excel support Use pip or conda to install the xlrd package.,
zip,arquivo,SNHIS/Arquivados/FNHIS_SEMANAL_MCID_2025_12_22.zip,FNHIS_SEMANAL_MCID_2025_12_22.xls,FNHIS_SEMANAL_MCID_2025_12_22.xls,.xls,dado_tabular_ou_serializado,1739264,2025-12-22T15:39:14+00:00,2025-12,nao_identificada,sub50_fnhis,sub50_fnhis,erro_excel:`Import xlrd` failed. Install xlrd >= 2.0.1 for xls Excel support Use pip or conda to install the xlrd package.,
zip,arquivo,SNHIS/Arquivados/FNHIS_SEMANAL_MCID_2025_12_29.zip,FNHIS_SEMANAL_MCID_2025_12_29.xls,FNHIS_SEMANAL_MCID_2025_12_29.xls,.xls,dado_tabular_ou_serializado,1739264,2025-12-29T15:59:26+00:00,2025-12,nao_identificada,sub50_fnhis,sub50_fnhis,erro_excel:`Import xlrd` failed. Install xlrd >= 2.0.1 for xls Excel support Use pip or conda to install the xlrd package.,
zip,arquivo,SNHIS/Arquivados/FNHIS_SEMANAL_MCID_2026_01_05.zip,FNHIS_SEMANAL_MCID_2026_01_05.xls,FNHIS_SEMANAL_MCID_2026_01_05.xls,.xls,dado_tabular_ou_serializado,1745408,2026-01-05T11:40:24+00:00,2026-01,nao_identificada,sub50_fnhis,sub50_fnhis,erro_excel:`Import xlrd` failed. Install xlrd >= 2.0.1 for xls Excel support Use pip or conda to install the xlrd package.,
zip,arquivo,SNHIS/Arquivados/FNHIS_SEMANAL_MCID_2026_01_12.zip,FNHIS_SEMANAL_MCID_2026_01_12.xls,FNHIS_SEMANAL_MCID_2026_01_12.xls,.xls,dado_tabular_ou_serializado,1739264,2026-01-12T16:31:38+00:00,2026-01,nao_identificada,sub50_fnhis,sub50_fnhis,erro_excel:`Import xlrd` failed. Install xlrd >= 2.0.1 for xls Excel support Use pip or conda to install the xlrd package.,
zip,arquivo,SNHIS/Arquivados/FNHIS_SEMANAL_MCID_2026_01_19.zip,FNHIS_SEMANAL_MCID_2026_01_19.xls,FNHIS_SEMANAL_MCID_2026_01_19.xls,.xls,dado_tabular_ou_serializado,1739264,2026-01-19T16:00:50+00:00,2026-01,nao_identificada,sub50_fnhis,sub50_fnhis,erro_excel:`Import xlrd` failed. Install xlrd >= 2.0.1 for xls Excel support Use pip or conda to install the xlrd package.,
zip,arquivo,SNHIS/Arquivados/FNHIS_SEMANAL_MCID_2026_01_26.zip,FNHIS_SEMANAL_MCID_2026_01_26.xls,FNHIS_SEMANAL_MCID_2026_01_26.xls,.xls,dado_tabular_ou_serializado,1739264,2026-01-26T15:52:56+00:00,2026-01,nao_identificada,sub50_fnhis,sub50_fnhis,erro_excel:`Import xlrd` failed. Install xlrd >= 2.0.1 for xls Excel support Use pip or conda to install the xlrd package.,
zip,arquivo,SNHIS/Arquivados/FNHIS_SEMANAL_MCID_2026_02_02.zip,FNHIS_SEMANAL_MCID_2026_02_02.xls,FNHIS_SEMANAL_MCID_2026_02_02.xls,.xls,dado_tabular_ou_serializado,1739264,2026-02-02T10:05:20+00:00,2026-02,nao_identificada,sub50_fnhis,sub50_fnhis,erro_excel:`Import xlrd` failed. Install xlrd >= 2.0.1 for xls Excel support Use pip or conda to install the xlrd package.,
zip,arquivo,SNHIS/Arquivados/FNHIS_SEMANAL_MCID_2026_02_09.zip,FNHIS_SEMANAL_MCID_2026_02_09.xls,FNHIS_SEMANAL_MCID_2026_02_09.xls,.xls,dado_tabular_ou_serializado,1739264,2026-02-09T15:48:46+00:00,2026-02,nao_identificada,sub50_fnhis,sub50_fnhis,erro_excel:`Import xlrd` failed. Install xlrd >= 2.0.1 for xls Excel support Use pip or conda to install the xlrd package.,
zip,arquivo,SNHIS/Arquivados/FNHIS_SEMANAL_MCID_2026_02_19.zip,FNHIS_SEMANAL_MCID_2026_02_19.xls,FNHIS_SEMANAL_MCID_2026_02_19.xls,.xls,dado_tabular_ou_serializado,1739264,2026-02-19T11:13:34+00:00,2026-02,nao_identificada,sub50_fnhis,sub50_fnhis,erro_excel:`Import xlrd` failed. Install xlrd >= 2.0.1 for xls Excel support Use pip or conda to install the xlrd package.,
zip,arquivo,SNHIS/Arquivados/FNHIS_SEMANAL_MCID_2026_02_23.zip,FNHIS_SEMANAL_MCID_2026_02_23.xls,FNHIS_SEMANAL_MCID_2026_02_23.xls,.xls,dado_tabular_ou_serializado,1739264,2026-02-23T15:24:40+00:00,2026-02,nao_identificada,sub50_fnhis,sub50_fnhis,erro_excel:`Import xlrd` failed. Install xlrd >= 2.0.1 for xls Excel support Use pip or conda to install the xlrd package.,
zip,arquivo,Trabalho Social/Arquivados/BASES_TS-20240722.zip,BASE_TS_FAR_06_2024.xlsx,BASE_TS_FAR_06_2024.xlsx,.xlsx,dado_tabular_ou_serializado,466913,2024-07-19T16:45:28+00:00,2024-07,nao_identificada,far,far,FAR_CAIXA; FAR_BB,
zip,arquivo,Trabalho Social/Arquivados/BASES_TS-20240722.zip,BASE_TS_FDS_06_2024.xlsx,BASE_TS_FDS_06_2024.xlsx,.xlsx,dado_tabular_ou_serializado,92320,2024-07-19T16:45:40+00:00,2024-07,nao_identificada,entidades,entidades,FDS_06-2024,
zip,arquivo,Trabalho Social/Arquivados/BASES_TS-20240722.zip,BASE_TS_PNHR_06_2024.xlsx,BASE_TS_PNHR_06_2024.xlsx,.xlsx,dado_tabular_ou_serializado,1108230,2024-07-19T16:45:50+00:00,2024-07,nao_identificada,rural,rural,PNHR_CAIXA_06-2024; PNHR_BB_06-2024,
zip,arquivo,Trabalho Social/Arquivados/BASE_TS_01_2025.zip,BASE_FAR_TS_01_2025.xlsx,BASE_FAR_TS_01_2025.xlsx,.xlsx,dado_tabular_ou_serializado,735255,2025-03-18T12:10:26+00:00,,nao_identificada,far,far,FAR_AF_CAIXA_31_01_2025; FAR_AF_BB_31_01_2025; DATA 30 80 E 100 OBRA,
zip,arquivo,Trabalho Social/Arquivados/BASE_TS_01_2025.zip,BASE_FDS_TS_01_2025.xlsx,BASE_FDS_TS_01_2025.xlsx,.xlsx,dado_tabular_ou_serializado,119392,2025-03-18T12:10:44+00:00,,nao_identificada,entidades,entidades,FDS_AF_CAIXA_31_01_2025,
zip,arquivo,Trabalho Social/Arquivados/BASE_TS_01_2025.zip,BASE_PNHR_TS_01_2025.xlsx,BASE_PNHR_TS_01_2025.xlsx,.xlsx,dado_tabular_ou_serializado,1352374,2025-03-18T12:10:58+00:00,,nao_identificada,rural,rural,PNHR_AF_CAIXA_31_01_2025; PNHR_AF_BB_31_01_2025,
zip,arquivo,Trabalho Social/Arquivados/BASE_TS_11_2024.zip,BASE_FAR_TS_11_2024.xlsx,BASE_FAR_TS_11_2024.xlsx,.xlsx,dado_tabular_ou_serializado,809619,2025-01-15T17:30:08+00:00,,nao_identificada,far,far,FAR_AF_CAIXA_30_11_2024; FAR_AF_BB_30_11_2024; DATA 30 80 E 100 OBRA,
zip,arquivo,Trabalho Social/Arquivados/BASE_TS_11_2024.zip,BASE_PNHR_TS_11_2024.xlsx,BASE_PNHR_TS_11_2024.xlsx,.xlsx,dado_tabular_ou_serializado,1539563,2025-01-15T17:29:46+00:00,,nao_identificada,rural,rural,PNHR_AF_CAIXA_30_11_2024; PNHR_AF_BB_30_11_2024,
zip,arquivo,Trabalho Social/Arquivados/BASE_TS_11_2024.zip,BASE_FDS_TS_11_2024.xlsx,BASE_FDS_TS_11_2024.xlsx,.xlsx,dado_tabular_ou_serializado,130301,2025-01-15T17:29:58+00:00,,nao_identificada,entidades,entidades,FDS_AF_CAIXA_31_10_2024,
zip,arquivo,Trabalho Social/Arquivados/BASE_TS_12_2024.zip,BASE_PNHR_TS_12_2024.xlsx,BASE_PNHR_TS_12_2024.xlsx,.xlsx,dado_tabular_ou_serializado,1539849,2025-01-15T18:39:42+00:00,,nao_identificada,rural,rural,PNHR_AF_CAIXA_31_12_2024; PNHR_AF_BB_31_12_2024,
zip,arquivo,Trabalho Social/Arquivados/BASE_TS_12_2024.zip,BASE_FAR_TS_12_2024.xlsx,BASE_FAR_TS_12_2024.xlsx,.xlsx,dado_tabular_ou_serializado,812226,2025-01-15T18:39:12+00:00,,nao_identificada,far,far,FAR_AF_CAIXA_31_12_2024; FAR_AF_BB_31_12_2024; DATA 30 80 E 100 OBRA,
zip,arquivo,Trabalho Social/Arquivados/BASE_TS_12_2024.zip,BASE_FDS_TS_12_2024.xlsx,BASE_FDS_TS_12_2024.xlsx,.xlsx,dado_tabular_ou_serializado,130453,2025-01-15T18:39:32+00:00,,nao_identificada,entidades,entidades,FDS_AF_CAIXA_31_12_2024,
