escopo,tipo,arquivo_origem,caminho_relativo,nome,extensao,categoria,tamanho_bytes,modificado_em,periodo_inferido,fonte_inferida,frente_inferida,frente_primaria,detalhe_estrutura,erro
filesystem,pasta,,Back-up - Catálogo de Dados,Back-up - Catálogo de Dados,,pasta,,2026-08-30T14:16:50.187907+00:00,,nao_identificada,nao_classificado,nao_classificado,,
filesystem,arquivo,,Back-up - Catálogo de Dados/Catalogo_20260104_073001.csv,Catalogo_20260104_073001.csv,.csv,dado_tabular_ou_serializado,6300248,2026-08-30T17:16:00+00:00,2026-01,nao_identificada,nao_classificado,nao_classificado,,
filesystem,arquivo,,Back-up - Catálogo de Dados/Catalogo_20260105_073001.csv,Catalogo_20260105_073001.csv,.csv,dado_tabular_ou_serializado,6281213,2026-08-30T17:16:00+00:00,2026-01,nao_identificada,nao_classificado,nao_classificado,,
filesystem,arquivo,,Back-up - Catálogo de Dados/Catalogo_20260113_163549.csv,Catalogo_20260113_163549.csv,.csv,dado_tabular_ou_serializado,6281213,2026-08-30T17:16:00+00:00,2026-01,nao_identificada,nao_classificado,nao_classificado,,
filesystem,arquivo,,Back-up - Catálogo de Dados/Catalogo_20260113_164031.csv,Catalogo_20260113_164031.csv,.csv,dado_tabular_ou_serializado,6281213,2026-08-30T17:16:00+00:00,2026-01,nao_identificada,nao_classificado,nao_classificado,,
filesystem,arquivo,,Back-up - Catálogo de Dados/Catalogo_20260114_073000.csv,Catalogo_20260114_073000.csv,.csv,dado_tabular_ou_serializado,6281213,2026-08-30T17:16:00+00:00,2026-01,nao_identificada,nao_classificado,nao_classificado,,
filesystem,arquivo,,Back-up - Catálogo de Dados/Catalogo_20260115_131217.csv,Catalogo_20260115_131217.csv,.csv,dado_tabular_ou_serializado,6281213,2026-08-30T17:16:00+00:00,2026-01,nao_identificada,nao_classificado,nao_classificado,,
filesystem,arquivo,,Back-up - Catálogo de Dados/Catalogo_20260116_073000.csv,Catalogo_20260116_073000.csv,.csv,dado_tabular_ou_serializado,6453779,2026-08-30T17:16:00+00:00,2026-01,nao_identificada,nao_classificado,nao_classificado,,
filesystem,arquivo,,Back-up - Catálogo de Dados/Catalogo_20260116_193202.csv,Catalogo_20260116_193202.csv,.csv,dado_tabular_ou_serializado,6453779,2026-08-30T17:16:00+00:00,2026-01,nao_identificada,nao_classificado,nao_classificado,,
filesystem,arquivo,,Back-up - Catálogo de Dados/Catalogo_20260117_073001.csv,Catalogo_20260117_073001.csv,.csv,dado_tabular_ou_serializado,6453779,2026-08-30T17:16:00+00:00,2026-01,nao_identificada,nao_classificado,nao_classificado,,
filesystem,arquivo,,Back-up - Catálogo de Dados/Catalogo_20260118_073001.csv,Catalogo_20260118_073001.csv,.csv,dado_tabular_ou_serializado,6466525,2026-08-30T17:16:00+00:00,2026-01,nao_identificada,nao_classificado,nao_classificado,,
filesystem,arquivo,,Back-up - Catálogo de Dados/Catalogo_20260119_073001.csv,Catalogo_20260119_073001.csv,.csv,dado_tabular_ou_serializado,6466723,2026-08-30T17:16:00+00:00,2026-01,nao_identificada,nao_classificado,nao_classificado,,
filesystem,arquivo,,Back-up - Catálogo de Dados/Catalogo_20260120_073001.csv,Catalogo_20260120_073001.csv,.csv,dado_tabular_ou_serializado,6467153,2026-08-30T17:16:00+00:00,2026-01,nao_identificada,nao_classificado,nao_classificado,,
filesystem,arquivo,,Back-up - Catálogo de Dados/Catalogo_20260121_073000.csv,Catalogo_20260121_073000.csv,.csv,dado_tabular_ou_serializado,6456938,2026-08-30T17:16:00+00:00,2026-01,nao_identificada,nao_classificado,nao_classificado,,
filesystem,arquivo,,Back-up - Catálogo de Dados/Catalogo_20260122_073001.csv,Catalogo_20260122_073001.csv,.csv,dado_tabular_ou_serializado,6456938,2026-08-30T17:16:00+00:00,2026-01,nao_identificada,nao_classificado,nao_classificado,,
filesystem,arquivo,,Back-up - Catálogo de Dados/FCN_Colunas_20260104_073001.csv,FCN_Colunas_20260104_073001.csv,.csv,dado_tabular_ou_serializado,1392203,2026-08-30T17:16:00+00:00,2026-01,nao_identificada,nao_classificado,nao_classificado,,
filesystem,arquivo,,Back-up - Catálogo de Dados/FCN_Colunas_20260105_073001.csv,FCN_Colunas_20260105_073001.csv,.csv,dado_tabular_ou_serializado,1392203,2026-08-30T17:16:00+00:00,2026-01,nao_identificada,nao_classificado,nao_classificado,,
filesystem,arquivo,,Back-up - Catálogo de Dados/FCN_Colunas_20260113_163549.csv,FCN_Colunas_20260113_163549.csv,.csv,dado_tabular_ou_serializado,1392203,2026-08-30T17:16:00+00:00,2026-01,nao_identificada,nao_classificado,nao_classificado,,
filesystem,arquivo,,Back-up - Catálogo de Dados/FCN_Colunas_20260113_164031.csv,FCN_Colunas_20260113_164031.csv,.csv,dado_tabular_ou_serializado,1392203,2026-08-30T17:16:00+00:00,2026-01,nao_identificada,nao_classificado,nao_classificado,,
filesystem,arquivo,,Back-up - Catálogo de Dados/FCN_Colunas_20260114_073000.csv,FCN_Colunas_20260114_073000.csv,.csv,dado_tabular_ou_serializado,1392203,2026-08-30T17:16:00+00:00,2026-01,nao_identificada,nao_classificado,nao_classificado,,
filesystem,arquivo,,Back-up - Catálogo de Dados/FCN_Colunas_20260115_131217.csv,FCN_Colunas_20260115_131217.csv,.csv,dado_tabular_ou_serializado,1392203,2026-08-30T17:16:00+00:00,2026-01,nao_identificada,nao_classificado,nao_classificado,,
filesystem,arquivo,,Back-up - Catálogo de Dados/FCN_Colunas_20260116_073000.csv,FCN_Colunas_20260116_073000.csv,.csv,dado_tabular_ou_serializado,1421182,2026-08-30T17:16:00+00:00,2026-01,nao_identificada,nao_classificado,nao_classificado,,
filesystem,arquivo,,Back-up - Catálogo de Dados/FCN_Colunas_20260116_193202.csv,FCN_Colunas_20260116_193202.csv,.csv,dado_tabular_ou_serializado,1421182,2026-08-30T17:16:00+00:00,2026-01,nao_identificada,nao_classificado,nao_classificado,,
filesystem,arquivo,,Back-up - Catálogo de Dados/FCN_Colunas_20260117_073001.csv,FCN_Colunas_20260117_073001.csv,.csv,dado_tabular_ou_serializado,1421182,2026-08-30T17:16:00+00:00,2026-01,nao_identificada,nao_classificado,nao_classificado,,
filesystem,arquivo,,Back-up - Catálogo de Dados/FCN_Colunas_20260118_073001.csv,FCN_Colunas_20260118_073001.csv,.csv,dado_tabular_ou_serializado,1421182,2026-08-30T17:16:00+00:00,2026-01,nao_identificada,nao_classificado,nao_classificado,,
filesystem,arquivo,,Back-up - Catálogo de Dados/FCN_Colunas_20260119_073001.csv,FCN_Colunas_20260119_073001.csv,.csv,dado_tabular_ou_serializado,1421182,2026-08-30T17:16:00+00:00,2026-01,nao_identificada,nao_classificado,nao_classificado,,
filesystem,arquivo,,Back-up - Catálogo de Dados/FCN_Colunas_20260120_073001.csv,FCN_Colunas_20260120_073001.csv,.csv,dado_tabular_ou_serializado,1421612,2026-08-30T17:16:00+00:00,2026-01,nao_identificada,nao_classificado,nao_classificado,,
filesystem,arquivo,,Back-up - Catálogo de Dados/FCN_Colunas_20260121_073000.csv,FCN_Colunas_20260121_073000.csv,.csv,dado_tabular_ou_serializado,1421612,2026-08-30T17:16:00+00:00,2026-01,nao_identificada,nao_classificado,nao_classificado,,
filesystem,arquivo,,Back-up - Catálogo de Dados/FCN_Colunas_20260122_073001.csv,FCN_Colunas_20260122_073001.csv,.csv,dado_tabular_ou_serializado,1421612,2026-08-30T17:16:00+00:00,2026-01,nao_identificada,nao_classificado,nao_classificado,,
filesystem,arquivo,,Back-up - Catálogo de Dados/FCN_Conjuntos_20260104_073001.csv,FCN_Conjuntos_20260104_073001.csv,.csv,dado_tabular_ou_serializado,200231,2026-08-30T17:16:00+00:00,2026-01,nao_identificada,nao_classificado,nao_classificado,,
filesystem,arquivo,,Back-up - Catálogo de Dados/FCN_Conjuntos_20260105_073001.csv,FCN_Conjuntos_20260105_073001.csv,.csv,dado_tabular_ou_serializado,202165,2026-08-30T17:16:00+00:00,2026-01,nao_identificada,nao_classificado,nao_classificado,,
filesystem,arquivo,,Back-up - Catálogo de Dados/FCN_Conjuntos_20260113_163549.csv,FCN_Conjuntos_20260113_163549.csv,.csv,dado_tabular_ou_serializado,202165,2026-08-30T17:16:00+00:00,2026-01,nao_identificada,nao_classificado,nao_classificado,,
filesystem,arquivo,,Back-up - Catálogo de Dados/FCN_Conjuntos_20260113_164031.csv,FCN_Conjuntos_20260113_164031.csv,.csv,dado_tabular_ou_serializado,202165,2026-08-30T17:16:00+00:00,2026-01,nao_identificada,nao_classificado,nao_classificado,,
filesystem,arquivo,,Back-up - Catálogo de Dados/FCN_Conjuntos_20260114_073000.csv,FCN_Conjuntos_20260114_073000.csv,.csv,dado_tabular_ou_serializado,202165,2026-08-30T17:16:00+00:00,2026-01,nao_identificada,nao_classificado,nao_classificado,,
filesystem,arquivo,,Back-up - Catálogo de Dados/FCN_Conjuntos_20260115_131217.csv,FCN_Conjuntos_20260115_131217.csv,.csv,dado_tabular_ou_serializado,202165,2026-08-30T17:16:00+00:00,2026-01,nao_identificada,nao_classificado,nao_classificado,,
filesystem,arquivo,,Back-up - Catálogo de Dados/FCN_Conjuntos_20260116_073000.csv,FCN_Conjuntos_20260116_073000.csv,.csv,dado_tabular_ou_serializado,207851,2026-08-30T17:16:00+00:00,2026-01,nao_identificada,nao_classificado,nao_classificado,,
filesystem,arquivo,,Back-up - Catálogo de Dados/FCN_Conjuntos_20260116_193202.csv,FCN_Conjuntos_20260116_193202.csv,.csv,dado_tabular_ou_serializado,207851,2026-08-30T17:16:00+00:00,2026-01,nao_identificada,nao_classificado,nao_classificado,,
filesystem,arquivo,,Back-up - Catálogo de Dados/FCN_Conjuntos_20260117_073001.csv,FCN_Conjuntos_20260117_073001.csv,.csv,dado_tabular_ou_serializado,207851,2026-08-30T17:16:00+00:00,2026-01,nao_identificada,nao_classificado,nao_classificado,,
filesystem,arquivo,,Back-up - Catálogo de Dados/FCN_Conjuntos_20260118_073001.csv,FCN_Conjuntos_20260118_073001.csv,.csv,dado_tabular_ou_serializado,207961,2026-08-30T17:16:00+00:00,2026-01,nao_identificada,nao_classificado,nao_classificado,,
filesystem,arquivo,,Back-up - Catálogo de Dados/FCN_Conjuntos_20260119_073001.csv,FCN_Conjuntos_20260119_073001.csv,.csv,dado_tabular_ou_serializado,207963,2026-08-30T17:16:00+00:00,2026-01,nao_identificada,nao_classificado,nao_classificado,,
filesystem,arquivo,,Back-up - Catálogo de Dados/FCN_Conjuntos_20260120_073001.csv,FCN_Conjuntos_20260120_073001.csv,.csv,dado_tabular_ou_serializado,207963,2026-08-30T17:16:00+00:00,2026-01,nao_identificada,nao_classificado,nao_classificado,,
filesystem,arquivo,,Back-up - Catálogo de Dados/FCN_Conjuntos_20260121_073000.csv,FCN_Conjuntos_20260121_073000.csv,.csv,dado_tabular_ou_serializado,207700,2026-08-30T17:16:00+00:00,2026-01,nao_identificada,nao_classificado,nao_classificado,,
filesystem,arquivo,,Back-up - Catálogo de Dados/FCN_Conjuntos_20260122_073001.csv,FCN_Conjuntos_20260122_073001.csv,.csv,dado_tabular_ou_serializado,207700,2026-08-30T17:16:00+00:00,2026-01,nao_identificada,nao_classificado,nao_classificado,,
filesystem,pasta,,Cadastro Único,Cadastro Único,,pasta,,2026-08-30T14:34:11.480170+00:00,,nao_identificada,nao_classificado,nao_classificado,,
filesystem,arquivo,,Cadastro Único/ARQ_FAMILIA_PBF_12122025_SB8.TXT,ARQ_FAMILIA_PBF_12122025_SB8.TXT,.txt,dado_tabular_ou_serializado,3314183489,2026-08-30T14:34:11.478170+00:00,,nao_identificada,nao_classificado,nao_classificado,,
filesystem,pasta,,Canal FGTS,Canal FGTS,,pasta,,2026-08-29T14:13:14.640644+00:00,,fgts,fgts_financiado,fgts_financiado,,
filesystem,pasta,,Canal FGTS/Arquivados,Arquivados,,pasta,,2026-08-30T13:58:09.712841+00:00,,fgts,fgts_financiado,fgts_financiado,,
filesystem,arquivo,,Canal FGTS/Arquivados/MC20200103.zip,MC20200103.zip,.zip,arquivo_compactado,138516007,2026-08-30T16:20:00+00:00,2020-01,fgts,fgts_financiado,fgts_financiado,,
filesystem,arquivo,,Canal FGTS/Arquivados/MC20200207.zip,MC20200207.zip,.zip,arquivo_compactado,137942076,2026-08-30T16:21:00+00:00,2020-02,fgts,fgts_financiado,fgts_financiado,,
filesystem,arquivo,,Canal FGTS/Arquivados/MC20210108.zip,MC20210108.zip,.zip,arquivo_compactado,107838750,2026-08-30T16:21:00+00:00,2021-01,fgts,fgts_financiado,fgts_financiado,,
filesystem,arquivo,,Canal FGTS/Arquivados/MC20210205.zip,MC20210205.zip,.zip,arquivo_compactado,80019546,2026-08-30T16:21:00+00:00,2021-02,fgts,fgts_financiado,fgts_financiado,,
filesystem,arquivo,,Canal FGTS/Arquivados/MC2021_Contratacao.zip,MC2021_Contratacao.zip,.zip,arquivo_compactado,95600879,2026-08-30T16:21:00+00:00,,fgts,fgts_financiado,fgts_financiado,,
filesystem,arquivo,,Canal FGTS/Arquivados/MC20220107.zip,MC20220107.zip,.zip,arquivo_compactado,69917243,2026-08-30T16:22:00+00:00,2022-01,fgts,fgts_financiado,fgts_financiado,,
filesystem,arquivo,,Canal FGTS/Arquivados/MC20220204.zip,MC20220204.zip,.zip,arquivo_compactado,72317897,2026-08-30T16:22:00+00:00,2022-02,fgts,fgts_financiado,fgts_financiado,,
filesystem,arquivo,,Canal FGTS/Arquivados/MC20230106.zip,MC20230106.zip,.zip,arquivo_compactado,110383971,2026-08-30T16:22:00+00:00,2023-01,fgts,fgts_financiado,fgts_financiado,,
filesystem,arquivo,,Canal FGTS/Arquivados/MC20230203.zip,MC20230203.zip,.zip,arquivo_compactado,85110736,2026-08-30T16:22:00+00:00,2023-02,fgts,fgts_financiado,fgts_financiado,,
filesystem,arquivo,,Canal FGTS/Arquivados/MC20240105.zip,MC20240105.zip,.zip,arquivo_compactado,162393491,2026-08-30T16:22:00+00:00,2024-01,fgts,fgts_financiado,fgts_financiado,,
filesystem,arquivo,,Canal FGTS/Arquivados/MC20240202.zip,MC20240202.zip,.zip,arquivo_compactado,125432704,2026-08-30T16:23:00+00:00,2024-02,fgts,fgts_financiado,fgts_financiado,,
filesystem,arquivo,,Canal FGTS/Arquivados/MC20241206.zip,MC20241206.zip,.zip,arquivo_compactado,174307693,2026-08-30T16:23:00+00:00,2024-12,fgts,fgts_financiado,fgts_financiado,,
filesystem,arquivo,,Canal FGTS/Arquivados/MC20241213.zip,MC20241213.zip,.zip,arquivo_compactado,175047288,2026-08-30T16:23:00+00:00,2024-12,fgts,fgts_financiado,fgts_financiado,,
filesystem,arquivo,,Canal FGTS/Arquivados/MC20241220.zip,MC20241220.zip,.zip,arquivo_compactado,176388463,2026-08-30T16:24:00+00:00,2024-12,fgts,fgts_financiado,fgts_financiado,,
filesystem,arquivo,,Canal FGTS/Arquivados/MC20241227.zip,MC20241227.zip,.zip,arquivo_compactado,177802455,2026-08-30T16:24:00+00:00,2024-12,fgts,fgts_financiado,fgts_financiado,,
filesystem,arquivo,,Canal FGTS/Arquivados/MC20250103.zip,MC20250103.zip,.zip,arquivo_compactado,178487536,2026-08-30T16:25:00+00:00,2025-01,fgts,fgts_financiado,fgts_financiado,,
filesystem,arquivo,,Canal FGTS/Arquivados/MC20250110.zip,MC20250110.zip,.zip,arquivo_compactado,179181944,2026-08-30T16:25:00+00:00,2025-01,fgts,fgts_financiado,fgts_financiado,,
filesystem,arquivo,,Canal FGTS/Arquivados/MC20250117.zip,MC20250117.zip,.zip,arquivo_compactado,179618105,2026-08-30T16:26:00+00:00,2025-01,fgts,fgts_financiado,fgts_financiado,,
filesystem,arquivo,,Canal FGTS/Arquivados/MC20250124.zip,MC20250124.zip,.zip,arquivo_compactado,179460497,2026-08-30T16:26:00+00:00,2025-01,fgts,fgts_financiado,fgts_financiado,,
filesystem,arquivo,,Canal FGTS/Arquivados/MC20250131.zip,MC20250131.zip,.zip,arquivo_compactado,179354237,2026-08-30T16:26:00+00:00,2025-01,fgts,fgts_financiado,fgts_financiado,,
filesystem,arquivo,,Canal FGTS/Arquivados/MC20250207.zip,MC20250207.zip,.zip,arquivo_compactado,126698521,2026-08-30T16:30:00+00:00,2025-02,fgts,fgts_financiado,fgts_financiado,,
filesystem,arquivo,,Canal FGTS/Arquivados/MC20250214.zip,MC20250214.zip,.zip,arquivo_compactado,130421461,2026-08-30T16:30:00+00:00,2025-02,fgts,fgts_financiado,fgts_financiado,,
filesystem,arquivo,,Canal FGTS/Arquivados/MC20250221.zip,MC20250221.zip,.zip,arquivo_compactado,131240917,2026-08-30T16:30:00+00:00,2025-02,fgts,fgts_financiado,fgts_financiado,,
filesystem,arquivo,,Canal FGTS/Arquivados/MC20250228.zip,MC20250228.zip,.zip,arquivo_compactado,131354568,2026-08-30T16:31:00+00:00,2025-02,fgts,fgts_financiado,fgts_financiado,,
filesystem,arquivo,,Canal FGTS/Arquivados/MC20250307.zip,MC20250307.zip,.zip,arquivo_compactado,132532416,2026-08-30T16:31:00+00:00,2025-03,fgts,fgts_financiado,fgts_financiado,,
filesystem,arquivo,,Canal FGTS/Arquivados/MC20250314.zip,MC20250314.zip,.zip,arquivo_compactado,134221561,2026-08-30T16:31:00+00:00,2025-03,fgts,fgts_financiado,fgts_financiado,,
filesystem,arquivo,,Canal FGTS/Arquivados/MC20250321.zip,MC20250321.zip,.zip,arquivo_compactado,134930226,2026-08-30T16:32:00+00:00,2025-03,fgts,fgts_financiado,fgts_financiado,,
filesystem,arquivo,,Canal FGTS/Arquivados/MC20250328.zip,MC20250328.zip,.zip,arquivo_compactado,135666621,2026-08-30T16:32:00+00:00,2025-03,fgts,fgts_financiado,fgts_financiado,,
filesystem,arquivo,,Canal FGTS/Arquivados/MC20250404.zip,MC20250404.zip,.zip,arquivo_compactado,136056962,2026-08-30T16:32:00+00:00,2025-04,fgts,fgts_financiado,fgts_financiado,,
filesystem,arquivo,,Canal FGTS/Arquivados/MC20250411.zip,MC20250411.zip,.zip,arquivo_compactado,137968315,2026-08-30T16:33:00+00:00,2025-04,fgts,fgts_financiado,fgts_financiado,,
filesystem,arquivo,,Canal FGTS/Arquivados/MC20250417.zip,MC20250417.zip,.zip,arquivo_compactado,138274873,2026-08-30T16:33:00+00:00,2025-04,fgts,fgts_financiado,fgts_financiado,,
filesystem,arquivo,,Canal FGTS/Arquivados/MC20250425.zip,MC20250425.zip,.zip,arquivo_compactado,139471478,2026-08-30T16:33:00+00:00,2025-04,fgts,fgts_financiado,fgts_financiado,,
filesystem,arquivo,,Canal FGTS/Arquivados/MC20250502.zip,MC20250502.zip,.zip,arquivo_compactado,140766658,2026-08-30T16:34:00+00:00,2025-05,fgts,fgts_financiado,fgts_financiado,,
filesystem,arquivo,,Canal FGTS/Arquivados/MC20250509.zip,MC20250509.zip,.zip,arquivo_compactado,142429534,2026-08-30T16:34:00+00:00,2025-05,fgts,fgts_financiado,fgts_financiado,,
filesystem,arquivo,,Canal FGTS/Arquivados/MC20250516.zip,MC20250516.zip,.zip,arquivo_compactado,143302233,2026-08-30T16:34:00+00:00,2025-05,fgts,fgts_financiado,fgts_financiado,,
filesystem,arquivo,,Canal FGTS/Arquivados/MC20250523.zip,MC20250523.zip,.zip,arquivo_compactado,144724963,2026-08-30T16:35:00+00:00,2025-05,fgts,fgts_financiado,fgts_financiado,,
filesystem,arquivo,,Canal FGTS/Arquivados/MC20250613 (2).zip,MC20250613 (2).zip,.zip,arquivo_compactado,148897568,2026-08-30T16:35:00+00:00,2025-06,fgts,fgts_financiado,fgts_financiado,,
filesystem,arquivo,,Canal FGTS/Arquivados/MC20250620.zip,MC20250620.zip,.zip,arquivo_compactado,150161465,2026-08-30T16:35:00+00:00,2025-06,fgts,fgts_financiado,fgts_financiado,,
filesystem,arquivo,,Canal FGTS/Arquivados/MC20250627.zip,MC20250627.zip,.zip,arquivo_compactado,150702965,2026-08-30T16:36:00+00:00,2025-06,fgts,fgts_financiado,fgts_financiado,,
filesystem,arquivo,,Canal FGTS/Arquivados/MC20250704.zip,MC20250704.zip,.zip,arquivo_compactado,151523469,2026-08-30T16:36:00+00:00,2025-07,fgts,fgts_financiado,fgts_financiado,,
filesystem,arquivo,,Canal FGTS/Arquivados/MC20250711.zip,MC20250711.zip,.zip,arquivo_compactado,152478367,2026-08-30T16:41:00+00:00,2025-07,fgts,fgts_financiado,fgts_financiado,,
filesystem,arquivo,,Canal FGTS/Arquivados/MC20250718.zip,MC20250718.zip,.zip,arquivo_compactado,153526290,2026-08-30T16:41:00+00:00,2025-07,fgts,fgts_financiado,fgts_financiado,,
filesystem,arquivo,,Canal FGTS/Arquivados/MC20250801.zip,MC20250801.zip,.zip,arquivo_compactado,156574354,2026-08-30T16:41:00+00:00,2025-08,fgts,fgts_financiado,fgts_financiado,,
filesystem,arquivo,,Canal FGTS/Arquivados/MC20250808 (1).zip,MC20250808 (1).zip,.zip,arquivo_compactado,161552390,2026-08-30T16:42:00+00:00,2025-08,fgts,fgts_financiado,fgts_financiado,,
filesystem,arquivo,,Canal FGTS/Arquivados/MC20250822.zip,MC20250822.zip,.zip,arquivo_compactado,164077804,2026-08-30T16:42:00+00:00,2025-08,fgts,fgts_financiado,fgts_financiado,,
filesystem,pasta,,Canal FGTS/Arquivados/MC20250829,MC20250829,,pasta,,2026-08-30T13:17:38.243015+00:00,2025-08,fgts,fgts_financiado,fgts_financiado,,
filesystem,arquivo,,Canal FGTS/Arquivados/MC20250829/MCidades_AO_1.mdb,MCidades_AO_1.mdb,.mdb,outro,1188716544,2026-08-30T16:09:00+00:00,2025-08,fgts,fgts_financiado,fgts_financiado,,
filesystem,arquivo,,Canal FGTS/Arquivados/MC20250829/MCidades_AO_1.sql,MCidades_AO_1.sql,.sql,outro,557204609,2026-08-30T16:13:00+00:00,2025-08,fgts,fgts_financiado,fgts_financiado,,
filesystem,arquivo,,Canal FGTS/Arquivados/MC20250829/MCidades_AO_2.mdb,MCidades_AO_2.mdb,.mdb,outro,1267306496,2026-08-30T16:06:00+00:00,2025-08,fgts,fgts_financiado,fgts_financiado,,
filesystem,arquivo,,Canal FGTS/Arquivados/MC20250829/MCidades_AO_3.mdb,MCidades_AO_3.mdb,.mdb,outro,478867456,2026-08-30T16:14:00+00:00,2025-08,fgts,fgts_financiado,fgts_financiado,,
filesystem,arquivo,,Canal FGTS/Arquivados/MC20250829/MCidades_CCI_CCA_2025.mdb,MCidades_CCI_CCA_2025.mdb,.mdb,outro,461225984,2026-08-30T16:15:00+00:00,2025-08,fgts,fgts_financiado,fgts_financiado,,
filesystem,arquivo,,Canal FGTS/Arquivados/MC20250829.zip,MC20250829.zip,.zip,arquivo_compactado,161434847,2026-08-30T16:42:00+00:00,2025-08,fgts,fgts_financiado,fgts_financiado,,
filesystem,arquivo,,Canal FGTS/Arquivados/MC20250905.zip,MC20250905.zip,.zip,arquivo_compactado,161744908,2026-08-30T16:43:00+00:00,2025-09,fgts,fgts_financiado,fgts_financiado,,
filesystem,arquivo,,Canal FGTS/Arquivados/MC20250912.zip,MC20250912.zip,.zip,arquivo_compactado,163015085,2026-08-30T16:43:00+00:00,2025-09,fgts,fgts_financiado,fgts_financiado,,
filesystem,arquivo,,Canal FGTS/Arquivados/MC20250919.zip,MC20250919.zip,.zip,arquivo_compactado,165023208,2026-08-30T16:44:00+00:00,2025-09,fgts,fgts_financiado,fgts_financiado,,
filesystem,arquivo,,Canal FGTS/Arquivados/MC20250926.zip,MC20250926.zip,.zip,arquivo_compactado,166645137,2026-08-30T16:44:00+00:00,2025-09,fgts,fgts_financiado,fgts_financiado,,
filesystem,arquivo,,Canal FGTS/Arquivados/MC20251003.zip,MC20251003.zip,.zip,arquivo_compactado,167032507,2026-08-30T16:44:00+00:00,2025-10,fgts,fgts_financiado,fgts_financiado,,
filesystem,arquivo,,Canal FGTS/Arquivados/MC20251010.zip,MC20251010.zip,.zip,arquivo_compactado,169154014,2026-08-30T16:45:00+00:00,2025-10,fgts,fgts_financiado,fgts_financiado,,
filesystem,arquivo,,Canal FGTS/Arquivados/MC20251017.zip,MC20251017.zip,.zip,arquivo_compactado,169986365,2026-08-30T16:45:00+00:00,2025-10,fgts,fgts_financiado,fgts_financiado,,
filesystem,arquivo,,Canal FGTS/Arquivados/MC20251024.zip,MC20251024.zip,.zip,arquivo_compactado,171064038,2026-08-30T16:46:00+00:00,2025-10,fgts,fgts_financiado,fgts_financiado,,
filesystem,arquivo,,Canal FGTS/Arquivados/MC20251031.zip,MC20251031.zip,.zip,arquivo_compactado,172010793,2026-08-30T16:46:00+00:00,2025-10,fgts,fgts_financiado,fgts_financiado,,
filesystem,arquivo,,Canal FGTS/Arquivados/MC20251107.zip,MC20251107.zip,.zip,arquivo_compactado,174641136,2026-08-30T16:47:00+00:00,2025-11,fgts,fgts_financiado,fgts_financiado,,
filesystem,arquivo,,Canal FGTS/Arquivados/MC20251114.zip,MC20251114.zip,.zip,arquivo_compactado,176044151,2026-08-30T16:47:00+00:00,2025-11,fgts,fgts_financiado,fgts_financiado,,
filesystem,arquivo,,Canal FGTS/Arquivados/MC20251125.zip,MC20251125.zip,.zip,arquivo_compactado,177173742,2026-08-30T16:47:00+00:00,2025-11,fgts,fgts_financiado,fgts_financiado,,
filesystem,arquivo,,Canal FGTS/Arquivados/MC20251128.zip,MC20251128.zip,.zip,arquivo_compactado,177343929,2026-08-30T16:48:00+00:00,2025-11,fgts,fgts_financiado,fgts_financiado,,
filesystem,arquivo,,Canal FGTS/Arquivados/MC20251205.zip,MC20251205.zip,.zip,arquivo_compactado,178809750,2026-08-30T16:48:00+00:00,2025-12,fgts,fgts_financiado,fgts_financiado,,
filesystem,arquivo,,Canal FGTS/Arquivados/MC20251212.zip,MC20251212.zip,.zip,arquivo_compactado,180358895,2026-08-30T16:50:00+00:00,2025-12,fgts,fgts_financiado,fgts_financiado,,
filesystem,arquivo,,Canal FGTS/Arquivados/MC20251219.zip,MC20251219.zip,.zip,arquivo_compactado,182061168,2026-08-30T16:51:00+00:00,2025-12,fgts,fgts_financiado,fgts_financiado,,
filesystem,arquivo,,Canal FGTS/Arquivados/MC20251226.zip,MC20251226.zip,.zip,arquivo_compactado,183862710,2026-08-30T16:51:00+00:00,2025-12,fgts,fgts_financiado,fgts_financiado,,
filesystem,arquivo,,Canal FGTS/Arquivados/MC20260102.zip,MC20260102.zip,.zip,arquivo_compactado,183944891,2026-08-30T16:52:00+00:00,2026-01,fgts,fgts_financiado,fgts_financiado,,
filesystem,arquivo,,Canal FGTS/Arquivados/MC20260116.zip,MC20260116.zip,.zip,arquivo_compactado,181706991,2026-08-30T16:52:00+00:00,2026-01,fgts,fgts_financiado,fgts_financiado,,
filesystem,arquivo,,Canal FGTS/Arquivados/MC20260123.zip,MC20260123.zip,.zip,arquivo_compactado,183014025,2026-08-30T16:53:00+00:00,2026-01,fgts,fgts_financiado,fgts_financiado,,
filesystem,arquivo,,Canal FGTS/Arquivados/MC20260203.zip,MC20260203.zip,.zip,arquivo_compactado,176149257,2026-08-30T16:53:00+00:00,2026-02,fgts,fgts_financiado,fgts_financiado,,
filesystem,arquivo,,Canal FGTS/Arquivados/MC20260204.zip,MC20260204.zip,.zip,arquivo_compactado,176166186,2026-08-30T16:53:00+00:00,2026-02,fgts,fgts_financiado,fgts_financiado,,
filesystem,arquivo,,Canal FGTS/Arquivados/MC20260206.zip,MC20260206.zip,.zip,arquivo_compactado,139974843,2026-08-30T16:54:00+00:00,2026-02,fgts,fgts_financiado,fgts_financiado,,
filesystem,arquivo,,Canal FGTS/Arquivados/MCMV_CIDADES_EMENDAS_2024_12_09.xlsx,MCMV_CIDADES_EMENDAS_2024_12_09.xlsx,.xlsx,dado_tabular_ou_serializado,348456,2026-08-30T16:54:00+00:00,2024-12,fgts,mcmv_geral;fgts_financiado,fgts_financiado,MCMV_CIDADES_EMENDAS,
filesystem,arquivo,,Canal FGTS/Arquivados/MCMV_CIDADES_EMENDAS_2024_12_12.xlsx,MCMV_CIDADES_EMENDAS_2024_12_12.xlsx,.xlsx,dado_tabular_ou_serializado,353701,2026-08-30T16:54:00+00:00,2024-12,fgts,mcmv_geral;fgts_financiado,fgts_financiado,MCMV_CIDADES_EMENDAS,
filesystem,arquivo,,Canal FGTS/Arquivados/MCMV_CIDADES_EMENDAS_2024_12_19.xlsx,MCMV_CIDADES_EMENDAS_2024_12_19.xlsx,.xlsx,dado_tabular_ou_serializado,362113,2026-08-30T16:54:00+00:00,2024-12,fgts,mcmv_geral;fgts_financiado,fgts_financiado,MCMV_CIDADES_EMENDAS,
filesystem,arquivo,,Canal FGTS/Arquivados/MCMV_CIDADES_EMENDAS_2024_12_26.xlsx,MCMV_CIDADES_EMENDAS_2024_12_26.xlsx,.xlsx,dado_tabular_ou_serializado,371487,2026-08-30T16:54:00+00:00,2024-12,fgts,mcmv_geral;fgts_financiado,fgts_financiado,MCMV_CIDADES_EMENDAS,
filesystem,arquivo,,Canal FGTS/Arquivados/MCMV_CIDADES_EMENDAS_2025_01_10.xlsx,MCMV_CIDADES_EMENDAS_2025_01_10.xlsx,.xlsx,dado_tabular_ou_serializado,387663,2026-08-30T16:54:00+00:00,2025-01,fgts,mcmv_geral;fgts_financiado,fgts_financiado,MCMV_CIDADES_EMENDAS,
filesystem,arquivo,,Canal FGTS/Arquivados/MCMV_CIDADES_EMENDAS_2025_01_17.xlsx,MCMV_CIDADES_EMENDAS_2025_01_17.xlsx,.xlsx,dado_tabular_ou_serializado,390367,2026-08-30T16:54:00+00:00,2025-01,fgts,mcmv_geral;fgts_financiado,fgts_financiado,MCMV_CIDADES_EMENDAS,
filesystem,arquivo,,Canal FGTS/Arquivados/MCMV_CIDADES_EMENDAS_2025_02_03.xlsx,MCMV_CIDADES_EMENDAS_2025_02_03.xlsx,.xlsx,dado_tabular_ou_serializado,422589,2026-08-30T16:54:00+00:00,2025-02,fgts,mcmv_geral;fgts_financiado,fgts_financiado,MCMV_CIDADES_EMENDAS,
filesystem,arquivo,,Canal FGTS/Arquivados/MCMV_CIDADES_EMENDAS_2025_02_07.xlsx,MCMV_CIDADES_EMENDAS_2025_02_07.xlsx,.xlsx,dado_tabular_ou_serializado,430719,2026-08-30T16:54:00+00:00,2025-02,fgts,mcmv_geral;fgts_financiado,fgts_financiado,MCMV_CIDADES_EMENDAS,
filesystem,arquivo,,Canal FGTS/Arquivados/MCMV_CIDADES_EMENDAS_2025_02_14.xlsx,MCMV_CIDADES_EMENDAS_2025_02_14.xlsx,.xlsx,dado_tabular_ou_serializado,579421,2026-08-30T16:54:00+00:00,2025-02,fgts,mcmv_geral;fgts_financiado,fgts_financiado,MCMV_CIDADES_EMENDAS; Resumo,
filesystem,arquivo,,Canal FGTS/Arquivados/MCMV_CIDADES_EMENDAS_2025_02_21.xlsx,MCMV_CIDADES_EMENDAS_2025_02_21.xlsx,.xlsx,dado_tabular_ou_serializado,462325,2026-08-30T16:54:00+00:00,2025-02,fgts,mcmv_geral;fgts_financiado,fgts_financiado,MCMV_CIDADES_EMENDAS,
filesystem,arquivo,,Canal FGTS/Arquivados/MCMV_CIDADES_EMENDAS_2025_02_28.xlsx,MCMV_CIDADES_EMENDAS_2025_02_28.xlsx,.xlsx,dado_tabular_ou_serializado,472157,2026-08-30T16:54:00+00:00,2025-02,fgts,mcmv_geral;fgts_financiado,fgts_financiado,MCMV_CIDADES_EMENDAS,
filesystem,arquivo,,Canal FGTS/Arquivados/MCMV_CIDADES_EMENDAS_2025_03_10.xlsx,MCMV_CIDADES_EMENDAS_2025_03_10.xlsx,.xlsx,dado_tabular_ou_serializado,505448,2026-08-30T16:54:00+00:00,2025-03,fgts,mcmv_geral;fgts_financiado,fgts_financiado,MCMV_CIDADES_EMENDAS; Dicionario de dados,
filesystem,arquivo,,Canal FGTS/Arquivados/MCMV_CIDADES_EMENDAS_2025_03_14.xlsx,MCMV_CIDADES_EMENDAS_2025_03_14.xlsx,.xlsx,dado_tabular_ou_serializado,507253,2026-08-30T16:54:00+00:00,2025-03,fgts,mcmv_geral;fgts_financiado,fgts_financiado,MCMV_CIDADES_EMENDAS; Dicionario de dados,
filesystem,arquivo,,Canal FGTS/Arquivados/MCMV_CIDADES_EMENDAS_2025_03_21.xlsx,MCMV_CIDADES_EMENDAS_2025_03_21.xlsx,.xlsx,dado_tabular_ou_serializado,517347,2026-08-30T16:54:00+00:00,2025-03,fgts,mcmv_geral;fgts_financiado,fgts_financiado,MCMV_CIDADES_EMENDAS; Dicionario de dados,
filesystem,arquivo,,Canal FGTS/Arquivados/MCMV_CIDADES_EMENDAS_2025_04_04.xlsx,MCMV_CIDADES_EMENDAS_2025_04_04.xlsx,.xlsx,dado_tabular_ou_serializado,547030,2026-08-30T16:54:00+00:00,2025-04,fgts,mcmv_geral;fgts_financiado,fgts_financiado,MCMV_CIDADES_EMENDAS; Dicionario de dados,
filesystem,arquivo,,Canal FGTS/Arquivados/MCMV_CIDADES_EMENDAS_2025_04_11.xlsx,MCMV_CIDADES_EMENDAS_2025_04_11.xlsx,.xlsx,dado_tabular_ou_serializado,710355,2026-08-30T16:54:00+00:00,2025-04,fgts,mcmv_geral;fgts_financiado,fgts_financiado,Planilha1; MCMV_CIDADES_EMENDAS; Dicionario de dados,
filesystem,arquivo,,Canal FGTS/Arquivados/MCMV_CIDADES_EMENDAS_2025_04_22.xlsx,MCMV_CIDADES_EMENDAS_2025_04_22.xlsx,.xlsx,dado_tabular_ou_serializado,564465,2026-08-30T16:54:00+00:00,2025-04,fgts,mcmv_geral;fgts_financiado,fgts_financiado,MCMV_CIDADES_EMENDAS; Dicionario de dados,
filesystem,arquivo,,Canal FGTS/Arquivados/MCMV_CIDADES_EMENDAS_2025_04_25.xlsx,MCMV_CIDADES_EMENDAS_2025_04_25.xlsx,.xlsx,dado_tabular_ou_serializado,726117,2026-08-30T16:54:00+00:00,2025-04,fgts,mcmv_geral;fgts_financiado,fgts_financiado,DINAMICA; MCMV_CIDADES_EMENDAS; Dicionario de dados,
filesystem,arquivo,,Canal FGTS/Arquivados/MCMV_CIDADES_EMENDAS_2025_05_05.xlsx,MCMV_CIDADES_EMENDAS_2025_05_05.xlsx,.xlsx,dado_tabular_ou_serializado,730787,2026-08-30T16:54:00+00:00,2025-05,fgts,mcmv_geral;fgts_financiado,fgts_financiado,Planilha1; MCMV_CIDADES_EMENDAS; Dicionario de dados,
filesystem,arquivo,,Canal FGTS/Arquivados/MCMV_CIDADES_EMENDAS_2025_05_09.xlsx,MCMV_CIDADES_EMENDAS_2025_05_09.xlsx,.xlsx,dado_tabular_ou_serializado,597067,2026-08-30T16:54:00+00:00,2025-05,fgts,mcmv_geral;fgts_financiado,fgts_financiado,MCMV_CIDADES_EMENDAS; Dicionario de dados,
filesystem,arquivo,,Canal FGTS/Arquivados/MCMV_CIDADES_EMENDAS_2025_05_16.xlsx,MCMV_CIDADES_EMENDAS_2025_05_16.xlsx,.xlsx,dado_tabular_ou_serializado,599399,2026-08-30T16:54:00+00:00,2025-05,fgts,mcmv_geral;fgts_financiado,fgts_financiado,MCMV_CIDADES_EMENDAS; Dicionario de dados,
filesystem,arquivo,,Canal FGTS/Arquivados/MCMV_CIDADES_EMENDAS_2025_05_23.xlsx,MCMV_CIDADES_EMENDAS_2025_05_23.xlsx,.xlsx,dado_tabular_ou_serializado,0,2026-08-30T16:54:00+00:00,2025-05,fgts,mcmv_geral;fgts_financiado,fgts_financiado,"erro_excel:Excel file format cannot be determined, you must specify an engine manually.",
filesystem,arquivo,,Canal FGTS/Arquivados/MCMV_CIDADES_EMENDAS_2025_06_06 (1).xlsx,MCMV_CIDADES_EMENDAS_2025_06_06 (1).xlsx,.xlsx,dado_tabular_ou_serializado,441777,2026-08-30T16:54:00+00:00,2025-06,fgts,mcmv_geral;fgts_financiado,fgts_financiado,"erro_excel:Excel file format cannot be determined, you must specify an engine manually.",
filesystem,arquivo,,Canal FGTS/Arquivados/MCMV_CIDADES_EMENDAS_2025_06_13 (2).xlsx,MCMV_CIDADES_EMENDAS_2025_06_13 (2).xlsx,.xlsx,dado_tabular_ou_serializado,441777,2026-08-30T16:54:00+00:00,2025-06,fgts,mcmv_geral;fgts_financiado,fgts_financiado,"erro_excel:Excel file format cannot be determined, you must specify an engine manually.",
filesystem,arquivo,,Canal FGTS/Arquivados/MCMV_CIDADES_EMENDAS_2025_06_19.xlsx,MCMV_CIDADES_EMENDAS_2025_06_19.xlsx,.xlsx,dado_tabular_ou_serializado,441777,2026-08-30T16:54:00+00:00,2025-06,fgts,mcmv_geral;fgts_financiado,fgts_financiado,"erro_excel:Excel file format cannot be determined, you must specify an engine manually.",
filesystem,arquivo,,Canal FGTS/Arquivados/MCMV_CIDADES_EMENDAS_2025_06_27.xlsx,MCMV_CIDADES_EMENDAS_2025_06_27.xlsx,.xlsx,dado_tabular_ou_serializado,441777,2026-08-30T16:54:00+00:00,2025-06,fgts,mcmv_geral;fgts_financiado,fgts_financiado,"erro_excel:Excel file format cannot be determined, you must specify an engine manually.",
filesystem,arquivo,,Canal FGTS/Arquivados/MCMV_CIDADES_EMENDAS_2025_07_07.xlsx,MCMV_CIDADES_EMENDAS_2025_07_07.xlsx,.xlsx,dado_tabular_ou_serializado,441777,2026-08-30T16:54:00+00:00,2025-07,fgts,mcmv_geral;fgts_financiado,fgts_financiado,"erro_excel:Excel file format cannot be determined, you must specify an engine manually.",
filesystem,arquivo,,Canal FGTS/Arquivados/MCMV_CIDADES_EMENDAS_2025_07_14.xlsx,MCMV_CIDADES_EMENDAS_2025_07_14.xlsx,.xlsx,dado_tabular_ou_serializado,707569,2026-08-30T16:54:00+00:00,2025-07,fgts,mcmv_geral;fgts_financiado,fgts_financiado,MCMV_CIDADES_EMENDAS; Dicionario de dados,
filesystem,arquivo,,Canal FGTS/Arquivados/MCMV_CIDADES_EMENDAS_2025_07_18 (1).xlsx,MCMV_CIDADES_EMENDAS_2025_07_18 (1).xlsx,.xlsx,dado_tabular_ou_serializado,711797,2026-08-30T16:54:00+00:00,2025-07,fgts,mcmv_geral;fgts_financiado,fgts_financiado,MCMV_CIDADES_EMENDAS; Dicionario de dados,
filesystem,arquivo,,Canal FGTS/Arquivados/MCMV_CIDADES_EMENDAS_2025_07_28.xlsx,MCMV_CIDADES_EMENDAS_2025_07_28.xlsx,.xlsx,dado_tabular_ou_serializado,953211,2026-08-30T16:54:00+00:00,2025-07,fgts,mcmv_geral;fgts_financiado,fgts_financiado,Resumo; MCMV_CIDADES_EMENDAS; Dicionario de dados,
filesystem,arquivo,,Canal FGTS/Arquivados/MCMV_CIDADES_EMENDAS_2025_08_04.xlsx,MCMV_CIDADES_EMENDAS_2025_08_04.xlsx,.xlsx,dado_tabular_ou_serializado,977225,2026-08-30T16:54:00+00:00,2025-08,fgts,mcmv_geral;fgts_financiado,fgts_financiado,Resumo; MCMV_CIDADES_EMENDAS; Dicionario de dados,
filesystem,arquivo,,Canal FGTS/Arquivados/MCMV_CIDADES_EMENDAS_2025_08_08.xlsx,MCMV_CIDADES_EMENDAS_2025_08_08.xlsx,.xlsx,dado_tabular_ou_serializado,984582,2026-08-30T16:54:00+00:00,2025-08,fgts,mcmv_geral;fgts_financiado,fgts_financiado,Resumo; MCMV_CIDADES_EMENDAS; Dicionario de dados,
filesystem,arquivo,,Canal FGTS/Arquivados/MCMV_CIDADES_EMENDAS_2025_08_15.xlsx,MCMV_CIDADES_EMENDAS_2025_08_15.xlsx,.xlsx,dado_tabular_ou_serializado,990685,2026-08-30T16:54:00+00:00,2025-08,fgts,mcmv_geral;fgts_financiado,fgts_financiado,Resumo; MCMV_CIDADES_EMENDAS; Dicionario de dados,
filesystem,arquivo,,Canal FGTS/Arquivados/MCMV_CIDADES_EMENDAS_2025_08_22.xlsx,MCMV_CIDADES_EMENDAS_2025_08_22.xlsx,.xlsx,dado_tabular_ou_serializado,992180,2026-08-30T16:54:00+00:00,2025-08,fgts,mcmv_geral;fgts_financiado,fgts_financiado,Resumo; MCMV_CIDADES_EMENDAS; Dicionario de dados,
filesystem,arquivo,,Canal FGTS/Arquivados/MCMV_CIDADES_EMENDAS_2025_08_29.xlsx,MCMV_CIDADES_EMENDAS_2025_08_29.xlsx,.xlsx,dado_tabular_ou_serializado,1038244,2026-08-30T16:54:00+00:00,2025-08,fgts,mcmv_geral;fgts_financiado,fgts_financiado,Resumo; MCMV_CIDADES_EMENDAS; Dicionario de dados,
filesystem,arquivo,,Canal FGTS/Arquivados/MCMV_CIDADES_EMENDAS_2025_09_05.xlsx,MCMV_CIDADES_EMENDAS_2025_09_05.xlsx,.xlsx,dado_tabular_ou_serializado,1027693,2026-08-30T16:54:00+00:00,2025-09,fgts,mcmv_geral;fgts_financiado,fgts_financiado,Resumo; MCMV_CIDADES_EMENDAS; Dicionario de dados,
filesystem,arquivo,,Canal FGTS/Arquivados/MCMV_CIDADES_EMENDAS_2025_09_12.xlsx,MCMV_CIDADES_EMENDAS_2025_09_12.xlsx,.xlsx,dado_tabular_ou_serializado,1044464,2026-08-30T16:54:00+00:00,2025-09,fgts,mcmv_geral;fgts_financiado,fgts_financiado,Resumo; MCMV_CIDADES_EMENDAS; Dicionario de dados,
filesystem,arquivo,,Canal FGTS/Arquivados/MCMV_CIDADES_EMENDAS_2025_09_19.xlsx,MCMV_CIDADES_EMENDAS_2025_09_19.xlsx,.xlsx,dado_tabular_ou_serializado,1076242,2026-08-30T16:54:00+00:00,2025-09,fgts,mcmv_geral;fgts_financiado,fgts_financiado,Resumo; MCMV_CIDADES_EMENDAS; Dicionario de dados,
filesystem,arquivo,,Canal FGTS/Arquivados/MCMV_CIDADES_EMENDAS_2025_09_29.xlsx,MCMV_CIDADES_EMENDAS_2025_09_29.xlsx,.xlsx,dado_tabular_ou_serializado,1120982,2026-08-30T16:54:00+00:00,2025-09,fgts,mcmv_geral;fgts_financiado,fgts_financiado,Resumo; MCMV_CIDADES_EMENDAS; Dicionario de dados,
filesystem,arquivo,,Canal FGTS/Arquivados/MCMV_CIDADES_EMENDAS_2025_10_03.xlsx,MCMV_CIDADES_EMENDAS_2025_10_03.xlsx,.xlsx,dado_tabular_ou_serializado,1123850,2026-08-30T16:54:00+00:00,2025-10,fgts,mcmv_geral;fgts_financiado,fgts_financiado,Resumo; MCMV_CIDADES_EMENDAS; Dicionario de dados,
filesystem,arquivo,,Canal FGTS/Arquivados/MCMV_CIDADES_EMENDAS_2025_10_10.xlsx,MCMV_CIDADES_EMENDAS_2025_10_10.xlsx,.xlsx,dado_tabular_ou_serializado,1146330,2026-08-30T16:54:00+00:00,2025-10,fgts,mcmv_geral;fgts_financiado,fgts_financiado,Resumo; MCMV_CIDADES_EMENDAS; Dicionario de dados,
filesystem,arquivo,,Canal FGTS/Arquivados/MCMV_CIDADES_EMENDAS_2025_10_17.xlsx,MCMV_CIDADES_EMENDAS_2025_10_17.xlsx,.xlsx,dado_tabular_ou_serializado,1374847,2026-08-30T16:54:00+00:00,2025-10,fgts,mcmv_geral;fgts_financiado,fgts_financiado,Resumo; MCMV_CIDADES_EMENDAS; Dicionario de dados,
filesystem,arquivo,,Canal FGTS/Arquivados/MCMV_CIDADES_EMENDAS_2025_10_24.xlsx,MCMV_CIDADES_EMENDAS_2025_10_24.xlsx,.xlsx,dado_tabular_ou_serializado,1400888,2026-08-30T16:54:00+00:00,2025-10,fgts,mcmv_geral;fgts_financiado,fgts_financiado,Resumo; MCMV_CIDADES_EMENDAS; Dicionario de dados,
filesystem,arquivo,,Canal FGTS/Arquivados/MCMV_CIDADES_EMENDAS_2025_10_31.xlsx,MCMV_CIDADES_EMENDAS_2025_10_31.xlsx,.xlsx,dado_tabular_ou_serializado,1388670,2026-08-30T16:54:00+00:00,2025-10,fgts,mcmv_geral;fgts_financiado,fgts_financiado,Resumo; MCMV_CIDADES_EMENDAS; Dicionario de dados,
filesystem,arquivo,,Canal FGTS/Arquivados/MCMV_CIDADES_EMENDAS_2025_11_07.xlsx,MCMV_CIDADES_EMENDAS_2025_11_07.xlsx,.xlsx,dado_tabular_ou_serializado,1407503,2026-08-30T16:54:00+00:00,2025-11,fgts,mcmv_geral;fgts_financiado,fgts_financiado,Resumo; MCMV_CIDADES_EMENDAS; Dicionario de dados,
filesystem,arquivo,,Canal FGTS/Arquivados/MCMV_CIDADES_EMENDAS_2025_11_14.xlsx,MCMV_CIDADES_EMENDAS_2025_11_14.xlsx,.xlsx,dado_tabular_ou_serializado,1429459,2026-08-30T16:54:00+00:00,2025-11,fgts,mcmv_geral;fgts_financiado,fgts_financiado,Resumo; MCMV_CIDADES_EMENDAS; Dicionario de dados,
filesystem,arquivo,,Canal FGTS/Arquivados/MCMV_CIDADES_EMENDAS_2025_11_21.xlsx,MCMV_CIDADES_EMENDAS_2025_11_21.xlsx,.xlsx,dado_tabular_ou_serializado,1499225,2026-08-30T16:54:00+00:00,2025-11,fgts,mcmv_geral;fgts_financiado,fgts_financiado,Resumo; MCMV_CIDADES_EMENDAS; Dicionario de dados,
filesystem,arquivo,,Canal FGTS/Arquivados/MCMV_CIDADES_EMENDAS_2025_11_28.xlsx,MCMV_CIDADES_EMENDAS_2025_11_28.xlsx,.xlsx,dado_tabular_ou_serializado,1487778,2026-08-30T16:54:00+00:00,2025-11,fgts,mcmv_geral;fgts_financiado,fgts_financiado,Resumo; MCMV_CIDADES_EMENDAS; Dicionario de dados,
filesystem,arquivo,,Canal FGTS/Arquivados/MCMV_CIDADES_EMENDAS_2025_12_05.xlsx,MCMV_CIDADES_EMENDAS_2025_12_05.xlsx,.xlsx,dado_tabular_ou_serializado,1537796,2026-08-30T16:54:00+00:00,2025-12,fgts,mcmv_geral;fgts_financiado,fgts_financiado,Resumo; MCMV_CIDADES_EMENDAS; Dicionario de dados,
filesystem,arquivo,,Canal FGTS/Arquivados/MCMV_CIDADES_EMENDAS_2025_12_12.xlsx,MCMV_CIDADES_EMENDAS_2025_12_12.xlsx,.xlsx,dado_tabular_ou_serializado,1533781,2026-08-30T16:54:00+00:00,2025-12,fgts,mcmv_geral;fgts_financiado,fgts_financiado,Resumo; MCMV_CIDADES_EMENDAS; Dicionario de dados,
filesystem,arquivo,,Canal FGTS/Arquivados/MCMV_CIDADES_EMENDAS_2025_12_26.xlsx,MCMV_CIDADES_EMENDAS_2025_12_26.xlsx,.xlsx,dado_tabular_ou_serializado,1601526,2026-08-30T16:54:00+00:00,2025-12,fgts,mcmv_geral;fgts_financiado,fgts_financiado,Resumo; MCMV_CIDADES_EMENDAS; Dicionario de dados,
filesystem,arquivo,,Canal FGTS/Arquivados/MCMV_CIDADES_EMENDAS_2026_01_16.xlsx,MCMV_CIDADES_EMENDAS_2026_01_16.xlsx,.xlsx,dado_tabular_ou_serializado,1668308,2026-08-30T16:54:00+00:00,2026-01,fgts,mcmv_geral;fgts_financiado,fgts_financiado,Resumo; MCMV_CIDADES_EMENDAS; Dicionario de dados,
filesystem,arquivo,,Canal FGTS/Arquivados/MCMV_CIDADES_EMENDAS_2026_01_23.xlsx,MCMV_CIDADES_EMENDAS_2026_01_23.xlsx,.xlsx,dado_tabular_ou_serializado,1668308,2026-08-30T16:54:00+00:00,2026-01,fgts,mcmv_geral;fgts_financiado,fgts_financiado,Resumo; MCMV_CIDADES_EMENDAS; Dicionario de dados,
filesystem,arquivo,,Canal FGTS/Arquivados/MCMV_CIDADES_EMENDAS_2026_01_30.xlsx,MCMV_CIDADES_EMENDAS_2026_01_30.xlsx,.xlsx,dado_tabular_ou_serializado,1703963,2026-08-30T16:54:00+00:00,2026-01,fgts,mcmv_geral;fgts_financiado,fgts_financiado,Resumo; MCMV_CIDADES_EMENDAS; Dicionario de dados,
filesystem,arquivo,,Canal FGTS/Arquivados/MCMV_CIDADES_EMENDAS_2026_02_13.xlsx,MCMV_CIDADES_EMENDAS_2026_02_13.xlsx,.xlsx,dado_tabular_ou_serializado,1731686,2026-08-30T16:54:00+00:00,2026-02,fgts,mcmv_geral;fgts_financiado,fgts_financiado,Resumo; MCMV_CIDADES_EMENDAS; Dicionario de dados,
filesystem,arquivo,,Canal FGTS/Arquivados/PMCMV_FAIXA3_MCID_2025_10_31.csv,PMCMV_FAIXA3_MCID_2025_10_31.csv,.csv,dado_tabular_ou_serializado,8897247,2026-08-30T16:54:00+00:00,2025-10,fgts,fgts_financiado,fgts_financiado,,
filesystem,arquivo,,Canal FGTS/Arquivados/PMCMV_FAIXA3_MCID_2025_11_14.csv,PMCMV_FAIXA3_MCID_2025_11_14.csv,.csv,dado_tabular_ou_serializado,9256707,2026-08-30T16:54:00+00:00,2025-11,fgts,fgts_financiado,fgts_financiado,,
filesystem,arquivo,,Canal FGTS/Arquivados/PMCMV_FAIXA3_MCID_FUNDO SOCIAL 2025_10_17.xlsx,PMCMV_FAIXA3_MCID_FUNDO SOCIAL 2025_10_17.xlsx,.xlsx,dado_tabular_ou_serializado,8925539,2026-08-30T16:54:00+00:00,2025-10,fgts,fgts_financiado,fgts_financiado,Planilha2; Planilha1,
filesystem,arquivo,,Canal FGTS/Arquivados/_Conjuntos de dados INT via SFTP_Data prevista x Data da disponibilização.xlsx,_Conjuntos de dados INT via SFTP_Data prevista x Data da disponibilização.xlsx,.xlsx,dado_tabular_ou_serializado,99559,2026-08-30T16:20:00+00:00,,fgts,fgts_financiado,fgts_financiado,Planilha2; Todos INT's Disponib no SFTP ; INT'S FEVEREIRO 2025; Planilha3; Planilha1; INT's Disp no SFTP x Mês atrasa; INT's Não Disponibilizados ; ÚLTIMOS INTS DISPONIBILIZADOS; SÍNTESE,
filesystem,arquivo,,Canal FGTS/MC20260213.zip,MC20260213.zip,.zip,arquivo_compactado,203124395,2026-08-29T16:59:00+00:00,2026-02,fgts,fgts_financiado,fgts_financiado,,
filesystem,arquivo,,Canal FGTS/MC20260220.zip,MC20260220.zip,.zip,arquivo_compactado,247277538,2026-08-29T17:01:00+00:00,2026-02,fgts,fgts_financiado,fgts_financiado,,
filesystem,arquivo,,Canal FGTS/MC20260227.zip,MC20260227.zip,.zip,arquivo_compactado,133492873,2026-08-29T17:02:00+00:00,2026-02,fgts,fgts_financiado,fgts_financiado,,
filesystem,arquivo,,Canal FGTS/MC20260306.zip,MC20260306.zip,.zip,arquivo_compactado,135486014,2026-08-29T17:02:00+00:00,2026-03,fgts,fgts_financiado,fgts_financiado,,
filesystem,arquivo,,Canal FGTS/MC20260313.zip,MC20260313.zip,.zip,arquivo_compactado,136413915,2026-08-29T17:02:00+00:00,2026-03,fgts,fgts_financiado,fgts_financiado,,
filesystem,arquivo,,Canal FGTS/MC20260320 (1).zip,MC20260320 (1).zip,.zip,arquivo_compactado,136874802,2026-08-29T17:03:00+00:00,2026-03,fgts,fgts_financiado,fgts_financiado,,
filesystem,arquivo,,Canal FGTS/MC20260327.zip,MC20260327.zip,.zip,arquivo_compactado,140965121,2026-08-29T17:03:00+00:00,2026-03,fgts,fgts_financiado,fgts_financiado,,
filesystem,arquivo,,Canal FGTS/MC20260402.zip,MC20260402.zip,.zip,arquivo_compactado,182471761,2026-08-29T17:03:00+00:00,2026-04,fgts,fgts_financiado,fgts_financiado,,
filesystem,arquivo,,Canal FGTS/MC20260407.zip,MC20260407.zip,.zip,arquivo_compactado,180880767,2026-08-29T17:04:00+00:00,2026-04,fgts,fgts_financiado,fgts_financiado,,
filesystem,arquivo,,Canal FGTS/MC20260410.zip,MC20260410.zip,.zip,arquivo_compactado,140566697,2026-08-29T17:05:00+00:00,2026-04,fgts,fgts_financiado,fgts_financiado,,
filesystem,arquivo,,Canal FGTS/MC20260417.zip,MC20260417.zip,.zip,arquivo_compactado,158513637,2026-08-29T17:05:00+00:00,2026-04,fgts,fgts_financiado,fgts_financiado,,
filesystem,arquivo,,Canal FGTS/MC20260430.zip,MC20260430.zip,.zip,arquivo_compactado,158861068,2026-08-29T17:05:00+00:00,2026-04,fgts,fgts_financiado,fgts_financiado,,
filesystem,arquivo,,Canal FGTS/MC20260508.zip,MC20260508.zip,.zip,arquivo_compactado,162482935,2026-08-29T17:06:00+00:00,2026-05,fgts,fgts_financiado,fgts_financiado,,
filesystem,arquivo,,Canal FGTS/MC20260515.zip,MC20260515.zip,.zip,arquivo_compactado,162047182,2026-08-29T17:06:00+00:00,2026-05,fgts,fgts_financiado,fgts_financiado,,
filesystem,arquivo,,Canal FGTS/MC20260522.zip,MC20260522.zip,.zip,arquivo_compactado,166386209,2026-08-29T17:07:00+00:00,2026-05,fgts,fgts_financiado,fgts_financiado,,
filesystem,arquivo,,Canal FGTS/MC20260619.zip,MC20260619.zip,.zip,arquivo_compactado,202450424,2026-08-29T17:07:00+00:00,2026-06,fgts,fgts_financiado,fgts_financiado,,
filesystem,arquivo,,Canal FGTS/MCMV_CIDADES_EMENDAS_2026_02_20.xlsx,MCMV_CIDADES_EMENDAS_2026_02_20.xlsx,.xlsx,dado_tabular_ou_serializado,1746779,2026-08-29T17:08:00+00:00,2026-02,fgts,mcmv_geral;fgts_financiado,fgts_financiado,Resumo; MCMV_CIDADES_EMENDAS; Dicionario de dados,
filesystem,arquivo,,Canal FGTS/MCMV_CIDADES_EMENDAS_2026_03_13.xlsx,MCMV_CIDADES_EMENDAS_2026_03_13.xlsx,.xlsx,dado_tabular_ou_serializado,1789133,2026-08-29T17:08:00+00:00,2026-03,fgts,mcmv_geral;fgts_financiado,fgts_financiado,Resumo; MCMV_CIDADES_EMENDAS; Dicionario de dados,
filesystem,arquivo,,Canal FGTS/MCMV_CIDADES_EMENDAS_2026_03_20.xlsx,MCMV_CIDADES_EMENDAS_2026_03_20.xlsx,.xlsx,dado_tabular_ou_serializado,1798094,2026-08-29T17:08:00+00:00,2026-03,fgts,mcmv_geral;fgts_financiado,fgts_financiado,Resumo; MCMV_CIDADES_EMENDAS; Dicionario de dados,
filesystem,arquivo,,Canal FGTS/MCMV_CIDADES_EMENDAS_2026_04_30.xlsx,MCMV_CIDADES_EMENDAS_2026_04_30.xlsx,.xlsx,dado_tabular_ou_serializado,1881121,2026-08-29T17:08:00+00:00,2026-04,fgts,mcmv_geral;fgts_financiado,fgts_financiado,Resumo; MCMV_CIDADES_EMENDAS; Dicionario de dados,
filesystem,arquivo,,Canal FGTS/MCMV_CIDADES_EMENDAS_2026_05_08.xlsx,MCMV_CIDADES_EMENDAS_2026_05_08.xlsx,.xlsx,dado_tabular_ou_serializado,1888011,2026-08-29T17:08:00+00:00,2026-05,fgts,mcmv_geral;fgts_financiado,fgts_financiado,Resumo; MCMV_CIDADES_EMENDAS; Dicionario de dados,
filesystem,arquivo,,Canal FGTS/MCMV_CIDADES_EMENDAS_2026_05_13.xlsx,MCMV_CIDADES_EMENDAS_2026_05_13.xlsx,.xlsx,dado_tabular_ou_serializado,1978847,2026-08-29T17:08:00+00:00,2026-05,fgts,mcmv_geral;fgts_financiado,fgts_financiado,Resumo; MCMV_CIDADES_EMENDAS; Dicionario de dados,
filesystem,arquivo,,Canal FGTS/MCMV_CIDADES_EMENDAS_2026_05_20.xlsx,MCMV_CIDADES_EMENDAS_2026_05_20.xlsx,.xlsx,dado_tabular_ou_serializado,1919642,2026-08-29T17:08:00+00:00,2026-05,fgts,mcmv_geral;fgts_financiado,fgts_financiado,Resumo; MCMV_CIDADES_EMENDAS; Dicionario de dados,
filesystem,arquivo,,Canal FGTS/PMCMV_FAIXA3_MCID_2026_03_06.csv,PMCMV_FAIXA3_MCID_2026_03_06.csv,.csv,dado_tabular_ou_serializado,18517629,2026-08-29T17:08:00+00:00,2026-03,fgts,fgts_financiado,fgts_financiado,,
filesystem,arquivo,,Canal FGTS/PMCMV_FAIXA3_MCID_2026_03_13.csv,PMCMV_FAIXA3_MCID_2026_03_13.csv,.csv,dado_tabular_ou_serializado,19374777,2026-08-29T17:08:00+00:00,2026-03,fgts,fgts_financiado,fgts_financiado,,
filesystem,arquivo,,Canal FGTS/PMCMV_FAIXA3_MCID_2026_03_20.csv,PMCMV_FAIXA3_MCID_2026_03_20.csv,.csv,dado_tabular_ou_serializado,20348096,2026-08-29T17:08:00+00:00,2026-03,fgts,fgts_financiado,fgts_financiado,,
filesystem,arquivo,,Canal FGTS/PMCMV_FAIXA3_MCID_2026_03_27.csv,PMCMV_FAIXA3_MCID_2026_03_27.csv,.csv,dado_tabular_ou_serializado,21049079,2026-08-29T17:08:00+00:00,2026-03,fgts,fgts_financiado,fgts_financiado,,
filesystem,arquivo,,Canal FGTS/PMCMV_FAIXA3_MCID_2026_04_03.csv,PMCMV_FAIXA3_MCID_2026_04_03.csv,.csv,dado_tabular_ou_serializado,22021422,2026-08-29T17:08:00+00:00,2026-04,fgts,fgts_financiado,fgts_financiado,,
filesystem,arquivo,,Canal FGTS/PMCMV_FAIXA3_MCID_2026_04_10.csv,PMCMV_FAIXA3_MCID_2026_04_10.csv,.csv,dado_tabular_ou_serializado,22234765,2026-08-29T17:08:00+00:00,2026-04,fgts,fgts_financiado,fgts_financiado,,
filesystem,arquivo,,Canal FGTS/PMCMV_FAIXA3_MCID_2026_04_17.csv,PMCMV_FAIXA3_MCID_2026_04_17.csv,.csv,dado_tabular_ou_serializado,23484540,2026-08-29T17:08:00+00:00,2026-04,fgts,fgts_financiado,fgts_financiado,,
filesystem,arquivo,,Canal FGTS/PMCMV_FAIXA3_MCID_2026_05_01.csv,PMCMV_FAIXA3_MCID_2026_05_01.csv,.csv,dado_tabular_ou_serializado,26085752,2026-08-29T17:08:00+00:00,2026-05,fgts,fgts_financiado,fgts_financiado,,
filesystem,arquivo,,Canal FGTS/PMCMV_FAIXA3_MCID_2026_05_08.csv,PMCMV_FAIXA3_MCID_2026_05_08.csv,.csv,dado_tabular_ou_serializado,26707066,2026-08-29T17:08:00+00:00,2026-05,fgts,fgts_financiado,fgts_financiado,,
filesystem,arquivo,,Canal FGTS/PMCMV_FAIXA3_MCID_2026_05_15.csv,PMCMV_FAIXA3_MCID_2026_05_15.csv,.csv,dado_tabular_ou_serializado,27569375,2026-08-29T17:08:00+00:00,2026-05,fgts,fgts_financiado,fgts_financiado,,
filesystem,arquivo,,Canal FGTS/PMCMV_FAIXA3_MCID_2026_05_22.csv,PMCMV_FAIXA3_MCID_2026_05_22.csv,.csv,dado_tabular_ou_serializado,28883954,2026-08-29T17:09:00+00:00,2026-05,fgts,fgts_financiado,fgts_financiado,,
filesystem,arquivo,,Canal FGTS/PMCMV_FAIXA3_MCID_2026_05_29.csv,PMCMV_FAIXA3_MCID_2026_05_29.csv,.csv,dado_tabular_ou_serializado,30204560,2026-08-29T17:09:00+00:00,2026-05,fgts,fgts_financiado,fgts_financiado,,
filesystem,arquivo,,Canal FGTS/PMCMV_REFORMAS_MCID_2026_03_20.csv,PMCMV_REFORMAS_MCID_2026_03_20.csv,.csv,dado_tabular_ou_serializado,16779211,2026-08-29T17:09:00+00:00,2026-03,fgts,fgts_financiado,fgts_financiado,,
filesystem,arquivo,,Canal FGTS/PMCMV_REFORMAS_MCID_2026_03_27.csv,PMCMV_REFORMAS_MCID_2026_03_27.csv,.csv,dado_tabular_ou_serializado,17246149,2026-08-29T17:09:00+00:00,2026-03,fgts,fgts_financiado,fgts_financiado,,
filesystem,arquivo,,Canal FGTS/PMCMV_REFORMAS_MCID_2026_04_10.csv,PMCMV_REFORMAS_MCID_2026_04_10.csv,.csv,dado_tabular_ou_serializado,17883906,2026-08-29T17:09:00+00:00,2026-04,fgts,fgts_financiado,fgts_financiado,,
filesystem,arquivo,,Canal FGTS/PMCMV_REFORMAS_MCID_2026_04_17.csv,PMCMV_REFORMAS_MCID_2026_04_17.csv,.csv,dado_tabular_ou_serializado,18786902,2026-08-29T17:09:00+00:00,2026-04,fgts,fgts_financiado,fgts_financiado,,
filesystem,arquivo,,Canal FGTS/PMCMV_REFORMAS_MCID_2026_04_24.csv,PMCMV_REFORMAS_MCID_2026_04_24.csv,.csv,dado_tabular_ou_serializado,20583803,2026-08-29T17:09:00+00:00,2026-04,fgts,fgts_financiado,fgts_financiado,,
filesystem,arquivo,,Canal FGTS/PMCMV_REFORMAS_MCID_2026_05_01.csv,PMCMV_REFORMAS_MCID_2026_05_01.csv,.csv,dado_tabular_ou_serializado,21685053,2026-08-29T17:09:00+00:00,2026-05,fgts,fgts_financiado,fgts_financiado,,
filesystem,arquivo,,Canal FGTS/PMCMV_REFORMAS_MCID_2026_05_08.csv,PMCMV_REFORMAS_MCID_2026_05_08.csv,.csv,dado_tabular_ou_serializado,22434324,2026-08-29T17:09:00+00:00,2026-05,fgts,fgts_financiado,fgts_financiado,,
filesystem,arquivo,,Canal FGTS/PMCMV_REFORMAS_MCID_2026_05_15.csv,PMCMV_REFORMAS_MCID_2026_05_15.csv,.csv,dado_tabular_ou_serializado,26631299,2026-08-29T17:09:00+00:00,2026-05,fgts,fgts_financiado,fgts_financiado,,
filesystem,arquivo,,Canal FGTS/PMCMV_REFORMAS_MCID_2026_05_22.csv,PMCMV_REFORMAS_MCID_2026_05_22.csv,.csv,dado_tabular_ou_serializado,27280385,2026-08-29T17:09:00+00:00,2026-05,fgts,fgts_financiado,fgts_financiado,,
filesystem,arquivo,,Canal FGTS/PMCMV_REFORMAS_MCID_2026_05_29.csv,PMCMV_REFORMAS_MCID_2026_05_29.csv,.csv,dado_tabular_ou_serializado,25765098,2026-08-29T17:09:00+00:00,2026-05,fgts,fgts_financiado,fgts_financiado,,
filesystem,pasta,,Canal FGTS/Prestações de Contas,Prestações de Contas,,pasta,,2026-08-29T14:09:53.947375+00:00,,fgts,fgts_financiado,fgts_financiado,,
filesystem,arquivo,,Canal FGTS/Prestações de Contas/MC_PrestaçãoContas2011_Complemento.zip,MC_PrestaçãoContas2011_Complemento.zip,.zip,arquivo_compactado,4611987,2026-08-29T16:59:00+00:00,,fgts,fgts_financiado,fgts_financiado,,
filesystem,arquivo,,Canal FGTS/Prestações de Contas/MC_PrestaçãoContas2011_Consolidado.zip,MC_PrestaçãoContas2011_Consolidado.zip,.zip,arquivo_compactado,25198899,2026-08-29T16:59:00+00:00,,fgts,fgts_financiado,fgts_financiado,,
filesystem,arquivo,,Canal FGTS/Prestações de Contas/MC_PrestaçãoContas2011_PF_Analítico.zip,MC_PrestaçãoContas2011_PF_Analítico.zip,.zip,arquivo_compactado,26344802,2026-08-29T16:59:00+00:00,,fgts,fgts_financiado,fgts_financiado,,
filesystem,arquivo,,Canal FGTS/Prestações de Contas/Prestacao_Contas_2020_RETIFICADA.zip,Prestacao_Contas_2020_RETIFICADA.zip,.zip,arquivo_compactado,19740859,2026-08-29T17:00:00+00:00,,fgts,fgts_financiado,fgts_financiado,,
filesystem,arquivo,,Canal FGTS/Prestações de Contas/Prestacao_Contas_2021.zip,Prestacao_Contas_2021.zip,.zip,arquivo_compactado,30784070,2026-08-29T17:00:00+00:00,,fgts,fgts_financiado,fgts_financiado,,
filesystem,arquivo,,Canal FGTS/Prestações de Contas/Prestação_Contas_2012 - Complemento.zip,Prestação_Contas_2012 - Complemento.zip,.zip,arquivo_compactado,12685089,2026-08-29T16:59:00+00:00,,fgts,fgts_financiado,fgts_financiado,,
filesystem,arquivo,,Canal FGTS/Prestações de Contas/Prestação_Contas_2012.zip,Prestação_Contas_2012.zip,.zip,arquivo_compactado,13255872,2026-08-29T16:59:00+00:00,,fgts,fgts_financiado,fgts_financiado,,
filesystem,arquivo,,Canal FGTS/Prestações de Contas/Prestação_Contas_2013 - Complemento.zip,Prestação_Contas_2013 - Complemento.zip,.zip,arquivo_compactado,10592,2026-08-29T16:59:00+00:00,,fgts,fgts_financiado,fgts_financiado,,
filesystem,arquivo,,Canal FGTS/Prestações de Contas/Prestação_Contas_2013.zip,Prestação_Contas_2013.zip,.zip,arquivo_compactado,22601655,2026-08-29T16:59:00+00:00,,fgts,fgts_financiado,fgts_financiado,,
filesystem,arquivo,,Canal FGTS/Prestações de Contas/Prestação_Contas_2014.zip,Prestação_Contas_2014.zip,.zip,arquivo_compactado,20972843,2026-08-29T16:59:00+00:00,,fgts,fgts_financiado,fgts_financiado,,
filesystem,arquivo,,Canal FGTS/Prestações de Contas/Prestação_Contas_2015.zip,Prestação_Contas_2015.zip,.zip,arquivo_compactado,22224218,2026-08-29T16:59:00+00:00,,fgts,fgts_financiado,fgts_financiado,,
filesystem,arquivo,,Canal FGTS/Prestações de Contas/Prestação_Contas_2015_RETIFICAÇÃO.zip,Prestação_Contas_2015_RETIFICAÇÃO.zip,.zip,arquivo_compactado,456733,2026-08-29T16:59:00+00:00,,fgts,fgts_financiado,fgts_financiado,,
filesystem,arquivo,,Canal FGTS/Prestações de Contas/Prestação_Contas_2016.zip,Prestação_Contas_2016.zip,.zip,arquivo_compactado,23955649,2026-08-29T16:59:00+00:00,,fgts,fgts_financiado,fgts_financiado,,
filesystem,arquivo,,Canal FGTS/Prestações de Contas/Prestação_Contas_2016_FAIXA_1.5.zip,Prestação_Contas_2016_FAIXA_1.5.zip,.zip,arquivo_compactado,20228,2026-08-29T17:00:00+00:00,,fgts,fgts_financiado,fgts_financiado,,
filesystem,arquivo,,Canal FGTS/Prestações de Contas/Prestação_Contas_2017.zip,Prestação_Contas_2017.zip,.zip,arquivo_compactado,23727149,2026-08-29T17:00:00+00:00,,fgts,fgts_financiado,fgts_financiado,,
filesystem,arquivo,,Canal FGTS/Prestações de Contas/Prestação_Contas_2018.zip,Prestação_Contas_2018.zip,.zip,arquivo_compactado,23321088,2026-08-29T17:00:00+00:00,,fgts,fgts_financiado,fgts_financiado,,
filesystem,arquivo,,Canal FGTS/Prestações de Contas/Prestação_Contas_2022.zip,Prestação_Contas_2022.zip,.zip,arquivo_compactado,29670665,2026-08-29T17:00:00+00:00,,fgts,fgts_financiado,fgts_financiado,,
filesystem,arquivo,,Canal FGTS/Prestações de Contas/Prestação_Contas_2022_Retificada.zip,Prestação_Contas_2022_Retificada.zip,.zip,arquivo_compactado,53237125,2026-08-29T17:00:00+00:00,,fgts,fgts_financiado,fgts_financiado,,
filesystem,arquivo,,Canal FGTS/Prestações de Contas/Prestação_Contas_2023_Retificada.zip,Prestação_Contas_2023_Retificada.zip,.zip,arquivo_compactado,76567113,2026-08-29T17:00:00+00:00,,fgts,fgts_financiado,fgts_financiado,,
filesystem,arquivo,,Canal FGTS/Prestações de Contas/Prestação_Contas_2024.zip,Prestação_Contas_2024.zip,.zip,arquivo_compactado,44144437,2026-08-29T17:00:00+00:00,,fgts,fgts_financiado,fgts_financiado,,
filesystem,arquivo,,Canal FGTS/Prestações de Contas/Prestação_Contas_2024_Ajustado_Cotista.zip,Prestação_Contas_2024_Ajustado_Cotista.zip,.zip,arquivo_compactado,44889368,2026-08-29T17:00:00+00:00,,fgts,fgts_financiado,fgts_financiado,,
filesystem,arquivo,,Canal FGTS/Prestações de Contas/Prestação_Contas_2025.zip,Prestação_Contas_2025.zip,.zip,arquivo_compactado,62240054,2026-08-29T17:01:00+00:00,,fgts,fgts_financiado,fgts_financiado,,
filesystem,arquivo,,Canal FGTS/Prestações de Contas/Prestação_Contas_Financiamento_PF_2014_Complemento.zip,Prestação_Contas_Financiamento_PF_2014_Complemento.zip,.zip,arquivo_compactado,19909030,2026-08-29T17:01:00+00:00,,fgts,fgts_financiado,fgts_financiado,,
filesystem,arquivo,,Canal FGTS/Prestações de Contas/Prestação_Contas_Financiamento_PF_2015_Complemento.zip,Prestação_Contas_Financiamento_PF_2015_Complemento.zip,.zip,arquivo_compactado,19529680,2026-08-29T17:01:00+00:00,,fgts,fgts_financiado,fgts_financiado,,
filesystem,pasta,,Catálogo de Dados da Habitação - CDH,Catálogo de Dados da Habitação - CDH,,pasta,,2026-08-29T13:56:13.195871+00:00,,nao_identificada,nao_classificado,nao_classificado,,
filesystem,arquivo,,Catálogo de Dados da Habitação - CDH/Catalogo-Completo.csv,Catalogo-Completo.csv,.csv,dado_tabular_ou_serializado,7316380,2026-08-29T16:56:00+00:00,,nao_identificada,nao_classificado,nao_classificado,,
filesystem,arquivo,,Catálogo de Dados da Habitação - CDH/FCN-Colunas.csv,FCN-Colunas.csv,.csv,dado_tabular_ou_serializado,1563897,2026-08-29T16:56:00+00:00,,nao_identificada,nao_classificado,nao_classificado,,
filesystem,arquivo,,Catálogo de Dados da Habitação - CDH/FCN-Conjuntos.csv,FCN-Conjuntos.csv,.csv,dado_tabular_ou_serializado,243195,2026-08-29T16:56:00+00:00,,nao_identificada,nao_classificado,nao_classificado,,
filesystem,pasta,,Compra Assistida RS,Compra Assistida RS,,pasta,,2026-08-29T13:55:25.501310+00:00,,nao_identificada,nao_classificado,nao_classificado,,
filesystem,arquivo,,Compra Assistida RS/Propostas_RS_por_Municipio_ENQ_2025_08_06.xlsx,Propostas_RS_por_Municipio_ENQ_2025_08_06.xlsx,.xlsx,dado_tabular_ou_serializado,20646,2026-08-29T16:55:00+00:00,2025-08,nao_identificada,nao_classificado,nao_classificado,Propostas_RS_por_Municipio_ENQ_,
filesystem,arquivo,,Compra Assistida RS/Propostas_RS_por_Municipio_ENQ_2025_10_27.xlsx,Propostas_RS_por_Municipio_ENQ_2025_10_27.xlsx,.xlsx,dado_tabular_ou_serializado,23382,2026-08-29T16:55:00+00:00,2025-10,nao_identificada,nao_classificado,nao_classificado,Propostas_RS_por_Municipio_ENQ_,
filesystem,pasta,,Dados Abertos na internet,Dados Abertos na internet,,pasta,,2026-08-29T13:54:20.907835+00:00,,nao_identificada,nao_classificado,nao_classificado,,
filesystem,arquivo,,Dados Abertos na internet/Dados Abertos_SiMAC_Empresas_Qualificadas_07-10-2025.xlsx,Dados Abertos_SiMAC_Empresas_Qualificadas_07-10-2025.xlsx,.xlsx,dado_tabular_ou_serializado,174440,2026-08-29T16:45:00+00:00,,nao_identificada,nao_classificado,nao_classificado,Planilha1,
filesystem,arquivo,,Dados Abertos na internet/Dados Abertos_SiMAC_Empresas_Qualificadas_23-02-2026.xlsx,Dados Abertos_SiMAC_Empresas_Qualificadas_23-02-2026.xlsx,.xlsx,dado_tabular_ou_serializado,172055,2026-08-29T16:45:00+00:00,,nao_identificada,nao_classificado,nao_classificado,_20260223_SiMaC_site,
filesystem,arquivo,,Dados Abertos na internet/Dados Abertos_SiMAC_Empresas_Qualificadas_25-06-2025.xlsx,Dados Abertos_SiMAC_Empresas_Qualificadas_25-06-2025.xlsx,.xlsx,dado_tabular_ou_serializado,168177,2026-08-29T16:45:00+00:00,,nao_identificada,nao_classificado,nao_classificado,Planilha1,
filesystem,arquivo,,Dados Abertos na internet/Dados Abertos_SiMAC_Empresas_Qualificadas_29-12-2025.xlsx,Dados Abertos_SiMAC_Empresas_Qualificadas_29-12-2025.xlsx,.xlsx,dado_tabular_ou_serializado,169851,2026-08-29T16:45:00+00:00,,nao_identificada,nao_classificado,nao_classificado,29-12-2025,
filesystem,arquivo,,Dados Abertos na internet/Dados_Abertos_Execucao_Orcamentario_Financeira_Emendas_SNH_2024_20250224.csv,Dados_Abertos_Execucao_Orcamentario_Financeira_Emendas_SNH_2024_20250224.csv,.csv,dado_tabular_ou_serializado,5702,2026-08-29T16:45:00+00:00,2024-02,nao_identificada,nao_classificado,nao_classificado,,
filesystem,arquivo,,Dados Abertos na internet/Dados_Abertos_Execucao_Orcamentario_Financeira_SNH_2024_20250224.csv,Dados_Abertos_Execucao_Orcamentario_Financeira_SNH_2024_20250224.csv,.csv,dado_tabular_ou_serializado,1472,2026-08-29T16:45:00+00:00,2024-02,nao_identificada,nao_classificado,nao_classificado,,
filesystem,arquivo,,Dados Abertos na internet/Dados_Abertos_Quantidade_UH_Subsidiadas_Emendas_Parlamentares_SNH_20250321.csv,Dados_Abertos_Quantidade_UH_Subsidiadas_Emendas_Parlamentares_SNH_20250321.csv,.csv,dado_tabular_ou_serializado,1817,2026-08-29T16:52:00+00:00,2025-03,nao_identificada,nao_classificado,nao_classificado,,
filesystem,arquivo,,Dados Abertos na internet/Dados_Abertos_SiAC_Empresas_Certificadas_07-10-2025.xlsx,Dados_Abertos_SiAC_Empresas_Certificadas_07-10-2025.xlsx,.xlsx,dado_tabular_ou_serializado,296274,2026-08-29T16:52:00+00:00,,nao_identificada,nao_classificado,nao_classificado,Siac_dados_abertos,
filesystem,arquivo,,Dados Abertos na internet/Dados_Abertos_SiAC_Empresas_Certificadas_13-06-2025.xlsx,Dados_Abertos_SiAC_Empresas_Certificadas_13-06-2025.xlsx,.xlsx,dado_tabular_ou_serializado,3007373,2026-08-29T16:52:00+00:00,,nao_identificada,nao_classificado,nao_classificado,13-06-2025,
filesystem,arquivo,,Dados Abertos na internet/Dados_Abertos_SiAC_Empresas_Certificadas_23-02-2026.xlsx,Dados_Abertos_SiAC_Empresas_Certificadas_23-02-2026.xlsx,.xlsx,dado_tabular_ou_serializado,277410,2026-08-29T16:52:00+00:00,,nao_identificada,nao_classificado,nao_classificado,Planilha1,
filesystem,arquivo,,Dados Abertos na internet/Dados_Abertos_SiAC_Empresas_Certificadas_30-12-2025.xlsx,Dados_Abertos_SiAC_Empresas_Certificadas_30-12-2025.xlsx,.xlsx,dado_tabular_ou_serializado,232125,2026-08-29T16:52:00+00:00,,nao_identificada,nao_classificado,nao_classificado,Planilha1,
filesystem,arquivo,,Dados Abertos na internet/dados_abertos_FGTS_ANALITICO_202507.csv,dados_abertos_FGTS_ANALITICO_202507.csv,.csv,dado_tabular_ou_serializado,1277418217,2026-08-29T16:45:00+00:00,2025-07,fgts,fgts_financiado,fgts_financiado,,
filesystem,arquivo,,Dados Abertos na internet/dados_abertos_FGTS_ANALITICO_202512.csv,dados_abertos_FGTS_ANALITICO_202512.csv,.csv,dado_tabular_ou_serializado,1336703136,2026-08-29T16:49:00+00:00,2025-12,fgts,fgts_financiado,fgts_financiado,,
filesystem,arquivo,,Dados Abertos na internet/dados_abertos_FGTS_SINTETICO_202505.csv,dados_abertos_FGTS_SINTETICO_202505.csv,.csv,dado_tabular_ou_serializado,4066761,2026-08-29T16:52:00+00:00,2025-05,fgts,fgts_financiado,fgts_financiado,,
filesystem,arquivo,,Dados Abertos na internet/dados_abertos_FGTS_SINTETICO_202512.csv,dados_abertos_FGTS_SINTETICO_202512.csv,.csv,dado_tabular_ou_serializado,4106328,2026-08-29T16:52:00+00:00,2025-12,fgts,fgts_financiado,fgts_financiado,,
filesystem,arquivo,,Dados Abertos na internet/dados_abertos_SNHIS_REGULARIDADE_ENTES_06102025.xls,dados_abertos_SNHIS_REGULARIDADE_ENTES_06102025.xls,.xls,dado_tabular_ou_serializado,1760768,2026-08-29T16:52:00+00:00,,nao_identificada,nao_classificado,nao_classificado,erro_excel:`Import xlrd` failed. Install xlrd >= 2.0.1 for xls Excel support Use pip or conda to install the xlrd package.,
filesystem,arquivo,,Dados Abertos na internet/dados_abertos_SNHIS_REGULARIDADE_ENTES_06102025.xlsx,dados_abertos_SNHIS_REGULARIDADE_ENTES_06102025.xlsx,.xlsx,dado_tabular_ou_serializado,649482,2026-08-29T16:52:00+00:00,,nao_identificada,nao_classificado,nao_classificado,Worksheet,
filesystem,arquivo,,Dados Abertos na internet/dados_abertos_SNHIS_REGULARIDADE_ENTES_09022026.xls,dados_abertos_SNHIS_REGULARIDADE_ENTES_09022026.xls,.xls,dado_tabular_ou_serializado,1769472,2026-08-29T16:52:00+00:00,,nao_identificada,nao_classificado,nao_classificado,erro_excel:`Import xlrd` failed. Install xlrd >= 2.0.1 for xls Excel support Use pip or conda to install the xlrd package.,
filesystem,arquivo,,Dados Abertos na internet/dados_abertos_SNHIS_REGULARIDADE_ENTES_28072025.xls,dados_abertos_SNHIS_REGULARIDADE_ENTES_28072025.xls,.xls,dado_tabular_ou_serializado,1754624,2026-08-29T16:52:00+00:00,,nao_identificada,nao_classificado,nao_classificado,erro_excel:`Import xlrd` failed. Install xlrd >= 2.0.1 for xls Excel support Use pip or conda to install the xlrd package.,
filesystem,arquivo,,Dados Abertos na internet/dados_abertos_ogu_202412.csv,dados_abertos_ogu_202412.csv,.csv,dado_tabular_ou_serializado,4461560,2026-08-29T16:52:00+00:00,2024-12,ogu,ogu_subsidiado,ogu_subsidiado,,
filesystem,arquivo,,Dados Abertos na internet/dados_abertos_ogu_202503.csv,dados_abertos_ogu_202503.csv,.csv,dado_tabular_ou_serializado,3881409,2026-08-29T16:52:00+00:00,2025-03,ogu,ogu_subsidiado,ogu_subsidiado,,
filesystem,pasta,,Dados Prioritarios - Disponibilizados SNH,Dados Prioritarios - Disponibilizados SNH,,pasta,,2026-08-29T12:20:38.323621+00:00,,nao_identificada,nao_classificado,nao_classificado,,
filesystem,arquivo,,Dados Prioritarios - Disponibilizados SNH/base_ogu_202406.xlsx,base_ogu_202406.xlsx,.xlsx,dado_tabular_ou_serializado,5644790,2026-08-29T02:34:00+00:00,2024-06,ogu,ogu_subsidiado,ogu_subsidiado,Planilha1; base_ogu; Planilha2,
filesystem,arquivo,,Dados Prioritarios - Disponibilizados SNH/base_ogu_202407_snh.xlsx,base_ogu_202407_snh.xlsx,.xlsx,dado_tabular_ou_serializado,5653444,2026-08-29T02:34:00+00:00,2024-07,ogu,ogu_subsidiado,ogu_subsidiado,base_ogu; Glossário; Resumo; Resumo_legado,
filesystem,arquivo,,Dados Prioritarios - Disponibilizados SNH/base_ogu_202408_snh.xlsx,base_ogu_202408_snh.xlsx,.xlsx,dado_tabular_ou_serializado,6080657,2026-08-29T02:34:00+00:00,2024-08,ogu,ogu_subsidiado,ogu_subsidiado,Planilha1; situação detalhada; entregas; Planilha3; base_ogu; Glossário; Planilha2; Resumo; Resumo_legado,
filesystem,arquivo,,Dados Prioritarios - Disponibilizados SNH/base_ogu_202409_snh.xlsx,base_ogu_202409_snh.xlsx,.xlsx,dado_tabular_ou_serializado,4013780,2026-08-29T02:34:00+00:00,2024-09,ogu,ogu_subsidiado,ogu_subsidiado,base_ogu,
filesystem,arquivo,,Dados Prioritarios - Disponibilizados SNH/base_ogu_202410_snh.xlsx,base_ogu_202410_snh.xlsx,.xlsx,dado_tabular_ou_serializado,4103576,2026-08-29T02:34:00+00:00,2024-10,ogu,ogu_subsidiado,ogu_subsidiado,Planilha1,
filesystem,arquivo,,Dados Prioritarios - Disponibilizados SNH/base_ogu_202411_snh.xlsx,base_ogu_202411_snh.xlsx,.xlsx,dado_tabular_ou_serializado,6636639,2026-08-29T02:34:00+00:00,2024-11,ogu,ogu_subsidiado,ogu_subsidiado,base_ogu; Resumo; Resumo_Legado; Glossário,
filesystem,arquivo,,Dados Prioritarios - Disponibilizados SNH/base_ogu_202412_snh_v2.xlsx,base_ogu_202412_snh_v2.xlsx,.xlsx,dado_tabular_ou_serializado,7021394,2026-08-29T02:34:00+00:00,2024-12,ogu,ogu_subsidiado,ogu_subsidiado,base_ogu; Resumo; Resumo_Legado; Glossário,
filesystem,arquivo,,Dados Prioritarios - Disponibilizados SNH/base_ogu_202501_snh.xlsx,base_ogu_202501_snh.xlsx,.xlsx,dado_tabular_ou_serializado,9306452,2026-08-29T02:35:00+00:00,2025-01,ogu,ogu_subsidiado,ogu_subsidiado,base_ogu; Resumo; Resumo_Legado; Glossário,
filesystem,arquivo,,Dados Prioritarios - Disponibilizados SNH/base_ogu_202503_snh.xlsx,base_ogu_202503_snh.xlsx,.xlsx,dado_tabular_ou_serializado,9383731,2026-08-29T02:35:00+00:00,2025-03,ogu,ogu_subsidiado,ogu_subsidiado,base_ogu; Resumo; Resumo_Legado; Glossário,
filesystem,arquivo,,Dados Prioritarios - Disponibilizados SNH/base_ogu_202506_snh.xlsx,base_ogu_202506_snh.xlsx,.xlsx,dado_tabular_ou_serializado,8417720,2026-08-29T02:35:00+00:00,2025-06,ogu,ogu_subsidiado,ogu_subsidiado,base_ogu; Resumo; Resumo_Legado; Resumo_NovoMCMV; Glossário,
filesystem,arquivo,,Dados Prioritarios - Disponibilizados SNH/base_ogu_202508_snh.xlsx,base_ogu_202508_snh.xlsx,.xlsx,dado_tabular_ou_serializado,8636263,2026-08-29T02:35:00+00:00,2025-08,ogu,ogu_subsidiado,ogu_subsidiado,Planilha1; Detalhes1; Planilha2; Planilha3; Planilha4; base_ogu; Resumo; Resumo_Legado; Resumo_NovoMCMV; Glossário,
filesystem,arquivo,,Dados Prioritarios - Disponibilizados SNH/base_ogu_202509_snh.xlsx,base_ogu_202509_snh.xlsx,.xlsx,dado_tabular_ou_serializado,8337411,2026-08-29T02:36:00+00:00,2025-09,ogu,ogu_subsidiado,ogu_subsidiado,base_ogu; Resumo; Resumo_Legado; Resumo_NovoMCMV; Glossário,
filesystem,pasta,,Exportados do Banco,Exportados do Banco,,pasta,,2026-08-29T13:43:51.139790+00:00,,nao_identificada,nao_classificado,nao_classificado,,
filesystem,pasta,,Exportados do Banco/Dados Abertos FGTS,Dados Abertos FGTS,,pasta,,2026-08-29T13:43:51.128059+00:00,,fgts,fgts_financiado,fgts_financiado,,
filesystem,arquivo,,Exportados do Banco/Dados Abertos FGTS/20260209_121226_dados_abertos__fgts_analitico.csv,20260209_121226_dados_abertos__fgts_analitico.csv,.csv,dado_tabular_ou_serializado,1271081595,2026-08-29T16:36:00+00:00,2026-02,fgts,fgts_financiado,fgts_financiado,,
filesystem,arquivo,,Exportados do Banco/Dados Abertos FGTS/20260209_121448_dados_abertos__fgts_sintetico.csv,20260209_121448_dados_abertos__fgts_sintetico.csv,.csv,dado_tabular_ou_serializado,4047067,2026-08-29T16:39:00+00:00,2026-02,fgts,fgts_financiado,fgts_financiado,,
filesystem,arquivo,,Exportados do Banco/Dados Abertos FGTS/dados_abertos_fgts_analitico.csv,dados_abertos_fgts_analitico.csv,.csv,dado_tabular_ou_serializado,1170889298,2026-08-29T16:40:00+00:00,,fgts,fgts_financiado,fgts_financiado,,
filesystem,arquivo,,Exportados do Banco/Dados Abertos FGTS/dados_abertos_fgts_sintetico.csv,dados_abertos_fgts_sintetico.csv,.csv,dado_tabular_ou_serializado,3802731,2026-08-29T16:43:00+00:00,,fgts,fgts_financiado,fgts_financiado,,
filesystem,pasta,,Exportados do Banco/Dados Abertos OGU,Dados Abertos OGU,,pasta,,2026-08-29T13:43:51.134023+00:00,,ogu,ogu_subsidiado,ogu_subsidiado,,
filesystem,arquivo,,Exportados do Banco/Dados Abertos OGU/20260220_122132_dados_abertos__ogu_empreendimentos.csv,20260220_122132_dados_abertos__ogu_empreendimentos.csv,.csv,dado_tabular_ou_serializado,3821146,2026-08-29T16:43:00+00:00,2026-02,ogu,ogu_subsidiado,ogu_subsidiado,,
filesystem,pasta,,Exportados do Banco/Painel Orçamento,Painel Orçamento,,pasta,,2026-08-29T13:43:51.153578+00:00,,nao_identificada,nao_classificado,nao_classificado,,
filesystem,arquivo,,Exportados do Banco/Painel Orçamento/20260118_162643_Orcamento_Emendas.csv,20260118_162643_Orcamento_Emendas.csv,.csv,dado_tabular_ou_serializado,5971,2026-08-29T16:43:00+00:00,2026-01,nao_identificada,nao_classificado,nao_classificado,,
filesystem,arquivo,,Exportados do Banco/Painel Orçamento/20260118_162643_Orcamento_Por_Acao.csv,20260118_162643_Orcamento_Por_Acao.csv,.csv,dado_tabular_ou_serializado,3264,2026-08-29T16:43:00+00:00,2026-01,nao_identificada,nao_classificado,nao_classificado,,
filesystem,arquivo,,Exportados do Banco/Painel Orçamento/20260118_162643_Orcamento_Por_Categoria.csv,20260118_162643_Orcamento_Por_Categoria.csv,.csv,dado_tabular_ou_serializado,939,2026-08-29T16:43:00+00:00,2026-01,nao_identificada,nao_classificado,nao_classificado,,
filesystem,arquivo,,Exportados do Banco/Painel Orçamento/20260118_162643_Orcamento_Resultado_Historico.csv,20260118_162643_Orcamento_Resultado_Historico.csv,.csv,dado_tabular_ou_serializado,410,2026-08-29T16:43:00+00:00,2026-01,nao_identificada,nao_classificado,nao_classificado,,
filesystem,arquivo,,Exportados do Banco/Painel Orçamento/20260118_162643_Orcamento_Tabela_Execucao.csv,20260118_162643_Orcamento_Tabela_Execucao.csv,.csv,dado_tabular_ou_serializado,2006,2026-08-29T16:43:00+00:00,2026-01,nao_identificada,nao_classificado,nao_classificado,,
filesystem,arquivo,,Exportados do Banco/Painel Orçamento/20260121_021705_Orcamento_Emendas.csv,20260121_021705_Orcamento_Emendas.csv,.csv,dado_tabular_ou_serializado,5971,2026-08-29T16:43:00+00:00,2026-01,nao_identificada,nao_classificado,nao_classificado,,
filesystem,arquivo,,Exportados do Banco/Painel Orçamento/20260121_021705_Orcamento_Por_Acao.csv,20260121_021705_Orcamento_Por_Acao.csv,.csv,dado_tabular_ou_serializado,3264,2026-08-29T16:43:00+00:00,2026-01,nao_identificada,nao_classificado,nao_classificado,,
filesystem,arquivo,,Exportados do Banco/Painel Orçamento/20260121_021705_Orcamento_Por_Categoria.csv,20260121_021705_Orcamento_Por_Categoria.csv,.csv,dado_tabular_ou_serializado,958,2026-08-29T16:43:00+00:00,2026-01,nao_identificada,nao_classificado,nao_classificado,,
filesystem,arquivo,,Exportados do Banco/Painel Orçamento/20260121_021705_Orcamento_Resultado_Historico.csv,20260121_021705_Orcamento_Resultado_Historico.csv,.csv,dado_tabular_ou_serializado,410,2026-08-29T16:43:00+00:00,2026-01,nao_identificada,nao_classificado,nao_classificado,,
filesystem,arquivo,,Exportados do Banco/Painel Orçamento/20260121_021705_Orcamento_Tabela_Execucao.csv,20260121_021705_Orcamento_Tabela_Execucao.csv,.csv,dado_tabular_ou_serializado,2006,2026-08-29T16:43:00+00:00,2026-01,nao_identificada,nao_classificado,nao_classificado,,
filesystem,arquivo,,Exportados do Banco/Painel Orçamento/20260126_135438_Orcamento_Emendas.csv,20260126_135438_Orcamento_Emendas.csv,.csv,dado_tabular_ou_serializado,5966,2026-08-29T16:43:00+00:00,2026-01,nao_identificada,nao_classificado,nao_classificado,,
filesystem,arquivo,,Exportados do Banco/Painel Orçamento/20260126_135438_Orcamento_Por_Acao.csv,20260126_135438_Orcamento_Por_Acao.csv,.csv,dado_tabular_ou_serializado,3277,2026-08-29T16:43:00+00:00,2026-01,nao_identificada,nao_classificado,nao_classificado,,
filesystem,arquivo,,Exportados do Banco/Painel Orçamento/20260126_135438_Orcamento_Por_Categoria.csv,20260126_135438_Orcamento_Por_Categoria.csv,.csv,dado_tabular_ou_serializado,962,2026-08-29T16:43:00+00:00,2026-01,nao_identificada,nao_classificado,nao_classificado,,
filesystem,arquivo,,Exportados do Banco/Painel Orçamento/20260126_135438_Orcamento_Resultado_Historico.csv,20260126_135438_Orcamento_Resultado_Historico.csv,.csv,dado_tabular_ou_serializado,410,2026-08-29T16:43:00+00:00,2026-01,nao_identificada,nao_classificado,nao_classificado,,
filesystem,arquivo,,Exportados do Banco/Painel Orçamento/20260126_135438_Orcamento_Tabela_Execucao.csv,20260126_135438_Orcamento_Tabela_Execucao.csv,.csv,dado_tabular_ou_serializado,2006,2026-08-29T16:43:00+00:00,2026-01,nao_identificada,nao_classificado,nao_classificado,,
filesystem,arquivo,,Exportados do Banco/Painel Orçamento/20260126_160030_Orcamento_Resultado_Historico.csv,20260126_160030_Orcamento_Resultado_Historico.csv,.csv,dado_tabular_ou_serializado,402,2026-08-29T16:43:00+00:00,2026-01,nao_identificada,nao_classificado,nao_classificado,,
filesystem,arquivo,,Exportados do Banco/Painel Orçamento/20260126_160031_Orcamento_Emendas.csv,20260126_160031_Orcamento_Emendas.csv,.csv,dado_tabular_ou_serializado,5966,2026-08-29T16:43:00+00:00,2026-01,nao_identificada,nao_classificado,nao_classificado,,
filesystem,arquivo,,Exportados do Banco/Painel Orçamento/20260126_160031_Orcamento_Por_Acao.csv,20260126_160031_Orcamento_Por_Acao.csv,.csv,dado_tabular_ou_serializado,3093,2026-08-29T16:43:00+00:00,2026-01,nao_identificada,nao_classificado,nao_classificado,,
filesystem,arquivo,,Exportados do Banco/Painel Orçamento/20260126_160031_Orcamento_Por_Categoria.csv,20260126_160031_Orcamento_Por_Categoria.csv,.csv,dado_tabular_ou_serializado,919,2026-08-29T16:43:00+00:00,2026-01,nao_identificada,nao_classificado,nao_classificado,,
filesystem,arquivo,,Exportados do Banco/Painel Orçamento/20260126_160031_Orcamento_Tabela_Execucao.csv,20260126_160031_Orcamento_Tabela_Execucao.csv,.csv,dado_tabular_ou_serializado,1595,2026-08-29T16:43:00+00:00,2026-01,nao_identificada,nao_classificado,nao_classificado,,
filesystem,arquivo,,Exportados do Banco/Painel Orçamento/20260126_165122_Orcamento_Resultado_Historico.csv,20260126_165122_Orcamento_Resultado_Historico.csv,.csv,dado_tabular_ou_serializado,402,2026-08-29T16:43:00+00:00,2026-01,nao_identificada,nao_classificado,nao_classificado,,
filesystem,arquivo,,Exportados do Banco/Painel Orçamento/20260126_165123_Orcamento_Emendas.csv,20260126_165123_Orcamento_Emendas.csv,.csv,dado_tabular_ou_serializado,5966,2026-08-29T16:43:00+00:00,2026-01,nao_identificada,nao_classificado,nao_classificado,,
filesystem,arquivo,,Exportados do Banco/Painel Orçamento/20260126_165123_Orcamento_Por_Acao.csv,20260126_165123_Orcamento_Por_Acao.csv,.csv,dado_tabular_ou_serializado,3093,2026-08-29T16:43:00+00:00,2026-01,nao_identificada,nao_classificado,nao_classificado,,
filesystem,arquivo,,Exportados do Banco/Painel Orçamento/20260126_165123_Orcamento_Por_Categoria.csv,20260126_165123_Orcamento_Por_Categoria.csv,.csv,dado_tabular_ou_serializado,919,2026-08-29T16:43:00+00:00,2026-01,nao_identificada,nao_classificado,nao_classificado,,
filesystem,arquivo,,Exportados do Banco/Painel Orçamento/20260126_165123_Orcamento_Tabela_Execucao.csv,20260126_165123_Orcamento_Tabela_Execucao.csv,.csv,dado_tabular_ou_serializado,1973,2026-08-29T16:43:00+00:00,2026-01,nao_identificada,nao_classificado,nao_classificado,,
filesystem,arquivo,,Exportados do Banco/Painel Orçamento/20260127_121818_Orcamento_Por_Acao.csv,20260127_121818_Orcamento_Por_Acao.csv,.csv,dado_tabular_ou_serializado,3093,2026-08-29T16:43:00+00:00,2026-01,nao_identificada,nao_classificado,nao_classificado,,
filesystem,arquivo,,Exportados do Banco/Painel Orçamento/20260127_121818_Orcamento_Por_Categoria.csv,20260127_121818_Orcamento_Por_Categoria.csv,.csv,dado_tabular_ou_serializado,919,2026-08-29T16:43:00+00:00,2026-01,nao_identificada,nao_classificado,nao_classificado,,
filesystem,arquivo,,Exportados do Banco/Painel Orçamento/20260127_121818_Orcamento_Resultado_Historico.csv,20260127_121818_Orcamento_Resultado_Historico.csv,.csv,dado_tabular_ou_serializado,402,2026-08-29T16:43:00+00:00,2026-01,nao_identificada,nao_classificado,nao_classificado,,
filesystem,arquivo,,Exportados do Banco/Painel Orçamento/20260127_121818_Orcamento_Tabela_Execucao.csv,20260127_121818_Orcamento_Tabela_Execucao.csv,.csv,dado_tabular_ou_serializado,1973,2026-08-29T16:43:00+00:00,2026-01,nao_identificada,nao_classificado,nao_classificado,,
filesystem,arquivo,,Exportados do Banco/Painel Orçamento/20260127_121819_Orcamento_Emendas.csv,20260127_121819_Orcamento_Emendas.csv,.csv,dado_tabular_ou_serializado,5966,2026-08-29T16:43:00+00:00,2026-01,nao_identificada,nao_classificado,nao_classificado,,
filesystem,arquivo,,Exportados do Banco/Painel Orçamento/20260127_122126_Orcamento_Emendas.csv,20260127_122126_Orcamento_Emendas.csv,.csv,dado_tabular_ou_serializado,5966,2026-08-29T16:43:00+00:00,2026-01,nao_identificada,nao_classificado,nao_classificado,,
filesystem,arquivo,,Exportados do Banco/Painel Orçamento/20260127_122126_Orcamento_Por_Acao.csv,20260127_122126_Orcamento_Por_Acao.csv,.csv,dado_tabular_ou_serializado,3093,2026-08-29T16:43:00+00:00,2026-01,nao_identificada,nao_classificado,nao_classificado,,
filesystem,arquivo,,Exportados do Banco/Painel Orçamento/20260127_122126_Orcamento_Por_Categoria.csv,20260127_122126_Orcamento_Por_Categoria.csv,.csv,dado_tabular_ou_serializado,919,2026-08-29T16:43:00+00:00,2026-01,nao_identificada,nao_classificado,nao_classificado,,
filesystem,arquivo,,Exportados do Banco/Painel Orçamento/20260127_122126_Orcamento_Resultado_Historico.csv,20260127_122126_Orcamento_Resultado_Historico.csv,.csv,dado_tabular_ou_serializado,402,2026-08-29T16:43:00+00:00,2026-01,nao_identificada,nao_classificado,nao_classificado,,
filesystem,arquivo,,Exportados do Banco/Painel Orçamento/20260127_122126_Orcamento_Tabela_Execucao.csv,20260127_122126_Orcamento_Tabela_Execucao.csv,.csv,dado_tabular_ou_serializado,1973,2026-08-29T16:43:00+00:00,2026-01,nao_identificada,nao_classificado,nao_classificado,,
filesystem,arquivo,,Exportados do Banco/Painel Orçamento/20260129_092123_Orcamento_Resultado_Historico.csv,20260129_092123_Orcamento_Resultado_Historico.csv,.csv,dado_tabular_ou_serializado,396,2026-08-29T16:43:00+00:00,2026-01,nao_identificada,nao_classificado,nao_classificado,,
filesystem,arquivo,,Exportados do Banco/Painel Orçamento/20260129_092124_Orcamento_Emendas.csv,20260129_092124_Orcamento_Emendas.csv,.csv,dado_tabular_ou_serializado,5966,2026-08-29T16:43:00+00:00,2026-01,nao_identificada,nao_classificado,nao_classificado,,
filesystem,arquivo,,Exportados do Banco/Painel Orçamento/20260129_092124_Orcamento_Por_Acao.csv,20260129_092124_Orcamento_Por_Acao.csv,.csv,dado_tabular_ou_serializado,3025,2026-08-29T16:43:00+00:00,2026-01,nao_identificada,nao_classificado,nao_classificado,,
filesystem,arquivo,,Exportados do Banco/Painel Orçamento/20260129_092124_Orcamento_Por_Categoria.csv,20260129_092124_Orcamento_Por_Categoria.csv,.csv,dado_tabular_ou_serializado,861,2026-08-29T16:43:00+00:00,2026-01,nao_identificada,nao_classificado,nao_classificado,,
filesystem,arquivo,,Exportados do Banco/Painel Orçamento/20260129_092124_Orcamento_Tabela_Execucao.csv,20260129_092124_Orcamento_Tabela_Execucao.csv,.csv,dado_tabular_ou_serializado,1951,2026-08-29T16:43:00+00:00,2026-01,nao_identificada,nao_classificado,nao_classificado,,
filesystem,arquivo,,Exportados do Banco/Painel Orçamento/20260129_162850_Orcamento_Por_Acao.csv,20260129_162850_Orcamento_Por_Acao.csv,.csv,dado_tabular_ou_serializado,3025,2026-08-29T16:43:00+00:00,2026-01,nao_identificada,nao_classificado,nao_classificado,,
filesystem,arquivo,,Exportados do Banco/Painel Orçamento/20260129_162850_Orcamento_Resultado_Historico.csv,20260129_162850_Orcamento_Resultado_Historico.csv,.csv,dado_tabular_ou_serializado,396,2026-08-29T16:43:00+00:00,2026-01,nao_identificada,nao_classificado,nao_classificado,,
filesystem,arquivo,,Exportados do Banco/Painel Orçamento/20260129_162851_Orcamento_Emendas.csv,20260129_162851_Orcamento_Emendas.csv,.csv,dado_tabular_ou_serializado,5966,2026-08-29T16:43:00+00:00,2026-01,nao_identificada,nao_classificado,nao_classificado,,
filesystem,arquivo,,Exportados do Banco/Painel Orçamento/20260129_162851_Orcamento_Por_Categoria.csv,20260129_162851_Orcamento_Por_Categoria.csv,.csv,dado_tabular_ou_serializado,861,2026-08-29T16:43:00+00:00,2026-01,nao_identificada,nao_classificado,nao_classificado,,
filesystem,arquivo,,Exportados do Banco/Painel Orçamento/20260129_162851_Orcamento_Tabela_Execucao.csv,20260129_162851_Orcamento_Tabela_Execucao.csv,.csv,dado_tabular_ou_serializado,1951,2026-08-29T16:43:00+00:00,2026-01,nao_identificada,nao_classificado,nao_classificado,,
filesystem,arquivo,,Exportados do Banco/Painel Orçamento/20260129_163545_Orcamento_Emendas.csv,20260129_163545_Orcamento_Emendas.csv,.csv,dado_tabular_ou_serializado,5966,2026-08-29T16:43:00+00:00,2026-01,nao_identificada,nao_classificado,nao_classificado,,
filesystem,arquivo,,Exportados do Banco/Painel Orçamento/20260129_163545_Orcamento_Por_Acao.csv,20260129_163545_Orcamento_Por_Acao.csv,.csv,dado_tabular_ou_serializado,3025,2026-08-29T16:43:00+00:00,2026-01,nao_identificada,nao_classificado,nao_classificado,,
filesystem,arquivo,,Exportados do Banco/Painel Orçamento/20260129_163545_Orcamento_Por_Categoria.csv,20260129_163545_Orcamento_Por_Categoria.csv,.csv,dado_tabular_ou_serializado,861,2026-08-29T16:43:00+00:00,2026-01,nao_identificada,nao_classificado,nao_classificado,,
filesystem,arquivo,,Exportados do Banco/Painel Orçamento/20260129_163545_Orcamento_Resultado_Historico.csv,20260129_163545_Orcamento_Resultado_Historico.csv,.csv,dado_tabular_ou_serializado,396,2026-08-29T16:43:00+00:00,2026-01,nao_identificada,nao_classificado,nao_classificado,,
filesystem,arquivo,,Exportados do Banco/Painel Orçamento/20260129_163545_Orcamento_Tabela_Execucao.csv,20260129_163545_Orcamento_Tabela_Execucao.csv,.csv,dado_tabular_ou_serializado,1951,2026-08-29T16:43:00+00:00,2026-01,nao_identificada,nao_classificado,nao_classificado,,
filesystem,arquivo,,Exportados do Banco/Painel Orçamento/20260129_164528_Orcamento_Emendas.csv,20260129_164528_Orcamento_Emendas.csv,.csv,dado_tabular_ou_serializado,5966,2026-08-29T16:43:00+00:00,2026-01,nao_identificada,nao_classificado,nao_classificado,,
filesystem,arquivo,,Exportados do Banco/Painel Orçamento/20260129_164528_Orcamento_Resultado_Historico.csv,20260129_164528_Orcamento_Resultado_Historico.csv,.csv,dado_tabular_ou_serializado,396,2026-08-29T16:43:00+00:00,2026-01,nao_identificada,nao_classificado,nao_classificado,,
filesystem,arquivo,,Exportados do Banco/Painel Orçamento/20260129_165902_Orcamento_Resultado_Historico.csv,20260129_165902_Orcamento_Resultado_Historico.csv,.csv,dado_tabular_ou_serializado,396,2026-08-29T16:43:00+00:00,2026-01,nao_identificada,nao_classificado,nao_classificado,,
filesystem,arquivo,,Exportados do Banco/Painel Orçamento/20260129_165903_Orcamento_Emendas.csv,20260129_165903_Orcamento_Emendas.csv,.csv,dado_tabular_ou_serializado,5966,2026-08-29T16:43:00+00:00,2026-01,nao_identificada,nao_classificado,nao_classificado,,
filesystem,arquivo,,Exportados do Banco/Painel Orçamento/20260129_165903_Orcamento_Por_Acao - Copiar.csv,20260129_165903_Orcamento_Por_Acao - Copiar.csv,.csv,dado_tabular_ou_serializado,3065,2026-08-29T16:43:00+00:00,2026-01,nao_identificada,nao_classificado,nao_classificado,,
filesystem,arquivo,,Exportados do Banco/Painel Orçamento/20260129_165903_Orcamento_Por_Acao.csv,20260129_165903_Orcamento_Por_Acao.csv,.csv,dado_tabular_ou_serializado,3065,2026-08-29T16:43:00+00:00,2026-01,nao_identificada,nao_classificado,nao_classificado,,
filesystem,arquivo,,Exportados do Banco/Painel Orçamento/20260129_165903_Orcamento_Por_Categoria.csv,20260129_165903_Orcamento_Por_Categoria.csv,.csv,dado_tabular_ou_serializado,912,2026-08-29T16:43:00+00:00,2026-01,nao_identificada,nao_classificado,nao_classificado,,
filesystem,arquivo,,Exportados do Banco/Painel Orçamento/20260129_165903_Orcamento_Tabela_Execucao.csv,20260129_165903_Orcamento_Tabela_Execucao.csv,.csv,dado_tabular_ou_serializado,1964,2026-08-29T16:43:00+00:00,2026-01,nao_identificada,nao_classificado,nao_classificado,,
filesystem,arquivo,,Exportados do Banco/Painel Orçamento/20260205_145124_Orcamento_Emendas.csv,20260205_145124_Orcamento_Emendas.csv,.csv,dado_tabular_ou_serializado,5626,2026-08-29T16:43:00+00:00,2026-02,nao_identificada,nao_classificado,nao_classificado,,
filesystem,arquivo,,Exportados do Banco/Painel Orçamento/20260205_145124_Orcamento_Por_Acao.csv,20260205_145124_Orcamento_Por_Acao.csv,.csv,dado_tabular_ou_serializado,2365,2026-08-29T16:43:00+00:00,2026-02,nao_identificada,nao_classificado,nao_classificado,,
filesystem,arquivo,,Exportados do Banco/Painel Orçamento/20260205_145124_Orcamento_Por_Categoria.csv,20260205_145124_Orcamento_Por_Categoria.csv,.csv,dado_tabular_ou_serializado,756,2026-08-29T16:43:00+00:00,2026-02,nao_identificada,nao_classificado,nao_classificado,,
filesystem,arquivo,,Exportados do Banco/Painel Orçamento/20260205_145124_Orcamento_Resultado_Historico.csv,20260205_145124_Orcamento_Resultado_Historico.csv,.csv,dado_tabular_ou_serializado,444,2026-08-29T16:43:00+00:00,2026-02,nao_identificada,nao_classificado,nao_classificado,,
filesystem,arquivo,,Exportados do Banco/Painel Orçamento/20260205_145124_Orcamento_Tabela_Execucao.csv,20260205_145124_Orcamento_Tabela_Execucao.csv,.csv,dado_tabular_ou_serializado,1784,2026-08-29T16:43:00+00:00,2026-02,nao_identificada,nao_classificado,nao_classificado,,
filesystem,arquivo,,Exportados do Banco/Painel Orçamento/20260205_154140_Orcamento_Por_Acao.csv,20260205_154140_Orcamento_Por_Acao.csv,.csv,dado_tabular_ou_serializado,3065,2026-08-29T16:43:00+00:00,2026-02,nao_identificada,nao_classificado,nao_classificado,,
filesystem,arquivo,,Exportados do Banco/Painel Orçamento/20260205_154140_Orcamento_Resultado_Historico.csv,20260205_154140_Orcamento_Resultado_Historico.csv,.csv,dado_tabular_ou_serializado,616,2026-08-29T16:43:00+00:00,2026-02,nao_identificada,nao_classificado,nao_classificado,,
filesystem,arquivo,,Exportados do Banco/Painel Orçamento/20260205_154141_Orcamento_Emendas.csv,20260205_154141_Orcamento_Emendas.csv,.csv,dado_tabular_ou_serializado,5966,2026-08-29T16:43:00+00:00,2026-02,nao_identificada,nao_classificado,nao_classificado,,
filesystem,arquivo,,Exportados do Banco/Painel Orçamento/20260205_154141_Orcamento_Por_Categoria.csv,20260205_154141_Orcamento_Por_Categoria.csv,.csv,dado_tabular_ou_serializado,906,2026-08-29T16:43:00+00:00,2026-02,nao_identificada,nao_classificado,nao_classificado,,
filesystem,arquivo,,Exportados do Banco/Painel Orçamento/20260205_154141_Orcamento_Tabela_Execucao.csv,20260205_154141_Orcamento_Tabela_Execucao.csv,.csv,dado_tabular_ou_serializado,1964,2026-08-29T16:43:00+00:00,2026-02,nao_identificada,nao_classificado,nao_classificado,,
filesystem,arquivo,,Exportados do Banco/Painel Orçamento/20260205_155122_Orcamento_Resultado_Historico.csv,20260205_155122_Orcamento_Resultado_Historico.csv,.csv,dado_tabular_ou_serializado,502,2026-08-29T16:43:00+00:00,2026-02,nao_identificada,nao_classificado,nao_classificado,,
filesystem,arquivo,,Exportados do Banco/Painel Orçamento/20260205_155123_Orcamento_Emendas.csv,20260205_155123_Orcamento_Emendas.csv,.csv,dado_tabular_ou_serializado,5966,2026-08-29T16:43:00+00:00,2026-02,nao_identificada,nao_classificado,nao_classificado,,
filesystem,arquivo,,Exportados do Banco/Painel Orçamento/20260205_155123_Orcamento_Por_Acao.csv,20260205_155123_Orcamento_Por_Acao.csv,.csv,dado_tabular_ou_serializado,3065,2026-08-29T16:43:00+00:00,2026-02,nao_identificada,nao_classificado,nao_classificado,,
filesystem,arquivo,,Exportados do Banco/Painel Orçamento/20260205_155123_Orcamento_Por_Categoria.csv,20260205_155123_Orcamento_Por_Categoria.csv,.csv,dado_tabular_ou_serializado,906,2026-08-29T16:43:00+00:00,2026-02,nao_identificada,nao_classificado,nao_classificado,,
filesystem,arquivo,,Exportados do Banco/Painel Orçamento/20260205_155123_Orcamento_Tabela_Execucao.csv,20260205_155123_Orcamento_Tabela_Execucao.csv,.csv,dado_tabular_ou_serializado,1964,2026-08-29T16:43:00+00:00,2026-02,nao_identificada,nao_classificado,nao_classificado,,
filesystem,arquivo,,Exportados do Banco/Painel Orçamento/20260209_122034_Orcamento_Emendas.csv,20260209_122034_Orcamento_Emendas.csv,.csv,dado_tabular_ou_serializado,5966,2026-08-29T16:43:00+00:00,2026-02,nao_identificada,nao_classificado,nao_classificado,,
filesystem,arquivo,,Exportados do Banco/Painel Orçamento/20260209_122034_Orcamento_Por_Acao.csv,20260209_122034_Orcamento_Por_Acao.csv,.csv,dado_tabular_ou_serializado,3065,2026-08-29T16:43:00+00:00,2026-02,nao_identificada,nao_classificado,nao_classificado,,
filesystem,arquivo,,Exportados do Banco/Painel Orçamento/20260209_122034_Orcamento_Por_Categoria.csv,20260209_122034_Orcamento_Por_Categoria.csv,.csv,dado_tabular_ou_serializado,906,2026-08-29T16:43:00+00:00,2026-02,nao_identificada,nao_classificado,nao_classificado,,
filesystem,arquivo,,Exportados do Banco/Painel Orçamento/20260209_122034_Orcamento_Resultado_Historico.csv,20260209_122034_Orcamento_Resultado_Historico.csv,.csv,dado_tabular_ou_serializado,502,2026-08-29T16:43:00+00:00,2026-02,nao_identificada,nao_classificado,nao_classificado,,
filesystem,arquivo,,Exportados do Banco/Painel Orçamento/20260209_122034_Orcamento_Tabela_Execucao.csv,20260209_122034_Orcamento_Tabela_Execucao.csv,.csv,dado_tabular_ou_serializado,1964,2026-08-29T16:43:00+00:00,2026-02,nao_identificada,nao_classificado,nao_classificado,,
filesystem,arquivo,,Exportados do Banco/Painel Orçamento/20260209_131050_Orcamento_Resultado_Historico.csv,20260209_131050_Orcamento_Resultado_Historico.csv,.csv,dado_tabular_ou_serializado,503,2026-08-29T16:43:00+00:00,2026-02,nao_identificada,nao_classificado,nao_classificado,,
filesystem,arquivo,,Exportados do Banco/Painel Orçamento/20260209_131051_Orcamento_Emendas.csv,20260209_131051_Orcamento_Emendas.csv,.csv,dado_tabular_ou_serializado,5966,2026-08-29T16:43:00+00:00,2026-02,nao_identificada,nao_classificado,nao_classificado,,
filesystem,arquivo,,Exportados do Banco/Painel Orçamento/20260209_131051_Orcamento_Por_Acao.csv,20260209_131051_Orcamento_Por_Acao.csv,.csv,dado_tabular_ou_serializado,3292,2026-08-29T16:43:00+00:00,2026-02,nao_identificada,nao_classificado,nao_classificado,,
filesystem,arquivo,,Exportados do Banco/Painel Orçamento/20260209_131051_Orcamento_Por_Categoria.csv,20260209_131051_Orcamento_Por_Categoria.csv,.csv,dado_tabular_ou_serializado,903,2026-08-29T16:43:00+00:00,2026-02,nao_identificada,nao_classificado,nao_classificado,,
filesystem,arquivo,,Exportados do Banco/Painel Orçamento/20260209_131051_Orcamento_Tabela_Execucao.csv,20260209_131051_Orcamento_Tabela_Execucao.csv,.csv,dado_tabular_ou_serializado,1464,2026-08-29T16:43:00+00:00,2026-02,nao_identificada,nao_classificado,nao_classificado,,
filesystem,arquivo,,Exportados do Banco/Painel Orçamento/20260209_164628_Orcamento_Por_Acao.csv,20260209_164628_Orcamento_Por_Acao.csv,.csv,dado_tabular_ou_serializado,3292,2026-08-29T16:43:00+00:00,2026-02,nao_identificada,nao_classificado,nao_classificado,,
filesystem,arquivo,,Exportados do Banco/Painel Orçamento/20260209_164628_Orcamento_Por_Categoria.csv,20260209_164628_Orcamento_Por_Categoria.csv,.csv,dado_tabular_ou_serializado,903,2026-08-29T16:43:00+00:00,2026-02,nao_identificada,nao_classificado,nao_classificado,,
filesystem,arquivo,,Exportados do Banco/Painel Orçamento/20260209_164628_Orcamento_Resultado_Historico.csv,20260209_164628_Orcamento_Resultado_Historico.csv,.csv,dado_tabular_ou_serializado,523,2026-08-29T16:43:00+00:00,2026-02,nao_identificada,nao_classificado,nao_classificado,,
filesystem,arquivo,,Exportados do Banco/Painel Orçamento/20260209_164629_Orcamento_Emendas.csv,20260209_164629_Orcamento_Emendas.csv,.csv,dado_tabular_ou_serializado,5966,2026-08-29T16:43:00+00:00,2026-02,nao_identificada,nao_classificado,nao_classificado,,
filesystem,arquivo,,Exportados do Banco/Painel Orçamento/20260209_164629_Orcamento_Tabela_Execucao.csv,20260209_164629_Orcamento_Tabela_Execucao.csv,.csv,dado_tabular_ou_serializado,1464,2026-08-29T16:43:00+00:00,2026-02,nao_identificada,nao_classificado,nao_classificado,,
filesystem,arquivo,,Exportados do Banco/Painel Orçamento/20260209_205053_Orcamento_Por_Acao.csv,20260209_205053_Orcamento_Por_Acao.csv,.csv,dado_tabular_ou_serializado,3292,2026-08-29T16:43:00+00:00,2026-02,nao_identificada,nao_classificado,nao_classificado,,
filesystem,arquivo,,Exportados do Banco/Painel Orçamento/20260209_205053_Orcamento_Resultado_Historico.csv,20260209_205053_Orcamento_Resultado_Historico.csv,.csv,dado_tabular_ou_serializado,523,2026-08-29T16:43:00+00:00,2026-02,nao_identificada,nao_classificado,nao_classificado,,
filesystem,arquivo,,Exportados do Banco/Painel Orçamento/20260209_205054_Orcamento_Emendas.csv,20260209_205054_Orcamento_Emendas.csv,.csv,dado_tabular_ou_serializado,5966,2026-08-29T16:43:00+00:00,2026-02,nao_identificada,nao_classificado,nao_classificado,,
filesystem,arquivo,,Exportados do Banco/Painel Orçamento/20260209_205054_Orcamento_Por_Categoria.csv,20260209_205054_Orcamento_Por_Categoria.csv,.csv,dado_tabular_ou_serializado,903,2026-08-29T16:43:00+00:00,2026-02,nao_identificada,nao_classificado,nao_classificado,,
filesystem,arquivo,,Exportados do Banco/Painel Orçamento/20260209_205054_Orcamento_Tabela_Execucao.csv,20260209_205054_Orcamento_Tabela_Execucao.csv,.csv,dado_tabular_ou_serializado,1464,2026-08-29T16:43:00+00:00,2026-02,nao_identificada,nao_classificado,nao_classificado,,
filesystem,arquivo,,Exportados do Banco/Painel Orçamento/20260211_165052_Orcamento_Por_Acao.csv,20260211_165052_Orcamento_Por_Acao.csv,.csv,dado_tabular_ou_serializado,3094,2026-08-29T16:43:00+00:00,2026-02,nao_identificada,nao_classificado,nao_classificado,,
filesystem,arquivo,,Exportados do Banco/Painel Orçamento/20260211_165052_Orcamento_Por_Categoria.csv,20260211_165052_Orcamento_Por_Categoria.csv,.csv,dado_tabular_ou_serializado,903,2026-08-29T16:43:00+00:00,2026-02,nao_identificada,nao_classificado,nao_classificado,,
filesystem,arquivo,,Exportados do Banco/Painel Orçamento/20260211_165052_Orcamento_Resultado_Historico.csv,20260211_165052_Orcamento_Resultado_Historico.csv,.csv,dado_tabular_ou_serializado,523,2026-08-29T16:43:00+00:00,2026-02,nao_identificada,nao_classificado,nao_classificado,,
filesystem,arquivo,,Exportados do Banco/Painel Orçamento/20260211_165052_Orcamento_Tabela_Execucao.csv,20260211_165052_Orcamento_Tabela_Execucao.csv,.csv,dado_tabular_ou_serializado,2005,2026-08-29T16:43:00+00:00,2026-02,nao_identificada,nao_classificado,nao_classificado,,
filesystem,arquivo,,Exportados do Banco/Painel Orçamento/20260211_165053_Orcamento_Emendas.csv,20260211_165053_Orcamento_Emendas.csv,.csv,dado_tabular_ou_serializado,5966,2026-08-29T16:43:00+00:00,2026-02,nao_identificada,nao_classificado,nao_classificado,,
filesystem,arquivo,,Exportados do Banco/Painel Orçamento/20260224_102130_Orcamento_Emendas.csv,20260224_102130_Orcamento_Emendas.csv,.csv,dado_tabular_ou_serializado,5966,2026-08-29T16:43:00+00:00,2026-02,nao_identificada,nao_classificado,nao_classificado,,
filesystem,arquivo,,Exportados do Banco/Painel Orçamento/20260224_102130_Orcamento_Por_Acao.csv,20260224_102130_Orcamento_Por_Acao.csv,.csv,dado_tabular_ou_serializado,3123,2026-08-29T16:43:00+00:00,2026-02,nao_identificada,nao_classificado,nao_classificado,,
filesystem,arquivo,,Exportados do Banco/Painel Orçamento/20260224_102130_Orcamento_Por_Categoria.csv,20260224_102130_Orcamento_Por_Categoria.csv,.csv,dado_tabular_ou_serializado,903,2026-08-29T16:43:00+00:00,2026-02,nao_identificada,nao_classificado,nao_classificado,,
filesystem,arquivo,,Exportados do Banco/Painel Orçamento/20260224_102130_Orcamento_Resultado_Historico.csv,20260224_102130_Orcamento_Resultado_Historico.csv,.csv,dado_tabular_ou_serializado,522,2026-08-29T16:43:00+00:00,2026-02,nao_identificada,nao_classificado,nao_classificado,,
filesystem,arquivo,,Exportados do Banco/Painel Orçamento/20260224_102130_Orcamento_Tabela_Execucao.csv,20260224_102130_Orcamento_Tabela_Execucao.csv,.csv,dado_tabular_ou_serializado,2027,2026-08-29T16:43:00+00:00,2026-02,nao_identificada,nao_classificado,nao_classificado,,
filesystem,arquivo,,Exportados do Banco/Painel Orçamento/20260224_105128_Orcamento_Resultado_Historico.csv,20260224_105128_Orcamento_Resultado_Historico.csv,.csv,dado_tabular_ou_serializado,522,2026-08-29T16:43:00+00:00,2026-02,nao_identificada,nao_classificado,nao_classificado,,
filesystem,arquivo,,Exportados do Banco/Painel Orçamento/20260224_105129_Orcamento_Emendas.csv,20260224_105129_Orcamento_Emendas.csv,.csv,dado_tabular_ou_serializado,5966,2026-08-29T16:43:00+00:00,2026-02,nao_identificada,nao_classificado,nao_classificado,,
filesystem,arquivo,,Exportados do Banco/Painel Orçamento/20260224_105129_Orcamento_Por_Acao.csv,20260224_105129_Orcamento_Por_Acao.csv,.csv,dado_tabular_ou_serializado,3117,2026-08-29T16:43:00+00:00,2026-02,nao_identificada,nao_classificado,nao_classificado,,
filesystem,arquivo,,Exportados do Banco/Painel Orçamento/20260224_105129_Orcamento_Por_Categoria.csv,20260224_105129_Orcamento_Por_Categoria.csv,.csv,dado_tabular_ou_serializado,903,2026-08-29T16:43:00+00:00,2026-02,nao_identificada,nao_classificado,nao_classificado,,
filesystem,arquivo,,Exportados do Banco/Painel Orçamento/20260224_105129_Orcamento_Tabela_Execucao.csv,20260224_105129_Orcamento_Tabela_Execucao.csv,.csv,dado_tabular_ou_serializado,2027,2026-08-29T16:43:00+00:00,2026-02,nao_identificada,nao_classificado,nao_classificado,,
filesystem,arquivo,,Exportados do Banco/Painel Orçamento/20260224_115128_Orcamento_Emendas.csv,20260224_115128_Orcamento_Emendas.csv,.csv,dado_tabular_ou_serializado,5966,2026-08-29T16:43:00+00:00,2026-02,nao_identificada,nao_classificado,nao_classificado,,
filesystem,arquivo,,Exportados do Banco/Painel Orçamento/20260224_115128_Orcamento_Por_Acao.csv,20260224_115128_Orcamento_Por_Acao.csv,.csv,dado_tabular_ou_serializado,3117,2026-08-29T16:43:00+00:00,2026-02,nao_identificada,nao_classificado,nao_classificado,,
filesystem,arquivo,,Exportados do Banco/Painel Orçamento/20260224_115128_Orcamento_Por_Categoria.csv,20260224_115128_Orcamento_Por_Categoria.csv,.csv,dado_tabular_ou_serializado,903,2026-08-29T16:43:00+00:00,2026-02,nao_identificada,nao_classificado,nao_classificado,,
filesystem,arquivo,,Exportados do Banco/Painel Orçamento/20260224_115128_Orcamento_Resultado_Historico.csv,20260224_115128_Orcamento_Resultado_Historico.csv,.csv,dado_tabular_ou_serializado,522,2026-08-29T16:43:00+00:00,2026-02,nao_identificada,nao_classificado,nao_classificado,,
filesystem,arquivo,,Exportados do Banco/Painel Orçamento/20260224_115128_Orcamento_Tabela_Execucao.csv,20260224_115128_Orcamento_Tabela_Execucao.csv,.csv,dado_tabular_ou_serializado,2027,2026-08-29T16:43:00+00:00,2026-02,nao_identificada,nao_classificado,nao_classificado,,
filesystem,pasta,,"Extratos FAR, FDS e PNHR","Extratos FAR, FDS e PNHR",,pasta,,2026-08-29T12:21:22.202652+00:00,,nao_identificada,far;rural;entidades,far,,
filesystem,arquivo,,"Extratos FAR, FDS e PNHR/EXTRATO FAR JULHO 2025.xls.xlsx",EXTRATO FAR JULHO 2025.xls.xlsx,.xlsx,dado_tabular_ou_serializado,21664,2026-08-29T15:21:00+00:00,,nao_identificada,far;rural;entidades,far,pagina (21),
filesystem,arquivo,,"Extratos FAR, FDS e PNHR/Extrato MCMV Rural_Julho_2025.xlsx",Extrato MCMV Rural_Julho_2025.xlsx,.xlsx,dado_tabular_ou_serializado,23466,2026-08-29T15:21:00+00:00,,nao_identificada,mcmv_geral;far;rural;entidades,far,Extrato_Rural__2025,
filesystem,arquivo,,"Extratos FAR, FDS e PNHR/Extrato_FAR_2025 - julho.xlsx",Extrato_FAR_2025 - julho.xlsx,.xlsx,dado_tabular_ou_serializado,21650,2026-08-29T15:21:00+00:00,,nao_identificada,far;rural;entidades,far,FAR,
filesystem,arquivo,,"Extratos FAR, FDS e PNHR/Extrato_Reconstrução_RS_2025.xlsx",Extrato_Reconstrução_RS_2025.xlsx,.xlsx,dado_tabular_ou_serializado,18851,2026-08-29T15:21:00+00:00,,nao_identificada,far;rural;entidades,far,Reconstrução_RS,
filesystem,arquivo,,"Extratos FAR, FDS e PNHR/Extratos_FDS_PMCMV-E_Julho 2025_Informações_MCID.xlsx",Extratos_FDS_PMCMV-E_Julho 2025_Informações_MCID.xlsx,.xlsx,dado_tabular_ou_serializado,43894,2026-08-29T15:21:00+00:00,,nao_identificada,far;rural;entidades,far,Extrato_Geral; Extrato_CG_670-Recursos OGU; Extrato_CG_708-Retorno Recursos; Extrato_CG_709-DFI; Extrato_CG_911_Emolumentos,
filesystem,pasta,,FGTS - Contratação diária por Município,FGTS - Contratação diária por Município,,pasta,,2026-08-29T13:34:46.491750+00:00,,fgts,fgts_financiado,fgts_financiado,,
filesystem,pasta,,FGTS - Contratação diária por Município/Cont_Diárias_SETEMBRO_2025,Cont_Diárias_SETEMBRO_2025,,pasta,,2026-08-29T16:32:00+00:00,,fgts,fgts_financiado,fgts_financiado,,
filesystem,arquivo,,FGTS - Contratação diária por Município/fgts_contratacao_diaria_2025_09_05.csv,fgts_contratacao_diaria_2025_09_05.csv,.csv,dado_tabular_ou_serializado,833150,2026-08-29T16:32:00+00:00,2025-09,fgts,fgts_financiado,fgts_financiado,,
filesystem,arquivo,,FGTS - Contratação diária por Município/fgts_contratacao_diaria_2025_09_09.csv,fgts_contratacao_diaria_2025_09_09.csv,.csv,dado_tabular_ou_serializado,1778734,2026-08-29T16:32:00+00:00,2025-09,fgts,fgts_financiado,fgts_financiado,,
filesystem,arquivo,,FGTS - Contratação diária por Município/fgts_contratacao_diaria_2025_09_10.csv,fgts_contratacao_diaria_2025_09_10.csv,.csv,dado_tabular_ou_serializado,1802941,2026-08-29T16:32:00+00:00,2025-09,fgts,fgts_financiado,fgts_financiado,,
filesystem,arquivo,,FGTS - Contratação diária por Município/fgts_contratacao_diaria_2025_09_12.csv,fgts_contratacao_diaria_2025_09_12.csv,.csv,dado_tabular_ou_serializado,1817962,2026-08-29T16:32:00+00:00,2025-09,fgts,fgts_financiado,fgts_financiado,,
filesystem,arquivo,,FGTS - Contratação diária por Município/fgts_contratacao_diaria_2025_09_12_1.csv,fgts_contratacao_diaria_2025_09_12_1.csv,.csv,dado_tabular_ou_serializado,1738877,2026-08-29T16:32:00+00:00,2025-09,fgts,fgts_financiado,fgts_financiado,,
filesystem,arquivo,,FGTS - Contratação diária por Município/fgts_contratacao_diaria_2025_09_15.csv,fgts_contratacao_diaria_2025_09_15.csv,.csv,dado_tabular_ou_serializado,1745283,2026-08-29T16:32:00+00:00,2025-09,fgts,fgts_financiado,fgts_financiado,,
filesystem,arquivo,,FGTS - Contratação diária por Município/fgts_contratacao_diaria_2025_09_16.csv,fgts_contratacao_diaria_2025_09_16.csv,.csv,dado_tabular_ou_serializado,1809065,2026-08-29T16:32:00+00:00,2025-09,fgts,fgts_financiado,fgts_financiado,,
filesystem,arquivo,,FGTS - Contratação diária por Município/fgts_contratacao_diaria_2025_09_17.csv,fgts_contratacao_diaria_2025_09_17.csv,.csv,dado_tabular_ou_serializado,1744105,2026-08-29T16:32:00+00:00,2025-09,fgts,fgts_financiado,fgts_financiado,,
filesystem,arquivo,,FGTS - Contratação diária por Município/fgts_contratacao_diaria_2025_09_18.csv,fgts_contratacao_diaria_2025_09_18.csv,.csv,dado_tabular_ou_serializado,1868166,2026-08-29T16:32:00+00:00,2025-09,fgts,fgts_financiado,fgts_financiado,,
filesystem,arquivo,,FGTS - Contratação diária por Município/fgts_contratacao_diaria_2025_09_19.csv,fgts_contratacao_diaria_2025_09_19.csv,.csv,dado_tabular_ou_serializado,1896097,2026-08-29T16:32:00+00:00,2025-09,fgts,fgts_financiado,fgts_financiado,,
filesystem,arquivo,,FGTS - Contratação diária por Município/fgts_contratacao_diaria_2025_09_22.csv,fgts_contratacao_diaria_2025_09_22.csv,.csv,dado_tabular_ou_serializado,1769076,2026-08-29T16:32:00+00:00,2025-09,fgts,fgts_financiado,fgts_financiado,,
filesystem,arquivo,,FGTS - Contratação diária por Município/fgts_contratacao_diaria_2025_09_23.csv,fgts_contratacao_diaria_2025_09_23.csv,.csv,dado_tabular_ou_serializado,1838954,2026-08-29T16:32:00+00:00,2025-09,fgts,fgts_financiado,fgts_financiado,,
filesystem,arquivo,,FGTS - Contratação diária por Município/fgts_contratacao_diaria_2025_09_24.csv,fgts_contratacao_diaria_2025_09_24.csv,.csv,dado_tabular_ou_serializado,1926149,2026-08-29T16:32:00+00:00,2025-09,fgts,fgts_financiado,fgts_financiado,,
filesystem,arquivo,,FGTS - Contratação diária por Município/fgts_contratacao_diaria_2025_09_26.csv,fgts_contratacao_diaria_2025_09_26.csv,.csv,dado_tabular_ou_serializado,1877725,2026-08-29T16:32:00+00:00,2025-09,fgts,fgts_financiado,fgts_financiado,,
filesystem,arquivo,,FGTS - Contratação diária por Município/fgts_contratacao_diaria_2025_09_29.csv,fgts_contratacao_diaria_2025_09_29.csv,.csv,dado_tabular_ou_serializado,1800421,2026-08-29T16:32:00+00:00,2025-09,fgts,fgts_financiado,fgts_financiado,,
filesystem,arquivo,,FGTS - Contratação diária por Município/fgts_contratacao_diaria_2025_09_30.csv,fgts_contratacao_diaria_2025_09_30.csv,.csv,dado_tabular_ou_serializado,1883582,2026-08-29T16:32:00+00:00,2025-09,fgts,fgts_financiado,fgts_financiado,,
filesystem,arquivo,,FGTS - Contratação diária por Município/fgts_contratacao_diaria_2025_10_01.csv,fgts_contratacao_diaria_2025_10_01.csv,.csv,dado_tabular_ou_serializado,1878521,2026-08-29T16:32:00+00:00,2025-10,fgts,fgts_financiado,fgts_financiado,,
filesystem,arquivo,,FGTS - Contratação diária por Município/fgts_contratacao_diaria_2025_10_03.csv,fgts_contratacao_diaria_2025_10_03.csv,.csv,dado_tabular_ou_serializado,1898389,2026-08-29T16:32:00+00:00,2025-10,fgts,fgts_financiado,fgts_financiado,,
filesystem,arquivo,,FGTS - Contratação diária por Município/fgts_contratacao_diaria_2025_10_07.csv,fgts_contratacao_diaria_2025_10_07.csv,.csv,dado_tabular_ou_serializado,1945690,2026-08-29T16:32:00+00:00,2025-10,fgts,fgts_financiado,fgts_financiado,,
filesystem,arquivo,,FGTS - Contratação diária por Município/fgts_contratacao_diaria_2025_10_08.csv,fgts_contratacao_diaria_2025_10_08.csv,.csv,dado_tabular_ou_serializado,1948196,2026-08-29T16:32:00+00:00,2025-10,fgts,fgts_financiado,fgts_financiado,,
filesystem,arquivo,,FGTS - Contratação diária por Município/fgts_contratacao_diaria_2025_10_10.csv,fgts_contratacao_diaria_2025_10_10.csv,.csv,dado_tabular_ou_serializado,1938205,2026-08-29T16:32:00+00:00,2025-10,fgts,fgts_financiado,fgts_financiado,,
filesystem,arquivo,,FGTS - Contratação diária por Município/fgts_contratacao_diaria_2025_10_13.csv,fgts_contratacao_diaria_2025_10_13.csv,.csv,dado_tabular_ou_serializado,1857999,2026-08-29T16:32:00+00:00,2025-10,fgts,fgts_financiado,fgts_financiado,,
filesystem,arquivo,,FGTS - Contratação diária por Município/fgts_contratacao_diaria_2025_10_14.csv,fgts_contratacao_diaria_2025_10_14.csv,.csv,dado_tabular_ou_serializado,1981998,2026-08-29T16:32:00+00:00,2025-10,fgts,fgts_financiado,fgts_financiado,,
filesystem,arquivo,,FGTS - Contratação diária por Município/fgts_contratacao_diaria_2025_10_20.csv,fgts_contratacao_diaria_2025_10_20.csv,.csv,dado_tabular_ou_serializado,620463,2026-08-29T16:32:00+00:00,2025-10,fgts,fgts_financiado,fgts_financiado,,
filesystem,arquivo,,FGTS - Contratação diária por Município/fgts_contratacao_diaria_2025_10_21.csv,fgts_contratacao_diaria_2025_10_21.csv,.csv,dado_tabular_ou_serializado,1994577,2026-08-29T16:32:00+00:00,2025-10,fgts,fgts_financiado,fgts_financiado,,
filesystem,arquivo,,FGTS - Contratação diária por Município/fgts_contratacao_diaria_2025_10_22.csv,fgts_contratacao_diaria_2025_10_22.csv,.csv,dado_tabular_ou_serializado,2012922,2026-08-29T16:32:00+00:00,2025-10,fgts,fgts_financiado,fgts_financiado,,
filesystem,arquivo,,FGTS - Contratação diária por Município/fgts_contratacao_diaria_2025_10_24.csv,fgts_contratacao_diaria_2025_10_24.csv,.csv,dado_tabular_ou_serializado,2057469,2026-08-29T16:32:00+00:00,2025-10,fgts,fgts_financiado,fgts_financiado,,
filesystem,arquivo,,FGTS - Contratação diária por Município/fgts_contratacao_diaria_2025_10_27.csv,fgts_contratacao_diaria_2025_10_27.csv,.csv,dado_tabular_ou_serializado,1942694,2026-08-29T16:32:00+00:00,2025-10,fgts,fgts_financiado,fgts_financiado,,
filesystem,arquivo,,FGTS - Contratação diária por Município/fgts_contratacao_diaria_2025_10_29.csv,fgts_contratacao_diaria_2025_10_29.csv,.csv,dado_tabular_ou_serializado,2015394,2026-08-29T16:32:00+00:00,2025-10,fgts,fgts_financiado,fgts_financiado,,
filesystem,arquivo,,FGTS - Contratação diária por Município/fgts_contratacao_diaria_2025_10_31.csv,fgts_contratacao_diaria_2025_10_31.csv,.csv,dado_tabular_ou_serializado,1953544,2026-08-29T16:32:00+00:00,2025-10,fgts,fgts_financiado,fgts_financiado,,
filesystem,arquivo,,FGTS - Contratação diária por Município/fgts_contratacao_diaria_2025_10_31_.csv,fgts_contratacao_diaria_2025_10_31_.csv,.csv,dado_tabular_ou_serializado,2019724,2026-08-29T16:32:00+00:00,2025-10,fgts,fgts_financiado,fgts_financiado,,
filesystem,arquivo,,FGTS - Contratação diária por Município/fgts_contratacao_diaria_2025_11_03.csv,fgts_contratacao_diaria_2025_11_03.csv,.csv,dado_tabular_ou_serializado,1957769,2026-08-29T16:32:00+00:00,2025-11,fgts,fgts_financiado,fgts_financiado,,
filesystem,arquivo,,FGTS - Contratação diária por Município/fgts_contratacao_diaria_2025_11_04.csv,fgts_contratacao_diaria_2025_11_04.csv,.csv,dado_tabular_ou_serializado,1995678,2026-08-29T16:32:00+00:00,2025-11,fgts,fgts_financiado,fgts_financiado,,
filesystem,arquivo,,FGTS - Contratação diária por Município/fgts_contratacao_diaria_2025_11_05.csv,fgts_contratacao_diaria_2025_11_05.csv,.csv,dado_tabular_ou_serializado,2119690,2026-08-29T16:32:00+00:00,2025-11,fgts,fgts_financiado,fgts_financiado,,
filesystem,arquivo,,FGTS - Contratação diária por Município/fgts_contratacao_diaria_2025_11_07.csv,fgts_contratacao_diaria_2025_11_07.csv,.csv,dado_tabular_ou_serializado,2065684,2026-08-29T16:32:00+00:00,2025-11,fgts,fgts_financiado,fgts_financiado,,
filesystem,arquivo,,FGTS - Contratação diária por Município/fgts_contratacao_diaria_2025_11_07_.csv,fgts_contratacao_diaria_2025_11_07_.csv,.csv,dado_tabular_ou_serializado,1984944,2026-08-29T16:32:00+00:00,2025-11,fgts,fgts_financiado,fgts_financiado,,
filesystem,arquivo,,FGTS - Contratação diária por Município/fgts_contratacao_diaria_2025_11_11.csv,fgts_contratacao_diaria_2025_11_11.csv,.csv,dado_tabular_ou_serializado,2063546,2026-08-29T16:32:00+00:00,2025-11,fgts,fgts_financiado,fgts_financiado,,
filesystem,arquivo,,FGTS - Contratação diária por Município/fgts_contratacao_diaria_2025_11_12.csv,fgts_contratacao_diaria_2025_11_12.csv,.csv,dado_tabular_ou_serializado,2141940,2026-08-29T16:32:00+00:00,2025-11,fgts,fgts_financiado,fgts_financiado,,
filesystem,arquivo,,FGTS - Contratação diária por Município/fgts_contratacao_diaria_2025_11_14.csv,fgts_contratacao_diaria_2025_11_14.csv,.csv,dado_tabular_ou_serializado,2109357,2026-08-29T16:32:00+00:00,2025-11,fgts,fgts_financiado,fgts_financiado,,
filesystem,arquivo,,FGTS - Contratação diária por Município/fgts_contratacao_diaria_2025_11_14_1.csv,fgts_contratacao_diaria_2025_11_14_1.csv,.csv,dado_tabular_ou_serializado,2010264,2026-08-29T16:32:00+00:00,2025-11,fgts,fgts_financiado,fgts_financiado,,
filesystem,arquivo,,FGTS - Contratação diária por Município/fgts_contratacao_diaria_2025_11_17.csv,fgts_contratacao_diaria_2025_11_17.csv,.csv,dado_tabular_ou_serializado,2008516,2026-08-29T16:32:00+00:00,2025-11,fgts,fgts_financiado,fgts_financiado,,
filesystem,arquivo,,FGTS - Contratação diária por Município/fgts_contratacao_diaria_2025_11_18.csv,fgts_contratacao_diaria_2025_11_18.csv,.csv,dado_tabular_ou_serializado,2098659,2026-08-29T16:32:00+00:00,2025-11,fgts,fgts_financiado,fgts_financiado,,
filesystem,arquivo,,FGTS - Contratação diária por Município/fgts_contratacao_diaria_2025_11_21.csv,fgts_contratacao_diaria_2025_11_21.csv,.csv,dado_tabular_ou_serializado,2191973,2026-08-29T16:32:00+00:00,2025-11,fgts,fgts_financiado,fgts_financiado,,
filesystem,arquivo,,FGTS - Contratação diária por Município/fgts_contratacao_diaria_2025_11_24.csv,fgts_contratacao_diaria_2025_11_24.csv,.csv,dado_tabular_ou_serializado,2029338,2026-08-29T16:32:00+00:00,2025-11,fgts,fgts_financiado,fgts_financiado,,
filesystem,arquivo,,FGTS - Contratação diária por Município/fgts_contratacao_diaria_2025_11_25.csv,fgts_contratacao_diaria_2025_11_25.csv,.csv,dado_tabular_ou_serializado,2114951,2026-08-29T16:32:00+00:00,2025-11,fgts,fgts_financiado,fgts_financiado,,
filesystem,arquivo,,FGTS - Contratação diária por Município/fgts_contratacao_diaria_2025_12_02.csv,fgts_contratacao_diaria_2025_12_02.csv,.csv,dado_tabular_ou_serializado,2086000,2026-08-29T16:32:00+00:00,2025-12,fgts,fgts_financiado,fgts_financiado,,
filesystem,arquivo,,FGTS - Contratação diária por Município/fgts_contratacao_diaria_2025_12_03.csv,fgts_contratacao_diaria_2025_12_03.csv,.csv,dado_tabular_ou_serializado,2122278,2026-08-29T16:32:00+00:00,2025-12,fgts,fgts_financiado,fgts_financiado,,
filesystem,arquivo,,FGTS - Contratação diária por Município/fgts_contratacao_diaria_2025_12_05.csv,fgts_contratacao_diaria_2025_12_05.csv,.csv,dado_tabular_ou_serializado,2060528,2026-08-29T16:32:00+00:00,2025-12,fgts,fgts_financiado,fgts_financiado,,
filesystem,arquivo,,FGTS - Contratação diária por Município/fgts_contratacao_diaria_2025_12_08.csv,fgts_contratacao_diaria_2025_12_08.csv,.csv,dado_tabular_ou_serializado,2060506,2026-08-29T16:32:00+00:00,2025-12,fgts,fgts_financiado,fgts_financiado,,
filesystem,arquivo,,FGTS - Contratação diária por Município/fgts_contratacao_diaria_2025_12_09.csv,fgts_contratacao_diaria_2025_12_09.csv,.csv,dado_tabular_ou_serializado,288386,2026-08-29T16:32:00+00:00,2025-12,fgts,fgts_financiado,fgts_financiado,,
filesystem,arquivo,,FGTS - Contratação diária por Município/fgts_contratacao_diaria_2025_12_10.csv,fgts_contratacao_diaria_2025_12_10.csv,.csv,dado_tabular_ou_serializado,2158592,2026-08-29T16:32:00+00:00,2025-12,fgts,fgts_financiado,fgts_financiado,,
filesystem,arquivo,,FGTS - Contratação diária por Município/fgts_contratacao_diaria_2025_12_12.csv,fgts_contratacao_diaria_2025_12_12.csv,.csv,dado_tabular_ou_serializado,2164258,2026-08-29T16:32:00+00:00,2025-12,fgts,fgts_financiado,fgts_financiado,,
filesystem,arquivo,,FGTS - Contratação diária por Município/fgts_contratacao_diaria_2025_12_12_1.csv,fgts_contratacao_diaria_2025_12_12_1.csv,.csv,dado_tabular_ou_serializado,2082017,2026-08-29T16:32:00+00:00,2025-12,fgts,fgts_financiado,fgts_financiado,,
filesystem,arquivo,,FGTS - Contratação diária por Município/fgts_contratacao_diaria_2025_12_15.csv,fgts_contratacao_diaria_2025_12_15.csv,.csv,dado_tabular_ou_serializado,2086675,2026-08-29T16:32:00+00:00,2025-12,fgts,fgts_financiado,fgts_financiado,,
filesystem,arquivo,,FGTS - Contratação diária por Município/fgts_contratacao_diaria_2025_12_16.csv,fgts_contratacao_diaria_2025_12_16.csv,.csv,dado_tabular_ou_serializado,2156401,2026-08-29T16:32:00+00:00,2025-12,fgts,fgts_financiado,fgts_financiado,,
filesystem,arquivo,,FGTS - Contratação diária por Município/fgts_contratacao_diaria_2025_12_17.csv,fgts_contratacao_diaria_2025_12_17.csv,.csv,dado_tabular_ou_serializado,2166209,2026-08-29T16:32:00+00:00,2025-12,fgts,fgts_financiado,fgts_financiado,,
filesystem,arquivo,,FGTS - Contratação diária por Município/fgts_contratacao_diaria_2025_12_19.csv,fgts_contratacao_diaria_2025_12_19.csv,.csv,dado_tabular_ou_serializado,2196240,2026-08-29T16:32:00+00:00,2025-12,fgts,fgts_financiado,fgts_financiado,,
filesystem,arquivo,,FGTS - Contratação diária por Município/fgts_contratacao_diaria_2025_12_29.csv,fgts_contratacao_diaria_2025_12_29.csv,.csv,dado_tabular_ou_serializado,2113549,2026-08-29T16:32:00+00:00,2025-12,fgts,fgts_financiado,fgts_financiado,,
filesystem,arquivo,,FGTS - Contratação diária por Município/fgts_contratacao_diaria_2026_01_02.csv,fgts_contratacao_diaria_2026_01_02.csv,.csv,dado_tabular_ou_serializado,2117148,2026-08-29T16:32:00+00:00,2026-01,fgts,fgts_financiado,fgts_financiado,,
filesystem,arquivo,,FGTS - Contratação diária por Município/fgts_contratacao_diaria_2026_01_05.csv,fgts_contratacao_diaria_2026_01_05.csv,.csv,dado_tabular_ou_serializado,2118017,2026-08-29T16:32:00+00:00,2026-01,fgts,fgts_financiado,fgts_financiado,,
filesystem,arquivo,,FGTS - Contratação diária por Município/fgts_contratacao_diaria_2026_01_06.csv,fgts_contratacao_diaria_2026_01_06.csv,.csv,dado_tabular_ou_serializado,2119022,2026-08-29T16:32:00+00:00,2026-01,fgts,fgts_financiado,fgts_financiado,,
filesystem,arquivo,,FGTS - Contratação diária por Município/fgts_contratacao_diaria_2026_01_09.csv,fgts_contratacao_diaria_2026_01_09.csv,.csv,dado_tabular_ou_serializado,2134918,2026-08-29T16:32:00+00:00,2026-01,fgts,fgts_financiado,fgts_financiado,,
filesystem,arquivo,,FGTS - Contratação diária por Município/fgts_contratacao_diaria_2026_01_09_1.csv,fgts_contratacao_diaria_2026_01_09_1.csv,.csv,dado_tabular_ou_serializado,2122687,2026-08-29T16:32:00+00:00,2026-01,fgts,fgts_financiado,fgts_financiado,,
filesystem,arquivo,,FGTS - Contratação diária por Município/fgts_contratacao_diaria_2026_01_12.csv,fgts_contratacao_diaria_2026_01_12.csv,.csv,dado_tabular_ou_serializado,2130296,2026-08-29T16:32:00+00:00,2026-01,fgts,fgts_financiado,fgts_financiado,,
filesystem,arquivo,,FGTS - Contratação diária por Município/fgts_contratacao_diaria_2026_01_13.csv,fgts_contratacao_diaria_2026_01_13.csv,.csv,dado_tabular_ou_serializado,2127044,2026-08-29T16:32:00+00:00,2026-01,fgts,fgts_financiado,fgts_financiado,,
filesystem,arquivo,,FGTS - Contratação diária por Município/fgts_contratacao_diaria_2026_01_14.csv,fgts_contratacao_diaria_2026_01_14.csv,.csv,dado_tabular_ou_serializado,845569,2026-08-29T16:32:00+00:00,2026-01,fgts,fgts_financiado,fgts_financiado,,
filesystem,arquivo,,FGTS - Contratação diária por Município/fgts_contratacao_diaria_2026_01_16.csv,fgts_contratacao_diaria_2026_01_16.csv,.csv,dado_tabular_ou_serializado,2124536,2026-08-29T16:32:00+00:00,2026-01,fgts,fgts_financiado,fgts_financiado,,
filesystem,arquivo,,FGTS - Contratação diária por Município/fgts_contratacao_diaria_2026_01_19.csv,fgts_contratacao_diaria_2026_01_19.csv,.csv,dado_tabular_ou_serializado,2123899,2026-08-29T16:32:00+00:00,2026-01,fgts,fgts_financiado,fgts_financiado,,
filesystem,arquivo,,FGTS - Contratação diária por Município/fgts_contratacao_diaria_2026_01_21.csv,fgts_contratacao_diaria_2026_01_21.csv,.csv,dado_tabular_ou_serializado,369,2026-08-29T16:33:00+00:00,2026-01,fgts,fgts_financiado,fgts_financiado,,
filesystem,arquivo,,FGTS - Contratação diária por Município/fgts_contratacao_diaria_2026_01_23.csv,fgts_contratacao_diaria_2026_01_23.csv,.csv,dado_tabular_ou_serializado,369,2026-08-29T16:33:00+00:00,2026-01,fgts,fgts_financiado,fgts_financiado,,
filesystem,arquivo,,FGTS - Contratação diária por Município/fgts_contratacao_diaria_2026_01_26.csv,fgts_contratacao_diaria_2026_01_26.csv,.csv,dado_tabular_ou_serializado,369,2026-08-29T16:33:00+00:00,2026-01,fgts,fgts_financiado,fgts_financiado,,
filesystem,arquivo,,FGTS - Contratação diária por Município/fgts_contratacao_diaria_2026_01_27.csv,fgts_contratacao_diaria_2026_01_27.csv,.csv,dado_tabular_ou_serializado,62536,2026-08-29T16:33:00+00:00,2026-01,fgts,fgts_financiado,fgts_financiado,,
filesystem,arquivo,,FGTS - Contratação diária por Município/fgts_contratacao_diaria_2026_01_28.csv,fgts_contratacao_diaria_2026_01_28.csv,.csv,dado_tabular_ou_serializado,450424,2026-08-29T16:33:00+00:00,2026-01,fgts,fgts_financiado,fgts_financiado,,
filesystem,arquivo,,FGTS - Contratação diária por Município/fgts_contratacao_diaria_2026_01_30.csv,fgts_contratacao_diaria_2026_01_30.csv,.csv,dado_tabular_ou_serializado,644681,2026-08-29T16:33:00+00:00,2026-01,fgts,fgts_financiado,fgts_financiado,,
filesystem,arquivo,,FGTS - Contratação diária por Município/fgts_contratacao_diaria_2026_02_02.csv,fgts_contratacao_diaria_2026_02_02.csv,.csv,dado_tabular_ou_serializado,707487,2026-08-29T16:33:00+00:00,2026-02,fgts,fgts_financiado,fgts_financiado,,
filesystem,arquivo,,FGTS - Contratação diária por Município/fgts_contratacao_diaria_2026_02_03.csv,fgts_contratacao_diaria_2026_02_03.csv,.csv,dado_tabular_ou_serializado,753029,2026-08-29T16:33:00+00:00,2026-02,fgts,fgts_financiado,fgts_financiado,,
filesystem,arquivo,,FGTS - Contratação diária por Município/fgts_contratacao_diaria_2026_02_06.csv,fgts_contratacao_diaria_2026_02_06.csv,.csv,dado_tabular_ou_serializado,751309,2026-08-29T16:33:00+00:00,2026-02,fgts,fgts_financiado,fgts_financiado,,
filesystem,arquivo,,FGTS - Contratação diária por Município/fgts_contratacao_diaria_2026_02_09.csv,fgts_contratacao_diaria_2026_02_09.csv,.csv,dado_tabular_ou_serializado,751083,2026-08-29T16:33:00+00:00,2026-02,fgts,fgts_financiado,fgts_financiado,,
filesystem,arquivo,,FGTS - Contratação diária por Município/fgts_contratacao_diaria_2026_02_10.csv,fgts_contratacao_diaria_2026_02_10.csv,.csv,dado_tabular_ou_serializado,751568,2026-08-29T16:33:00+00:00,2026-02,fgts,fgts_financiado,fgts_financiado,,
filesystem,arquivo,,FGTS - Contratação diária por Município/fgts_contratacao_diaria_2026_02_11.csv,fgts_contratacao_diaria_2026_02_11.csv,.csv,dado_tabular_ou_serializado,866052,2026-08-29T16:33:00+00:00,2026-02,fgts,fgts_financiado,fgts_financiado,,
filesystem,arquivo,,FGTS - Contratação diária por Município/fgts_contratacao_diaria_2026_02_20.csv,fgts_contratacao_diaria_2026_02_20.csv,.csv,dado_tabular_ou_serializado,948212,2026-08-29T16:33:00+00:00,2026-02,fgts,fgts_financiado,fgts_financiado,,
filesystem,arquivo,,FGTS - Contratação diária por Município/fgts_contratacao_diaria_2026_02_23.csv,fgts_contratacao_diaria_2026_02_23.csv,.csv,dado_tabular_ou_serializado,885618,2026-08-29T16:33:00+00:00,2026-02,fgts,fgts_financiado,fgts_financiado,,
filesystem,arquivo,,FGTS - Contratação diária por Município/fgts_contratacao_diaria_2026_02_24.csv,fgts_contratacao_diaria_2026_02_24.csv,.csv,dado_tabular_ou_serializado,954683,2026-08-29T16:33:00+00:00,2026-02,fgts,fgts_financiado,fgts_financiado,,
filesystem,arquivo,,FGTS - Contratação diária por Município/fgts_contratacao_diaria_2026_02_25.csv,fgts_contratacao_diaria_2026_02_25.csv,.csv,dado_tabular_ou_serializado,972326,2026-08-29T16:33:00+00:00,2026-02,fgts,fgts_financiado,fgts_financiado,,
filesystem,arquivo,,FGTS - Contratação diária por Município/fgts_contratacao_diaria_2026_02_27.csv,fgts_contratacao_diaria_2026_02_27.csv,.csv,dado_tabular_ou_serializado,937079,2026-08-29T16:33:00+00:00,2026-02,fgts,fgts_financiado,fgts_financiado,,
filesystem,arquivo,,FGTS - Contratação diária por Município/fgts_contratacao_diaria_2026_03_02.csv,fgts_contratacao_diaria_2026_03_02.csv,.csv,dado_tabular_ou_serializado,937090,2026-08-29T16:33:00+00:00,2026-03,fgts,fgts_financiado,fgts_financiado,,
filesystem,arquivo,,FGTS - Contratação diária por Município/fgts_contratacao_diaria_2026_03_03.csv,fgts_contratacao_diaria_2026_03_03.csv,.csv,dado_tabular_ou_serializado,1042775,2026-08-29T16:33:00+00:00,2026-03,fgts,fgts_financiado,fgts_financiado,,
filesystem,arquivo,,FGTS - Contratação diária por Município/fgts_contratacao_diaria_2026_03_06.csv,fgts_contratacao_diaria_2026_03_06.csv,.csv,dado_tabular_ou_serializado,1080694,2026-08-29T16:33:00+00:00,2026-03,fgts,fgts_financiado,fgts_financiado,,
filesystem,arquivo,,FGTS - Contratação diária por Município/fgts_contratacao_diaria_2026_03_09.csv,fgts_contratacao_diaria_2026_03_09.csv,.csv,dado_tabular_ou_serializado,1008704,2026-08-29T16:33:00+00:00,2026-03,fgts,fgts_financiado,fgts_financiado,,
filesystem,arquivo,,FGTS - Contratação diária por Município/fgts_contratacao_diaria_2026_03_10.csv,fgts_contratacao_diaria_2026_03_10.csv,.csv,dado_tabular_ou_serializado,1096210,2026-08-29T16:33:00+00:00,2026-03,fgts,fgts_financiado,fgts_financiado,,
filesystem,arquivo,,FGTS - Contratação diária por Município/fgts_contratacao_diaria_2026_03_13.csv,fgts_contratacao_diaria_2026_03_13.csv,.csv,dado_tabular_ou_serializado,1140997,2026-08-29T16:33:00+00:00,2026-03,fgts,fgts_financiado,fgts_financiado,,
filesystem,arquivo,,FGTS - Contratação diária por Município/fgts_contratacao_diaria_2026_03_16.csv,fgts_contratacao_diaria_2026_03_16.csv,.csv,dado_tabular_ou_serializado,1066181,2026-08-29T16:33:00+00:00,2026-03,fgts,fgts_financiado,fgts_financiado,,
filesystem,arquivo,,FGTS - Contratação diária por Município/fgts_contratacao_diaria_2026_03_17.csv,fgts_contratacao_diaria_2026_03_17.csv,.csv,dado_tabular_ou_serializado,1136782,2026-08-29T16:33:00+00:00,2026-03,fgts,fgts_financiado,fgts_financiado,,
filesystem,arquivo,,FGTS - Contratação diária por Município/fgts_contratacao_diaria_2026_03_18.csv,fgts_contratacao_diaria_2026_03_18.csv,.csv,dado_tabular_ou_serializado,1158272,2026-08-29T16:33:00+00:00,2026-03,fgts,fgts_financiado,fgts_financiado,,
filesystem,arquivo,,FGTS - Contratação diária por Município/fgts_contratacao_diaria_2026_03_23.csv,fgts_contratacao_diaria_2026_03_23.csv,.csv,dado_tabular_ou_serializado,1116025,2026-08-29T16:33:00+00:00,2026-03,fgts,fgts_financiado,fgts_financiado,,
filesystem,arquivo,,FGTS - Contratação diária por Município/fgts_contratacao_diaria_2026_03_24.csv,fgts_contratacao_diaria_2026_03_24.csv,.csv,dado_tabular_ou_serializado,1183740,2026-08-29T16:33:00+00:00,2026-03,fgts,fgts_financiado,fgts_financiado,,
filesystem,arquivo,,FGTS - Contratação diária por Município/fgts_contratacao_diaria_2026_03_25.csv,fgts_contratacao_diaria_2026_03_25.csv,.csv,dado_tabular_ou_serializado,1201975,2026-08-29T16:33:00+00:00,2026-03,fgts,fgts_financiado,fgts_financiado,,
filesystem,arquivo,,FGTS - Contratação diária por Município/fgts_contratacao_diaria_2026_04_08.csv,fgts_contratacao_diaria_2026_04_08.csv,.csv,dado_tabular_ou_serializado,1297040,2026-08-29T16:33:00+00:00,2026-04,fgts,fgts_financiado,fgts_financiado,,
filesystem,arquivo,,FGTS - Contratação diária por Município/fgts_contratacao_diaria_2026_04_10.csv,fgts_contratacao_diaria_2026_04_10.csv,.csv,dado_tabular_ou_serializado,1269609,2026-08-29T16:33:00+00:00,2026-04,fgts,fgts_financiado,fgts_financiado,,
filesystem,arquivo,,FGTS - Contratação diária por Município/fgts_contratacao_diaria_2026_04_13.csv,fgts_contratacao_diaria_2026_04_13.csv,.csv,dado_tabular_ou_serializado,1209309,2026-08-29T16:33:00+00:00,2026-04,fgts,fgts_financiado,fgts_financiado,,
filesystem,arquivo,,FGTS - Contratação diária por Município/fgts_contratacao_diaria_2026_04_14.csv,fgts_contratacao_diaria_2026_04_14.csv,.csv,dado_tabular_ou_serializado,1273118,2026-08-29T16:33:00+00:00,2026-04,fgts,fgts_financiado,fgts_financiado,,
filesystem,arquivo,,FGTS - Contratação diária por Município/fgts_contratacao_diaria_2026_04_15.csv,fgts_contratacao_diaria_2026_04_15.csv,.csv,dado_tabular_ou_serializado,1286549,2026-08-29T16:33:00+00:00,2026-04,fgts,fgts_financiado,fgts_financiado,,
filesystem,arquivo,,FGTS - Contratação diária por Município/fgts_contratacao_diaria_2026_04_20.csv,fgts_contratacao_diaria_2026_04_20.csv,.csv,dado_tabular_ou_serializado,1244427,2026-08-29T16:33:00+00:00,2026-04,fgts,fgts_financiado,fgts_financiado,,
filesystem,arquivo,,FGTS - Contratação diária por Município/fgts_contratacao_diaria_2026_04_21.csv,fgts_contratacao_diaria_2026_04_21.csv,.csv,dado_tabular_ou_serializado,1299629,2026-08-29T16:33:00+00:00,2026-04,fgts,fgts_financiado,fgts_financiado,,
filesystem,arquivo,,FGTS - Contratação diária por Município/fgts_contratacao_diaria_2026_04_22.csv,fgts_contratacao_diaria_2026_04_22.csv,.csv,dado_tabular_ou_serializado,1248901,2026-08-29T16:33:00+00:00,2026-04,fgts,fgts_financiado,fgts_financiado,,
filesystem,arquivo,,FGTS - Contratação diária por Município/fgts_contratacao_diaria_2026_04_24.csv,fgts_contratacao_diaria_2026_04_24.csv,.csv,dado_tabular_ou_serializado,1258409,2026-08-29T16:33:00+00:00,2026-04,fgts,fgts_financiado,fgts_financiado,,
filesystem,arquivo,,FGTS - Contratação diária por Município/fgts_contratacao_diaria_2026_04_27.csv,fgts_contratacao_diaria_2026_04_27.csv,.csv,dado_tabular_ou_serializado,1258434,2026-08-29T16:33:00+00:00,2026-04,fgts,fgts_financiado,fgts_financiado,,
filesystem,arquivo,,FGTS - Contratação diária por Município/fgts_contratacao_diaria_2026_04_28.csv,fgts_contratacao_diaria_2026_04_28.csv,.csv,dado_tabular_ou_serializado,1296797,2026-08-29T16:33:00+00:00,2026-04,fgts,fgts_financiado,fgts_financiado,,
filesystem,arquivo,,FGTS - Contratação diária por Município/fgts_contratacao_diaria_2026_05_05.csv,fgts_contratacao_diaria_2026_05_05.csv,.csv,dado_tabular_ou_serializado,1292647,2026-08-29T16:33:00+00:00,2026-05,fgts,fgts_financiado,fgts_financiado,,
filesystem,arquivo,,FGTS - Contratação diária por Município/fgts_contratacao_diaria_2026_05_06.csv,fgts_contratacao_diaria_2026_05_06.csv,.csv,dado_tabular_ou_serializado,1423733,2026-08-29T16:33:00+00:00,2026-05,fgts,fgts_financiado,fgts_financiado,,
filesystem,pasta,,FGTS - PJ (Apoio PJ),FGTS - PJ (Apoio PJ),,pasta,,2026-08-29T13:31:19.014409+00:00,,fgts,fgts_financiado,fgts_financiado,,
filesystem,arquivo,,FGTS - PJ (Apoio PJ)/base_pj_2025_02.xlsx,base_pj_2025_02.xlsx,.xlsx,dado_tabular_ou_serializado,3779743,2026-08-29T16:31:00+00:00,2025-02,fgts,fgts_financiado,fgts_financiado,Planilha1,
filesystem,arquivo,,FGTS - PJ (Apoio PJ)/base_pj_fgts_2024_10.xlsx,base_pj_fgts_2024_10.xlsx,.xlsx,dado_tabular_ou_serializado,11067501,2026-08-29T16:31:00+00:00,2024-10,fgts,fgts_financiado,fgts_financiado,Planilha3; Planilha5; Planilha4; Planilha6; base_202410; grafico; Base_PJ_FGTS_20240107; Base_PJ_FGTS_20230107; Planilha1,
filesystem,arquivo,,FGTS - PJ (Apoio PJ)/base_pj_fgts_2025_01_.xlsx,base_pj_fgts_2025_01_.xlsx,.xlsx,dado_tabular_ou_serializado,3964402,2026-08-29T16:31:00+00:00,2025-01,fgts,fgts_financiado,fgts_financiado,base_202501,
filesystem,arquivo,,FGTS - PJ (Apoio PJ)/base_pj_fgts_2025_01_V2.xlsx,base_pj_fgts_2025_01_V2.xlsx,.xlsx,dado_tabular_ou_serializado,4040599,2026-08-29T16:31:00+00:00,2025-01,fgts,fgts_financiado,fgts_financiado,base_202501,
filesystem,arquivo,,FGTS - PJ (Apoio PJ)/base_pj_fgts_2025_02 (1).xlsx,base_pj_fgts_2025_02 (1).xlsx,.xlsx,dado_tabular_ou_serializado,3802860,2026-08-29T16:31:00+00:00,2025-02,fgts,fgts_financiado,fgts_financiado,base_202501,
filesystem,arquivo,,FGTS - PJ (Apoio PJ)/base_pj_fgts_2025_02.xlsx,base_pj_fgts_2025_02.xlsx,.xlsx,dado_tabular_ou_serializado,6087127,2026-08-29T16:31:00+00:00,2025-02,fgts,fgts_financiado,fgts_financiado,Planilha1; Planilha2; base_202501,
filesystem,pasta,,Geohabitação,Geohabitação,,pasta,,2026-08-29T13:30:06.022883+00:00,,nao_identificada,nao_classificado,nao_classificado,,
filesystem,pasta,,Geohabitação/Bases do Gabinete - Adam,Bases do Gabinete - Adam,,pasta,,2026-08-29T13:30:06.097000+00:00,,nao_identificada,nao_classificado,nao_classificado,,
filesystem,arquivo,,Geohabitação/Bases do Gabinete - Adam/Email – Anderson Jorge Lopes Brandao – Outlook.pdf,Email – Anderson Jorge Lopes Brandao – Outlook.pdf,.pdf,documento,199871,2026-08-29T16:29:00+00:00,,nao_identificada,nao_classificado,nao_classificado,,
filesystem,pasta,,Geohabitação/Bases do Gabinete - Adam/MCMV_FAR_BR_2009_2022,MCMV_FAR_BR_2009_2022,,pasta,,2026-08-29T13:30:06.066990+00:00,2009-02,nao_identificada,mcmv_geral;far,far,,
filesystem,arquivo,,Geohabitação/Bases do Gabinete - Adam/MCMV_FAR_BR_2009_2022/MCMV_FAR_BR_2009_2022 - Metadados.pdf,MCMV_FAR_BR_2009_2022 - Metadados.pdf,.pdf,documento,224586,2026-08-29T16:29:00+00:00,2009-02,metadados,mcmv_geral;far;metadados,far,,
filesystem,arquivo,,Geohabitação/Bases do Gabinete - Adam/MCMV_FAR_BR_2009_2022/MCMV_FAR_BR_2009_2022.cpg,MCMV_FAR_BR_2009_2022.cpg,.cpg,outro,5,2026-08-29T16:29:00+00:00,2009-02,nao_identificada,mcmv_geral;far,far,,
filesystem,arquivo,,Geohabitação/Bases do Gabinete - Adam/MCMV_FAR_BR_2009_2022/MCMV_FAR_BR_2009_2022.dbf,MCMV_FAR_BR_2009_2022.dbf,.dbf,outro,13148376,2026-08-29T16:29:00+00:00,2009-02,nao_identificada,mcmv_geral;far,far,,
filesystem,arquivo,,Geohabitação/Bases do Gabinete - Adam/MCMV_FAR_BR_2009_2022/MCMV_FAR_BR_2009_2022.kml,MCMV_FAR_BR_2009_2022.kml,.kml,outro,9612904,2026-08-29T16:29:00+00:00,2009-02,nao_identificada,mcmv_geral;far,far,,
filesystem,arquivo,,Geohabitação/Bases do Gabinete - Adam/MCMV_FAR_BR_2009_2022/MCMV_FAR_BR_2009_2022.prj,MCMV_FAR_BR_2009_2022.prj,.prj,outro,145,2026-08-29T16:29:00+00:00,2009-02,nao_identificada,mcmv_geral;far,far,,
filesystem,arquivo,,Geohabitação/Bases do Gabinete - Adam/MCMV_FAR_BR_2009_2022/MCMV_FAR_BR_2009_2022.shp,MCMV_FAR_BR_2009_2022.shp,.shp,outro,1810608,2026-08-29T16:29:00+00:00,2009-02,nao_identificada,mcmv_geral;far,far,,
filesystem,arquivo,,Geohabitação/Bases do Gabinete - Adam/MCMV_FAR_BR_2009_2022/MCMV_FAR_BR_2009_2022.shx,MCMV_FAR_BR_2009_2022.shx,.shx,outro,30420,2026-08-29T16:29:00+00:00,2009-02,nao_identificada,mcmv_geral;far,far,,
filesystem,arquivo,,Geohabitação/Bases do Gabinete - Adam/MCMV_FAR_BR_2009_2022/MCMV_FAR_BR_Tabela_de_Atributos_122022.xlsx,MCMV_FAR_BR_Tabela_de_Atributos_122022.xlsx,.xlsx,dado_tabular_ou_serializado,737576,2026-08-29T16:29:00+00:00,2009-02,nao_identificada,mcmv_geral;far,far,Planilha1,
filesystem,arquivo,,Geohabitação/Bases do Gabinete - Adam/MCMV_FAR_BR_2009_2022.zip,MCMV_FAR_BR_2009_2022.zip,.zip,arquivo_compactado,3744003,2026-08-29T16:29:00+00:00,2009-02,nao_identificada,mcmv_geral;far,far,,
filesystem,pasta,,Geohabitação/Bases do Gabinete - Adam/MCMV_FDS_BR_2009_2022,MCMV_FDS_BR_2009_2022,,pasta,,2026-08-29T13:30:06.074963+00:00,2009-02,nao_identificada,mcmv_geral;entidades,entidades,,
filesystem,arquivo,,Geohabitação/Bases do Gabinete - Adam/MCMV_FDS_BR_2009_2022/MCMV_FDS_BR_2009_2022 - Metadados.pdf,MCMV_FDS_BR_2009_2022 - Metadados.pdf,.pdf,documento,224532,2026-08-29T16:29:00+00:00,2009-02,metadados,mcmv_geral;entidades;metadados,entidades,,
filesystem,arquivo,,Geohabitação/Bases do Gabinete - Adam/MCMV_FDS_BR_2009_2022/MCMV_FDS_BR_2009_2022.cpg,MCMV_FDS_BR_2009_2022.cpg,.cpg,outro,5,2026-08-29T16:29:00+00:00,2009-02,nao_identificada,mcmv_geral;entidades,entidades,,
filesystem,arquivo,,Geohabitação/Bases do Gabinete - Adam/MCMV_FDS_BR_2009_2022/MCMV_FDS_BR_2009_2022.dbf,MCMV_FDS_BR_2009_2022.dbf,.dbf,outro,1915161,2026-08-29T16:29:00+00:00,2009-02,nao_identificada,mcmv_geral;entidades,entidades,,
filesystem,arquivo,,Geohabitação/Bases do Gabinete - Adam/MCMV_FDS_BR_2009_2022/MCMV_FDS_BR_2009_2022.kml,MCMV_FDS_BR_2009_2022.kml,.kml,outro,1261352,2026-08-29T16:29:00+00:00,2009-02,nao_identificada,mcmv_geral;entidades,entidades,,
filesystem,arquivo,,Geohabitação/Bases do Gabinete - Adam/MCMV_FDS_BR_2009_2022/MCMV_FDS_BR_2009_2022.prj,MCMV_FDS_BR_2009_2022.prj,.prj,outro,145,2026-08-29T16:29:00+00:00,2009-02,nao_identificada,mcmv_geral;entidades,entidades,,
filesystem,arquivo,,Geohabitação/Bases do Gabinete - Adam/MCMV_FDS_BR_2009_2022/MCMV_FDS_BR_2009_2022.shp,MCMV_FDS_BR_2009_2022.shp,.shp,outro,230172,2026-08-29T16:29:00+00:00,2009-02,nao_identificada,mcmv_geral;entidades,entidades,,
filesystem,arquivo,,Geohabitação/Bases do Gabinete - Adam/MCMV_FDS_BR_2009_2022/MCMV_FDS_BR_2009_2022.shx,MCMV_FDS_BR_2009_2022.shx,.shx,outro,3980,2026-08-29T16:29:00+00:00,2009-02,nao_identificada,mcmv_geral;entidades,entidades,,
filesystem,arquivo,,Geohabitação/Bases do Gabinete - Adam/MCMV_FDS_BR_2009_2022/MCMV_FDS_BR_Tabela_de_Atributos_122022.xlsx,MCMV_FDS_BR_Tabela_de_Atributos_122022.xlsx,.xlsx,dado_tabular_ou_serializado,117416,2026-08-29T16:29:00+00:00,2009-02,nao_identificada,mcmv_geral;entidades,entidades,Planilha1,
filesystem,arquivo,,Geohabitação/Bases do Gabinete - Adam/MCMV_FDS_BR_2009_2022.zip,MCMV_FDS_BR_2009_2022.zip,.zip,arquivo_compactado,680351,2026-08-29T16:29:00+00:00,2009-02,nao_identificada,mcmv_geral;entidades,entidades,,
filesystem,pasta,,Geohabitação/Bases do Gabinete - Adam/PAR_BRASIL_POLIGONAIS,PAR_BRASIL_POLIGONAIS,,pasta,,2026-08-29T13:30:06.088793+00:00,,nao_identificada,nao_classificado,nao_classificado,,
filesystem,arquivo,,Geohabitação/Bases do Gabinete - Adam/PAR_BRASIL_POLIGONAIS/PAR_BRASIL_POLIGONAIS - Metadados.pdf,PAR_BRASIL_POLIGONAIS - Metadados.pdf,.pdf,documento,199075,2026-08-29T16:29:00+00:00,,metadados,metadados,metadados,,
filesystem,arquivo,,Geohabitação/Bases do Gabinete - Adam/PAR_BRASIL_POLIGONAIS/PAR_BRASIL_POLIGONAIS.cpg,PAR_BRASIL_POLIGONAIS.cpg,.cpg,outro,5,2026-08-29T16:29:00+00:00,,nao_identificada,nao_classificado,nao_classificado,,
filesystem,arquivo,,Geohabitação/Bases do Gabinete - Adam/PAR_BRASIL_POLIGONAIS/PAR_BRASIL_POLIGONAIS.dbf,PAR_BRASIL_POLIGONAIS.dbf,.dbf,outro,4848787,2026-08-29T16:29:00+00:00,,nao_identificada,nao_classificado,nao_classificado,,
filesystem,arquivo,,Geohabitação/Bases do Gabinete - Adam/PAR_BRASIL_POLIGONAIS/PAR_BRASIL_POLIGONAIS.kml,PAR_BRASIL_POLIGONAIS.kml,.kml,outro,2595103,2026-08-29T16:29:00+00:00,,nao_identificada,nao_classificado,nao_classificado,,
filesystem,arquivo,,Geohabitação/Bases do Gabinete - Adam/PAR_BRASIL_POLIGONAIS/PAR_BRASIL_POLIGONAIS.prj,PAR_BRASIL_POLIGONAIS.prj,.prj,outro,145,2026-08-29T16:29:00+00:00,,nao_identificada,nao_classificado,nao_classificado,,
filesystem,arquivo,,Geohabitação/Bases do Gabinete - Adam/PAR_BRASIL_POLIGONAIS/PAR_BRASIL_POLIGONAIS.shp,PAR_BRASIL_POLIGONAIS.shp,.shp,outro,548536,2026-08-29T16:29:00+00:00,,nao_identificada,nao_classificado,nao_classificado,,
filesystem,arquivo,,Geohabitação/Bases do Gabinete - Adam/PAR_BRASIL_POLIGONAIS/PAR_BRASIL_POLIGONAIS.shx,PAR_BRASIL_POLIGONAIS.shx,.shx,outro,13820,2026-08-29T16:29:00+00:00,,nao_identificada,nao_classificado,nao_classificado,,
filesystem,arquivo,,Geohabitação/Bases do Gabinete - Adam/PAR_BRASIL_POLIGONAIS/PAR_BRASIL_POLIGONAIS_Tabela_de_Atributos_122022.xlsx,PAR_BRASIL_POLIGONAIS_Tabela_de_Atributos_122022.xlsx,.xlsx,dado_tabular_ou_serializado,223568,2026-08-29T16:29:00+00:00,,nao_identificada,nao_classificado,nao_classificado,Planilha1,
filesystem,arquivo,,Geohabitação/Bases do Gabinete - Adam/PAR_BRASIL_POLIGONAIS.zip,PAR_BRASIL_POLIGONAIS.zip,.zip,arquivo_compactado,1206323,2026-08-29T16:29:00+00:00,,nao_identificada,nao_classificado,nao_classificado,,
filesystem,arquivo,,Geohabitação/Bases do Gabinete - Adam/geohabitação_logo_verde.png,geohabitação_logo_verde.png,.png,outro,356914,2026-08-29T16:29:00+00:00,,nao_identificada,nao_classificado,nao_classificado,,
filesystem,pasta,,IBGE,IBGE,,pasta,,2026-08-29T13:27:52.544817+00:00,,nao_identificada,conjuntura,conjuntura,,
filesystem,arquivo,,IBGE/API_IBGE_Municipios_2026_01_05.csv,API_IBGE_Municipios_2026_01_05.csv,.csv,dado_tabular_ou_serializado,756692,2026-08-29T16:24:00+00:00,2026-01,nao_identificada,conjuntura,conjuntura,,
filesystem,arquivo,,IBGE/API_IBGE_Municipios_2026_01_12.csv,API_IBGE_Municipios_2026_01_12.csv,.csv,dado_tabular_ou_serializado,756692,2026-08-29T16:24:00+00:00,2026-01,nao_identificada,conjuntura,conjuntura,,
filesystem,arquivo,,IBGE/API_IBGE_Municipios_2026_01_19.csv,API_IBGE_Municipios_2026_01_19.csv,.csv,dado_tabular_ou_serializado,756692,2026-08-29T16:24:00+00:00,2026-01,nao_identificada,conjuntura,conjuntura,,
filesystem,arquivo,,IBGE/API_IBGE_Municipios_2026_01_26.csv,API_IBGE_Municipios_2026_01_26.csv,.csv,dado_tabular_ou_serializado,756692,2026-08-29T16:24:00+00:00,2026-01,nao_identificada,conjuntura,conjuntura,,
filesystem,arquivo,,IBGE/API_IBGE_Municipios_2026_02_02.csv,API_IBGE_Municipios_2026_02_02.csv,.csv,dado_tabular_ou_serializado,756692,2026-08-29T16:24:00+00:00,2026-02,nao_identificada,conjuntura,conjuntura,,
filesystem,arquivo,,IBGE/API_IBGE_Municipios_2026_02_09.csv,API_IBGE_Municipios_2026_02_09.csv,.csv,dado_tabular_ou_serializado,756692,2026-08-29T16:24:00+00:00,2026-02,nao_identificada,conjuntura,conjuntura,,
filesystem,arquivo,,IBGE/API_IBGE_Municipios_2026_02_16.csv,API_IBGE_Municipios_2026_02_16.csv,.csv,dado_tabular_ou_serializado,756692,2026-08-29T16:24:00+00:00,2026-02,nao_identificada,conjuntura,conjuntura,,
filesystem,arquivo,,IBGE/API_IBGE_Municipios_2026_02_21.csv,API_IBGE_Municipios_2026_02_21.csv,.csv,dado_tabular_ou_serializado,756692,2026-08-29T16:24:00+00:00,2026-02,nao_identificada,conjuntura,conjuntura,,
filesystem,arquivo,,IBGE/API_IBGE_Municipios_2026_02_23.csv,API_IBGE_Municipios_2026_02_23.csv,.csv,dado_tabular_ou_serializado,756692,2026-08-29T16:24:00+00:00,2026-02,nao_identificada,conjuntura,conjuntura,,
filesystem,arquivo,,IBGE/API_IBGE_Municipios_2026_03_02.csv,API_IBGE_Municipios_2026_03_02.csv,.csv,dado_tabular_ou_serializado,756692,2026-08-29T16:24:00+00:00,2026-03,nao_identificada,conjuntura,conjuntura,,
filesystem,arquivo,,IBGE/API_IBGE_Municipios_2026_03_09.csv,API_IBGE_Municipios_2026_03_09.csv,.csv,dado_tabular_ou_serializado,756692,2026-08-29T16:24:00+00:00,2026-03,nao_identificada,conjuntura,conjuntura,,
filesystem,arquivo,,IBGE/API_IBGE_Municipios_2026_03_16.csv,API_IBGE_Municipios_2026_03_16.csv,.csv,dado_tabular_ou_serializado,756702,2026-08-29T16:24:00+00:00,2026-03,nao_identificada,conjuntura,conjuntura,,
filesystem,arquivo,,IBGE/API_IBGE_Municipios_2026_04_06.csv,API_IBGE_Municipios_2026_04_06.csv,.csv,dado_tabular_ou_serializado,756702,2026-08-29T16:24:00+00:00,2026-04,nao_identificada,conjuntura,conjuntura,,
filesystem,arquivo,,IBGE/API_IBGE_Municipios_2026_04_13.csv,API_IBGE_Municipios_2026_04_13.csv,.csv,dado_tabular_ou_serializado,756702,2026-08-29T16:24:00+00:00,2026-04,nao_identificada,conjuntura,conjuntura,,
filesystem,arquivo,,IBGE/API_IBGE_Municipios_2026_06_29.csv,API_IBGE_Municipios_2026_06_29.csv,.csv,dado_tabular_ou_serializado,756702,2026-08-29T16:24:00+00:00,2026-06,nao_identificada,conjuntura,conjuntura,,
filesystem,arquivo,,IBGE/API_IBGE_Municipios_2026_07_06.csv,API_IBGE_Municipios_2026_07_06.csv,.csv,dado_tabular_ou_serializado,756702,2026-08-29T16:24:00+00:00,2026-07,nao_identificada,conjuntura,conjuntura,,
filesystem,arquivo,,IBGE/API_IBGE_Municipios_2026_08_03.csv,API_IBGE_Municipios_2026_08_03.csv,.csv,dado_tabular_ou_serializado,756702,2026-08-29T16:24:00+00:00,2026-08,nao_identificada,conjuntura,conjuntura,,
filesystem,arquivo,,IBGE/API_IBGE_Municipios_2026_08_24.csv,API_IBGE_Municipios_2026_08_24.csv,.csv,dado_tabular_ou_serializado,756702,2026-08-29T16:24:00+00:00,2026-08,nao_identificada,conjuntura,conjuntura,,
filesystem,arquivo,,IBGE/API_IBGE_Populacao_2026_01_05.csv,API_IBGE_Populacao_2026_01_05.csv,.csv,dado_tabular_ou_serializado,254902,2026-08-29T16:24:00+00:00,2026-01,nao_identificada,conjuntura,conjuntura,,
filesystem,arquivo,,IBGE/API_IBGE_Populacao_2026_01_12.csv,API_IBGE_Populacao_2026_01_12.csv,.csv,dado_tabular_ou_serializado,254902,2026-08-29T16:24:00+00:00,2026-01,nao_identificada,conjuntura,conjuntura,,
filesystem,arquivo,,IBGE/API_IBGE_Populacao_2026_01_19.csv,API_IBGE_Populacao_2026_01_19.csv,.csv,dado_tabular_ou_serializado,254903,2026-08-29T16:24:00+00:00,2026-01,nao_identificada,conjuntura,conjuntura,,
filesystem,arquivo,,IBGE/API_IBGE_Populacao_2026_01_26.csv,API_IBGE_Populacao_2026_01_26.csv,.csv,dado_tabular_ou_serializado,254903,2026-08-29T16:24:00+00:00,2026-01,nao_identificada,conjuntura,conjuntura,,
filesystem,arquivo,,IBGE/API_IBGE_Populacao_2026_02_02.csv,API_IBGE_Populacao_2026_02_02.csv,.csv,dado_tabular_ou_serializado,254903,2026-08-29T16:24:00+00:00,2026-02,nao_identificada,conjuntura,conjuntura,,
filesystem,arquivo,,IBGE/API_IBGE_Populacao_2026_02_09.csv,API_IBGE_Populacao_2026_02_09.csv,.csv,dado_tabular_ou_serializado,254903,2026-08-29T16:24:00+00:00,2026-02,nao_identificada,conjuntura,conjuntura,,
filesystem,arquivo,,IBGE/API_IBGE_Populacao_2026_02_16.csv,API_IBGE_Populacao_2026_02_16.csv,.csv,dado_tabular_ou_serializado,254903,2026-08-29T16:24:00+00:00,2026-02,nao_identificada,conjuntura,conjuntura,,
filesystem,arquivo,,IBGE/API_IBGE_Populacao_2026_02_21.csv,API_IBGE_Populacao_2026_02_21.csv,.csv,dado_tabular_ou_serializado,254903,2026-08-29T16:24:00+00:00,2026-02,nao_identificada,conjuntura,conjuntura,,
filesystem,arquivo,,IBGE/API_IBGE_Populacao_2026_02_23.csv,API_IBGE_Populacao_2026_02_23.csv,.csv,dado_tabular_ou_serializado,254903,2026-08-29T16:24:00+00:00,2026-02,nao_identificada,conjuntura,conjuntura,,
filesystem,arquivo,,IBGE/API_IBGE_Populacao_2026_03_02.csv,API_IBGE_Populacao_2026_03_02.csv,.csv,dado_tabular_ou_serializado,254903,2026-08-29T16:24:00+00:00,2026-03,nao_identificada,conjuntura,conjuntura,,
filesystem,arquivo,,IBGE/API_IBGE_Populacao_2026_03_09.csv,API_IBGE_Populacao_2026_03_09.csv,.csv,dado_tabular_ou_serializado,254903,2026-08-29T16:24:00+00:00,2026-03,nao_identificada,conjuntura,conjuntura,,
filesystem,arquivo,,IBGE/API_IBGE_Populacao_2026_03_16.csv,API_IBGE_Populacao_2026_03_16.csv,.csv,dado_tabular_ou_serializado,254903,2026-08-29T16:24:00+00:00,2026-03,nao_identificada,conjuntura,conjuntura,,
filesystem,arquivo,,IBGE/API_IBGE_Populacao_2026_04_06.csv,API_IBGE_Populacao_2026_04_06.csv,.csv,dado_tabular_ou_serializado,254903,2026-08-29T16:24:00+00:00,2026-04,nao_identificada,conjuntura,conjuntura,,
filesystem,arquivo,,IBGE/API_IBGE_Populacao_2026_04_13.csv,API_IBGE_Populacao_2026_04_13.csv,.csv,dado_tabular_ou_serializado,254903,2026-08-29T16:24:00+00:00,2026-04,nao_identificada,conjuntura,conjuntura,,
filesystem,arquivo,,IBGE/API_IBGE_Populacao_2026_06_29.csv,API_IBGE_Populacao_2026_06_29.csv,.csv,dado_tabular_ou_serializado,254913,2026-08-29T16:24:00+00:00,2026-06,nao_identificada,conjuntura,conjuntura,,
filesystem,arquivo,,IBGE/API_IBGE_Populacao_2026_07_06.csv,API_IBGE_Populacao_2026_07_06.csv,.csv,dado_tabular_ou_serializado,254913,2026-08-29T16:24:00+00:00,2026-07,nao_identificada,conjuntura,conjuntura,,
filesystem,arquivo,,IBGE/API_IBGE_Populacao_2026_08_03.csv,API_IBGE_Populacao_2026_08_03.csv,.csv,dado_tabular_ou_serializado,254913,2026-08-29T16:24:00+00:00,2026-08,nao_identificada,conjuntura,conjuntura,,
filesystem,arquivo,,IBGE/API_IBGE_Populacao_2026_08_24.csv,API_IBGE_Populacao_2026_08_24.csv,.csv,dado_tabular_ou_serializado,254913,2026-08-29T16:24:00+00:00,2026-08,nao_identificada,conjuntura,conjuntura,,
filesystem,arquivo,,IBGE/API_IBGE_Regioes_2026_01_05.csv,API_IBGE_Regioes_2026_01_05.csv,.csv,dado_tabular_ou_serializado,80,2026-08-29T16:24:00+00:00,2026-01,nao_identificada,conjuntura,conjuntura,,
filesystem,arquivo,,IBGE/API_IBGE_Regioes_2026_01_12.csv,API_IBGE_Regioes_2026_01_12.csv,.csv,dado_tabular_ou_serializado,80,2026-08-29T16:24:00+00:00,2026-01,nao_identificada,conjuntura,conjuntura,,
filesystem,arquivo,,IBGE/API_IBGE_Regioes_2026_01_19.csv,API_IBGE_Regioes_2026_01_19.csv,.csv,dado_tabular_ou_serializado,80,2026-08-29T16:24:00+00:00,2026-01,nao_identificada,conjuntura,conjuntura,,
filesystem,arquivo,,IBGE/API_IBGE_Regioes_2026_01_26.csv,API_IBGE_Regioes_2026_01_26.csv,.csv,dado_tabular_ou_serializado,80,2026-08-29T16:24:00+00:00,2026-01,nao_identificada,conjuntura,conjuntura,,
filesystem,arquivo,,IBGE/API_IBGE_Regioes_2026_02_02.csv,API_IBGE_Regioes_2026_02_02.csv,.csv,dado_tabular_ou_serializado,80,2026-08-29T16:24:00+00:00,2026-02,nao_identificada,conjuntura,conjuntura,,
filesystem,arquivo,,IBGE/API_IBGE_Regioes_2026_02_09.csv,API_IBGE_Regioes_2026_02_09.csv,.csv,dado_tabular_ou_serializado,80,2026-08-29T16:24:00+00:00,2026-02,nao_identificada,conjuntura,conjuntura,,
filesystem,arquivo,,IBGE/API_IBGE_Regioes_2026_02_16.csv,API_IBGE_Regioes_2026_02_16.csv,.csv,dado_tabular_ou_serializado,80,2026-08-29T16:24:00+00:00,2026-02,nao_identificada,conjuntura,conjuntura,,
filesystem,arquivo,,IBGE/API_IBGE_Regioes_2026_02_21.csv,API_IBGE_Regioes_2026_02_21.csv,.csv,dado_tabular_ou_serializado,80,2026-08-29T16:24:00+00:00,2026-02,nao_identificada,conjuntura,conjuntura,,
filesystem,arquivo,,IBGE/API_IBGE_Regioes_2026_02_23.csv,API_IBGE_Regioes_2026_02_23.csv,.csv,dado_tabular_ou_serializado,80,2026-08-29T16:24:00+00:00,2026-02,nao_identificada,conjuntura,conjuntura,,
filesystem,arquivo,,IBGE/API_IBGE_Regioes_2026_03_02.csv,API_IBGE_Regioes_2026_03_02.csv,.csv,dado_tabular_ou_serializado,80,2026-08-29T16:24:00+00:00,2026-03,nao_identificada,conjuntura,conjuntura,,
filesystem,arquivo,,IBGE/API_IBGE_Regioes_2026_03_09.csv,API_IBGE_Regioes_2026_03_09.csv,.csv,dado_tabular_ou_serializado,80,2026-08-29T16:24:00+00:00,2026-03,nao_identificada,conjuntura,conjuntura,,
filesystem,arquivo,,IBGE/API_IBGE_Regioes_2026_03_16.csv,API_IBGE_Regioes_2026_03_16.csv,.csv,dado_tabular_ou_serializado,80,2026-08-29T16:24:00+00:00,2026-03,nao_identificada,conjuntura,conjuntura,,
filesystem,arquivo,,IBGE/API_IBGE_Regioes_2026_04_06.csv,API_IBGE_Regioes_2026_04_06.csv,.csv,dado_tabular_ou_serializado,80,2026-08-29T16:24:00+00:00,2026-04,nao_identificada,conjuntura,conjuntura,,
filesystem,arquivo,,IBGE/API_IBGE_Regioes_2026_04_13.csv,API_IBGE_Regioes_2026_04_13.csv,.csv,dado_tabular_ou_serializado,80,2026-08-29T16:24:00+00:00,2026-04,nao_identificada,conjuntura,conjuntura,,
filesystem,arquivo,,IBGE/API_IBGE_Regioes_2026_06_29.csv,API_IBGE_Regioes_2026_06_29.csv,.csv,dado_tabular_ou_serializado,80,2026-08-29T16:24:00+00:00,2026-06,nao_identificada,conjuntura,conjuntura,,
filesystem,arquivo,,IBGE/API_IBGE_Regioes_2026_07_06.csv,API_IBGE_Regioes_2026_07_06.csv,.csv,dado_tabular_ou_serializado,80,2026-08-29T16:24:00+00:00,2026-07,nao_identificada,conjuntura,conjuntura,,
filesystem,arquivo,,IBGE/API_IBGE_Regioes_2026_08_03.csv,API_IBGE_Regioes_2026_08_03.csv,.csv,dado_tabular_ou_serializado,80,2026-08-29T16:24:00+00:00,2026-08,nao_identificada,conjuntura,conjuntura,,
filesystem,arquivo,,IBGE/API_IBGE_Regioes_2026_08_24.csv,API_IBGE_Regioes_2026_08_24.csv,.csv,dado_tabular_ou_serializado,80,2026-08-29T16:24:00+00:00,2026-08,nao_identificada,conjuntura,conjuntura,,
filesystem,arquivo,,IBGE/API_IBGE_UF_2026_01_05.csv,API_IBGE_UF_2026_01_05.csv,.csv,dado_tabular_ou_serializado,850,2026-08-29T16:24:00+00:00,2026-01,nao_identificada,conjuntura,conjuntura,,
filesystem,arquivo,,IBGE/API_IBGE_UF_2026_01_12.csv,API_IBGE_UF_2026_01_12.csv,.csv,dado_tabular_ou_serializado,850,2026-08-29T16:24:00+00:00,2026-01,nao_identificada,conjuntura,conjuntura,,
filesystem,arquivo,,IBGE/API_IBGE_UF_2026_01_19.csv,API_IBGE_UF_2026_01_19.csv,.csv,dado_tabular_ou_serializado,850,2026-08-29T16:24:00+00:00,2026-01,nao_identificada,conjuntura,conjuntura,,
filesystem,arquivo,,IBGE/API_IBGE_UF_2026_01_26.csv,API_IBGE_UF_2026_01_26.csv,.csv,dado_tabular_ou_serializado,850,2026-08-29T16:24:00+00:00,2026-01,nao_identificada,conjuntura,conjuntura,,
filesystem,arquivo,,IBGE/API_IBGE_UF_2026_02_02.csv,API_IBGE_UF_2026_02_02.csv,.csv,dado_tabular_ou_serializado,850,2026-08-29T16:24:00+00:00,2026-02,nao_identificada,conjuntura,conjuntura,,
filesystem,arquivo,,IBGE/API_IBGE_UF_2026_02_09.csv,API_IBGE_UF_2026_02_09.csv,.csv,dado_tabular_ou_serializado,850,2026-08-29T16:24:00+00:00,2026-02,nao_identificada,conjuntura,conjuntura,,
filesystem,arquivo,,IBGE/API_IBGE_UF_2026_02_16.csv,API_IBGE_UF_2026_02_16.csv,.csv,dado_tabular_ou_serializado,850,2026-08-29T16:24:00+00:00,2026-02,nao_identificada,conjuntura,conjuntura,,
filesystem,arquivo,,IBGE/API_IBGE_UF_2026_02_21.csv,API_IBGE_UF_2026_02_21.csv,.csv,dado_tabular_ou_serializado,850,2026-08-29T16:24:00+00:00,2026-02,nao_identificada,conjuntura,conjuntura,,
filesystem,arquivo,,IBGE/API_IBGE_UF_2026_02_23.csv,API_IBGE_UF_2026_02_23.csv,.csv,dado_tabular_ou_serializado,850,2026-08-29T16:24:00+00:00,2026-02,nao_identificada,conjuntura,conjuntura,,
filesystem,arquivo,,IBGE/API_IBGE_UF_2026_03_02.csv,API_IBGE_UF_2026_03_02.csv,.csv,dado_tabular_ou_serializado,850,2026-08-29T16:24:00+00:00,2026-03,nao_identificada,conjuntura,conjuntura,,
filesystem,arquivo,,IBGE/API_IBGE_UF_2026_03_09.csv,API_IBGE_UF_2026_03_09.csv,.csv,dado_tabular_ou_serializado,850,2026-08-29T16:24:00+00:00,2026-03,nao_identificada,conjuntura,conjuntura,,
filesystem,arquivo,,IBGE/API_IBGE_UF_2026_03_16.csv,API_IBGE_UF_2026_03_16.csv,.csv,dado_tabular_ou_serializado,850,2026-08-29T16:24:00+00:00,2026-03,nao_identificada,conjuntura,conjuntura,,
filesystem,arquivo,,IBGE/API_IBGE_UF_2026_04_06.csv,API_IBGE_UF_2026_04_06.csv,.csv,dado_tabular_ou_serializado,850,2026-08-29T16:24:00+00:00,2026-04,nao_identificada,conjuntura,conjuntura,,
filesystem,arquivo,,IBGE/API_IBGE_UF_2026_04_13.csv,API_IBGE_UF_2026_04_13.csv,.csv,dado_tabular_ou_serializado,850,2026-08-29T16:24:00+00:00,2026-04,nao_identificada,conjuntura,conjuntura,,
filesystem,arquivo,,IBGE/API_IBGE_UF_2026_06_29.csv,API_IBGE_UF_2026_06_29.csv,.csv,dado_tabular_ou_serializado,850,2026-08-29T16:24:00+00:00,2026-06,nao_identificada,conjuntura,conjuntura,,
filesystem,arquivo,,IBGE/API_IBGE_UF_2026_07_06.csv,API_IBGE_UF_2026_07_06.csv,.csv,dado_tabular_ou_serializado,850,2026-08-29T16:24:00+00:00,2026-07,nao_identificada,conjuntura,conjuntura,,
filesystem,arquivo,,IBGE/API_IBGE_UF_2026_08_24.csv,API_IBGE_UF_2026_08_24.csv,.csv,dado_tabular_ou_serializado,850,2026-08-29T16:24:00+00:00,2026-08,nao_identificada,conjuntura,conjuntura,,
filesystem,pasta,,IBGE/Arquivados,Arquivados,,pasta,,2026-08-29T13:27:52.506611+00:00,,nao_identificada,conjuntura,conjuntura,,
filesystem,arquivo,,IBGE/Arquivados/API_IBGE_Municipios_2025_09_08.csv,API_IBGE_Municipios_2025_09_08.csv,.csv,dado_tabular_ou_serializado,734414,2026-08-29T16:24:00+00:00,2025-09,nao_identificada,conjuntura,conjuntura,,
filesystem,arquivo,,IBGE/Arquivados/API_IBGE_Municipios_2025_09_09.csv,API_IBGE_Municipios_2025_09_09.csv,.csv,dado_tabular_ou_serializado,756692,2026-08-29T16:24:00+00:00,2025-09,nao_identificada,conjuntura,conjuntura,,
filesystem,arquivo,,IBGE/Arquivados/API_IBGE_Municipios_2025_09_15.csv,API_IBGE_Municipios_2025_09_15.csv,.csv,dado_tabular_ou_serializado,756692,2026-08-29T16:24:00+00:00,2025-09,nao_identificada,conjuntura,conjuntura,,
filesystem,arquivo,,IBGE/Arquivados/API_IBGE_Municipios_2025_09_22.csv,API_IBGE_Municipios_2025_09_22.csv,.csv,dado_tabular_ou_serializado,756692,2026-08-29T16:24:00+00:00,2025-09,nao_identificada,conjuntura,conjuntura,,
filesystem,arquivo,,IBGE/Arquivados/API_IBGE_Municipios_2025_09_23.csv,API_IBGE_Municipios_2025_09_23.csv,.csv,dado_tabular_ou_serializado,756692,2026-08-29T16:24:00+00:00,2025-09,nao_identificada,conjuntura,conjuntura,,
filesystem,arquivo,,IBGE/Arquivados/API_IBGE_Municipios_2025_09_29.csv,API_IBGE_Municipios_2025_09_29.csv,.csv,dado_tabular_ou_serializado,756692,2026-08-29T16:24:00+00:00,2025-09,nao_identificada,conjuntura,conjuntura,,
filesystem,arquivo,,IBGE/Arquivados/API_IBGE_Municipios_2025_10_06.csv,API_IBGE_Municipios_2025_10_06.csv,.csv,dado_tabular_ou_serializado,756692,2026-08-29T16:24:00+00:00,2025-10,nao_identificada,conjuntura,conjuntura,,
filesystem,arquivo,,IBGE/Arquivados/API_IBGE_Municipios_2025_10_12.csv,API_IBGE_Municipios_2025_10_12.csv,.csv,dado_tabular_ou_serializado,756692,2026-08-29T16:24:00+00:00,2025-10,nao_identificada,conjuntura,conjuntura,,
filesystem,arquivo,,IBGE/Arquivados/API_IBGE_Municipios_2025_10_13.csv,API_IBGE_Municipios_2025_10_13.csv,.csv,dado_tabular_ou_serializado,756692,2026-08-29T16:24:00+00:00,2025-10,nao_identificada,conjuntura,conjuntura,,
filesystem,arquivo,,IBGE/Arquivados/API_IBGE_Municipios_2025_10_20.csv,API_IBGE_Municipios_2025_10_20.csv,.csv,dado_tabular_ou_serializado,756692,2026-08-29T16:24:00+00:00,2025-10,nao_identificada,conjuntura,conjuntura,,
filesystem,arquivo,,IBGE/Arquivados/API_IBGE_Municipios_2025_10_27.csv,API_IBGE_Municipios_2025_10_27.csv,.csv,dado_tabular_ou_serializado,756692,2026-08-29T16:24:00+00:00,2025-10,nao_identificada,conjuntura,conjuntura,,
filesystem,arquivo,,IBGE/Arquivados/API_IBGE_Municipios_2025_11_01.csv,API_IBGE_Municipios_2025_11_01.csv,.csv,dado_tabular_ou_serializado,756692,2026-08-29T16:24:00+00:00,2025-11,nao_identificada,conjuntura,conjuntura,,
filesystem,arquivo,,IBGE/Arquivados/API_IBGE_Municipios_2025_11_03.csv,API_IBGE_Municipios_2025_11_03.csv,.csv,dado_tabular_ou_serializado,756692,2026-08-29T16:24:00+00:00,2025-11,nao_identificada,conjuntura,conjuntura,,
filesystem,arquivo,,IBGE/Arquivados/API_IBGE_Municipios_2025_11_10.csv,API_IBGE_Municipios_2025_11_10.csv,.csv,dado_tabular_ou_serializado,756692,2026-08-29T16:24:00+00:00,2025-11,nao_identificada,conjuntura,conjuntura,,
filesystem,arquivo,,IBGE/Arquivados/API_IBGE_Municipios_2025_11_17.csv,API_IBGE_Municipios_2025_11_17.csv,.csv,dado_tabular_ou_serializado,756692,2026-08-29T16:24:00+00:00,2025-11,nao_identificada,conjuntura,conjuntura,,
filesystem,arquivo,,IBGE/Arquivados/API_IBGE_Municipios_2025_11_24 - cópia.csv,API_IBGE_Municipios_2025_11_24 - cópia.csv,.csv,dado_tabular_ou_serializado,756692,2026-08-29T16:24:00+00:00,2025-11,nao_identificada,conjuntura,conjuntura,,
filesystem,arquivo,,IBGE/Arquivados/API_IBGE_Municipios_2025_11_24.csv,API_IBGE_Municipios_2025_11_24.csv,.csv,dado_tabular_ou_serializado,756692,2026-08-29T16:24:00+00:00,2025-11,nao_identificada,conjuntura,conjuntura,,
filesystem,arquivo,,IBGE/Arquivados/API_IBGE_Municipios_2025_12_29.csv,API_IBGE_Municipios_2025_12_29.csv,.csv,dado_tabular_ou_serializado,756692,2026-08-29T16:24:00+00:00,2025-12,nao_identificada,conjuntura,conjuntura,,
filesystem,arquivo,,IBGE/Arquivados/API_IBGE_Populacao_2025_09_09.csv,API_IBGE_Populacao_2025_09_09.csv,.csv,dado_tabular_ou_serializado,176872,2026-08-29T16:24:00+00:00,2025-09,nao_identificada,conjuntura,conjuntura,,
filesystem,arquivo,,IBGE/Arquivados/API_IBGE_Populacao_2025_09_15.csv,API_IBGE_Populacao_2025_09_15.csv,.csv,dado_tabular_ou_serializado,176872,2026-08-29T16:24:00+00:00,2025-09,nao_identificada,conjuntura,conjuntura,,
filesystem,arquivo,,IBGE/Arquivados/API_IBGE_Populacao_2025_09_22.csv,API_IBGE_Populacao_2025_09_22.csv,.csv,dado_tabular_ou_serializado,176872,2026-08-29T16:24:00+00:00,2025-09,nao_identificada,conjuntura,conjuntura,,
filesystem,arquivo,,IBGE/Arquivados/API_IBGE_Populacao_2025_09_23.csv,API_IBGE_Populacao_2025_09_23.csv,.csv,dado_tabular_ou_serializado,176872,2026-08-29T16:24:00+00:00,2025-09,nao_identificada,conjuntura,conjuntura,,
filesystem,arquivo,,IBGE/Arquivados/API_IBGE_Populacao_2025_09_29.csv,API_IBGE_Populacao_2025_09_29.csv,.csv,dado_tabular_ou_serializado,176872,2026-08-29T16:24:00+00:00,2025-09,nao_identificada,conjuntura,conjuntura,,
filesystem,arquivo,,IBGE/Arquivados/API_IBGE_Populacao_2025_10_06.csv,API_IBGE_Populacao_2025_10_06.csv,.csv,dado_tabular_ou_serializado,176872,2026-08-29T16:24:00+00:00,2025-10,nao_identificada,conjuntura,conjuntura,,
filesystem,arquivo,,IBGE/Arquivados/API_IBGE_Populacao_2025_10_12.csv,API_IBGE_Populacao_2025_10_12.csv,.csv,dado_tabular_ou_serializado,176872,2026-08-29T16:24:00+00:00,2025-10,nao_identificada,conjuntura,conjuntura,,
filesystem,arquivo,,IBGE/Arquivados/API_IBGE_Populacao_2025_10_13.csv,API_IBGE_Populacao_2025_10_13.csv,.csv,dado_tabular_ou_serializado,176872,2026-08-29T16:24:00+00:00,2025-10,nao_identificada,conjuntura,conjuntura,,
filesystem,arquivo,,IBGE/Arquivados/API_IBGE_Populacao_2025_10_20.csv,API_IBGE_Populacao_2025_10_20.csv,.csv,dado_tabular_ou_serializado,176872,2026-08-29T16:24:00+00:00,2025-10,nao_identificada,conjuntura,conjuntura,,
filesystem,arquivo,,IBGE/Arquivados/API_IBGE_Populacao_2025_10_27.csv,API_IBGE_Populacao_2025_10_27.csv,.csv,dado_tabular_ou_serializado,176872,2026-08-29T16:24:00+00:00,2025-10,nao_identificada,conjuntura,conjuntura,,
filesystem,arquivo,,IBGE/Arquivados/API_IBGE_Populacao_2025_11_01.csv,API_IBGE_Populacao_2025_11_01.csv,.csv,dado_tabular_ou_serializado,254902,2026-08-29T16:24:00+00:00,2025-11,nao_identificada,conjuntura,conjuntura,,
filesystem,arquivo,,IBGE/Arquivados/API_IBGE_Populacao_2025_11_03.csv,API_IBGE_Populacao_2025_11_03.csv,.csv,dado_tabular_ou_serializado,254902,2026-08-29T16:24:00+00:00,2025-11,nao_identificada,conjuntura,conjuntura,,
filesystem,arquivo,,IBGE/Arquivados/API_IBGE_Populacao_2025_11_10.csv,API_IBGE_Populacao_2025_11_10.csv,.csv,dado_tabular_ou_serializado,254902,2026-08-29T16:24:00+00:00,2025-11,nao_identificada,conjuntura,conjuntura,,
filesystem,arquivo,,IBGE/Arquivados/API_IBGE_Populacao_2025_11_17.csv,API_IBGE_Populacao_2025_11_17.csv,.csv,dado_tabular_ou_serializado,254902,2026-08-29T16:24:00+00:00,2025-11,nao_identificada,conjuntura,conjuntura,,
filesystem,arquivo,,IBGE/Arquivados/API_IBGE_Populacao_2025_11_24 - cópia 2.csv,API_IBGE_Populacao_2025_11_24 - cópia 2.csv,.csv,dado_tabular_ou_serializado,254902,2026-08-29T16:24:00+00:00,2025-11,nao_identificada,conjuntura,conjuntura,,
filesystem,arquivo,,IBGE/Arquivados/API_IBGE_Populacao_2025_11_24 - cópia 3.csv,API_IBGE_Populacao_2025_11_24 - cópia 3.csv,.csv,dado_tabular_ou_serializado,254902,2026-08-29T16:24:00+00:00,2025-11,nao_identificada,conjuntura,conjuntura,,
filesystem,arquivo,,IBGE/Arquivados/API_IBGE_Populacao_2025_11_24 - cópia 4.csv,API_IBGE_Populacao_2025_11_24 - cópia 4.csv,.csv,dado_tabular_ou_serializado,254902,2026-08-29T16:24:00+00:00,2025-11,nao_identificada,conjuntura,conjuntura,,
filesystem,arquivo,,IBGE/Arquivados/API_IBGE_Populacao_2025_11_24 - cópia.csv,API_IBGE_Populacao_2025_11_24 - cópia.csv,.csv,dado_tabular_ou_serializado,254902,2026-08-29T16:24:00+00:00,2025-11,nao_identificada,conjuntura,conjuntura,,
filesystem,arquivo,,IBGE/Arquivados/API_IBGE_Populacao_2025_11_24.csv,API_IBGE_Populacao_2025_11_24.csv,.csv,dado_tabular_ou_serializado,254902,2026-08-29T16:24:00+00:00,2025-11,nao_identificada,conjuntura,conjuntura,,
filesystem,arquivo,,IBGE/Arquivados/API_IBGE_Populacao_2025_12_29.csv,API_IBGE_Populacao_2025_12_29.csv,.csv,dado_tabular_ou_serializado,254902,2026-08-29T16:24:00+00:00,2025-12,nao_identificada,conjuntura,conjuntura,,
filesystem,arquivo,,IBGE/Arquivados/API_IBGE_Regioes_2025_09_08.csv,API_IBGE_Regioes_2025_09_08.csv,.csv,dado_tabular_ou_serializado,80,2026-08-29T16:24:00+00:00,2025-09,nao_identificada,conjuntura,conjuntura,,
filesystem,arquivo,,IBGE/Arquivados/API_IBGE_Regioes_2025_09_09.csv,API_IBGE_Regioes_2025_09_09.csv,.csv,dado_tabular_ou_serializado,80,2026-08-29T16:24:00+00:00,2025-09,nao_identificada,conjuntura,conjuntura,,
filesystem,arquivo,,IBGE/Arquivados/API_IBGE_Regioes_2025_09_15.csv,API_IBGE_Regioes_2025_09_15.csv,.csv,dado_tabular_ou_serializado,80,2026-08-29T16:24:00+00:00,2025-09,nao_identificada,conjuntura,conjuntura,,
filesystem,arquivo,,IBGE/Arquivados/API_IBGE_Regioes_2025_09_22.csv,API_IBGE_Regioes_2025_09_22.csv,.csv,dado_tabular_ou_serializado,80,2026-08-29T16:24:00+00:00,2025-09,nao_identificada,conjuntura,conjuntura,,
filesystem,arquivo,,IBGE/Arquivados/API_IBGE_Regioes_2025_09_23.csv,API_IBGE_Regioes_2025_09_23.csv,.csv,dado_tabular_ou_serializado,80,2026-08-29T16:24:00+00:00,2025-09,nao_identificada,conjuntura,conjuntura,,
filesystem,arquivo,,IBGE/Arquivados/API_IBGE_Regioes_2025_09_29.csv,API_IBGE_Regioes_2025_09_29.csv,.csv,dado_tabular_ou_serializado,80,2026-08-29T16:24:00+00:00,2025-09,nao_identificada,conjuntura,conjuntura,,
filesystem,arquivo,,IBGE/Arquivados/API_IBGE_Regioes_2025_10_06.csv,API_IBGE_Regioes_2025_10_06.csv,.csv,dado_tabular_ou_serializado,80,2026-08-29T16:24:00+00:00,2025-10,nao_identificada,conjuntura,conjuntura,,
filesystem,arquivo,,IBGE/Arquivados/API_IBGE_Regioes_2025_10_12.csv,API_IBGE_Regioes_2025_10_12.csv,.csv,dado_tabular_ou_serializado,80,2026-08-29T16:24:00+00:00,2025-10,nao_identificada,conjuntura,conjuntura,,
filesystem,arquivo,,IBGE/Arquivados/API_IBGE_Regioes_2025_10_13.csv,API_IBGE_Regioes_2025_10_13.csv,.csv,dado_tabular_ou_serializado,80,2026-08-29T16:24:00+00:00,2025-10,nao_identificada,conjuntura,conjuntura,,
filesystem,arquivo,,IBGE/Arquivados/API_IBGE_Regioes_2025_10_20.csv,API_IBGE_Regioes_2025_10_20.csv,.csv,dado_tabular_ou_serializado,80,2026-08-29T16:24:00+00:00,2025-10,nao_identificada,conjuntura,conjuntura,,
filesystem,arquivo,,IBGE/Arquivados/API_IBGE_Regioes_2025_10_27.csv,API_IBGE_Regioes_2025_10_27.csv,.csv,dado_tabular_ou_serializado,80,2026-08-29T16:24:00+00:00,2025-10,nao_identificada,conjuntura,conjuntura,,
filesystem,arquivo,,IBGE/Arquivados/API_IBGE_Regioes_2025_11_01.csv,API_IBGE_Regioes_2025_11_01.csv,.csv,dado_tabular_ou_serializado,80,2026-08-29T16:24:00+00:00,2025-11,nao_identificada,conjuntura,conjuntura,,
filesystem,arquivo,,IBGE/Arquivados/API_IBGE_Regioes_2025_11_03.csv,API_IBGE_Regioes_2025_11_03.csv,.csv,dado_tabular_ou_serializado,80,2026-08-29T16:24:00+00:00,2025-11,nao_identificada,conjuntura,conjuntura,,
filesystem,arquivo,,IBGE/Arquivados/API_IBGE_Regioes_2025_11_10.csv,API_IBGE_Regioes_2025_11_10.csv,.csv,dado_tabular_ou_serializado,80,2026-08-29T16:24:00+00:00,2025-11,nao_identificada,conjuntura,conjuntura,,
filesystem,arquivo,,IBGE/Arquivados/API_IBGE_Regioes_2025_11_17.csv,API_IBGE_Regioes_2025_11_17.csv,.csv,dado_tabular_ou_serializado,80,2026-08-29T16:24:00+00:00,2025-11,nao_identificada,conjuntura,conjuntura,,
filesystem,arquivo,,IBGE/Arquivados/API_IBGE_Regioes_2025_11_24.csv,API_IBGE_Regioes_2025_11_24.csv,.csv,dado_tabular_ou_serializado,80,2026-08-29T16:24:00+00:00,2025-11,nao_identificada,conjuntura,conjuntura,,
filesystem,arquivo,,IBGE/Arquivados/API_IBGE_Regioes_2025_12_29.csv,API_IBGE_Regioes_2025_12_29.csv,.csv,dado_tabular_ou_serializado,80,2026-08-29T16:24:00+00:00,2025-12,nao_identificada,conjuntura,conjuntura,,
filesystem,arquivo,,IBGE/Arquivados/API_IBGE_UF_2025_09_08.csv,API_IBGE_UF_2025_09_08.csv,.csv,dado_tabular_ou_serializado,850,2026-08-29T16:24:00+00:00,2025-09,nao_identificada,conjuntura,conjuntura,,
filesystem,arquivo,,IBGE/Arquivados/API_IBGE_UF_2025_09_09.csv,API_IBGE_UF_2025_09_09.csv,.csv,dado_tabular_ou_serializado,850,2026-08-29T16:24:00+00:00,2025-09,nao_identificada,conjuntura,conjuntura,,
filesystem,arquivo,,IBGE/Arquivados/API_IBGE_UF_2025_09_15.csv,API_IBGE_UF_2025_09_15.csv,.csv,dado_tabular_ou_serializado,850,2026-08-29T16:24:00+00:00,2025-09,nao_identificada,conjuntura,conjuntura,,
filesystem,arquivo,,IBGE/Arquivados/API_IBGE_UF_2025_09_22.csv,API_IBGE_UF_2025_09_22.csv,.csv,dado_tabular_ou_serializado,850,2026-08-29T16:24:00+00:00,2025-09,nao_identificada,conjuntura,conjuntura,,
filesystem,arquivo,,IBGE/Arquivados/API_IBGE_UF_2025_09_23.csv,API_IBGE_UF_2025_09_23.csv,.csv,dado_tabular_ou_serializado,850,2026-08-29T16:24:00+00:00,2025-09,nao_identificada,conjuntura,conjuntura,,
filesystem,arquivo,,IBGE/Arquivados/API_IBGE_UF_2025_09_29.csv,API_IBGE_UF_2025_09_29.csv,.csv,dado_tabular_ou_serializado,850,2026-08-29T16:24:00+00:00,2025-09,nao_identificada,conjuntura,conjuntura,,
filesystem,arquivo,,IBGE/Arquivados/API_IBGE_UF_2025_10_06.csv,API_IBGE_UF_2025_10_06.csv,.csv,dado_tabular_ou_serializado,850,2026-08-29T16:24:00+00:00,2025-10,nao_identificada,conjuntura,conjuntura,,
filesystem,arquivo,,IBGE/Arquivados/API_IBGE_UF_2025_10_12.csv,API_IBGE_UF_2025_10_12.csv,.csv,dado_tabular_ou_serializado,850,2026-08-29T16:24:00+00:00,2025-10,nao_identificada,conjuntura,conjuntura,,
filesystem,arquivo,,IBGE/Arquivados/API_IBGE_UF_2025_10_13.csv,API_IBGE_UF_2025_10_13.csv,.csv,dado_tabular_ou_serializado,850,2026-08-29T16:24:00+00:00,2025-10,nao_identificada,conjuntura,conjuntura,,
filesystem,arquivo,,IBGE/Arquivados/API_IBGE_UF_2025_10_20.csv,API_IBGE_UF_2025_10_20.csv,.csv,dado_tabular_ou_serializado,850,2026-08-29T16:24:00+00:00,2025-10,nao_identificada,conjuntura,conjuntura,,
filesystem,arquivo,,IBGE/Arquivados/API_IBGE_UF_2025_10_27.csv,API_IBGE_UF_2025_10_27.csv,.csv,dado_tabular_ou_serializado,850,2026-08-29T16:24:00+00:00,2025-10,nao_identificada,conjuntura,conjuntura,,
filesystem,arquivo,,IBGE/Arquivados/API_IBGE_UF_2025_11_01.csv,API_IBGE_UF_2025_11_01.csv,.csv,dado_tabular_ou_serializado,850,2026-08-29T16:24:00+00:00,2025-11,nao_identificada,conjuntura,conjuntura,,
filesystem,arquivo,,IBGE/Arquivados/API_IBGE_UF_2025_11_03.csv,API_IBGE_UF_2025_11_03.csv,.csv,dado_tabular_ou_serializado,850,2026-08-29T16:24:00+00:00,2025-11,nao_identificada,conjuntura,conjuntura,,
filesystem,arquivo,,IBGE/Arquivados/API_IBGE_UF_2025_11_10.csv,API_IBGE_UF_2025_11_10.csv,.csv,dado_tabular_ou_serializado,850,2026-08-29T16:24:00+00:00,2025-11,nao_identificada,conjuntura,conjuntura,,
filesystem,arquivo,,IBGE/Arquivados/API_IBGE_UF_2025_11_17.csv,API_IBGE_UF_2025_11_17.csv,.csv,dado_tabular_ou_serializado,850,2026-08-29T16:24:00+00:00,2025-11,nao_identificada,conjuntura,conjuntura,,
filesystem,arquivo,,IBGE/Arquivados/API_IBGE_UF_2025_11_24.csv,API_IBGE_UF_2025_11_24.csv,.csv,dado_tabular_ou_serializado,850,2026-08-29T16:24:00+00:00,2025-11,nao_identificada,conjuntura,conjuntura,,
filesystem,arquivo,,IBGE/Arquivados/API_IBGE_UF_2025_12_29.csv,API_IBGE_UF_2025_12_29.csv,.csv,dado_tabular_ou_serializado,850,2026-08-29T16:24:00+00:00,2025-12,nao_identificada,conjuntura,conjuntura,,
filesystem,pasta,,Novo MCMV - FAR,Novo MCMV - FAR,,pasta,,2026-08-29T12:32:43.428893+00:00,,nao_identificada,mcmv_geral;far,far,,
filesystem,pasta,,Novo MCMV - FAR/Arquivados,Arquivados,,pasta,,2026-08-29T12:31:10.034175+00:00,,nao_identificada,mcmv_geral;far,far,,
filesystem,pasta,,Novo MCMV - FAR/Arquivados/Arquivo 2025 - Cad PJ,Arquivo 2025 - Cad PJ,,pasta,,2026-08-29T12:31:05.597396+00:00,,nao_identificada,mcmv_geral;far,far,,
filesystem,arquivo,,Novo MCMV - FAR/Arquivados/Arquivo 2025 - Cad PJ/MONIT_CAD_PJ_FAR_20250505_040201.csv,MONIT_CAD_PJ_FAR_20250505_040201.csv,.csv,dado_tabular_ou_serializado,2930,2026-08-29T15:23:00+00:00,2025-05,nao_identificada,mcmv_geral;far,far,,
filesystem,arquivo,,Novo MCMV - FAR/Arquivados/Arquivo 2025 - Cad PJ/MONIT_CAD_PJ_FAR_20250507_040108.csv,MONIT_CAD_PJ_FAR_20250507_040108.csv,.csv,dado_tabular_ou_serializado,1537,2026-08-29T15:23:00+00:00,2025-05,nao_identificada,mcmv_geral;far,far,,
filesystem,arquivo,,Novo MCMV - FAR/Arquivados/Arquivo 2025 - Cad PJ/MONIT_CAD_PJ_FAR_20250508_040104.csv,MONIT_CAD_PJ_FAR_20250508_040104.csv,.csv,dado_tabular_ou_serializado,1520,2026-08-29T15:23:00+00:00,2025-05,nao_identificada,mcmv_geral;far,far,,
filesystem,arquivo,,Novo MCMV - FAR/Arquivados/Arquivo 2025 - Cad PJ/MONIT_CAD_PJ_FAR_20250512_040113.csv,MONIT_CAD_PJ_FAR_20250512_040113.csv,.csv,dado_tabular_ou_serializado,2460,2026-08-29T15:23:00+00:00,2025-05,nao_identificada,mcmv_geral;far,far,,
filesystem,arquivo,,Novo MCMV - FAR/Arquivados/Arquivo 2025 - Cad PJ/MONIT_CAD_PJ_FAR_20250514_040110.csv,MONIT_CAD_PJ_FAR_20250514_040110.csv,.csv,dado_tabular_ou_serializado,3408,2026-08-29T15:23:00+00:00,2025-05,nao_identificada,mcmv_geral;far,far,,
filesystem,arquivo,,Novo MCMV - FAR/Arquivados/Arquivo 2025 - Cad PJ/MONIT_CAD_PJ_FAR_20250515_040114.csv,MONIT_CAD_PJ_FAR_20250515_040114.csv,.csv,dado_tabular_ou_serializado,2421,2026-08-29T15:23:00+00:00,2025-05,nao_identificada,mcmv_geral;far,far,,
filesystem,arquivo,,Novo MCMV - FAR/Arquivados/Arquivo 2025 - Cad PJ/MONIT_CAD_PJ_FAR_20250516_040109.csv,MONIT_CAD_PJ_FAR_20250516_040109.csv,.csv,dado_tabular_ou_serializado,2447,2026-08-29T15:23:00+00:00,2025-05,nao_identificada,mcmv_geral;far,far,,
filesystem,arquivo,,Novo MCMV - FAR/Arquivados/Arquivo 2025 - Cad PJ/MONIT_CAD_PJ_FAR_20250519_040111.csv,MONIT_CAD_PJ_FAR_20250519_040111.csv,.csv,dado_tabular_ou_serializado,4253,2026-08-29T15:23:00+00:00,2025-05,nao_identificada,mcmv_geral;far,far,,
filesystem,arquivo,,Novo MCMV - FAR/Arquivados/Arquivo 2025 - Cad PJ/MONIT_CAD_PJ_FAR_20250520_120000.csv,MONIT_CAD_PJ_FAR_20250520_120000.csv,.csv,dado_tabular_ou_serializado,410038,2026-08-29T15:23:00+00:00,2025-05,nao_identificada,mcmv_geral;far,far,,
filesystem,arquivo,,Novo MCMV - FAR/Arquivados/Arquivo 2025 - Cad PJ/MONIT_CAD_PJ_FAR_20250528_040109.csv,MONIT_CAD_PJ_FAR_20250528_040109.csv,.csv,dado_tabular_ou_serializado,3024,2026-08-29T15:23:00+00:00,2025-05,nao_identificada,mcmv_geral;far,far,,
filesystem,arquivo,,Novo MCMV - FAR/Arquivados/Arquivo 2025 - Cad PJ/MONIT_CAD_PJ_FAR_20250602_040119.csv,MONIT_CAD_PJ_FAR_20250602_040119.csv,.csv,dado_tabular_ou_serializado,3071,2026-08-29T15:23:00+00:00,2025-06,nao_identificada,mcmv_geral;far,far,,
filesystem,arquivo,,Novo MCMV - FAR/Arquivados/Arquivo 2025 - Cad PJ/MONIT_CAD_PJ_FAR_20250606_040112.csv,MONIT_CAD_PJ_FAR_20250606_040112.csv,.csv,dado_tabular_ou_serializado,2516,2026-08-29T15:23:00+00:00,2025-06,nao_identificada,mcmv_geral;far,far,,
filesystem,arquivo,,Novo MCMV - FAR/Arquivados/Arquivo 2025 - Cad PJ/MONIT_CAD_PJ_FAR_20250609_040113.csv,MONIT_CAD_PJ_FAR_20250609_040113.csv,.csv,dado_tabular_ou_serializado,3054,2026-08-29T15:23:00+00:00,2025-06,nao_identificada,mcmv_geral;far,far,,
filesystem,arquivo,,Novo MCMV - FAR/Arquivados/Arquivo 2025 - Cad PJ/MONIT_CAD_PJ_FAR_20250619_040110.csv,MONIT_CAD_PJ_FAR_20250619_040110.csv,.csv,dado_tabular_ou_serializado,3114,2026-08-29T15:23:00+00:00,2025-06,nao_identificada,mcmv_geral;far,far,,
filesystem,arquivo,,Novo MCMV - FAR/Arquivados/Arquivo 2025 - Cad PJ/MONIT_CAD_PJ_FAR_20250623_040110.csv,MONIT_CAD_PJ_FAR_20250623_040110.csv,.csv,dado_tabular_ou_serializado,3060,2026-08-29T15:23:00+00:00,2025-06,nao_identificada,mcmv_geral;far,far,,
filesystem,arquivo,,Novo MCMV - FAR/Arquivados/Arquivo 2025 - Cad PJ/MONIT_CAD_PJ_FAR_20250625_040108.csv,MONIT_CAD_PJ_FAR_20250625_040108.csv,.csv,dado_tabular_ou_serializado,3052,2026-08-29T15:23:00+00:00,2025-06,nao_identificada,mcmv_geral;far,far,,
filesystem,arquivo,,Novo MCMV - FAR/Arquivados/Arquivo 2025 - Cad PJ/MONIT_CAD_PJ_FAR_20250626_040114.csv,MONIT_CAD_PJ_FAR_20250626_040114.csv,.csv,dado_tabular_ou_serializado,2470,2026-08-29T15:23:00+00:00,2025-06,nao_identificada,mcmv_geral;far,far,,
filesystem,arquivo,,Novo MCMV - FAR/Arquivados/Arquivo 2025 - Cad PJ/MONIT_CAD_PJ_FAR_20250710_040119.csv,MONIT_CAD_PJ_FAR_20250710_040119.csv,.csv,dado_tabular_ou_serializado,3100,2026-08-29T15:23:00+00:00,2025-07,nao_identificada,mcmv_geral;far,far,,
filesystem,arquivo,,Novo MCMV - FAR/Arquivados/Arquivo 2025 - Cad PJ/MONIT_CAD_PJ_FAR_20250718_040119.csv,MONIT_CAD_PJ_FAR_20250718_040119.csv,.csv,dado_tabular_ou_serializado,2525,2026-08-29T15:23:00+00:00,2025-07,nao_identificada,mcmv_geral;far,far,,
filesystem,arquivo,,Novo MCMV - FAR/Arquivados/Arquivo 2025 - Cad PJ/MONIT_CAD_PJ_FAR_20250807_040132.csv,MONIT_CAD_PJ_FAR_20250807_040132.csv,.csv,dado_tabular_ou_serializado,3536,2026-08-29T15:23:00+00:00,2025-08,nao_identificada,mcmv_geral;far,far,,
filesystem,arquivo,,Novo MCMV - FAR/Arquivados/Arquivo 2025 - Cad PJ/MONIT_CAD_PJ_FAR_20250811_040131.csv,MONIT_CAD_PJ_FAR_20250811_040131.csv,.csv,dado_tabular_ou_serializado,2533,2026-08-29T15:23:00+00:00,2025-08,nao_identificada,mcmv_geral;far,far,,
filesystem,arquivo,,Novo MCMV - FAR/Arquivados/Arquivo 2025 - Cad PJ/MONIT_CAD_PJ_FAR_20250829_040346.csv,MONIT_CAD_PJ_FAR_20250829_040346.csv,.csv,dado_tabular_ou_serializado,2544,2026-08-29T15:23:00+00:00,2025-08,nao_identificada,mcmv_geral;far,far,,
filesystem,arquivo,,Novo MCMV - FAR/Arquivados/Arquivo 2025 - Cad PJ/MONIT_CAD_PJ_FAR_20251006_040142.csv,MONIT_CAD_PJ_FAR_20251006_040142.csv,.csv,dado_tabular_ou_serializado,3054,2026-08-29T15:23:00+00:00,2025-10,nao_identificada,mcmv_geral;far,far,,
filesystem,arquivo,,Novo MCMV - FAR/Arquivados/Arquivo 2025 - Cad PJ/MONIT_CAD_PJ_FAR_20251024_040214.csv,MONIT_CAD_PJ_FAR_20251024_040214.csv,.csv,dado_tabular_ou_serializado,4081,2026-08-29T15:23:00+00:00,2025-10,nao_identificada,mcmv_geral;far,far,,
filesystem,arquivo,,Novo MCMV - FAR/Arquivados/Arquivo 2025 - Cad PJ/MONIT_CAD_PJ_FAR_20251030_040145.csv,MONIT_CAD_PJ_FAR_20251030_040145.csv,.csv,dado_tabular_ou_serializado,2539,2026-08-29T15:23:00+00:00,2025-10,nao_identificada,mcmv_geral;far,far,,
filesystem,arquivo,,Novo MCMV - FAR/Arquivados/Arquivo 2025 - Cad PJ/MONIT_CAD_PJ_FAR_20251208_040948.csv,MONIT_CAD_PJ_FAR_20251208_040948.csv,.csv,dado_tabular_ou_serializado,2525,2026-08-29T15:23:00+00:00,2025-12,nao_identificada,mcmv_geral;far,far,,
filesystem,arquivo,,Novo MCMV - FAR/Arquivados/Arquivo 2025 - Cad PJ/MONIT_CAD_PJ_FAR_DIARIO_20251230_084744.CSV,MONIT_CAD_PJ_FAR_DIARIO_20251230_084744.CSV,.csv,dado_tabular_ou_serializado,553695,2026-08-29T15:23:00+00:00,2025-12,nao_identificada,mcmv_geral;far,far,,
filesystem,pasta,,Novo MCMV - FAR/Arquivados/Arquivo 2025 - Consolidado,Arquivo 2025 - Consolidado,,pasta,,2026-08-29T12:31:09.855620+00:00,,nao_identificada,mcmv_geral;far,far,,
filesystem,arquivo,,Novo MCMV - FAR/Arquivados/Arquivo 2025 - Consolidado/HIS_MCIDADES_CONSOLIDADO_20250312.csv,HIS_MCIDADES_CONSOLIDADO_20250312.csv,.csv,dado_tabular_ou_serializado,5613339,2026-08-29T15:23:00+00:00,2025-03,nao_identificada,mcmv_geral;far,far,,
filesystem,arquivo,,Novo MCMV - FAR/Arquivados/Arquivo 2025 - Consolidado/HIS_MCIDADES_CONSOLIDADO_20250312.txt,HIS_MCIDADES_CONSOLIDADO_20250312.txt,.txt,dado_tabular_ou_serializado,38276606,2026-08-29T15:23:00+00:00,2025-03,nao_identificada,mcmv_geral;far,far,,
filesystem,arquivo,,Novo MCMV - FAR/Arquivados/Arquivo 2025 - Consolidado/HIS_MCIDADES_CONSOLIDADO_20250324.csv,HIS_MCIDADES_CONSOLIDADO_20250324.csv,.csv,dado_tabular_ou_serializado,5662844,2026-08-29T15:23:00+00:00,2025-03,nao_identificada,mcmv_geral;far,far,,
filesystem,arquivo,,Novo MCMV - FAR/Arquivados/Arquivo 2025 - Consolidado/HIS_MCIDADES_CONSOLIDADO_20250324.txt,HIS_MCIDADES_CONSOLIDADO_20250324.txt,.txt,dado_tabular_ou_serializado,38639694,2026-08-29T15:23:00+00:00,2025-03,nao_identificada,mcmv_geral;far,far,,
filesystem,arquivo,,Novo MCMV - FAR/Arquivados/Arquivo 2025 - Consolidado/HIS_MCIDADES_CONSOLIDADO_20250401.csv,HIS_MCIDADES_CONSOLIDADO_20250401.csv,.csv,dado_tabular_ou_serializado,5662715,2026-08-29T15:23:00+00:00,2025-04,nao_identificada,mcmv_geral;far,far,,
filesystem,arquivo,,Novo MCMV - FAR/Arquivados/Arquivo 2025 - Consolidado/HIS_MCIDADES_CONSOLIDADO_20250401.txt,HIS_MCIDADES_CONSOLIDADO_20250401.txt,.txt,dado_tabular_ou_serializado,38639688,2026-08-29T15:23:00+00:00,2025-04,nao_identificada,mcmv_geral;far,far,,
filesystem,arquivo,,Novo MCMV - FAR/Arquivados/Arquivo 2025 - Consolidado/HIS_MCIDADES_CONSOLIDADO_20250407.csv,HIS_MCIDADES_CONSOLIDADO_20250407.csv,.csv,dado_tabular_ou_serializado,5663350,2026-08-29T15:23:00+00:00,2025-04,nao_identificada,mcmv_geral;far,far,,
filesystem,arquivo,,Novo MCMV - FAR/Arquivados/Arquivo 2025 - Consolidado/HIS_MCIDADES_CONSOLIDADO_20250407.txt,HIS_MCIDADES_CONSOLIDADO_20250407.txt,.txt,dado_tabular_ou_serializado,38639689,2026-08-29T15:23:00+00:00,2025-04,nao_identificada,mcmv_geral;far,far,,
filesystem,arquivo,,Novo MCMV - FAR/Arquivados/Arquivo 2025 - Consolidado/HIS_MCIDADES_CONSOLIDADO_20250414.csv,HIS_MCIDADES_CONSOLIDADO_20250414.csv,.csv,dado_tabular_ou_serializado,5664300,2026-08-29T15:23:00+00:00,2025-04,nao_identificada,mcmv_geral;far,far,,
filesystem,arquivo,,Novo MCMV - FAR/Arquivados/Arquivo 2025 - Consolidado/HIS_MCIDADES_CONSOLIDADO_20250414.txt,HIS_MCIDADES_CONSOLIDADO_20250414.txt,.txt,dado_tabular_ou_serializado,38639689,2026-08-29T15:23:00+00:00,2025-04,nao_identificada,mcmv_geral;far,far,,
filesystem,arquivo,,Novo MCMV - FAR/Arquivados/Arquivo 2025 - Consolidado/HIS_MCIDADES_CONSOLIDADO_20250422.csv,HIS_MCIDADES_CONSOLIDADO_20250422.csv,.csv,dado_tabular_ou_serializado,5921013,2026-08-29T15:23:00+00:00,2025-04,nao_identificada,mcmv_geral;far,far,,
filesystem,arquivo,,Novo MCMV - FAR/Arquivados/Arquivo 2025 - Consolidado/HIS_MCIDADES_CONSOLIDADO_20250422.txt,HIS_MCIDADES_CONSOLIDADO_20250422.txt,.txt,dado_tabular_ou_serializado,40612238,2026-08-29T15:23:00+00:00,2025-04,nao_identificada,mcmv_geral;far,far,,
filesystem,arquivo,,Novo MCMV - FAR/Arquivados/Arquivo 2025 - Consolidado/HIS_MCIDADES_CONSOLIDADO_20250428.csv,HIS_MCIDADES_CONSOLIDADO_20250428.csv,.csv,dado_tabular_ou_serializado,5924841,2026-08-29T15:23:00+00:00,2025-04,nao_identificada,mcmv_geral;far,far,,
filesystem,arquivo,,Novo MCMV - FAR/Arquivados/Arquivo 2025 - Consolidado/HIS_MCIDADES_CONSOLIDADO_20250428.txt,HIS_MCIDADES_CONSOLIDADO_20250428.txt,.txt,dado_tabular_ou_serializado,40633224,2026-08-29T15:23:00+00:00,2025-04,nao_identificada,mcmv_geral;far,far,,
filesystem,arquivo,,Novo MCMV - FAR/Arquivados/Arquivo 2025 - Consolidado/HIS_MCIDADES_CONSOLIDADO_20250520.csv,HIS_MCIDADES_CONSOLIDADO_20250520.csv,.csv,dado_tabular_ou_serializado,5937361,2026-08-29T15:23:00+00:00,2025-05,nao_identificada,mcmv_geral;far,far,,
filesystem,arquivo,,Novo MCMV - FAR/Arquivados/Arquivo 2025 - Consolidado/HIS_MCIDADES_CONSOLIDADO_20250520.txt,HIS_MCIDADES_CONSOLIDADO_20250520.txt,.txt,dado_tabular_ou_serializado,40685613,2026-08-29T15:23:00+00:00,2025-05,nao_identificada,mcmv_geral;far,far,,
filesystem,arquivo,,Novo MCMV - FAR/Arquivados/Arquivo 2025 - Consolidado/HIS_MCIDADES_CONSOLIDADO_20250526.csv,HIS_MCIDADES_CONSOLIDADO_20250526.csv,.csv,dado_tabular_ou_serializado,5939587,2026-08-29T15:23:00+00:00,2025-05,nao_identificada,mcmv_geral;far,far,,
filesystem,arquivo,,Novo MCMV - FAR/Arquivados/Arquivo 2025 - Consolidado/HIS_MCIDADES_CONSOLIDADO_20250526.txt,HIS_MCIDADES_CONSOLIDADO_20250526.txt,.txt,dado_tabular_ou_serializado,40685620,2026-08-29T15:23:00+00:00,2025-05,nao_identificada,mcmv_geral;far,far,,
filesystem,arquivo,,Novo MCMV - FAR/Arquivados/Arquivo 2025 - Consolidado/HIS_MCIDADES_CONSOLIDADO_20250602.csv,HIS_MCIDADES_CONSOLIDADO_20250602.csv,.csv,dado_tabular_ou_serializado,5939510,2026-08-29T15:24:00+00:00,2025-06,nao_identificada,mcmv_geral;far,far,,
filesystem,arquivo,,Novo MCMV - FAR/Arquivados/Arquivo 2025 - Consolidado/HIS_MCIDADES_CONSOLIDADO_20250602.txt,HIS_MCIDADES_CONSOLIDADO_20250602.txt,.txt,dado_tabular_ou_serializado,40685620,2026-08-29T15:24:00+00:00,2025-06,nao_identificada,mcmv_geral;far,far,,
filesystem,arquivo,,Novo MCMV - FAR/Arquivados/Arquivo 2025 - Consolidado/HIS_MCIDADES_CONSOLIDADO_20250609.csv,HIS_MCIDADES_CONSOLIDADO_20250609.csv,.csv,dado_tabular_ou_serializado,6267569,2026-08-29T15:24:00+00:00,2025-06,nao_identificada,mcmv_geral;far,far,,
filesystem,arquivo,,Novo MCMV - FAR/Arquivados/Arquivo 2025 - Consolidado/HIS_MCIDADES_CONSOLIDADO_20250609.txt,HIS_MCIDADES_CONSOLIDADO_20250609.txt,.txt,dado_tabular_ou_serializado,43199471,2026-08-29T15:24:00+00:00,2025-06,nao_identificada,mcmv_geral;far,far,,
filesystem,arquivo,,Novo MCMV - FAR/Arquivados/Arquivo 2025 - Consolidado/HIS_MCIDADES_CONSOLIDADO_20250616.csv,HIS_MCIDADES_CONSOLIDADO_20250616.csv,.csv,dado_tabular_ou_serializado,6370422,2026-08-29T15:24:00+00:00,2025-06,nao_identificada,mcmv_geral;far,far,,
filesystem,arquivo,,Novo MCMV - FAR/Arquivados/Arquivo 2025 - Consolidado/HIS_MCIDADES_CONSOLIDADO_20250616.txt,HIS_MCIDADES_CONSOLIDADO_20250616.txt,.txt,dado_tabular_ou_serializado,44044360,2026-08-29T15:24:00+00:00,2025-06,nao_identificada,mcmv_geral;far,far,,
filesystem,arquivo,,Novo MCMV - FAR/Arquivados/Arquivo 2025 - Consolidado/HIS_MCIDADES_CONSOLIDADO_20250623.csv,HIS_MCIDADES_CONSOLIDADO_20250623.csv,.csv,dado_tabular_ou_serializado,6435269,2026-08-29T15:24:00+00:00,2025-06,nao_identificada,mcmv_geral;far,far,,
filesystem,arquivo,,Novo MCMV - FAR/Arquivados/Arquivo 2025 - Consolidado/HIS_MCIDADES_CONSOLIDADO_20250623.txt,HIS_MCIDADES_CONSOLIDADO_20250623.txt,.txt,dado_tabular_ou_serializado,44536655,2026-08-29T15:24:00+00:00,2025-06,nao_identificada,mcmv_geral;far,far,,
filesystem,arquivo,,Novo MCMV - FAR/Arquivados/Arquivo 2025 - Consolidado/HIS_MCIDADES_CONSOLIDADO_20250630.csv,HIS_MCIDADES_CONSOLIDADO_20250630.csv,.csv,dado_tabular_ou_serializado,6601391,2026-08-29T15:24:00+00:00,2025-06,nao_identificada,mcmv_geral;far,far,,
filesystem,arquivo,,Novo MCMV - FAR/Arquivados/Arquivo 2025 - Consolidado/HIS_MCIDADES_CONSOLIDADO_20250630.txt,HIS_MCIDADES_CONSOLIDADO_20250630.txt,.txt,dado_tabular_ou_serializado,45804013,2026-08-29T15:24:00+00:00,2025-06,nao_identificada,mcmv_geral;far,far,,
filesystem,arquivo,,Novo MCMV - FAR/Arquivados/Arquivo 2025 - Consolidado/HIS_MCIDADES_CONSOLIDADO_20250707.csv,HIS_MCIDADES_CONSOLIDADO_20250707.csv,.csv,dado_tabular_ou_serializado,6696999,2026-08-29T15:24:00+00:00,2025-07,nao_identificada,mcmv_geral;far,far,,
filesystem,arquivo,,Novo MCMV - FAR/Arquivados/Arquivo 2025 - Consolidado/HIS_MCIDADES_CONSOLIDADO_20250707.txt,HIS_MCIDADES_CONSOLIDADO_20250707.txt,.txt,dado_tabular_ou_serializado,46537108,2026-08-29T15:24:00+00:00,2025-07,nao_identificada,mcmv_geral;far,far,,
filesystem,arquivo,,Novo MCMV - FAR/Arquivados/Arquivo 2025 - Consolidado/HIS_MCIDADES_CONSOLIDADO_20250714.csv,HIS_MCIDADES_CONSOLIDADO_20250714.csv,.csv,dado_tabular_ou_serializado,6766334,2026-08-29T15:24:00+00:00,2025-07,nao_identificada,mcmv_geral;far,far,,
filesystem,arquivo,,Novo MCMV - FAR/Arquivados/Arquivo 2025 - Consolidado/HIS_MCIDADES_CONSOLIDADO_20250714.txt,HIS_MCIDADES_CONSOLIDADO_20250714.txt,.txt,dado_tabular_ou_serializado,47071254,2026-08-29T15:24:00+00:00,2025-07,nao_identificada,mcmv_geral;far,far,,
filesystem,arquivo,,Novo MCMV - FAR/Arquivados/Arquivo 2025 - Consolidado/HIS_MCIDADES_CONSOLIDADO_20250721.csv,HIS_MCIDADES_CONSOLIDADO_20250721.csv,.csv,dado_tabular_ou_serializado,6823341,2026-08-29T15:24:00+00:00,2025-07,nao_identificada,mcmv_geral;far,far,,
filesystem,arquivo,,Novo MCMV - FAR/Arquivados/Arquivo 2025 - Consolidado/HIS_MCIDADES_CONSOLIDADO_20250721.txt,HIS_MCIDADES_CONSOLIDADO_20250721.txt,.txt,dado_tabular_ou_serializado,47507660,2026-08-29T15:24:00+00:00,2025-07,nao_identificada,mcmv_geral;far,far,,
filesystem,arquivo,,Novo MCMV - FAR/Arquivados/Arquivo 2025 - Consolidado/HIS_MCIDADES_CONSOLIDADO_20250728.csv,HIS_MCIDADES_CONSOLIDADO_20250728.csv,.csv,dado_tabular_ou_serializado,6861742,2026-08-29T15:24:00+00:00,2025-07,nao_identificada,mcmv_geral;far,far,,
filesystem,arquivo,,Novo MCMV - FAR/Arquivados/Arquivo 2025 - Consolidado/HIS_MCIDADES_CONSOLIDADO_20250728.txt,HIS_MCIDADES_CONSOLIDADO_20250728.txt,.txt,dado_tabular_ou_serializado,47881271,2026-08-29T15:24:00+00:00,2025-07,nao_identificada,mcmv_geral;far,far,,
filesystem,arquivo,,Novo MCMV - FAR/Arquivados/Arquivo 2025 - Consolidado/HIS_MCIDADES_CONSOLIDADO_20250804.csv,HIS_MCIDADES_CONSOLIDADO_20250804.csv,.csv,dado_tabular_ou_serializado,6924244,2026-08-29T15:24:00+00:00,2025-08,nao_identificada,mcmv_geral;far,far,,
filesystem,arquivo,,Novo MCMV - FAR/Arquivados/Arquivo 2025 - Consolidado/HIS_MCIDADES_CONSOLIDADO_20250804.txt,HIS_MCIDADES_CONSOLIDADO_20250804.txt,.txt,dado_tabular_ou_serializado,48289773,2026-08-29T15:24:00+00:00,2025-08,nao_identificada,mcmv_geral;far,far,,
filesystem,arquivo,,Novo MCMV - FAR/Arquivados/Arquivo 2025 - Consolidado/HIS_MCIDADES_CONSOLIDADO_20250811.csv,HIS_MCIDADES_CONSOLIDADO_20250811.csv,.csv,dado_tabular_ou_serializado,6969056,2026-08-29T15:24:00+00:00,2025-08,nao_identificada,mcmv_geral;far,far,,
filesystem,arquivo,,Novo MCMV - FAR/Arquivados/Arquivo 2025 - Consolidado/HIS_MCIDADES_CONSOLIDADO_20250811.txt,HIS_MCIDADES_CONSOLIDADO_20250811.txt,.txt,dado_tabular_ou_serializado,48628463,2026-08-29T15:24:00+00:00,2025-08,nao_identificada,mcmv_geral;far,far,,
filesystem,arquivo,,Novo MCMV - FAR/Arquivados/Arquivo 2025 - Consolidado/HIS_MCIDADES_CONSOLIDADO_20250818.csv,HIS_MCIDADES_CONSOLIDADO_20250818.csv,.csv,dado_tabular_ou_serializado,7016042,2026-08-29T15:24:00+00:00,2025-08,nao_identificada,mcmv_geral;far,far,,
filesystem,arquivo,,Novo MCMV - FAR/Arquivados/Arquivo 2025 - Consolidado/HIS_MCIDADES_CONSOLIDADO_20250818.txt,HIS_MCIDADES_CONSOLIDADO_20250818.txt,.txt,dado_tabular_ou_serializado,48963587,2026-08-29T15:24:00+00:00,2025-08,nao_identificada,mcmv_geral;far,far,,
filesystem,arquivo,,Novo MCMV - FAR/Arquivados/Arquivo 2025 - Consolidado/HIS_MCIDADES_CONSOLIDADO_20250825.csv,HIS_MCIDADES_CONSOLIDADO_20250825.csv,.csv,dado_tabular_ou_serializado,7064904,2026-08-29T15:24:00+00:00,2025-08,nao_identificada,mcmv_geral;far,far,,
filesystem,arquivo,,Novo MCMV - FAR/Arquivados/Arquivo 2025 - Consolidado/HIS_MCIDADES_CONSOLIDADO_20250825.txt,HIS_MCIDADES_CONSOLIDADO_20250825.txt,.txt,dado_tabular_ou_serializado,49333704,2026-08-29T15:24:00+00:00,2025-08,nao_identificada,mcmv_geral;far,far,,
filesystem,arquivo,,Novo MCMV - FAR/Arquivados/Arquivo 2025 - Consolidado/HIS_MCIDADES_CONSOLIDADO_20250901.csv,HIS_MCIDADES_CONSOLIDADO_20250901.csv,.csv,dado_tabular_ou_serializado,7045305,2026-08-29T15:24:00+00:00,2025-09,nao_identificada,mcmv_geral;far,far,,
filesystem,arquivo,,Novo MCMV - FAR/Arquivados/Arquivo 2025 - Consolidado/HIS_MCIDADES_CONSOLIDADO_20250901.txt,HIS_MCIDADES_CONSOLIDADO_20250901.txt,.txt,dado_tabular_ou_serializado,49187102,2026-08-29T15:24:00+00:00,2025-09,nao_identificada,mcmv_geral;far,far,,
filesystem,arquivo,,Novo MCMV - FAR/Arquivados/Arquivo 2025 - Consolidado/HIS_MCIDADES_CONSOLIDADO_20250908.csv,HIS_MCIDADES_CONSOLIDADO_20250908.csv,.csv,dado_tabular_ou_serializado,7153684,2026-08-29T15:24:00+00:00,2025-09,nao_identificada,mcmv_geral;far,far,,
filesystem,arquivo,,Novo MCMV - FAR/Arquivados/Arquivo 2025 - Consolidado/HIS_MCIDADES_CONSOLIDADO_20250908.txt,HIS_MCIDADES_CONSOLIDADO_20250908.txt,.txt,dado_tabular_ou_serializado,50021532,2026-08-29T15:24:00+00:00,2025-09,nao_identificada,mcmv_geral;far,far,,
filesystem,arquivo,,Novo MCMV - FAR/Arquivados/Arquivo 2025 - Consolidado/HIS_MCIDADES_CONSOLIDADO_20250915.csv,HIS_MCIDADES_CONSOLIDADO_20250915.csv,.csv,dado_tabular_ou_serializado,7172881,2026-08-29T15:24:00+00:00,2025-09,nao_identificada,mcmv_geral;far,far,,
filesystem,arquivo,,Novo MCMV - FAR/Arquivados/Arquivo 2025 - Consolidado/HIS_MCIDADES_CONSOLIDADO_20250915.txt,HIS_MCIDADES_CONSOLIDADO_20250915.txt,.txt,dado_tabular_ou_serializado,50189149,2026-08-29T15:24:00+00:00,2025-09,nao_identificada,mcmv_geral;far,far,,
filesystem,arquivo,,Novo MCMV - FAR/Arquivados/Arquivo 2025 - Consolidado/HIS_MCIDADES_CONSOLIDADO_20250922.csv,HIS_MCIDADES_CONSOLIDADO_20250922.csv,.csv,dado_tabular_ou_serializado,7203802,2026-08-29T15:24:00+00:00,2025-09,nao_identificada,mcmv_geral;far,far,,
filesystem,arquivo,,Novo MCMV - FAR/Arquivados/Arquivo 2025 - Consolidado/HIS_MCIDADES_CONSOLIDADO_20250922.txt,HIS_MCIDADES_CONSOLIDADO_20250922.txt,.txt,dado_tabular_ou_serializado,50426601,2026-08-29T15:24:00+00:00,2025-09,nao_identificada,mcmv_geral;far,far,,
filesystem,arquivo,,Novo MCMV - FAR/Arquivados/Arquivo 2025 - Consolidado/HIS_MCIDADES_CONSOLIDADO_20250929.csv,HIS_MCIDADES_CONSOLIDADO_20250929.csv,.csv,dado_tabular_ou_serializado,7224390,2026-08-29T15:24:00+00:00,2025-09,nao_identificada,mcmv_geral;far,far,,
filesystem,arquivo,,Novo MCMV - FAR/Arquivados/Arquivo 2025 - Consolidado/HIS_MCIDADES_CONSOLIDADO_20250929.txt,HIS_MCIDADES_CONSOLIDADO_20250929.txt,.txt,dado_tabular_ou_serializado,50573245,2026-08-29T15:24:00+00:00,2025-09,nao_identificada,mcmv_geral;far,far,,
filesystem,arquivo,,Novo MCMV - FAR/Arquivados/Arquivo 2025 - Consolidado/HIS_MCIDADES_CONSOLIDADO_20251006.csv,HIS_MCIDADES_CONSOLIDADO_20251006.csv,.csv,dado_tabular_ou_serializado,7255542,2026-08-29T15:24:00+00:00,2025-10,nao_identificada,mcmv_geral;far,far,,
filesystem,arquivo,,Novo MCMV - FAR/Arquivados/Arquivo 2025 - Consolidado/HIS_MCIDADES_CONSOLIDADO_20251006.txt,HIS_MCIDADES_CONSOLIDADO_20251006.txt,.txt,dado_tabular_ou_serializado,50712902,2026-08-29T15:24:00+00:00,2025-10,nao_identificada,mcmv_geral;far,far,,
filesystem,arquivo,,Novo MCMV - FAR/Arquivados/Arquivo 2025 - Consolidado/HIS_MCIDADES_CONSOLIDADO_20251013.csv,HIS_MCIDADES_CONSOLIDADO_20251013.csv,.csv,dado_tabular_ou_serializado,7272315,2026-08-29T15:24:00+00:00,2025-10,nao_identificada,mcmv_geral;far,far,,
filesystem,arquivo,,Novo MCMV - FAR/Arquivados/Arquivo 2025 - Consolidado/HIS_MCIDADES_CONSOLIDADO_20251013.txt,HIS_MCIDADES_CONSOLIDADO_20251013.txt,.txt,dado_tabular_ou_serializado,50838622,2026-08-29T15:24:00+00:00,2025-10,nao_identificada,mcmv_geral;far,far,,
filesystem,arquivo,,Novo MCMV - FAR/Arquivados/Arquivo 2025 - Consolidado/HIS_MCIDADES_CONSOLIDADO_20251020.csv,HIS_MCIDADES_CONSOLIDADO_20251020.csv,.csv,dado_tabular_ou_serializado,7292387,2026-08-29T15:24:00+00:00,2025-10,nao_identificada,mcmv_geral;far,far,,
filesystem,arquivo,,Novo MCMV - FAR/Arquivados/Arquivo 2025 - Consolidado/HIS_MCIDADES_CONSOLIDADO_20251020.txt,HIS_MCIDADES_CONSOLIDADO_20251020.txt,.txt,dado_tabular_ou_serializado,50992196,2026-08-29T15:24:00+00:00,2025-10,nao_identificada,mcmv_geral;far,far,,
filesystem,arquivo,,Novo MCMV - FAR/Arquivados/Arquivo 2025 - Consolidado/HIS_MCIDADES_CONSOLIDADO_20251027.csv,HIS_MCIDADES_CONSOLIDADO_20251027.csv,.csv,dado_tabular_ou_serializado,7315538,2026-08-29T15:24:00+00:00,2025-10,nao_identificada,mcmv_geral;far,far,,
filesystem,arquivo,,Novo MCMV - FAR/Arquivados/Arquivo 2025 - Consolidado/HIS_MCIDADES_CONSOLIDADO_20251027.txt,HIS_MCIDADES_CONSOLIDADO_20251027.txt,.txt,dado_tabular_ou_serializado,51159814,2026-08-29T15:24:00+00:00,2025-10,nao_identificada,mcmv_geral;far,far,,
filesystem,arquivo,,Novo MCMV - FAR/Arquivados/Arquivo 2025 - Consolidado/HIS_MCIDADES_CONSOLIDADO_20251103.csv,HIS_MCIDADES_CONSOLIDADO_20251103.csv,.csv,dado_tabular_ou_serializado,7325343,2026-08-29T15:24:00+00:00,2025-11,nao_identificada,mcmv_geral;far,far,,
filesystem,arquivo,,Novo MCMV - FAR/Arquivados/Arquivo 2025 - Consolidado/HIS_MCIDADES_CONSOLIDADO_20251103.txt,HIS_MCIDADES_CONSOLIDADO_20251103.txt,.txt,dado_tabular_ou_serializado,51233137,2026-08-29T15:24:00+00:00,2025-11,nao_identificada,mcmv_geral;far,far,,
filesystem,arquivo,,Novo MCMV - FAR/Arquivados/Arquivo 2025 - Consolidado/HIS_MCIDADES_CONSOLIDADO_20251110.csv,HIS_MCIDADES_CONSOLIDADO_20251110.csv,.csv,dado_tabular_ou_serializado,7345669,2026-08-29T15:24:00+00:00,2025-11,nao_identificada,mcmv_geral;far,far,,
filesystem,arquivo,,Novo MCMV - FAR/Arquivados/Arquivo 2025 - Consolidado/HIS_MCIDADES_CONSOLIDADO_20251110.txt,HIS_MCIDADES_CONSOLIDADO_20251110.txt,.txt,dado_tabular_ou_serializado,51386754,2026-08-29T15:25:00+00:00,2025-11,nao_identificada,mcmv_geral;far,far,,
filesystem,arquivo,,Novo MCMV - FAR/Arquivados/Arquivo 2025 - Consolidado/HIS_MCIDADES_CONSOLIDADO_20251117.csv,HIS_MCIDADES_CONSOLIDADO_20251117.csv,.csv,dado_tabular_ou_serializado,7349066,2026-08-29T15:25:00+00:00,2025-11,nao_identificada,mcmv_geral;far,far,,
filesystem,arquivo,,Novo MCMV - FAR/Arquivados/Arquivo 2025 - Consolidado/HIS_MCIDADES_CONSOLIDADO_20251117.txt,HIS_MCIDADES_CONSOLIDADO_20251117.txt,.txt,dado_tabular_ou_serializado,51407697,2026-08-29T15:25:00+00:00,2025-11,nao_identificada,mcmv_geral;far,far,,
filesystem,arquivo,,Novo MCMV - FAR/Arquivados/Arquivo 2025 - Consolidado/HIS_MCIDADES_CONSOLIDADO_20251124.csv,HIS_MCIDADES_CONSOLIDADO_20251124.csv,.csv,dado_tabular_ou_serializado,7370616,2026-08-29T15:25:00+00:00,2025-11,nao_identificada,mcmv_geral;far,far,,
filesystem,arquivo,,Novo MCMV - FAR/Arquivados/Arquivo 2025 - Consolidado/HIS_MCIDADES_CONSOLIDADO_20251124.txt,HIS_MCIDADES_CONSOLIDADO_20251124.txt,.txt,dado_tabular_ou_serializado,51578776,2026-08-29T15:25:00+00:00,2025-11,nao_identificada,mcmv_geral;far,far,,
filesystem,arquivo,,Novo MCMV - FAR/Arquivados/Arquivo 2025 - Consolidado/HIS_MCIDADES_CONSOLIDADO_20251201.csv,HIS_MCIDADES_CONSOLIDADO_20251201.csv,.csv,dado_tabular_ou_serializado,7386583,2026-08-29T15:25:00+00:00,2025-12,nao_identificada,mcmv_geral;far,far,,
filesystem,arquivo,,Novo MCMV - FAR/Arquivados/Arquivo 2025 - Consolidado/HIS_MCIDADES_CONSOLIDADO_20251201.txt,HIS_MCIDADES_CONSOLIDADO_20251201.txt,.txt,dado_tabular_ou_serializado,51707959,2026-08-29T15:25:00+00:00,2025-12,nao_identificada,mcmv_geral;far,far,,
filesystem,arquivo,,Novo MCMV - FAR/Arquivados/Arquivo 2025 - Consolidado/HIS_MCIDADES_CONSOLIDADO_20251208.csv,HIS_MCIDADES_CONSOLIDADO_20251208.csv,.csv,dado_tabular_ou_serializado,7404181,2026-08-29T15:25:00+00:00,2025-12,nao_identificada,mcmv_geral;far,far,,
filesystem,arquivo,,Novo MCMV - FAR/Arquivados/Arquivo 2025 - Consolidado/HIS_MCIDADES_CONSOLIDADO_20251208.txt,HIS_MCIDADES_CONSOLIDADO_20251208.txt,.txt,dado_tabular_ou_serializado,51840667,2026-08-29T15:25:00+00:00,2025-12,nao_identificada,mcmv_geral;far,far,,
filesystem,arquivo,,Novo MCMV - FAR/Arquivados/Arquivo 2025 - Consolidado/HIS_MCIDADES_CONSOLIDADO_20251215.csv,HIS_MCIDADES_CONSOLIDADO_20251215.csv,.csv,dado_tabular_ou_serializado,7416300,2026-08-29T15:25:00+00:00,2025-12,nao_identificada,mcmv_geral;far,far,,
filesystem,arquivo,,Novo MCMV - FAR/Arquivados/Arquivo 2025 - Consolidado/HIS_MCIDADES_CONSOLIDADO_20251215.txt,HIS_MCIDADES_CONSOLIDADO_20251215.txt,.txt,dado_tabular_ou_serializado,51917486,2026-08-29T15:25:00+00:00,2025-12,nao_identificada,mcmv_geral;far,far,,
filesystem,arquivo,,Novo MCMV - FAR/Arquivados/Arquivo 2025 - Consolidado/HIS_MCIDADES_CONSOLIDADO_20251222.csv,HIS_MCIDADES_CONSOLIDADO_20251222.csv,.csv,dado_tabular_ou_serializado,7432314,2026-08-29T15:25:00+00:00,2025-12,nao_identificada,mcmv_geral;far,far,,
filesystem,arquivo,,Novo MCMV - FAR/Arquivados/Arquivo 2025 - Consolidado/HIS_MCIDADES_CONSOLIDADO_20251222.txt,HIS_MCIDADES_CONSOLIDADO_20251222.txt,.txt,dado_tabular_ou_serializado,52039691,2026-08-29T15:25:00+00:00,2025-12,nao_identificada,mcmv_geral;far,far,,
filesystem,arquivo,,Novo MCMV - FAR/Arquivados/Arquivo 2025 - Consolidado/HIS_MCIDADES_CONSOLIDADO_20251229.csv,HIS_MCIDADES_CONSOLIDADO_20251229.csv,.csv,dado_tabular_ou_serializado,7437711,2026-08-29T15:26:00+00:00,2025-12,nao_identificada,mcmv_geral;far,far,,
filesystem,arquivo,,Novo MCMV - FAR/Arquivados/Arquivo 2025 - Consolidado/HIS_MCIDADES_CONSOLIDADO_20251229.txt,HIS_MCIDADES_CONSOLIDADO_20251229.txt,.txt,dado_tabular_ou_serializado,52081585,2026-08-29T15:26:00+00:00,2025-12,nao_identificada,mcmv_geral;far,far,,
filesystem,arquivo,,Novo MCMV - FAR/Arquivados/Arquivo 2025 - Consolidado/HIS_MCIDADES_CONSOLIDADO_20260105.csv,HIS_MCIDADES_CONSOLIDADO_20260105.csv,.csv,dado_tabular_ou_serializado,7442826,2026-08-29T15:26:00+00:00,2026-01,nao_identificada,mcmv_geral;far,far,,
filesystem,arquivo,,Novo MCMV - FAR/Arquivados/Arquivo 2025 - Consolidado/HIS_MCIDADES_CONSOLIDADO_20260105.txt,HIS_MCIDADES_CONSOLIDADO_20260105.txt,.txt,dado_tabular_ou_serializado,52113010,2026-08-29T15:26:00+00:00,2026-01,nao_identificada,mcmv_geral;far,far,,
filesystem,arquivo,,Novo MCMV - FAR/Arquivados/Arquivo 2025 - Consolidado/HIS_MCIDADES_CONSOLIDADO_20260112.csv,HIS_MCIDADES_CONSOLIDADO_20260112.csv,.csv,dado_tabular_ou_serializado,7449945,2026-08-29T15:26:00+00:00,2026-01,nao_identificada,mcmv_geral;far,far,,
filesystem,arquivo,,Novo MCMV - FAR/Arquivados/Arquivo 2025 - Consolidado/HIS_MCIDADES_CONSOLIDADO_20260112.txt,HIS_MCIDADES_CONSOLIDADO_20260112.txt,.txt,dado_tabular_ou_serializado,52165384,2026-08-29T15:26:00+00:00,2026-01,nao_identificada,mcmv_geral;far,far,,
filesystem,arquivo,,Novo MCMV - FAR/Arquivados/Arquivo 2025 - Consolidado/HIS_MCIDADES_CONSOLIDADO_20260119.csv,HIS_MCIDADES_CONSOLIDADO_20260119.csv,.csv,dado_tabular_ou_serializado,7457291,2026-08-29T15:26:00+00:00,2026-01,nao_identificada,mcmv_geral;far,far,,
filesystem,arquivo,,Novo MCMV - FAR/Arquivados/Arquivo 2025 - Consolidado/HIS_MCIDADES_CONSOLIDADO_20260119.txt,HIS_MCIDADES_CONSOLIDADO_20260119.txt,.txt,dado_tabular_ou_serializado,52221261,2026-08-29T15:27:00+00:00,2026-01,nao_identificada,mcmv_geral;far,far,,
filesystem,arquivo,,Novo MCMV - FAR/Arquivados/Arquivo 2025 - Consolidado/HIS_MCIDADES_CONSOLIDADO_20260126.csv,HIS_MCIDADES_CONSOLIDADO_20260126.csv,.csv,dado_tabular_ou_serializado,7486628,2026-08-29T15:27:00+00:00,2026-01,nao_identificada,mcmv_geral;far,far,,
filesystem,arquivo,,Novo MCMV - FAR/Arquivados/Arquivo 2025 - Consolidado/HIS_MCIDADES_CONSOLIDADO_20260126.txt,HIS_MCIDADES_CONSOLIDADO_20260126.txt,.txt,dado_tabular_ou_serializado,52289073,2026-08-29T15:27:00+00:00,2026-01,nao_identificada,mcmv_geral;far,far,,
filesystem,arquivo,,Novo MCMV - FAR/Arquivados/Arquivo 2025 - Consolidado/HIS_MCIDADES_CONSOLIDADO_20260202.csv,HIS_MCIDADES_CONSOLIDADO_20260202.csv,.csv,dado_tabular_ou_serializado,7562424,2026-08-29T15:27:00+00:00,2026-02,nao_identificada,mcmv_geral;far,far,,
filesystem,arquivo,,Novo MCMV - FAR/Arquivados/Arquivo 2025 - Consolidado/HIS_MCIDADES_CONSOLIDADO_20260202.txt,HIS_MCIDADES_CONSOLIDADO_20260202.txt,.txt,dado_tabular_ou_serializado,52557667,2026-08-29T15:27:00+00:00,2026-02,nao_identificada,mcmv_geral;far,far,,
filesystem,pasta,,Novo MCMV - FAR/Arquivados/Arquivo 2025 - Contratação,Arquivo 2025 - Contratação,,pasta,,2026-08-29T12:31:09.969254+00:00,,nao_identificada,mcmv_geral;far,far,,
filesystem,arquivo,,Novo MCMV - FAR/Arquivados/Arquivo 2025 - Contratação/HIS_MCIDADES_CONTRATACAO_20250925_180004.csv,HIS_MCIDADES_CONTRATACAO_20250925_180004.csv,.csv,dado_tabular_ou_serializado,2753,2026-08-29T15:27:00+00:00,2025-09,nao_identificada,mcmv_geral;far,far,,
filesystem,arquivo,,Novo MCMV - FAR/Arquivados/Arquivo 2025 - Contratação/HIS_MCIDADES_CONTRATACAO_20250925_180004.txt,HIS_MCIDADES_CONTRATACAO_20250925_180004.txt,.txt,dado_tabular_ou_serializado,1504,2026-08-29T15:27:00+00:00,2025-09,nao_identificada,mcmv_geral;far,far,,
filesystem,arquivo,,Novo MCMV - FAR/Arquivados/Arquivo 2025 - Contratação/HIS_MCIDADES_CONTRATACAO_20251003_180005.csv,HIS_MCIDADES_CONTRATACAO_20251003_180005.csv,.csv,dado_tabular_ou_serializado,2603,2026-08-29T15:27:00+00:00,2025-10,nao_identificada,mcmv_geral;far,far,,
filesystem,arquivo,,Novo MCMV - FAR/Arquivados/Arquivo 2025 - Contratação/HIS_MCIDADES_CONTRATACAO_20251003_180005.txt,HIS_MCIDADES_CONTRATACAO_20251003_180005.txt,.txt,dado_tabular_ou_serializado,1509,2026-08-29T15:27:00+00:00,2025-10,nao_identificada,mcmv_geral;far,far,,
filesystem,arquivo,,Novo MCMV - FAR/Arquivados/Arquivo 2025 - Contratação/HIS_MCIDADES_CONTRATACAO_20251024_180102.csv,HIS_MCIDADES_CONTRATACAO_20251024_180102.csv,.csv,dado_tabular_ou_serializado,4106,2026-08-29T15:27:00+00:00,2025-10,nao_identificada,mcmv_geral;far,far,,
filesystem,arquivo,,Novo MCMV - FAR/Arquivados/Arquivo 2025 - Contratação/HIS_MCIDADES_CONTRATACAO_20251024_180102.txt,HIS_MCIDADES_CONTRATACAO_20251024_180102.txt,.txt,dado_tabular_ou_serializado,2899,2026-08-29T15:27:00+00:00,2025-10,nao_identificada,mcmv_geral;far,far,,
filesystem,arquivo,,Novo MCMV - FAR/Arquivados/Arquivo 2025 - Contratação/HIS_MCIDADES_CONTRATACAO_20251105_180023.csv,HIS_MCIDADES_CONTRATACAO_20251105_180023.csv,.csv,dado_tabular_ou_serializado,2736,2026-08-29T15:27:00+00:00,2025-11,nao_identificada,mcmv_geral;far,far,,
filesystem,arquivo,,Novo MCMV - FAR/Arquivados/Arquivo 2025 - Contratação/HIS_MCIDADES_CONTRATACAO_20251105_180023.txt,HIS_MCIDADES_CONTRATACAO_20251105_180023.txt,.txt,dado_tabular_ou_serializado,1505,2026-08-29T15:27:00+00:00,2025-11,nao_identificada,mcmv_geral;far,far,,
filesystem,arquivo,,Novo MCMV - FAR/Arquivados/Arquivo 2025 - Contratação/HIS_MCIDADES_CONTRATACAO_20251114_110035.csv,HIS_MCIDADES_CONTRATACAO_20251114_110035.csv,.csv,dado_tabular_ou_serializado,5413,2026-08-29T15:27:00+00:00,2025-11,nao_identificada,mcmv_geral;far,far,,
filesystem,arquivo,,Novo MCMV - FAR/Arquivados/Arquivo 2025 - Contratação/HIS_MCIDADES_CONTRATACAO_20251114_110035.txt,HIS_MCIDADES_CONTRATACAO_20251114_110035.txt,.txt,dado_tabular_ou_serializado,4290,2026-08-29T15:27:00+00:00,2025-11,nao_identificada,mcmv_geral;far,far,,
filesystem,arquivo,,Novo MCMV - FAR/Arquivados/Arquivo 2025 - Contratação/HIS_MCIDADES_CONTRATACAO_20251118_180045.csv,HIS_MCIDADES_CONTRATACAO_20251118_180045.csv,.csv,dado_tabular_ou_serializado,2512,2026-08-29T15:27:00+00:00,2025-11,nao_identificada,mcmv_geral;far,far,,
filesystem,arquivo,,Novo MCMV - FAR/Arquivados/Arquivo 2025 - Contratação/HIS_MCIDADES_CONTRATACAO_20251118_180045.txt,HIS_MCIDADES_CONTRATACAO_20251118_180045.txt,.txt,dado_tabular_ou_serializado,1507,2026-08-29T15:27:00+00:00,2025-11,nao_identificada,mcmv_geral;far,far,,
filesystem,arquivo,,Novo MCMV - FAR/Arquivados/Arquivo 2025 - Contratação/HIS_MCIDADES_CONTRATACAO_20251127_110022.csv,HIS_MCIDADES_CONTRATACAO_20251127_110022.csv,.csv,dado_tabular_ou_serializado,4211,2026-08-29T15:27:00+00:00,2025-11,nao_identificada,mcmv_geral;far,far,,
filesystem,arquivo,,Novo MCMV - FAR/Arquivados/Arquivo 2025 - Contratação/HIS_MCIDADES_CONTRATACAO_20251127_110022.txt,HIS_MCIDADES_CONTRATACAO_20251127_110022.txt,.txt,dado_tabular_ou_serializado,2904,2026-08-29T15:27:00+00:00,2025-11,nao_identificada,mcmv_geral;far,far,,
filesystem,arquivo,,Novo MCMV - FAR/Arquivados/Arquivo 2025 - Contratação/HIS_MCIDADES_CONTRATACAO_20251208_180027.csv,HIS_MCIDADES_CONTRATACAO_20251208_180027.csv,.csv,dado_tabular_ou_serializado,7214,2026-08-29T15:27:00+00:00,2025-12,nao_identificada,mcmv_geral;far,far,,
filesystem,arquivo,,Novo MCMV - FAR/Arquivados/Arquivo 2025 - Contratação/HIS_MCIDADES_CONTRATACAO_20251208_180027.txt,HIS_MCIDADES_CONTRATACAO_20251208_180027.txt,.txt,dado_tabular_ou_serializado,5686,2026-08-29T15:27:00+00:00,2025-12,nao_identificada,mcmv_geral;far,far,,
filesystem,arquivo,,Novo MCMV - FAR/Arquivados/Arquivo 2025 - Contratação/HIS_MCIDADES_CONTRATACAO_20251209_180040.csv,HIS_MCIDADES_CONTRATACAO_20251209_180040.csv,.csv,dado_tabular_ou_serializado,2607,2026-08-29T15:27:00+00:00,2025-12,nao_identificada,mcmv_geral;far,far,,
filesystem,arquivo,,Novo MCMV - FAR/Arquivados/Arquivo 2025 - Contratação/HIS_MCIDADES_CONTRATACAO_20251209_180040.txt,HIS_MCIDADES_CONTRATACAO_20251209_180040.txt,.txt,dado_tabular_ou_serializado,1505,2026-08-29T15:27:00+00:00,2025-12,nao_identificada,mcmv_geral;far,far,,
filesystem,arquivo,,Novo MCMV - FAR/Arquivados/Arquivo 2025 - Contratação/HIS_MCIDADES_CONTRATACAO_20251210_180006.csv,HIS_MCIDADES_CONTRATACAO_20251210_180006.csv,.csv,dado_tabular_ou_serializado,4108,2026-08-29T15:27:00+00:00,2025-12,nao_identificada,mcmv_geral;far,far,,
filesystem,arquivo,,Novo MCMV - FAR/Arquivados/Arquivo 2025 - Contratação/HIS_MCIDADES_CONTRATACAO_20251210_180006.txt,HIS_MCIDADES_CONTRATACAO_20251210_180006.txt,.txt,dado_tabular_ou_serializado,2898,2026-08-29T15:27:00+00:00,2025-12,nao_identificada,mcmv_geral;far,far,,
filesystem,arquivo,,Novo MCMV - FAR/Arquivados/Arquivo 2025 - Contratação/HIS_MCIDADES_CONTRATACAO_20251230_180003.csv,HIS_MCIDADES_CONTRATACAO_20251230_180003.csv,.csv,dado_tabular_ou_serializado,7353,2026-08-29T15:27:00+00:00,2025-12,nao_identificada,mcmv_geral;far,far,,
filesystem,arquivo,,Novo MCMV - FAR/Arquivados/Arquivo 2025 - Contratação/HIS_MCIDADES_CONTRATACAO_20251230_180003.txt,HIS_MCIDADES_CONTRATACAO_20251230_180003.txt,.txt,dado_tabular_ou_serializado,5695,2026-08-29T15:27:00+00:00,2025-12,nao_identificada,mcmv_geral;far,far,,
filesystem,arquivo,,Novo MCMV - FAR/Arquivados/Arquivo 2025 - Contratação/HIS_MCIDADES_CONTRATACAO_20260102_180004.csv,HIS_MCIDADES_CONTRATACAO_20260102_180004.csv,.csv,dado_tabular_ou_serializado,5582,2026-08-29T15:27:00+00:00,2026-01,nao_identificada,mcmv_geral;far,far,,
filesystem,arquivo,,Novo MCMV - FAR/Arquivados/Arquivo 2025 - Contratação/HIS_MCIDADES_CONTRATACAO_20260102_180004.txt,HIS_MCIDADES_CONTRATACAO_20260102_180004.txt,.txt,dado_tabular_ou_serializado,4295,2026-08-29T15:28:00+00:00,2026-01,nao_identificada,mcmv_geral;far,far,,
filesystem,arquivo,,Novo MCMV - FAR/Arquivados/Arquivo 2025 - Contratação/HIS_MCIDADES_CONTRATACAO_20260108_110004.csv,HIS_MCIDADES_CONTRATACAO_20260108_110004.csv,.csv,dado_tabular_ou_serializado,2602,2026-08-29T15:28:00+00:00,2026-01,nao_identificada,mcmv_geral;far,far,,
filesystem,arquivo,,Novo MCMV - FAR/Arquivados/Arquivo 2025 - Contratação/HIS_MCIDADES_CONTRATACAO_20260108_110004.txt,HIS_MCIDADES_CONTRATACAO_20260108_110004.txt,.txt,dado_tabular_ou_serializado,1507,2026-08-29T15:28:00+00:00,2026-01,nao_identificada,mcmv_geral;far,far,,
filesystem,arquivo,,Novo MCMV - FAR/Arquivados/Arquivo 2025 - Contratação/HIS_MCIDADES_CONTRATACAO_20260119_180003.csv,HIS_MCIDADES_CONTRATACAO_20260119_180003.csv,.csv,dado_tabular_ou_serializado,2512,2026-08-29T15:28:00+00:00,2026-01,nao_identificada,mcmv_geral;far,far,,
filesystem,arquivo,,Novo MCMV - FAR/Arquivados/Arquivo 2025 - Contratação/HIS_MCIDADES_CONTRATACAO_20260119_180003.txt,HIS_MCIDADES_CONTRATACAO_20260119_180003.txt,.txt,dado_tabular_ou_serializado,1507,2026-08-29T15:28:00+00:00,2026-01,nao_identificada,mcmv_geral;far,far,,
filesystem,arquivo,,Novo MCMV - FAR/Arquivados/Arquivo 2025 - Contratação/HIS_MCIDADES_CONTRATACAO_20260122_180003.csv,HIS_MCIDADES_CONTRATACAO_20260122_180003.csv,.csv,dado_tabular_ou_serializado,4203,2026-08-29T15:28:00+00:00,2026-01,nao_identificada,mcmv_geral;far,far,,
filesystem,arquivo,,Novo MCMV - FAR/Arquivados/Arquivo 2025 - Contratação/HIS_MCIDADES_CONTRATACAO_20260122_180003.txt,HIS_MCIDADES_CONTRATACAO_20260122_180003.txt,.txt,dado_tabular_ou_serializado,2907,2026-08-29T15:28:00+00:00,2026-01,nao_identificada,mcmv_geral;far,far,,
filesystem,arquivo,,Novo MCMV - FAR/Arquivados/Arquivo 2025 - Contratação/HIS_MCIDADES_CONTRATACAO_20260123_180006.csv,HIS_MCIDADES_CONTRATACAO_20260123_180006.csv,.csv,dado_tabular_ou_serializado,13879,2026-08-29T15:28:00+00:00,2026-01,nao_identificada,mcmv_geral;far,far,,
filesystem,arquivo,,Novo MCMV - FAR/Arquivados/Arquivo 2025 - Contratação/HIS_MCIDADES_CONTRATACAO_20260123_180006.txt,HIS_MCIDADES_CONTRATACAO_20260123_180006.txt,.txt,dado_tabular_ou_serializado,11297,2026-08-29T15:28:00+00:00,2026-01,nao_identificada,mcmv_geral;far,far,,
filesystem,pasta,,Novo MCMV - FAR/Arquivados/Arquivo 2025 - Enquadramento,Arquivo 2025 - Enquadramento,,pasta,,2026-08-29T12:31:09.986781+00:00,,nao_identificada,mcmv_geral;far,far,,
filesystem,arquivo,,Novo MCMV - FAR/Arquivados/Arquivo 2025 - Enquadramento/HIS_MCIDADES_ENQUADRAMENTO_20250312.csv,HIS_MCIDADES_ENQUADRAMENTO_20250312.csv,.csv,dado_tabular_ou_serializado,3815774,2026-08-29T15:28:00+00:00,2025-03,nao_identificada,mcmv_geral;far,far,,
filesystem,arquivo,,Novo MCMV - FAR/Arquivados/Arquivo 2025 - Enquadramento/HIS_MCIDADES_ENQUADRAMENTO_20250312.txt,HIS_MCIDADES_ENQUADRAMENTO_20250312.txt,.txt,dado_tabular_ou_serializado,3361975,2026-08-29T15:28:00+00:00,2025-03,nao_identificada,mcmv_geral;far,far,,
filesystem,arquivo,,Novo MCMV - FAR/Arquivados/Arquivo 2025 - Enquadramento/HIS_MCIDADES_ENQUADRAMENTO_20250902.csv,HIS_MCIDADES_ENQUADRAMENTO_20250902.csv,.csv,dado_tabular_ou_serializado,3907,2026-08-29T15:28:00+00:00,2025-09,nao_identificada,mcmv_geral;far,far,,
filesystem,arquivo,,Novo MCMV - FAR/Arquivados/Arquivo 2025 - Enquadramento/HIS_MCIDADES_ENQUADRAMENTO_20250902.txt,HIS_MCIDADES_ENQUADRAMENTO_20250902.txt,.txt,dado_tabular_ou_serializado,2621,2026-08-29T15:28:00+00:00,2025-09,nao_identificada,mcmv_geral;far,far,,
filesystem,pasta,,Novo MCMV - FAR/Arquivados/Arquivo 2025 - Financeiro,Arquivo 2025 - Financeiro,,pasta,,2026-08-29T12:31:10.032598+00:00,,nao_identificada,mcmv_geral;far,far,,
filesystem,arquivo,,Novo MCMV - FAR/Arquivados/Arquivo 2025 - Financeiro/MONIT_MOV_FINANC_FAR_20250505.csv,MONIT_MOV_FINANC_FAR_20250505.csv,.csv,dado_tabular_ou_serializado,138669,2026-08-29T15:28:00+00:00,2025-05,nao_identificada,mcmv_geral;far,far,,
filesystem,arquivo,,Novo MCMV - FAR/Arquivados/Arquivo 2025 - Financeiro/MONIT_MOV_FINANC_FAR_20250520.csv,MONIT_MOV_FINANC_FAR_20250520.csv,.csv,dado_tabular_ou_serializado,163398,2026-08-29T15:28:00+00:00,2025-05,nao_identificada,mcmv_geral;far,far,,
filesystem,arquivo,,Novo MCMV - FAR/Arquivados/Arquivo 2025 - Financeiro/MONIT_MOV_FINANC_FAR_DIARIO_20251230_103003.CSV,MONIT_MOV_FINANC_FAR_DIARIO_20251230_103003.CSV,.csv,dado_tabular_ou_serializado,2391,2026-08-29T15:28:00+00:00,2025-12,nao_identificada,mcmv_geral;far,far,,
filesystem,arquivo,,Novo MCMV - FAR/Arquivados/Arquivo 2025 - Financeiro/MONIT_MOV_FINANC_FAR_DIARIO_20251231_103003.CSV,MONIT_MOV_FINANC_FAR_DIARIO_20251231_103003.CSV,.csv,dado_tabular_ou_serializado,18180,2026-08-29T15:28:00+00:00,2025-12,nao_identificada,mcmv_geral;far,far,,
filesystem,arquivo,,Novo MCMV - FAR/Arquivados/Arquivo 2025 - Financeiro/MONIT_MOV_FINANC_FAR_MENSAL_202512_103003.CSV,MONIT_MOV_FINANC_FAR_MENSAL_202512_103003.CSV,.csv,dado_tabular_ou_serializado,1057515,2026-08-29T15:28:00+00:00,2025-12,nao_identificada,mcmv_geral;far,far,,
filesystem,arquivo,,Novo MCMV - FAR/Arquivados/Arquivo 2025 - Financeiro/MONIT_MOV_FINANC_FAR_MENSAL_202601_103004.CSV,MONIT_MOV_FINANC_FAR_MENSAL_202601_103004.CSV,.csv,dado_tabular_ou_serializado,1195221,2026-08-29T15:28:00+00:00,2026-01,nao_identificada,mcmv_geral;far,far,,
filesystem,arquivo,,Novo MCMV - FAR/Arquivados/Arquivo 2025 - Financeiro/MOV_FINANCEIRA_FAR_20250710_040128.csv,MOV_FINANCEIRA_FAR_20250710_040128.csv,.csv,dado_tabular_ou_serializado,266386,2026-08-29T15:28:00+00:00,2025-07,nao_identificada,mcmv_geral;far,far,,
filesystem,arquivo,,Novo MCMV - FAR/Arquivados/Arquivo 2025 - Financeiro/MOV_FINANCEIRA_FAR_20250711_040126.csv,MOV_FINANCEIRA_FAR_20250711_040126.csv,.csv,dado_tabular_ou_serializado,3348,2026-08-29T15:28:00+00:00,2025-07,nao_identificada,mcmv_geral;far,far,,
filesystem,arquivo,,Novo MCMV - FAR/Arquivados/Arquivo 2025 - Financeiro/MOV_FINANCEIRA_FAR_20250714_040126.csv,MOV_FINANCEIRA_FAR_20250714_040126.csv,.csv,dado_tabular_ou_serializado,2853,2026-08-29T15:28:00+00:00,2025-07,nao_identificada,mcmv_geral;far,far,,
filesystem,arquivo,,Novo MCMV - FAR/Arquivados/Arquivo 2025 - Financeiro/MOV_FINANCEIRA_FAR_20250715_040126.csv,MOV_FINANCEIRA_FAR_20250715_040126.csv,.csv,dado_tabular_ou_serializado,4529,2026-08-29T15:28:00+00:00,2025-07,nao_identificada,mcmv_geral;far,far,,
filesystem,arquivo,,Novo MCMV - FAR/Arquivados/Arquivo 2025 - Financeiro/MOV_FINANCEIRA_FAR_20250716_040127.csv,MOV_FINANCEIRA_FAR_20250716_040127.csv,.csv,dado_tabular_ou_serializado,4037,2026-08-29T15:28:00+00:00,2025-07,nao_identificada,mcmv_geral;far,far,,
filesystem,arquivo,,Novo MCMV - FAR/Arquivados/Arquivo 2025 - Financeiro/MOV_FINANCEIRA_FAR_20250717_040138.csv,MOV_FINANCEIRA_FAR_20250717_040138.csv,.csv,dado_tabular_ou_serializado,3861,2026-08-29T15:28:00+00:00,2025-07,nao_identificada,mcmv_geral;far,far,,
filesystem,arquivo,,Novo MCMV - FAR/Arquivados/Arquivo 2025 - Financeiro/MOV_FINANCEIRA_FAR_20250718_040127.csv,MOV_FINANCEIRA_FAR_20250718_040127.csv,.csv,dado_tabular_ou_serializado,3029,2026-08-29T15:28:00+00:00,2025-07,nao_identificada,mcmv_geral;far,far,,
filesystem,arquivo,,Novo MCMV - FAR/Arquivados/Arquivo 2025 - Financeiro/MOV_FINANCEIRA_FAR_20250721_151715.csv,MOV_FINANCEIRA_FAR_20250721_151715.csv,.csv,dado_tabular_ou_serializado,6333,2026-08-29T15:28:00+00:00,2025-07,nao_identificada,mcmv_geral;far,far,,
filesystem,arquivo,,Novo MCMV - FAR/Arquivados/Arquivo 2025 - Financeiro/MOV_FINANCEIRA_FAR_20250723_040133.csv,MOV_FINANCEIRA_FAR_20250723_040133.csv,.csv,dado_tabular_ou_serializado,6023,2026-08-29T15:28:00+00:00,2025-07,nao_identificada,mcmv_geral;far,far,,
filesystem,arquivo,,Novo MCMV - FAR/Arquivados/Arquivo 2025 - Financeiro/MOV_FINANCEIRA_FAR_20250724_040141.csv,MOV_FINANCEIRA_FAR_20250724_040141.csv,.csv,dado_tabular_ou_serializado,2844,2026-08-29T15:28:00+00:00,2025-07,nao_identificada,mcmv_geral;far,far,,
filesystem,arquivo,,Novo MCMV - FAR/Arquivados/Arquivo 2025 - Financeiro/MOV_FINANCEIRA_FAR_20250728_040131.csv,MOV_FINANCEIRA_FAR_20250728_040131.csv,.csv,dado_tabular_ou_serializado,3527,2026-08-29T15:28:00+00:00,2025-07,nao_identificada,mcmv_geral;far,far,,
filesystem,arquivo,,Novo MCMV - FAR/Arquivados/Arquivo 2025 - Financeiro/MOV_FINANCEIRA_FAR_20250729_040129.csv,MOV_FINANCEIRA_FAR_20250729_040129.csv,.csv,dado_tabular_ou_serializado,3694,2026-08-29T15:28:00+00:00,2025-07,nao_identificada,mcmv_geral;far,far,,
filesystem,arquivo,,Novo MCMV - FAR/Arquivados/Arquivo 2025 - Financeiro/MOV_FINANCEIRA_FAR_20250730_040139.csv,MOV_FINANCEIRA_FAR_20250730_040139.csv,.csv,dado_tabular_ou_serializado,2379,2026-08-29T15:28:00+00:00,2025-07,nao_identificada,mcmv_geral;far,far,,
filesystem,arquivo,,Novo MCMV - FAR/Arquivados/Arquivo 2025 - Financeiro/MOV_FINANCEIRA_FAR_20250731_040132.csv,MOV_FINANCEIRA_FAR_20250731_040132.csv,.csv,dado_tabular_ou_serializado,4684,2026-08-29T15:28:00+00:00,2025-07,nao_identificada,mcmv_geral;far,far,,
filesystem,arquivo,,Novo MCMV - FAR/Arquivados/Arquivo 2025 - Financeiro/MOV_FINANCEIRA_FAR_20250801_040143.csv,MOV_FINANCEIRA_FAR_20250801_040143.csv,.csv,dado_tabular_ou_serializado,3873,2026-08-29T15:28:00+00:00,2025-08,nao_identificada,mcmv_geral;far,far,,
filesystem,arquivo,,Novo MCMV - FAR/Arquivados/Arquivo 2025 - Financeiro/MOV_FINANCEIRA_FAR_20250804_040158.csv,MOV_FINANCEIRA_FAR_20250804_040158.csv,.csv,dado_tabular_ou_serializado,1729,2026-08-29T15:28:00+00:00,2025-08,nao_identificada,mcmv_geral;far,far,,
filesystem,arquivo,,Novo MCMV - FAR/Arquivados/Arquivo 2025 - Financeiro/MOV_FINANCEIRA_FAR_20250805_040141.csv,MOV_FINANCEIRA_FAR_20250805_040141.csv,.csv,dado_tabular_ou_serializado,4663,2026-08-29T15:28:00+00:00,2025-08,nao_identificada,mcmv_geral;far,far,,
filesystem,arquivo,,Novo MCMV - FAR/Arquivados/Arquivo 2025 - Financeiro/MOV_FINANCEIRA_FAR_20250806_040144.csv,MOV_FINANCEIRA_FAR_20250806_040144.csv,.csv,dado_tabular_ou_serializado,1377,2026-08-29T15:28:00+00:00,2025-08,nao_identificada,mcmv_geral;far,far,,
filesystem,arquivo,,Novo MCMV - FAR/Arquivados/Arquivo 2025 - Financeiro/MOV_FINANCEIRA_FAR_20250807_040144.csv,MOV_FINANCEIRA_FAR_20250807_040144.csv,.csv,dado_tabular_ou_serializado,6193,2026-08-29T15:28:00+00:00,2025-08,nao_identificada,mcmv_geral;far,far,,
filesystem,arquivo,,Novo MCMV - FAR/Arquivados/Arquivo 2025 - Financeiro/MOV_FINANCEIRA_FAR_20250808_040133.csv,MOV_FINANCEIRA_FAR_20250808_040133.csv,.csv,dado_tabular_ou_serializado,1723,2026-08-29T15:28:00+00:00,2025-08,nao_identificada,mcmv_geral;far,far,,
filesystem,arquivo,,Novo MCMV - FAR/Arquivados/Arquivo 2025 - Financeiro/MOV_FINANCEIRA_FAR_20250811_040139.csv,MOV_FINANCEIRA_FAR_20250811_040139.csv,.csv,dado_tabular_ou_serializado,3366,2026-08-29T15:28:00+00:00,2025-08,nao_identificada,mcmv_geral;far,far,,
filesystem,arquivo,,Novo MCMV - FAR/Arquivados/Arquivo 2025 - Financeiro/MOV_FINANCEIRA_FAR_20250812_040147.csv,MOV_FINANCEIRA_FAR_20250812_040147.csv,.csv,dado_tabular_ou_serializado,4708,2026-08-29T15:28:00+00:00,2025-08,nao_identificada,mcmv_geral;far,far,,
filesystem,arquivo,,Novo MCMV - FAR/Arquivados/Arquivo 2025 - Financeiro/MOV_FINANCEIRA_FAR_20250813_040134.csv,MOV_FINANCEIRA_FAR_20250813_040134.csv,.csv,dado_tabular_ou_serializado,7520,2026-08-29T15:28:00+00:00,2025-08,nao_identificada,mcmv_geral;far,far,,
filesystem,arquivo,,Novo MCMV - FAR/Arquivados/Arquivo 2025 - Financeiro/MOV_FINANCEIRA_FAR_20250814_040144.csv,MOV_FINANCEIRA_FAR_20250814_040144.csv,.csv,dado_tabular_ou_serializado,1541,2026-08-29T15:28:00+00:00,2025-08,nao_identificada,mcmv_geral;far,far,,
filesystem,arquivo,,Novo MCMV - FAR/Arquivados/Arquivo 2025 - Financeiro/MOV_FINANCEIRA_FAR_20250815_040133.csv,MOV_FINANCEIRA_FAR_20250815_040133.csv,.csv,dado_tabular_ou_serializado,2698,2026-08-29T15:28:00+00:00,2025-08,nao_identificada,mcmv_geral;far,far,,
filesystem,arquivo,,Novo MCMV - FAR/Arquivados/Arquivo 2025 - Financeiro/MOV_FINANCEIRA_FAR_20250818_040135.csv,MOV_FINANCEIRA_FAR_20250818_040135.csv,.csv,dado_tabular_ou_serializado,3029,2026-08-29T15:28:00+00:00,2025-08,nao_identificada,mcmv_geral;far,far,,
filesystem,arquivo,,Novo MCMV - FAR/Arquivados/Arquivo 2025 - Financeiro/MOV_FINANCEIRA_FAR_20250819_040125.csv,MOV_FINANCEIRA_FAR_20250819_040125.csv,.csv,dado_tabular_ou_serializado,3348,2026-08-29T15:28:00+00:00,2025-08,nao_identificada,mcmv_geral;far,far,,
filesystem,arquivo,,Novo MCMV - FAR/Arquivados/Arquivo 2025 - Financeiro/MOV_FINANCEIRA_FAR_20250820_040129.csv,MOV_FINANCEIRA_FAR_20250820_040129.csv,.csv,dado_tabular_ou_serializado,4830,2026-08-29T15:28:00+00:00,2025-08,nao_identificada,mcmv_geral;far,far,,
filesystem,arquivo,,Novo MCMV - FAR/Arquivados/Arquivo 2025 - Financeiro/MOV_FINANCEIRA_FAR_20250821_040130.csv,MOV_FINANCEIRA_FAR_20250821_040130.csv,.csv,dado_tabular_ou_serializado,5391,2026-08-29T15:28:00+00:00,2025-08,nao_identificada,mcmv_geral;far,far,,
filesystem,arquivo,,Novo MCMV - FAR/Arquivados/Arquivo 2025 - Financeiro/MOV_FINANCEIRA_FAR_20250822_040241.csv,MOV_FINANCEIRA_FAR_20250822_040241.csv,.csv,dado_tabular_ou_serializado,3536,2026-08-29T15:28:00+00:00,2025-08,nao_identificada,mcmv_geral;far,far,,
filesystem,arquivo,,Novo MCMV - FAR/Arquivados/Arquivo 2025 - Financeiro/MOV_FINANCEIRA_FAR_20250825_040258.csv,MOV_FINANCEIRA_FAR_20250825_040258.csv,.csv,dado_tabular_ou_serializado,1520,2026-08-29T15:28:00+00:00,2025-08,nao_identificada,mcmv_geral;far,far,,
filesystem,arquivo,,Novo MCMV - FAR/Arquivados/Arquivo 2025 - Financeiro/MOV_FINANCEIRA_FAR_20250826_040156.csv,MOV_FINANCEIRA_FAR_20250826_040156.csv,.csv,dado_tabular_ou_serializado,8009,2026-08-29T15:28:00+00:00,2025-08,nao_identificada,mcmv_geral;far,far,,
filesystem,arquivo,,Novo MCMV - FAR/Arquivados/Arquivo 2025 - Financeiro/MOV_FINANCEIRA_FAR_20250828_040202.csv,MOV_FINANCEIRA_FAR_20250828_040202.csv,.csv,dado_tabular_ou_serializado,3014,2026-08-29T15:28:00+00:00,2025-08,nao_identificada,mcmv_geral;far,far,,
filesystem,arquivo,,Novo MCMV - FAR/Arquivados/Arquivo 2025 - Financeiro/MOV_FINANCEIRA_FAR_20250829_040356.csv,MOV_FINANCEIRA_FAR_20250829_040356.csv,.csv,dado_tabular_ou_serializado,5191,2026-08-29T15:28:00+00:00,2025-08,nao_identificada,mcmv_geral;far,far,,
filesystem,arquivo,,Novo MCMV - FAR/Arquivados/Arquivo 2025 - Financeiro/MOV_FINANCEIRA_FAR_20250901_040159.csv,MOV_FINANCEIRA_FAR_20250901_040159.csv,.csv,dado_tabular_ou_serializado,4362,2026-08-29T15:28:00+00:00,2025-09,nao_identificada,mcmv_geral;far,far,,
filesystem,arquivo,,Novo MCMV - FAR/Arquivados/Arquivo 2025 - Financeiro/MOV_FINANCEIRA_FAR_20250902_040129.csv,MOV_FINANCEIRA_FAR_20250902_040129.csv,.csv,dado_tabular_ou_serializado,3533,2026-08-29T15:28:00+00:00,2025-09,nao_identificada,mcmv_geral;far,far,,
filesystem,arquivo,,Novo MCMV - FAR/Arquivados/Arquivo 2025 - Financeiro/MOV_FINANCEIRA_FAR_20250903_040234.csv,MOV_FINANCEIRA_FAR_20250903_040234.csv,.csv,dado_tabular_ou_serializado,4860,2026-08-29T15:28:00+00:00,2025-09,nao_identificada,mcmv_geral;far,far,,
filesystem,arquivo,,Novo MCMV - FAR/Arquivados/Arquivo 2025 - Financeiro/MOV_FINANCEIRA_FAR_20250904_040124.csv,MOV_FINANCEIRA_FAR_20250904_040124.csv,.csv,dado_tabular_ou_serializado,8942,2026-08-29T15:28:00+00:00,2025-09,nao_identificada,mcmv_geral;far,far,,
filesystem,arquivo,,Novo MCMV - FAR/Arquivados/Arquivo 2025 - Financeiro/MOV_FINANCEIRA_FAR_20250905_040126.csv,MOV_FINANCEIRA_FAR_20250905_040126.csv,.csv,dado_tabular_ou_serializado,3664,2026-08-29T15:28:00+00:00,2025-09,nao_identificada,mcmv_geral;far,far,,
filesystem,arquivo,,Novo MCMV - FAR/Arquivados/Arquivo 2025 - Financeiro/MOV_FINANCEIRA_FAR_20250908_040222.csv,MOV_FINANCEIRA_FAR_20250908_040222.csv,.csv,dado_tabular_ou_serializado,5644,2026-08-29T15:28:00+00:00,2025-09,nao_identificada,mcmv_geral;far,far,,
filesystem,arquivo,,Novo MCMV - FAR/Arquivados/Arquivo 2025 - Financeiro/MOV_FINANCEIRA_FAR_20250909_040129.csv,MOV_FINANCEIRA_FAR_20250909_040129.csv,.csv,dado_tabular_ou_serializado,5021,2026-08-29T15:28:00+00:00,2025-09,nao_identificada,mcmv_geral;far,far,,
filesystem,arquivo,,Novo MCMV - FAR/Arquivados/Arquivo 2025 - Financeiro/MOV_FINANCEIRA_FAR_20250910_133847.csv,MOV_FINANCEIRA_FAR_20250910_133847.csv,.csv,dado_tabular_ou_serializado,17870,2026-08-29T15:28:00+00:00,2025-09,nao_identificada,mcmv_geral;far,far,,
filesystem,arquivo,,Novo MCMV - FAR/Arquivados/Arquivo 2025 - Financeiro/MOV_FINANCEIRA_FAR_20250912_040131.csv,MOV_FINANCEIRA_FAR_20250912_040131.csv,.csv,dado_tabular_ou_serializado,3831,2026-08-29T15:28:00+00:00,2025-09,nao_identificada,mcmv_geral;far,far,,
filesystem,arquivo,,Novo MCMV - FAR/Arquivados/Arquivo 2025 - Financeiro/MOV_FINANCEIRA_FAR_20250915_040155.csv,MOV_FINANCEIRA_FAR_20250915_040155.csv,.csv,dado_tabular_ou_serializado,8253,2026-08-29T15:28:00+00:00,2025-09,nao_identificada,mcmv_geral;far,far,,
filesystem,arquivo,,Novo MCMV - FAR/Arquivados/Arquivo 2025 - Financeiro/MOV_FINANCEIRA_FAR_20250916_040157.csv,MOV_FINANCEIRA_FAR_20250916_040157.csv,.csv,dado_tabular_ou_serializado,6160,2026-08-29T15:28:00+00:00,2025-09,nao_identificada,mcmv_geral;far,far,,
filesystem,arquivo,,Novo MCMV - FAR/Arquivados/Arquivo 2025 - Financeiro/MOV_FINANCEIRA_FAR_20250917_040201.csv,MOV_FINANCEIRA_FAR_20250917_040201.csv,.csv,dado_tabular_ou_serializado,5313,2026-08-29T15:28:00+00:00,2025-09,nao_identificada,mcmv_geral;far,far,,
filesystem,arquivo,,Novo MCMV - FAR/Arquivados/Arquivo 2025 - Financeiro/MOV_FINANCEIRA_FAR_20250918_040207.csv,MOV_FINANCEIRA_FAR_20250918_040207.csv,.csv,dado_tabular_ou_serializado,10725,2026-08-29T15:28:00+00:00,2025-09,nao_identificada,mcmv_geral;far,far,,
filesystem,arquivo,,Novo MCMV - FAR/Arquivados/Arquivo 2025 - Financeiro/MOV_FINANCEIRA_FAR_20250922_040134.csv,MOV_FINANCEIRA_FAR_20250922_040134.csv,.csv,dado_tabular_ou_serializado,8960,2026-08-29T15:28:00+00:00,2025-09,nao_identificada,mcmv_geral;far,far,,
filesystem,arquivo,,Novo MCMV - FAR/Arquivados/Arquivo 2025 - Financeiro/MOV_FINANCEIRA_FAR_20250923_040132.csv,MOV_FINANCEIRA_FAR_20250923_040132.csv,.csv,dado_tabular_ou_serializado,12210,2026-08-29T15:28:00+00:00,2025-09,nao_identificada,mcmv_geral;far,far,,
filesystem,arquivo,,Novo MCMV - FAR/Arquivados/Arquivo 2025 - Financeiro/MOV_FINANCEIRA_FAR_20250924_040127.csv,MOV_FINANCEIRA_FAR_20250924_040127.csv,.csv,dado_tabular_ou_serializado,4317,2026-08-29T15:28:00+00:00,2025-09,nao_identificada,mcmv_geral;far,far,,
filesystem,arquivo,,Novo MCMV - FAR/Arquivados/Arquivo 2025 - Financeiro/MOV_FINANCEIRA_FAR_20250925_040239.csv,MOV_FINANCEIRA_FAR_20250925_040239.csv,.csv,dado_tabular_ou_serializado,6974,2026-08-29T15:28:00+00:00,2025-09,nao_identificada,mcmv_geral;far,far,,
filesystem,arquivo,,Novo MCMV - FAR/Arquivados/Arquivo 2025 - Financeiro/MOV_FINANCEIRA_FAR_20250929_040256.csv,MOV_FINANCEIRA_FAR_20250929_040256.csv,.csv,dado_tabular_ou_serializado,8229,2026-08-29T15:28:00+00:00,2025-09,nao_identificada,mcmv_geral;far,far,,
filesystem,arquivo,,Novo MCMV - FAR/Arquivados/Arquivo 2025 - Financeiro/MOV_FINANCEIRA_FAR_20250930_040241.csv,MOV_FINANCEIRA_FAR_20250930_040241.csv,.csv,dado_tabular_ou_serializado,7472,2026-08-29T15:28:00+00:00,2025-09,nao_identificada,mcmv_geral;far,far,,
filesystem,arquivo,,Novo MCMV - FAR/Arquivados/Arquivo 2025 - Financeiro/MOV_FINANCEIRA_FAR_20251001_040216.csv,MOV_FINANCEIRA_FAR_20251001_040216.csv,.csv,dado_tabular_ou_serializado,1371,2026-08-29T15:28:00+00:00,2025-10,nao_identificada,mcmv_geral;far,far,,
filesystem,arquivo,,Novo MCMV - FAR/Arquivados/Arquivo 2025 - Financeiro/MOV_FINANCEIRA_FAR_20251002_040230.csv,MOV_FINANCEIRA_FAR_20251002_040230.csv,.csv,dado_tabular_ou_serializado,11259,2026-08-29T15:28:00+00:00,2025-10,nao_identificada,mcmv_geral;far,far,,
filesystem,arquivo,,Novo MCMV - FAR/Arquivados/Arquivo 2025 - Financeiro/MOV_FINANCEIRA_FAR_20251003_040144.csv,MOV_FINANCEIRA_FAR_20251003_040144.csv,.csv,dado_tabular_ou_serializado,1368,2026-08-29T15:28:00+00:00,2025-10,nao_identificada,mcmv_geral;far,far,,
filesystem,arquivo,,Novo MCMV - FAR/Arquivados/Arquivo 2025 - Financeiro/MOV_FINANCEIRA_FAR_20251006_040149.csv,MOV_FINANCEIRA_FAR_20251006_040149.csv,.csv,dado_tabular_ou_serializado,11384,2026-08-29T15:28:00+00:00,2025-10,nao_identificada,mcmv_geral;far,far,,
filesystem,arquivo,,Novo MCMV - FAR/Arquivados/Arquivo 2025 - Financeiro/MOV_FINANCEIRA_FAR_20251007_040154.csv,MOV_FINANCEIRA_FAR_20251007_040154.csv,.csv,dado_tabular_ou_serializado,4499,2026-08-29T15:28:00+00:00,2025-10,nao_identificada,mcmv_geral;far,far,,
filesystem,arquivo,,Novo MCMV - FAR/Arquivados/Arquivo 2025 - Financeiro/MOV_FINANCEIRA_FAR_20251008_040148.csv,MOV_FINANCEIRA_FAR_20251008_040148.csv,.csv,dado_tabular_ou_serializado,7949,2026-08-29T15:28:00+00:00,2025-10,nao_identificada,mcmv_geral;far,far,,
filesystem,arquivo,,Novo MCMV - FAR/Arquivados/Arquivo 2025 - Financeiro/MOV_FINANCEIRA_FAR_20251009_040142.csv,MOV_FINANCEIRA_FAR_20251009_040142.csv,.csv,dado_tabular_ou_serializado,3986,2026-08-29T15:28:00+00:00,2025-10,nao_identificada,mcmv_geral;far,far,,
filesystem,arquivo,,Novo MCMV - FAR/Arquivados/Arquivo 2025 - Financeiro/MOV_FINANCEIRA_FAR_20251010_040147.csv,MOV_FINANCEIRA_FAR_20251010_040147.csv,.csv,dado_tabular_ou_serializado,9568,2026-08-29T15:28:00+00:00,2025-10,nao_identificada,mcmv_geral;far,far,,
filesystem,arquivo,,Novo MCMV - FAR/Arquivados/Arquivo 2025 - Financeiro/MOV_FINANCEIRA_FAR_20251013_040220.csv,MOV_FINANCEIRA_FAR_20251013_040220.csv,.csv,dado_tabular_ou_serializado,2847,2026-08-29T15:28:00+00:00,2025-10,nao_identificada,mcmv_geral;far,far,,
filesystem,arquivo,,Novo MCMV - FAR/Arquivados/Arquivo 2025 - Financeiro/MOV_FINANCEIRA_FAR_20251014_040155.csv,MOV_FINANCEIRA_FAR_20251014_040155.csv,.csv,dado_tabular_ou_serializado,5933,2026-08-29T15:28:00+00:00,2025-10,nao_identificada,mcmv_geral;far,far,,
filesystem,arquivo,,Novo MCMV - FAR/Arquivados/Arquivo 2025 - Financeiro/MOV_FINANCEIRA_FAR_20251015_040215.csv,MOV_FINANCEIRA_FAR_20251015_040215.csv,.csv,dado_tabular_ou_serializado,7985,2026-08-29T15:28:00+00:00,2025-10,nao_identificada,mcmv_geral;far,far,,
filesystem,arquivo,,Novo MCMV - FAR/Arquivados/Arquivo 2025 - Financeiro/MOV_FINANCEIRA_FAR_20251016_040152.csv,MOV_FINANCEIRA_FAR_20251016_040152.csv,.csv,dado_tabular_ou_serializado,5319,2026-08-29T15:28:00+00:00,2025-10,nao_identificada,mcmv_geral;far,far,,
filesystem,arquivo,,Novo MCMV - FAR/Arquivados/Arquivo 2025 - Financeiro/MOV_FINANCEIRA_FAR_20251017_040256.csv,MOV_FINANCEIRA_FAR_20251017_040256.csv,.csv,dado_tabular_ou_serializado,8584,2026-08-29T15:28:00+00:00,2025-10,nao_identificada,mcmv_geral;far,far,,
filesystem,arquivo,,Novo MCMV - FAR/Arquivados/Arquivo 2025 - Financeiro/MOV_FINANCEIRA_FAR_20251020_040220.csv,MOV_FINANCEIRA_FAR_20251020_040220.csv,.csv,dado_tabular_ou_serializado,6938,2026-08-29T15:28:00+00:00,2025-10,nao_identificada,mcmv_geral;far,far,,
filesystem,arquivo,,Novo MCMV - FAR/Arquivados/Arquivo 2025 - Financeiro/MOV_FINANCEIRA_FAR_20251021_040155.csv,MOV_FINANCEIRA_FAR_20251021_040155.csv,.csv,dado_tabular_ou_serializado,5316,2026-08-29T15:28:00+00:00,2025-10,nao_identificada,mcmv_geral;far,far,,
filesystem,arquivo,,Novo MCMV - FAR/Arquivados/Arquivo 2025 - Financeiro/MOV_FINANCEIRA_FAR_20251022_040228.csv,MOV_FINANCEIRA_FAR_20251022_040228.csv,.csv,dado_tabular_ou_serializado,5945,2026-08-29T15:28:00+00:00,2025-10,nao_identificada,mcmv_geral;far,far,,
filesystem,arquivo,,Novo MCMV - FAR/Arquivados/Arquivo 2025 - Financeiro/MOV_FINANCEIRA_FAR_20251023_040227.csv,MOV_FINANCEIRA_FAR_20251023_040227.csv,.csv,dado_tabular_ou_serializado,5465,2026-08-29T15:28:00+00:00,2025-10,nao_identificada,mcmv_geral;far,far,,
filesystem,arquivo,,Novo MCMV - FAR/Arquivados/Arquivo 2025 - Financeiro/MOV_FINANCEIRA_FAR_20251024_040249.csv,MOV_FINANCEIRA_FAR_20251024_040249.csv,.csv,dado_tabular_ou_serializado,5140,2026-08-29T15:28:00+00:00,2025-10,nao_identificada,mcmv_geral;far,far,,
filesystem,arquivo,,Novo MCMV - FAR/Arquivados/Arquivo 2025 - Financeiro/MOV_FINANCEIRA_FAR_20251028_040223.csv,MOV_FINANCEIRA_FAR_20251028_040223.csv,.csv,dado_tabular_ou_serializado,3500,2026-08-29T15:28:00+00:00,2025-10,nao_identificada,mcmv_geral;far,far,,
filesystem,arquivo,,Novo MCMV - FAR/Arquivados/Arquivo 2025 - Financeiro/MOV_FINANCEIRA_FAR_20251029_040220.csv,MOV_FINANCEIRA_FAR_20251029_040220.csv,.csv,dado_tabular_ou_serializado,3345,2026-08-29T15:28:00+00:00,2025-10,nao_identificada,mcmv_geral;far,far,,
filesystem,arquivo,,Novo MCMV - FAR/Arquivados/Arquivo 2025 - Financeiro/MOV_FINANCEIRA_FAR_20251030_040202.csv,MOV_FINANCEIRA_FAR_20251030_040202.csv,.csv,dado_tabular_ou_serializado,3512,2026-08-29T15:28:00+00:00,2025-10,nao_identificada,mcmv_geral;far,far,,
filesystem,arquivo,,Novo MCMV - FAR/Arquivados/Arquivo 2025 - Financeiro/MOV_FINANCEIRA_FAR_20251031_040222.csv,MOV_FINANCEIRA_FAR_20251031_040222.csv,.csv,dado_tabular_ou_serializado,7931,2026-08-29T15:28:00+00:00,2025-10,nao_identificada,mcmv_geral;far,far,,
filesystem,arquivo,,Novo MCMV - FAR/Arquivados/Arquivo 2025 - Financeiro/MOV_FINANCEIRA_FAR_20251103_040221.csv,MOV_FINANCEIRA_FAR_20251103_040221.csv,.csv,dado_tabular_ou_serializado,636495,2026-08-29T15:28:00+00:00,2025-11,nao_identificada,mcmv_geral;far,far,,
filesystem,arquivo,,Novo MCMV - FAR/Arquivados/Arquivo 2025 - Financeiro/MOV_FINANCEIRA_FAR_20251105_040224.csv,MOV_FINANCEIRA_FAR_20251105_040224.csv,.csv,dado_tabular_ou_serializado,7773,2026-08-29T15:28:00+00:00,2025-11,nao_identificada,mcmv_geral;far,far,,
filesystem,arquivo,,Novo MCMV - FAR/Arquivados/Arquivo 2025 - Financeiro/MOV_FINANCEIRA_FAR_20251106_040202.csv,MOV_FINANCEIRA_FAR_20251106_040202.csv,.csv,dado_tabular_ou_serializado,9404,2026-08-29T15:28:00+00:00,2025-11,nao_identificada,mcmv_geral;far,far,,
filesystem,arquivo,,Novo MCMV - FAR/Arquivados/Arquivo 2025 - Financeiro/MOV_FINANCEIRA_FAR_20251110_040352.csv,MOV_FINANCEIRA_FAR_20251110_040352.csv,.csv,dado_tabular_ou_serializado,13701,2026-08-29T15:28:00+00:00,2025-11,nao_identificada,mcmv_geral;far,far,,
filesystem,arquivo,,Novo MCMV - FAR/Arquivados/Arquivo 2025 - Financeiro/MOV_FINANCEIRA_FAR_20251111_040649.csv,MOV_FINANCEIRA_FAR_20251111_040649.csv,.csv,dado_tabular_ou_serializado,7415,2026-08-29T15:28:00+00:00,2025-11,nao_identificada,mcmv_geral;far,far,,
filesystem,arquivo,,Novo MCMV - FAR/Arquivados/Arquivo 2025 - Financeiro/MOV_FINANCEIRA_FAR_20251114_041453.csv,MOV_FINANCEIRA_FAR_20251114_041453.csv,.csv,dado_tabular_ou_serializado,26311,2026-08-29T15:28:00+00:00,2025-11,nao_identificada,mcmv_geral;far,far,,
filesystem,arquivo,,Novo MCMV - FAR/Arquivados/Arquivo 2025 - Financeiro/MOV_FINANCEIRA_FAR_20251117_041041.csv,MOV_FINANCEIRA_FAR_20251117_041041.csv,.csv,dado_tabular_ou_serializado,10448,2026-08-29T15:28:00+00:00,2025-11,nao_identificada,mcmv_geral;far,far,,
filesystem,arquivo,,Novo MCMV - FAR/Arquivados/Arquivo 2025 - Financeiro/MOV_FINANCEIRA_FAR_20251119_040944.csv,MOV_FINANCEIRA_FAR_20251119_040944.csv,.csv,dado_tabular_ou_serializado,9294,2026-08-29T15:28:00+00:00,2025-11,nao_identificada,mcmv_geral;far,far,,
filesystem,arquivo,,Novo MCMV - FAR/Arquivados/Arquivo 2025 - Financeiro/MOV_FINANCEIRA_FAR_20251120_040904.csv,MOV_FINANCEIRA_FAR_20251120_040904.csv,.csv,dado_tabular_ou_serializado,8104,2026-08-29T15:28:00+00:00,2025-11,nao_identificada,mcmv_geral;far,far,,
filesystem,arquivo,,Novo MCMV - FAR/Arquivados/Arquivo 2025 - Financeiro/MOV_FINANCEIRA_FAR_20251125_040910.csv,MOV_FINANCEIRA_FAR_20251125_040910.csv,.csv,dado_tabular_ou_serializado,5820,2026-08-29T15:28:00+00:00,2025-11,nao_identificada,mcmv_geral;far,far,,
filesystem,arquivo,,Novo MCMV - FAR/Arquivados/Arquivo 2025 - Financeiro/MOV_FINANCEIRA_FAR_20251126_041004.csv,MOV_FINANCEIRA_FAR_20251126_041004.csv,.csv,dado_tabular_ou_serializado,3002,2026-08-29T15:28:00+00:00,2025-11,nao_identificada,mcmv_geral;far,far,,
filesystem,arquivo,,Novo MCMV - FAR/Arquivados/Arquivo 2025 - Financeiro/MOV_FINANCEIRA_FAR_20251128_041024.csv,MOV_FINANCEIRA_FAR_20251128_041024.csv,.csv,dado_tabular_ou_serializado,7764,2026-08-29T15:28:00+00:00,2025-11,nao_identificada,mcmv_geral;far,far,,
filesystem,arquivo,,Novo MCMV - FAR/Arquivados/Arquivo 2025 - Financeiro/MOV_FINANCEIRA_FAR_20251201_041005.csv,MOV_FINANCEIRA_FAR_20251201_041005.csv,.csv,dado_tabular_ou_serializado,5316,2026-08-29T15:28:00+00:00,2025-12,nao_identificada,mcmv_geral;far,far,,
filesystem,arquivo,,Novo MCMV - FAR/Arquivados/Arquivo 2025 - Financeiro/MOV_FINANCEIRA_FAR_20251202_040954.csv,MOV_FINANCEIRA_FAR_20251202_040954.csv,.csv,dado_tabular_ou_serializado,4472,2026-08-29T15:28:00+00:00,2025-12,nao_identificada,mcmv_geral;far,far,,
filesystem,arquivo,,Novo MCMV - FAR/Arquivados/Arquivo 2025 - Financeiro/MOV_FINANCEIRA_FAR_20251204_040952.csv,MOV_FINANCEIRA_FAR_20251204_040952.csv,.csv,dado_tabular_ou_serializado,6479,2026-08-29T15:28:00+00:00,2025-12,nao_identificada,mcmv_geral;far,far,,
filesystem,arquivo,,Novo MCMV - FAR/Arquivados/Arquivo 2025 - Financeiro/MOV_FINANCEIRA_FAR_20251208_041004.csv,MOV_FINANCEIRA_FAR_20251208_041004.csv,.csv,dado_tabular_ou_serializado,10999,2026-08-29T15:28:00+00:00,2025-12,nao_identificada,mcmv_geral;far,far,,
filesystem,arquivo,,Novo MCMV - FAR/Arquivados/Arquivo 2025 - Financeiro/MOV_FINANCEIRA_FAR_20251209_040905.csv,MOV_FINANCEIRA_FAR_20251209_040905.csv,.csv,dado_tabular_ou_serializado,7806,2026-08-29T15:28:00+00:00,2025-12,nao_identificada,mcmv_geral;far,far,,
filesystem,arquivo,,Novo MCMV - FAR/Arquivados/Arquivo 2025 - Financeiro/MOV_FINANCEIRA_FAR_20251210_041119.csv,MOV_FINANCEIRA_FAR_20251210_041119.csv,.csv,dado_tabular_ou_serializado,1031,2026-08-29T15:28:00+00:00,2025-12,nao_identificada,mcmv_geral;far,far,,
filesystem,arquivo,,Novo MCMV - FAR/Arquivados/Arquivo 2025 - Financeiro/MOV_FINANCEIRA_FAR_20251211_040905.csv,MOV_FINANCEIRA_FAR_20251211_040905.csv,.csv,dado_tabular_ou_serializado,6157,2026-08-29T15:28:00+00:00,2025-12,nao_identificada,mcmv_geral;far,far,,
filesystem,arquivo,,Novo MCMV - FAR/Arquivados/Arquivo 2025 - Financeiro/MOV_FINANCEIRA_FAR_20251212_103007.csv,MOV_FINANCEIRA_FAR_20251212_103007.csv,.csv,dado_tabular_ou_serializado,15818,2026-08-29T15:28:00+00:00,2025-12,nao_identificada,mcmv_geral;far,far,,
filesystem,arquivo,,Novo MCMV - FAR/Arquivados/Arquivo 2025 - Financeiro/MOV_FINANCEIRA_FAR_20251215_103014.csv,MOV_FINANCEIRA_FAR_20251215_103014.csv,.csv,dado_tabular_ou_serializado,5149,2026-08-29T15:28:00+00:00,2025-12,nao_identificada,mcmv_geral;far,far,,
filesystem,arquivo,,Novo MCMV - FAR/Arquivados/Arquivo 2025 - Financeiro/MOV_FINANCEIRA_FAR_20251216_103012.csv,MOV_FINANCEIRA_FAR_20251216_103012.csv,.csv,dado_tabular_ou_serializado,5295,2026-08-29T15:28:00+00:00,2025-12,nao_identificada,mcmv_geral;far,far,,
filesystem,arquivo,,Novo MCMV - FAR/Arquivados/Arquivo 2025 - Financeiro/MOV_FINANCEIRA_FAR_20251217_103005.csv,MOV_FINANCEIRA_FAR_20251217_103005.csv,.csv,dado_tabular_ou_serializado,2862,2026-08-29T15:28:00+00:00,2025-12,nao_identificada,mcmv_geral;far,far,,
filesystem,arquivo,,Novo MCMV - FAR/Arquivados/Arquivo 2025 - Financeiro/MOV_FINANCEIRA_FAR_20251218_103004.csv,MOV_FINANCEIRA_FAR_20251218_103004.csv,.csv,dado_tabular_ou_serializado,9425,2026-08-29T15:28:00+00:00,2025-12,nao_identificada,mcmv_geral;far,far,,
filesystem,arquivo,,Novo MCMV - FAR/Arquivados/Arquivo 2025 - Financeiro/MOV_FINANCEIRA_FAR_20251219_103005.csv,MOV_FINANCEIRA_FAR_20251219_103005.csv,.csv,dado_tabular_ou_serializado,6762,2026-08-29T15:28:00+00:00,2025-12,nao_identificada,mcmv_geral;far,far,,
filesystem,arquivo,,Novo MCMV - FAR/Arquivados/Arquivo 2025 - Financeiro/MOV_FINANCEIRA_FAR_20251222_103010.csv,MOV_FINANCEIRA_FAR_20251222_103010.csv,.csv,dado_tabular_ou_serializado,8423,2026-08-29T15:28:00+00:00,2025-12,nao_identificada,mcmv_geral;far,far,,
filesystem,arquivo,,Novo MCMV - FAR/Arquivados/Arquivo 2025 - Financeiro/MOV_FINANCEIRA_FAR_20251223_103003.csv,MOV_FINANCEIRA_FAR_20251223_103003.csv,.csv,dado_tabular_ou_serializado,7141,2026-08-29T15:28:00+00:00,2025-12,nao_identificada,mcmv_geral;far,far,,
filesystem,arquivo,,Novo MCMV - FAR/Arquivados/Arquivo 2025 - Financeiro/MOV_FINANCEIRA_FAR_20251224_103004.csv,MOV_FINANCEIRA_FAR_20251224_103004.csv,.csv,dado_tabular_ou_serializado,5781,2026-08-29T15:28:00+00:00,2025-12,nao_identificada,mcmv_geral;far,far,,
filesystem,arquivo,,Novo MCMV - FAR/Arquivados/Arquivo 2025 - Financeiro/MOV_FINANCEIRA_FAR_20251229_103002.csv,MOV_FINANCEIRA_FAR_20251229_103002.csv,.csv,dado_tabular_ou_serializado,9273,2026-08-29T15:28:00+00:00,2025-12,nao_identificada,mcmv_geral;far,far,,
filesystem,arquivo,,Novo MCMV - FAR/Arquivados/Arquivo 2025 - Financeiro/MOV_FINANCEIRA_FAR_MENSAL_20251201_041005.csv,MOV_FINANCEIRA_FAR_MENSAL_20251201_041005.csv,.csv,dado_tabular_ou_serializado,741856,2026-08-29T15:28:00+00:00,2025-12,nao_identificada,mcmv_geral;far,far,,
filesystem,pasta,,Novo MCMV - FAR/Arquivados/Arquivo 2025 - Obra,Arquivo 2025 - Obra,,pasta,,2026-08-29T12:31:10.040267+00:00,,nao_identificada,mcmv_geral;far,far,,
filesystem,arquivo,,Novo MCMV - FAR/Arquivados/Arquivo 2025 - Obra/MONIT_MOV_OBRA_FAR_20250424_131326.csv,MONIT_MOV_OBRA_FAR_20250424_131326.csv,.csv,dado_tabular_ou_serializado,67518,2026-08-29T15:28:00+00:00,2025-04,nao_identificada,mcmv_geral;far,far,,
filesystem,arquivo,,Novo MCMV - FAR/Arquivados/Arquivo 2025 - Obra/MONIT_MOV_OBRA_FAR_20250505_040205.csv,MONIT_MOV_OBRA_FAR_20250505_040205.csv,.csv,dado_tabular_ou_serializado,1179,2026-08-29T15:28:00+00:00,2025-05,nao_identificada,mcmv_geral;far,far,,
filesystem,arquivo,,Novo MCMV - FAR/Arquivados/Arquivo 2025 - Obra/MONIT_MOV_OBRA_FAR_20250507_040111.csv,MONIT_MOV_OBRA_FAR_20250507_040111.csv,.csv,dado_tabular_ou_serializado,945,2026-08-29T15:28:00+00:00,2025-05,nao_identificada,mcmv_geral;far,far,,
filesystem,arquivo,,Novo MCMV - FAR/Arquivados/Arquivo 2025 - Obra/MONIT_MOV_OBRA_FAR_20250508_040110.csv,MONIT_MOV_OBRA_FAR_20250508_040110.csv,.csv,dado_tabular_ou_serializado,945,2026-08-29T15:28:00+00:00,2025-05,nao_identificada,mcmv_geral;far,far,,
filesystem,arquivo,,Novo MCMV - FAR/Arquivados/Arquivo 2025 - Obra/MONIT_MOV_OBRA_FAR_20250512_040117.csv,MONIT_MOV_OBRA_FAR_20250512_040117.csv,.csv,dado_tabular_ou_serializado,1091,2026-08-29T15:28:00+00:00,2025-05,nao_identificada,mcmv_geral;far,far,,
filesystem,arquivo,,Novo MCMV - FAR/Arquivados/Arquivo 2025 - Obra/MONIT_MOV_OBRA_FAR_20250514_040113.csv,MONIT_MOV_OBRA_FAR_20250514_040113.csv,.csv,dado_tabular_ou_serializado,1297,2026-08-29T15:28:00+00:00,2025-05,nao_identificada,mcmv_geral;far,far,,
filesystem,arquivo,,Novo MCMV - FAR/Arquivados/Arquivo 2025 - Obra/MONIT_MOV_OBRA_FAR_20250515_040120.csv,MONIT_MOV_OBRA_FAR_20250515_040120.csv,.csv,dado_tabular_ou_serializado,1121,2026-08-29T15:28:00+00:00,2025-05,nao_identificada,mcmv_geral;far,far,,
filesystem,arquivo,,Novo MCMV - FAR/Arquivados/Arquivo 2025 - Obra/MONIT_MOV_OBRA_FAR_20250516_040112.csv,MONIT_MOV_OBRA_FAR_20250516_040112.csv,.csv,dado_tabular_ou_serializado,1121,2026-08-29T15:28:00+00:00,2025-05,nao_identificada,mcmv_geral;far,far,,
filesystem,arquivo,,Novo MCMV - FAR/Arquivados/Arquivo 2025 - Obra/MONIT_MOV_OBRA_FAR_20250519_040117.csv,MONIT_MOV_OBRA_FAR_20250519_040117.csv,.csv,dado_tabular_ou_serializado,1453,2026-08-29T15:28:00+00:00,2025-05,nao_identificada,mcmv_geral;far,far,,
filesystem,arquivo,,Novo MCMV - FAR/Arquivados/Arquivo 2025 - Obra/MONIT_MOV_OBRA_FAR_20250602_040125.csv,MONIT_MOV_OBRA_FAR_20250602_040125.csv,.csv,dado_tabular_ou_serializado,1033,2026-08-29T15:28:00+00:00,2025-06,nao_identificada,mcmv_geral;far,far,,
filesystem,arquivo,,Novo MCMV - FAR/Arquivados/Arquivo 2025 - Obra/MONIT_MOV_OBRA_FAR_20250606_040118.csv,MONIT_MOV_OBRA_FAR_20250606_040118.csv,.csv,dado_tabular_ou_serializado,945,2026-08-29T15:28:00+00:00,2025-06,nao_identificada,mcmv_geral;far,far,,
filesystem,arquivo,,Novo MCMV - FAR/Arquivados/Arquivo 2025 - Obra/MONIT_MOV_OBRA_FAR_20250609_040115.csv,MONIT_MOV_OBRA_FAR_20250609_040115.csv,.csv,dado_tabular_ou_serializado,1033,2026-08-29T15:28:00+00:00,2025-06,nao_identificada,mcmv_geral;far,far,,
filesystem,arquivo,,Novo MCMV - FAR/Arquivados/Arquivo 2025 - Obra/MONIT_MOV_OBRA_FAR_20250619_040113.csv,MONIT_MOV_OBRA_FAR_20250619_040113.csv,.csv,dado_tabular_ou_serializado,1033,2026-08-29T15:28:00+00:00,2025-06,nao_identificada,mcmv_geral;far,far,,
filesystem,arquivo,,Novo MCMV - FAR/Arquivados/Arquivo 2025 - Obra/MONIT_MOV_OBRA_FAR_20250623_040116.csv,MONIT_MOV_OBRA_FAR_20250623_040116.csv,.csv,dado_tabular_ou_serializado,1013,2026-08-29T15:28:00+00:00,2025-06,nao_identificada,mcmv_geral;far,far,,
filesystem,arquivo,,Novo MCMV - FAR/Arquivados/Arquivo 2025 - Obra/MONIT_MOV_OBRA_FAR_20250625_040112.csv,MONIT_MOV_OBRA_FAR_20250625_040112.csv,.csv,dado_tabular_ou_serializado,1033,2026-08-29T15:28:00+00:00,2025-06,nao_identificada,mcmv_geral;far,far,,
filesystem,arquivo,,Novo MCMV - FAR/Arquivados/Arquivo 2025 - Obra/MONIT_MOV_OBRA_FAR_20250626_040120.csv,MONIT_MOV_OBRA_FAR_20250626_040120.csv,.csv,dado_tabular_ou_serializado,945,2026-08-29T15:28:00+00:00,2025-06,nao_identificada,mcmv_geral;far,far,,
filesystem,arquivo,,Novo MCMV - FAR/Arquivados/Arquivo 2025 - Obra/MONIT_MOV_OBRA_FAR_20250710_040124.csv,MONIT_MOV_OBRA_FAR_20250710_040124.csv,.csv,dado_tabular_ou_serializado,1033,2026-08-29T15:28:00+00:00,2025-07,nao_identificada,mcmv_geral;far,far,,
filesystem,arquivo,,Novo MCMV - FAR/Arquivados/Arquivo 2025 - Obra/MONIT_MOV_OBRA_FAR_20250718_040122.csv,MONIT_MOV_OBRA_FAR_20250718_040122.csv,.csv,dado_tabular_ou_serializado,945,2026-08-29T15:28:00+00:00,2025-07,nao_identificada,mcmv_geral;far,far,,
filesystem,arquivo,,Novo MCMV - FAR/Arquivados/Arquivo 2025 - Obra/MONIT_MOV_OBRA_FAR_20250807_040137.csv,MONIT_MOV_OBRA_FAR_20250807_040137.csv,.csv,dado_tabular_ou_serializado,1121,2026-08-29T15:28:00+00:00,2025-08,nao_identificada,mcmv_geral;far,far,,
filesystem,arquivo,,Novo MCMV - FAR/Arquivados/Arquivo 2025 - Obra/MONIT_MOV_OBRA_FAR_20250811_040135.csv,MONIT_MOV_OBRA_FAR_20250811_040135.csv,.csv,dado_tabular_ou_serializado,935,2026-08-29T15:28:00+00:00,2025-08,nao_identificada,mcmv_geral;far,far,,
filesystem,arquivo,,Novo MCMV - FAR/Arquivados/Arquivo 2025 - Obra/MONIT_MOV_OBRA_FAR_20250829_040350.csv,MONIT_MOV_OBRA_FAR_20250829_040350.csv,.csv,dado_tabular_ou_serializado,945,2026-08-29T15:28:00+00:00,2025-08,nao_identificada,mcmv_geral;far,far,,
filesystem,arquivo,,Novo MCMV - FAR/Arquivados/Arquivo 2025 - Obra/MONIT_MOV_OBRA_FAR_20251006_040146.csv,MONIT_MOV_OBRA_FAR_20251006_040146.csv,.csv,dado_tabular_ou_serializado,1033,2026-08-29T15:28:00+00:00,2025-10,nao_identificada,mcmv_geral;far,far,,
filesystem,arquivo,,Novo MCMV - FAR/Arquivados/Arquivo 2025 - Obra/MONIT_MOV_OBRA_FAR_20251024_040235.csv,MONIT_MOV_OBRA_FAR_20251024_040235.csv,.csv,dado_tabular_ou_serializado,1209,2026-08-29T15:28:00+00:00,2025-10,nao_identificada,mcmv_geral;far,far,,
filesystem,arquivo,,Novo MCMV - FAR/Arquivados/Arquivo 2025 - Obra/MONIT_MOV_OBRA_FAR_20251030_040153.csv,MONIT_MOV_OBRA_FAR_20251030_040153.csv,.csv,dado_tabular_ou_serializado,945,2026-08-29T15:28:00+00:00,2025-10,nao_identificada,mcmv_geral;far,far,,
filesystem,arquivo,,Novo MCMV - FAR/Arquivados/Arquivo 2025 - Obra/MONIT_MOV_OBRA_FAR_20251103_040209.csv,MONIT_MOV_OBRA_FAR_20251103_040209.csv,.csv,dado_tabular_ou_serializado,73982,2026-08-29T15:28:00+00:00,2025-11,nao_identificada,mcmv_geral;far,far,,
filesystem,arquivo,,Novo MCMV - FAR/Arquivados/Arquivo 2025 - Obra/MONIT_MOV_OBRA_FAR_20251201_040957.csv,MONIT_MOV_OBRA_FAR_20251201_040957.csv,.csv,dado_tabular_ou_serializado,147371,2026-08-29T15:28:00+00:00,2025-12,nao_identificada,mcmv_geral;far,far,,
filesystem,arquivo,,Novo MCMV - FAR/Arquivados/Arquivo 2025 - Obra/MONIT_MOV_OBRA_FAR_20251208_040955.csv,MONIT_MOV_OBRA_FAR_20251208_040955.csv,.csv,dado_tabular_ou_serializado,945,2026-08-29T15:28:00+00:00,2025-12,nao_identificada,mcmv_geral;far,far,,
filesystem,arquivo,,Novo MCMV - FAR/Arquivados/Arquivo 2025 - Obra/MONIT_MOV_OBRA_FAR_DIARIO_20251230_040925.CSV,MONIT_MOV_OBRA_FAR_DIARIO_20251230_040925.CSV,.csv,dado_tabular_ou_serializado,128396,2026-08-29T15:28:00+00:00,2025-12,nao_identificada,mcmv_geral;far,far,,
filesystem,arquivo,,Novo MCMV - FAR/Arquivados/Arquivo 2025 - Obra/MONIT_MOV_OBRA_FAR_DIARIO_20260105_041004.CSV,MONIT_MOV_OBRA_FAR_DIARIO_20260105_041004.CSV,.csv,dado_tabular_ou_serializado,1316,2026-08-29T15:28:00+00:00,2026-01,nao_identificada,mcmv_geral;far,far,,
filesystem,pasta,,Novo MCMV - FAR/Cadastro_PJ_Semanal,Cadastro_PJ_Semanal,,pasta,,2026-08-29T12:31:10.040472+00:00,,nao_identificada,mcmv_geral;far,far,,
filesystem,arquivo,,Novo MCMV - FAR/Cadastro_PJ_Semanal/MONIT_CAD_PJ_FAR_DIARIO_20260105_040951.CSV,MONIT_CAD_PJ_FAR_DIARIO_20260105_040951.CSV,.csv,dado_tabular_ou_serializado,3994,2026-08-29T15:28:00+00:00,2026-01,nao_identificada,mcmv_geral;far,far,,
filesystem,pasta,,Novo MCMV - FAR/FAR - Cadastro PJ - Mensal,FAR - Cadastro PJ - Mensal,,pasta,,2026-08-29T12:31:10.043383+00:00,,nao_identificada,mcmv_geral;far,far,,
filesystem,arquivo,,Novo MCMV - FAR/FAR - Cadastro PJ - Mensal/MONIT_CAD_PJ_FAR_MENSAL_202512_041016.CSV,MONIT_CAD_PJ_FAR_MENSAL_202512_041016.CSV,.csv,dado_tabular_ou_serializado,554024,2026-08-29T15:28:00+00:00,2025-12,nao_identificada,mcmv_geral;far,far,,
filesystem,arquivo,,Novo MCMV - FAR/FAR - Cadastro PJ - Mensal/MONIT_CAD_PJ_FAR_MENSAL_202512_041016.xlsx,MONIT_CAD_PJ_FAR_MENSAL_202512_041016.xlsx,.xlsx,dado_tabular_ou_serializado,358351,2026-08-29T15:28:00+00:00,2025-12,nao_identificada,mcmv_geral;far,far,in,
filesystem,arquivo,,Novo MCMV - FAR/FAR - Cadastro PJ - Mensal/MONIT_CAD_PJ_FAR_MENSAL_202601_042218.CSV,MONIT_CAD_PJ_FAR_MENSAL_202601_042218.CSV,.csv,dado_tabular_ou_serializado,556313,2026-08-29T15:28:00+00:00,2026-01,nao_identificada,mcmv_geral;far,far,,
filesystem,pasta,,Novo MCMV - FAR/FAR - Consolidado,FAR - Consolidado,,pasta,,2026-08-29T12:31:10.044803+00:00,,nao_identificada,mcmv_geral;far,far,,
filesystem,arquivo,,Novo MCMV - FAR/FAR - Consolidado/anexos_mcid.zip,anexos_mcid.zip,.zip,arquivo_compactado,4401687,2026-08-29T15:28:00+00:00,,nao_identificada,mcmv_geral;far,far,,
filesystem,pasta,,Novo MCMV - FAR/FAR - Contratação,FAR - Contratação,,pasta,,2026-08-29T15:28:00+00:00,,nao_identificada,mcmv_geral;far,far,,
filesystem,pasta,,Novo MCMV - FAR/FAR - Financeiro - Mensal,FAR - Financeiro - Mensal,,pasta,,2026-08-29T15:28:00+00:00,,nao_identificada,mcmv_geral;far,far,,
filesystem,pasta,,Novo MCMV - FAR/FAR - Financeiro - Semanal,FAR - Financeiro - Semanal,,pasta,,2026-08-29T12:31:10.058927+00:00,,nao_identificada,mcmv_geral;far,far,,
filesystem,arquivo,,Novo MCMV - FAR/FAR - Financeiro - Semanal/MONIT_MOV_FINANC_FAR_DIARIO_20260105_103005.CSV,MONIT_MOV_FINANC_FAR_DIARIO_20260105_103005.CSV,.csv,dado_tabular_ou_serializado,2763,2026-08-29T15:28:00+00:00,2026-01,nao_identificada,mcmv_geral;far,far,,
filesystem,arquivo,,Novo MCMV - FAR/FAR - Financeiro - Semanal/MONIT_MOV_FINANC_FAR_DIARIO_20260106_103006.CSV,MONIT_MOV_FINANC_FAR_DIARIO_20260106_103006.CSV,.csv,dado_tabular_ou_serializado,6071,2026-08-29T15:28:00+00:00,2026-01,nao_identificada,mcmv_geral;far,far,,
filesystem,arquivo,,Novo MCMV - FAR/FAR - Financeiro - Semanal/MONIT_MOV_FINANC_FAR_DIARIO_20260107_103002.CSV,MONIT_MOV_FINANC_FAR_DIARIO_20260107_103002.CSV,.csv,dado_tabular_ou_serializado,5661,2026-08-29T15:28:00+00:00,2026-01,nao_identificada,mcmv_geral;far,far,,
filesystem,arquivo,,Novo MCMV - FAR/FAR - Financeiro - Semanal/MONIT_MOV_FINANC_FAR_DIARIO_20260108_103003.CSV,MONIT_MOV_FINANC_FAR_DIARIO_20260108_103003.CSV,.csv,dado_tabular_ou_serializado,7449,2026-08-29T15:28:00+00:00,2026-01,nao_identificada,mcmv_geral;far,far,,
filesystem,arquivo,,Novo MCMV - FAR/FAR - Financeiro - Semanal/MONIT_MOV_FINANC_FAR_DIARIO_20260109_103004.CSV,MONIT_MOV_FINANC_FAR_DIARIO_20260109_103004.CSV,.csv,dado_tabular_ou_serializado,11918,2026-08-29T15:28:00+00:00,2026-01,nao_identificada,mcmv_geral;far,far,,
filesystem,arquivo,,Novo MCMV - FAR/FAR - Financeiro - Semanal/MONIT_MOV_FINANC_FAR_DIARIO_20260112_103003.CSV,MONIT_MOV_FINANC_FAR_DIARIO_20260112_103003.CSV,.csv,dado_tabular_ou_serializado,11345,2026-08-29T15:28:00+00:00,2026-01,nao_identificada,mcmv_geral;far,far,,
filesystem,arquivo,,Novo MCMV - FAR/FAR - Financeiro - Semanal/MONIT_MOV_FINANC_FAR_DIARIO_20260113_103004.CSV,MONIT_MOV_FINANC_FAR_DIARIO_20260113_103004.CSV,.csv,dado_tabular_ou_serializado,5067,2026-08-29T15:28:00+00:00,2026-01,nao_identificada,mcmv_geral;far,far,,
filesystem,arquivo,,Novo MCMV - FAR/FAR - Financeiro - Semanal/MONIT_MOV_FINANC_FAR_DIARIO_20260114_103002.CSV,MONIT_MOV_FINANC_FAR_DIARIO_20260114_103002.CSV,.csv,dado_tabular_ou_serializado,13715,2026-08-29T15:28:00+00:00,2026-01,nao_identificada,mcmv_geral;far,far,,
filesystem,arquivo,,Novo MCMV - FAR/FAR - Financeiro - Semanal/MONIT_MOV_FINANC_FAR_DIARIO_20260115_103005.CSV,MONIT_MOV_FINANC_FAR_DIARIO_20260115_103005.CSV,.csv,dado_tabular_ou_serializado,12307,2026-08-29T15:28:00+00:00,2026-01,nao_identificada,mcmv_geral;far,far,,
filesystem,arquivo,,Novo MCMV - FAR/FAR - Financeiro - Semanal/MONIT_MOV_FINANC_FAR_DIARIO_20260116_103003.CSV,MONIT_MOV_FINANC_FAR_DIARIO_20260116_103003.CSV,.csv,dado_tabular_ou_serializado,12485,2026-08-29T15:28:00+00:00,2026-01,nao_identificada,mcmv_geral;far,far,,
filesystem,arquivo,,Novo MCMV - FAR/FAR - Financeiro - Semanal/MONIT_MOV_FINANC_FAR_DIARIO_20260119_103004.CSV,MONIT_MOV_FINANC_FAR_DIARIO_20260119_103004.CSV,.csv,dado_tabular_ou_serializado,10371,2026-08-29T15:28:00+00:00,2026-01,nao_identificada,mcmv_geral;far,far,,
filesystem,arquivo,,Novo MCMV - FAR/FAR - Financeiro - Semanal/MONIT_MOV_FINANC_FAR_DIARIO_20260120_103004.CSV,MONIT_MOV_FINANC_FAR_DIARIO_20260120_103004.CSV,.csv,dado_tabular_ou_serializado,10407,2026-08-29T15:28:00+00:00,2026-01,nao_identificada,mcmv_geral;far,far,,
filesystem,arquivo,,Novo MCMV - FAR/FAR - Financeiro - Semanal/MONIT_MOV_FINANC_FAR_DIARIO_20260121_103003.CSV,MONIT_MOV_FINANC_FAR_DIARIO_20260121_103003.CSV,.csv,dado_tabular_ou_serializado,6484,2026-08-29T15:28:00+00:00,2026-01,nao_identificada,mcmv_geral;far,far,,
filesystem,arquivo,,Novo MCMV - FAR/FAR - Financeiro - Semanal/MONIT_MOV_FINANC_FAR_DIARIO_20260122_103005.CSV,MONIT_MOV_FINANC_FAR_DIARIO_20260122_103005.CSV,.csv,dado_tabular_ou_serializado,10187,2026-08-29T15:28:00+00:00,2026-01,nao_identificada,mcmv_geral;far,far,,
filesystem,arquivo,,Novo MCMV - FAR/FAR - Financeiro - Semanal/MONIT_MOV_FINANC_FAR_DIARIO_20260123_103002.CSV,MONIT_MOV_FINANC_FAR_DIARIO_20260123_103002.CSV,.csv,dado_tabular_ou_serializado,3716,2026-08-29T15:28:00+00:00,2026-01,nao_identificada,mcmv_geral;far,far,,
filesystem,arquivo,,Novo MCMV - FAR/FAR - Financeiro - Semanal/MONIT_MOV_FINANC_FAR_DIARIO_20260126_103004.CSV,MONIT_MOV_FINANC_FAR_DIARIO_20260126_103004.CSV,.csv,dado_tabular_ou_serializado,7232,2026-08-29T15:28:00+00:00,2026-01,nao_identificada,mcmv_geral;far,far,,
filesystem,pasta,,Novo MCMV - FAR/FAR - Obra - Mensal,FAR - Obra - Mensal,,pasta,,2026-08-29T12:31:10.059684+00:00,,nao_identificada,mcmv_geral;far,far,,
filesystem,arquivo,,Novo MCMV - FAR/FAR - Obra - Mensal/MONIT_MOV_OBRA_FAR_MENSAL_202512_041030.CSV,MONIT_MOV_OBRA_FAR_MENSAL_202512_041030.CSV,.csv,dado_tabular_ou_serializado,128398,2026-08-29T15:28:00+00:00,2025-12,nao_identificada,mcmv_geral;far,far,,
filesystem,arquivo,,Novo MCMV - FAR/FAR - Obra - Mensal/MONIT_MOV_OBRA_FAR_MENSAL_202601_042231.CSV,MONIT_MOV_OBRA_FAR_MENSAL_202601_042231.CSV,.csv,dado_tabular_ou_serializado,128937,2026-08-29T15:28:00+00:00,2026-01,nao_identificada,mcmv_geral;far,far,,
filesystem,pasta,,Novo MCMV - FAR/FAR - Obra - Semanal,FAR - Obra - Semanal,,pasta,,2026-08-29T15:28:00+00:00,,nao_identificada,mcmv_geral;far,far,,
filesystem,arquivo,,Novo MCMV - FAR/HIS_MCIDADES_CONSOLIDADO_20260209.csv,HIS_MCIDADES_CONSOLIDADO_20260209.csv,.csv,dado_tabular_ou_serializado,7566797,2026-08-29T15:25:00+00:00,2026-02,nao_identificada,mcmv_geral;far,far,,
filesystem,arquivo,,Novo MCMV - FAR/HIS_MCIDADES_CONSOLIDADO_20260209.txt,HIS_MCIDADES_CONSOLIDADO_20260209.txt,.txt,dado_tabular_ou_serializado,52589114,2026-08-29T15:25:00+00:00,2026-02,nao_identificada,mcmv_geral;far,far,,
filesystem,arquivo,,Novo MCMV - FAR/HIS_MCIDADES_CONSOLIDADO_20260218.csv,HIS_MCIDADES_CONSOLIDADO_20260218.csv,.csv,dado_tabular_ou_serializado,7562796,2026-08-29T15:26:00+00:00,2026-02,nao_identificada,mcmv_geral;far,far,,
filesystem,arquivo,,Novo MCMV - FAR/HIS_MCIDADES_CONSOLIDADO_20260218.txt,HIS_MCIDADES_CONSOLIDADO_20260218.txt,.txt,dado_tabular_ou_serializado,52648407,2026-08-29T15:26:00+00:00,2026-02,nao_identificada,mcmv_geral;far,far,,
filesystem,arquivo,,Novo MCMV - FAR/HIS_MCIDADES_CONSOLIDADO_20260223.csv,HIS_MCIDADES_CONSOLIDADO_20260223.csv,.csv,dado_tabular_ou_serializado,7571473,2026-08-29T15:26:00+00:00,2026-02,nao_identificada,mcmv_geral;far,far,,
filesystem,arquivo,,Novo MCMV - FAR/HIS_MCIDADES_CONSOLIDADO_20260223.txt,HIS_MCIDADES_CONSOLIDADO_20260223.txt,.txt,dado_tabular_ou_serializado,52711260,2026-08-29T15:26:00+00:00,2026-02,nao_identificada,mcmv_geral;far,far,,
filesystem,arquivo,,Novo MCMV - FAR/HIS_MCIDADES_CONSOLIDADO_20260302.csv,HIS_MCIDADES_CONSOLIDADO_20260302.csv,.csv,dado_tabular_ou_serializado,7585100,2026-08-29T15:26:00+00:00,2026-03,nao_identificada,mcmv_geral;far,far,,
filesystem,arquivo,,Novo MCMV - FAR/HIS_MCIDADES_CONSOLIDADO_20260302.txt,HIS_MCIDADES_CONSOLIDADO_20260302.txt,.txt,dado_tabular_ou_serializado,52809063,2026-08-29T15:26:00+00:00,2026-03,nao_identificada,mcmv_geral;far,far,,
filesystem,arquivo,,Novo MCMV - FAR/HIS_MCIDADES_CONSOLIDADO_20260309.csv,HIS_MCIDADES_CONSOLIDADO_20260309.csv,.csv,dado_tabular_ou_serializado,7599059,2026-08-29T15:27:00+00:00,2026-03,nao_identificada,mcmv_geral;far,far,,
filesystem,arquivo,,Novo MCMV - FAR/HIS_MCIDADES_CONSOLIDADO_20260309.txt,HIS_MCIDADES_CONSOLIDADO_20260309.txt,.txt,dado_tabular_ou_serializado,52889413,2026-08-29T15:27:00+00:00,2026-03,nao_identificada,mcmv_geral;far,far,,
filesystem,arquivo,,Novo MCMV - FAR/HIS_MCIDADES_CONSOLIDADO_20260316.csv,HIS_MCIDADES_CONSOLIDADO_20260316.csv,.csv,dado_tabular_ou_serializado,7611646,2026-08-29T15:27:00+00:00,2026-03,nao_identificada,mcmv_geral;far,far,,
filesystem,arquivo,,Novo MCMV - FAR/HIS_MCIDADES_CONSOLIDADO_20260316.txt,HIS_MCIDADES_CONSOLIDADO_20260316.txt,.txt,dado_tabular_ou_serializado,52966255,2026-08-29T15:27:00+00:00,2026-03,nao_identificada,mcmv_geral;far,far,,
filesystem,arquivo,,Novo MCMV - FAR/HIS_MCIDADES_CONSOLIDADO_20260323.csv,HIS_MCIDADES_CONSOLIDADO_20260323.csv,.csv,dado_tabular_ou_serializado,8516182,2026-08-29T15:27:00+00:00,2026-03,nao_identificada,mcmv_geral;far,far,,
filesystem,arquivo,,Novo MCMV - FAR/HIS_MCIDADES_CONSOLIDADO_20260323.txt,HIS_MCIDADES_CONSOLIDADO_20260323.txt,.txt,dado_tabular_ou_serializado,55976072,2026-08-29T15:27:00+00:00,2026-03,nao_identificada,mcmv_geral;far,far,,
filesystem,arquivo,,Novo MCMV - FAR/HIS_MCIDADES_CONSOLIDADO_20260330.csv,HIS_MCIDADES_CONSOLIDADO_20260330.csv,.csv,dado_tabular_ou_serializado,7521275,2026-08-29T15:28:00+00:00,2026-03,nao_identificada,mcmv_geral;far,far,,
filesystem,arquivo,,Novo MCMV - FAR/HIS_MCIDADES_CONSOLIDADO_20260330.txt,HIS_MCIDADES_CONSOLIDADO_20260330.txt,.txt,dado_tabular_ou_serializado,52546791,2026-08-29T15:28:00+00:00,2026-03,nao_identificada,mcmv_geral;far,far,,
filesystem,arquivo,,Novo MCMV - FAR/HIS_MCIDADES_CONSOLIDADO_20260406.csv,HIS_MCIDADES_CONSOLIDADO_20260406.csv,.csv,dado_tabular_ou_serializado,7525409,2026-08-29T15:28:00+00:00,2026-04,nao_identificada,mcmv_geral;far,far,,
filesystem,arquivo,,Novo MCMV - FAR/HIS_MCIDADES_CONSOLIDADO_20260406.txt,HIS_MCIDADES_CONSOLIDADO_20260406.txt,.txt,dado_tabular_ou_serializado,52574747,2026-08-29T15:28:00+00:00,2026-04,nao_identificada,mcmv_geral;far,far,,
filesystem,arquivo,,Novo MCMV - FAR/HIS_MCIDADES_CONSOLIDADO_20260413.csv,HIS_MCIDADES_CONSOLIDADO_20260413.csv,.csv,dado_tabular_ou_serializado,7462151,2026-08-29T15:28:00+00:00,2026-04,nao_identificada,mcmv_geral;far,far,,
filesystem,arquivo,,Novo MCMV - FAR/HIS_MCIDADES_CONSOLIDADO_20260413.txt,HIS_MCIDADES_CONSOLIDADO_20260413.txt,.txt,dado_tabular_ou_serializado,52078937,2026-08-29T15:28:00+00:00,2026-04,nao_identificada,mcmv_geral;far,far,,
filesystem,arquivo,,Novo MCMV - FAR/HIS_MCIDADES_CONSOLIDADO_20260420.csv,HIS_MCIDADES_CONSOLIDADO_20260420.csv,.csv,dado_tabular_ou_serializado,7481419,2026-08-29T15:28:00+00:00,2026-04,nao_identificada,mcmv_geral;far,far,,
filesystem,arquivo,,Novo MCMV - FAR/HIS_MCIDADES_CONSOLIDADO_20260420.txt,HIS_MCIDADES_CONSOLIDADO_20260420.txt,.txt,dado_tabular_ou_serializado,52117738,2026-08-29T15:28:00+00:00,2026-04,nao_identificada,mcmv_geral;far,far,,
filesystem,arquivo,,Novo MCMV - FAR/HIS_MCIDADES_CONSOLIDADO_20260427.csv,HIS_MCIDADES_CONSOLIDADO_20260427.csv,.csv,dado_tabular_ou_serializado,7529569,2026-08-29T15:28:00+00:00,2026-04,nao_identificada,mcmv_geral;far,far,,
filesystem,arquivo,,Novo MCMV - FAR/HIS_MCIDADES_CONSOLIDADO_20260427.txt,HIS_MCIDADES_CONSOLIDADO_20260427.txt,.txt,dado_tabular_ou_serializado,52432271,2026-08-29T15:28:00+00:00,2026-04,nao_identificada,mcmv_geral;far,far,,
filesystem,arquivo,,Novo MCMV - FAR/HIS_MCIDADES_CONSOLIDADO_20260504.csv,HIS_MCIDADES_CONSOLIDADO_20260504.csv,.csv,dado_tabular_ou_serializado,7547582,2026-08-29T15:28:00+00:00,2026-05,nao_identificada,mcmv_geral;far,far,,
filesystem,arquivo,,Novo MCMV - FAR/HIS_MCIDADES_CONSOLIDADO_20260504.txt,HIS_MCIDADES_CONSOLIDADO_20260504.txt,.txt,dado_tabular_ou_serializado,52558004,2026-08-29T15:28:00+00:00,2026-05,nao_identificada,mcmv_geral;far,far,,
filesystem,arquivo,,Novo MCMV - FAR/HIS_MCIDADES_CONSOLIDADO_20260511.csv,HIS_MCIDADES_CONSOLIDADO_20260511.csv,.csv,dado_tabular_ou_serializado,7553698,2026-08-29T15:29:00+00:00,2026-05,nao_identificada,mcmv_geral;far,far,,
filesystem,arquivo,,Novo MCMV - FAR/HIS_MCIDADES_CONSOLIDADO_20260511.txt,HIS_MCIDADES_CONSOLIDADO_20260511.txt,.txt,dado_tabular_ou_serializado,52589516,2026-08-29T15:29:00+00:00,2026-05,nao_identificada,mcmv_geral;far,far,,
filesystem,arquivo,,Novo MCMV - FAR/HIS_MCIDADES_CONSOLIDADO_20260518.csv,HIS_MCIDADES_CONSOLIDADO_20260518.csv,.csv,dado_tabular_ou_serializado,7570845,2026-08-29T15:29:00+00:00,2026-05,nao_identificada,mcmv_geral;far,far,,
filesystem,arquivo,,Novo MCMV - FAR/HIS_MCIDADES_CONSOLIDADO_20260518.txt,HIS_MCIDADES_CONSOLIDADO_20260518.txt,.txt,dado_tabular_ou_serializado,52715309,2026-08-29T15:29:00+00:00,2026-05,nao_identificada,mcmv_geral;far,far,,
filesystem,arquivo,,Novo MCMV - FAR/HIS_MCIDADES_CONSOLIDADO_20260525.csv,HIS_MCIDADES_CONSOLIDADO_20260525.csv,.csv,dado_tabular_ou_serializado,7575809,2026-08-29T15:29:00+00:00,2026-05,nao_identificada,mcmv_geral;far,far,,
filesystem,arquivo,,Novo MCMV - FAR/HIS_MCIDADES_CONSOLIDADO_20260525.txt,HIS_MCIDADES_CONSOLIDADO_20260525.txt,.txt,dado_tabular_ou_serializado,52753727,2026-08-29T15:29:00+00:00,2026-05,nao_identificada,mcmv_geral;far,far,,
filesystem,arquivo,,Novo MCMV - FAR/HIS_MCIDADES_CONSOLIDADO_20260601.csv,HIS_MCIDADES_CONSOLIDADO_20260601.csv,.csv,dado_tabular_ou_serializado,7528475,2026-08-29T15:29:00+00:00,2026-06,nao_identificada,mcmv_geral;far,far,,
filesystem,arquivo,,Novo MCMV - FAR/HIS_MCIDADES_CONSOLIDADO_20260601.txt,HIS_MCIDADES_CONSOLIDADO_20260601.txt,.txt,dado_tabular_ou_serializado,52453270,2026-08-29T15:29:00+00:00,2026-06,nao_identificada,mcmv_geral;far,far,,
filesystem,arquivo,,Novo MCMV - FAR/HIS_MCIDADES_CONSOLIDADO_20260608.csv,HIS_MCIDADES_CONSOLIDADO_20260608.csv,.csv,dado_tabular_ou_serializado,7543783,2026-08-29T15:29:00+00:00,2026-06,nao_identificada,mcmv_geral;far,far,,
filesystem,arquivo,,Novo MCMV - FAR/HIS_MCIDADES_CONSOLIDADO_20260608.txt,HIS_MCIDADES_CONSOLIDADO_20260608.txt,.txt,dado_tabular_ou_serializado,52519658,2026-08-29T15:29:00+00:00,2026-06,nao_identificada,mcmv_geral;far,far,,
filesystem,arquivo,,Novo MCMV - FAR/HIS_MCIDADES_CONSOLIDADO_20260615.csv,HIS_MCIDADES_CONSOLIDADO_20260615.csv,.csv,dado_tabular_ou_serializado,7557814,2026-08-29T15:29:00+00:00,2026-06,nao_identificada,mcmv_geral;far,far,,
filesystem,arquivo,,Novo MCMV - FAR/HIS_MCIDADES_CONSOLIDADO_20260615.txt,HIS_MCIDADES_CONSOLIDADO_20260615.txt,.txt,dado_tabular_ou_serializado,52607051,2026-08-29T15:29:00+00:00,2026-06,nao_identificada,mcmv_geral;far,far,,
filesystem,arquivo,,Novo MCMV - FAR/HIS_MCIDADES_CONSOLIDADO_20260622.csv,HIS_MCIDADES_CONSOLIDADO_20260622.csv,.csv,dado_tabular_ou_serializado,7569550,2026-08-29T15:30:00+00:00,2026-06,nao_identificada,mcmv_geral;far,far,,
filesystem,arquivo,,Novo MCMV - FAR/HIS_MCIDADES_CONSOLIDADO_20260622.txt,HIS_MCIDADES_CONSOLIDADO_20260622.txt,.txt,dado_tabular_ou_serializado,52694356,2026-08-29T15:30:00+00:00,2026-06,nao_identificada,mcmv_geral;far,far,,
filesystem,arquivo,,Novo MCMV - FAR/HIS_MCIDADES_CONSOLIDADO_20260629.csv,HIS_MCIDADES_CONSOLIDADO_20260629.csv,.csv,dado_tabular_ou_serializado,7571990,2026-08-29T15:30:00+00:00,2026-06,nao_identificada,mcmv_geral;far,far,,
filesystem,arquivo,,Novo MCMV - FAR/HIS_MCIDADES_CONSOLIDADO_20260629.txt,HIS_MCIDADES_CONSOLIDADO_20260629.txt,.txt,dado_tabular_ou_serializado,52715299,2026-08-29T15:30:00+00:00,2026-06,nao_identificada,mcmv_geral;far,far,,
filesystem,arquivo,,Novo MCMV - FAR/HIS_MCIDADES_CONSOLIDADO_20260706.csv,HIS_MCIDADES_CONSOLIDADO_20260706.csv,.csv,dado_tabular_ou_serializado,7562897,2026-08-29T15:30:00+00:00,2026-07,nao_identificada,mcmv_geral;far,far,,
filesystem,arquivo,,Novo MCMV - FAR/HIS_MCIDADES_CONSOLIDADO_20260706.txt,HIS_MCIDADES_CONSOLIDADO_20260706.txt,.txt,dado_tabular_ou_serializado,52648933,2026-08-29T15:30:00+00:00,2026-07,nao_identificada,mcmv_geral;far,far,,
filesystem,arquivo,,Novo MCMV - FAR/HIS_MCIDADES_CONSOLIDADO_20260713.csv,HIS_MCIDADES_CONSOLIDADO_20260713.csv,.csv,dado_tabular_ou_serializado,7583445,2026-08-29T15:30:00+00:00,2026-07,nao_identificada,mcmv_geral;far,far,,
filesystem,arquivo,,Novo MCMV - FAR/HIS_MCIDADES_CONSOLIDADO_20260713.txt,HIS_MCIDADES_CONSOLIDADO_20260713.txt,.txt,dado_tabular_ou_serializado,52753970,2026-08-29T15:30:00+00:00,2026-07,nao_identificada,mcmv_geral;far,far,,
filesystem,arquivo,,Novo MCMV - FAR/HIS_MCIDADES_CONSOLIDADO_20260720.csv,HIS_MCIDADES_CONSOLIDADO_20260720.csv,.csv,dado_tabular_ou_serializado,7602390,2026-08-29T15:30:00+00:00,2026-07,nao_identificada,mcmv_geral;far,far,,
filesystem,arquivo,,Novo MCMV - FAR/HIS_MCIDADES_CONSOLIDADO_20260720.txt,HIS_MCIDADES_CONSOLIDADO_20260720.txt,.txt,dado_tabular_ou_serializado,52851966,2026-08-29T15:30:00+00:00,2026-07,nao_identificada,mcmv_geral;far,far,,
filesystem,arquivo,,Novo MCMV - FAR/HIS_MCIDADES_CONSOLIDADO_20260727.csv,HIS_MCIDADES_CONSOLIDADO_20260727.csv,.csv,dado_tabular_ou_serializado,7604909,2026-08-29T15:30:00+00:00,2026-07,nao_identificada,mcmv_geral;far,far,,
filesystem,arquivo,,Novo MCMV - FAR/HIS_MCIDADES_CONSOLIDADO_20260727.txt,HIS_MCIDADES_CONSOLIDADO_20260727.txt,.txt,dado_tabular_ou_serializado,52852100,2026-08-29T15:30:00+00:00,2026-07,nao_identificada,mcmv_geral;far,far,,
filesystem,arquivo,,Novo MCMV - FAR/HIS_MCIDADES_CONSOLIDADO_20260803.csv,HIS_MCIDADES_CONSOLIDADO_20260803.csv,.csv,dado_tabular_ou_serializado,7607794,2026-08-29T15:31:00+00:00,2026-08,nao_identificada,mcmv_geral;far,far,,
filesystem,arquivo,,Novo MCMV - FAR/HIS_MCIDADES_CONSOLIDADO_20260803.txt,HIS_MCIDADES_CONSOLIDADO_20260803.txt,.txt,dado_tabular_ou_serializado,52866094,2026-08-29T15:31:00+00:00,2026-08,nao_identificada,mcmv_geral;far,far,,
filesystem,arquivo,,Novo MCMV - FAR/HIS_MCIDADES_CONSOLIDADO_20260810.csv,HIS_MCIDADES_CONSOLIDADO_20260810.csv,.csv,dado_tabular_ou_serializado,7618490,2026-08-29T15:31:00+00:00,2026-08,nao_identificada,mcmv_geral;far,far,,
filesystem,arquivo,,Novo MCMV - FAR/HIS_MCIDADES_CONSOLIDADO_20260810.txt,HIS_MCIDADES_CONSOLIDADO_20260810.txt,.txt,dado_tabular_ou_serializado,52942953,2026-08-29T15:31:00+00:00,2026-08,nao_identificada,mcmv_geral;far,far,,
filesystem,arquivo,,Novo MCMV - FAR/HIS_MCIDADES_CONSOLIDADO_20260817.csv,HIS_MCIDADES_CONSOLIDADO_20260817.csv,.csv,dado_tabular_ou_serializado,7633975,2026-08-29T15:31:00+00:00,2026-08,nao_identificada,mcmv_geral;far,far,,
filesystem,arquivo,,Novo MCMV - FAR/HIS_MCIDADES_CONSOLIDADO_20260817.txt,HIS_MCIDADES_CONSOLIDADO_20260817.txt,.txt,dado_tabular_ou_serializado,53044317,2026-08-29T15:31:00+00:00,2026-08,nao_identificada,mcmv_geral;far,far,,
filesystem,arquivo,,Novo MCMV - FAR/HIS_MCIDADES_CONSOLIDADO_20260824.csv,HIS_MCIDADES_CONSOLIDADO_20260824.csv,.csv,dado_tabular_ou_serializado,7655127,2026-08-29T15:31:00+00:00,2026-08,nao_identificada,mcmv_geral;far,far,,
filesystem,arquivo,,Novo MCMV - FAR/HIS_MCIDADES_CONSOLIDADO_20260824.txt,HIS_MCIDADES_CONSOLIDADO_20260824.txt,.txt,dado_tabular_ou_serializado,53201488,2026-08-29T15:31:00+00:00,2026-08,nao_identificada,mcmv_geral;far,far,,
filesystem,arquivo,,Novo MCMV - FAR/HIS_MCIDADES_CONTRATACAO_20260211_180005.csv,HIS_MCIDADES_CONTRATACAO_20260211_180005.csv,.csv,dado_tabular_ou_serializado,4202,2026-08-29T15:31:00+00:00,2026-02,nao_identificada,mcmv_geral;far,far,,
filesystem,arquivo,,Novo MCMV - FAR/HIS_MCIDADES_CONTRATACAO_20260211_180005.txt,HIS_MCIDADES_CONTRATACAO_20260211_180005.txt,.txt,dado_tabular_ou_serializado,2905,2026-08-29T15:31:00+00:00,2026-02,nao_identificada,mcmv_geral;far,far,,
filesystem,arquivo,,Novo MCMV - FAR/HIS_MCIDADES_CONTRATACAO_20260212_180004.csv,HIS_MCIDADES_CONTRATACAO_20260212_180004.csv,.csv,dado_tabular_ou_serializado,5793,2026-08-29T15:31:00+00:00,2026-02,nao_identificada,mcmv_geral;far,far,,
filesystem,arquivo,,Novo MCMV - FAR/HIS_MCIDADES_CONTRATACAO_20260212_180004.txt,HIS_MCIDADES_CONTRATACAO_20260212_180004.txt,.txt,dado_tabular_ou_serializado,4303,2026-08-29T15:31:00+00:00,2026-02,nao_identificada,mcmv_geral;far,far,,
filesystem,arquivo,,Novo MCMV - FAR/HIS_MCIDADES_CONTRATACAO_20260213_180004.csv,HIS_MCIDADES_CONTRATACAO_20260213_180004.csv,.csv,dado_tabular_ou_serializado,2572,2026-08-29T15:31:00+00:00,2026-02,nao_identificada,mcmv_geral;far,far,,
filesystem,arquivo,,Novo MCMV - FAR/HIS_MCIDADES_CONTRATACAO_20260213_180004.txt,HIS_MCIDADES_CONTRATACAO_20260213_180004.txt,.txt,dado_tabular_ou_serializado,1512,2026-08-29T15:31:00+00:00,2026-02,nao_identificada,mcmv_geral;far,far,,
filesystem,arquivo,,Novo MCMV - FAR/HIS_MCIDADES_CONTRATACAO_20260218_180005.csv,HIS_MCIDADES_CONTRATACAO_20260218_180005.csv,.csv,dado_tabular_ou_serializado,5484,2026-08-29T15:31:00+00:00,2026-02,nao_identificada,mcmv_geral;far,far,,
filesystem,arquivo,,Novo MCMV - FAR/HIS_MCIDADES_CONTRATACAO_20260218_180005.txt,HIS_MCIDADES_CONTRATACAO_20260218_180005.txt,.txt,dado_tabular_ou_serializado,4302,2026-08-29T15:31:00+00:00,2026-02,nao_identificada,mcmv_geral;far,far,,
filesystem,arquivo,,Novo MCMV - FAR/HIS_MCIDADES_CONTRATACAO_20260219_180005.csv,HIS_MCIDADES_CONTRATACAO_20260219_180005.csv,.csv,dado_tabular_ou_serializado,2568,2026-08-29T15:31:00+00:00,2026-02,nao_identificada,mcmv_geral;far,far,,
filesystem,arquivo,,Novo MCMV - FAR/HIS_MCIDADES_CONTRATACAO_20260219_180005.txt,HIS_MCIDADES_CONTRATACAO_20260219_180005.txt,.txt,dado_tabular_ou_serializado,1508,2026-08-29T15:31:00+00:00,2026-02,nao_identificada,mcmv_geral;far,far,,
filesystem,arquivo,,Novo MCMV - FAR/HIS_MCIDADES_CONTRATACAO_20260223_180004.csv,HIS_MCIDADES_CONTRATACAO_20260223_180004.csv,.csv,dado_tabular_ou_serializado,4024,2026-08-29T15:31:00+00:00,2026-02,nao_identificada,mcmv_geral;far,far,,
filesystem,arquivo,,Novo MCMV - FAR/HIS_MCIDADES_CONTRATACAO_20260223_180004.txt,HIS_MCIDADES_CONTRATACAO_20260223_180004.txt,.txt,dado_tabular_ou_serializado,2903,2026-08-29T15:31:00+00:00,2026-02,nao_identificada,mcmv_geral;far,far,,
filesystem,arquivo,,Novo MCMV - FAR/HIS_MCIDADES_CONTRATACAO_20260227_110004.csv,HIS_MCIDADES_CONTRATACAO_20260227_110004.csv,.csv,dado_tabular_ou_serializado,2617,2026-08-29T15:31:00+00:00,2026-02,nao_identificada,mcmv_geral;far,far,,
filesystem,arquivo,,Novo MCMV - FAR/HIS_MCIDADES_CONTRATACAO_20260227_110004.txt,HIS_MCIDADES_CONTRATACAO_20260227_110004.txt,.txt,dado_tabular_ou_serializado,1508,2026-08-29T15:31:00+00:00,2026-02,nao_identificada,mcmv_geral;far,far,,
filesystem,arquivo,,Novo MCMV - FAR/HIS_MCIDADES_CONTRATACAO_20260303_180004.csv,HIS_MCIDADES_CONTRATACAO_20260303_180004.csv,.csv,dado_tabular_ou_serializado,7319,2026-08-29T15:31:00+00:00,2026-03,nao_identificada,mcmv_geral;far,far,,
filesystem,arquivo,,Novo MCMV - FAR/HIS_MCIDADES_CONTRATACAO_20260303_180004.txt,HIS_MCIDADES_CONTRATACAO_20260303_180004.txt,.txt,dado_tabular_ou_serializado,5695,2026-08-29T15:31:00+00:00,2026-03,nao_identificada,mcmv_geral;far,far,,
filesystem,arquivo,,Novo MCMV - FAR/HIS_MCIDADES_CONTRATACAO_20260305_180003.csv,HIS_MCIDADES_CONTRATACAO_20260305_180003.csv,.csv,dado_tabular_ou_serializado,4362,2026-08-29T15:31:00+00:00,2026-03,nao_identificada,mcmv_geral;far,far,,
filesystem,arquivo,,Novo MCMV - FAR/HIS_MCIDADES_CONTRATACAO_20260305_180003.txt,HIS_MCIDADES_CONTRATACAO_20260305_180003.txt,.txt,dado_tabular_ou_serializado,2907,2026-08-29T15:31:00+00:00,2026-03,nao_identificada,mcmv_geral;far,far,,
filesystem,arquivo,,Novo MCMV - FAR/HIS_MCIDADES_CONTRATACAO_20260306_180004.csv,HIS_MCIDADES_CONTRATACAO_20260306_180004.csv,.csv,dado_tabular_ou_serializado,7311,2026-08-29T15:31:00+00:00,2026-03,nao_identificada,mcmv_geral;far,far,,
filesystem,arquivo,,Novo MCMV - FAR/HIS_MCIDADES_CONTRATACAO_20260306_180004.txt,HIS_MCIDADES_CONTRATACAO_20260306_180004.txt,.txt,dado_tabular_ou_serializado,5700,2026-08-29T15:31:00+00:00,2026-03,nao_identificada,mcmv_geral;far,far,,
filesystem,arquivo,,Novo MCMV - FAR/HIS_MCIDADES_CONTRATACAO_20260309_180004.csv,HIS_MCIDADES_CONTRATACAO_20260309_180004.csv,.csv,dado_tabular_ou_serializado,10546,2026-08-29T15:31:00+00:00,2026-03,nao_identificada,mcmv_geral;far,far,,
filesystem,arquivo,,Novo MCMV - FAR/HIS_MCIDADES_CONTRATACAO_20260309_180004.txt,HIS_MCIDADES_CONTRATACAO_20260309_180004.txt,.txt,dado_tabular_ou_serializado,8492,2026-08-29T15:31:00+00:00,2026-03,nao_identificada,mcmv_geral;far,far,,
filesystem,arquivo,,Novo MCMV - FAR/HIS_MCIDADES_CONTRATACAO_20260310_180005.csv,HIS_MCIDADES_CONTRATACAO_20260310_180005.csv,.csv,dado_tabular_ou_serializado,3321,2026-08-29T15:31:00+00:00,2026-03,nao_identificada,mcmv_geral;far,far,,
filesystem,arquivo,,Novo MCMV - FAR/HIS_MCIDADES_CONTRATACAO_20260310_180005.txt,HIS_MCIDADES_CONTRATACAO_20260310_180005.txt,.txt,dado_tabular_ou_serializado,1510,2026-08-29T15:31:00+00:00,2026-03,nao_identificada,mcmv_geral;far,far,,
filesystem,arquivo,,Novo MCMV - FAR/HIS_MCIDADES_CONTRATACAO_20260312_180005.csv,HIS_MCIDADES_CONTRATACAO_20260312_180005.csv,.csv,dado_tabular_ou_serializado,2902,2026-08-29T15:31:00+00:00,2026-03,nao_identificada,mcmv_geral;far,far,,
filesystem,arquivo,,Novo MCMV - FAR/HIS_MCIDADES_CONTRATACAO_20260312_180005.txt,HIS_MCIDADES_CONTRATACAO_20260312_180005.txt,.txt,dado_tabular_ou_serializado,1511,2026-08-29T15:31:00+00:00,2026-03,nao_identificada,mcmv_geral;far,far,,
filesystem,arquivo,,Novo MCMV - FAR/HIS_MCIDADES_CONTRATACAO_20260313_180005.csv,HIS_MCIDADES_CONTRATACAO_20260313_180005.csv,.csv,dado_tabular_ou_serializado,8733,2026-08-29T15:31:00+00:00,2026-03,nao_identificada,mcmv_geral;far,far,,
filesystem,arquivo,,Novo MCMV - FAR/HIS_MCIDADES_CONTRATACAO_20260313_180005.txt,HIS_MCIDADES_CONTRATACAO_20260313_180005.txt,.txt,dado_tabular_ou_serializado,7096,2026-08-29T15:31:00+00:00,2026-03,nao_identificada,mcmv_geral;far,far,,
filesystem,arquivo,,Novo MCMV - FAR/HIS_MCIDADES_CONTRATACAO_20260317_110007.csv,HIS_MCIDADES_CONTRATACAO_20260317_110007.csv,.csv,dado_tabular_ou_serializado,7255,2026-08-29T15:31:00+00:00,2026-03,nao_identificada,mcmv_geral;far,far,,
filesystem,arquivo,,Novo MCMV - FAR/HIS_MCIDADES_CONTRATACAO_20260317_110007.txt,HIS_MCIDADES_CONTRATACAO_20260317_110007.txt,.txt,dado_tabular_ou_serializado,5694,2026-08-29T15:31:00+00:00,2026-03,nao_identificada,mcmv_geral;far,far,,
filesystem,arquivo,,Novo MCMV - FAR/HIS_MCIDADES_CONTRATACAO_20260319_110005.csv,HIS_MCIDADES_CONTRATACAO_20260319_110005.csv,.csv,dado_tabular_ou_serializado,2697,2026-08-29T15:31:00+00:00,2026-03,nao_identificada,mcmv_geral;far,far,,
filesystem,arquivo,,Novo MCMV - FAR/HIS_MCIDADES_CONTRATACAO_20260319_110005.txt,HIS_MCIDADES_CONTRATACAO_20260319_110005.txt,.txt,dado_tabular_ou_serializado,1514,2026-08-29T15:31:00+00:00,2026-03,nao_identificada,mcmv_geral;far,far,,
filesystem,arquivo,,Novo MCMV - FAR/HIS_MCIDADES_CONTRATACAO_20260323_123904.csv,HIS_MCIDADES_CONTRATACAO_20260323_123904.csv,.csv,dado_tabular_ou_serializado,13320,2026-08-29T15:31:00+00:00,2026-03,nao_identificada,mcmv_geral;far,far,,
filesystem,arquivo,,Novo MCMV - FAR/HIS_MCIDADES_CONTRATACAO_20260323_123904.txt,HIS_MCIDADES_CONTRATACAO_20260323_123904.txt,.txt,dado_tabular_ou_serializado,11282,2026-08-29T15:31:00+00:00,2026-03,nao_identificada,mcmv_geral;far,far,,
filesystem,arquivo,,Novo MCMV - FAR/HIS_MCIDADES_CONTRATACAO_20260327_180005.csv,HIS_MCIDADES_CONTRATACAO_20260327_180005.csv,.csv,dado_tabular_ou_serializado,5626,2026-08-29T15:31:00+00:00,2026-03,nao_identificada,mcmv_geral;far,far,,
filesystem,arquivo,,Novo MCMV - FAR/HIS_MCIDADES_CONTRATACAO_20260327_180005.txt,HIS_MCIDADES_CONTRATACAO_20260327_180005.txt,.txt,dado_tabular_ou_serializado,4307,2026-08-29T15:31:00+00:00,2026-03,nao_identificada,mcmv_geral;far,far,,
filesystem,arquivo,,Novo MCMV - FAR/HIS_MCIDADES_CONTRATACAO_20260402_180004.csv,HIS_MCIDADES_CONTRATACAO_20260402_180004.csv,.csv,dado_tabular_ou_serializado,2655,2026-08-29T15:31:00+00:00,2026-04,nao_identificada,mcmv_geral;far,far,,
filesystem,arquivo,,Novo MCMV - FAR/HIS_MCIDADES_CONTRATACAO_20260402_180004.txt,HIS_MCIDADES_CONTRATACAO_20260402_180004.txt,.txt,dado_tabular_ou_serializado,1508,2026-08-29T15:31:00+00:00,2026-04,nao_identificada,mcmv_geral;far,far,,
filesystem,arquivo,,Novo MCMV - FAR/HIS_MCIDADES_CONTRATACAO_20260408_110005.csv,HIS_MCIDADES_CONTRATACAO_20260408_110005.csv,.csv,dado_tabular_ou_serializado,2566,2026-08-29T15:31:00+00:00,2026-04,nao_identificada,mcmv_geral;far,far,,
filesystem,arquivo,,Novo MCMV - FAR/HIS_MCIDADES_CONTRATACAO_20260408_110005.txt,HIS_MCIDADES_CONTRATACAO_20260408_110005.txt,.txt,dado_tabular_ou_serializado,1506,2026-08-29T15:31:00+00:00,2026-04,nao_identificada,mcmv_geral;far,far,,
filesystem,arquivo,,Novo MCMV - FAR/HIS_MCIDADES_CONTRATACAO_20260413_110006.csv,HIS_MCIDADES_CONTRATACAO_20260413_110006.csv,.csv,dado_tabular_ou_serializado,4176,2026-08-29T15:31:00+00:00,2026-04,nao_identificada,mcmv_geral;far,far,,
filesystem,arquivo,,Novo MCMV - FAR/HIS_MCIDADES_CONTRATACAO_20260413_110006.txt,HIS_MCIDADES_CONTRATACAO_20260413_110006.txt,.txt,dado_tabular_ou_serializado,2902,2026-08-29T15:31:00+00:00,2026-04,nao_identificada,mcmv_geral;far,far,,
filesystem,arquivo,,Novo MCMV - FAR/HIS_MCIDADES_CONTRATACAO_20260414_110004.csv,HIS_MCIDADES_CONTRATACAO_20260414_110004.csv,.csv,dado_tabular_ou_serializado,4186,2026-08-29T15:31:00+00:00,2026-04,nao_identificada,mcmv_geral;far,far,,
filesystem,arquivo,,Novo MCMV - FAR/HIS_MCIDADES_CONTRATACAO_20260414_110004.txt,HIS_MCIDADES_CONTRATACAO_20260414_110004.txt,.txt,dado_tabular_ou_serializado,2900,2026-08-29T15:31:00+00:00,2026-04,nao_identificada,mcmv_geral;far,far,,
filesystem,arquivo,,Novo MCMV - FAR/HIS_MCIDADES_CONTRATACAO_20260416_110007.csv,HIS_MCIDADES_CONTRATACAO_20260416_110007.csv,.csv,dado_tabular_ou_serializado,2655,2026-08-29T15:31:00+00:00,2026-04,nao_identificada,mcmv_geral;far,far,,
filesystem,arquivo,,Novo MCMV - FAR/HIS_MCIDADES_CONTRATACAO_20260416_110007.txt,HIS_MCIDADES_CONTRATACAO_20260416_110007.txt,.txt,dado_tabular_ou_serializado,1514,2026-08-29T15:31:00+00:00,2026-04,nao_identificada,mcmv_geral;far,far,,
filesystem,arquivo,,Novo MCMV - FAR/HIS_MCIDADES_CONTRATACAO_20260416_180004.csv,HIS_MCIDADES_CONTRATACAO_20260416_180004.csv,.csv,dado_tabular_ou_serializado,2722,2026-08-29T15:31:00+00:00,2026-04,nao_identificada,mcmv_geral;far,far,,
filesystem,arquivo,,Novo MCMV - FAR/HIS_MCIDADES_CONTRATACAO_20260416_180004.txt,HIS_MCIDADES_CONTRATACAO_20260416_180004.txt,.txt,dado_tabular_ou_serializado,1508,2026-08-29T15:31:00+00:00,2026-04,nao_identificada,mcmv_geral;far,far,,
filesystem,arquivo,,Novo MCMV - FAR/HIS_MCIDADES_CONTRATACAO_20260420_110009.csv,HIS_MCIDADES_CONTRATACAO_20260420_110009.csv,.csv,dado_tabular_ou_serializado,4022,2026-08-29T15:31:00+00:00,2026-04,nao_identificada,mcmv_geral;far,far,,
filesystem,arquivo,,Novo MCMV - FAR/HIS_MCIDADES_CONTRATACAO_20260420_110009.txt,HIS_MCIDADES_CONTRATACAO_20260420_110009.txt,.txt,dado_tabular_ou_serializado,2901,2026-08-29T15:31:00+00:00,2026-04,nao_identificada,mcmv_geral;far,far,,
filesystem,arquivo,,Novo MCMV - FAR/HIS_MCIDADES_CONTRATACAO_20260428_180004.csv,HIS_MCIDADES_CONTRATACAO_20260428_180004.csv,.csv,dado_tabular_ou_serializado,7192,2026-08-29T15:31:00+00:00,2026-04,nao_identificada,mcmv_geral;far,far,,
filesystem,arquivo,,Novo MCMV - FAR/HIS_MCIDADES_CONTRATACAO_20260428_180004.txt,HIS_MCIDADES_CONTRATACAO_20260428_180004.txt,.txt,dado_tabular_ou_serializado,5702,2026-08-29T15:31:00+00:00,2026-04,nao_identificada,mcmv_geral;far,far,,
filesystem,arquivo,,Novo MCMV - FAR/HIS_MCIDADES_CONTRATACAO_20260429_180005.csv,HIS_MCIDADES_CONTRATACAO_20260429_180005.csv,.csv,dado_tabular_ou_serializado,2683,2026-08-29T15:31:00+00:00,2026-04,nao_identificada,mcmv_geral;far,far,,
filesystem,arquivo,,Novo MCMV - FAR/HIS_MCIDADES_CONTRATACAO_20260429_180005.txt,HIS_MCIDADES_CONTRATACAO_20260429_180005.txt,.txt,dado_tabular_ou_serializado,1506,2026-08-29T15:31:00+00:00,2026-04,nao_identificada,mcmv_geral;far,far,,
filesystem,arquivo,,Novo MCMV - FAR/HIS_MCIDADES_CONTRATACAO_20260430_110004.csv,HIS_MCIDADES_CONTRATACAO_20260430_110004.csv,.csv,dado_tabular_ou_serializado,4021,2026-08-29T15:31:00+00:00,2026-04,nao_identificada,mcmv_geral;far,far,,
filesystem,arquivo,,Novo MCMV - FAR/HIS_MCIDADES_CONTRATACAO_20260430_110004.txt,HIS_MCIDADES_CONTRATACAO_20260430_110004.txt,.txt,dado_tabular_ou_serializado,2900,2026-08-29T15:31:00+00:00,2026-04,nao_identificada,mcmv_geral;far,far,,
filesystem,arquivo,,Novo MCMV - FAR/HIS_MCIDADES_CONTRATACAO_20260504_180005.csv,HIS_MCIDADES_CONTRATACAO_20260504_180005.csv,.csv,dado_tabular_ou_serializado,2650,2026-08-29T15:31:00+00:00,2026-05,nao_identificada,mcmv_geral;far,far,,
filesystem,arquivo,,Novo MCMV - FAR/HIS_MCIDADES_CONTRATACAO_20260504_180005.txt,HIS_MCIDADES_CONTRATACAO_20260504_180005.txt,.txt,dado_tabular_ou_serializado,1510,2026-08-29T15:31:00+00:00,2026-05,nao_identificada,mcmv_geral;far,far,,
filesystem,arquivo,,Novo MCMV - FAR/HIS_MCIDADES_CONTRATACAO_20260505_110006.csv,HIS_MCIDADES_CONTRATACAO_20260505_110006.csv,.csv,dado_tabular_ou_serializado,4140,2026-08-29T15:31:00+00:00,2026-05,nao_identificada,mcmv_geral;far,far,,
filesystem,arquivo,,Novo MCMV - FAR/HIS_MCIDADES_CONTRATACAO_20260505_110006.txt,HIS_MCIDADES_CONTRATACAO_20260505_110006.txt,.txt,dado_tabular_ou_serializado,2901,2026-08-29T15:31:00+00:00,2026-05,nao_identificada,mcmv_geral;far,far,,
filesystem,arquivo,,Novo MCMV - FAR/HIS_MCIDADES_CONTRATACAO_20260507_180003.csv,HIS_MCIDADES_CONTRATACAO_20260507_180003.csv,.csv,dado_tabular_ou_serializado,2625,2026-08-29T15:31:00+00:00,2026-05,nao_identificada,mcmv_geral;far,far,,
filesystem,arquivo,,Novo MCMV - FAR/HIS_MCIDADES_CONTRATACAO_20260507_180003.txt,HIS_MCIDADES_CONTRATACAO_20260507_180003.txt,.txt,dado_tabular_ou_serializado,1509,2026-08-29T15:31:00+00:00,2026-05,nao_identificada,mcmv_geral;far,far,,
filesystem,arquivo,,Novo MCMV - FAR/HIS_MCIDADES_CONTRATACAO_20260508_110004.csv,HIS_MCIDADES_CONTRATACAO_20260508_110004.csv,.csv,dado_tabular_ou_serializado,2668,2026-08-29T15:31:00+00:00,2026-05,nao_identificada,mcmv_geral;far,far,,
filesystem,arquivo,,Novo MCMV - FAR/HIS_MCIDADES_CONTRATACAO_20260508_110004.txt,HIS_MCIDADES_CONTRATACAO_20260508_110004.txt,.txt,dado_tabular_ou_serializado,1509,2026-08-29T15:31:00+00:00,2026-05,nao_identificada,mcmv_geral;far,far,,
filesystem,arquivo,,Novo MCMV - FAR/HIS_MCIDADES_CONTRATACAO_20260511_110006.csv,HIS_MCIDADES_CONTRATACAO_20260511_110006.csv,.csv,dado_tabular_ou_serializado,4096,2026-08-29T15:31:00+00:00,2026-05,nao_identificada,mcmv_geral;far,far,,
filesystem,arquivo,,Novo MCMV - FAR/HIS_MCIDADES_CONTRATACAO_20260511_110006.txt,HIS_MCIDADES_CONTRATACAO_20260511_110006.txt,.txt,dado_tabular_ou_serializado,2900,2026-08-29T15:31:00+00:00,2026-05,nao_identificada,mcmv_geral;far,far,,
filesystem,arquivo,,Novo MCMV - FAR/HIS_MCIDADES_CONTRATACAO_20260512_110007.csv,HIS_MCIDADES_CONTRATACAO_20260512_110007.csv,.csv,dado_tabular_ou_serializado,2569,2026-08-29T15:31:00+00:00,2026-05,nao_identificada,mcmv_geral;far,far,,
filesystem,arquivo,,Novo MCMV - FAR/HIS_MCIDADES_CONTRATACAO_20260512_110007.txt,HIS_MCIDADES_CONTRATACAO_20260512_110007.txt,.txt,dado_tabular_ou_serializado,1509,2026-08-29T15:31:00+00:00,2026-05,nao_identificada,mcmv_geral;far,far,,
filesystem,arquivo,,Novo MCMV - FAR/HIS_MCIDADES_CONTRATACAO_20260513_110006.csv,HIS_MCIDADES_CONTRATACAO_20260513_110006.csv,.csv,dado_tabular_ou_serializado,2624,2026-08-29T15:31:00+00:00,2026-05,nao_identificada,mcmv_geral;far,far,,
filesystem,arquivo,,Novo MCMV - FAR/HIS_MCIDADES_CONTRATACAO_20260513_110006.txt,HIS_MCIDADES_CONTRATACAO_20260513_110006.txt,.txt,dado_tabular_ou_serializado,1510,2026-08-29T15:31:00+00:00,2026-05,nao_identificada,mcmv_geral;far,far,,
filesystem,arquivo,,Novo MCMV - FAR/HIS_MCIDADES_CONTRATACAO_20260518_110008.csv,HIS_MCIDADES_CONTRATACAO_20260518_110008.csv,.csv,dado_tabular_ou_serializado,2568,2026-08-29T15:31:00+00:00,2026-05,nao_identificada,mcmv_geral;far,far,,
filesystem,arquivo,,Novo MCMV - FAR/HIS_MCIDADES_CONTRATACAO_20260518_110008.txt,HIS_MCIDADES_CONTRATACAO_20260518_110008.txt,.txt,dado_tabular_ou_serializado,1508,2026-08-29T15:31:00+00:00,2026-05,nao_identificada,mcmv_geral;far,far,,
filesystem,arquivo,,Novo MCMV - FAR/HIS_MCIDADES_CONTRATACAO_20260520_110005.csv,HIS_MCIDADES_CONTRATACAO_20260520_110005.csv,.csv,dado_tabular_ou_serializado,2566,2026-08-29T15:31:00+00:00,2026-05,nao_identificada,mcmv_geral;far,far,,
filesystem,arquivo,,Novo MCMV - FAR/HIS_MCIDADES_CONTRATACAO_20260520_110005.txt,HIS_MCIDADES_CONTRATACAO_20260520_110005.txt,.txt,dado_tabular_ou_serializado,1506,2026-08-29T15:31:00+00:00,2026-05,nao_identificada,mcmv_geral;far,far,,
filesystem,arquivo,,Novo MCMV - FAR/HIS_MCIDADES_CONTRATACAO_20260521_110009.csv,HIS_MCIDADES_CONTRATACAO_20260521_110009.csv,.csv,dado_tabular_ou_serializado,4306,2026-08-29T15:31:00+00:00,2026-05,nao_identificada,mcmv_geral;far,far,,
filesystem,arquivo,,Novo MCMV - FAR/HIS_MCIDADES_CONTRATACAO_20260521_110009.txt,HIS_MCIDADES_CONTRATACAO_20260521_110009.txt,.txt,dado_tabular_ou_serializado,2911,2026-08-29T15:31:00+00:00,2026-05,nao_identificada,mcmv_geral;far,far,,
filesystem,arquivo,,Novo MCMV - FAR/HIS_MCIDADES_CONTRATACAO_20260521_180008.csv,HIS_MCIDADES_CONTRATACAO_20260521_180008.csv,.csv,dado_tabular_ou_serializado,2618,2026-08-29T15:31:00+00:00,2026-05,nao_identificada,mcmv_geral;far,far,,
filesystem,arquivo,,Novo MCMV - FAR/HIS_MCIDADES_CONTRATACAO_20260521_180008.txt,HIS_MCIDADES_CONTRATACAO_20260521_180008.txt,.txt,dado_tabular_ou_serializado,1507,2026-08-29T15:31:00+00:00,2026-05,nao_identificada,mcmv_geral;far,far,,
filesystem,arquivo,,Novo MCMV - FAR/HIS_MCIDADES_CONTRATACAO_20260522_110008.csv,HIS_MCIDADES_CONTRATACAO_20260522_110008.csv,.csv,dado_tabular_ou_serializado,5521,2026-08-29T15:31:00+00:00,2026-05,nao_identificada,mcmv_geral;far,far,,
filesystem,arquivo,,Novo MCMV - FAR/HIS_MCIDADES_CONTRATACAO_20260522_110008.txt,HIS_MCIDADES_CONTRATACAO_20260522_110008.txt,.txt,dado_tabular_ou_serializado,4294,2026-08-29T15:31:00+00:00,2026-05,nao_identificada,mcmv_geral;far,far,,
filesystem,arquivo,,Novo MCMV - FAR/HIS_MCIDADES_CONTRATACAO_20260525_180005.csv,HIS_MCIDADES_CONTRATACAO_20260525_180005.csv,.csv,dado_tabular_ou_serializado,2612,2026-08-29T15:31:00+00:00,2026-05,nao_identificada,mcmv_geral;far,far,,
filesystem,arquivo,,Novo MCMV - FAR/HIS_MCIDADES_CONTRATACAO_20260525_180005.txt,HIS_MCIDADES_CONTRATACAO_20260525_180005.txt,.txt,dado_tabular_ou_serializado,1507,2026-08-29T15:31:00+00:00,2026-05,nao_identificada,mcmv_geral;far,far,,
filesystem,arquivo,,Novo MCMV - FAR/HIS_MCIDADES_CONTRATACAO_20260526_110005.csv,HIS_MCIDADES_CONTRATACAO_20260526_110005.csv,.csv,dado_tabular_ou_serializado,4120,2026-08-29T15:31:00+00:00,2026-05,nao_identificada,mcmv_geral;far,far,,
filesystem,arquivo,,Novo MCMV - FAR/HIS_MCIDADES_CONTRATACAO_20260526_110005.txt,HIS_MCIDADES_CONTRATACAO_20260526_110005.txt,.txt,dado_tabular_ou_serializado,2901,2026-08-29T15:31:00+00:00,2026-05,nao_identificada,mcmv_geral;far,far,,
filesystem,arquivo,,Novo MCMV - FAR/HIS_MCIDADES_CONTRATACAO_20260526_180006.csv,HIS_MCIDADES_CONTRATACAO_20260526_180006.csv,.csv,dado_tabular_ou_serializado,7135,2026-08-29T15:31:00+00:00,2026-05,nao_identificada,mcmv_geral;far,far,,
filesystem,arquivo,,Novo MCMV - FAR/HIS_MCIDADES_CONTRATACAO_20260526_180006.txt,HIS_MCIDADES_CONTRATACAO_20260526_180006.txt,.txt,dado_tabular_ou_serializado,5696,2026-08-29T15:31:00+00:00,2026-05,nao_identificada,mcmv_geral;far,far,,
filesystem,arquivo,,Novo MCMV - FAR/HIS_MCIDADES_CONTRATACAO_20260527_180006.csv,HIS_MCIDADES_CONTRATACAO_20260527_180006.csv,.csv,dado_tabular_ou_serializado,2616,2026-08-29T15:31:00+00:00,2026-05,nao_identificada,mcmv_geral;far,far,,
filesystem,arquivo,,Novo MCMV - FAR/HIS_MCIDADES_CONTRATACAO_20260527_180006.txt,HIS_MCIDADES_CONTRATACAO_20260527_180006.txt,.txt,dado_tabular_ou_serializado,1507,2026-08-29T15:31:00+00:00,2026-05,nao_identificada,mcmv_geral;far,far,,
filesystem,arquivo,,Novo MCMV - FAR/HIS_MCIDADES_CONTRATACAO_20260528_180007.csv,HIS_MCIDADES_CONTRATACAO_20260528_180007.csv,.csv,dado_tabular_ou_serializado,2567,2026-08-29T15:31:00+00:00,2026-05,nao_identificada,mcmv_geral;far,far,,
filesystem,arquivo,,Novo MCMV - FAR/HIS_MCIDADES_CONTRATACAO_20260528_180007.txt,HIS_MCIDADES_CONTRATACAO_20260528_180007.txt,.txt,dado_tabular_ou_serializado,1507,2026-08-29T15:31:00+00:00,2026-05,nao_identificada,mcmv_geral;far,far,,
filesystem,arquivo,,Novo MCMV - FAR/HIS_MCIDADES_CONTRATACAO_20260529_110008.csv,HIS_MCIDADES_CONTRATACAO_20260529_110008.csv,.csv,dado_tabular_ou_serializado,2572,2026-08-29T15:31:00+00:00,2026-05,nao_identificada,mcmv_geral;far,far,,
filesystem,arquivo,,Novo MCMV - FAR/HIS_MCIDADES_CONTRATACAO_20260529_110008.txt,HIS_MCIDADES_CONTRATACAO_20260529_110008.txt,.txt,dado_tabular_ou_serializado,1512,2026-08-29T15:31:00+00:00,2026-05,nao_identificada,mcmv_geral;far,far,,
filesystem,arquivo,,Novo MCMV - FAR/HIS_MCIDADES_CONTRATACAO_20260529_180004.csv,HIS_MCIDADES_CONTRATACAO_20260529_180004.csv,.csv,dado_tabular_ou_serializado,7327,2026-08-29T15:31:00+00:00,2026-05,nao_identificada,mcmv_geral;far,far,,
filesystem,arquivo,,Novo MCMV - FAR/HIS_MCIDADES_CONTRATACAO_20260529_180004.txt,HIS_MCIDADES_CONTRATACAO_20260529_180004.txt,.txt,dado_tabular_ou_serializado,5697,2026-08-29T15:31:00+00:00,2026-05,nao_identificada,mcmv_geral;far,far,,
filesystem,arquivo,,Novo MCMV - FAR/HIS_MCIDADES_CONTRATACAO_20260601_110006.csv,HIS_MCIDADES_CONTRATACAO_20260601_110006.csv,.csv,dado_tabular_ou_serializado,5477,2026-08-29T15:31:00+00:00,2026-06,nao_identificada,mcmv_geral;far,far,,
filesystem,arquivo,,Novo MCMV - FAR/HIS_MCIDADES_CONTRATACAO_20260601_110006.txt,HIS_MCIDADES_CONTRATACAO_20260601_110006.txt,.txt,dado_tabular_ou_serializado,4295,2026-08-29T15:31:00+00:00,2026-06,nao_identificada,mcmv_geral;far,far,,
filesystem,arquivo,,Novo MCMV - FAR/HIS_MCIDADES_CONTRATACAO_20260603_110009.csv,HIS_MCIDADES_CONTRATACAO_20260603_110009.csv,.csv,dado_tabular_ou_serializado,8697,2026-08-29T15:31:00+00:00,2026-06,nao_identificada,mcmv_geral;far,far,,
filesystem,arquivo,,Novo MCMV - FAR/HIS_MCIDADES_CONTRATACAO_20260603_110009.txt,HIS_MCIDADES_CONTRATACAO_20260603_110009.txt,.txt,dado_tabular_ou_serializado,7090,2026-08-29T15:31:00+00:00,2026-06,nao_identificada,mcmv_geral;far,far,,
filesystem,arquivo,,Novo MCMV - FAR/HIS_MCIDADES_CONTRATACAO_20260603_180004.csv,HIS_MCIDADES_CONTRATACAO_20260603_180004.csv,.csv,dado_tabular_ou_serializado,4346,2026-08-29T15:31:00+00:00,2026-06,nao_identificada,mcmv_geral;far,far,,
filesystem,arquivo,,Novo MCMV - FAR/HIS_MCIDADES_CONTRATACAO_20260603_180004.txt,HIS_MCIDADES_CONTRATACAO_20260603_180004.txt,.txt,dado_tabular_ou_serializado,2907,2026-08-29T15:31:00+00:00,2026-06,nao_identificada,mcmv_geral;far,far,,
filesystem,arquivo,,Novo MCMV - FAR/HIS_MCIDADES_CONTRATACAO_20260608_180009.csv,HIS_MCIDADES_CONTRATACAO_20260608_180009.csv,.csv,dado_tabular_ou_serializado,2568,2026-08-29T15:31:00+00:00,2026-06,nao_identificada,mcmv_geral;far,far,,
filesystem,arquivo,,Novo MCMV - FAR/HIS_MCIDADES_CONTRATACAO_20260608_180009.txt,HIS_MCIDADES_CONTRATACAO_20260608_180009.txt,.txt,dado_tabular_ou_serializado,1508,2026-08-29T15:31:00+00:00,2026-06,nao_identificada,mcmv_geral;far,far,,
filesystem,arquivo,,Novo MCMV - FAR/HIS_MCIDADES_CONTRATACAO_20260609_110006.csv,HIS_MCIDADES_CONTRATACAO_20260609_110006.csv,.csv,dado_tabular_ou_serializado,2570,2026-08-29T15:31:00+00:00,2026-06,nao_identificada,mcmv_geral;far,far,,
filesystem,arquivo,,Novo MCMV - FAR/HIS_MCIDADES_CONTRATACAO_20260609_110006.txt,HIS_MCIDADES_CONTRATACAO_20260609_110006.txt,.txt,dado_tabular_ou_serializado,1510,2026-08-29T15:31:00+00:00,2026-06,nao_identificada,mcmv_geral;far,far,,
filesystem,arquivo,,Novo MCMV - FAR/HIS_MCIDADES_CONTRATACAO_20260609_180007.csv,HIS_MCIDADES_CONTRATACAO_20260609_180007.csv,.csv,dado_tabular_ou_serializado,2567,2026-08-29T15:31:00+00:00,2026-06,nao_identificada,mcmv_geral;far,far,,
filesystem,arquivo,,Novo MCMV - FAR/HIS_MCIDADES_CONTRATACAO_20260609_180007.txt,HIS_MCIDADES_CONTRATACAO_20260609_180007.txt,.txt,dado_tabular_ou_serializado,1507,2026-08-29T15:31:00+00:00,2026-06,nao_identificada,mcmv_geral;far,far,,
filesystem,arquivo,,Novo MCMV - FAR/HIS_MCIDADES_CONTRATACAO_20260610_110008.csv,HIS_MCIDADES_CONTRATACAO_20260610_110008.csv,.csv,dado_tabular_ou_serializado,2567,2026-08-29T15:31:00+00:00,2026-06,nao_identificada,mcmv_geral;far,far,,
filesystem,arquivo,,Novo MCMV - FAR/HIS_MCIDADES_CONTRATACAO_20260610_110008.txt,HIS_MCIDADES_CONTRATACAO_20260610_110008.txt,.txt,dado_tabular_ou_serializado,1507,2026-08-29T15:31:00+00:00,2026-06,nao_identificada,mcmv_geral;far,far,,
filesystem,arquivo,,Novo MCMV - FAR/HIS_MCIDADES_CONTRATACAO_20260612_180007.csv,HIS_MCIDADES_CONTRATACAO_20260612_180007.csv,.csv,dado_tabular_ou_serializado,4344,2026-08-29T15:31:00+00:00,2026-06,nao_identificada,mcmv_geral;far,far,,
filesystem,arquivo,,Novo MCMV - FAR/HIS_MCIDADES_CONTRATACAO_20260612_180007.txt,HIS_MCIDADES_CONTRATACAO_20260612_180007.txt,.txt,dado_tabular_ou_serializado,2907,2026-08-29T15:31:00+00:00,2026-06,nao_identificada,mcmv_geral;far,far,,
filesystem,arquivo,,Novo MCMV - FAR/HIS_MCIDADES_CONTRATACAO_20260615_180006.csv,HIS_MCIDADES_CONTRATACAO_20260615_180006.csv,.csv,dado_tabular_ou_serializado,2570,2026-08-29T15:31:00+00:00,2026-06,nao_identificada,mcmv_geral;far,far,,
filesystem,arquivo,,Novo MCMV - FAR/HIS_MCIDADES_CONTRATACAO_20260615_180006.txt,HIS_MCIDADES_CONTRATACAO_20260615_180006.txt,.txt,dado_tabular_ou_serializado,1510,2026-08-29T15:31:00+00:00,2026-06,nao_identificada,mcmv_geral;far,far,,
filesystem,arquivo,,Novo MCMV - FAR/HIS_MCIDADES_CONTRATACAO_20260618_110005.csv,HIS_MCIDADES_CONTRATACAO_20260618_110005.csv,.csv,dado_tabular_ou_serializado,4217,2026-08-29T15:31:00+00:00,2026-06,nao_identificada,mcmv_geral;far,far,,
filesystem,arquivo,,Novo MCMV - FAR/HIS_MCIDADES_CONTRATACAO_20260618_110005.txt,HIS_MCIDADES_CONTRATACAO_20260618_110005.txt,.txt,dado_tabular_ou_serializado,2902,2026-08-29T15:31:00+00:00,2026-06,nao_identificada,mcmv_geral;far,far,,
filesystem,arquivo,,Novo MCMV - FAR/HIS_MCIDADES_CONTRATACAO_20260619_110007.csv,HIS_MCIDADES_CONTRATACAO_20260619_110007.csv,.csv,dado_tabular_ou_serializado,5611,2026-08-29T15:31:00+00:00,2026-06,nao_identificada,mcmv_geral;far,far,,
filesystem,arquivo,,Novo MCMV - FAR/HIS_MCIDADES_CONTRATACAO_20260619_110007.txt,HIS_MCIDADES_CONTRATACAO_20260619_110007.txt,.txt,dado_tabular_ou_serializado,4302,2026-08-29T15:31:00+00:00,2026-06,nao_identificada,mcmv_geral;far,far,,
filesystem,arquivo,,Novo MCMV - FAR/HIS_MCIDADES_CONTRATACAO_20260622_110005.csv,HIS_MCIDADES_CONTRATACAO_20260622_110005.csv,.csv,dado_tabular_ou_serializado,5806,2026-08-29T15:31:00+00:00,2026-06,nao_identificada,mcmv_geral;far,far,,
filesystem,arquivo,,Novo MCMV - FAR/HIS_MCIDADES_CONTRATACAO_20260622_110005.txt,HIS_MCIDADES_CONTRATACAO_20260622_110005.txt,.txt,dado_tabular_ou_serializado,4298,2026-08-29T15:31:00+00:00,2026-06,nao_identificada,mcmv_geral;far,far,,
filesystem,arquivo,,Novo MCMV - FAR/HIS_MCIDADES_CONTRATACAO_20260623_110007.csv,HIS_MCIDADES_CONTRATACAO_20260623_110007.csv,.csv,dado_tabular_ou_serializado,2697,2026-08-29T15:31:00+00:00,2026-06,nao_identificada,mcmv_geral;far,far,,
filesystem,arquivo,,Novo MCMV - FAR/HIS_MCIDADES_CONTRATACAO_20260623_110007.txt,HIS_MCIDADES_CONTRATACAO_20260623_110007.txt,.txt,dado_tabular_ou_serializado,1510,2026-08-29T15:31:00+00:00,2026-06,nao_identificada,mcmv_geral;far,far,,
filesystem,arquivo,,Novo MCMV - FAR/HIS_MCIDADES_CONTRATACAO_20260624_110012.csv,HIS_MCIDADES_CONTRATACAO_20260624_110012.csv,.csv,dado_tabular_ou_serializado,5718,2026-08-29T15:31:00+00:00,2026-06,nao_identificada,mcmv_geral;far,far,,
filesystem,arquivo,,Novo MCMV - FAR/HIS_MCIDADES_CONTRATACAO_20260624_110012.txt,HIS_MCIDADES_CONTRATACAO_20260624_110012.txt,.txt,dado_tabular_ou_serializado,4298,2026-08-29T15:31:00+00:00,2026-06,nao_identificada,mcmv_geral;far,far,,
filesystem,arquivo,,Novo MCMV - FAR/HIS_MCIDADES_CONTRATACAO_20260625_180007.csv,HIS_MCIDADES_CONTRATACAO_20260625_180007.csv,.csv,dado_tabular_ou_serializado,4081,2026-08-29T15:31:00+00:00,2026-06,nao_identificada,mcmv_geral;far,far,,
filesystem,arquivo,,Novo MCMV - FAR/HIS_MCIDADES_CONTRATACAO_20260625_180007.txt,HIS_MCIDADES_CONTRATACAO_20260625_180007.txt,.txt,dado_tabular_ou_serializado,2906,2026-08-29T15:31:00+00:00,2026-06,nao_identificada,mcmv_geral;far,far,,
filesystem,arquivo,,Novo MCMV - FAR/HIS_MCIDADES_CONTRATACAO_20260629_180004.csv,HIS_MCIDADES_CONTRATACAO_20260629_180004.csv,.csv,dado_tabular_ou_serializado,5720,2026-08-29T15:31:00+00:00,2026-06,nao_identificada,mcmv_geral;far,far,,
filesystem,arquivo,,Novo MCMV - FAR/HIS_MCIDADES_CONTRATACAO_20260629_180004.txt,HIS_MCIDADES_CONTRATACAO_20260629_180004.txt,.txt,dado_tabular_ou_serializado,4294,2026-08-29T15:31:00+00:00,2026-06,nao_identificada,mcmv_geral;far,far,,
filesystem,arquivo,,Novo MCMV - FAR/HIS_MCIDADES_CONTRATACAO_20260702_110013.csv,HIS_MCIDADES_CONTRATACAO_20260702_110013.csv,.csv,dado_tabular_ou_serializado,10091,2026-08-29T15:31:00+00:00,2026-07,nao_identificada,mcmv_geral;far,far,,
filesystem,arquivo,,Novo MCMV - FAR/HIS_MCIDADES_CONTRATACAO_20260702_110013.txt,HIS_MCIDADES_CONTRATACAO_20260702_110013.txt,.txt,dado_tabular_ou_serializado,8492,2026-08-29T15:31:00+00:00,2026-07,nao_identificada,mcmv_geral;far,far,,
filesystem,arquivo,,Novo MCMV - FAR/HIS_MCIDADES_CONTRATACAO_20260703_110005.csv,HIS_MCIDADES_CONTRATACAO_20260703_110005.csv,.csv,dado_tabular_ou_serializado,4129,2026-08-29T15:31:00+00:00,2026-07,nao_identificada,mcmv_geral;far,far,,
filesystem,arquivo,,Novo MCMV - FAR/HIS_MCIDADES_CONTRATACAO_20260703_110005.txt,HIS_MCIDADES_CONTRATACAO_20260703_110005.txt,.txt,dado_tabular_ou_serializado,2907,2026-08-29T15:31:00+00:00,2026-07,nao_identificada,mcmv_geral;far,far,,
filesystem,arquivo,,Novo MCMV - FAR/HIS_MCIDADES_CONTRATACAO_20260708_180006.csv,HIS_MCIDADES_CONTRATACAO_20260708_180006.csv,.csv,dado_tabular_ou_serializado,4026,2026-08-29T15:32:00+00:00,2026-07,nao_identificada,mcmv_geral;far,far,,
filesystem,arquivo,,Novo MCMV - FAR/HIS_MCIDADES_CONTRATACAO_20260708_180006.txt,HIS_MCIDADES_CONTRATACAO_20260708_180006.txt,.txt,dado_tabular_ou_serializado,2905,2026-08-29T15:32:00+00:00,2026-07,nao_identificada,mcmv_geral;far,far,,
filesystem,arquivo,,Novo MCMV - FAR/HIS_MCIDADES_CONTRATACAO_20260709_110005.csv,HIS_MCIDADES_CONTRATACAO_20260709_110005.csv,.csv,dado_tabular_ou_serializado,2566,2026-08-29T15:32:00+00:00,2026-07,nao_identificada,mcmv_geral;far,far,,
filesystem,arquivo,,Novo MCMV - FAR/HIS_MCIDADES_CONTRATACAO_20260709_110005.txt,HIS_MCIDADES_CONTRATACAO_20260709_110005.txt,.txt,dado_tabular_ou_serializado,1506,2026-08-29T15:32:00+00:00,2026-07,nao_identificada,mcmv_geral;far,far,,
filesystem,arquivo,,Novo MCMV - FAR/HIS_MCIDADES_CONTRATACAO_20260713_180004.csv,HIS_MCIDADES_CONTRATACAO_20260713_180004.csv,.csv,dado_tabular_ou_serializado,2621,2026-08-29T15:32:00+00:00,2026-07,nao_identificada,mcmv_geral;far,far,,
filesystem,arquivo,,Novo MCMV - FAR/HIS_MCIDADES_CONTRATACAO_20260713_180004.txt,HIS_MCIDADES_CONTRATACAO_20260713_180004.txt,.txt,dado_tabular_ou_serializado,1507,2026-08-29T15:32:00+00:00,2026-07,nao_identificada,mcmv_geral;far,far,,
filesystem,arquivo,,Novo MCMV - FAR/HIS_MCIDADES_CONTRATACAO_20260714_110004.csv,HIS_MCIDADES_CONTRATACAO_20260714_110004.csv,.csv,dado_tabular_ou_serializado,2666,2026-08-29T15:32:00+00:00,2026-07,nao_identificada,mcmv_geral;far,far,,
filesystem,arquivo,,Novo MCMV - FAR/HIS_MCIDADES_CONTRATACAO_20260714_110004.txt,HIS_MCIDADES_CONTRATACAO_20260714_110004.txt,.txt,dado_tabular_ou_serializado,1509,2026-08-29T15:32:00+00:00,2026-07,nao_identificada,mcmv_geral;far,far,,
filesystem,arquivo,,Novo MCMV - FAR/HIS_MCIDADES_CONTRATACAO_20260717_180003.csv,HIS_MCIDADES_CONTRATACAO_20260717_180003.csv,.csv,dado_tabular_ou_serializado,2615,2026-08-29T15:32:00+00:00,2026-07,nao_identificada,mcmv_geral;far,far,,
filesystem,arquivo,,Novo MCMV - FAR/HIS_MCIDADES_CONTRATACAO_20260717_180003.txt,HIS_MCIDADES_CONTRATACAO_20260717_180003.txt,.txt,dado_tabular_ou_serializado,1506,2026-08-29T15:32:00+00:00,2026-07,nao_identificada,mcmv_geral;far,far,,
filesystem,arquivo,,Novo MCMV - FAR/HIS_MCIDADES_CONTRATACAO_20260721_110006.csv,HIS_MCIDADES_CONTRATACAO_20260721_110006.csv,.csv,dado_tabular_ou_serializado,5611,2026-08-29T15:32:00+00:00,2026-07,nao_identificada,mcmv_geral;far,far,,
filesystem,arquivo,,Novo MCMV - FAR/HIS_MCIDADES_CONTRATACAO_20260721_110006.txt,HIS_MCIDADES_CONTRATACAO_20260721_110006.txt,.txt,dado_tabular_ou_serializado,4294,2026-08-29T15:32:00+00:00,2026-07,nao_identificada,mcmv_geral;far,far,,
filesystem,arquivo,,Novo MCMV - FAR/HIS_MCIDADES_CONTRATACAO_20260723_110002.csv,HIS_MCIDADES_CONTRATACAO_20260723_110002.csv,.csv,dado_tabular_ou_serializado,7063,2026-08-29T15:32:00+00:00,2026-07,nao_identificada,mcmv_geral;far,far,,
filesystem,arquivo,,Novo MCMV - FAR/HIS_MCIDADES_CONTRATACAO_20260723_110002.txt,HIS_MCIDADES_CONTRATACAO_20260723_110002.txt,.txt,dado_tabular_ou_serializado,5696,2026-08-29T15:32:00+00:00,2026-07,nao_identificada,mcmv_geral;far,far,,
filesystem,arquivo,,Novo MCMV - FAR/HIS_MCIDADES_CONTRATACAO_20260728_110005.csv,HIS_MCIDADES_CONTRATACAO_20260728_110005.csv,.csv,dado_tabular_ou_serializado,8801,2026-08-29T15:32:00+00:00,2026-07,nao_identificada,mcmv_geral;far,far,,
filesystem,arquivo,,Novo MCMV - FAR/HIS_MCIDADES_CONTRATACAO_20260728_110005.txt,HIS_MCIDADES_CONTRATACAO_20260728_110005.txt,.txt,dado_tabular_ou_serializado,7093,2026-08-29T15:32:00+00:00,2026-07,nao_identificada,mcmv_geral;far,far,,
filesystem,arquivo,,Novo MCMV - FAR/HIS_MCIDADES_CONTRATACAO_20260729_110008.csv,HIS_MCIDADES_CONTRATACAO_20260729_110008.csv,.csv,dado_tabular_ou_serializado,7153,2026-08-29T15:32:00+00:00,2026-07,nao_identificada,mcmv_geral;far,far,,
filesystem,arquivo,,Novo MCMV - FAR/HIS_MCIDADES_CONTRATACAO_20260729_110008.txt,HIS_MCIDADES_CONTRATACAO_20260729_110008.txt,.txt,dado_tabular_ou_serializado,5687,2026-08-29T15:32:00+00:00,2026-07,nao_identificada,mcmv_geral;far,far,,
filesystem,arquivo,,Novo MCMV - FAR/HIS_MCIDADES_CONTRATACAO_20260731_110005.csv,HIS_MCIDADES_CONTRATACAO_20260731_110005.csv,.csv,dado_tabular_ou_serializado,7250,2026-08-29T15:32:00+00:00,2026-07,nao_identificada,mcmv_geral;far,far,,
filesystem,arquivo,,Novo MCMV - FAR/HIS_MCIDADES_CONTRATACAO_20260731_110005.txt,HIS_MCIDADES_CONTRATACAO_20260731_110005.txt,.txt,dado_tabular_ou_serializado,5694,2026-08-29T15:32:00+00:00,2026-07,nao_identificada,mcmv_geral;far,far,,
filesystem,arquivo,,Novo MCMV - FAR/HIS_MCIDADES_CONTRATACAO_20260731_180004.csv,HIS_MCIDADES_CONTRATACAO_20260731_180004.csv,.csv,dado_tabular_ou_serializado,2792,2026-08-29T15:32:00+00:00,2026-07,nao_identificada,mcmv_geral;far,far,,
filesystem,arquivo,,Novo MCMV - FAR/HIS_MCIDADES_CONTRATACAO_20260731_180004.txt,HIS_MCIDADES_CONTRATACAO_20260731_180004.txt,.txt,dado_tabular_ou_serializado,1508,2026-08-29T15:32:00+00:00,2026-07,nao_identificada,mcmv_geral;far,far,,
filesystem,arquivo,,Novo MCMV - FAR/HIS_MCIDADES_CONTRATACAO_20260804_110004.csv,HIS_MCIDADES_CONTRATACAO_20260804_110004.csv,.csv,dado_tabular_ou_serializado,9956,2026-08-29T15:32:00+00:00,2026-08,nao_identificada,mcmv_geral;far,far,,
filesystem,arquivo,,Novo MCMV - FAR/HIS_MCIDADES_CONTRATACAO_20260804_110004.txt,HIS_MCIDADES_CONTRATACAO_20260804_110004.txt,.txt,dado_tabular_ou_serializado,8479,2026-08-29T15:32:00+00:00,2026-08,nao_identificada,mcmv_geral;far,far,,
filesystem,arquivo,,Novo MCMV - FAR/HIS_MCIDADES_CONTRATACAO_20260804_180003.csv,HIS_MCIDADES_CONTRATACAO_20260804_180003.csv,.csv,dado_tabular_ou_serializado,2691,2026-08-29T15:32:00+00:00,2026-08,nao_identificada,mcmv_geral;far,far,,
filesystem,arquivo,,Novo MCMV - FAR/HIS_MCIDADES_CONTRATACAO_20260804_180003.txt,HIS_MCIDADES_CONTRATACAO_20260804_180003.txt,.txt,dado_tabular_ou_serializado,1508,2026-08-29T15:32:00+00:00,2026-08,nao_identificada,mcmv_geral;far,far,,
filesystem,arquivo,,Novo MCMV - FAR/HIS_MCIDADES_CONTRATACAO_20260806_180004.csv,HIS_MCIDADES_CONTRATACAO_20260806_180004.csv,.csv,dado_tabular_ou_serializado,8803,2026-08-29T15:32:00+00:00,2026-08,nao_identificada,mcmv_geral;far,far,,
filesystem,arquivo,,Novo MCMV - FAR/HIS_MCIDADES_CONTRATACAO_20260806_180004.txt,HIS_MCIDADES_CONTRATACAO_20260806_180004.txt,.txt,dado_tabular_ou_serializado,7088,2026-08-29T15:32:00+00:00,2026-08,nao_identificada,mcmv_geral;far,far,,
filesystem,arquivo,,Novo MCMV - FAR/HIS_MCIDADES_CONTRATACAO_20260807_180004.csv,HIS_MCIDADES_CONTRATACAO_20260807_180004.csv,.csv,dado_tabular_ou_serializado,5575,2026-08-29T15:32:00+00:00,2026-08,nao_identificada,mcmv_geral;far,far,,
filesystem,arquivo,,Novo MCMV - FAR/HIS_MCIDADES_CONTRATACAO_20260807_180004.txt,HIS_MCIDADES_CONTRATACAO_20260807_180004.txt,.txt,dado_tabular_ou_serializado,4299,2026-08-29T15:32:00+00:00,2026-08,nao_identificada,mcmv_geral;far,far,,
filesystem,arquivo,,Novo MCMV - FAR/HIS_MCIDADES_CONTRATACAO_20260810_110004.csv,HIS_MCIDADES_CONTRATACAO_20260810_110004.csv,.csv,dado_tabular_ou_serializado,2653,2026-08-29T15:32:00+00:00,2026-08,nao_identificada,mcmv_geral;far,far,,
filesystem,arquivo,,Novo MCMV - FAR/HIS_MCIDADES_CONTRATACAO_20260810_110004.txt,HIS_MCIDADES_CONTRATACAO_20260810_110004.txt,.txt,dado_tabular_ou_serializado,1507,2026-08-29T15:32:00+00:00,2026-08,nao_identificada,mcmv_geral;far,far,,
filesystem,arquivo,,Novo MCMV - FAR/HIS_MCIDADES_CONTRATACAO_20260811_110005.csv,HIS_MCIDADES_CONTRATACAO_20260811_110005.csv,.csv,dado_tabular_ou_serializado,13472,2026-08-29T15:32:00+00:00,2026-08,nao_identificada,mcmv_geral;far,far,,
filesystem,arquivo,,Novo MCMV - FAR/HIS_MCIDADES_CONTRATACAO_20260811_110005.txt,HIS_MCIDADES_CONTRATACAO_20260811_110005.txt,.txt,dado_tabular_ou_serializado,11287,2026-08-29T15:32:00+00:00,2026-08,nao_identificada,mcmv_geral;far,far,,
filesystem,arquivo,,Novo MCMV - FAR/HIS_MCIDADES_CONTRATACAO_20260811_180005.csv,HIS_MCIDADES_CONTRATACAO_20260811_180005.csv,.csv,dado_tabular_ou_serializado,5858,2026-08-29T15:32:00+00:00,2026-08,nao_identificada,mcmv_geral;far,far,,
filesystem,arquivo,,Novo MCMV - FAR/HIS_MCIDADES_CONTRATACAO_20260811_180005.txt,HIS_MCIDADES_CONTRATACAO_20260811_180005.txt,.txt,dado_tabular_ou_serializado,4307,2026-08-29T15:32:00+00:00,2026-08,nao_identificada,mcmv_geral;far,far,,
filesystem,arquivo,,Novo MCMV - FAR/HIS_MCIDADES_CONTRATACAO_20260812_180002.csv,HIS_MCIDADES_CONTRATACAO_20260812_180002.csv,.csv,dado_tabular_ou_serializado,4134,2026-08-29T15:32:00+00:00,2026-08,nao_identificada,mcmv_geral;far,far,,
filesystem,arquivo,,Novo MCMV - FAR/HIS_MCIDADES_CONTRATACAO_20260812_180002.txt,HIS_MCIDADES_CONTRATACAO_20260812_180002.txt,.txt,dado_tabular_ou_serializado,2904,2026-08-29T15:32:00+00:00,2026-08,nao_identificada,mcmv_geral;far,far,,
filesystem,arquivo,,Novo MCMV - FAR/HIS_MCIDADES_CONTRATACAO_20260814_110003.csv,HIS_MCIDADES_CONTRATACAO_20260814_110003.csv,.csv,dado_tabular_ou_serializado,5596,2026-08-29T15:32:00+00:00,2026-08,nao_identificada,mcmv_geral;far,far,,
filesystem,arquivo,,Novo MCMV - FAR/HIS_MCIDADES_CONTRATACAO_20260814_110003.txt,HIS_MCIDADES_CONTRATACAO_20260814_110003.txt,.txt,dado_tabular_ou_serializado,4296,2026-08-29T15:32:00+00:00,2026-08,nao_identificada,mcmv_geral;far,far,,
filesystem,arquivo,,Novo MCMV - FAR/HIS_MCIDADES_CONTRATACAO_20260817_110003.csv,HIS_MCIDADES_CONTRATACAO_20260817_110003.csv,.csv,dado_tabular_ou_serializado,7274,2026-08-29T15:32:00+00:00,2026-08,nao_identificada,mcmv_geral;far,far,,
filesystem,arquivo,,Novo MCMV - FAR/HIS_MCIDADES_CONTRATACAO_20260817_110003.txt,HIS_MCIDADES_CONTRATACAO_20260817_110003.txt,.txt,dado_tabular_ou_serializado,5691,2026-08-29T15:32:00+00:00,2026-08,nao_identificada,mcmv_geral;far,far,,
filesystem,arquivo,,Novo MCMV - FAR/HIS_MCIDADES_CONTRATACAO_20260818_110005.csv,HIS_MCIDADES_CONTRATACAO_20260818_110005.csv,.csv,dado_tabular_ou_serializado,5580,2026-08-29T15:32:00+00:00,2026-08,nao_identificada,mcmv_geral;far,far,,
filesystem,arquivo,,Novo MCMV - FAR/HIS_MCIDADES_CONTRATACAO_20260818_110005.txt,HIS_MCIDADES_CONTRATACAO_20260818_110005.txt,.txt,dado_tabular_ou_serializado,4296,2026-08-29T15:32:00+00:00,2026-08,nao_identificada,mcmv_geral;far,far,,
filesystem,arquivo,,Novo MCMV - FAR/HIS_MCIDADES_CONTRATACAO_20260819_110004.csv,HIS_MCIDADES_CONTRATACAO_20260819_110004.csv,.csv,dado_tabular_ou_serializado,8913,2026-08-29T15:32:00+00:00,2026-08,nao_identificada,mcmv_geral;far,far,,
filesystem,arquivo,,Novo MCMV - FAR/HIS_MCIDADES_CONTRATACAO_20260819_110004.txt,HIS_MCIDADES_CONTRATACAO_20260819_110004.txt,.txt,dado_tabular_ou_serializado,7084,2026-08-29T15:32:00+00:00,2026-08,nao_identificada,mcmv_geral;far,far,,
filesystem,arquivo,,Novo MCMV - FAR/HIS_MCIDADES_CONTRATACAO_20260820_110004.csv,HIS_MCIDADES_CONTRATACAO_20260820_110004.csv,.csv,dado_tabular_ou_serializado,2899,2026-08-29T15:32:00+00:00,2026-08,nao_identificada,mcmv_geral;far,far,,
filesystem,arquivo,,Novo MCMV - FAR/HIS_MCIDADES_CONTRATACAO_20260820_110004.txt,HIS_MCIDADES_CONTRATACAO_20260820_110004.txt,.txt,dado_tabular_ou_serializado,1511,2026-08-29T15:32:00+00:00,2026-08,nao_identificada,mcmv_geral;far,far,,
filesystem,arquivo,,Novo MCMV - FAR/HIS_MCIDADES_CONTRATACAO_20260821_115721.csv,HIS_MCIDADES_CONTRATACAO_20260821_115721.csv,.csv,dado_tabular_ou_serializado,4278,2026-08-29T15:32:00+00:00,2026-08,nao_identificada,mcmv_geral;far,far,,
filesystem,arquivo,,Novo MCMV - FAR/HIS_MCIDADES_CONTRATACAO_20260821_115721.txt,HIS_MCIDADES_CONTRATACAO_20260821_115721.txt,.txt,dado_tabular_ou_serializado,2904,2026-08-29T15:32:00+00:00,2026-08,nao_identificada,mcmv_geral;far,far,,
filesystem,arquivo,,Novo MCMV - FAR/HIS_MCIDADES_CONTRATACAO_20260825_180002.csv,HIS_MCIDADES_CONTRATACAO_20260825_180002.csv,.csv,dado_tabular_ou_serializado,11741,2026-08-29T15:32:00+00:00,2026-08,nao_identificada,mcmv_geral;far,far,,
filesystem,arquivo,,Novo MCMV - FAR/HIS_MCIDADES_CONTRATACAO_20260825_180002.txt,HIS_MCIDADES_CONTRATACAO_20260825_180002.txt,.txt,dado_tabular_ou_serializado,9876,2026-08-29T15:32:00+00:00,2026-08,nao_identificada,mcmv_geral;far,far,,
filesystem,arquivo,,Novo MCMV - FAR/HIS_MCIDADES_CONTRATACAO_20260827_180004.csv,HIS_MCIDADES_CONTRATACAO_20260827_180004.csv,.csv,dado_tabular_ou_serializado,10185,2026-08-29T15:32:00+00:00,2026-08,nao_identificada,mcmv_geral;far,far,,
filesystem,arquivo,,Novo MCMV - FAR/HIS_MCIDADES_CONTRATACAO_20260827_180004.txt,HIS_MCIDADES_CONTRATACAO_20260827_180004.txt,.txt,dado_tabular_ou_serializado,8481,2026-08-29T15:32:00+00:00,2026-08,nao_identificada,mcmv_geral;far,far,,
filesystem,arquivo,,Novo MCMV - FAR/HIS_MCIDADES_CONTRATACAO_20260828_110003.csv,HIS_MCIDADES_CONTRATACAO_20260828_110003.csv,.csv,dado_tabular_ou_serializado,7028,2026-08-29T15:32:00+00:00,2026-08,nao_identificada,mcmv_geral;far,far,,
filesystem,arquivo,,Novo MCMV - FAR/HIS_MCIDADES_CONTRATACAO_20260828_110003.txt,HIS_MCIDADES_CONTRATACAO_20260828_110003.txt,.txt,dado_tabular_ou_serializado,5691,2026-08-29T15:32:00+00:00,2026-08,nao_identificada,mcmv_geral;far,far,,
filesystem,arquivo,,Novo MCMV - FAR/HIS_MCIDADES_CONTRATACAO_20260828_180003.csv,HIS_MCIDADES_CONTRATACAO_20260828_180003.csv,.csv,dado_tabular_ou_serializado,2684,2026-08-29T15:32:00+00:00,2026-08,nao_identificada,mcmv_geral;far,far,,
filesystem,arquivo,,Novo MCMV - FAR/HIS_MCIDADES_CONTRATACAO_20260828_180003.txt,HIS_MCIDADES_CONTRATACAO_20260828_180003.txt,.txt,dado_tabular_ou_serializado,1510,2026-08-29T15:32:00+00:00,2026-08,nao_identificada,mcmv_geral;far,far,,
filesystem,arquivo,,Novo MCMV - FAR/MONIT_CAD_PJ_FAR_LAYOUT_20260330_042258.CSV,MONIT_CAD_PJ_FAR_LAYOUT_20260330_042258.CSV,.csv,dado_tabular_ou_serializado,12506,2026-08-29T15:32:00+00:00,2026-03,nao_identificada,mcmv_geral;far,far,,
filesystem,arquivo,,Novo MCMV - FAR/MONIT_CAD_PJ_FAR_LAYOUT_20260401_043332.CSV,MONIT_CAD_PJ_FAR_LAYOUT_20260401_043332.CSV,.csv,dado_tabular_ou_serializado,12506,2026-08-29T15:32:00+00:00,2026-04,nao_identificada,mcmv_geral;far,far,,
filesystem,arquivo,,Novo MCMV - FAR/MONIT_CAD_PJ_FAR_LAYOUT_20260413_042904.CSV,MONIT_CAD_PJ_FAR_LAYOUT_20260413_042904.CSV,.csv,dado_tabular_ou_serializado,12506,2026-08-29T15:32:00+00:00,2026-04,nao_identificada,mcmv_geral;far,far,,
filesystem,arquivo,,Novo MCMV - FAR/MONIT_CAD_PJ_FAR_LAYOUT_20260420_044606.CSV,MONIT_CAD_PJ_FAR_LAYOUT_20260420_044606.CSV,.csv,dado_tabular_ou_serializado,12506,2026-08-29T15:32:00+00:00,2026-04,nao_identificada,mcmv_geral;far,far,,
filesystem,arquivo,,Novo MCMV - FAR/MONIT_CAD_PJ_FAR_LAYOUT_20260427_043728.CSV,MONIT_CAD_PJ_FAR_LAYOUT_20260427_043728.CSV,.csv,dado_tabular_ou_serializado,12506,2026-08-29T15:32:00+00:00,2026-04,nao_identificada,mcmv_geral;far,far,,
filesystem,arquivo,,Novo MCMV - FAR/MONIT_CAD_PJ_FAR_LAYOUT_20260504_043649.CSV,MONIT_CAD_PJ_FAR_LAYOUT_20260504_043649.CSV,.csv,dado_tabular_ou_serializado,12506,2026-08-29T15:32:00+00:00,2026-05,nao_identificada,mcmv_geral;far,far,,
filesystem,arquivo,,Novo MCMV - FAR/MONIT_CAD_PJ_FAR_LAYOUT_20260511_043726.CSV,MONIT_CAD_PJ_FAR_LAYOUT_20260511_043726.CSV,.csv,dado_tabular_ou_serializado,12506,2026-08-29T15:32:00+00:00,2026-05,nao_identificada,mcmv_geral;far,far,,
filesystem,arquivo,,Novo MCMV - FAR/MONIT_CAD_PJ_FAR_LAYOUT_20260518_043524.CSV,MONIT_CAD_PJ_FAR_LAYOUT_20260518_043524.CSV,.csv,dado_tabular_ou_serializado,12506,2026-08-29T15:32:00+00:00,2026-05,nao_identificada,mcmv_geral;far,far,,
filesystem,arquivo,,Novo MCMV - FAR/MONIT_CAD_PJ_FAR_LAYOUT_20260525_043230.CSV,MONIT_CAD_PJ_FAR_LAYOUT_20260525_043230.CSV,.csv,dado_tabular_ou_serializado,12506,2026-08-29T15:32:00+00:00,2026-05,nao_identificada,mcmv_geral;far,far,,
filesystem,arquivo,,Novo MCMV - FAR/MONIT_CAD_PJ_FAR_LAYOUT_20260601_043431.CSV,MONIT_CAD_PJ_FAR_LAYOUT_20260601_043431.CSV,.csv,dado_tabular_ou_serializado,12506,2026-08-29T15:32:00+00:00,2026-06,nao_identificada,mcmv_geral;far,far,,
filesystem,arquivo,,Novo MCMV - FAR/MONIT_CAD_PJ_FAR_LAYOUT_20260615_043146.CSV,MONIT_CAD_PJ_FAR_LAYOUT_20260615_043146.CSV,.csv,dado_tabular_ou_serializado,12506,2026-08-29T15:32:00+00:00,2026-06,nao_identificada,mcmv_geral;far,far,,
filesystem,arquivo,,Novo MCMV - FAR/MONIT_CAD_PJ_FAR_LAYOUT_20260629_042723.CSV,MONIT_CAD_PJ_FAR_LAYOUT_20260629_042723.CSV,.csv,dado_tabular_ou_serializado,12506,2026-08-29T15:32:00+00:00,2026-06,nao_identificada,mcmv_geral;far,far,,
filesystem,arquivo,,Novo MCMV - FAR/MONIT_CAD_PJ_FAR_LAYOUT_20260706_043007.CSV,MONIT_CAD_PJ_FAR_LAYOUT_20260706_043007.CSV,.csv,dado_tabular_ou_serializado,12506,2026-08-29T15:32:00+00:00,2026-07,nao_identificada,mcmv_geral;far,far,,
filesystem,arquivo,,Novo MCMV - FAR/MONIT_CAD_PJ_FAR_LAYOUT_20260713_043033.CSV,MONIT_CAD_PJ_FAR_LAYOUT_20260713_043033.CSV,.csv,dado_tabular_ou_serializado,12506,2026-08-29T15:32:00+00:00,2026-07,nao_identificada,mcmv_geral;far,far,,
filesystem,arquivo,,Novo MCMV - FAR/MONIT_CAD_PJ_FAR_LAYOUT_20260720_041613.CSV,MONIT_CAD_PJ_FAR_LAYOUT_20260720_041613.CSV,.csv,dado_tabular_ou_serializado,12506,2026-08-29T15:32:00+00:00,2026-07,nao_identificada,mcmv_geral;far,far,,
filesystem,arquivo,,Novo MCMV - FAR/MONIT_CAD_PJ_FAR_LAYOUT_20260727_041658.CSV,MONIT_CAD_PJ_FAR_LAYOUT_20260727_041658.CSV,.csv,dado_tabular_ou_serializado,12506,2026-08-29T15:32:00+00:00,2026-07,nao_identificada,mcmv_geral;far,far,,
filesystem,arquivo,,Novo MCMV - FAR/MONIT_CAD_PJ_FAR_LAYOUT_20260803_041913.CSV,MONIT_CAD_PJ_FAR_LAYOUT_20260803_041913.CSV,.csv,dado_tabular_ou_serializado,12506,2026-08-29T15:32:00+00:00,2026-08,nao_identificada,mcmv_geral;far,far,,
filesystem,arquivo,,Novo MCMV - FAR/MONIT_CAD_PJ_FAR_LAYOUT_20260810_041718.CSV,MONIT_CAD_PJ_FAR_LAYOUT_20260810_041718.CSV,.csv,dado_tabular_ou_serializado,12506,2026-08-29T15:32:00+00:00,2026-08,nao_identificada,mcmv_geral;far,far,,
filesystem,arquivo,,Novo MCMV - FAR/MONIT_CAD_PJ_FAR_MENSAL_202602_042922.CSV,MONIT_CAD_PJ_FAR_MENSAL_202602_042922.CSV,.csv,dado_tabular_ou_serializado,557024,2026-08-29T15:32:00+00:00,2026-02,nao_identificada,mcmv_geral;far,far,,
filesystem,arquivo,,Novo MCMV - FAR/MONIT_CAD_PJ_FAR_MENSAL_202603_043332.CSV,MONIT_CAD_PJ_FAR_MENSAL_202603_043332.CSV,.csv,dado_tabular_ou_serializado,558070,2026-08-29T15:32:00+00:00,2026-03,nao_identificada,mcmv_geral;far,far,,
filesystem,arquivo,,Novo MCMV - FAR/MONIT_CAD_PJ_FAR_MENSAL_202604_043649.CSV,MONIT_CAD_PJ_FAR_MENSAL_202604_043649.CSV,.csv,dado_tabular_ou_serializado,565146,2026-08-29T15:32:00+00:00,2026-04,nao_identificada,mcmv_geral;far,far,,
filesystem,arquivo,,Novo MCMV - FAR/MONIT_CAD_PJ_FAR_MENSAL_202605_043431.CSV,MONIT_CAD_PJ_FAR_MENSAL_202605_043431.CSV,.csv,dado_tabular_ou_serializado,575895,2026-08-29T15:32:00+00:00,2026-05,nao_identificada,mcmv_geral;far,far,,
filesystem,arquivo,,Novo MCMV - FAR/MONIT_CAD_PJ_FAR_MENSAL_202607_041913.CSV,MONIT_CAD_PJ_FAR_MENSAL_202607_041913.CSV,.csv,dado_tabular_ou_serializado,593545,2026-08-29T15:32:00+00:00,2026-07,nao_identificada,mcmv_geral;far,far,,
filesystem,arquivo,,Novo MCMV - FAR/MONIT_CAD_PJ_FAR_SEMANAL_20260223_043045.CSV,MONIT_CAD_PJ_FAR_SEMANAL_20260223_043045.CSV,.csv,dado_tabular_ou_serializado,2600,2026-08-29T15:32:00+00:00,2026-02,nao_identificada,mcmv_geral;far,far,,
filesystem,arquivo,,Novo MCMV - FAR/MONIT_CAD_PJ_FAR_SEMANAL_202602_042258.CSV,MONIT_CAD_PJ_FAR_SEMANAL_202602_042258.CSV,.csv,dado_tabular_ou_serializado,2653,2026-08-29T15:32:00+00:00,2026-02,nao_identificada,mcmv_geral;far,far,,
filesystem,arquivo,,Novo MCMV - FAR/MONIT_CAD_PJ_FAR_SEMANAL_202603_042904.CSV,MONIT_CAD_PJ_FAR_SEMANAL_202603_042904.CSV,.csv,dado_tabular_ou_serializado,3992,2026-08-29T15:32:00+00:00,2026-03,nao_identificada,mcmv_geral;far,far,,
filesystem,arquivo,,Novo MCMV - FAR/MONIT_CAD_PJ_FAR_SEMANAL_202603_043728.CSV,MONIT_CAD_PJ_FAR_SEMANAL_202603_043728.CSV,.csv,dado_tabular_ou_serializado,4758,2026-08-29T15:32:00+00:00,2026-03,nao_identificada,mcmv_geral;far,far,,
filesystem,arquivo,,Novo MCMV - FAR/MONIT_CAD_PJ_FAR_SEMANAL_202603_044606.CSV,MONIT_CAD_PJ_FAR_SEMANAL_202603_044606.CSV,.csv,dado_tabular_ou_serializado,2647,2026-08-29T15:32:00+00:00,2026-03,nao_identificada,mcmv_geral;far,far,,
filesystem,arquivo,,Novo MCMV - FAR/MONIT_CAD_PJ_FAR_SEMANAL_202604_043230.CSV,MONIT_CAD_PJ_FAR_SEMANAL_202604_043230.CSV,.csv,dado_tabular_ou_serializado,3941,2026-08-29T15:32:00+00:00,2026-04,nao_identificada,mcmv_geral;far,far,,
filesystem,arquivo,,Novo MCMV - FAR/MONIT_CAD_PJ_FAR_SEMANAL_202604_043524.CSV,MONIT_CAD_PJ_FAR_SEMANAL_202604_043524.CSV,.csv,dado_tabular_ou_serializado,5934,2026-08-29T15:32:00+00:00,2026-04,nao_identificada,mcmv_geral;far,far,,
filesystem,arquivo,,Novo MCMV - FAR/MONIT_CAD_PJ_FAR_SEMANAL_202604_043649.CSV,MONIT_CAD_PJ_FAR_SEMANAL_202604_043649.CSV,.csv,dado_tabular_ou_serializado,3276,2026-08-29T15:32:00+00:00,2026-04,nao_identificada,mcmv_geral;far,far,,
filesystem,arquivo,,Novo MCMV - FAR/MONIT_CAD_PJ_FAR_SEMANAL_202604_043726.CSV,MONIT_CAD_PJ_FAR_SEMANAL_202604_043726.CSV,.csv,dado_tabular_ou_serializado,3942,2026-08-29T15:32:00+00:00,2026-04,nao_identificada,mcmv_geral;far,far,,
filesystem,arquivo,,Novo MCMV - FAR/MONIT_CAD_PJ_FAR_SEMANAL_202605_042723.CSV,MONIT_CAD_PJ_FAR_SEMANAL_202605_042723.CSV,.csv,dado_tabular_ou_serializado,8652,2026-08-29T15:32:00+00:00,2026-05,nao_identificada,mcmv_geral;far,far,,
filesystem,arquivo,,Novo MCMV - FAR/MONIT_CAD_PJ_FAR_SEMANAL_202605_043146.CSV,MONIT_CAD_PJ_FAR_SEMANAL_202605_043146.CSV,.csv,dado_tabular_ou_serializado,4038,2026-08-29T15:32:00+00:00,2026-05,nao_identificada,mcmv_geral;far,far,,
filesystem,arquivo,,Novo MCMV - FAR/MONIT_CAD_PJ_FAR_SEMANAL_202605_043431.CSV,MONIT_CAD_PJ_FAR_SEMANAL_202605_043431.CSV,.csv,dado_tabular_ou_serializado,4660,2026-08-29T15:32:00+00:00,2026-05,nao_identificada,mcmv_geral;far,far,,
filesystem,arquivo,,Novo MCMV - FAR/MONIT_CAD_PJ_FAR_SEMANAL_202606_041613.CSV,MONIT_CAD_PJ_FAR_SEMANAL_202606_041613.CSV,.csv,dado_tabular_ou_serializado,2623,2026-08-29T15:32:00+00:00,2026-06,nao_identificada,mcmv_geral;far,far,,
filesystem,arquivo,,Novo MCMV - FAR/MONIT_CAD_PJ_FAR_SEMANAL_202606_041658.CSV,MONIT_CAD_PJ_FAR_SEMANAL_202606_041658.CSV,.csv,dado_tabular_ou_serializado,3286,2026-08-29T15:32:00+00:00,2026-06,nao_identificada,mcmv_geral;far,far,,
filesystem,arquivo,,Novo MCMV - FAR/MONIT_CAD_PJ_FAR_SEMANAL_202606_043007.CSV,MONIT_CAD_PJ_FAR_SEMANAL_202606_043007.CSV,.csv,dado_tabular_ou_serializado,5297,2026-08-29T15:32:00+00:00,2026-06,nao_identificada,mcmv_geral;far,far,,
filesystem,arquivo,,Novo MCMV - FAR/MONIT_CAD_PJ_FAR_SEMANAL_202606_043033.CSV,MONIT_CAD_PJ_FAR_SEMANAL_202606_043033.CSV,.csv,dado_tabular_ou_serializado,2623,2026-08-29T15:32:00+00:00,2026-06,nao_identificada,mcmv_geral;far,far,,
filesystem,arquivo,,Novo MCMV - FAR/MONIT_CAD_PJ_FAR_SEMANAL_202607_041718.CSV,MONIT_CAD_PJ_FAR_SEMANAL_202607_041718.CSV,.csv,dado_tabular_ou_serializado,2645,2026-08-29T15:32:00+00:00,2026-07,nao_identificada,mcmv_geral;far,far,,
filesystem,arquivo,,Novo MCMV - FAR/MONIT_CAD_PJ_FAR_SEMANAL_202607_041913.CSV,MONIT_CAD_PJ_FAR_SEMANAL_202607_041913.CSV,.csv,dado_tabular_ou_serializado,4726,2026-08-29T15:32:00+00:00,2026-07,nao_identificada,mcmv_geral;far,far,,
filesystem,arquivo,,Novo MCMV - FAR/MONIT_MOV_FINANC_FAR_LAYOUT_20260401_103003.CSV,MONIT_MOV_FINANC_FAR_LAYOUT_20260401_103003.CSV,.csv,dado_tabular_ou_serializado,1721,2026-08-29T15:32:00+00:00,2026-04,nao_identificada,mcmv_geral;far,far,,
filesystem,arquivo,,Novo MCMV - FAR/MONIT_MOV_FINANC_FAR_LAYOUT_20260406_103004.CSV,MONIT_MOV_FINANC_FAR_LAYOUT_20260406_103004.CSV,.csv,dado_tabular_ou_serializado,1721,2026-08-29T15:32:00+00:00,2026-04,nao_identificada,mcmv_geral;far,far,,
filesystem,arquivo,,Novo MCMV - FAR/MONIT_MOV_FINANC_FAR_LAYOUT_20260413_103004.CSV,MONIT_MOV_FINANC_FAR_LAYOUT_20260413_103004.CSV,.csv,dado_tabular_ou_serializado,1721,2026-08-29T15:32:00+00:00,2026-04,nao_identificada,mcmv_geral;far,far,,
filesystem,arquivo,,Novo MCMV - FAR/MONIT_MOV_FINANC_FAR_LAYOUT_20260420_103008.CSV,MONIT_MOV_FINANC_FAR_LAYOUT_20260420_103008.CSV,.csv,dado_tabular_ou_serializado,1721,2026-08-29T15:32:00+00:00,2026-04,nao_identificada,mcmv_geral;far,far,,
filesystem,arquivo,,Novo MCMV - FAR/MONIT_MOV_FINANC_FAR_LAYOUT_20260427_103016.CSV,MONIT_MOV_FINANC_FAR_LAYOUT_20260427_103016.CSV,.csv,dado_tabular_ou_serializado,1721,2026-08-29T15:32:00+00:00,2026-04,nao_identificada,mcmv_geral;far,far,,
filesystem,arquivo,,Novo MCMV - FAR/MONIT_MOV_FINANC_FAR_LAYOUT_20260504_103014.CSV,MONIT_MOV_FINANC_FAR_LAYOUT_20260504_103014.CSV,.csv,dado_tabular_ou_serializado,1721,2026-08-29T15:32:00+00:00,2026-05,nao_identificada,mcmv_geral;far,far,,
filesystem,arquivo,,Novo MCMV - FAR/MONIT_MOV_FINANC_FAR_LAYOUT_20260511_103003.CSV,MONIT_MOV_FINANC_FAR_LAYOUT_20260511_103003.CSV,.csv,dado_tabular_ou_serializado,1721,2026-08-29T15:32:00+00:00,2026-05,nao_identificada,mcmv_geral;far,far,,
filesystem,arquivo,,Novo MCMV - FAR/MONIT_MOV_FINANC_FAR_LAYOUT_20260518_103002.CSV,MONIT_MOV_FINANC_FAR_LAYOUT_20260518_103002.CSV,.csv,dado_tabular_ou_serializado,1903,2026-08-29T15:32:00+00:00,2026-05,nao_identificada,mcmv_geral;far,far,,
filesystem,arquivo,,Novo MCMV - FAR/MONIT_MOV_FINANC_FAR_LAYOUT_20260525_103004.CSV,MONIT_MOV_FINANC_FAR_LAYOUT_20260525_103004.CSV,.csv,dado_tabular_ou_serializado,1903,2026-08-29T15:32:00+00:00,2026-05,nao_identificada,mcmv_geral;far,far,,
filesystem,arquivo,,Novo MCMV - FAR/MONIT_MOV_FINANC_FAR_LAYOUT_20260601_103005.CSV,MONIT_MOV_FINANC_FAR_LAYOUT_20260601_103005.CSV,.csv,dado_tabular_ou_serializado,1903,2026-08-29T15:32:00+00:00,2026-06,nao_identificada,mcmv_geral;far,far,,
filesystem,arquivo,,Novo MCMV - FAR/MONIT_MOV_FINANC_FAR_LAYOUT_20260608_103005.CSV,MONIT_MOV_FINANC_FAR_LAYOUT_20260608_103005.CSV,.csv,dado_tabular_ou_serializado,1903,2026-08-29T15:32:00+00:00,2026-06,nao_identificada,mcmv_geral;far,far,,
filesystem,arquivo,,Novo MCMV - FAR/MONIT_MOV_FINANC_FAR_LAYOUT_20260615_103005.CSV,MONIT_MOV_FINANC_FAR_LAYOUT_20260615_103005.CSV,.csv,dado_tabular_ou_serializado,1903,2026-08-29T15:32:00+00:00,2026-06,nao_identificada,mcmv_geral;far,far,,
filesystem,arquivo,,Novo MCMV - FAR/MONIT_MOV_FINANC_FAR_LAYOUT_20260622_103006.CSV,MONIT_MOV_FINANC_FAR_LAYOUT_20260622_103006.CSV,.csv,dado_tabular_ou_serializado,1903,2026-08-29T15:32:00+00:00,2026-06,nao_identificada,mcmv_geral;far,far,,
filesystem,arquivo,,Novo MCMV - FAR/MONIT_MOV_FINANC_FAR_LAYOUT_20260629_103002.CSV,MONIT_MOV_FINANC_FAR_LAYOUT_20260629_103002.CSV,.csv,dado_tabular_ou_serializado,1903,2026-08-29T15:32:00+00:00,2026-06,nao_identificada,mcmv_geral;far,far,,
filesystem,arquivo,,Novo MCMV - FAR/MONIT_MOV_FINANC_FAR_LAYOUT_20260701_103004.CSV,MONIT_MOV_FINANC_FAR_LAYOUT_20260701_103004.CSV,.csv,dado_tabular_ou_serializado,1903,2026-08-29T15:32:00+00:00,2026-07,nao_identificada,mcmv_geral;far,far,,
filesystem,arquivo,,Novo MCMV - FAR/MONIT_MOV_FINANC_FAR_LAYOUT_20260706_103005.CSV,MONIT_MOV_FINANC_FAR_LAYOUT_20260706_103005.CSV,.csv,dado_tabular_ou_serializado,1903,2026-08-29T15:32:00+00:00,2026-07,nao_identificada,mcmv_geral;far,far,,
filesystem,arquivo,,Novo MCMV - FAR/MONIT_MOV_FINANC_FAR_LAYOUT_20260713_103004.CSV,MONIT_MOV_FINANC_FAR_LAYOUT_20260713_103004.CSV,.csv,dado_tabular_ou_serializado,1903,2026-08-29T15:32:00+00:00,2026-07,nao_identificada,mcmv_geral;far,far,,
filesystem,arquivo,,Novo MCMV - FAR/MONIT_MOV_FINANC_FAR_LAYOUT_20260720_103003.CSV,MONIT_MOV_FINANC_FAR_LAYOUT_20260720_103003.CSV,.csv,dado_tabular_ou_serializado,1903,2026-08-29T15:32:00+00:00,2026-07,nao_identificada,mcmv_geral;far,far,,
filesystem,arquivo,,Novo MCMV - FAR/MONIT_MOV_FINANC_FAR_LAYOUT_20260727_103006.CSV,MONIT_MOV_FINANC_FAR_LAYOUT_20260727_103006.CSV,.csv,dado_tabular_ou_serializado,1903,2026-08-29T15:32:00+00:00,2026-07,nao_identificada,mcmv_geral;far,far,,
filesystem,arquivo,,Novo MCMV - FAR/MONIT_MOV_FINANC_FAR_LAYOUT_20260803_103005.CSV,MONIT_MOV_FINANC_FAR_LAYOUT_20260803_103005.CSV,.csv,dado_tabular_ou_serializado,1903,2026-08-29T15:32:00+00:00,2026-08,nao_identificada,mcmv_geral;far,far,,
filesystem,arquivo,,Novo MCMV - FAR/MONIT_MOV_FINANC_FAR_LAYOUT_20260810_103003.CSV,MONIT_MOV_FINANC_FAR_LAYOUT_20260810_103003.CSV,.csv,dado_tabular_ou_serializado,1903,2026-08-29T15:32:00+00:00,2026-08,nao_identificada,mcmv_geral;far,far,,
filesystem,arquivo,,Novo MCMV - FAR/MONIT_MOV_FINANC_FAR_LAYOUT_20260817_103004.CSV,MONIT_MOV_FINANC_FAR_LAYOUT_20260817_103004.CSV,.csv,dado_tabular_ou_serializado,1903,2026-08-29T15:32:00+00:00,2026-08,nao_identificada,mcmv_geral;far,far,,
filesystem,arquivo,,Novo MCMV - FAR/MONIT_MOV_FINANC_FAR_LAYOUT_20260824_111512.CSV,MONIT_MOV_FINANC_FAR_LAYOUT_20260824_111512.CSV,.csv,dado_tabular_ou_serializado,1903,2026-08-29T15:32:00+00:00,2026-08,nao_identificada,mcmv_geral;far,far,,
filesystem,arquivo,,Novo MCMV - FAR/MONIT_MOV_FINANC_FAR_MENSAL_202602_103003.CSV,MONIT_MOV_FINANC_FAR_MENSAL_202602_103003.CSV,.csv,dado_tabular_ou_serializado,1349537,2026-08-29T15:32:00+00:00,2026-02,nao_identificada,mcmv_geral;far,far,,
filesystem,arquivo,,Novo MCMV - FAR/MONIT_MOV_FINANC_FAR_MENSAL_202603_103003.CSV,MONIT_MOV_FINANC_FAR_MENSAL_202603_103003.CSV,.csv,dado_tabular_ou_serializado,1518418,2026-08-29T15:32:00+00:00,2026-03,nao_identificada,mcmv_geral;far,far,,
filesystem,arquivo,,Novo MCMV - FAR/MONIT_MOV_FINANC_FAR_MENSAL_202604_103014.CSV,MONIT_MOV_FINANC_FAR_MENSAL_202604_103014.CSV,.csv,dado_tabular_ou_serializado,1776401,2026-08-29T15:32:00+00:00,2026-04,nao_identificada,mcmv_geral;far,far,,
filesystem,arquivo,,Novo MCMV - FAR/MONIT_MOV_FINANC_FAR_MENSAL_202605_103005.CSV,MONIT_MOV_FINANC_FAR_MENSAL_202605_103005.CSV,.csv,dado_tabular_ou_serializado,2015472,2026-08-29T15:32:00+00:00,2026-05,nao_identificada,mcmv_geral;far,far,,
filesystem,arquivo,,Novo MCMV - FAR/MONIT_MOV_FINANC_FAR_MENSAL_202606_103004.CSV,MONIT_MOV_FINANC_FAR_MENSAL_202606_103004.CSV,.csv,dado_tabular_ou_serializado,2161583,2026-08-29T15:32:00+00:00,2026-06,nao_identificada,mcmv_geral;far,far,,
filesystem,arquivo,,Novo MCMV - FAR/MONIT_MOV_FINANC_FAR_MENSAL_202607_103005.CSV,MONIT_MOV_FINANC_FAR_MENSAL_202607_103005.CSV,.csv,dado_tabular_ou_serializado,2359019,2026-08-29T15:32:00+00:00,2026-07,nao_identificada,mcmv_geral;far,far,,
filesystem,arquivo,,Novo MCMV - FAR/MONIT_MOV_FINANC_FAR_SEMANAL_20260209_103003.CSV,MONIT_MOV_FINANC_FAR_SEMANAL_20260209_103003.CSV,.csv,dado_tabular_ou_serializado,37805,2026-08-29T15:32:00+00:00,2026-02,nao_identificada,mcmv_geral;far,far,,
filesystem,arquivo,,Novo MCMV - FAR/MONIT_MOV_FINANC_FAR_SEMANAL_20260216_103004.CSV,MONIT_MOV_FINANC_FAR_SEMANAL_20260216_103004.CSV,.csv,dado_tabular_ou_serializado,50024,2026-08-29T15:32:00+00:00,2026-02,nao_identificada,mcmv_geral;far,far,,
filesystem,arquivo,,Novo MCMV - FAR/MONIT_MOV_FINANC_FAR_SEMANAL_20260223_103001.CSV,MONIT_MOV_FINANC_FAR_SEMANAL_20260223_103001.CSV,.csv,dado_tabular_ou_serializado,27013,2026-08-29T15:32:00+00:00,2026-02,nao_identificada,mcmv_geral;far,far,,
filesystem,arquivo,,Novo MCMV - FAR/MONIT_MOV_FINANC_FAR_SEMANAL_20260302_103003.CSV,MONIT_MOV_FINANC_FAR_SEMANAL_20260302_103003.CSV,.csv,dado_tabular_ou_serializado,40986,2026-08-29T15:32:00+00:00,2026-03,nao_identificada,mcmv_geral;far,far,,
filesystem,arquivo,,Novo MCMV - FAR/MONIT_MOV_FINANC_FAR_SEMANAL_20260309_103003.CSV,MONIT_MOV_FINANC_FAR_SEMANAL_20260309_103003.CSV,.csv,dado_tabular_ou_serializado,21012,2026-08-29T15:32:00+00:00,2026-03,nao_identificada,mcmv_geral;far,far,,
filesystem,arquivo,,Novo MCMV - FAR/MONIT_MOV_FINANC_FAR_SEMANAL_20260316_103006.CSV,MONIT_MOV_FINANC_FAR_SEMANAL_20260316_103006.CSV,.csv,dado_tabular_ou_serializado,53542,2026-08-29T15:32:00+00:00,2026-03,nao_identificada,mcmv_geral;far,far,,
filesystem,arquivo,,Novo MCMV - FAR/MONIT_MOV_FINANC_FAR_SEMANAL_202603_103004.CSV,MONIT_MOV_FINANC_FAR_SEMANAL_202603_103004.CSV,.csv,dado_tabular_ou_serializado,35471,2026-08-29T15:32:00+00:00,2026-03,nao_identificada,mcmv_geral;far,far,,
filesystem,arquivo,,Novo MCMV - FAR/MONIT_MOV_FINANC_FAR_SEMANAL_202603_103008.CSV,MONIT_MOV_FINANC_FAR_SEMANAL_202603_103008.CSV,.csv,dado_tabular_ou_serializado,49622,2026-08-29T15:32:00+00:00,2026-03,nao_identificada,mcmv_geral;far,far,,
filesystem,arquivo,,Novo MCMV - FAR/MONIT_MOV_FINANC_FAR_SEMANAL_202603_103016.CSV,MONIT_MOV_FINANC_FAR_SEMANAL_202603_103016.CSV,.csv,dado_tabular_ou_serializado,123916,2026-08-29T15:32:00+00:00,2026-03,nao_identificada,mcmv_geral;far,far,,
filesystem,arquivo,,Novo MCMV - FAR/MONIT_MOV_FINANC_FAR_SEMANAL_202604_103002.CSV,MONIT_MOV_FINANC_FAR_SEMANAL_202604_103002.CSV,.csv,dado_tabular_ou_serializado,46104,2026-08-29T15:32:00+00:00,2026-04,nao_identificada,mcmv_geral;far,far,,
filesystem,arquivo,,Novo MCMV - FAR/MONIT_MOV_FINANC_FAR_SEMANAL_202604_103003.CSV,MONIT_MOV_FINANC_FAR_SEMANAL_202604_103003.CSV,.csv,dado_tabular_ou_serializado,48582,2026-08-29T15:32:00+00:00,2026-04,nao_identificada,mcmv_geral;far,far,,
filesystem,arquivo,,Novo MCMV - FAR/MONIT_MOV_FINANC_FAR_SEMANAL_202604_103004.CSV,MONIT_MOV_FINANC_FAR_SEMANAL_202604_103004.CSV,.csv,dado_tabular_ou_serializado,41450,2026-08-29T15:32:00+00:00,2026-04,nao_identificada,mcmv_geral;far,far,,
filesystem,arquivo,,Novo MCMV - FAR/MONIT_MOV_FINANC_FAR_SEMANAL_202604_103014.CSV,MONIT_MOV_FINANC_FAR_SEMANAL_202604_103014.CSV,.csv,dado_tabular_ou_serializado,41268,2026-08-29T15:32:00+00:00,2026-04,nao_identificada,mcmv_geral;far,far,,
filesystem,arquivo,,Novo MCMV - FAR/MONIT_MOV_FINANC_FAR_SEMANAL_202605_103002.CSV,MONIT_MOV_FINANC_FAR_SEMANAL_202605_103002.CSV,.csv,dado_tabular_ou_serializado,26867,2026-08-29T15:32:00+00:00,2026-05,nao_identificada,mcmv_geral;far,far,,
filesystem,arquivo,,Novo MCMV - FAR/MONIT_MOV_FINANC_FAR_SEMANAL_202605_103005.CSV,MONIT_MOV_FINANC_FAR_SEMANAL_202605_103005.CSV,.csv,dado_tabular_ou_serializado,51206,2026-08-29T15:32:00+00:00,2026-05,nao_identificada,mcmv_geral;far,far,,
filesystem,arquivo,,Novo MCMV - FAR/MONIT_MOV_FINANC_FAR_SEMANAL_202605_103006.CSV,MONIT_MOV_FINANC_FAR_SEMANAL_202605_103006.CSV,.csv,dado_tabular_ou_serializado,47905,2026-08-29T15:32:00+00:00,2026-05,nao_identificada,mcmv_geral;far,far,,
filesystem,arquivo,,Novo MCMV - FAR/MONIT_MOV_FINANC_FAR_SEMANAL_202606_103003.CSV,MONIT_MOV_FINANC_FAR_SEMANAL_202606_103003.CSV,.csv,dado_tabular_ou_serializado,48839,2026-08-29T15:32:00+00:00,2026-06,nao_identificada,mcmv_geral;far,far,,
filesystem,arquivo,,Novo MCMV - FAR/MONIT_MOV_FINANC_FAR_SEMANAL_202606_103004.CSV,MONIT_MOV_FINANC_FAR_SEMANAL_202606_103004.CSV,.csv,dado_tabular_ou_serializado,50083,2026-08-29T15:32:00+00:00,2026-06,nao_identificada,mcmv_geral;far,far,,
filesystem,arquivo,,Novo MCMV - FAR/MONIT_MOV_FINANC_FAR_SEMANAL_202606_103005.CSV,MONIT_MOV_FINANC_FAR_SEMANAL_202606_103005.CSV,.csv,dado_tabular_ou_serializado,44268,2026-08-29T15:32:00+00:00,2026-06,nao_identificada,mcmv_geral;far,far,,
filesystem,arquivo,,Novo MCMV - FAR/MONIT_MOV_FINANC_FAR_SEMANAL_202606_103006.CSV,MONIT_MOV_FINANC_FAR_SEMANAL_202606_103006.CSV,.csv,dado_tabular_ou_serializado,28392,2026-08-29T15:32:00+00:00,2026-06,nao_identificada,mcmv_geral;far,far,,
filesystem,arquivo,,Novo MCMV - FAR/MONIT_MOV_FINANC_FAR_SEMANAL_202607_103003.CSV,MONIT_MOV_FINANC_FAR_SEMANAL_202607_103003.CSV,.csv,dado_tabular_ou_serializado,46558,2026-08-29T15:32:00+00:00,2026-07,nao_identificada,mcmv_geral;far,far,,
filesystem,arquivo,,Novo MCMV - FAR/MONIT_MOV_FINANC_FAR_SEMANAL_202607_103004.CSV,MONIT_MOV_FINANC_FAR_SEMANAL_202607_103004.CSV,.csv,dado_tabular_ou_serializado,33345,2026-08-29T15:32:00+00:00,2026-07,nao_identificada,mcmv_geral;far,far,,
filesystem,arquivo,,Novo MCMV - FAR/MONIT_MOV_FINANC_FAR_SEMANAL_202607_103005.CSV,MONIT_MOV_FINANC_FAR_SEMANAL_202607_103005.CSV,.csv,dado_tabular_ou_serializado,40423,2026-08-29T15:32:00+00:00,2026-07,nao_identificada,mcmv_geral;far,far,,
filesystem,arquivo,,Novo MCMV - FAR/MONIT_MOV_FINANC_FAR_SEMANAL_202607_111512.CSV,MONIT_MOV_FINANC_FAR_SEMANAL_202607_111512.CSV,.csv,dado_tabular_ou_serializado,45265,2026-08-29T15:32:00+00:00,2026-07,nao_identificada,mcmv_geral;far,far,,
filesystem,arquivo,,Novo MCMV - FAR/MONIT_MOV_OBRA_FAR_LAYOUT_20260302_042935.CSV,MONIT_MOV_OBRA_FAR_LAYOUT_20260302_042935.CSV,.csv,dado_tabular_ou_serializado,6964,2026-08-29T15:32:00+00:00,2026-03,nao_identificada,mcmv_geral;far,far,,
filesystem,arquivo,,Novo MCMV - FAR/MONIT_MOV_OBRA_FAR_LAYOUT_20260330_042335.CSV,MONIT_MOV_OBRA_FAR_LAYOUT_20260330_042335.CSV,.csv,dado_tabular_ou_serializado,6964,2026-08-29T15:32:00+00:00,2026-03,nao_identificada,mcmv_geral;far,far,,
filesystem,arquivo,,Novo MCMV - FAR/MONIT_MOV_OBRA_FAR_LAYOUT_20260401_043358.CSV,MONIT_MOV_OBRA_FAR_LAYOUT_20260401_043358.CSV,.csv,dado_tabular_ou_serializado,6964,2026-08-29T15:32:00+00:00,2026-04,nao_identificada,mcmv_geral;far,far,,
filesystem,arquivo,,Novo MCMV - FAR/MONIT_MOV_OBRA_FAR_LAYOUT_20260413_042950.CSV,MONIT_MOV_OBRA_FAR_LAYOUT_20260413_042950.CSV,.csv,dado_tabular_ou_serializado,6964,2026-08-29T15:32:00+00:00,2026-04,nao_identificada,mcmv_geral;far,far,,
filesystem,arquivo,,Novo MCMV - FAR/MONIT_MOV_OBRA_FAR_LAYOUT_20260420_044632.CSV,MONIT_MOV_OBRA_FAR_LAYOUT_20260420_044632.CSV,.csv,dado_tabular_ou_serializado,6964,2026-08-29T15:32:00+00:00,2026-04,nao_identificada,mcmv_geral;far,far,,
filesystem,arquivo,,Novo MCMV - FAR/MONIT_MOV_OBRA_FAR_LAYOUT_20260427_043754.CSV,MONIT_MOV_OBRA_FAR_LAYOUT_20260427_043754.CSV,.csv,dado_tabular_ou_serializado,6964,2026-08-29T15:32:00+00:00,2026-04,nao_identificada,mcmv_geral;far,far,,
filesystem,arquivo,,Novo MCMV - FAR/MONIT_MOV_OBRA_FAR_LAYOUT_20260504_043742.CSV,MONIT_MOV_OBRA_FAR_LAYOUT_20260504_043742.CSV,.csv,dado_tabular_ou_serializado,6964,2026-08-29T15:32:00+00:00,2026-05,nao_identificada,mcmv_geral;far,far,,
filesystem,arquivo,,Novo MCMV - FAR/MONIT_MOV_OBRA_FAR_LAYOUT_20260511_043812.CSV,MONIT_MOV_OBRA_FAR_LAYOUT_20260511_043812.CSV,.csv,dado_tabular_ou_serializado,6964,2026-08-29T15:32:00+00:00,2026-05,nao_identificada,mcmv_geral;far,far,,
filesystem,arquivo,,Novo MCMV - FAR/MONIT_MOV_OBRA_FAR_LAYOUT_20260518_043611.CSV,MONIT_MOV_OBRA_FAR_LAYOUT_20260518_043611.CSV,.csv,dado_tabular_ou_serializado,6964,2026-08-29T15:32:00+00:00,2026-05,nao_identificada,mcmv_geral;far,far,,
filesystem,arquivo,,Novo MCMV - FAR/MONIT_MOV_OBRA_FAR_LAYOUT_20260525_043306.CSV,MONIT_MOV_OBRA_FAR_LAYOUT_20260525_043306.CSV,.csv,dado_tabular_ou_serializado,6964,2026-08-29T15:32:00+00:00,2026-05,nao_identificada,mcmv_geral;far,far,,
filesystem,arquivo,,Novo MCMV - FAR/MONIT_MOV_OBRA_FAR_LAYOUT_20260601_043524.CSV,MONIT_MOV_OBRA_FAR_LAYOUT_20260601_043524.CSV,.csv,dado_tabular_ou_serializado,6964,2026-08-29T15:32:00+00:00,2026-06,nao_identificada,mcmv_geral;far,far,,
filesystem,arquivo,,Novo MCMV - FAR/MONIT_MOV_OBRA_FAR_LAYOUT_20260615_043212.CSV,MONIT_MOV_OBRA_FAR_LAYOUT_20260615_043212.CSV,.csv,dado_tabular_ou_serializado,6964,2026-08-29T15:32:00+00:00,2026-06,nao_identificada,mcmv_geral;far,far,,
filesystem,arquivo,,Novo MCMV - FAR/MONIT_MOV_OBRA_FAR_LAYOUT_20260629_042749.CSV,MONIT_MOV_OBRA_FAR_LAYOUT_20260629_042749.CSV,.csv,dado_tabular_ou_serializado,6964,2026-08-29T15:32:00+00:00,2026-06,nao_identificada,mcmv_geral;far,far,,
filesystem,arquivo,,Novo MCMV - FAR/MONIT_MOV_OBRA_FAR_LAYOUT_20260706_043033.CSV,MONIT_MOV_OBRA_FAR_LAYOUT_20260706_043033.CSV,.csv,dado_tabular_ou_serializado,6964,2026-08-29T15:32:00+00:00,2026-07,nao_identificada,mcmv_geral;far,far,,
filesystem,arquivo,,Novo MCMV - FAR/MONIT_MOV_OBRA_FAR_LAYOUT_20260713_043100.CSV,MONIT_MOV_OBRA_FAR_LAYOUT_20260713_043100.CSV,.csv,dado_tabular_ou_serializado,6964,2026-08-29T15:32:00+00:00,2026-07,nao_identificada,mcmv_geral;far,far,,
filesystem,arquivo,,Novo MCMV - FAR/MONIT_MOV_OBRA_FAR_LAYOUT_20260720_041640.CSV,MONIT_MOV_OBRA_FAR_LAYOUT_20260720_041640.CSV,.csv,dado_tabular_ou_serializado,6964,2026-08-29T15:32:00+00:00,2026-07,nao_identificada,mcmv_geral;far,far,,
filesystem,arquivo,,Novo MCMV - FAR/MONIT_MOV_OBRA_FAR_LAYOUT_20260727_041724.CSV,MONIT_MOV_OBRA_FAR_LAYOUT_20260727_041724.CSV,.csv,dado_tabular_ou_serializado,6964,2026-08-29T15:32:00+00:00,2026-07,nao_identificada,mcmv_geral;far,far,,
filesystem,arquivo,,Novo MCMV - FAR/MONIT_MOV_OBRA_FAR_LAYOUT_20260803_042006.CSV,MONIT_MOV_OBRA_FAR_LAYOUT_20260803_042006.CSV,.csv,dado_tabular_ou_serializado,6964,2026-08-29T15:32:00+00:00,2026-08,nao_identificada,mcmv_geral;far,far,,
filesystem,arquivo,,Novo MCMV - FAR/MONIT_MOV_OBRA_FAR_LAYOUT_20260810_041744.CSV,MONIT_MOV_OBRA_FAR_LAYOUT_20260810_041744.CSV,.csv,dado_tabular_ou_serializado,6964,2026-08-29T15:32:00+00:00,2026-08,nao_identificada,mcmv_geral;far,far,,
filesystem,arquivo,,Novo MCMV - FAR/MONIT_MOV_OBRA_FAR_MENSAL_202602_042935.CSV,MONIT_MOV_OBRA_FAR_MENSAL_202602_042935.CSV,.csv,dado_tabular_ou_serializado,129157,2026-08-29T15:32:00+00:00,2026-02,nao_identificada,mcmv_geral;far,far,,
filesystem,arquivo,,Novo MCMV - FAR/MONIT_MOV_OBRA_FAR_MENSAL_202603_043358.CSV,MONIT_MOV_OBRA_FAR_MENSAL_202603_043358.CSV,.csv,dado_tabular_ou_serializado,129365,2026-08-29T15:32:00+00:00,2026-03,nao_identificada,mcmv_geral;far,far,,
filesystem,arquivo,,Novo MCMV - FAR/MONIT_MOV_OBRA_FAR_MENSAL_202604_043742.CSV,MONIT_MOV_OBRA_FAR_MENSAL_202604_043742.CSV,.csv,dado_tabular_ou_serializado,130972,2026-08-29T15:32:00+00:00,2026-04,nao_identificada,mcmv_geral;far,far,,
filesystem,arquivo,,Novo MCMV - FAR/MONIT_MOV_OBRA_FAR_MENSAL_202605_043524.CSV,MONIT_MOV_OBRA_FAR_MENSAL_202605_043524.CSV,.csv,dado_tabular_ou_serializado,133498,2026-08-29T15:32:00+00:00,2026-05,nao_identificada,mcmv_geral;far,far,,
filesystem,arquivo,,Novo MCMV - FAR/MONIT_MOV_OBRA_FAR_MENSAL_202607_042006.CSV,MONIT_MOV_OBRA_FAR_MENSAL_202607_042006.CSV,.csv,dado_tabular_ou_serializado,137646,2026-08-29T15:32:00+00:00,2026-07,nao_identificada,mcmv_geral;far,far,,
filesystem,arquivo,,Novo MCMV - FAR/MONIT_MOV_OBRA_FAR_SEMANAL_20260223_043059.CSV,MONIT_MOV_OBRA_FAR_SEMANAL_20260223_043059.CSV,.csv,dado_tabular_ou_serializado,1008,2026-08-29T15:32:00+00:00,2026-02,nao_identificada,mcmv_geral;far,far,,
filesystem,arquivo,,Novo MCMV - FAR/MONIT_MOV_OBRA_FAR_SEMANAL_202602_042335.CSV,MONIT_MOV_OBRA_FAR_SEMANAL_202602_042335.CSV,.csv,dado_tabular_ou_serializado,1012,2026-08-29T15:32:00+00:00,2026-02,nao_identificada,mcmv_geral;far,far,,
filesystem,arquivo,,Novo MCMV - FAR/MONIT_MOV_OBRA_FAR_SEMANAL_202603_042950.CSV,MONIT_MOV_OBRA_FAR_SEMANAL_202603_042950.CSV,.csv,dado_tabular_ou_serializado,1319,2026-08-29T15:32:00+00:00,2026-03,nao_identificada,mcmv_geral;far,far,,
filesystem,arquivo,,Novo MCMV - FAR/MONIT_MOV_OBRA_FAR_SEMANAL_202603_043754.CSV,MONIT_MOV_OBRA_FAR_SEMANAL_202603_043754.CSV,.csv,dado_tabular_ou_serializado,1473,2026-08-29T15:32:00+00:00,2026-03,nao_identificada,mcmv_geral;far,far,,
filesystem,arquivo,,Novo MCMV - FAR/MONIT_MOV_OBRA_FAR_SEMANAL_202603_044632.CSV,MONIT_MOV_OBRA_FAR_SEMANAL_202603_044632.CSV,.csv,dado_tabular_ou_serializado,1001,2026-08-29T15:32:00+00:00,2026-03,nao_identificada,mcmv_geral;far,far,,
filesystem,arquivo,,Novo MCMV - FAR/MONIT_MOV_OBRA_FAR_SEMANAL_202604_043306.CSV,MONIT_MOV_OBRA_FAR_SEMANAL_202604_043306.CSV,.csv,dado_tabular_ou_serializado,1290,2026-08-29T15:32:00+00:00,2026-04,nao_identificada,mcmv_geral;far,far,,
filesystem,arquivo,,Novo MCMV - FAR/MONIT_MOV_OBRA_FAR_SEMANAL_202604_043611.CSV,MONIT_MOV_OBRA_FAR_SEMANAL_202604_043611.CSV,.csv,dado_tabular_ou_serializado,1781,2026-08-29T15:32:00+00:00,2026-04,nao_identificada,mcmv_geral;far,far,,
filesystem,arquivo,,Novo MCMV - FAR/MONIT_MOV_OBRA_FAR_SEMANAL_202604_043742.CSV,MONIT_MOV_OBRA_FAR_SEMANAL_202604_043742.CSV,.csv,dado_tabular_ou_serializado,1165,2026-08-29T15:32:00+00:00,2026-04,nao_identificada,mcmv_geral;far,far,,
filesystem,arquivo,,Novo MCMV - FAR/MONIT_MOV_OBRA_FAR_SEMANAL_202604_043812.CSV,MONIT_MOV_OBRA_FAR_SEMANAL_202604_043812.CSV,.csv,dado_tabular_ou_serializado,1289,2026-08-29T15:32:00+00:00,2026-04,nao_identificada,mcmv_geral;far,far,,
filesystem,arquivo,,Novo MCMV - FAR/MONIT_MOV_OBRA_FAR_SEMANAL_202605_042749.CSV,MONIT_MOV_OBRA_FAR_SEMANAL_202605_042749.CSV,.csv,dado_tabular_ou_serializado,2398,2026-08-29T15:32:00+00:00,2026-05,nao_identificada,mcmv_geral;far,far,,
filesystem,arquivo,,Novo MCMV - FAR/MONIT_MOV_OBRA_FAR_SEMANAL_202605_043212.CSV,MONIT_MOV_OBRA_FAR_SEMANAL_202605_043212.CSV,.csv,dado_tabular_ou_serializado,1319,2026-08-29T15:32:00+00:00,2026-05,nao_identificada,mcmv_geral;far,far,,
filesystem,arquivo,,Novo MCMV - FAR/MONIT_MOV_OBRA_FAR_SEMANAL_202605_043524.CSV,MONIT_MOV_OBRA_FAR_SEMANAL_202605_043524.CSV,.csv,dado_tabular_ou_serializado,1473,2026-08-29T15:32:00+00:00,2026-05,nao_identificada,mcmv_geral;far,far,,
filesystem,arquivo,,Novo MCMV - FAR/MONIT_MOV_OBRA_FAR_SEMANAL_202606_041640.CSV,MONIT_MOV_OBRA_FAR_SEMANAL_202606_041640.CSV,.csv,dado_tabular_ou_serializado,1011,2026-08-29T15:32:00+00:00,2026-06,nao_identificada,mcmv_geral;far,far,,
filesystem,arquivo,,Novo MCMV - FAR/MONIT_MOV_OBRA_FAR_SEMANAL_202606_041724.CSV,MONIT_MOV_OBRA_FAR_SEMANAL_202606_041724.CSV,.csv,dado_tabular_ou_serializado,1165,2026-08-29T15:32:00+00:00,2026-06,nao_identificada,mcmv_geral;far,far,,
filesystem,arquivo,,Novo MCMV - FAR/MONIT_MOV_OBRA_FAR_SEMANAL_202606_043033.CSV,MONIT_MOV_OBRA_FAR_SEMANAL_202606_043033.CSV,.csv,dado_tabular_ou_serializado,1627,2026-08-29T15:32:00+00:00,2026-06,nao_identificada,mcmv_geral;far,far,,
filesystem,arquivo,,Novo MCMV - FAR/MONIT_MOV_OBRA_FAR_SEMANAL_202606_043100.CSV,MONIT_MOV_OBRA_FAR_SEMANAL_202606_043100.CSV,.csv,dado_tabular_ou_serializado,1011,2026-08-29T15:32:00+00:00,2026-06,nao_identificada,mcmv_geral;far,far,,
filesystem,arquivo,,Novo MCMV - FAR/MONIT_MOV_OBRA_FAR_SEMANAL_202607_041744.CSV,MONIT_MOV_OBRA_FAR_SEMANAL_202607_041744.CSV,.csv,dado_tabular_ou_serializado,1011,2026-08-29T15:32:00+00:00,2026-07,nao_identificada,mcmv_geral;far,far,,
filesystem,arquivo,,Novo MCMV - FAR/MONIT_MOV_OBRA_FAR_SEMANAL_202607_042006.CSV,MONIT_MOV_OBRA_FAR_SEMANAL_202607_042006.CSV,.csv,dado_tabular_ou_serializado,1463,2026-08-29T15:32:00+00:00,2026-07,nao_identificada,mcmv_geral;far,far,,
filesystem,arquivo,,Novo MCMV - FAR/MONIT_MOV_OBRA_FDS_LAYOUT_20260401_043240.CSV,MONIT_MOV_OBRA_FDS_LAYOUT_20260401_043240.CSV,.csv,dado_tabular_ou_serializado,8852,2026-08-29T15:32:00+00:00,2026-04,nao_identificada,mcmv_geral;far;entidades,far,,
filesystem,arquivo,,Novo MCMV - FAR/MONIT_MOV_OBRA_FDS_LAYOUT_20260504_043504.CSV,MONIT_MOV_OBRA_FDS_LAYOUT_20260504_043504.CSV,.csv,dado_tabular_ou_serializado,8852,2026-08-29T15:32:00+00:00,2026-05,nao_identificada,mcmv_geral;far;entidades,far,,
filesystem,arquivo,,Novo MCMV - FAR/MONIT_MOV_OBRA_FDS_LAYOUT_20260601_043312.CSV,MONIT_MOV_OBRA_FDS_LAYOUT_20260601_043312.CSV,.csv,dado_tabular_ou_serializado,8852,2026-08-29T15:32:00+00:00,2026-06,nao_identificada,mcmv_geral;far;entidades,far,,
filesystem,arquivo,,Novo MCMV - FAR/MONIT_MOV_OBRA_FDS_LAYOUT_20260803_041821.CSV,MONIT_MOV_OBRA_FDS_LAYOUT_20260803_041821.CSV,.csv,dado_tabular_ou_serializado,8852,2026-08-29T15:32:00+00:00,2026-08,nao_identificada,mcmv_geral;far;entidades,far,,
filesystem,arquivo,,Novo MCMV - FAR/MONIT_MOV_OBRA_FDS_MENSAL_202602_042803.CSV,MONIT_MOV_OBRA_FDS_MENSAL_202602_042803.CSV,.csv,dado_tabular_ou_serializado,71696,2026-08-29T15:32:00+00:00,2026-02,nao_identificada,mcmv_geral;far;entidades,far,,
filesystem,arquivo,,Novo MCMV - FAR/MONIT_MOV_OBRA_FDS_MENSAL_202603_043240.CSV,MONIT_MOV_OBRA_FDS_MENSAL_202603_043240.CSV,.csv,dado_tabular_ou_serializado,73352,2026-08-29T15:32:00+00:00,2026-03,nao_identificada,mcmv_geral;far;entidades,far,,
filesystem,arquivo,,Novo MCMV - FAR/MONIT_MOV_OBRA_FDS_MENSAL_202604_043504.CSV,MONIT_MOV_OBRA_FDS_MENSAL_202604_043504.CSV,.csv,dado_tabular_ou_serializado,73979,2026-08-29T15:32:00+00:00,2026-04,nao_identificada,mcmv_geral;far;entidades,far,,
filesystem,arquivo,,Novo MCMV - FAR/MONIT_MOV_OBRA_FDS_MENSAL_202605_043312.CSV,MONIT_MOV_OBRA_FDS_MENSAL_202605_043312.CSV,.csv,dado_tabular_ou_serializado,74195,2026-08-29T15:32:00+00:00,2026-05,nao_identificada,mcmv_geral;far;entidades,far,,
filesystem,arquivo,,Novo MCMV - FAR/MONIT_MOV_OBRA_FDS_MENSAL_202606_043030.CSV,MONIT_MOV_OBRA_FDS_MENSAL_202606_043030.CSV,.csv,dado_tabular_ou_serializado,74397,2026-08-29T15:32:00+00:00,2026-06,nao_identificada,mcmv_geral;far;entidades,far,,
filesystem,arquivo,,Novo MCMV - FAR/MONIT_MOV_OBRA_FDS_MENSAL_202607_041821.CSV,MONIT_MOV_OBRA_FDS_MENSAL_202607_041821.CSV,.csv,dado_tabular_ou_serializado,74667,2026-08-29T15:32:00+00:00,2026-07,nao_identificada,mcmv_geral;far;entidades,far,,
filesystem,arquivo,,Novo MCMV - FAR/MONIT_MOV_OBRA_RURAL_MENSAL_202602_042644.CSV,MONIT_MOV_OBRA_RURAL_MENSAL_202602_042644.CSV,.csv,dado_tabular_ou_serializado,286228,2026-08-29T15:32:00+00:00,2026-02,nao_identificada,mcmv_geral;far;rural,far,,
filesystem,pasta,,Novo MCMV - FDS,Novo MCMV - FDS,,pasta,,2026-08-29T12:35:56.938833+00:00,,nao_identificada,mcmv_geral;entidades,entidades,,
filesystem,pasta,,Novo MCMV - FDS/Arquivados,Arquivados,,pasta,,2026-08-29T12:35:56.835106+00:00,,nao_identificada,mcmv_geral;entidades,entidades,,
filesystem,pasta,,Novo MCMV - FDS/Arquivados/Arquivo 2025 - Cad PJ,Arquivo 2025 - Cad PJ,,pasta,,2026-08-29T12:35:56.814581+00:00,,nao_identificada,mcmv_geral;entidades,entidades,,
filesystem,arquivo,,Novo MCMV - FDS/Arquivados/Arquivo 2025 - Cad PJ/MONIT_CAD_PJ_FDS_20251009_040153.csv,MONIT_CAD_PJ_FDS_20251009_040153.csv,.csv,dado_tabular_ou_serializado,174038,2026-08-29T15:34:00+00:00,2025-10,nao_identificada,mcmv_geral;entidades,entidades,,
filesystem,arquivo,,Novo MCMV - FDS/Arquivados/Arquivo 2025 - Cad PJ/MONIT_CAD_PJ_FDS_20251010_040156.csv,MONIT_CAD_PJ_FDS_20251010_040156.csv,.csv,dado_tabular_ou_serializado,174038,2026-08-29T15:34:00+00:00,2025-10,nao_identificada,mcmv_geral;entidades,entidades,,
filesystem,arquivo,,Novo MCMV - FDS/Arquivados/Arquivo 2025 - Cad PJ/MONIT_CAD_PJ_FDS_20251013_040232.csv,MONIT_CAD_PJ_FDS_20251013_040232.csv,.csv,dado_tabular_ou_serializado,175886,2026-08-29T15:34:00+00:00,2025-10,nao_identificada,mcmv_geral;entidades,entidades,,
filesystem,arquivo,,Novo MCMV - FDS/Arquivados/Arquivo 2025 - Cad PJ/MONIT_CAD_PJ_FDS_20251014_040211.csv,MONIT_CAD_PJ_FDS_20251014_040211.csv,.csv,dado_tabular_ou_serializado,175886,2026-08-29T15:34:00+00:00,2025-10,nao_identificada,mcmv_geral;entidades,entidades,,
filesystem,arquivo,,Novo MCMV - FDS/Arquivados/Arquivo 2025 - Cad PJ/MONIT_CAD_PJ_FDS_20251015_040228.csv,MONIT_CAD_PJ_FDS_20251015_040228.csv,.csv,dado_tabular_ou_serializado,175886,2026-08-29T15:34:00+00:00,2025-10,nao_identificada,mcmv_geral;entidades,entidades,,
filesystem,arquivo,,Novo MCMV - FDS/Arquivados/Arquivo 2025 - Cad PJ/MONIT_CAD_PJ_FDS_20251016_040202.csv,MONIT_CAD_PJ_FDS_20251016_040202.csv,.csv,dado_tabular_ou_serializado,175886,2026-08-29T15:34:00+00:00,2025-10,nao_identificada,mcmv_geral;entidades,entidades,,
filesystem,arquivo,,Novo MCMV - FDS/Arquivados/Arquivo 2025 - Cad PJ/MONIT_CAD_PJ_FDS_20251017_040310.csv,MONIT_CAD_PJ_FDS_20251017_040310.csv,.csv,dado_tabular_ou_serializado,175886,2026-08-29T15:34:00+00:00,2025-10,nao_identificada,mcmv_geral;entidades,entidades,,
filesystem,arquivo,,Novo MCMV - FDS/Arquivados/Arquivo 2025 - Cad PJ/MONIT_CAD_PJ_FDS_20251020_040234.csv,MONIT_CAD_PJ_FDS_20251020_040234.csv,.csv,dado_tabular_ou_serializado,175886,2026-08-29T15:34:00+00:00,2025-10,nao_identificada,mcmv_geral;entidades,entidades,,
filesystem,arquivo,,Novo MCMV - FDS/Arquivados/Arquivo 2025 - Cad PJ/MONIT_CAD_PJ_FDS_20251023_040259.csv,MONIT_CAD_PJ_FDS_20251023_040259.csv,.csv,dado_tabular_ou_serializado,176479,2026-08-29T15:34:00+00:00,2025-10,nao_identificada,mcmv_geral;entidades,entidades,,
filesystem,arquivo,,Novo MCMV - FDS/Arquivados/Arquivo 2025 - Cad PJ/MONIT_CAD_PJ_FDS_20251024_040323.csv,MONIT_CAD_PJ_FDS_20251024_040323.csv,.csv,dado_tabular_ou_serializado,176479,2026-08-29T15:34:00+00:00,2025-10,nao_identificada,mcmv_geral;entidades,entidades,,
filesystem,arquivo,,Novo MCMV - FDS/Arquivados/Arquivo 2025 - Cad PJ/MONIT_CAD_PJ_FDS_20251027_040226.csv,MONIT_CAD_PJ_FDS_20251027_040226.csv,.csv,dado_tabular_ou_serializado,176479,2026-08-29T15:34:00+00:00,2025-10,nao_identificada,mcmv_geral;entidades,entidades,,
filesystem,arquivo,,Novo MCMV - FDS/Arquivados/Arquivo 2025 - Cad PJ/MONIT_CAD_PJ_FDS_20251028_040235.csv,MONIT_CAD_PJ_FDS_20251028_040235.csv,.csv,dado_tabular_ou_serializado,176479,2026-08-29T15:34:00+00:00,2025-10,nao_identificada,mcmv_geral;entidades,entidades,,
filesystem,arquivo,,Novo MCMV - FDS/Arquivados/Arquivo 2025 - Cad PJ/MONIT_CAD_PJ_FDS_20251029_040234.csv,MONIT_CAD_PJ_FDS_20251029_040234.csv,.csv,dado_tabular_ou_serializado,176479,2026-08-29T15:34:00+00:00,2025-10,nao_identificada,mcmv_geral;entidades,entidades,,
filesystem,arquivo,,Novo MCMV - FDS/Arquivados/Arquivo 2025 - Cad PJ/MONIT_CAD_PJ_FDS_20251030_040216.csv,MONIT_CAD_PJ_FDS_20251030_040216.csv,.csv,dado_tabular_ou_serializado,176479,2026-08-29T15:34:00+00:00,2025-10,nao_identificada,mcmv_geral;entidades,entidades,,
filesystem,arquivo,,Novo MCMV - FDS/Arquivados/Arquivo 2025 - Cad PJ/MONIT_CAD_PJ_FDS_20251031_040236.csv,MONIT_CAD_PJ_FDS_20251031_040236.csv,.csv,dado_tabular_ou_serializado,177765,2026-08-29T15:34:00+00:00,2025-10,nao_identificada,mcmv_geral;entidades,entidades,,
filesystem,arquivo,,Novo MCMV - FDS/Arquivados/Arquivo 2025 - Cad PJ/MONIT_CAD_PJ_FDS_20251103_040236.csv,MONIT_CAD_PJ_FDS_20251103_040236.csv,.csv,dado_tabular_ou_serializado,177765,2026-08-29T15:34:00+00:00,2025-11,nao_identificada,mcmv_geral;entidades,entidades,,
filesystem,arquivo,,Novo MCMV - FDS/Arquivados/Arquivo 2025 - Cad PJ/MONIT_CAD_PJ_FDS_20251104_040210.csv,MONIT_CAD_PJ_FDS_20251104_040210.csv,.csv,dado_tabular_ou_serializado,177765,2026-08-29T15:34:00+00:00,2025-11,nao_identificada,mcmv_geral;entidades,entidades,,
filesystem,arquivo,,Novo MCMV - FDS/Arquivados/Arquivo 2025 - Cad PJ/MONIT_CAD_PJ_FDS_20251105_040238.csv,MONIT_CAD_PJ_FDS_20251105_040238.csv,.csv,dado_tabular_ou_serializado,177765,2026-08-29T15:34:00+00:00,2025-11,nao_identificada,mcmv_geral;entidades,entidades,,
filesystem,arquivo,,Novo MCMV - FDS/Arquivados/Arquivo 2025 - Cad PJ/MONIT_CAD_PJ_FDS_20251106_040228.csv,MONIT_CAD_PJ_FDS_20251106_040228.csv,.csv,dado_tabular_ou_serializado,177765,2026-08-29T15:34:00+00:00,2025-11,nao_identificada,mcmv_geral;entidades,entidades,,
filesystem,arquivo,,Novo MCMV - FDS/Arquivados/Arquivo 2025 - Cad PJ/MONIT_CAD_PJ_FDS_20251107_040334.csv,MONIT_CAD_PJ_FDS_20251107_040334.csv,.csv,dado_tabular_ou_serializado,177765,2026-08-29T15:34:00+00:00,2025-11,nao_identificada,mcmv_geral;entidades,entidades,,
filesystem,arquivo,,Novo MCMV - FDS/Arquivados/Arquivo 2025 - Cad PJ/MONIT_CAD_PJ_FDS_20251110_040412.csv,MONIT_CAD_PJ_FDS_20251110_040412.csv,.csv,dado_tabular_ou_serializado,179027,2026-08-29T15:34:00+00:00,2025-11,nao_identificada,mcmv_geral;entidades,entidades,,
filesystem,arquivo,,Novo MCMV - FDS/Arquivados/Arquivo 2025 - Cad PJ/MONIT_CAD_PJ_FDS_20251110_040412_revSNH.xlsx,MONIT_CAD_PJ_FDS_20251110_040412_revSNH.xlsx,.xlsx,dado_tabular_ou_serializado,376919,2026-08-29T15:34:00+00:00,2025-11,nao_identificada,mcmv_geral;entidades,entidades,MONIT_CAD_PJ_FDS_20251110_04041; Analitico_FDS_10_11_2025,
filesystem,arquivo,,Novo MCMV - FDS/Arquivados/Arquivo 2025 - Cad PJ/MONIT_CAD_PJ_FDS_20251111_040715.csv,MONIT_CAD_PJ_FDS_20251111_040715.csv,.csv,dado_tabular_ou_serializado,179027,2026-08-29T15:34:00+00:00,2025-11,nao_identificada,mcmv_geral;entidades,entidades,,
filesystem,arquivo,,Novo MCMV - FDS/Arquivados/Arquivo 2025 - Cad PJ/MONIT_CAD_PJ_FDS_20251114_041551.csv,MONIT_CAD_PJ_FDS_20251114_041551.csv,.csv,dado_tabular_ou_serializado,180303,2026-08-29T15:34:00+00:00,2025-11,nao_identificada,mcmv_geral;entidades,entidades,,
filesystem,arquivo,,Novo MCMV - FDS/Arquivados/Arquivo 2025 - Cad PJ/MONIT_CAD_PJ_FDS_20251117_041057.csv,MONIT_CAD_PJ_FDS_20251117_041057.csv,.csv,dado_tabular_ou_serializado,180905,2026-08-29T15:34:00+00:00,2025-11,nao_identificada,mcmv_geral;entidades,entidades,,
filesystem,arquivo,,Novo MCMV - FDS/Arquivados/Arquivo 2025 - Cad PJ/MONIT_CAD_PJ_FDS_20251119_040954.csv,MONIT_CAD_PJ_FDS_20251119_040954.csv,.csv,dado_tabular_ou_serializado,181520,2026-08-29T15:34:00+00:00,2025-11,nao_identificada,mcmv_geral;entidades,entidades,,
filesystem,arquivo,,Novo MCMV - FDS/Arquivados/Arquivo 2025 - Cad PJ/MONIT_CAD_PJ_FDS_20251120_040917.csv,MONIT_CAD_PJ_FDS_20251120_040917.csv,.csv,dado_tabular_ou_serializado,181520,2026-08-29T15:34:00+00:00,2025-11,nao_identificada,mcmv_geral;entidades,entidades,,
filesystem,arquivo,,Novo MCMV - FDS/Arquivados/Arquivo 2025 - Cad PJ/MONIT_CAD_PJ_FDS_20251121_041000.csv,MONIT_CAD_PJ_FDS_20251121_041000.csv,.csv,dado_tabular_ou_serializado,181520,2026-08-29T15:34:00+00:00,2025-11,nao_identificada,mcmv_geral;entidades,entidades,,
filesystem,arquivo,,Novo MCMV - FDS/Arquivados/Arquivo 2025 - Cad PJ/MONIT_CAD_PJ_FDS_20251124_040951.csv,MONIT_CAD_PJ_FDS_20251124_040951.csv,.csv,dado_tabular_ou_serializado,182816,2026-08-29T15:34:00+00:00,2025-11,nao_identificada,mcmv_geral;entidades,entidades,,
filesystem,arquivo,,Novo MCMV - FDS/Arquivados/Arquivo 2025 - Cad PJ/MONIT_CAD_PJ_FDS_20251125_040922.csv,MONIT_CAD_PJ_FDS_20251125_040922.csv,.csv,dado_tabular_ou_serializado,182816,2026-08-29T15:34:00+00:00,2025-11,nao_identificada,mcmv_geral;entidades,entidades,,
filesystem,arquivo,,Novo MCMV - FDS/Arquivados/Arquivo 2025 - Cad PJ/MONIT_CAD_PJ_FDS_20251126_041015.csv,MONIT_CAD_PJ_FDS_20251126_041015.csv,.csv,dado_tabular_ou_serializado,182816,2026-08-29T15:34:00+00:00,2025-11,nao_identificada,mcmv_geral;entidades,entidades,,
filesystem,arquivo,,Novo MCMV - FDS/Arquivados/Arquivo 2025 - Cad PJ/MONIT_CAD_PJ_FDS_20251127_041040.csv,MONIT_CAD_PJ_FDS_20251127_041040.csv,.csv,dado_tabular_ou_serializado,182821,2026-08-29T15:34:00+00:00,2025-11,nao_identificada,mcmv_geral;entidades,entidades,,
filesystem,arquivo,,Novo MCMV - FDS/Arquivados/Arquivo 2025 - Cad PJ/MONIT_CAD_PJ_FDS_20251128_041040.csv,MONIT_CAD_PJ_FDS_20251128_041040.csv,.csv,dado_tabular_ou_serializado,182821,2026-08-29T15:34:00+00:00,2025-11,nao_identificada,mcmv_geral;entidades,entidades,,
filesystem,arquivo,,Novo MCMV - FDS/Arquivados/Arquivo 2025 - Cad PJ/MONIT_CAD_PJ_FDS_20251201_041012.csv,MONIT_CAD_PJ_FDS_20251201_041012.csv,.csv,dado_tabular_ou_serializado,183425,2026-08-29T15:34:00+00:00,2025-12,nao_identificada,mcmv_geral;entidades,entidades,,
filesystem,arquivo,,Novo MCMV - FDS/Arquivados/Arquivo 2025 - Cad PJ/MONIT_CAD_PJ_FDS_20251202_041000.csv,MONIT_CAD_PJ_FDS_20251202_041000.csv,.csv,dado_tabular_ou_serializado,183425,2026-08-29T15:34:00+00:00,2025-12,nao_identificada,mcmv_geral;entidades,entidades,,
filesystem,arquivo,,Novo MCMV - FDS/Arquivados/Arquivo 2025 - Cad PJ/MONIT_CAD_PJ_FDS_20251203_040956.csv,MONIT_CAD_PJ_FDS_20251203_040956.csv,.csv,dado_tabular_ou_serializado,183425,2026-08-29T15:34:00+00:00,2025-12,nao_identificada,mcmv_geral;entidades,entidades,,
filesystem,arquivo,,Novo MCMV - FDS/Arquivados/Arquivo 2025 - Cad PJ/MONIT_CAD_PJ_FDS_20251204_041004.csv,MONIT_CAD_PJ_FDS_20251204_041004.csv,.csv,dado_tabular_ou_serializado,183425,2026-08-29T15:34:00+00:00,2025-12,nao_identificada,mcmv_geral;entidades,entidades,,
filesystem,arquivo,,Novo MCMV - FDS/Arquivados/Arquivo 2025 - Cad PJ/MONIT_CAD_PJ_FDS_20251208_041011.csv,MONIT_CAD_PJ_FDS_20251208_041011.csv,.csv,dado_tabular_ou_serializado,184672,2026-08-29T15:34:00+00:00,2025-12,nao_identificada,mcmv_geral;entidades,entidades,,
filesystem,arquivo,,Novo MCMV - FDS/Arquivados/Arquivo 2025 - Cad PJ/MONIT_CAD_PJ_FDS_20251210_041130.csv,MONIT_CAD_PJ_FDS_20251210_041130.csv,.csv,dado_tabular_ou_serializado,185957,2026-08-29T15:34:00+00:00,2025-12,nao_identificada,mcmv_geral;entidades,entidades,,
filesystem,arquivo,,Novo MCMV - FDS/Arquivados/Arquivo 2025 - Cad PJ/MONIT_CAD_PJ_FDS_20251211_040910.csv,MONIT_CAD_PJ_FDS_20251211_040910.csv,.csv,dado_tabular_ou_serializado,185957,2026-08-29T15:34:00+00:00,2025-12,nao_identificada,mcmv_geral;entidades,entidades,,
filesystem,arquivo,,Novo MCMV - FDS/Arquivados/Arquivo 2025 - Cad PJ/MONIT_CAD_PJ_FDS_20251212_144040.csv,MONIT_CAD_PJ_FDS_20251212_144040.csv,.csv,dado_tabular_ou_serializado,185957,2026-08-29T15:34:00+00:00,2025-12,nao_identificada,mcmv_geral;entidades,entidades,,
filesystem,arquivo,,Novo MCMV - FDS/Arquivados/Arquivo 2025 - Cad PJ/MONIT_CAD_PJ_FDS_20251215_040950.csv,MONIT_CAD_PJ_FDS_20251215_040950.csv,.csv,dado_tabular_ou_serializado,185957,2026-08-29T15:34:00+00:00,2025-12,nao_identificada,mcmv_geral;entidades,entidades,,
filesystem,arquivo,,Novo MCMV - FDS/Arquivados/Arquivo 2025 - Cad PJ/MONIT_CAD_PJ_FDS_20251216_040901.csv,MONIT_CAD_PJ_FDS_20251216_040901.csv,.csv,dado_tabular_ou_serializado,185957,2026-08-29T15:34:00+00:00,2025-12,nao_identificada,mcmv_geral;entidades,entidades,,
filesystem,arquivo,,Novo MCMV - FDS/Arquivados/Arquivo 2025 - Cad PJ/MONIT_CAD_PJ_FDS_20251217_040949.csv,MONIT_CAD_PJ_FDS_20251217_040949.csv,.csv,dado_tabular_ou_serializado,185957,2026-08-29T15:34:00+00:00,2025-12,nao_identificada,mcmv_geral;entidades,entidades,,
filesystem,arquivo,,Novo MCMV - FDS/Arquivados/Arquivo 2025 - Cad PJ/MONIT_CAD_PJ_FDS_20251218_040903.csv,MONIT_CAD_PJ_FDS_20251218_040903.csv,.csv,dado_tabular_ou_serializado,185957,2026-08-29T15:34:00+00:00,2025-12,nao_identificada,mcmv_geral;entidades,entidades,,
filesystem,arquivo,,Novo MCMV - FDS/Arquivados/Arquivo 2025 - Cad PJ/MONIT_CAD_PJ_FDS_20251219_041010.csv,MONIT_CAD_PJ_FDS_20251219_041010.csv,.csv,dado_tabular_ou_serializado,186525,2026-08-29T15:34:00+00:00,2025-12,nao_identificada,mcmv_geral;entidades,entidades,,
filesystem,arquivo,,Novo MCMV - FDS/Arquivados/Arquivo 2025 - Cad PJ/MONIT_CAD_PJ_FDS_20251224_040922.csv,MONIT_CAD_PJ_FDS_20251224_040922.csv,.csv,dado_tabular_ou_serializado,186532,2026-08-29T15:34:00+00:00,2025-12,nao_identificada,mcmv_geral;entidades,entidades,,
filesystem,arquivo,,Novo MCMV - FDS/Arquivados/Arquivo 2025 - Cad PJ/MONIT_CAD_PJ_FDS_DIARIO_20251229_113203.CSV,MONIT_CAD_PJ_FDS_DIARIO_20251229_113203.CSV,.csv,dado_tabular_ou_serializado,230411,2026-08-29T15:34:00+00:00,2025-12,nao_identificada,mcmv_geral;entidades,entidades,,
filesystem,arquivo,,Novo MCMV - FDS/Arquivados/Arquivo 2025 - Cad PJ/MONIT_CAD_PJ_FDS_DIARIO_20260101_040850.CSV,MONIT_CAD_PJ_FDS_DIARIO_20260101_040850.CSV,.csv,dado_tabular_ou_serializado,2715,2026-08-29T15:34:00+00:00,2026-01,nao_identificada,mcmv_geral;entidades,entidades,,
filesystem,arquivo,,Novo MCMV - FDS/Arquivados/Arquivo 2025 - Cad PJ/MONIT_CAD_PJ_FDS_DIARIO_20260105_040923.CSV,MONIT_CAD_PJ_FDS_DIARIO_20260105_040923.CSV,.csv,dado_tabular_ou_serializado,22230,2026-08-29T15:34:00+00:00,2026-01,nao_identificada,mcmv_geral;entidades,entidades,,
filesystem,arquivo,,Novo MCMV - FDS/Arquivados/Arquivo 2025 - Cad PJ/MONIT_CAD_PJ_FDS_DIARIO_20260107_040836.CSV,MONIT_CAD_PJ_FDS_DIARIO_20260107_040836.CSV,.csv,dado_tabular_ou_serializado,3539,2026-08-29T15:34:00+00:00,2026-01,nao_identificada,mcmv_geral;entidades,entidades,,
filesystem,arquivo,,Novo MCMV - FDS/Arquivados/Arquivo 2025 - Cad PJ/MONIT_CAD_PJ_FDS_DIARIO_20260119_040803.CSV,MONIT_CAD_PJ_FDS_DIARIO_20260119_040803.CSV,.csv,dado_tabular_ou_serializado,2735,2026-08-29T15:34:00+00:00,2026-01,nao_identificada,mcmv_geral;entidades,entidades,,
filesystem,pasta,,Novo MCMV - FDS/Arquivados/Arquivo 2025 - Financeiro,Arquivo 2025 - Financeiro,,pasta,,2026-08-29T12:35:56.821775+00:00,,nao_identificada,mcmv_geral;entidades,entidades,,
filesystem,arquivo,,Novo MCMV - FDS/Arquivados/Arquivo 2025 - Financeiro/MONIT_MOV_FINANC_FDS_20251212_103018.CSV,MONIT_MOV_FINANC_FDS_20251212_103018.CSV,.csv,dado_tabular_ou_serializado,2510064,2026-08-29T15:34:00+00:00,2025-12,nao_identificada,mcmv_geral;entidades,entidades,,
filesystem,arquivo,,Novo MCMV - FDS/Arquivados/Arquivo 2025 - Financeiro/MONIT_MOV_FINANC_FDS_20251215_103029.CSV,MONIT_MOV_FINANC_FDS_20251215_103029.CSV,.csv,dado_tabular_ou_serializado,2035,2026-08-29T15:34:00+00:00,2025-12,nao_identificada,mcmv_geral;entidades,entidades,,
filesystem,arquivo,,Novo MCMV - FDS/Arquivados/Arquivo 2025 - Financeiro/MONIT_MOV_FINANC_FDS_20251216_103023.CSV,MONIT_MOV_FINANC_FDS_20251216_103023.CSV,.csv,dado_tabular_ou_serializado,1479,2026-08-29T15:34:00+00:00,2025-12,nao_identificada,mcmv_geral;entidades,entidades,,
filesystem,arquivo,,Novo MCMV - FDS/Arquivados/Arquivo 2025 - Financeiro/MONIT_MOV_FINANC_FDS_20251217_103015.CSV,MONIT_MOV_FINANC_FDS_20251217_103015.CSV,.csv,dado_tabular_ou_serializado,1651,2026-08-29T15:34:00+00:00,2025-12,nao_identificada,mcmv_geral;entidades,entidades,,
filesystem,arquivo,,Novo MCMV - FDS/Arquivados/Arquivo 2025 - Financeiro/MONIT_MOV_FINANC_FDS_20251218_103019.CSV,MONIT_MOV_FINANC_FDS_20251218_103019.CSV,.csv,dado_tabular_ou_serializado,1096,2026-08-29T15:34:00+00:00,2025-12,nao_identificada,mcmv_geral;entidades,entidades,,
filesystem,arquivo,,Novo MCMV - FDS/Arquivados/Arquivo 2025 - Financeiro/MONIT_MOV_FINANC_FDS_20251222_103020.CSV,MONIT_MOV_FINANC_FDS_20251222_103020.CSV,.csv,dado_tabular_ou_serializado,1816,2026-08-29T15:34:00+00:00,2025-12,nao_identificada,mcmv_geral;entidades,entidades,,
filesystem,arquivo,,Novo MCMV - FDS/Arquivados/Arquivo 2025 - Financeiro/MONIT_MOV_FINANC_FDS_20251223_103011.CSV,MONIT_MOV_FINANC_FDS_20251223_103011.CSV,.csv,dado_tabular_ou_serializado,1972,2026-08-29T15:34:00+00:00,2025-12,nao_identificada,mcmv_geral;entidades,entidades,,
filesystem,arquivo,,Novo MCMV - FDS/Arquivados/Arquivo 2025 - Financeiro/MONIT_MOV_FINANC_FDS_20251224_103014.CSV,MONIT_MOV_FINANC_FDS_20251224_103014.CSV,.csv,dado_tabular_ou_serializado,2512,2026-08-29T15:34:00+00:00,2025-12,nao_identificada,mcmv_geral;entidades,entidades,,
filesystem,arquivo,,Novo MCMV - FDS/Arquivados/Arquivo 2025 - Financeiro/MONIT_MOV_FINANC_FDS_20251225_103011.CSV,MONIT_MOV_FINANC_FDS_20251225_103011.CSV,.csv,dado_tabular_ou_serializado,1251,2026-08-29T15:34:00+00:00,2025-12,nao_identificada,mcmv_geral;entidades,entidades,,
filesystem,arquivo,,Novo MCMV - FDS/Arquivados/Arquivo 2025 - Financeiro/MONIT_MOV_FINANC_FDS_20251229_103009.CSV,MONIT_MOV_FINANC_FDS_20251229_103009.CSV,.csv,dado_tabular_ou_serializado,1793,2026-08-29T15:34:00+00:00,2025-12,nao_identificada,mcmv_geral;entidades,entidades,,
filesystem,arquivo,,Novo MCMV - FDS/Arquivados/Arquivo 2025 - Financeiro/MONIT_MOV_FINANC_FDS_DIARIO_20251230_103027.CSV,MONIT_MOV_FINANC_FDS_DIARIO_20251230_103027.CSV,.csv,dado_tabular_ou_serializado,1800,2026-08-29T15:34:00+00:00,2025-12,nao_identificada,mcmv_geral;entidades,entidades,,
filesystem,arquivo,,Novo MCMV - FDS/Arquivados/Arquivo 2025 - Financeiro/MONIT_MOV_FINANC_FDS_DIARIO_20251231_103022.CSV,MONIT_MOV_FINANC_FDS_DIARIO_20251231_103022.CSV,.csv,dado_tabular_ou_serializado,1067,2026-08-29T15:34:00+00:00,2025-12,nao_identificada,mcmv_geral;entidades,entidades,,
filesystem,pasta,,Novo MCMV - FDS/Arquivados/Arquivo 2025 - Obra,Arquivo 2025 - Obra,,pasta,,2026-08-29T12:35:56.834883+00:00,,nao_identificada,mcmv_geral;entidades,entidades,,
filesystem,arquivo,,Novo MCMV - FDS/Arquivados/Arquivo 2025 - Obra/MONIT_MOV_OBRA_FDS_20251009_040200.csv,MONIT_MOV_OBRA_FDS_20251009_040200.csv,.csv,dado_tabular_ou_serializado,38645,2026-08-29T15:34:00+00:00,2025-10,nao_identificada,mcmv_geral;entidades,entidades,,
filesystem,arquivo,,Novo MCMV - FDS/Arquivados/Arquivo 2025 - Obra/MONIT_MOV_OBRA_FDS_20251010_040203.csv,MONIT_MOV_OBRA_FDS_20251010_040203.csv,.csv,dado_tabular_ou_serializado,38645,2026-08-29T15:34:00+00:00,2025-10,nao_identificada,mcmv_geral;entidades,entidades,,
filesystem,arquivo,,Novo MCMV - FDS/Arquivados/Arquivo 2025 - Obra/MONIT_MOV_OBRA_FDS_20251013_040240.csv,MONIT_MOV_OBRA_FDS_20251013_040240.csv,.csv,dado_tabular_ou_serializado,39052,2026-08-29T15:34:00+00:00,2025-10,nao_identificada,mcmv_geral;entidades,entidades,,
filesystem,arquivo,,Novo MCMV - FDS/Arquivados/Arquivo 2025 - Obra/MONIT_MOV_OBRA_FDS_20251014_040217.csv,MONIT_MOV_OBRA_FDS_20251014_040217.csv,.csv,dado_tabular_ou_serializado,39052,2026-08-29T15:34:00+00:00,2025-10,nao_identificada,mcmv_geral;entidades,entidades,,
filesystem,arquivo,,Novo MCMV - FDS/Arquivados/Arquivo 2025 - Obra/MONIT_MOV_OBRA_FDS_20251015_040232.csv,MONIT_MOV_OBRA_FDS_20251015_040232.csv,.csv,dado_tabular_ou_serializado,39052,2026-08-29T15:34:00+00:00,2025-10,nao_identificada,mcmv_geral;entidades,entidades,,
filesystem,arquivo,,Novo MCMV - FDS/Arquivados/Arquivo 2025 - Obra/MONIT_MOV_OBRA_FDS_20251016_040209.csv,MONIT_MOV_OBRA_FDS_20251016_040209.csv,.csv,dado_tabular_ou_serializado,39053,2026-08-29T15:34:00+00:00,2025-10,nao_identificada,mcmv_geral;entidades,entidades,,
filesystem,arquivo,,Novo MCMV - FDS/Arquivados/Arquivo 2025 - Obra/MONIT_MOV_OBRA_FDS_20251017_040318.csv,MONIT_MOV_OBRA_FDS_20251017_040318.csv,.csv,dado_tabular_ou_serializado,39053,2026-08-29T15:34:00+00:00,2025-10,nao_identificada,mcmv_geral;entidades,entidades,,
filesystem,arquivo,,Novo MCMV - FDS/Arquivados/Arquivo 2025 - Obra/MONIT_MOV_OBRA_FDS_20251020_040242.csv,MONIT_MOV_OBRA_FDS_20251020_040242.csv,.csv,dado_tabular_ou_serializado,39055,2026-08-29T15:34:00+00:00,2025-10,nao_identificada,mcmv_geral;entidades,entidades,,
filesystem,arquivo,,Novo MCMV - FDS/Arquivados/Arquivo 2025 - Obra/MONIT_MOV_OBRA_FDS_20251021_040228.csv,MONIT_MOV_OBRA_FDS_20251021_040228.csv,.csv,dado_tabular_ou_serializado,39055,2026-08-29T15:34:00+00:00,2025-10,nao_identificada,mcmv_geral;entidades,entidades,,
filesystem,arquivo,,Novo MCMV - FDS/Arquivados/Arquivo 2025 - Obra/MONIT_MOV_OBRA_FDS_20251023_040311.csv,MONIT_MOV_OBRA_FDS_20251023_040311.csv,.csv,dado_tabular_ou_serializado,39188,2026-08-29T15:34:00+00:00,2025-10,nao_identificada,mcmv_geral;entidades,entidades,,
filesystem,arquivo,,Novo MCMV - FDS/Arquivados/Arquivo 2025 - Obra/MONIT_MOV_OBRA_FDS_20251024_040336.csv,MONIT_MOV_OBRA_FDS_20251024_040336.csv,.csv,dado_tabular_ou_serializado,39188,2026-08-29T15:34:00+00:00,2025-10,nao_identificada,mcmv_geral;entidades,entidades,,
filesystem,arquivo,,Novo MCMV - FDS/Arquivados/Arquivo 2025 - Obra/MONIT_MOV_OBRA_FDS_20251027_040232.csv,MONIT_MOV_OBRA_FDS_20251027_040232.csv,.csv,dado_tabular_ou_serializado,36381,2026-08-29T15:34:00+00:00,2025-10,nao_identificada,mcmv_geral;entidades,entidades,,
filesystem,arquivo,,Novo MCMV - FDS/Arquivados/Arquivo 2025 - Obra/MONIT_MOV_OBRA_FDS_20251028_040241.csv,MONIT_MOV_OBRA_FDS_20251028_040241.csv,.csv,dado_tabular_ou_serializado,39191,2026-08-29T15:34:00+00:00,2025-10,nao_identificada,mcmv_geral;entidades,entidades,,
filesystem,arquivo,,Novo MCMV - FDS/Arquivados/Arquivo 2025 - Obra/MONIT_MOV_OBRA_FDS_20251029_040241.csv,MONIT_MOV_OBRA_FDS_20251029_040241.csv,.csv,dado_tabular_ou_serializado,39193,2026-08-29T15:34:00+00:00,2025-10,nao_identificada,mcmv_geral;entidades,entidades,,
filesystem,arquivo,,Novo MCMV - FDS/Arquivados/Arquivo 2025 - Obra/MONIT_MOV_OBRA_FDS_20251030_040223.csv,MONIT_MOV_OBRA_FDS_20251030_040223.csv,.csv,dado_tabular_ou_serializado,39193,2026-08-29T15:34:00+00:00,2025-10,nao_identificada,mcmv_geral;entidades,entidades,,
filesystem,arquivo,,Novo MCMV - FDS/Arquivados/Arquivo 2025 - Obra/MONIT_MOV_OBRA_FDS_20251031_040243.csv,MONIT_MOV_OBRA_FDS_20251031_040243.csv,.csv,dado_tabular_ou_serializado,39455,2026-08-29T15:34:00+00:00,2025-10,nao_identificada,mcmv_geral;entidades,entidades,,
filesystem,arquivo,,Novo MCMV - FDS/Arquivados/Arquivo 2025 - Obra/MONIT_MOV_OBRA_FDS_20251103_040245.csv,MONIT_MOV_OBRA_FDS_20251103_040245.csv,.csv,dado_tabular_ou_serializado,39456,2026-08-29T15:34:00+00:00,2025-11,nao_identificada,mcmv_geral;entidades,entidades,,
filesystem,arquivo,,Novo MCMV - FDS/Arquivados/Arquivo 2025 - Obra/MONIT_MOV_OBRA_FDS_20251104_040218.csv,MONIT_MOV_OBRA_FDS_20251104_040218.csv,.csv,dado_tabular_ou_serializado,39456,2026-08-29T15:34:00+00:00,2025-11,nao_identificada,mcmv_geral;entidades,entidades,,
filesystem,arquivo,,Novo MCMV - FDS/Arquivados/Arquivo 2025 - Obra/MONIT_MOV_OBRA_FDS_20251105_040249.csv,MONIT_MOV_OBRA_FDS_20251105_040249.csv,.csv,dado_tabular_ou_serializado,39460,2026-08-29T15:34:00+00:00,2025-11,nao_identificada,mcmv_geral;entidades,entidades,,
filesystem,arquivo,,Novo MCMV - FDS/Arquivados/Arquivo 2025 - Obra/MONIT_MOV_OBRA_FDS_20251106_040241.csv,MONIT_MOV_OBRA_FDS_20251106_040241.csv,.csv,dado_tabular_ou_serializado,39463,2026-08-29T15:34:00+00:00,2025-11,nao_identificada,mcmv_geral;entidades,entidades,,
filesystem,arquivo,,Novo MCMV - FDS/Arquivados/Arquivo 2025 - Obra/MONIT_MOV_OBRA_FDS_20251107_040346.csv,MONIT_MOV_OBRA_FDS_20251107_040346.csv,.csv,dado_tabular_ou_serializado,39463,2026-08-29T15:34:00+00:00,2025-11,nao_identificada,mcmv_geral;entidades,entidades,,
filesystem,arquivo,,Novo MCMV - FDS/Arquivados/Arquivo 2025 - Obra/MONIT_MOV_OBRA_FDS_20251110_040421.csv,MONIT_MOV_OBRA_FDS_20251110_040421.csv,.csv,dado_tabular_ou_serializado,39707,2026-08-29T15:34:00+00:00,2025-11,nao_identificada,mcmv_geral;entidades,entidades,,
filesystem,arquivo,,Novo MCMV - FDS/Arquivados/Arquivo 2025 - Obra/MONIT_MOV_OBRA_FDS_20251111_040730.csv,MONIT_MOV_OBRA_FDS_20251111_040730.csv,.csv,dado_tabular_ou_serializado,39707,2026-08-29T15:34:00+00:00,2025-11,nao_identificada,mcmv_geral;entidades,entidades,,
filesystem,arquivo,,Novo MCMV - FDS/Arquivados/Arquivo 2025 - Obra/MONIT_MOV_OBRA_FDS_20251114_041603.csv,MONIT_MOV_OBRA_FDS_20251114_041603.csv,.csv,dado_tabular_ou_serializado,39990,2026-08-29T15:34:00+00:00,2025-11,nao_identificada,mcmv_geral;entidades,entidades,,
filesystem,arquivo,,Novo MCMV - FDS/Arquivados/Arquivo 2025 - Obra/MONIT_MOV_OBRA_FDS_20251117_041107.csv,MONIT_MOV_OBRA_FDS_20251117_041107.csv,.csv,dado_tabular_ou_serializado,40122,2026-08-29T15:34:00+00:00,2025-11,nao_identificada,mcmv_geral;entidades,entidades,,
filesystem,arquivo,,Novo MCMV - FDS/Arquivados/Arquivo 2025 - Obra/MONIT_MOV_OBRA_FDS_20251119_041004.csv,MONIT_MOV_OBRA_FDS_20251119_041004.csv,.csv,dado_tabular_ou_serializado,40271,2026-08-29T15:34:00+00:00,2025-11,nao_identificada,mcmv_geral;entidades,entidades,,
filesystem,arquivo,,Novo MCMV - FDS/Arquivados/Arquivo 2025 - Obra/MONIT_MOV_OBRA_FDS_20251120_040924.csv,MONIT_MOV_OBRA_FDS_20251120_040924.csv,.csv,dado_tabular_ou_serializado,40273,2026-08-29T15:34:00+00:00,2025-11,nao_identificada,mcmv_geral;entidades,entidades,,
filesystem,arquivo,,Novo MCMV - FDS/Arquivados/Arquivo 2025 - Obra/MONIT_MOV_OBRA_FDS_20251121_041011.csv,MONIT_MOV_OBRA_FDS_20251121_041011.csv,.csv,dado_tabular_ou_serializado,40279,2026-08-29T15:34:00+00:00,2025-11,nao_identificada,mcmv_geral;entidades,entidades,,
filesystem,arquivo,,Novo MCMV - FDS/Arquivados/Arquivo 2025 - Obra/MONIT_MOV_OBRA_FDS_20251124_041002.csv,MONIT_MOV_OBRA_FDS_20251124_041002.csv,.csv,dado_tabular_ou_serializado,40521,2026-08-29T15:34:00+00:00,2025-11,nao_identificada,mcmv_geral;entidades,entidades,,
filesystem,arquivo,,Novo MCMV - FDS/Arquivados/Arquivo 2025 - Obra/MONIT_MOV_OBRA_FDS_20251125_040929.csv,MONIT_MOV_OBRA_FDS_20251125_040929.csv,.csv,dado_tabular_ou_serializado,40521,2026-08-29T15:34:00+00:00,2025-11,nao_identificada,mcmv_geral;entidades,entidades,,
filesystem,arquivo,,Novo MCMV - FDS/Arquivados/Arquivo 2025 - Obra/MONIT_MOV_OBRA_FDS_20251126_041023.csv,MONIT_MOV_OBRA_FDS_20251126_041023.csv,.csv,dado_tabular_ou_serializado,40542,2026-08-29T15:34:00+00:00,2025-11,nao_identificada,mcmv_geral;entidades,entidades,,
filesystem,arquivo,,Novo MCMV - FDS/Arquivados/Arquivo 2025 - Obra/MONIT_MOV_OBRA_FDS_20251127_041054.csv,MONIT_MOV_OBRA_FDS_20251127_041054.csv,.csv,dado_tabular_ou_serializado,40542,2026-08-29T15:34:00+00:00,2025-11,nao_identificada,mcmv_geral;entidades,entidades,,
filesystem,arquivo,,Novo MCMV - FDS/Arquivados/Arquivo 2025 - Obra/MONIT_MOV_OBRA_FDS_20251128_041058.csv,MONIT_MOV_OBRA_FDS_20251128_041058.csv,.csv,dado_tabular_ou_serializado,40545,2026-08-29T15:34:00+00:00,2025-11,nao_identificada,mcmv_geral;entidades,entidades,,
filesystem,arquivo,,Novo MCMV - FDS/Arquivados/Arquivo 2025 - Obra/MONIT_MOV_OBRA_FDS_20251201_041021.csv,MONIT_MOV_OBRA_FDS_20251201_041021.csv,.csv,dado_tabular_ou_serializado,40690,2026-08-29T15:34:00+00:00,2025-12,nao_identificada,mcmv_geral;entidades,entidades,,
filesystem,arquivo,,Novo MCMV - FDS/Arquivados/Arquivo 2025 - Obra/MONIT_MOV_OBRA_FDS_20251202_041008.csv,MONIT_MOV_OBRA_FDS_20251202_041008.csv,.csv,dado_tabular_ou_serializado,40690,2026-08-29T15:34:00+00:00,2025-12,nao_identificada,mcmv_geral;entidades,entidades,,
filesystem,arquivo,,Novo MCMV - FDS/Arquivados/Arquivo 2025 - Obra/MONIT_MOV_OBRA_FDS_20251203_041009.csv,MONIT_MOV_OBRA_FDS_20251203_041009.csv,.csv,dado_tabular_ou_serializado,40690,2026-08-29T15:34:00+00:00,2025-12,nao_identificada,mcmv_geral;entidades,entidades,,
filesystem,arquivo,,Novo MCMV - FDS/Arquivados/Arquivo 2025 - Obra/MONIT_MOV_OBRA_FDS_20251204_041016.csv,MONIT_MOV_OBRA_FDS_20251204_041016.csv,.csv,dado_tabular_ou_serializado,40691,2026-08-29T15:34:00+00:00,2025-12,nao_identificada,mcmv_geral;entidades,entidades,,
filesystem,arquivo,,Novo MCMV - FDS/Arquivados/Arquivo 2025 - Obra/MONIT_MOV_OBRA_FDS_20251208_041018.csv,MONIT_MOV_OBRA_FDS_20251208_041018.csv,.csv,dado_tabular_ou_serializado,40953,2026-08-29T15:34:00+00:00,2025-12,nao_identificada,mcmv_geral;entidades,entidades,,
filesystem,arquivo,,Novo MCMV - FDS/Arquivados/Arquivo 2025 - Obra/MONIT_MOV_OBRA_FDS_20251209_040928.csv,MONIT_MOV_OBRA_FDS_20251209_040928.csv,.csv,dado_tabular_ou_serializado,40953,2026-08-29T15:34:00+00:00,2025-12,nao_identificada,mcmv_geral;entidades,entidades,,
filesystem,arquivo,,Novo MCMV - FDS/Arquivados/Arquivo 2025 - Obra/MONIT_MOV_OBRA_FDS_20251210_041142.csv,MONIT_MOV_OBRA_FDS_20251210_041142.csv,.csv,dado_tabular_ou_serializado,41214,2026-08-29T15:34:00+00:00,2025-12,nao_identificada,mcmv_geral;entidades,entidades,,
filesystem,arquivo,,Novo MCMV - FDS/Arquivados/Arquivo 2025 - Obra/MONIT_MOV_OBRA_FDS_20251211_040915.csv,MONIT_MOV_OBRA_FDS_20251211_040915.csv,.csv,dado_tabular_ou_serializado,41214,2026-08-29T15:34:00+00:00,2025-12,nao_identificada,mcmv_geral;entidades,entidades,,
filesystem,arquivo,,Novo MCMV - FDS/Arquivados/Arquivo 2025 - Obra/MONIT_MOV_OBRA_FDS_20251212_144047.csv,MONIT_MOV_OBRA_FDS_20251212_144047.csv,.csv,dado_tabular_ou_serializado,41218,2026-08-29T15:34:00+00:00,2025-12,nao_identificada,mcmv_geral;entidades,entidades,,
filesystem,arquivo,,Novo MCMV - FDS/Arquivados/Arquivo 2025 - Obra/MONIT_MOV_OBRA_FDS_20251215_040957.csv,MONIT_MOV_OBRA_FDS_20251215_040957.csv,.csv,dado_tabular_ou_serializado,41217,2026-08-29T15:34:00+00:00,2025-12,nao_identificada,mcmv_geral;entidades,entidades,,
filesystem,arquivo,,Novo MCMV - FDS/Arquivados/Arquivo 2025 - Obra/MONIT_MOV_OBRA_FDS_20251216_040906.csv,MONIT_MOV_OBRA_FDS_20251216_040906.csv,.csv,dado_tabular_ou_serializado,41217,2026-08-29T15:34:00+00:00,2025-12,nao_identificada,mcmv_geral;entidades,entidades,,
filesystem,arquivo,,Novo MCMV - FDS/Arquivados/Arquivo 2025 - Obra/MONIT_MOV_OBRA_FDS_20251217_040954.csv,MONIT_MOV_OBRA_FDS_20251217_040954.csv,.csv,dado_tabular_ou_serializado,41218,2026-08-29T15:34:00+00:00,2025-12,nao_identificada,mcmv_geral;entidades,entidades,,
filesystem,arquivo,,Novo MCMV - FDS/Arquivados/Arquivo 2025 - Obra/MONIT_MOV_OBRA_FDS_20251218_040906.csv,MONIT_MOV_OBRA_FDS_20251218_040906.csv,.csv,dado_tabular_ou_serializado,41219,2026-08-29T15:34:00+00:00,2025-12,nao_identificada,mcmv_geral;entidades,entidades,,
filesystem,arquivo,,Novo MCMV - FDS/Arquivados/Arquivo 2025 - Obra/MONIT_MOV_OBRA_FDS_20251219_041013.csv,MONIT_MOV_OBRA_FDS_20251219_041013.csv,.csv,dado_tabular_ou_serializado,41360,2026-08-29T15:34:00+00:00,2025-12,nao_identificada,mcmv_geral;entidades,entidades,,
filesystem,arquivo,,Novo MCMV - FDS/Arquivados/Arquivo 2025 - Obra/MONIT_MOV_OBRA_FDS_20251224_040928.csv,MONIT_MOV_OBRA_FDS_20251224_040928.csv,.csv,dado_tabular_ou_serializado,41364,2026-08-29T15:34:00+00:00,2025-12,nao_identificada,mcmv_geral;entidades,entidades,,
filesystem,arquivo,,Novo MCMV - FDS/Arquivados/Arquivo 2025 - Obra/MONIT_MOV_OBRA_FDS_DIARIO_20251229_130841.CSV,MONIT_MOV_OBRA_FDS_DIARIO_20251229_130841.CSV,.csv,dado_tabular_ou_serializado,63161,2026-08-29T15:34:00+00:00,2025-12,nao_identificada,mcmv_geral;entidades,entidades,,
filesystem,arquivo,,Novo MCMV - FDS/Arquivados/Arquivo 2025 - Obra/MONIT_MOV_OBRA_FDS_DIARIO_20251231_040842.CSV,MONIT_MOV_OBRA_FDS_DIARIO_20251231_040842.CSV,.csv,dado_tabular_ou_serializado,1203,2026-08-29T15:34:00+00:00,2025-12,nao_identificada,mcmv_geral;entidades,entidades,,
filesystem,pasta,,Novo MCMV - FDS/Arquivados/Arquivo 2025 - Trab Social,Arquivo 2025 - Trab Social,,pasta,,2026-08-29T12:35:56.843113+00:00,,nao_identificada,mcmv_geral;entidades,entidades,,
filesystem,arquivo,,Novo MCMV - FDS/Arquivados/Arquivo 2025 - Trab Social/EXEC_TS_FDS_20251009_040147.csv,EXEC_TS_FDS_20251009_040147.csv,.csv,dado_tabular_ou_serializado,4757,2026-08-29T15:34:00+00:00,2025-10,nao_identificada,mcmv_geral;entidades,entidades,,
filesystem,arquivo,,Novo MCMV - FDS/Arquivados/Arquivo 2025 - Trab Social/EXEC_TS_FDS_20251010_040153.csv,EXEC_TS_FDS_20251010_040153.csv,.csv,dado_tabular_ou_serializado,4757,2026-08-29T15:34:00+00:00,2025-10,nao_identificada,mcmv_geral;entidades,entidades,,
filesystem,arquivo,,Novo MCMV - FDS/Arquivados/Arquivo 2025 - Trab Social/EXEC_TS_FDS_20251013_040226.csv,EXEC_TS_FDS_20251013_040226.csv,.csv,dado_tabular_ou_serializado,4853,2026-08-29T15:34:00+00:00,2025-10,nao_identificada,mcmv_geral;entidades,entidades,,
filesystem,arquivo,,Novo MCMV - FDS/Arquivados/Arquivo 2025 - Trab Social/EXEC_TS_FDS_20251014_040202.csv,EXEC_TS_FDS_20251014_040202.csv,.csv,dado_tabular_ou_serializado,4853,2026-08-29T15:34:00+00:00,2025-10,nao_identificada,mcmv_geral;entidades,entidades,,
filesystem,arquivo,,Novo MCMV - FDS/Arquivados/Arquivo 2025 - Trab Social/EXEC_TS_FDS_20251015_040224.csv,EXEC_TS_FDS_20251015_040224.csv,.csv,dado_tabular_ou_serializado,4853,2026-08-29T15:34:00+00:00,2025-10,nao_identificada,mcmv_geral;entidades,entidades,,
filesystem,arquivo,,Novo MCMV - FDS/Arquivados/Arquivo 2025 - Trab Social/EXEC_TS_FDS_20251016_040157.csv,EXEC_TS_FDS_20251016_040157.csv,.csv,dado_tabular_ou_serializado,4853,2026-08-29T15:34:00+00:00,2025-10,nao_identificada,mcmv_geral;entidades,entidades,,
filesystem,arquivo,,Novo MCMV - FDS/Arquivados/Arquivo 2025 - Trab Social/EXEC_TS_FDS_20251017_040304.csv,EXEC_TS_FDS_20251017_040304.csv,.csv,dado_tabular_ou_serializado,4853,2026-08-29T15:34:00+00:00,2025-10,nao_identificada,mcmv_geral;entidades,entidades,,
filesystem,arquivo,,Novo MCMV - FDS/Arquivados/Arquivo 2025 - Trab Social/EXEC_TS_FDS_20251020_040228.csv,EXEC_TS_FDS_20251020_040228.csv,.csv,dado_tabular_ou_serializado,4949,2026-08-29T15:34:00+00:00,2025-10,nao_identificada,mcmv_geral;entidades,entidades,,
filesystem,arquivo,,Novo MCMV - FDS/Arquivados/Arquivo 2025 - Trab Social/EXEC_TS_FDS_20251021_040206.csv,EXEC_TS_FDS_20251021_040206.csv,.csv,dado_tabular_ou_serializado,4949,2026-08-29T15:34:00+00:00,2025-10,nao_identificada,mcmv_geral;entidades,entidades,,
filesystem,arquivo,,Novo MCMV - FDS/Arquivados/Arquivo 2025 - Trab Social/EXEC_TS_FDS_20251023_040242.csv,EXEC_TS_FDS_20251023_040242.csv,.csv,dado_tabular_ou_serializado,5334,2026-08-29T15:34:00+00:00,2025-10,nao_identificada,mcmv_geral;entidades,entidades,,
filesystem,arquivo,,Novo MCMV - FDS/Arquivados/Arquivo 2025 - Trab Social/EXEC_TS_FDS_20251024_040304.csv,EXEC_TS_FDS_20251024_040304.csv,.csv,dado_tabular_ou_serializado,5334,2026-08-29T15:34:00+00:00,2025-10,nao_identificada,mcmv_geral;entidades,entidades,,
filesystem,arquivo,,Novo MCMV - FDS/Arquivados/Arquivo 2025 - Trab Social/EXEC_TS_FDS_20251027_040221.csv,EXEC_TS_FDS_20251027_040221.csv,.csv,dado_tabular_ou_serializado,5431,2026-08-29T15:34:00+00:00,2025-10,nao_identificada,mcmv_geral;entidades,entidades,,
filesystem,arquivo,,Novo MCMV - FDS/Arquivados/Arquivo 2025 - Trab Social/EXEC_TS_FDS_20251028_040228.csv,EXEC_TS_FDS_20251028_040228.csv,.csv,dado_tabular_ou_serializado,5527,2026-08-29T15:34:00+00:00,2025-10,nao_identificada,mcmv_geral;entidades,entidades,,
filesystem,arquivo,,Novo MCMV - FDS/Arquivados/Arquivo 2025 - Trab Social/EXEC_TS_FDS_20251029_040227.csv,EXEC_TS_FDS_20251029_040227.csv,.csv,dado_tabular_ou_serializado,5527,2026-08-29T15:34:00+00:00,2025-10,nao_identificada,mcmv_geral;entidades,entidades,,
filesystem,arquivo,,Novo MCMV - FDS/Arquivados/Arquivo 2025 - Trab Social/EXEC_TS_FDS_20251031_040229.csv,EXEC_TS_FDS_20251031_040229.csv,.csv,dado_tabular_ou_serializado,5623,2026-08-29T15:34:00+00:00,2025-10,nao_identificada,mcmv_geral;entidades,entidades,,
filesystem,arquivo,,Novo MCMV - FDS/Arquivados/Arquivo 2025 - Trab Social/EXEC_TS_FDS_20251103_040230.csv,EXEC_TS_FDS_20251103_040230.csv,.csv,dado_tabular_ou_serializado,5624,2026-08-29T15:34:00+00:00,2025-11,nao_identificada,mcmv_geral;entidades,entidades,,
filesystem,arquivo,,Novo MCMV - FDS/Arquivados/Arquivo 2025 - Trab Social/EXEC_TS_FDS_20251104_040202.csv,EXEC_TS_FDS_20251104_040202.csv,.csv,dado_tabular_ou_serializado,5624,2026-08-29T15:34:00+00:00,2025-11,nao_identificada,mcmv_geral;entidades,entidades,,
filesystem,arquivo,,Novo MCMV - FDS/Arquivados/Arquivo 2025 - Trab Social/EXEC_TS_FDS_20251105_040232.csv,EXEC_TS_FDS_20251105_040232.csv,.csv,dado_tabular_ou_serializado,5624,2026-08-29T15:34:00+00:00,2025-11,nao_identificada,mcmv_geral;entidades,entidades,,
filesystem,arquivo,,Novo MCMV - FDS/Arquivados/Arquivo 2025 - Trab Social/EXEC_TS_FDS_20251106_040214.csv,EXEC_TS_FDS_20251106_040214.csv,.csv,dado_tabular_ou_serializado,5624,2026-08-29T15:34:00+00:00,2025-11,nao_identificada,mcmv_geral;entidades,entidades,,
filesystem,arquivo,,Novo MCMV - FDS/Arquivados/Arquivo 2025 - Trab Social/EXEC_TS_FDS_20251107_040324.csv,EXEC_TS_FDS_20251107_040324.csv,.csv,dado_tabular_ou_serializado,5913,2026-08-29T15:34:00+00:00,2025-11,nao_identificada,mcmv_geral;entidades,entidades,,
filesystem,arquivo,,Novo MCMV - FDS/Arquivados/Arquivo 2025 - Trab Social/EXEC_TS_FDS_20251110_040402.csv,EXEC_TS_FDS_20251110_040402.csv,.csv,dado_tabular_ou_serializado,6106,2026-08-29T15:34:00+00:00,2025-11,nao_identificada,mcmv_geral;entidades,entidades,,
filesystem,arquivo,,Novo MCMV - FDS/Arquivados/Arquivo 2025 - Trab Social/EXEC_TS_FDS_20251111_040705.csv,EXEC_TS_FDS_20251111_040705.csv,.csv,dado_tabular_ou_serializado,6106,2026-08-29T15:34:00+00:00,2025-11,nao_identificada,mcmv_geral;entidades,entidades,,
filesystem,arquivo,,Novo MCMV - FDS/Arquivados/Arquivo 2025 - Trab Social/EXEC_TS_FDS_20251114_041511.csv,EXEC_TS_FDS_20251114_041511.csv,.csv,dado_tabular_ou_serializado,6399,2026-08-29T15:34:00+00:00,2025-11,nao_identificada,mcmv_geral;entidades,entidades,,
filesystem,arquivo,,Novo MCMV - FDS/Arquivados/Arquivo 2025 - Trab Social/EXEC_TS_FDS_20251117_041051.csv,EXEC_TS_FDS_20251117_041051.csv,.csv,dado_tabular_ou_serializado,6593,2026-08-29T15:34:00+00:00,2025-11,nao_identificada,mcmv_geral;entidades,entidades,,
filesystem,arquivo,,Novo MCMV - FDS/Arquivados/Arquivo 2025 - Trab Social/EXEC_TS_FDS_20251119_041016.csv,EXEC_TS_FDS_20251119_041016.csv,.csv,dado_tabular_ou_serializado,6593,2026-08-29T15:34:00+00:00,2025-11,nao_identificada,mcmv_geral;entidades,entidades,,
filesystem,arquivo,,Novo MCMV - FDS/Arquivados/Arquivo 2025 - Trab Social/EXEC_TS_FDS_20251120_040934.csv,EXEC_TS_FDS_20251120_040934.csv,.csv,dado_tabular_ou_serializado,6690,2026-08-29T15:34:00+00:00,2025-11,nao_identificada,mcmv_geral;entidades,entidades,,
filesystem,arquivo,,Novo MCMV - FDS/Arquivados/Arquivo 2025 - Trab Social/EXEC_TS_FDS_20251121_041017.csv,EXEC_TS_FDS_20251121_041017.csv,.csv,dado_tabular_ou_serializado,6690,2026-08-29T15:34:00+00:00,2025-11,nao_identificada,mcmv_geral;entidades,entidades,,
filesystem,arquivo,,Novo MCMV - FDS/Arquivados/Arquivo 2025 - Trab Social/EXEC_TS_FDS_20251124_041012.csv,EXEC_TS_FDS_20251124_041012.csv,.csv,dado_tabular_ou_serializado,6690,2026-08-29T15:34:00+00:00,2025-11,nao_identificada,mcmv_geral;entidades,entidades,,
filesystem,arquivo,,Novo MCMV - FDS/Arquivados/Arquivo 2025 - Trab Social/EXEC_TS_FDS_20251125_040940.csv,EXEC_TS_FDS_20251125_040940.csv,.csv,dado_tabular_ou_serializado,6690,2026-08-29T15:34:00+00:00,2025-11,nao_identificada,mcmv_geral;entidades,entidades,,
filesystem,arquivo,,Novo MCMV - FDS/Arquivados/Arquivo 2025 - Trab Social/EXEC_TS_FDS_20251126_041031.csv,EXEC_TS_FDS_20251126_041031.csv,.csv,dado_tabular_ou_serializado,6787,2026-08-29T15:35:00+00:00,2025-11,nao_identificada,mcmv_geral;entidades,entidades,,
filesystem,arquivo,,Novo MCMV - FDS/Arquivados/Arquivo 2025 - Trab Social/EXEC_TS_FDS_20251127_041101.csv,EXEC_TS_FDS_20251127_041101.csv,.csv,dado_tabular_ou_serializado,6787,2026-08-29T15:35:00+00:00,2025-11,nao_identificada,mcmv_geral;entidades,entidades,,
filesystem,arquivo,,Novo MCMV - FDS/Arquivados/Arquivo 2025 - Trab Social/EXEC_TS_FDS_20251128_041112.csv,EXEC_TS_FDS_20251128_041112.csv,.csv,dado_tabular_ou_serializado,6787,2026-08-29T15:35:00+00:00,2025-11,nao_identificada,mcmv_geral;entidades,entidades,,
filesystem,arquivo,,Novo MCMV - FDS/Arquivados/Arquivo 2025 - Trab Social/EXEC_TS_FDS_20251201_041032.csv,EXEC_TS_FDS_20251201_041032.csv,.csv,dado_tabular_ou_serializado,6787,2026-08-29T15:35:00+00:00,2025-12,nao_identificada,mcmv_geral;entidades,entidades,,
filesystem,arquivo,,Novo MCMV - FDS/Arquivados/Arquivo 2025 - Trab Social/EXEC_TS_FDS_20251202_041017.csv,EXEC_TS_FDS_20251202_041017.csv,.csv,dado_tabular_ou_serializado,6787,2026-08-29T15:35:00+00:00,2025-12,nao_identificada,mcmv_geral;entidades,entidades,,
filesystem,arquivo,,Novo MCMV - FDS/Arquivados/Arquivo 2025 - Trab Social/EXEC_TS_FDS_20251203_041015.csv,EXEC_TS_FDS_20251203_041015.csv,.csv,dado_tabular_ou_serializado,6885,2026-08-29T15:35:00+00:00,2025-12,nao_identificada,mcmv_geral;entidades,entidades,,
filesystem,arquivo,,Novo MCMV - FDS/Arquivados/Arquivo 2025 - Trab Social/EXEC_TS_FDS_20251204_041027.csv,EXEC_TS_FDS_20251204_041027.csv,.csv,dado_tabular_ou_serializado,6885,2026-08-29T15:35:00+00:00,2025-12,nao_identificada,mcmv_geral;entidades,entidades,,
filesystem,arquivo,,Novo MCMV - FDS/Arquivados/Arquivo 2025 - Trab Social/EXEC_TS_FDS_20251208_041025.csv,EXEC_TS_FDS_20251208_041025.csv,.csv,dado_tabular_ou_serializado,7078,2026-08-29T15:35:00+00:00,2025-12,nao_identificada,mcmv_geral;entidades,entidades,,
filesystem,arquivo,,Novo MCMV - FDS/Arquivados/Arquivo 2025 - Trab Social/EXEC_TS_FDS_20251209_040938.csv,EXEC_TS_FDS_20251209_040938.csv,.csv,dado_tabular_ou_serializado,7078,2026-08-29T15:35:00+00:00,2025-12,nao_identificada,mcmv_geral;entidades,entidades,,
filesystem,arquivo,,Novo MCMV - FDS/Arquivados/Arquivo 2025 - Trab Social/EXEC_TS_FDS_20251210_041156.csv,EXEC_TS_FDS_20251210_041156.csv,.csv,dado_tabular_ou_serializado,7078,2026-08-29T15:35:00+00:00,2025-12,nao_identificada,mcmv_geral;entidades,entidades,,
filesystem,arquivo,,Novo MCMV - FDS/Arquivados/Arquivo 2025 - Trab Social/EXEC_TS_FDS_20251211_040917.csv,EXEC_TS_FDS_20251211_040917.csv,.csv,dado_tabular_ou_serializado,7078,2026-08-29T15:35:00+00:00,2025-12,nao_identificada,mcmv_geral;entidades,entidades,,
filesystem,arquivo,,Novo MCMV - FDS/Arquivados/Arquivo 2025 - Trab Social/EXEC_TS_FDS_20251212_144054.csv,EXEC_TS_FDS_20251212_144054.csv,.csv,dado_tabular_ou_serializado,7078,2026-08-29T15:35:00+00:00,2025-12,nao_identificada,mcmv_geral;entidades,entidades,,
filesystem,arquivo,,Novo MCMV - FDS/Arquivados/Arquivo 2025 - Trab Social/EXEC_TS_FDS_20251215_041001.csv,EXEC_TS_FDS_20251215_041001.csv,.csv,dado_tabular_ou_serializado,7078,2026-08-29T15:35:00+00:00,2025-12,nao_identificada,mcmv_geral;entidades,entidades,,
filesystem,arquivo,,Novo MCMV - FDS/Arquivados/Arquivo 2025 - Trab Social/EXEC_TS_FDS_20251216_040911.csv,EXEC_TS_FDS_20251216_040911.csv,.csv,dado_tabular_ou_serializado,7078,2026-08-29T15:35:00+00:00,2025-12,nao_identificada,mcmv_geral;entidades,entidades,,
filesystem,arquivo,,Novo MCMV - FDS/Arquivados/Arquivo 2025 - Trab Social/EXEC_TS_FDS_20251217_041000.csv,EXEC_TS_FDS_20251217_041000.csv,.csv,dado_tabular_ou_serializado,7078,2026-08-29T15:35:00+00:00,2025-12,nao_identificada,mcmv_geral;entidades,entidades,,
filesystem,arquivo,,Novo MCMV - FDS/Arquivados/Arquivo 2025 - Trab Social/EXEC_TS_FDS_20251218_040908.csv,EXEC_TS_FDS_20251218_040908.csv,.csv,dado_tabular_ou_serializado,7078,2026-08-29T15:35:00+00:00,2025-12,nao_identificada,mcmv_geral;entidades,entidades,,
filesystem,arquivo,,Novo MCMV - FDS/Arquivados/Arquivo 2025 - Trab Social/EXEC_TS_FDS_20251219_041016.csv,EXEC_TS_FDS_20251219_041016.csv,.csv,dado_tabular_ou_serializado,7078,2026-08-29T15:35:00+00:00,2025-12,nao_identificada,mcmv_geral;entidades,entidades,,
filesystem,arquivo,,Novo MCMV - FDS/Arquivados/Arquivo 2025 - Trab Social/EXEC_TS_FDS_20251224_040934.csv,EXEC_TS_FDS_20251224_040934.csv,.csv,dado_tabular_ou_serializado,7173,2026-08-29T15:35:00+00:00,2025-12,nao_identificada,mcmv_geral;entidades,entidades,,
filesystem,arquivo,,Novo MCMV - FDS/Arquivados/Arquivo 2025 - Trab Social/MONIT_EXEC_TS_FDS_DIARIO_20251229_134030.CSV,MONIT_EXEC_TS_FDS_DIARIO_20251229_134030.CSV,.csv,dado_tabular_ou_serializado,8323,2026-08-29T15:35:00+00:00,2025-12,nao_identificada,mcmv_geral;entidades,entidades,,
filesystem,pasta,,Novo MCMV - FDS/FDS - Cadastro PJ - Mensal,FDS - Cadastro PJ - Mensal,,pasta,,2026-08-29T12:35:56.844951+00:00,,nao_identificada,mcmv_geral;entidades,entidades,,
filesystem,arquivo,,Novo MCMV - FDS/FDS - Cadastro PJ - Mensal/MONIT_CAD_PJ_FDS_MENSAL_202512_040936.CSV,MONIT_CAD_PJ_FDS_MENSAL_202512_040936.CSV,.csv,dado_tabular_ou_serializado,231917,2026-08-29T15:35:00+00:00,2025-12,nao_identificada,mcmv_geral;entidades,entidades,,
filesystem,arquivo,,Novo MCMV - FDS/FDS - Cadastro PJ - Mensal/MONIT_CAD_PJ_FDS_MENSAL_202601_042125.CSV,MONIT_CAD_PJ_FDS_MENSAL_202601_042125.CSV,.csv,dado_tabular_ou_serializado,263743,2026-08-29T15:35:00+00:00,2026-01,nao_identificada,mcmv_geral;entidades,entidades,,
filesystem,arquivo,,Novo MCMV - FDS/FDS - Cadastro PJ - Mensal/MONIT_MOV_OBRA_FDS_MENSAL_202601_042139.CSV,MONIT_MOV_OBRA_FDS_MENSAL_202601_042139.CSV,.csv,dado_tabular_ou_serializado,69992,2026-08-29T15:35:00+00:00,2026-01,nao_identificada,mcmv_geral;entidades,entidades,,
filesystem,arquivo,,Novo MCMV - FDS/FDS - Cadastro PJ - Mensal/image001.jpg,image001.jpg,.jpg,outro,117515,2026-08-29T15:35:00+00:00,,nao_identificada,mcmv_geral;entidades,entidades,,
filesystem,arquivo,,Novo MCMV - FDS/FDS - Cadastro PJ - Mensal/image002.png,image002.png,.png,outro,30006,2026-08-29T15:35:00+00:00,,nao_identificada,mcmv_geral;entidades,entidades,,
filesystem,pasta,,Novo MCMV - FDS/FDS - Cadastro PJ - Semanal,FDS - Cadastro PJ - Semanal,,pasta,,2026-08-29T12:35:56.845213+00:00,,nao_identificada,mcmv_geral;entidades,entidades,,
filesystem,arquivo,,Novo MCMV - FDS/FDS - Cadastro PJ - Semanal/MONIT_CAD_PJ_FDS_SEMANAL_20260126_040838.CSV,MONIT_CAD_PJ_FDS_SEMANAL_20260126_040838.CSV,.csv,dado_tabular_ou_serializado,2756,2026-08-29T15:35:00+00:00,2026-01,nao_identificada,mcmv_geral;entidades,entidades,,
filesystem,pasta,,Novo MCMV - FDS/FDS - Financeiro - Mensal,FDS - Financeiro - Mensal,,pasta,,2026-08-29T12:35:56.850048+00:00,,nao_identificada,mcmv_geral;entidades,entidades,,
filesystem,arquivo,,Novo MCMV - FDS/FDS - Financeiro - Mensal/MONIT_MOV_FINANC_FDS_MENSAL_202512_103034.CSV,MONIT_MOV_FINANC_FDS_MENSAL_202512_103034.CSV,.csv,dado_tabular_ou_serializado,2524609,2026-08-29T15:35:00+00:00,2025-12,nao_identificada,mcmv_geral;entidades,entidades,,
filesystem,arquivo,,Novo MCMV - FDS/FDS - Financeiro - Mensal/MONIT_MOV_FINANC_FDS_MENSAL_202601_103048.CSV,MONIT_MOV_FINANC_FDS_MENSAL_202601_103048.CSV,.csv,dado_tabular_ou_serializado,2550711,2026-08-29T15:35:00+00:00,2026-01,nao_identificada,mcmv_geral;entidades,entidades,,
filesystem,pasta,,Novo MCMV - FDS/FDS - Financeiro - Semanal,FDS - Financeiro - Semanal,,pasta,,2026-08-29T12:35:56.859094+00:00,,nao_identificada,mcmv_geral;entidades,entidades,,
filesystem,arquivo,,Novo MCMV - FDS/FDS - Financeiro - Semanal/MONIT_MOV_FINANC_FDS_DIARIO_20260105_103027.CSV,MONIT_MOV_FINANC_FDS_DIARIO_20260105_103027.CSV,.csv,dado_tabular_ou_serializado,2010,2026-08-29T15:35:00+00:00,2026-01,nao_identificada,mcmv_geral;entidades,entidades,,
filesystem,arquivo,,Novo MCMV - FDS/FDS - Financeiro - Semanal/MONIT_MOV_FINANC_FDS_DIARIO_20260106_103027.CSV,MONIT_MOV_FINANC_FDS_DIARIO_20260106_103027.CSV,.csv,dado_tabular_ou_serializado,924,2026-08-29T15:35:00+00:00,2026-01,nao_identificada,mcmv_geral;entidades,entidades,,
filesystem,arquivo,,Novo MCMV - FDS/FDS - Financeiro - Semanal/MONIT_MOV_FINANC_FDS_DIARIO_20260107_103023.CSV,MONIT_MOV_FINANC_FDS_DIARIO_20260107_103023.CSV,.csv,dado_tabular_ou_serializado,1999,2026-08-29T15:35:00+00:00,2026-01,nao_identificada,mcmv_geral;entidades,entidades,,
filesystem,arquivo,,Novo MCMV - FDS/FDS - Financeiro - Semanal/MONIT_MOV_FINANC_FDS_DIARIO_20260108_103022.CSV,MONIT_MOV_FINANC_FDS_DIARIO_20260108_103022.CSV,.csv,dado_tabular_ou_serializado,3874,2026-08-29T15:35:00+00:00,2026-01,nao_identificada,mcmv_geral;entidades,entidades,,
filesystem,arquivo,,Novo MCMV - FDS/FDS - Financeiro - Semanal/MONIT_MOV_FINANC_FDS_DIARIO_20260109_103022.CSV,MONIT_MOV_FINANC_FDS_DIARIO_20260109_103022.CSV,.csv,dado_tabular_ou_serializado,1630,2026-08-29T15:35:00+00:00,2026-01,nao_identificada,mcmv_geral;entidades,entidades,,
filesystem,arquivo,,Novo MCMV - FDS/FDS - Financeiro - Semanal/MONIT_MOV_FINANC_FDS_DIARIO_20260112_103024.CSV,MONIT_MOV_FINANC_FDS_DIARIO_20260112_103024.CSV,.csv,dado_tabular_ou_serializado,1482,2026-08-29T15:35:00+00:00,2026-01,nao_identificada,mcmv_geral;entidades,entidades,,
filesystem,arquivo,,Novo MCMV - FDS/FDS - Financeiro - Semanal/MONIT_MOV_FINANC_FDS_DIARIO_20260113_103024.CSV,MONIT_MOV_FINANC_FDS_DIARIO_20260113_103024.CSV,.csv,dado_tabular_ou_serializado,736,2026-08-29T15:35:00+00:00,2026-01,nao_identificada,mcmv_geral;entidades,entidades,,
filesystem,arquivo,,Novo MCMV - FDS/FDS - Financeiro - Semanal/MONIT_MOV_FINANC_FDS_DIARIO_20260114_103023.CSV,MONIT_MOV_FINANC_FDS_DIARIO_20260114_103023.CSV,.csv,dado_tabular_ou_serializado,1295,2026-08-29T15:35:00+00:00,2026-01,nao_identificada,mcmv_geral;entidades,entidades,,
filesystem,arquivo,,Novo MCMV - FDS/FDS - Financeiro - Semanal/MONIT_MOV_FINANC_FDS_DIARIO_20260115_103038.CSV,MONIT_MOV_FINANC_FDS_DIARIO_20260115_103038.CSV,.csv,dado_tabular_ou_serializado,1283,2026-08-29T15:35:00+00:00,2026-01,nao_identificada,mcmv_geral;entidades,entidades,,
filesystem,arquivo,,Novo MCMV - FDS/FDS - Financeiro - Semanal/MONIT_MOV_FINANC_FDS_DIARIO_20260116_103025.CSV,MONIT_MOV_FINANC_FDS_DIARIO_20260116_103025.CSV,.csv,dado_tabular_ou_serializado,1624,2026-08-29T15:35:00+00:00,2026-01,nao_identificada,mcmv_geral;entidades,entidades,,
filesystem,arquivo,,Novo MCMV - FDS/FDS - Financeiro - Semanal/MONIT_MOV_FINANC_FDS_DIARIO_20260119_103022.CSV,MONIT_MOV_FINANC_FDS_DIARIO_20260119_103022.CSV,.csv,dado_tabular_ou_serializado,1852,2026-08-29T15:35:00+00:00,2026-01,nao_identificada,mcmv_geral;entidades,entidades,,
filesystem,arquivo,,Novo MCMV - FDS/FDS - Financeiro - Semanal/MONIT_MOV_FINANC_FDS_SEMANAL_20260126_103025.CSV,MONIT_MOV_FINANC_FDS_SEMANAL_20260126_103025.CSV,.csv,dado_tabular_ou_serializado,6476,2026-08-29T15:35:00+00:00,2026-01,nao_identificada,mcmv_geral;entidades,entidades,,
filesystem,arquivo,,Novo MCMV - FDS/FDS - Financeiro - Semanal/MONIT_MOV_FINANC_FDS_SEMANAL_20260202_103048.CSV,MONIT_MOV_FINANC_FDS_SEMANAL_20260202_103048.CSV,.csv,dado_tabular_ou_serializado,5558,2026-08-29T15:35:00+00:00,2026-02,nao_identificada,mcmv_geral;entidades,entidades,,
filesystem,pasta,,Novo MCMV - FDS/FDS - Obra - Mensal,FDS - Obra - Mensal,,pasta,,2026-08-29T12:35:56.859666+00:00,,nao_identificada,mcmv_geral;entidades,entidades,,
filesystem,arquivo,,Novo MCMV - FDS/FDS - Obra - Mensal/MONIT_MOV_OBRA_FDS_MENSAL_202512_040950.CSV,MONIT_MOV_OBRA_FDS_MENSAL_202512_040950.CSV,.csv,dado_tabular_ou_serializado,63568,2026-08-29T15:35:00+00:00,2025-12,nao_identificada,mcmv_geral;entidades,entidades,,
filesystem,arquivo,,Novo MCMV - FDS/FDS - Obra - Mensal/MONIT_MOV_OBRA_FDS_MENSAL_202601_042139.CSV,MONIT_MOV_OBRA_FDS_MENSAL_202601_042139.CSV,.csv,dado_tabular_ou_serializado,69992,2026-08-29T15:35:00+00:00,2026-01,nao_identificada,mcmv_geral;entidades,entidades,,
filesystem,pasta,,Novo MCMV - FDS/FDS - Obra - Semanal,FDS - Obra - Semanal,,pasta,,2026-08-29T12:35:56.860955+00:00,,nao_identificada,mcmv_geral;entidades,entidades,,
filesystem,arquivo,,Novo MCMV - FDS/FDS - Obra - Semanal/MONIT_MOV_OBRA_FDS_DIARIO_20260101_040904.CSV,MONIT_MOV_OBRA_FDS_DIARIO_20260101_040904.CSV,.csv,dado_tabular_ou_serializado,1203,2026-08-29T15:35:00+00:00,2026-01,nao_identificada,mcmv_geral;entidades,entidades,,
filesystem,arquivo,,Novo MCMV - FDS/FDS - Obra - Semanal/MONIT_MOV_OBRA_FDS_DIARIO_20260105_040937.CSV,MONIT_MOV_OBRA_FDS_DIARIO_20260105_040937.CSV,.csv,dado_tabular_ou_serializado,6581,2026-08-29T15:35:00+00:00,2026-01,nao_identificada,mcmv_geral;entidades,entidades,,
filesystem,arquivo,,Novo MCMV - FDS/FDS - Obra - Semanal/MONIT_MOV_OBRA_FDS_DIARIO_20260107_040849.CSV,MONIT_MOV_OBRA_FDS_DIARIO_20260107_040849.CSV,.csv,dado_tabular_ou_serializado,1404,2026-08-29T15:35:00+00:00,2026-01,nao_identificada,mcmv_geral;entidades,entidades,,
filesystem,arquivo,,Novo MCMV - FDS/FDS - Obra - Semanal/MONIT_MOV_OBRA_FDS_DIARIO_20260119_040816.CSV,MONIT_MOV_OBRA_FDS_DIARIO_20260119_040816.CSV,.csv,dado_tabular_ou_serializado,1211,2026-08-29T15:35:00+00:00,2026-01,nao_identificada,mcmv_geral;entidades,entidades,,
filesystem,arquivo,,Novo MCMV - FDS/FDS - Obra - Semanal/MONIT_MOV_OBRA_FDS_DIARIO_20260123_040837.CSV,MONIT_MOV_OBRA_FDS_DIARIO_20260123_040837.CSV,.csv,dado_tabular_ou_serializado,1203,2026-08-29T15:35:00+00:00,2026-01,nao_identificada,mcmv_geral;entidades,entidades,,
filesystem,pasta,,Novo MCMV - FDS/FDS - Trabalho Social - Mensal,FDS - Trabalho Social - Mensal,,pasta,,2026-08-29T12:35:56.861400+00:00,,nao_identificada,mcmv_geral;entidades,entidades,,
filesystem,arquivo,,Novo MCMV - FDS/FDS - Trabalho Social - Mensal/MONIT_EXEC_TS_FDS_MENSAL_202512_041003.CSV,MONIT_EXEC_TS_FDS_MENSAL_202512_041003.CSV,.csv,dado_tabular_ou_serializado,8323,2026-08-29T15:35:00+00:00,2025-12,nao_identificada,mcmv_geral;entidades,entidades,,
filesystem,arquivo,,Novo MCMV - FDS/FDS - Trabalho Social - Mensal/MONIT_EXEC_TS_FDS_MENSAL_202601_042152.CSV,MONIT_EXEC_TS_FDS_MENSAL_202601_042152.CSV,.csv,dado_tabular_ou_serializado,9227,2026-08-29T15:35:00+00:00,2026-01,nao_identificada,mcmv_geral;entidades,entidades,,
filesystem,pasta,,Novo MCMV - FDS/FDS - Trabalho Social - Semanal,FDS - Trabalho Social - Semanal,,pasta,,2026-08-29T12:35:56.862293+00:00,,nao_identificada,mcmv_geral;entidades,entidades,,
filesystem,arquivo,,Novo MCMV - FDS/FDS - Trabalho Social - Semanal/MONIT_EXEC_TS_FDS_DIARIO_20260109_040754.CSV,MONIT_EXEC_TS_FDS_DIARIO_20260109_040754.CSV,.csv,dado_tabular_ou_serializado,330,2026-08-29T15:35:00+00:00,2026-01,nao_identificada,mcmv_geral;entidades,entidades,,
filesystem,arquivo,,Novo MCMV - FDS/FDS - Trabalho Social - Semanal/MONIT_EXEC_TS_FDS_DIARIO_20260119_040829.CSV,MONIT_EXEC_TS_FDS_DIARIO_20260119_040829.CSV,.csv,dado_tabular_ou_serializado,443,2026-08-29T15:35:00+00:00,2026-01,nao_identificada,mcmv_geral;entidades,entidades,,
filesystem,arquivo,,Novo MCMV - FDS/FDS - Trabalho Social - Semanal/MONIT_EXEC_TS_FDS_SEMANAL_20260126_040852.CSV,MONIT_EXEC_TS_FDS_SEMANAL_20260126_040852.CSV,.csv,dado_tabular_ou_serializado,444,2026-08-29T15:35:00+00:00,2026-01,nao_identificada,mcmv_geral;entidades,entidades,,
filesystem,arquivo,,Novo MCMV - FDS/FDS - Trabalho Social - Semanal/MONIT_EXEC_TS_FDS_SEMANAL_20260202_042152.CSV,MONIT_EXEC_TS_FDS_SEMANAL_20260202_042152.CSV,.csv,dado_tabular_ou_serializado,556,2026-08-29T15:35:00+00:00,2026-02,nao_identificada,mcmv_geral;entidades,entidades,,
filesystem,arquivo,,Novo MCMV - FDS/MONIT_CAD_PJ_FDS_LAYOUT_20260316_042805.CSV,MONIT_CAD_PJ_FDS_LAYOUT_20260316_042805.CSV,.csv,dado_tabular_ou_serializado,13186,2026-08-29T15:34:00+00:00,2026-03,nao_identificada,mcmv_geral;entidades,entidades,,
filesystem,arquivo,,Novo MCMV - FDS/MONIT_CAD_PJ_FDS_LAYOUT_20260401_043213.CSV,MONIT_CAD_PJ_FDS_LAYOUT_20260401_043213.CSV,.csv,dado_tabular_ou_serializado,13186,2026-08-29T15:35:00+00:00,2026-04,nao_identificada,mcmv_geral;entidades,entidades,,
filesystem,arquivo,,Novo MCMV - FDS/MONIT_CAD_PJ_FDS_LAYOUT_20260406_042544.CSV,MONIT_CAD_PJ_FDS_LAYOUT_20260406_042544.CSV,.csv,dado_tabular_ou_serializado,13186,2026-08-29T15:35:00+00:00,2026-04,nao_identificada,mcmv_geral;entidades,entidades,,
filesystem,arquivo,,Novo MCMV - FDS/MONIT_CAD_PJ_FDS_LAYOUT_20260413_042731.CSV,MONIT_CAD_PJ_FDS_LAYOUT_20260413_042731.CSV,.csv,dado_tabular_ou_serializado,13186,2026-08-29T15:35:00+00:00,2026-04,nao_identificada,mcmv_geral;entidades,entidades,,
filesystem,arquivo,,Novo MCMV - FDS/MONIT_CAD_PJ_FDS_LAYOUT_20260420_044427.CSV,MONIT_CAD_PJ_FDS_LAYOUT_20260420_044427.CSV,.csv,dado_tabular_ou_serializado,13186,2026-08-29T15:35:00+00:00,2026-04,nao_identificada,mcmv_geral;entidades,entidades,,
filesystem,arquivo,,Novo MCMV - FDS/MONIT_CAD_PJ_FDS_LAYOUT_20260504_043409.CSV,MONIT_CAD_PJ_FDS_LAYOUT_20260504_043409.CSV,.csv,dado_tabular_ou_serializado,13186,2026-08-29T15:35:00+00:00,2026-05,nao_identificada,mcmv_geral;entidades,entidades,,
filesystem,arquivo,,Novo MCMV - FDS/MONIT_CAD_PJ_FDS_LAYOUT_20260511_043507.CSV,MONIT_CAD_PJ_FDS_LAYOUT_20260511_043507.CSV,.csv,dado_tabular_ou_serializado,13186,2026-08-29T15:35:00+00:00,2026-05,nao_identificada,mcmv_geral;entidades,entidades,,
filesystem,arquivo,,Novo MCMV - FDS/MONIT_CAD_PJ_FDS_LAYOUT_20260601_043246.CSV,MONIT_CAD_PJ_FDS_LAYOUT_20260601_043246.CSV,.csv,dado_tabular_ou_serializado,13186,2026-08-29T15:35:00+00:00,2026-06,nao_identificada,mcmv_geral;entidades,entidades,,
filesystem,arquivo,,Novo MCMV - FDS/MONIT_CAD_PJ_FDS_LAYOUT_20260615_043053.CSV,MONIT_CAD_PJ_FDS_LAYOUT_20260615_043053.CSV,.csv,dado_tabular_ou_serializado,13186,2026-08-29T15:35:00+00:00,2026-06,nao_identificada,mcmv_geral;entidades,entidades,,
filesystem,arquivo,,Novo MCMV - FDS/MONIT_CAD_PJ_FDS_LAYOUT_20260701_043003.CSV,MONIT_CAD_PJ_FDS_LAYOUT_20260701_043003.CSV,.csv,dado_tabular_ou_serializado,13186,2026-08-29T15:35:00+00:00,2026-07,nao_identificada,mcmv_geral;entidades,entidades,,
filesystem,arquivo,,Novo MCMV - FDS/MONIT_CAD_PJ_FDS_LAYOUT_20260706_042848.CSV,MONIT_CAD_PJ_FDS_LAYOUT_20260706_042848.CSV,.csv,dado_tabular_ou_serializado,13186,2026-08-29T15:35:00+00:00,2026-07,nao_identificada,mcmv_geral;entidades,entidades,,
filesystem,arquivo,,Novo MCMV - FDS/MONIT_CAD_PJ_FDS_LAYOUT_20260803_041754.CSV,MONIT_CAD_PJ_FDS_LAYOUT_20260803_041754.CSV,.csv,dado_tabular_ou_serializado,13186,2026-08-29T15:35:00+00:00,2026-08,nao_identificada,mcmv_geral;entidades,entidades,,
filesystem,arquivo,,Novo MCMV - FDS/MONIT_CAD_PJ_FDS_MENSAL_202602_042737.CSV,MONIT_CAD_PJ_FDS_MENSAL_202602_042737.CSV,.csv,dado_tabular_ou_serializado,269933,2026-08-29T15:35:00+00:00,2026-02,nao_identificada,mcmv_geral;entidades,entidades,,
filesystem,arquivo,,Novo MCMV - FDS/MONIT_CAD_PJ_FDS_MENSAL_202603_043213.CSV,MONIT_CAD_PJ_FDS_MENSAL_202603_043213.CSV,.csv,dado_tabular_ou_serializado,276279,2026-08-29T15:35:00+00:00,2026-03,nao_identificada,mcmv_geral;entidades,entidades,,
filesystem,arquivo,,Novo MCMV - FDS/MONIT_CAD_PJ_FDS_MENSAL_202604_043409.CSV,MONIT_CAD_PJ_FDS_MENSAL_202604_043409.CSV,.csv,dado_tabular_ou_serializado,284637,2026-08-29T15:35:00+00:00,2026-04,nao_identificada,mcmv_geral;entidades,entidades,,
filesystem,arquivo,,Novo MCMV - FDS/MONIT_CAD_PJ_FDS_MENSAL_202605_043246.CSV,MONIT_CAD_PJ_FDS_MENSAL_202605_043246.CSV,.csv,dado_tabular_ou_serializado,285478,2026-08-29T15:35:00+00:00,2026-05,nao_identificada,mcmv_geral;entidades,entidades,,
filesystem,arquivo,,Novo MCMV - FDS/MONIT_CAD_PJ_FDS_MENSAL_202606_043003.CSV,MONIT_CAD_PJ_FDS_MENSAL_202606_043003.CSV,.csv,dado_tabular_ou_serializado,213704,2026-08-29T15:35:00+00:00,2026-06,nao_identificada,mcmv_geral;entidades,entidades,,
filesystem,arquivo,,Novo MCMV - FDS/MONIT_CAD_PJ_FDS_MENSAL_202607_041754.CSV,MONIT_CAD_PJ_FDS_MENSAL_202607_041754.CSV,.csv,dado_tabular_ou_serializado,287019,2026-08-29T15:35:00+00:00,2026-07,nao_identificada,mcmv_geral;entidades,entidades,,
filesystem,arquivo,,Novo MCMV - FDS/MONIT_CAD_PJ_FDS_SEMANAL_20260216_042605.CSV,MONIT_CAD_PJ_FDS_SEMANAL_20260216_042605.CSV,.csv,dado_tabular_ou_serializado,2731,2026-08-29T15:35:00+00:00,2026-02,nao_identificada,mcmv_geral;entidades,entidades,,
filesystem,arquivo,,Novo MCMV - FDS/MONIT_CAD_PJ_FDS_SEMANAL_202602_042805.CSV,MONIT_CAD_PJ_FDS_SEMANAL_202602_042805.CSV,.csv,dado_tabular_ou_serializado,7479,2026-08-29T15:35:00+00:00,2026-02,nao_identificada,mcmv_geral;entidades,entidades,,
filesystem,arquivo,,Novo MCMV - FDS/MONIT_CAD_PJ_FDS_SEMANAL_20260302_042737.CSV,MONIT_CAD_PJ_FDS_SEMANAL_20260302_042737.CSV,.csv,dado_tabular_ou_serializado,7393,2026-08-29T15:35:00+00:00,2026-03,nao_identificada,mcmv_geral;entidades,entidades,,
filesystem,arquivo,,Novo MCMV - FDS/MONIT_CAD_PJ_FDS_SEMANAL_202603_042544.CSV,MONIT_CAD_PJ_FDS_SEMANAL_202603_042544.CSV,.csv,dado_tabular_ou_serializado,2785,2026-08-29T15:35:00+00:00,2026-03,nao_identificada,mcmv_geral;entidades,entidades,,
filesystem,arquivo,,Novo MCMV - FDS/MONIT_CAD_PJ_FDS_SEMANAL_202603_042731.CSV,MONIT_CAD_PJ_FDS_SEMANAL_202603_042731.CSV,.csv,dado_tabular_ou_serializado,6731,2026-08-29T15:35:00+00:00,2026-03,nao_identificada,mcmv_geral;entidades,entidades,,
filesystem,arquivo,,Novo MCMV - FDS/MONIT_CAD_PJ_FDS_SEMANAL_202603_044427.CSV,MONIT_CAD_PJ_FDS_SEMANAL_202603_044427.CSV,.csv,dado_tabular_ou_serializado,2754,2026-08-29T15:35:00+00:00,2026-03,nao_identificada,mcmv_geral;entidades,entidades,,
filesystem,arquivo,,Novo MCMV - FDS/MONIT_CAD_PJ_FDS_SEMANAL_202604_043409.CSV,MONIT_CAD_PJ_FDS_SEMANAL_202604_043409.CSV,.csv,dado_tabular_ou_serializado,4288,2026-08-29T15:35:00+00:00,2026-04,nao_identificada,mcmv_geral;entidades,entidades,,
filesystem,arquivo,,Novo MCMV - FDS/MONIT_CAD_PJ_FDS_SEMANAL_202604_043507.CSV,MONIT_CAD_PJ_FDS_SEMANAL_202604_043507.CSV,.csv,dado_tabular_ou_serializado,2772,2026-08-29T15:35:00+00:00,2026-04,nao_identificada,mcmv_geral;entidades,entidades,,
filesystem,arquivo,,Novo MCMV - FDS/MONIT_CAD_PJ_FDS_SEMANAL_202605_043053.CSV,MONIT_CAD_PJ_FDS_SEMANAL_202605_043053.CSV,.csv,dado_tabular_ou_serializado,2752,2026-08-29T15:35:00+00:00,2026-05,nao_identificada,mcmv_geral;entidades,entidades,,
filesystem,arquivo,,Novo MCMV - FDS/MONIT_CAD_PJ_FDS_SEMANAL_202606_042848.CSV,MONIT_CAD_PJ_FDS_SEMANAL_202606_042848.CSV,.csv,dado_tabular_ou_serializado,2749,2026-08-29T15:35:00+00:00,2026-06,nao_identificada,mcmv_geral;entidades,entidades,,
filesystem,arquivo,,Novo MCMV - FDS/MONIT_EXEC_TS_FDS_LAYOUT_20260216_042632.CSV,MONIT_EXEC_TS_FDS_LAYOUT_20260216_042632.CSV,.csv,dado_tabular_ou_serializado,1270,2026-08-29T15:35:00+00:00,2026-02,nao_identificada,mcmv_geral;entidades,entidades,,
filesystem,arquivo,,Novo MCMV - FDS/MONIT_EXEC_TS_FDS_LAYOUT_20260302_042830.CSV,MONIT_EXEC_TS_FDS_LAYOUT_20260302_042830.CSV,.csv,dado_tabular_ou_serializado,1270,2026-08-29T15:35:00+00:00,2026-03,nao_identificada,mcmv_geral;entidades,entidades,,
filesystem,arquivo,,Novo MCMV - FDS/MONIT_EXEC_TS_FDS_LAYOUT_20260309_042948.CSV,MONIT_EXEC_TS_FDS_LAYOUT_20260309_042948.CSV,.csv,dado_tabular_ou_serializado,1270,2026-08-29T15:35:00+00:00,2026-03,nao_identificada,mcmv_geral;entidades,entidades,,
filesystem,arquivo,,Novo MCMV - FDS/MONIT_EXEC_TS_FDS_LAYOUT_20260316_042858.CSV,MONIT_EXEC_TS_FDS_LAYOUT_20260316_042858.CSV,.csv,dado_tabular_ou_serializado,1270,2026-08-29T15:35:00+00:00,2026-03,nao_identificada,mcmv_geral;entidades,entidades,,
filesystem,arquivo,,Novo MCMV - FDS/MONIT_EXEC_TS_FDS_LAYOUT_20260330_042212.CSV,MONIT_EXEC_TS_FDS_LAYOUT_20260330_042212.CSV,.csv,dado_tabular_ou_serializado,1270,2026-08-29T15:35:00+00:00,2026-03,nao_identificada,mcmv_geral;entidades,entidades,,
filesystem,arquivo,,Novo MCMV - FDS/MONIT_EXEC_TS_FDS_LAYOUT_20260401_043306.CSV,MONIT_EXEC_TS_FDS_LAYOUT_20260401_043306.CSV,.csv,dado_tabular_ou_serializado,1270,2026-08-29T15:35:00+00:00,2026-04,nao_identificada,mcmv_geral;entidades,entidades,,
filesystem,arquivo,,Novo MCMV - FDS/MONIT_EXEC_TS_FDS_LAYOUT_20260406_042646.CSV,MONIT_EXEC_TS_FDS_LAYOUT_20260406_042646.CSV,.csv,dado_tabular_ou_serializado,1270,2026-08-29T15:35:00+00:00,2026-04,nao_identificada,mcmv_geral;entidades,entidades,,
filesystem,arquivo,,Novo MCMV - FDS/MONIT_EXEC_TS_FDS_LAYOUT_20260420_044540.CSV,MONIT_EXEC_TS_FDS_LAYOUT_20260420_044540.CSV,.csv,dado_tabular_ou_serializado,1270,2026-08-29T15:35:00+00:00,2026-04,nao_identificada,mcmv_geral;entidades,entidades,,
filesystem,arquivo,,Novo MCMV - FDS/MONIT_EXEC_TS_FDS_LAYOUT_20260504_043556.CSV,MONIT_EXEC_TS_FDS_LAYOUT_20260504_043556.CSV,.csv,dado_tabular_ou_serializado,1270,2026-08-29T15:35:00+00:00,2026-05,nao_identificada,mcmv_geral;entidades,entidades,,
filesystem,arquivo,,Novo MCMV - FDS/MONIT_EXEC_TS_FDS_LAYOUT_20260511_043639.CSV,MONIT_EXEC_TS_FDS_LAYOUT_20260511_043639.CSV,.csv,dado_tabular_ou_serializado,1270,2026-08-29T15:35:00+00:00,2026-05,nao_identificada,mcmv_geral;entidades,entidades,,
filesystem,arquivo,,Novo MCMV - FDS/MONIT_EXEC_TS_FDS_LAYOUT_20260518_043438.CSV,MONIT_EXEC_TS_FDS_LAYOUT_20260518_043438.CSV,.csv,dado_tabular_ou_serializado,1270,2026-08-29T15:35:00+00:00,2026-05,nao_identificada,mcmv_geral;entidades,entidades,,
filesystem,arquivo,,Novo MCMV - FDS/MONIT_EXEC_TS_FDS_LAYOUT_20260525_043153.CSV,MONIT_EXEC_TS_FDS_LAYOUT_20260525_043153.CSV,.csv,dado_tabular_ou_serializado,1270,2026-08-29T15:35:00+00:00,2026-05,nao_identificada,mcmv_geral;entidades,entidades,,
filesystem,arquivo,,Novo MCMV - FDS/MONIT_EXEC_TS_FDS_LAYOUT_20260601_043339.CSV,MONIT_EXEC_TS_FDS_LAYOUT_20260601_043339.CSV,.csv,dado_tabular_ou_serializado,1270,2026-08-29T15:35:00+00:00,2026-06,nao_identificada,mcmv_geral;entidades,entidades,,
filesystem,arquivo,,Novo MCMV - FDS/MONIT_EXEC_TS_FDS_LAYOUT_20260608_042747.CSV,MONIT_EXEC_TS_FDS_LAYOUT_20260608_042747.CSV,.csv,dado_tabular_ou_serializado,1270,2026-08-29T15:35:00+00:00,2026-06,nao_identificada,mcmv_geral;entidades,entidades,,
filesystem,arquivo,,Novo MCMV - FDS/MONIT_EXEC_TS_FDS_LAYOUT_20260629_042656.CSV,MONIT_EXEC_TS_FDS_LAYOUT_20260629_042656.CSV,.csv,dado_tabular_ou_serializado,1270,2026-08-29T15:35:00+00:00,2026-06,nao_identificada,mcmv_geral;entidades,entidades,,
filesystem,arquivo,,Novo MCMV - FDS/MONIT_EXEC_TS_FDS_LAYOUT_20260706_042940.CSV,MONIT_EXEC_TS_FDS_LAYOUT_20260706_042940.CSV,.csv,dado_tabular_ou_serializado,1270,2026-08-29T15:35:00+00:00,2026-07,nao_identificada,mcmv_geral;entidades,entidades,,
filesystem,arquivo,,Novo MCMV - FDS/MONIT_EXEC_TS_FDS_LAYOUT_20260713_043007.CSV,MONIT_EXEC_TS_FDS_LAYOUT_20260713_043007.CSV,.csv,dado_tabular_ou_serializado,1270,2026-08-29T15:35:00+00:00,2026-07,nao_identificada,mcmv_geral;entidades,entidades,,
filesystem,arquivo,,Novo MCMV - FDS/MONIT_EXEC_TS_FDS_LAYOUT_20260720_041547.CSV,MONIT_EXEC_TS_FDS_LAYOUT_20260720_041547.CSV,.csv,dado_tabular_ou_serializado,1270,2026-08-29T15:35:00+00:00,2026-07,nao_identificada,mcmv_geral;entidades,entidades,,
filesystem,arquivo,,Novo MCMV - FDS/MONIT_EXEC_TS_FDS_LAYOUT_20260727_041632.CSV,MONIT_EXEC_TS_FDS_LAYOUT_20260727_041632.CSV,.csv,dado_tabular_ou_serializado,1270,2026-08-29T15:35:00+00:00,2026-07,nao_identificada,mcmv_geral;entidades,entidades,,
filesystem,arquivo,,Novo MCMV - FDS/MONIT_EXEC_TS_FDS_LAYOUT_20260803_041847.CSV,MONIT_EXEC_TS_FDS_LAYOUT_20260803_041847.CSV,.csv,dado_tabular_ou_serializado,1270,2026-08-29T15:35:00+00:00,2026-08,nao_identificada,mcmv_geral;entidades,entidades,,
filesystem,arquivo,,Novo MCMV - FDS/MONIT_EXEC_TS_FDS_LAYOUT_20260810_041652.CSV,MONIT_EXEC_TS_FDS_LAYOUT_20260810_041652.CSV,.csv,dado_tabular_ou_serializado,1270,2026-08-29T15:35:00+00:00,2026-08,nao_identificada,mcmv_geral;entidades,entidades,,
filesystem,arquivo,,Novo MCMV - FDS/MONIT_EXEC_TS_FDS_LAYOUT_20260817_041312.CSV,MONIT_EXEC_TS_FDS_LAYOUT_20260817_041312.CSV,.csv,dado_tabular_ou_serializado,1270,2026-08-29T15:35:00+00:00,2026-08,nao_identificada,mcmv_geral;entidades,entidades,,
filesystem,arquivo,,Novo MCMV - FDS/MONIT_EXEC_TS_FDS_MENSAL_202602_042830.CSV,MONIT_EXEC_TS_FDS_MENSAL_202602_042830.CSV,.csv,dado_tabular_ou_serializado,10243,2026-08-29T15:35:00+00:00,2026-02,nao_identificada,mcmv_geral;entidades,entidades,,
filesystem,arquivo,,Novo MCMV - FDS/MONIT_EXEC_TS_FDS_MENSAL_202603_043306.CSV,MONIT_EXEC_TS_FDS_MENSAL_202603_043306.CSV,.csv,dado_tabular_ou_serializado,10807,2026-08-29T15:35:00+00:00,2026-03,nao_identificada,mcmv_geral;entidades,entidades,,
filesystem,arquivo,,Novo MCMV - FDS/MONIT_EXEC_TS_FDS_MENSAL_202604_043556.CSV,MONIT_EXEC_TS_FDS_MENSAL_202604_043556.CSV,.csv,dado_tabular_ou_serializado,11256,2026-08-29T15:35:00+00:00,2026-04,nao_identificada,mcmv_geral;entidades,entidades,,
filesystem,arquivo,,Novo MCMV - FDS/MONIT_EXEC_TS_FDS_MENSAL_202605_043339.CSV,MONIT_EXEC_TS_FDS_MENSAL_202605_043339.CSV,.csv,dado_tabular_ou_serializado,12272,2026-08-29T15:35:00+00:00,2026-05,nao_identificada,mcmv_geral;entidades,entidades,,
filesystem,arquivo,,Novo MCMV - FDS/MONIT_EXEC_TS_FDS_MENSAL_202607_041847.CSV,MONIT_EXEC_TS_FDS_MENSAL_202607_041847.CSV,.csv,dado_tabular_ou_serializado,16096,2026-08-29T15:35:00+00:00,2026-07,nao_identificada,mcmv_geral;entidades,entidades,,
filesystem,arquivo,,Novo MCMV - FDS/MONIT_EXEC_TS_FDS_SEMANAL_20260216_042632.CSV,MONIT_EXEC_TS_FDS_SEMANAL_20260216_042632.CSV,.csv,dado_tabular_ou_serializado,330,2026-08-29T15:35:00+00:00,2026-02,nao_identificada,mcmv_geral;entidades,entidades,,
filesystem,arquivo,,Novo MCMV - FDS/MONIT_EXEC_TS_FDS_SEMANAL_20260302_042830.CSV,MONIT_EXEC_TS_FDS_SEMANAL_20260302_042830.CSV,.csv,dado_tabular_ou_serializado,1119,2026-08-29T15:35:00+00:00,2026-03,nao_identificada,mcmv_geral;entidades,entidades,,
filesystem,arquivo,,Novo MCMV - FDS/MONIT_EXEC_TS_FDS_SEMANAL_20260309_042948.CSV,MONIT_EXEC_TS_FDS_SEMANAL_20260309_042948.CSV,.csv,dado_tabular_ou_serializado,330,2026-08-29T15:35:00+00:00,2026-03,nao_identificada,mcmv_geral;entidades,entidades,,
filesystem,arquivo,,Novo MCMV - FDS/MONIT_EXEC_TS_FDS_SEMANAL_20260316_042858.CSV,MONIT_EXEC_TS_FDS_SEMANAL_20260316_042858.CSV,.csv,dado_tabular_ou_serializado,442,2026-08-29T15:35:00+00:00,2026-03,nao_identificada,mcmv_geral;entidades,entidades,,
filesystem,arquivo,,Novo MCMV - FDS/MONIT_EXEC_TS_FDS_SEMANAL_20260330_042212.CSV,MONIT_EXEC_TS_FDS_SEMANAL_20260330_042212.CSV,.csv,dado_tabular_ou_serializado,330,2026-08-29T15:35:00+00:00,2026-03,nao_identificada,mcmv_geral;entidades,entidades,,
filesystem,arquivo,,Novo MCMV - FDS/MONIT_EXEC_TS_FDS_SEMANAL_20260406_042646.CSV,MONIT_EXEC_TS_FDS_SEMANAL_20260406_042646.CSV,.csv,dado_tabular_ou_serializado,330,2026-08-29T15:35:00+00:00,2026-04,nao_identificada,mcmv_geral;entidades,entidades,,
filesystem,arquivo,,Novo MCMV - FDS/MONIT_EXEC_TS_FDS_SEMANAL_20260420_044540.CSV,MONIT_EXEC_TS_FDS_SEMANAL_20260420_044540.CSV,.csv,dado_tabular_ou_serializado,330,2026-08-29T15:35:00+00:00,2026-04,nao_identificada,mcmv_geral;entidades,entidades,,
filesystem,arquivo,,Novo MCMV - FDS/MONIT_EXEC_TS_FDS_SEMANAL_20260504_043556.CSV,MONIT_EXEC_TS_FDS_SEMANAL_20260504_043556.CSV,.csv,dado_tabular_ou_serializado,555,2026-08-29T15:35:00+00:00,2026-05,nao_identificada,mcmv_geral;entidades,entidades,,
filesystem,arquivo,,Novo MCMV - FDS/MONIT_EXEC_TS_FDS_SEMANAL_20260511_043639.CSV,MONIT_EXEC_TS_FDS_SEMANAL_20260511_043639.CSV,.csv,dado_tabular_ou_serializado,443,2026-08-29T15:35:00+00:00,2026-05,nao_identificada,mcmv_geral;entidades,entidades,,
filesystem,arquivo,,Novo MCMV - FDS/MONIT_EXEC_TS_FDS_SEMANAL_20260518_043438.CSV,MONIT_EXEC_TS_FDS_SEMANAL_20260518_043438.CSV,.csv,dado_tabular_ou_serializado,555,2026-08-29T15:35:00+00:00,2026-05,nao_identificada,mcmv_geral;entidades,entidades,,
filesystem,arquivo,,Novo MCMV - FDS/MONIT_EXEC_TS_FDS_SEMANAL_20260525_043153.CSV,MONIT_EXEC_TS_FDS_SEMANAL_20260525_043153.CSV,.csv,dado_tabular_ou_serializado,557,2026-08-29T15:35:00+00:00,2026-05,nao_identificada,mcmv_geral;entidades,entidades,,
filesystem,arquivo,,Novo MCMV - FDS/MONIT_EXEC_TS_FDS_SEMANAL_20260601_043339.CSV,MONIT_EXEC_TS_FDS_SEMANAL_20260601_043339.CSV,.csv,dado_tabular_ou_serializado,330,2026-08-29T15:35:00+00:00,2026-06,nao_identificada,mcmv_geral;entidades,entidades,,
filesystem,arquivo,,Novo MCMV - FDS/MONIT_EXEC_TS_FDS_SEMANAL_20260608_042747.CSV,MONIT_EXEC_TS_FDS_SEMANAL_20260608_042747.CSV,.csv,dado_tabular_ou_serializado,443,2026-08-29T15:35:00+00:00,2026-06,nao_identificada,mcmv_geral;entidades,entidades,,
filesystem,arquivo,,Novo MCMV - FDS/MONIT_EXEC_TS_FDS_SEMANAL_20260629_042656.CSV,MONIT_EXEC_TS_FDS_SEMANAL_20260629_042656.CSV,.csv,dado_tabular_ou_serializado,331,2026-08-29T15:35:00+00:00,2026-06,nao_identificada,mcmv_geral;entidades,entidades,,
filesystem,arquivo,,Novo MCMV - FDS/MONIT_EXEC_TS_FDS_SEMANAL_20260706_042940.CSV,MONIT_EXEC_TS_FDS_SEMANAL_20260706_042940.CSV,.csv,dado_tabular_ou_serializado,444,2026-08-29T15:35:00+00:00,2026-07,nao_identificada,mcmv_geral;entidades,entidades,,
filesystem,arquivo,,Novo MCMV - FDS/MONIT_EXEC_TS_FDS_SEMANAL_20260713_043007.CSV,MONIT_EXEC_TS_FDS_SEMANAL_20260713_043007.CSV,.csv,dado_tabular_ou_serializado,2683,2026-08-29T15:35:00+00:00,2026-07,nao_identificada,mcmv_geral;entidades,entidades,,
filesystem,arquivo,,Novo MCMV - FDS/MONIT_EXEC_TS_FDS_SEMANAL_20260720_041547.CSV,MONIT_EXEC_TS_FDS_SEMANAL_20260720_041547.CSV,.csv,dado_tabular_ou_serializado,894,2026-08-29T15:35:00+00:00,2026-07,nao_identificada,mcmv_geral;entidades,entidades,,
filesystem,arquivo,,Novo MCMV - FDS/MONIT_EXEC_TS_FDS_SEMANAL_20260727_041632.CSV,MONIT_EXEC_TS_FDS_SEMANAL_20260727_041632.CSV,.csv,dado_tabular_ou_serializado,331,2026-08-29T15:35:00+00:00,2026-07,nao_identificada,mcmv_geral;entidades,entidades,,
filesystem,arquivo,,Novo MCMV - FDS/MONIT_EXEC_TS_FDS_SEMANAL_20260810_041652.CSV,MONIT_EXEC_TS_FDS_SEMANAL_20260810_041652.CSV,.csv,dado_tabular_ou_serializado,330,2026-08-29T15:35:00+00:00,2026-08,nao_identificada,mcmv_geral;entidades,entidades,,
filesystem,arquivo,,Novo MCMV - FDS/MONIT_EXEC_TS_FDS_SEMANAL_20260817_041312.CSV,MONIT_EXEC_TS_FDS_SEMANAL_20260817_041312.CSV,.csv,dado_tabular_ou_serializado,443,2026-08-29T15:35:00+00:00,2026-08,nao_identificada,mcmv_geral;entidades,entidades,,
filesystem,arquivo,,Novo MCMV - FDS/MONIT_MOV_FINANC_FDS_LAYOUT_20260302_103056.CSV,MONIT_MOV_FINANC_FDS_LAYOUT_20260302_103056.CSV,.csv,dado_tabular_ou_serializado,1850,2026-08-29T15:35:00+00:00,2026-03,nao_identificada,mcmv_geral;entidades,entidades,,
filesystem,arquivo,,Novo MCMV - FDS/MONIT_MOV_FINANC_FDS_LAYOUT_20260309_103026.CSV,MONIT_MOV_FINANC_FDS_LAYOUT_20260309_103026.CSV,.csv,dado_tabular_ou_serializado,1850,2026-08-29T15:35:00+00:00,2026-03,nao_identificada,mcmv_geral;entidades,entidades,,
filesystem,arquivo,,Novo MCMV - FDS/MONIT_MOV_FINANC_FDS_LAYOUT_20260316_103027.CSV,MONIT_MOV_FINANC_FDS_LAYOUT_20260316_103027.CSV,.csv,dado_tabular_ou_serializado,1850,2026-08-29T15:35:00+00:00,2026-03,nao_identificada,mcmv_geral;entidades,entidades,,
filesystem,arquivo,,Novo MCMV - FDS/MONIT_MOV_FINANC_FDS_LAYOUT_20260330_103013.CSV,MONIT_MOV_FINANC_FDS_LAYOUT_20260330_103013.CSV,.csv,dado_tabular_ou_serializado,1850,2026-08-29T15:35:00+00:00,2026-03,nao_identificada,mcmv_geral;entidades,entidades,,
filesystem,arquivo,,Novo MCMV - FDS/MONIT_MOV_FINANC_FDS_LAYOUT_20260401_103043.CSV,MONIT_MOV_FINANC_FDS_LAYOUT_20260401_103043.CSV,.csv,dado_tabular_ou_serializado,1850,2026-08-29T15:35:00+00:00,2026-04,nao_identificada,mcmv_geral;entidades,entidades,,
filesystem,arquivo,,Novo MCMV - FDS/MONIT_MOV_FINANC_FDS_LAYOUT_20260406_103046.CSV,MONIT_MOV_FINANC_FDS_LAYOUT_20260406_103046.CSV,.csv,dado_tabular_ou_serializado,1850,2026-08-29T15:35:00+00:00,2026-04,nao_identificada,mcmv_geral;entidades,entidades,,
filesystem,arquivo,,Novo MCMV - FDS/MONIT_MOV_FINANC_FDS_LAYOUT_20260413_103048.CSV,MONIT_MOV_FINANC_FDS_LAYOUT_20260413_103048.CSV,.csv,dado_tabular_ou_serializado,1850,2026-08-29T15:35:00+00:00,2026-04,nao_identificada,mcmv_geral;entidades,entidades,,
filesystem,arquivo,,Novo MCMV - FDS/MONIT_MOV_FINANC_FDS_LAYOUT_20260420_103042.CSV,MONIT_MOV_FINANC_FDS_LAYOUT_20260420_103042.CSV,.csv,dado_tabular_ou_serializado,1850,2026-08-29T15:35:00+00:00,2026-04,nao_identificada,mcmv_geral;entidades,entidades,,
filesystem,arquivo,,Novo MCMV - FDS/MONIT_MOV_FINANC_FDS_LAYOUT_20260427_103102.CSV,MONIT_MOV_FINANC_FDS_LAYOUT_20260427_103102.CSV,.csv,dado_tabular_ou_serializado,1850,2026-08-29T15:35:00+00:00,2026-04,nao_identificada,mcmv_geral;entidades,entidades,,
filesystem,arquivo,,Novo MCMV - FDS/MONIT_MOV_FINANC_FDS_LAYOUT_20260504_103132.CSV,MONIT_MOV_FINANC_FDS_LAYOUT_20260504_103132.CSV,.csv,dado_tabular_ou_serializado,1850,2026-08-29T15:35:00+00:00,2026-05,nao_identificada,mcmv_geral;entidades,entidades,,
filesystem,arquivo,,Novo MCMV - FDS/MONIT_MOV_FINANC_FDS_LAYOUT_20260511_103045.CSV,MONIT_MOV_FINANC_FDS_LAYOUT_20260511_103045.CSV,.csv,dado_tabular_ou_serializado,1850,2026-08-29T15:35:00+00:00,2026-05,nao_identificada,mcmv_geral;entidades,entidades,,
filesystem,arquivo,,Novo MCMV - FDS/MONIT_MOV_FINANC_FDS_LAYOUT_20260518_103045.CSV,MONIT_MOV_FINANC_FDS_LAYOUT_20260518_103045.CSV,.csv,dado_tabular_ou_serializado,1850,2026-08-29T15:35:00+00:00,2026-05,nao_identificada,mcmv_geral;entidades,entidades,,
filesystem,arquivo,,Novo MCMV - FDS/MONIT_MOV_FINANC_FDS_LAYOUT_20260525_103059.CSV,MONIT_MOV_FINANC_FDS_LAYOUT_20260525_103059.CSV,.csv,dado_tabular_ou_serializado,1850,2026-08-29T15:35:00+00:00,2026-05,nao_identificada,mcmv_geral;entidades,entidades,,
filesystem,arquivo,,Novo MCMV - FDS/MONIT_MOV_FINANC_FDS_LAYOUT_20260601_103133.CSV,MONIT_MOV_FINANC_FDS_LAYOUT_20260601_103133.CSV,.csv,dado_tabular_ou_serializado,1850,2026-08-29T15:35:00+00:00,2026-06,nao_identificada,mcmv_geral;entidades,entidades,,
filesystem,arquivo,,Novo MCMV - FDS/MONIT_MOV_FINANC_FDS_LAYOUT_20260608_103049.CSV,MONIT_MOV_FINANC_FDS_LAYOUT_20260608_103049.CSV,.csv,dado_tabular_ou_serializado,1850,2026-08-29T15:35:00+00:00,2026-06,nao_identificada,mcmv_geral;entidades,entidades,,
filesystem,arquivo,,Novo MCMV - FDS/MONIT_MOV_FINANC_FDS_LAYOUT_20260615_103048.CSV,MONIT_MOV_FINANC_FDS_LAYOUT_20260615_103048.CSV,.csv,dado_tabular_ou_serializado,1850,2026-08-29T15:35:00+00:00,2026-06,nao_identificada,mcmv_geral;entidades,entidades,,
filesystem,arquivo,,Novo MCMV - FDS/MONIT_MOV_FINANC_FDS_LAYOUT_20260622_103050.CSV,MONIT_MOV_FINANC_FDS_LAYOUT_20260622_103050.CSV,.csv,dado_tabular_ou_serializado,1850,2026-08-29T15:35:00+00:00,2026-06,nao_identificada,mcmv_geral;entidades,entidades,,
filesystem,arquivo,,Novo MCMV - FDS/MONIT_MOV_FINANC_FDS_LAYOUT_20260629_103044.CSV,MONIT_MOV_FINANC_FDS_LAYOUT_20260629_103044.CSV,.csv,dado_tabular_ou_serializado,1850,2026-08-29T15:35:00+00:00,2026-06,nao_identificada,mcmv_geral;entidades,entidades,,
filesystem,arquivo,,Novo MCMV - FDS/MONIT_MOV_FINANC_FDS_LAYOUT_20260701_103108.CSV,MONIT_MOV_FINANC_FDS_LAYOUT_20260701_103108.CSV,.csv,dado_tabular_ou_serializado,1850,2026-08-29T15:35:00+00:00,2026-07,nao_identificada,mcmv_geral;entidades,entidades,,
filesystem,arquivo,,Novo MCMV - FDS/MONIT_MOV_FINANC_FDS_LAYOUT_20260706_103059.CSV,MONIT_MOV_FINANC_FDS_LAYOUT_20260706_103059.CSV,.csv,dado_tabular_ou_serializado,1850,2026-08-29T15:35:00+00:00,2026-07,nao_identificada,mcmv_geral;entidades,entidades,,
filesystem,arquivo,,Novo MCMV - FDS/MONIT_MOV_FINANC_FDS_LAYOUT_20260713_103050.CSV,MONIT_MOV_FINANC_FDS_LAYOUT_20260713_103050.CSV,.csv,dado_tabular_ou_serializado,1850,2026-08-29T15:35:00+00:00,2026-07,nao_identificada,mcmv_geral;entidades,entidades,,
filesystem,arquivo,,Novo MCMV - FDS/MONIT_MOV_FINANC_FDS_LAYOUT_20260720_103054.CSV,MONIT_MOV_FINANC_FDS_LAYOUT_20260720_103054.CSV,.csv,dado_tabular_ou_serializado,1850,2026-08-29T15:35:00+00:00,2026-07,nao_identificada,mcmv_geral;entidades,entidades,,
filesystem,arquivo,,Novo MCMV - FDS/MONIT_MOV_FINANC_FDS_LAYOUT_20260727_103103.CSV,MONIT_MOV_FINANC_FDS_LAYOUT_20260727_103103.CSV,.csv,dado_tabular_ou_serializado,1850,2026-08-29T15:35:00+00:00,2026-07,nao_identificada,mcmv_geral;entidades,entidades,,
filesystem,arquivo,,Novo MCMV - FDS/MONIT_MOV_FINANC_FDS_LAYOUT_20260803_103140.CSV,MONIT_MOV_FINANC_FDS_LAYOUT_20260803_103140.CSV,.csv,dado_tabular_ou_serializado,1850,2026-08-29T15:35:00+00:00,2026-08,nao_identificada,mcmv_geral;entidades,entidades,,
filesystem,arquivo,,Novo MCMV - FDS/MONIT_MOV_FINANC_FDS_LAYOUT_20260810_103048.CSV,MONIT_MOV_FINANC_FDS_LAYOUT_20260810_103048.CSV,.csv,dado_tabular_ou_serializado,1850,2026-08-29T15:35:00+00:00,2026-08,nao_identificada,mcmv_geral;entidades,entidades,,
filesystem,arquivo,,Novo MCMV - FDS/MONIT_MOV_FINANC_FDS_LAYOUT_20260817_103057.CSV,MONIT_MOV_FINANC_FDS_LAYOUT_20260817_103057.CSV,.csv,dado_tabular_ou_serializado,1850,2026-08-29T15:35:00+00:00,2026-08,nao_identificada,mcmv_geral;entidades,entidades,,
filesystem,arquivo,,Novo MCMV - FDS/MONIT_MOV_FINANC_FDS_LAYOUT_20260824_111655.CSV,MONIT_MOV_FINANC_FDS_LAYOUT_20260824_111655.CSV,.csv,dado_tabular_ou_serializado,1850,2026-08-29T15:35:00+00:00,2026-08,nao_identificada,mcmv_geral;entidades,entidades,,
filesystem,arquivo,,Novo MCMV - FDS/MONIT_MOV_FINANC_FDS_MENSAL_202602_103056.CSV,MONIT_MOV_FINANC_FDS_MENSAL_202602_103056.CSV,.csv,dado_tabular_ou_serializado,2577800,2026-08-29T15:35:00+00:00,2026-02,nao_identificada,mcmv_geral;entidades,entidades,,
filesystem,arquivo,,Novo MCMV - FDS/MONIT_MOV_FINANC_FDS_MENSAL_202603_103043.CSV,MONIT_MOV_FINANC_FDS_MENSAL_202603_103043.CSV,.csv,dado_tabular_ou_serializado,2608671,2026-08-29T15:35:00+00:00,2026-03,nao_identificada,mcmv_geral;entidades,entidades,,
filesystem,arquivo,,Novo MCMV - FDS/MONIT_MOV_FINANC_FDS_MENSAL_202604_103132.CSV,MONIT_MOV_FINANC_FDS_MENSAL_202604_103132.CSV,.csv,dado_tabular_ou_serializado,2637698,2026-08-29T15:35:00+00:00,2026-04,nao_identificada,mcmv_geral;entidades,entidades,,
filesystem,arquivo,,Novo MCMV - FDS/MONIT_MOV_FINANC_FDS_MENSAL_202605_103133.CSV,MONIT_MOV_FINANC_FDS_MENSAL_202605_103133.CSV,.csv,dado_tabular_ou_serializado,2664491,2026-08-29T15:35:00+00:00,2026-05,nao_identificada,mcmv_geral;entidades,entidades,,
filesystem,arquivo,,Novo MCMV - FDS/MONIT_MOV_FINANC_FDS_MENSAL_202606_103108.CSV,MONIT_MOV_FINANC_FDS_MENSAL_202606_103108.CSV,.csv,dado_tabular_ou_serializado,2692912,2026-08-29T15:35:00+00:00,2026-06,nao_identificada,mcmv_geral;entidades,entidades,,
filesystem,arquivo,,Novo MCMV - FDS/MONIT_MOV_FINANC_FDS_MENSAL_202607_103140.CSV,MONIT_MOV_FINANC_FDS_MENSAL_202607_103140.CSV,.csv,dado_tabular_ou_serializado,2718682,2026-08-29T15:35:00+00:00,2026-07,nao_identificada,mcmv_geral;entidades,entidades,,
filesystem,arquivo,,Novo MCMV - FDS/MONIT_MOV_FINANC_FDS_SEMANAL_20260209_103034.CSV,MONIT_MOV_FINANC_FDS_SEMANAL_20260209_103034.CSV,.csv,dado_tabular_ou_serializado,5790,2026-08-29T15:35:00+00:00,2026-02,nao_identificada,mcmv_geral;entidades,entidades,,
filesystem,arquivo,,Novo MCMV - FDS/MONIT_MOV_FINANC_FDS_SEMANAL_20260216_103033.CSV,MONIT_MOV_FINANC_FDS_SEMANAL_20260216_103033.CSV,.csv,dado_tabular_ou_serializado,9377,2026-08-29T15:35:00+00:00,2026-02,nao_identificada,mcmv_geral;entidades,entidades,,
filesystem,arquivo,,Novo MCMV - FDS/MONIT_MOV_FINANC_FDS_SEMANAL_20260223_103021.CSV,MONIT_MOV_FINANC_FDS_SEMANAL_20260223_103021.CSV,.csv,dado_tabular_ou_serializado,4732,2026-08-29T15:35:00+00:00,2026-02,nao_identificada,mcmv_geral;entidades,entidades,,
filesystem,arquivo,,Novo MCMV - FDS/MONIT_MOV_FINANC_FDS_SEMANAL_202602_103013.CSV,MONIT_MOV_FINANC_FDS_SEMANAL_202602_103013.CSV,.csv,dado_tabular_ou_serializado,10123,2026-08-29T15:35:00+00:00,2026-02,nao_identificada,mcmv_geral;entidades,entidades,,
filesystem,arquivo,,Novo MCMV - FDS/MONIT_MOV_FINANC_FDS_SEMANAL_202602_103026.CSV,MONIT_MOV_FINANC_FDS_SEMANAL_202602_103026.CSV,.csv,dado_tabular_ou_serializado,10738,2026-08-29T15:35:00+00:00,2026-02,nao_identificada,mcmv_geral;entidades,entidades,,
filesystem,arquivo,,Novo MCMV - FDS/MONIT_MOV_FINANC_FDS_SEMANAL_202602_103027.CSV,MONIT_MOV_FINANC_FDS_SEMANAL_202602_103027.CSV,.csv,dado_tabular_ou_serializado,8196,2026-08-29T15:35:00+00:00,2026-02,nao_identificada,mcmv_geral;entidades,entidades,,
filesystem,arquivo,,Novo MCMV - FDS/MONIT_MOV_FINANC_FDS_SEMANAL_202602_103056.CSV,MONIT_MOV_FINANC_FDS_SEMANAL_202602_103056.CSV,.csv,dado_tabular_ou_serializado,8618,2026-08-29T15:35:00+00:00,2026-02,nao_identificada,mcmv_geral;entidades,entidades,,
filesystem,arquivo,,Novo MCMV - FDS/MONIT_MOV_FINANC_FDS_SEMANAL_202603_103042.CSV,MONIT_MOV_FINANC_FDS_SEMANAL_202603_103042.CSV,.csv,dado_tabular_ou_serializado,5694,2026-08-29T15:35:00+00:00,2026-03,nao_identificada,mcmv_geral;entidades,entidades,,
filesystem,arquivo,,Novo MCMV - FDS/MONIT_MOV_FINANC_FDS_SEMANAL_202603_103046.CSV,MONIT_MOV_FINANC_FDS_SEMANAL_202603_103046.CSV,.csv,dado_tabular_ou_serializado,8215,2026-08-29T15:35:00+00:00,2026-03,nao_identificada,mcmv_geral;entidades,entidades,,
filesystem,arquivo,,Novo MCMV - FDS/MONIT_MOV_FINANC_FDS_SEMANAL_202603_103048.CSV,MONIT_MOV_FINANC_FDS_SEMANAL_202603_103048.CSV,.csv,dado_tabular_ou_serializado,6177,2026-08-29T15:35:00+00:00,2026-03,nao_identificada,mcmv_geral;entidades,entidades,,
filesystem,arquivo,,Novo MCMV - FDS/MONIT_MOV_FINANC_FDS_SEMANAL_202603_103102.CSV,MONIT_MOV_FINANC_FDS_SEMANAL_202603_103102.CSV,.csv,dado_tabular_ou_serializado,6446,2026-08-29T15:35:00+00:00,2026-03,nao_identificada,mcmv_geral;entidades,entidades,,
filesystem,arquivo,,Novo MCMV - FDS/MONIT_MOV_FINANC_FDS_SEMANAL_202604_103045.CSV,MONIT_MOV_FINANC_FDS_SEMANAL_202604_103045.CSV,.csv,dado_tabular_ou_serializado,5567,2026-08-29T15:35:00+00:00,2026-04,nao_identificada,mcmv_geral;entidades,entidades,,
filesystem,arquivo,,Novo MCMV - FDS/MONIT_MOV_FINANC_FDS_SEMANAL_202604_103059.CSV,MONIT_MOV_FINANC_FDS_SEMANAL_202604_103059.CSV,.csv,dado_tabular_ou_serializado,9300,2026-08-29T15:35:00+00:00,2026-04,nao_identificada,mcmv_geral;entidades,entidades,,
filesystem,arquivo,,Novo MCMV - FDS/MONIT_MOV_FINANC_FDS_SEMANAL_202604_103132.CSV,MONIT_MOV_FINANC_FDS_SEMANAL_202604_103132.CSV,.csv,dado_tabular_ou_serializado,7189,2026-08-29T15:35:00+00:00,2026-04,nao_identificada,mcmv_geral;entidades,entidades,,
filesystem,arquivo,,Novo MCMV - FDS/MONIT_MOV_FINANC_FDS_SEMANAL_202605_103044.CSV,MONIT_MOV_FINANC_FDS_SEMANAL_202605_103044.CSV,.csv,dado_tabular_ou_serializado,7830,2026-08-29T15:35:00+00:00,2026-05,nao_identificada,mcmv_geral;entidades,entidades,,
filesystem,arquivo,,Novo MCMV - FDS/MONIT_MOV_FINANC_FDS_SEMANAL_202605_103048.CSV,MONIT_MOV_FINANC_FDS_SEMANAL_202605_103048.CSV,.csv,dado_tabular_ou_serializado,6665,2026-08-29T15:35:00+00:00,2026-05,nao_identificada,mcmv_geral;entidades,entidades,,
filesystem,arquivo,,Novo MCMV - FDS/MONIT_MOV_FINANC_FDS_SEMANAL_202605_103049.CSV,MONIT_MOV_FINANC_FDS_SEMANAL_202605_103049.CSV,.csv,dado_tabular_ou_serializado,7157,2026-08-29T15:35:00+00:00,2026-05,nao_identificada,mcmv_geral;entidades,entidades,,
filesystem,arquivo,,Novo MCMV - FDS/MONIT_MOV_FINANC_FDS_SEMANAL_202605_103050.CSV,MONIT_MOV_FINANC_FDS_SEMANAL_202605_103050.CSV,.csv,dado_tabular_ou_serializado,5948,2026-08-29T15:35:00+00:00,2026-05,nao_identificada,mcmv_geral;entidades,entidades,,
filesystem,arquivo,,Novo MCMV - FDS/MONIT_MOV_FINANC_FDS_SEMANAL_202605_103133.CSV,MONIT_MOV_FINANC_FDS_SEMANAL_202605_103133.CSV,.csv,dado_tabular_ou_serializado,5722,2026-08-29T15:35:00+00:00,2026-05,nao_identificada,mcmv_geral;entidades,entidades,,
filesystem,arquivo,,Novo MCMV - FDS/MONIT_MOV_FINANC_FDS_SEMANAL_202606_103050.CSV,MONIT_MOV_FINANC_FDS_SEMANAL_202606_103050.CSV,.csv,dado_tabular_ou_serializado,6229,2026-08-29T15:35:00+00:00,2026-06,nao_identificada,mcmv_geral;entidades,entidades,,
filesystem,arquivo,,Novo MCMV - FDS/MONIT_MOV_FINANC_FDS_SEMANAL_202606_103054.CSV,MONIT_MOV_FINANC_FDS_SEMANAL_202606_103054.CSV,.csv,dado_tabular_ou_serializado,7494,2026-08-29T15:35:00+00:00,2026-06,nao_identificada,mcmv_geral;entidades,entidades,,
filesystem,arquivo,,Novo MCMV - FDS/MONIT_MOV_FINANC_FDS_SEMANAL_202606_103059.CSV,MONIT_MOV_FINANC_FDS_SEMANAL_202606_103059.CSV,.csv,dado_tabular_ou_serializado,6753,2026-08-29T15:35:00+00:00,2026-06,nao_identificada,mcmv_geral;entidades,entidades,,
filesystem,arquivo,,Novo MCMV - FDS/MONIT_MOV_FINANC_FDS_SEMANAL_202606_103103.CSV,MONIT_MOV_FINANC_FDS_SEMANAL_202606_103103.CSV,.csv,dado_tabular_ou_serializado,5780,2026-08-29T15:35:00+00:00,2026-06,nao_identificada,mcmv_geral;entidades,entidades,,
filesystem,arquivo,,Novo MCMV - FDS/MONIT_MOV_FINANC_FDS_SEMANAL_202607_103048.CSV,MONIT_MOV_FINANC_FDS_SEMANAL_202607_103048.CSV,.csv,dado_tabular_ou_serializado,8125,2026-08-29T15:35:00+00:00,2026-07,nao_identificada,mcmv_geral;entidades,entidades,,
filesystem,arquivo,,Novo MCMV - FDS/MONIT_MOV_FINANC_FDS_SEMANAL_202607_103057.CSV,MONIT_MOV_FINANC_FDS_SEMANAL_202607_103057.CSV,.csv,dado_tabular_ou_serializado,6330,2026-08-29T15:35:00+00:00,2026-07,nao_identificada,mcmv_geral;entidades,entidades,,
filesystem,arquivo,,Novo MCMV - FDS/MONIT_MOV_FINANC_FDS_SEMANAL_202607_103140.CSV,MONIT_MOV_FINANC_FDS_SEMANAL_202607_103140.CSV,.csv,dado_tabular_ou_serializado,3575,2026-08-29T15:35:00+00:00,2026-07,nao_identificada,mcmv_geral;entidades,entidades,,
filesystem,arquivo,,Novo MCMV - FDS/MONIT_MOV_FINANC_FDS_SEMANAL_202607_111655.CSV,MONIT_MOV_FINANC_FDS_SEMANAL_202607_111655.CSV,.csv,dado_tabular_ou_serializado,6728,2026-08-29T15:35:00+00:00,2026-07,nao_identificada,mcmv_geral;entidades,entidades,,
filesystem,arquivo,,Novo MCMV - FDS/MONIT_MOV_OBRA_FDS_LAYOUT_20260316_042831.CSV,MONIT_MOV_OBRA_FDS_LAYOUT_20260316_042831.CSV,.csv,dado_tabular_ou_serializado,8852,2026-08-29T15:35:00+00:00,2026-03,nao_identificada,mcmv_geral;entidades,entidades,,
filesystem,arquivo,,Novo MCMV - FDS/MONIT_MOV_OBRA_FDS_LAYOUT_20260401_043240.CSV,MONIT_MOV_OBRA_FDS_LAYOUT_20260401_043240.CSV,.csv,dado_tabular_ou_serializado,8852,2026-08-29T15:35:00+00:00,2026-04,nao_identificada,mcmv_geral;entidades,entidades,,
filesystem,arquivo,,Novo MCMV - FDS/MONIT_MOV_OBRA_FDS_LAYOUT_20260406_042620.CSV,MONIT_MOV_OBRA_FDS_LAYOUT_20260406_042620.CSV,.csv,dado_tabular_ou_serializado,8852,2026-08-29T15:35:00+00:00,2026-04,nao_identificada,mcmv_geral;entidades,entidades,,
filesystem,arquivo,,Novo MCMV - FDS/MONIT_MOV_OBRA_FDS_LAYOUT_20260413_042818.CSV,MONIT_MOV_OBRA_FDS_LAYOUT_20260413_042818.CSV,.csv,dado_tabular_ou_serializado,8852,2026-08-29T15:35:00+00:00,2026-04,nao_identificada,mcmv_geral;entidades,entidades,,
filesystem,arquivo,,Novo MCMV - FDS/MONIT_MOV_OBRA_FDS_LAYOUT_20260420_044513.CSV,MONIT_MOV_OBRA_FDS_LAYOUT_20260420_044513.CSV,.csv,dado_tabular_ou_serializado,8852,2026-08-29T15:35:00+00:00,2026-04,nao_identificada,mcmv_geral;entidades,entidades,,
filesystem,arquivo,,Novo MCMV - FDS/MONIT_MOV_OBRA_FDS_LAYOUT_20260504_043504.CSV,MONIT_MOV_OBRA_FDS_LAYOUT_20260504_043504.CSV,.csv,dado_tabular_ou_serializado,8852,2026-08-29T15:35:00+00:00,2026-05,nao_identificada,mcmv_geral;entidades,entidades,,
filesystem,arquivo,,Novo MCMV - FDS/MONIT_MOV_OBRA_FDS_LAYOUT_20260511_043553.CSV,MONIT_MOV_OBRA_FDS_LAYOUT_20260511_043553.CSV,.csv,dado_tabular_ou_serializado,8852,2026-08-29T15:35:00+00:00,2026-05,nao_identificada,mcmv_geral;entidades,entidades,,
filesystem,arquivo,,Novo MCMV - FDS/MONIT_MOV_OBRA_FDS_LAYOUT_20260601_043312.CSV,MONIT_MOV_OBRA_FDS_LAYOUT_20260601_043312.CSV,.csv,dado_tabular_ou_serializado,8852,2026-08-29T15:35:00+00:00,2026-06,nao_identificada,mcmv_geral;entidades,entidades,,
filesystem,arquivo,,Novo MCMV - FDS/MONIT_MOV_OBRA_FDS_LAYOUT_20260615_043120.CSV,MONIT_MOV_OBRA_FDS_LAYOUT_20260615_043120.CSV,.csv,dado_tabular_ou_serializado,8852,2026-08-29T15:35:00+00:00,2026-06,nao_identificada,mcmv_geral;entidades,entidades,,
filesystem,arquivo,,Novo MCMV - FDS/MONIT_MOV_OBRA_FDS_LAYOUT_20260706_042914.CSV,MONIT_MOV_OBRA_FDS_LAYOUT_20260706_042914.CSV,.csv,dado_tabular_ou_serializado,8852,2026-08-29T15:35:00+00:00,2026-07,nao_identificada,mcmv_geral;entidades,entidades,,
filesystem,arquivo,,Novo MCMV - FDS/MONIT_MOV_OBRA_FDS_LAYOUT_20260803_041821.CSV,MONIT_MOV_OBRA_FDS_LAYOUT_20260803_041821.CSV,.csv,dado_tabular_ou_serializado,8852,2026-08-29T15:35:00+00:00,2026-08,nao_identificada,mcmv_geral;entidades,entidades,,
filesystem,arquivo,,Novo MCMV - FDS/MONIT_MOV_OBRA_FDS_MENSAL_202602_042803.CSV,MONIT_MOV_OBRA_FDS_MENSAL_202602_042803.CSV,.csv,dado_tabular_ou_serializado,71696,2026-08-29T15:35:00+00:00,2026-02,nao_identificada,mcmv_geral;entidades,entidades,,
filesystem,arquivo,,Novo MCMV - FDS/MONIT_MOV_OBRA_FDS_MENSAL_202603_043240.CSV,MONIT_MOV_OBRA_FDS_MENSAL_202603_043240.CSV,.csv,dado_tabular_ou_serializado,73352,2026-08-29T15:35:00+00:00,2026-03,nao_identificada,mcmv_geral;entidades,entidades,,
filesystem,arquivo,,Novo MCMV - FDS/MONIT_MOV_OBRA_FDS_MENSAL_202604_043504.CSV,MONIT_MOV_OBRA_FDS_MENSAL_202604_043504.CSV,.csv,dado_tabular_ou_serializado,73979,2026-08-29T15:35:00+00:00,2026-04,nao_identificada,mcmv_geral;entidades,entidades,,
filesystem,arquivo,,Novo MCMV - FDS/MONIT_MOV_OBRA_FDS_MENSAL_202605_043312.CSV,MONIT_MOV_OBRA_FDS_MENSAL_202605_043312.CSV,.csv,dado_tabular_ou_serializado,74195,2026-08-29T15:35:00+00:00,2026-05,nao_identificada,mcmv_geral;entidades,entidades,,
filesystem,arquivo,,Novo MCMV - FDS/MONIT_MOV_OBRA_FDS_MENSAL_202606_043030.CSV,MONIT_MOV_OBRA_FDS_MENSAL_202606_043030.CSV,.csv,dado_tabular_ou_serializado,74397,2026-08-29T15:35:00+00:00,2026-06,nao_identificada,mcmv_geral;entidades,entidades,,
filesystem,arquivo,,Novo MCMV - FDS/MONIT_MOV_OBRA_FDS_MENSAL_202607_041821.CSV,MONIT_MOV_OBRA_FDS_MENSAL_202607_041821.CSV,.csv,dado_tabular_ou_serializado,74667,2026-08-29T15:35:00+00:00,2026-07,nao_identificada,mcmv_geral;entidades,entidades,,
filesystem,arquivo,,Novo MCMV - FDS/MONIT_MOV_OBRA_FDS_SEMANAL_20260216_042618.CSV,MONIT_MOV_OBRA_FDS_SEMANAL_20260216_042618.CSV,.csv,dado_tabular_ou_serializado,1211,2026-08-29T15:35:00+00:00,2026-02,nao_identificada,mcmv_geral;entidades,entidades,,
filesystem,arquivo,,Novo MCMV - FDS/MONIT_MOV_OBRA_FDS_SEMANAL_202602_042831.CSV,MONIT_MOV_OBRA_FDS_SEMANAL_202602_042831.CSV,.csv,dado_tabular_ou_serializado,2444,2026-08-29T15:35:00+00:00,2026-02,nao_identificada,mcmv_geral;entidades,entidades,,
filesystem,arquivo,,Novo MCMV - FDS/MONIT_MOV_OBRA_FDS_SEMANAL_20260302_042803.CSV,MONIT_MOV_OBRA_FDS_SEMANAL_20260302_042803.CSV,.csv,dado_tabular_ou_serializado,2433,2026-08-29T15:35:00+00:00,2026-03,nao_identificada,mcmv_geral;entidades,entidades,,
filesystem,arquivo,,Novo MCMV - FDS/MONIT_MOV_OBRA_FDS_SEMANAL_202603_042620.CSV,MONIT_MOV_OBRA_FDS_SEMANAL_202603_042620.CSV,.csv,dado_tabular_ou_serializado,1206,2026-08-29T15:35:00+00:00,2026-03,nao_identificada,mcmv_geral;entidades,entidades,,
filesystem,arquivo,,Novo MCMV - FDS/MONIT_MOV_OBRA_FDS_SEMANAL_202603_042818.CSV,MONIT_MOV_OBRA_FDS_SEMANAL_202603_042818.CSV,.csv,dado_tabular_ou_serializado,2219,2026-08-29T15:35:00+00:00,2026-03,nao_identificada,mcmv_geral;entidades,entidades,,
filesystem,arquivo,,Novo MCMV - FDS/MONIT_MOV_OBRA_FDS_SEMANAL_202603_044513.CSV,MONIT_MOV_OBRA_FDS_SEMANAL_202603_044513.CSV,.csv,dado_tabular_ou_serializado,1206,2026-08-29T15:35:00+00:00,2026-03,nao_identificada,mcmv_geral;entidades,entidades,,
filesystem,arquivo,,Novo MCMV - FDS/MONIT_MOV_OBRA_FDS_SEMANAL_202604_043504.CSV,MONIT_MOV_OBRA_FDS_SEMANAL_202604_043504.CSV,.csv,dado_tabular_ou_serializado,1608,2026-08-29T15:35:00+00:00,2026-04,nao_identificada,mcmv_geral;entidades,entidades,,
filesystem,arquivo,,Novo MCMV - FDS/MONIT_MOV_OBRA_FDS_SEMANAL_202604_043553.CSV,MONIT_MOV_OBRA_FDS_SEMANAL_202604_043553.CSV,.csv,dado_tabular_ou_serializado,1206,2026-08-29T15:35:00+00:00,2026-04,nao_identificada,mcmv_geral;entidades,entidades,,
filesystem,arquivo,,Novo MCMV - FDS/MONIT_MOV_OBRA_FDS_SEMANAL_202605_043120.CSV,MONIT_MOV_OBRA_FDS_SEMANAL_202605_043120.CSV,.csv,dado_tabular_ou_serializado,1206,2026-08-29T15:35:00+00:00,2026-05,nao_identificada,mcmv_geral;entidades,entidades,,
filesystem,arquivo,,Novo MCMV - FDS/MONIT_MOV_OBRA_FDS_SEMANAL_202606_042914.CSV,MONIT_MOV_OBRA_FDS_SEMANAL_202606_042914.CSV,.csv,dado_tabular_ou_serializado,1206,2026-08-29T15:35:00+00:00,2026-06,nao_identificada,mcmv_geral;entidades,entidades,,
filesystem,pasta,,Novo MCMV - FNHIS Sub 50,Novo MCMV - FNHIS Sub 50,,pasta,,2026-08-29T12:36:40.867753+00:00,,nao_identificada,mcmv_geral;sub50_fnhis,sub50_fnhis,,
filesystem,pasta,,Novo MCMV - FNHIS Sub 50/Arquivados,Arquivados,,pasta,,2026-08-29T12:36:40.835337+00:00,,nao_identificada,mcmv_geral;sub50_fnhis,sub50_fnhis,,
filesystem,arquivo,,Novo MCMV - FNHIS Sub 50/Arquivados/FNHIS SUB 50 Painel_TG_20250306.xlsx,FNHIS SUB 50 Painel_TG_20250306.xlsx,.xlsx,dado_tabular_ou_serializado,170065,2026-08-29T15:36:00+00:00,2025-03,nao_identificada,mcmv_geral;sub50_fnhis,sub50_fnhis,Sheet1,
filesystem,arquivo,,Novo MCMV - FNHIS Sub 50/Arquivados/FNHIS SUB 50 Painel_TG_20250403.xlsx,FNHIS SUB 50 Painel_TG_20250403.xlsx,.xlsx,dado_tabular_ou_serializado,186352,2026-08-29T15:36:00+00:00,2025-04,nao_identificada,mcmv_geral;sub50_fnhis,sub50_fnhis,Sheet1,
filesystem,arquivo,,Novo MCMV - FNHIS Sub 50/Arquivados/FNHIS SUB 50 Painel_TG_20250506.xlsx,FNHIS SUB 50 Painel_TG_20250506.xlsx,.xlsx,dado_tabular_ou_serializado,187952,2026-08-29T15:36:00+00:00,2025-05,nao_identificada,mcmv_geral;sub50_fnhis,sub50_fnhis,Sheet1,
filesystem,arquivo,,Novo MCMV - FNHIS Sub 50/Arquivados/FNHIS SUB 50 Painel_TG_20250602.xlsx,FNHIS SUB 50 Painel_TG_20250602.xlsx,.xlsx,dado_tabular_ou_serializado,188992,2026-08-29T15:36:00+00:00,2025-06,nao_identificada,mcmv_geral;sub50_fnhis,sub50_fnhis,Sheet1,
filesystem,arquivo,,Novo MCMV - FNHIS Sub 50/Arquivados/FNHIS SUB 50 Painel_TG_20250702.xlsx,FNHIS SUB 50 Painel_TG_20250702.xlsx,.xlsx,dado_tabular_ou_serializado,187227,2026-08-29T15:36:00+00:00,2025-07,nao_identificada,mcmv_geral;sub50_fnhis,sub50_fnhis,Sheet1,
filesystem,arquivo,,Novo MCMV - FNHIS Sub 50/Arquivados/FNHIS SUB 50 Painel_TG_20250804.xlsx,FNHIS SUB 50 Painel_TG_20250804.xlsx,.xlsx,dado_tabular_ou_serializado,449,2026-08-29T15:36:00+00:00,2025-08,nao_identificada,mcmv_geral;sub50_fnhis,sub50_fnhis,"erro_excel:Excel file format cannot be determined, you must specify an engine manually.",
filesystem,arquivo,,Novo MCMV - FNHIS Sub 50/Arquivados/FNHIS SUB 50 Painel_TG_20250901.xlsx,FNHIS SUB 50 Painel_TG_20250901.xlsx,.xlsx,dado_tabular_ou_serializado,185738,2026-08-29T15:36:00+00:00,2025-09,nao_identificada,mcmv_geral;sub50_fnhis,sub50_fnhis,Sheet1,
filesystem,arquivo,,Novo MCMV - FNHIS Sub 50/Arquivados/FNHIS SUB 50 Painel_TG_20251103.csv,FNHIS SUB 50 Painel_TG_20251103.csv,.csv,dado_tabular_ou_serializado,434847,2026-08-29T15:36:00+00:00,2025-11,nao_identificada,mcmv_geral;sub50_fnhis,sub50_fnhis,,
filesystem,arquivo,,Novo MCMV - FNHIS Sub 50/Arquivados/FNHIS SUB 50 Painel_TG_20251103.xlsx,FNHIS SUB 50 Painel_TG_20251103.xlsx,.xlsx,dado_tabular_ou_serializado,188871,2026-08-29T15:36:00+00:00,2025-11,nao_identificada,mcmv_geral;sub50_fnhis,sub50_fnhis,Sheet1,
filesystem,arquivo,,Novo MCMV - FNHIS Sub 50/Arquivados/FNHIS SUB 50 Painel_TG_20251201.csv,FNHIS SUB 50 Painel_TG_20251201.csv,.csv,dado_tabular_ou_serializado,431630,2026-08-29T15:36:00+00:00,2025-12,nao_identificada,mcmv_geral;sub50_fnhis,sub50_fnhis,,
filesystem,arquivo,,Novo MCMV - FNHIS Sub 50/Arquivados/FNHIS SUB 50 Painel_TG_20251201.xlsx,FNHIS SUB 50 Painel_TG_20251201.xlsx,.xlsx,dado_tabular_ou_serializado,188983,2026-08-29T15:36:00+00:00,2025-12,nao_identificada,mcmv_geral;sub50_fnhis,sub50_fnhis,Sheet1,
filesystem,arquivo,,Novo MCMV - FNHIS Sub 50/FNHIS SUB 50 Painel_TG_20260105.csv,FNHIS SUB 50 Painel_TG_20260105.csv,.csv,dado_tabular_ou_serializado,1230,2026-08-29T15:36:00+00:00,2026-01,nao_identificada,mcmv_geral;sub50_fnhis,sub50_fnhis,,
filesystem,arquivo,,Novo MCMV - FNHIS Sub 50/FNHIS SUB 50 Painel_TG_20260105.xlsx,FNHIS SUB 50 Painel_TG_20260105.xlsx,.xlsx,dado_tabular_ou_serializado,188328,2026-08-29T15:36:00+00:00,2026-01,nao_identificada,mcmv_geral;sub50_fnhis,sub50_fnhis,Sheet1,
filesystem,arquivo,,Novo MCMV - FNHIS Sub 50/FNHIS SUB 50 Painel_TG_20260202.csv,FNHIS SUB 50 Painel_TG_20260202.csv,.csv,dado_tabular_ou_serializado,426728,2026-08-29T15:36:00+00:00,2026-02,nao_identificada,mcmv_geral;sub50_fnhis,sub50_fnhis,,
filesystem,arquivo,,Novo MCMV - FNHIS Sub 50/FNHIS SUB 50 Painel_TG_20260202.xlsx,FNHIS SUB 50 Painel_TG_20260202.xlsx,.xlsx,dado_tabular_ou_serializado,188801,2026-08-29T15:36:00+00:00,2026-02,nao_identificada,mcmv_geral;sub50_fnhis,sub50_fnhis,Sheet1,
filesystem,arquivo,,Novo MCMV - FNHIS Sub 50/FNHIS SUB 50 Painel_TG_20260302.csv,FNHIS SUB 50 Painel_TG_20260302.csv,.csv,dado_tabular_ou_serializado,426878,2026-08-29T15:36:00+00:00,2026-03,nao_identificada,mcmv_geral;sub50_fnhis,sub50_fnhis,,
filesystem,arquivo,,Novo MCMV - FNHIS Sub 50/FNHIS SUB 50 Painel_TG_20260302.xlsx,FNHIS SUB 50 Painel_TG_20260302.xlsx,.xlsx,dado_tabular_ou_serializado,189047,2026-08-29T15:36:00+00:00,2026-03,nao_identificada,mcmv_geral;sub50_fnhis,sub50_fnhis,Sheet1,
filesystem,arquivo,,Novo MCMV - FNHIS Sub 50/FNHIS SUB 50 Painel_TG_20260401.csv,FNHIS SUB 50 Painel_TG_20260401.csv,.csv,dado_tabular_ou_serializado,426956,2026-08-29T15:36:00+00:00,2026-04,nao_identificada,mcmv_geral;sub50_fnhis,sub50_fnhis,,
filesystem,arquivo,,Novo MCMV - FNHIS Sub 50/FNHIS SUB 50 Painel_TG_20260401.xlsx,FNHIS SUB 50 Painel_TG_20260401.xlsx,.xlsx,dado_tabular_ou_serializado,189427,2026-08-29T15:36:00+00:00,2026-04,nao_identificada,mcmv_geral;sub50_fnhis,sub50_fnhis,Sheet1,
filesystem,arquivo,,Novo MCMV - FNHIS Sub 50/FNHIS SUB 50 Painel_TG_20260504.csv,FNHIS SUB 50 Painel_TG_20260504.csv,.csv,dado_tabular_ou_serializado,427379,2026-08-29T15:36:00+00:00,2026-05,nao_identificada,mcmv_geral;sub50_fnhis,sub50_fnhis,,
filesystem,arquivo,,Novo MCMV - FNHIS Sub 50/FNHIS SUB 50 Painel_TG_20260504.xlsx,FNHIS SUB 50 Painel_TG_20260504.xlsx,.xlsx,dado_tabular_ou_serializado,189312,2026-08-29T15:36:00+00:00,2026-05,nao_identificada,mcmv_geral;sub50_fnhis,sub50_fnhis,Sheet1,
filesystem,arquivo,,Novo MCMV - FNHIS Sub 50/FNHIS SUB 50 Painel_TG_20260608.csv,FNHIS SUB 50 Painel_TG_20260608.csv,.csv,dado_tabular_ou_serializado,1203,2026-08-29T15:36:00+00:00,2026-06,nao_identificada,mcmv_geral;sub50_fnhis,sub50_fnhis,,
filesystem,arquivo,,Novo MCMV - FNHIS Sub 50/FNHIS SUB 50 Painel_TG_20260608.xlsx,FNHIS SUB 50 Painel_TG_20260608.xlsx,.xlsx,dado_tabular_ou_serializado,1203,2026-08-29T15:36:00+00:00,2026-06,nao_identificada,mcmv_geral;sub50_fnhis,sub50_fnhis,"erro_excel:Excel file format cannot be determined, you must specify an engine manually.",
filesystem,arquivo,,Novo MCMV - FNHIS Sub 50/FNHIS SUB 50 Painel_TG_20260701.csv,FNHIS SUB 50 Painel_TG_20260701.csv,.csv,dado_tabular_ou_serializado,428145,2026-08-29T15:36:00+00:00,2026-07,nao_identificada,mcmv_geral;sub50_fnhis,sub50_fnhis,,
filesystem,arquivo,,Novo MCMV - FNHIS Sub 50/FNHIS SUB 50 Painel_TG_20260701.xlsx,FNHIS SUB 50 Painel_TG_20260701.xlsx,.xlsx,dado_tabular_ou_serializado,190931,2026-08-29T15:36:00+00:00,2026-07,nao_identificada,mcmv_geral;sub50_fnhis,sub50_fnhis,Sheet1,
filesystem,arquivo,,Novo MCMV - FNHIS Sub 50/FNHIS SUB 50 Painel_TG_20260806.csv,FNHIS SUB 50 Painel_TG_20260806.csv,.csv,dado_tabular_ou_serializado,428541,2026-08-29T15:36:00+00:00,2026-08,nao_identificada,mcmv_geral;sub50_fnhis,sub50_fnhis,,
filesystem,arquivo,,Novo MCMV - FNHIS Sub 50/FNHIS SUB 50 Painel_TG_20260806.xlsx,FNHIS SUB 50 Painel_TG_20260806.xlsx,.xlsx,dado_tabular_ou_serializado,191571,2026-08-29T15:36:00+00:00,2026-08,nao_identificada,mcmv_geral;sub50_fnhis,sub50_fnhis,Sheet1,
filesystem,arquivo,,Novo MCMV - FNHIS Sub 50/Outlook-142sennr.png,Outlook-142sennr.png,.png,outro,11728,2026-08-29T15:36:00+00:00,,nao_identificada,mcmv_geral;sub50_fnhis,sub50_fnhis,,
filesystem,arquivo,,Novo MCMV - FNHIS Sub 50/Outlook-3e4otgn2.jpg,Outlook-3e4otgn2.jpg,.jpg,outro,15567,2026-08-29T15:36:00+00:00,,nao_identificada,mcmv_geral;sub50_fnhis,sub50_fnhis,,
filesystem,arquivo,,Novo MCMV - FNHIS Sub 50/Outlook-5l3yobjw.jpg,Outlook-5l3yobjw.jpg,.jpg,outro,15567,2026-08-29T15:36:00+00:00,,nao_identificada,mcmv_geral;sub50_fnhis,sub50_fnhis,,
filesystem,arquivo,,Novo MCMV - FNHIS Sub 50/Outlook-oke5buzk.jpg,Outlook-oke5buzk.jpg,.jpg,outro,15567,2026-08-29T15:36:00+00:00,,nao_identificada,mcmv_geral;sub50_fnhis,sub50_fnhis,,
filesystem,arquivo,,Novo MCMV - FNHIS Sub 50/Outlook-ossrbif1.png,Outlook-ossrbif1.png,.png,outro,11728,2026-08-29T15:36:00+00:00,,nao_identificada,mcmv_geral;sub50_fnhis,sub50_fnhis,,
filesystem,arquivo,,Novo MCMV - FNHIS Sub 50/Outlook-ozpuutd0.png,Outlook-ozpuutd0.png,.png,outro,11728,2026-08-29T15:36:00+00:00,,nao_identificada,mcmv_geral;sub50_fnhis,sub50_fnhis,,
filesystem,arquivo,,Novo MCMV - FNHIS Sub 50/Outlook-uwatmel4.jpg,Outlook-uwatmel4.jpg,.jpg,outro,15567,2026-08-29T15:36:00+00:00,,nao_identificada,mcmv_geral;sub50_fnhis,sub50_fnhis,,
filesystem,arquivo,,Novo MCMV - FNHIS Sub 50/Outlook-zb3bj0cm.jpg,Outlook-zb3bj0cm.jpg,.jpg,outro,1230,2026-08-29T15:36:00+00:00,,nao_identificada,mcmv_geral;sub50_fnhis,sub50_fnhis,,
filesystem,arquivo,,Novo MCMV - FNHIS Sub 50/image.png,image.png,.png,outro,14830,2026-08-29T15:36:00+00:00,,nao_identificada,mcmv_geral;sub50_fnhis,sub50_fnhis,,
filesystem,arquivo,,Novo MCMV - FNHIS Sub 50/todas_propostas_FNHIS_v0_20240220.xlsx,todas_propostas_FNHIS_v0_20240220.xlsx,.xlsx,dado_tabular_ou_serializado,377242,2026-08-29T15:36:00+00:00,2024-02,nao_identificada,mcmv_geral;sub50_fnhis,sub50_fnhis,Planilha3,
filesystem,pasta,,Novo MCMV - Início de obra,Novo MCMV - Início de obra,,pasta,,2026-08-29T12:38:41.155070+00:00,,nao_identificada,mcmv_geral,mcmv_geral,,
filesystem,pasta,,Novo MCMV - Início de obra/Arquivados,Arquivados,,pasta,,2026-08-29T12:38:40.986914+00:00,,nao_identificada,mcmv_geral,mcmv_geral,,
filesystem,arquivo,,Novo MCMV - Início de obra/Arquivados/Base início de obras FAR_01092025.xlsx,Base início de obras FAR_01092025.xlsx,.xlsx,dado_tabular_ou_serializado,106633,2026-08-29T15:37:00+00:00,,nao_identificada,mcmv_geral;far,far,INÍCIO DE OBRAS_FAR_POS_010925; Novas operações FAR com início,
filesystem,arquivo,,Novo MCMV - Início de obra/Arquivados/Base início de obras FAR_01122025.xlsx,Base início de obras FAR_01122025.xlsx,.xlsx,dado_tabular_ou_serializado,117011,2026-08-29T15:37:00+00:00,,nao_identificada,mcmv_geral;far,far,INÍCIO DE OBRAS_FAR_POS_011225; Novas operações FAR com início,
filesystem,arquivo,,Novo MCMV - Início de obra/Arquivados/Base início de obras FAR_02022026.xlsx,Base início de obras FAR_02022026.xlsx,.xlsx,dado_tabular_ou_serializado,119339,2026-08-29T15:37:00+00:00,2022-02,nao_identificada,mcmv_geral;far,far,INÍCIO DE OBRAS_FAR_POS_020226; Novas operações FAR com início,
filesystem,arquivo,,Novo MCMV - Início de obra/Arquivados/Base início de obras FAR_03112025.xlsx,Base início de obras FAR_03112025.xlsx,.xlsx,dado_tabular_ou_serializado,115718,2026-08-29T15:37:00+00:00,,nao_identificada,mcmv_geral;far,far,INÍCIO DE OBRAS_FAR_POS_031125; Novas operações FAR com início,
filesystem,arquivo,,Novo MCMV - Início de obra/Arquivados/Base início de obras FAR_06102025.xlsx,Base início de obras FAR_06102025.xlsx,.xlsx,dado_tabular_ou_serializado,109638,2026-08-29T15:37:00+00:00,,nao_identificada,mcmv_geral;far,far,INÍCIO DE OBRAS_FAR_POS_061025; Novas operações FAR com início,
filesystem,arquivo,,Novo MCMV - Início de obra/Arquivados/Base início de obras FAR_08122025.xlsx,Base início de obras FAR_08122025.xlsx,.xlsx,dado_tabular_ou_serializado,117099,2026-08-29T15:37:00+00:00,,nao_identificada,mcmv_geral;far,far,INÍCIO DE OBRAS_FAR_POS_081225; Novas operações FAR com início,
filesystem,arquivo,,Novo MCMV - Início de obra/Arquivados/Base início de obras FAR_09022026.xlsx,Base início de obras FAR_09022026.xlsx,.xlsx,dado_tabular_ou_serializado,120201,2026-08-29T15:37:00+00:00,,nao_identificada,mcmv_geral;far,far,INÍCIO DE OBRAS_FAR_POS_090226; Novas operações FAR com início,
filesystem,arquivo,,Novo MCMV - Início de obra/Arquivados/Base início de obras FAR_09092025.xlsx,Base início de obras FAR_09092025.xlsx,.xlsx,dado_tabular_ou_serializado,107251,2026-08-29T15:37:00+00:00,,nao_identificada,mcmv_geral;far,far,INÍCIO DE OBRAS_FAR_POS_090925; Novas operações FAR com início,
filesystem,arquivo,,Novo MCMV - Início de obra/Arquivados/Base início de obras FAR_10112025.xlsx,Base início de obras FAR_10112025.xlsx,.xlsx,dado_tabular_ou_serializado,114546,2026-08-29T15:37:00+00:00,,nao_identificada,mcmv_geral;far,far,INÍCIO DE OBRAS_FAR_POS_101125; Novas operações FAR com início,
filesystem,arquivo,,Novo MCMV - Início de obra/Arquivados/Base início de obras FAR_11082025.xlsx,Base início de obras FAR_11082025.xlsx,.xlsx,dado_tabular_ou_serializado,100997,2026-08-29T15:37:00+00:00,,nao_identificada,mcmv_geral;far,far,INÍCIO DE OBRAS_FAR_POS_110825; Novas operações FAR com início,
filesystem,arquivo,,Novo MCMV - Início de obra/Arquivados/Base início de obras FAR_12012026.xlsx,Base início de obras FAR_12012026.xlsx,.xlsx,dado_tabular_ou_serializado,119331,2026-08-29T15:37:00+00:00,2012-02,nao_identificada,mcmv_geral;far,far,INÍCIO DE OBRAS_FAR_POS_120126; Novas operações FAR com início,
filesystem,arquivo,,Novo MCMV - Início de obra/Arquivados/Base início de obras FAR_13102025.xlsx,Base início de obras FAR_13102025.xlsx,.xlsx,dado_tabular_ou_serializado,110766,2026-08-29T15:37:00+00:00,,nao_identificada,mcmv_geral;far,far,INÍCIO DE OBRAS_FAR_POS_131025; Novas operações FAR com início,
filesystem,arquivo,,Novo MCMV - Início de obra/Arquivados/Base início de obras FAR_15092025.xlsx,Base início de obras FAR_15092025.xlsx,.xlsx,dado_tabular_ou_serializado,107919,2026-08-29T15:37:00+00:00,,nao_identificada,mcmv_geral;far,far,INÍCIO DE OBRAS_FAR_POS_150925; Novas operações FAR com início,
filesystem,arquivo,,Novo MCMV - Início de obra/Arquivados/Base início de obras FAR_17112025.xlsx,Base início de obras FAR_17112025.xlsx,.xlsx,dado_tabular_ou_serializado,115903,2026-08-29T15:37:00+00:00,,nao_identificada,mcmv_geral;far,far,INÍCIO DE OBRAS_FAR_POS_171125; Novas operações FAR com início,
filesystem,arquivo,,Novo MCMV - Início de obra/Arquivados/Base início de obras FAR_18022026.xlsx,Base início de obras FAR_18022026.xlsx,.xlsx,dado_tabular_ou_serializado,120027,2026-08-29T15:37:00+00:00,,nao_identificada,mcmv_geral;far,far,INÍCIO DE OBRAS_FAR_POS_090226; Novas operações FAR com início,
filesystem,arquivo,,Novo MCMV - Início de obra/Arquivados/Base início de obras FAR_18082025.xlsx,Base início de obras FAR_18082025.xlsx,.xlsx,dado_tabular_ou_serializado,102715,2026-08-29T15:37:00+00:00,,nao_identificada,mcmv_geral;far,far,INÍCIO DE OBRAS_FAR_POS_180825; Novas operações FAR com início,
filesystem,arquivo,,Novo MCMV - Início de obra/Arquivados/Base início de obras FAR_19012026.xlsx,Base início de obras FAR_19012026.xlsx,.xlsx,dado_tabular_ou_serializado,119357,2026-08-29T15:37:00+00:00,,nao_identificada,mcmv_geral;far,far,INÍCIO DE OBRAS_FAR_POS_190126; Novas operações FAR com início,
filesystem,arquivo,,Novo MCMV - Início de obra/Arquivados/Base início de obras FAR_20102025.xlsx,Base início de obras FAR_20102025.xlsx,.xlsx,dado_tabular_ou_serializado,111096,2026-08-29T15:37:00+00:00,,nao_identificada,mcmv_geral;far,far,INÍCIO DE OBRAS_FAR_POS_201025; Novas operações FAR com início,
filesystem,arquivo,,Novo MCMV - Início de obra/Arquivados/Base início de obras FAR_22092025.xlsx,Base início de obras FAR_22092025.xlsx,.xlsx,dado_tabular_ou_serializado,108190,2026-08-29T15:37:00+00:00,2092-02,nao_identificada,mcmv_geral;far,far,INÍCIO DE OBRAS_FAR_POS_220925; Novas operações FAR com início,
filesystem,arquivo,,Novo MCMV - Início de obra/Arquivados/Base início de obras FAR_24112025.xlsx,Base início de obras FAR_24112025.xlsx,.xlsx,dado_tabular_ou_serializado,116411,2026-08-29T15:37:00+00:00,,nao_identificada,mcmv_geral;far,far,INÍCIO DE OBRAS_FAR_POS_241125; Novas operações FAR com início,
filesystem,arquivo,,Novo MCMV - Início de obra/Arquivados/Base início de obras FAR_25082025.xlsx,Base início de obras FAR_25082025.xlsx,.xlsx,dado_tabular_ou_serializado,100816,2026-08-29T15:37:00+00:00,,nao_identificada,mcmv_geral;far,far,INÍCIO DE OBRAS_FAR_POS_250825; Novas operações FAR com início,
filesystem,arquivo,,Novo MCMV - Início de obra/Arquivados/Base início de obras FAR_26012026.xlsx,Base início de obras FAR_26012026.xlsx,.xlsx,dado_tabular_ou_serializado,119312,2026-08-29T15:37:00+00:00,,nao_identificada,mcmv_geral;far,far,INÍCIO DE OBRAS_FAR_POS_260126; Novas operações FAR com início,
filesystem,arquivo,,Novo MCMV - Início de obra/Arquivados/Base início de obras FAR_27102025.xlsx,Base início de obras FAR_27102025.xlsx,.xlsx,dado_tabular_ou_serializado,112193,2026-08-29T15:37:00+00:00,,nao_identificada,mcmv_geral;far,far,INÍCIO DE OBRAS_FAR_POS_271025; Novas operações FAR com início,
filesystem,arquivo,,Novo MCMV - Início de obra/Arquivados/Base início de obras FAR_29092025.xlsx,Base início de obras FAR_29092025.xlsx,.xlsx,dado_tabular_ou_serializado,108032,2026-08-29T15:37:00+00:00,,nao_identificada,mcmv_geral;far,far,INÍCIO DE OBRAS_FAR_POS_220925; Novas operações FAR com início,
filesystem,arquivo,,Novo MCMV - Início de obra/Arquivados/Base início de obras FAR_29122025.xlsx,Base início de obras FAR_29122025.xlsx,.xlsx,dado_tabular_ou_serializado,119385,2026-08-29T15:37:00+00:00,,nao_identificada,mcmv_geral;far,far,INÍCIO DE OBRAS_FAR_POS_291225; Novas operações FAR com início,
filesystem,arquivo,,Novo MCMV - Início de obra/Arquivados/Base início de obras FAR_31122025_FINAL.xlsx,Base início de obras FAR_31122025_FINAL.xlsx,.xlsx,dado_tabular_ou_serializado,119505,2026-08-29T15:37:00+00:00,,nao_identificada,mcmv_geral;far,far,INÍCIO DE OBRAS_FAR_POS_311225_; Novas operações FAR com início,
filesystem,arquivo,,Novo MCMV - Início de obra/Arquivados/FAIXA 1 - Andamento (01DEZNOV2025).pptx,FAIXA 1 - Andamento (01DEZNOV2025).pptx,.pptx,documento,2203678,2026-08-29T15:37:00+00:00,,nao_identificada,mcmv_geral,mcmv_geral,,
filesystem,arquivo,,Novo MCMV - Início de obra/Arquivados/FAIXA 1 - Andamento (01SET2025).pptx,FAIXA 1 - Andamento (01SET2025).pptx,.pptx,documento,2205601,2026-08-29T15:37:00+00:00,,nao_identificada,mcmv_geral,mcmv_geral,,
filesystem,arquivo,,Novo MCMV - Início de obra/Arquivados/FAIXA 1 - Andamento (02FEV2026).pptx,FAIXA 1 - Andamento (02FEV2026).pptx,.pptx,documento,2203584,2026-08-29T15:37:00+00:00,,nao_identificada,mcmv_geral,mcmv_geral,,
filesystem,arquivo,,Novo MCMV - Início de obra/Arquivados/FAIXA 1 - Andamento (03NOV2025).pptx,FAIXA 1 - Andamento (03NOV2025).pptx,.pptx,documento,2205498,2026-08-29T15:37:00+00:00,,nao_identificada,mcmv_geral,mcmv_geral,,
filesystem,arquivo,,Novo MCMV - Início de obra/Arquivados/FAIXA 1 - Andamento (06OUT2025).pptx,FAIXA 1 - Andamento (06OUT2025).pptx,.pptx,documento,2205097,2026-08-29T15:37:00+00:00,,nao_identificada,mcmv_geral,mcmv_geral,,
filesystem,arquivo,,Novo MCMV - Início de obra/Arquivados/FAIXA 1 - Andamento (08DEZNOV2025).pptx,FAIXA 1 - Andamento (08DEZNOV2025).pptx,.pptx,documento,2205378,2026-08-29T15:37:00+00:00,,nao_identificada,mcmv_geral,mcmv_geral,,
filesystem,arquivo,,Novo MCMV - Início de obra/Arquivados/FAIXA 1 - Andamento (09FEV2026).pptx,FAIXA 1 - Andamento (09FEV2026).pptx,.pptx,documento,2203141,2026-08-29T15:37:00+00:00,,nao_identificada,mcmv_geral,mcmv_geral,,
filesystem,arquivo,,Novo MCMV - Início de obra/Arquivados/FAIXA 1 - Andamento (09SET2025).pptx,FAIXA 1 - Andamento (09SET2025).pptx,.pptx,documento,2205355,2026-08-29T15:37:00+00:00,,nao_identificada,mcmv_geral,mcmv_geral,,
filesystem,arquivo,,Novo MCMV - Início de obra/Arquivados/FAIXA 1 - Andamento (10NOV2025).pptx,FAIXA 1 - Andamento (10NOV2025).pptx,.pptx,documento,2203661,2026-08-29T15:37:00+00:00,,nao_identificada,mcmv_geral,mcmv_geral,,
filesystem,arquivo,,Novo MCMV - Início de obra/Arquivados/FAIXA 1 - Andamento (11AGO2025).pptx,FAIXA 1 - Andamento (11AGO2025).pptx,.pptx,documento,2203314,2026-08-29T15:37:00+00:00,,nao_identificada,mcmv_geral,mcmv_geral,,
filesystem,arquivo,,Novo MCMV - Início de obra/Arquivados/FAIXA 1 - Andamento (12JAN2026).pptx,FAIXA 1 - Andamento (12JAN2026).pptx,.pptx,documento,2203567,2026-08-29T15:37:00+00:00,,nao_identificada,mcmv_geral,mcmv_geral,,
filesystem,arquivo,,Novo MCMV - Início de obra/Arquivados/FAIXA 1 - Andamento (13OUT2025).pptx,FAIXA 1 - Andamento (13OUT2025).pptx,.pptx,documento,2203558,2026-08-29T15:37:00+00:00,,nao_identificada,mcmv_geral,mcmv_geral,,
filesystem,arquivo,,Novo MCMV - Início de obra/Arquivados/FAIXA 1 - Andamento (15SET2025).pptx,FAIXA 1 - Andamento (15SET2025).pptx,.pptx,documento,2205291,2026-08-29T15:37:00+00:00,,nao_identificada,mcmv_geral,mcmv_geral,,
filesystem,arquivo,,Novo MCMV - Início de obra/Arquivados/FAIXA 1 - Andamento (17NOV2025).pptx,FAIXA 1 - Andamento (17NOV2025).pptx,.pptx,documento,2203625,2026-08-29T15:37:00+00:00,,nao_identificada,mcmv_geral,mcmv_geral,,
filesystem,arquivo,,Novo MCMV - Início de obra/Arquivados/FAIXA 1 - Andamento (18AGO2025).pptx,FAIXA 1 - Andamento (18AGO2025).pptx,.pptx,documento,2203203,2026-08-29T15:37:00+00:00,,nao_identificada,mcmv_geral,mcmv_geral,,
filesystem,arquivo,,Novo MCMV - Início de obra/Arquivados/FAIXA 1 - Andamento (18FEV2026).pptx,FAIXA 1 - Andamento (18FEV2026).pptx,.pptx,documento,2203570,2026-08-29T15:37:00+00:00,,nao_identificada,mcmv_geral,mcmv_geral,,
filesystem,arquivo,,Novo MCMV - Início de obra/Arquivados/FAIXA 1 - Andamento (19JAN2026).pptx,FAIXA 1 - Andamento (19JAN2026).pptx,.pptx,documento,2203453,2026-08-29T15:37:00+00:00,,nao_identificada,mcmv_geral,mcmv_geral,,
filesystem,arquivo,,Novo MCMV - Início de obra/Arquivados/FAIXA 1 - Andamento (20OUT2025) v1.pptx,FAIXA 1 - Andamento (20OUT2025) v1.pptx,.pptx,documento,2205096,2026-08-29T15:37:00+00:00,,nao_identificada,mcmv_geral,mcmv_geral,,
filesystem,arquivo,,Novo MCMV - Início de obra/Arquivados/FAIXA 1 - Andamento (20OUT2025).pptx,FAIXA 1 - Andamento (20OUT2025).pptx,.pptx,documento,2203447,2026-08-29T15:37:00+00:00,,nao_identificada,mcmv_geral,mcmv_geral,,
filesystem,arquivo,,Novo MCMV - Início de obra/Arquivados/FAIXA 1 - Andamento (22SET2025).pptx,FAIXA 1 - Andamento (22SET2025).pptx,.pptx,documento,2205075,2026-08-29T15:37:00+00:00,,nao_identificada,mcmv_geral,mcmv_geral,,
filesystem,arquivo,,Novo MCMV - Início de obra/Arquivados/FAIXA 1 - Andamento (24NOV2025).pptx,FAIXA 1 - Andamento (24NOV2025).pptx,.pptx,documento,2203638,2026-08-29T15:37:00+00:00,,nao_identificada,mcmv_geral,mcmv_geral,,
filesystem,arquivo,,Novo MCMV - Início de obra/Arquivados/FAIXA 1 - Andamento (25AGO2025).pptx,FAIXA 1 - Andamento (25AGO2025).pptx,.pptx,documento,2205278,2026-08-29T15:37:00+00:00,,nao_identificada,mcmv_geral,mcmv_geral,,
filesystem,arquivo,,Novo MCMV - Início de obra/Arquivados/FAIXA 1 - Andamento (26JAN2026).pptx,FAIXA 1 - Andamento (26JAN2026).pptx,.pptx,documento,2203707,2026-08-29T15:37:00+00:00,,nao_identificada,mcmv_geral,mcmv_geral,,
filesystem,arquivo,,Novo MCMV - Início de obra/Arquivados/FAIXA 1 - Andamento (27OUT2025).pptx,FAIXA 1 - Andamento (27OUT2025).pptx,.pptx,documento,2203329,2026-08-29T15:37:00+00:00,,nao_identificada,mcmv_geral,mcmv_geral,,
filesystem,arquivo,,Novo MCMV - Início de obra/Arquivados/FAIXA 1 - Andamento (29DEZNOV2025).pptx,FAIXA 1 - Andamento (29DEZNOV2025).pptx,.pptx,documento,2203409,2026-08-29T15:37:00+00:00,,nao_identificada,mcmv_geral,mcmv_geral,,
filesystem,arquivo,,Novo MCMV - Início de obra/Arquivados/FAIXA 1 - Andamento (29SET2025).pptx,FAIXA 1 - Andamento (29SET2025).pptx,.pptx,documento,2205364,2026-08-29T15:38:00+00:00,,nao_identificada,mcmv_geral,mcmv_geral,,
filesystem,arquivo,,Novo MCMV - Início de obra/Arquivados/FAIXA 1 - Andamento (31DEZNOV2025)_FINAL.pptx,FAIXA 1 - Andamento (31DEZNOV2025)_FINAL.pptx,.pptx,documento,2203534,2026-08-29T15:38:00+00:00,,nao_identificada,mcmv_geral,mcmv_geral,,
filesystem,arquivo,,Novo MCMV - Início de obra/Arquivados/OBRAS_INICIADAS_HIS_pos_01092025.xlsx,OBRAS_INICIADAS_HIS_pos_01092025.xlsx,.xlsx,dado_tabular_ou_serializado,482270,2026-08-29T15:38:00+00:00,,nao_identificada,mcmv_geral,mcmv_geral,RESUMO; BASE_TODAS; OBRAS_INICIADAS_1_FAR; OBRAS_INICIADAS_2_RURAL; OBRAS_INICIADAS_3_FDS; OBRAS_INICIADAS_4_FDS_MUDANÇA; TD_,
filesystem,arquivo,,Novo MCMV - Início de obra/Arquivados/OBRAS_INICIADAS_HIS_pos_01122025.xlsx,OBRAS_INICIADAS_HIS_pos_01122025.xlsx,.xlsx,dado_tabular_ou_serializado,555734,2026-08-29T15:38:00+00:00,,nao_identificada,mcmv_geral,mcmv_geral,RESUMO; BASE_TODAS; OBRAS_INICIADAS_1_FAR; OBRAS_INICIADAS_2_RURAL; OBRAS_INICIADAS_3_FDS; OBRAS_INICIADAS_4_FDS_MUDANÇA,
filesystem,arquivo,,Novo MCMV - Início de obra/Arquivados/OBRAS_INICIADAS_HIS_pos_02022026.xlsx,OBRAS_INICIADAS_HIS_pos_02022026.xlsx,.xlsx,dado_tabular_ou_serializado,570747,2026-08-29T15:38:00+00:00,2022-02,nao_identificada,mcmv_geral,mcmv_geral,RESUMO; BASE_TODAS; OBRAS_INICIADAS_1_FAR; OBRAS_INICIADAS_2_RURAL; OBRAS_INICIADAS_3_FDS; OBRAS_INICIADAS_4_FDS_MUDANÇA,
filesystem,arquivo,,Novo MCMV - Início de obra/Arquivados/OBRAS_INICIADAS_HIS_pos_03112025.xlsx,OBRAS_INICIADAS_HIS_pos_03112025.xlsx,.xlsx,dado_tabular_ou_serializado,537389,2026-08-29T15:38:00+00:00,,nao_identificada,mcmv_geral,mcmv_geral,RESUMO; BASE_TODAS; OBRAS_INICIADAS_1_FAR; OBRAS_INICIADAS_2_RURAL; OBRAS_INICIADAS_3_FDS; OBRAS_INICIADAS_4_FDS_MUDANÇA,
filesystem,arquivo,,Novo MCMV - Início de obra/Arquivados/OBRAS_INICIADAS_HIS_pos_06102025.xlsx,OBRAS_INICIADAS_HIS_pos_06102025.xlsx,.xlsx,dado_tabular_ou_serializado,468011,2026-08-29T15:38:00+00:00,,nao_identificada,mcmv_geral,mcmv_geral,RESUMO; BASE_TODAS; OBRAS_INICIADAS_1_FAR; OBRAS_INICIADAS_2_RURAL; OBRAS_INICIADAS_3_FDS; OBRAS_INICIADAS_4_FDS_MUDANÇA,
filesystem,arquivo,,Novo MCMV - Início de obra/Arquivados/OBRAS_INICIADAS_HIS_pos_08122025_1017_IPJ.xlsx,OBRAS_INICIADAS_HIS_pos_08122025_1017_IPJ.xlsx,.xlsx,dado_tabular_ou_serializado,2412228,2026-08-29T15:38:00+00:00,2025-10,nao_identificada,mcmv_geral,mcmv_geral,RESUMO; BASE_TODAS; OBRAS_INICIADAS_1_FAR; OBRAS_INICIADAS_2_RURAL; OBRAS_INICIADAS_3_FDS; OBRAS_INICIADAS_4_FDS_MUDANÇA; TD_; CNPJ; RURAL CNPJ,
filesystem,arquivo,,Novo MCMV - Início de obra/Arquivados/OBRAS_INICIADAS_HIS_pos_09022026.xlsx,OBRAS_INICIADAS_HIS_pos_09022026.xlsx,.xlsx,dado_tabular_ou_serializado,571994,2026-08-29T15:38:00+00:00,,nao_identificada,mcmv_geral,mcmv_geral,RESUMO; BASE_TODAS; OBRAS_INICIADAS_1_FAR; OBRAS_INICIADAS_2_RURAL; OBRAS_INICIADAS_3_FDS; OBRAS_INICIADAS_4_FDS_MUDANÇA,
filesystem,arquivo,,Novo MCMV - Início de obra/Arquivados/OBRAS_INICIADAS_HIS_pos_09092025.xlsx,OBRAS_INICIADAS_HIS_pos_09092025.xlsx,.xlsx,dado_tabular_ou_serializado,515819,2026-08-29T15:38:00+00:00,,nao_identificada,mcmv_geral,mcmv_geral,RESUMO; BASE_TODAS; OBRAS_INICIADAS_1_FAR; OBRAS_INICIADAS_2_RURAL; OBRAS_INICIADAS_3_FDS; OBRAS_INICIADAS_4_FDS_MUDANÇA; TD_,
filesystem,arquivo,,Novo MCMV - Início de obra/Arquivados/OBRAS_INICIADAS_HIS_pos_10112025.xlsx,OBRAS_INICIADAS_HIS_pos_10112025.xlsx,.xlsx,dado_tabular_ou_serializado,544457,2026-08-29T15:38:00+00:00,,nao_identificada,mcmv_geral,mcmv_geral,RESUMO; BASE_TODAS; OBRAS_INICIADAS_1_FAR; OBRAS_INICIADAS_2_RURAL; OBRAS_INICIADAS_3_FDS; OBRAS_INICIADAS_4_FDS_MUDANÇA,
filesystem,arquivo,,Novo MCMV - Início de obra/Arquivados/OBRAS_INICIADAS_HIS_pos_11082025_.xlsx,OBRAS_INICIADAS_HIS_pos_11082025_.xlsx,.xlsx,dado_tabular_ou_serializado,444705,2026-08-29T15:38:00+00:00,,nao_identificada,mcmv_geral,mcmv_geral,RESUMO; BASE_TODAS; OBRAS_INICIADAS_1_FAR; OBRAS_INICIADAS_2_RURAL; OBRAS_INICIADAS_3_FDS; OBRAS_INICIADAS_4_FDS_MUDANÇA; TD_,
filesystem,arquivo,,Novo MCMV - Início de obra/Arquivados/OBRAS_INICIADAS_HIS_pos_12012026.xlsx,OBRAS_INICIADAS_HIS_pos_12012026.xlsx,.xlsx,dado_tabular_ou_serializado,580500,2026-08-29T15:38:00+00:00,2012-02,nao_identificada,mcmv_geral,mcmv_geral,RESUMO; BASE_TODAS; OBRAS_INICIADAS_1_FAR; OBRAS_INICIADAS_2_RURAL; OBRAS_INICIADAS_3_FDS; OBRAS_INICIADAS_4_FDS_MUDANÇA,
filesystem,arquivo,,Novo MCMV - Início de obra/Arquivados/OBRAS_INICIADAS_HIS_pos_13102025.xlsx,OBRAS_INICIADAS_HIS_pos_13102025.xlsx,.xlsx,dado_tabular_ou_serializado,485794,2026-08-29T15:38:00+00:00,,nao_identificada,mcmv_geral,mcmv_geral,RESUMO; BASE_TODAS; OBRAS_INICIADAS_1_FAR; OBRAS_INICIADAS_2_RURAL; OBRAS_INICIADAS_3_FDS; OBRAS_INICIADAS_4_FDS_MUDANÇA,
filesystem,arquivo,,Novo MCMV - Início de obra/Arquivados/OBRAS_INICIADAS_HIS_pos_15092025.xlsx,OBRAS_INICIADAS_HIS_pos_15092025.xlsx,.xlsx,dado_tabular_ou_serializado,532615,2026-08-29T15:38:00+00:00,,nao_identificada,mcmv_geral,mcmv_geral,RESUMO; BASE_TODAS; OBRAS_INICIADAS_1_FAR; OBRAS_INICIADAS_2_RURAL; OBRAS_INICIADAS_3_FDS; OBRAS_INICIADAS_4_FDS_MUDANÇA; TD_,
filesystem,arquivo,,Novo MCMV - Início de obra/Arquivados/OBRAS_INICIADAS_HIS_pos_17112025.xlsx,OBRAS_INICIADAS_HIS_pos_17112025.xlsx,.xlsx,dado_tabular_ou_serializado,551709,2026-08-29T15:38:00+00:00,,nao_identificada,mcmv_geral,mcmv_geral,RESUMO; BASE_TODAS; OBRAS_INICIADAS_1_FAR; OBRAS_INICIADAS_2_RURAL; OBRAS_INICIADAS_3_FDS; OBRAS_INICIADAS_4_FDS_MUDANÇA,
filesystem,arquivo,,Novo MCMV - Início de obra/Arquivados/OBRAS_INICIADAS_HIS_pos_18022026.xlsx,OBRAS_INICIADAS_HIS_pos_18022026.xlsx,.xlsx,dado_tabular_ou_serializado,573003,2026-08-29T15:38:00+00:00,,nao_identificada,mcmv_geral,mcmv_geral,RESUMO; BASE_TODAS; OBRAS_INICIADAS_1_FAR; OBRAS_INICIADAS_2_RURAL; OBRAS_INICIADAS_3_FDS; OBRAS_INICIADAS_4_FDS_MUDANÇA,
filesystem,arquivo,,Novo MCMV - Início de obra/Arquivados/OBRAS_INICIADAS_HIS_pos_18082025.xlsx,OBRAS_INICIADAS_HIS_pos_18082025.xlsx,.xlsx,dado_tabular_ou_serializado,461611,2026-08-29T15:38:00+00:00,,nao_identificada,mcmv_geral,mcmv_geral,RESUMO; BASE_TODAS; OBRAS_INICIADAS_1_FAR; OBRAS_INICIADAS_2_RURAL; OBRAS_INICIADAS_3_FDS; OBRAS_INICIADAS_4_FDS_MUDANÇA; TD_,
filesystem,arquivo,,Novo MCMV - Início de obra/Arquivados/OBRAS_INICIADAS_HIS_pos_19012026.xlsx,OBRAS_INICIADAS_HIS_pos_19012026.xlsx,.xlsx,dado_tabular_ou_serializado,574329,2026-08-29T15:38:00+00:00,,nao_identificada,mcmv_geral,mcmv_geral,RESUMO; BASE_TODAS; OBRAS_INICIADAS_1_FAR; OBRAS_INICIADAS_2_RURAL; OBRAS_INICIADAS_3_FDS; OBRAS_INICIADAS_4_FDS_MUDANÇA,
filesystem,arquivo,,Novo MCMV - Início de obra/Arquivados/OBRAS_INICIADAS_HIS_pos_20102025.xlsx,OBRAS_INICIADAS_HIS_pos_20102025.xlsx,.xlsx,dado_tabular_ou_serializado,638172,2026-08-29T15:38:00+00:00,,nao_identificada,mcmv_geral,mcmv_geral,RESUMO; BASE_TODAS; OBRAS_INICIADAS_1_FAR; OBRAS_INICIADAS_2_RURAL; OBRAS_INICIADAS_3_FDS; OBRAS_INICIADAS_4_FDS_MUDANÇA; TD_; CNPJ; RURAL CNPJ,
filesystem,arquivo,,Novo MCMV - Início de obra/Arquivados/OBRAS_INICIADAS_HIS_pos_22092025.xlsx,OBRAS_INICIADAS_HIS_pos_22092025.xlsx,.xlsx,dado_tabular_ou_serializado,571751,2026-08-29T15:38:00+00:00,2092-02,nao_identificada,mcmv_geral,mcmv_geral,RESUMO; BASE_TODAS; OBRAS_INICIADAS_1_FAR; OBRAS_INICIADAS_2_RURAL; OBRAS_INICIADAS_3_FDS; OBRAS_INICIADAS_4_FDS_MUDANÇA; TD_; CNPJ; RURAL CNPJ,
filesystem,arquivo,,Novo MCMV - Início de obra/Arquivados/OBRAS_INICIADAS_HIS_pos_24112025.xlsx,OBRAS_INICIADAS_HIS_pos_24112025.xlsx,.xlsx,dado_tabular_ou_serializado,691811,2026-08-29T15:38:00+00:00,,nao_identificada,mcmv_geral,mcmv_geral,RESUMO; BASE_TODAS; OBRAS_INICIADAS_1_FAR; OBRAS_INICIADAS_2_RURAL; OBRAS_INICIADAS_3_FDS; OBRAS_INICIADAS_4_FDS_MUDANÇA; TD_; CNPJ; RURAL CNPJ,
filesystem,arquivo,,Novo MCMV - Início de obra/Arquivados/OBRAS_INICIADAS_HIS_pos_25082025.xlsx,OBRAS_INICIADAS_HIS_pos_25082025.xlsx,.xlsx,dado_tabular_ou_serializado,546251,2026-08-29T15:38:00+00:00,,nao_identificada,mcmv_geral,mcmv_geral,RESUMO; BASE_TODAS; OBRAS_INICIADAS_1_FAR; OBRAS_INICIADAS_2_RURAL; OBRAS_INICIADAS_3_FDS; OBRAS_INICIADAS_4_FDS_MUDANÇA; TD_; Planilha1,
filesystem,arquivo,,Novo MCMV - Início de obra/Base início de obras FAR_01062026_.xlsx,Base início de obras FAR_01062026_.xlsx,.xlsx,dado_tabular_ou_serializado,145435,2026-08-29T15:37:00+00:00,,nao_identificada,mcmv_geral;far,far,INÍCIO DE OBRAS_FAR_POS_010626; Novas operações FAR com início,
filesystem,arquivo,,Novo MCMV - Início de obra/Base início de obras FAR_02032026.xlsx,Base início de obras FAR_02032026.xlsx,.xlsx,dado_tabular_ou_serializado,119949,2026-08-29T15:38:00+00:00,2032-02,nao_identificada,mcmv_geral;far,far,INÍCIO DE OBRAS_FAR_POS_020326; Novas operações FAR com início,
filesystem,arquivo,,Novo MCMV - Início de obra/Base início de obras FAR_03082026_.xlsx,Base início de obras FAR_03082026_.xlsx,.xlsx,dado_tabular_ou_serializado,151449,2026-08-29T15:38:00+00:00,,nao_identificada,mcmv_geral;far,far,INÍCIO DE OBRAS_FAR_POS_030826; Novas operações FAR com início,
filesystem,arquivo,,Novo MCMV - Início de obra/Base início de obras FAR_06042026.xlsx,Base início de obras FAR_06042026.xlsx,.xlsx,dado_tabular_ou_serializado,121045,2026-08-29T15:38:00+00:00,,nao_identificada,mcmv_geral;far,far,INÍCIO DE OBRAS_FAR_POS_060426; Novas operações FAR com início,
filesystem,arquivo,,Novo MCMV - Início de obra/Base início de obras FAR_06072026_.xlsx,Base início de obras FAR_06072026_.xlsx,.xlsx,dado_tabular_ou_serializado,150209,2026-08-29T15:38:00+00:00,,nao_identificada,mcmv_geral;far,far,INÍCIO DE OBRAS_FAR_POS_060726; Novas operações FAR com início,
filesystem,arquivo,,Novo MCMV - Início de obra/Base início de obras FAR_08062026_.xlsx,Base início de obras FAR_08062026_.xlsx,.xlsx,dado_tabular_ou_serializado,145229,2026-08-29T15:38:00+00:00,,nao_identificada,mcmv_geral;far,far,INÍCIO DE OBRAS_FAR_POS_080626; Novas operações FAR com início,
filesystem,arquivo,,Novo MCMV - Início de obra/Base início de obras FAR_09032026.xlsx,Base início de obras FAR_09032026.xlsx,.xlsx,dado_tabular_ou_serializado,120421,2026-08-29T15:38:00+00:00,,nao_identificada,mcmv_geral;far,far,INÍCIO DE OBRAS_FAR_POS_090326; Novas operações FAR com início,
filesystem,arquivo,,Novo MCMV - Início de obra/Base início de obras FAR_10082026_.xlsx,Base início de obras FAR_10082026_.xlsx,.xlsx,dado_tabular_ou_serializado,151734,2026-08-29T15:38:00+00:00,,nao_identificada,mcmv_geral;far,far,INÍCIO DE OBRAS_FAR_POS_100826; Novas operações FAR com início,
filesystem,arquivo,,Novo MCMV - Início de obra/Base início de obras FAR_11052026_.xlsx,Base início de obras FAR_11052026_.xlsx,.xlsx,dado_tabular_ou_serializado,142561,2026-08-29T15:38:00+00:00,,nao_identificada,mcmv_geral;far,far,INÍCIO DE OBRAS_FAR_POS_110526; Novas operações FAR com início,
filesystem,arquivo,,Novo MCMV - Início de obra/Base início de obras FAR_13042026.xlsx,Base início de obras FAR_13042026.xlsx,.xlsx,dado_tabular_ou_serializado,121325,2026-08-29T15:38:00+00:00,,nao_identificada,mcmv_geral;far,far,INÍCIO DE OBRAS_FAR_POS_130426; Novas operações FAR com início,
filesystem,arquivo,,Novo MCMV - Início de obra/Base início de obras FAR_13072026_.xlsx,Base início de obras FAR_13072026_.xlsx,.xlsx,dado_tabular_ou_serializado,149992,2026-08-29T15:38:00+00:00,,nao_identificada,mcmv_geral;far,far,INÍCIO DE OBRAS_FAR_POS_130726; Novas operações FAR com início,
filesystem,arquivo,,Novo MCMV - Início de obra/Base início de obras FAR_15062026_.xlsx,Base início de obras FAR_15062026_.xlsx,.xlsx,dado_tabular_ou_serializado,143924,2026-08-29T15:38:00+00:00,,nao_identificada,mcmv_geral;far,far,INÍCIO DE OBRAS_FAR_POS_150626; Novas operações FAR com início,
filesystem,arquivo,,Novo MCMV - Início de obra/Base início de obras FAR_17082026_.xlsx,Base início de obras FAR_17082026_.xlsx,.xlsx,dado_tabular_ou_serializado,151464,2026-08-29T15:38:00+00:00,,nao_identificada,mcmv_geral;far,far,INÍCIO DE OBRAS_FAR_POS_170826; Novas operações FAR com início,
filesystem,arquivo,,Novo MCMV - Início de obra/Base início de obras FAR_19032026.xlsx,Base início de obras FAR_19032026.xlsx,.xlsx,dado_tabular_ou_serializado,119510,2026-08-29T15:38:00+00:00,,nao_identificada,mcmv_geral;far,far,INÍCIO DE OBRAS_FAR_POS_190326; Novas operações FAR com início,
filesystem,arquivo,,Novo MCMV - Início de obra/Base início de obras FAR_19052026_.xlsx,Base início de obras FAR_19052026_.xlsx,.xlsx,dado_tabular_ou_serializado,144125,2026-08-29T15:38:00+00:00,,nao_identificada,mcmv_geral;far,far,INÍCIO DE OBRAS_FAR_POS_190526; Novas operações FAR com início,
filesystem,arquivo,,Novo MCMV - Início de obra/Base início de obras FAR_20042026.xlsx,Base início de obras FAR_20042026.xlsx,.xlsx,dado_tabular_ou_serializado,121547,2026-08-29T15:38:00+00:00,,nao_identificada,mcmv_geral;far,far,INÍCIO DE OBRAS_FAR_POS_200426; Novas operações FAR com início,
filesystem,arquivo,,Novo MCMV - Início de obra/Base início de obras FAR_20072026_.xlsx,Base início de obras FAR_20072026_.xlsx,.xlsx,dado_tabular_ou_serializado,150224,2026-08-29T15:38:00+00:00,,nao_identificada,mcmv_geral;far,far,INÍCIO DE OBRAS_FAR_POS_200726; Novas operações FAR com início,
filesystem,arquivo,,Novo MCMV - Início de obra/Base início de obras FAR_22062026_.xlsx,Base início de obras FAR_22062026_.xlsx,.xlsx,dado_tabular_ou_serializado,145076,2026-08-29T15:38:00+00:00,2062-02,nao_identificada,mcmv_geral;far,far,INÍCIO DE OBRAS_FAR_POS_220626; Novas operações FAR com início,
filesystem,arquivo,,Novo MCMV - Início de obra/Base início de obras FAR_23022026.xlsx,Base início de obras FAR_23022026.xlsx,.xlsx,dado_tabular_ou_serializado,119920,2026-08-29T15:38:00+00:00,,nao_identificada,mcmv_geral;far,far,INÍCIO DE OBRAS_FAR_POS_230226; Novas operações FAR com início,
filesystem,arquivo,,Novo MCMV - Início de obra/Base início de obras FAR_24082026_.xlsx,Base início de obras FAR_24082026_.xlsx,.xlsx,dado_tabular_ou_serializado,152870,2026-08-29T15:38:00+00:00,,nao_identificada,mcmv_geral;far,far,INÍCIO DE OBRAS_FAR_POS_240826; Novas operações FAR com início,
filesystem,arquivo,,Novo MCMV - Início de obra/Base início de obras FAR_25052026_.xlsx,Base início de obras FAR_25052026_.xlsx,.xlsx,dado_tabular_ou_serializado,143576,2026-08-29T15:38:00+00:00,,nao_identificada,mcmv_geral;far,far,INÍCIO DE OBRAS_FAR_POS_250526; Novas operações FAR com início,
filesystem,arquivo,,Novo MCMV - Início de obra/Base início de obras FAR_27072026_.xlsx,Base início de obras FAR_27072026_.xlsx,.xlsx,dado_tabular_ou_serializado,150546,2026-08-29T15:38:00+00:00,,nao_identificada,mcmv_geral;far,far,INÍCIO DE OBRAS_FAR_POS_270726; Novas operações FAR com início,
filesystem,arquivo,,Novo MCMV - Início de obra/Base início de obras FAR_28042026.xlsx,Base início de obras FAR_28042026.xlsx,.xlsx,dado_tabular_ou_serializado,122436,2026-08-29T15:38:00+00:00,,nao_identificada,mcmv_geral;far,far,INÍCIO DE OBRAS_FAR_POS_280426; Novas operações FAR com início,
filesystem,arquivo,,Novo MCMV - Início de obra/Base início de obras FAR_30032026.xlsx,Base início de obras FAR_30032026.xlsx,.xlsx,dado_tabular_ou_serializado,120242,2026-08-29T15:38:00+00:00,,nao_identificada,mcmv_geral;far,far,INÍCIO DE OBRAS_FAR_POS_300326; Novas operações FAR com início,
filesystem,arquivo,,Novo MCMV - Início de obra/Base início de obras FAR_30062026_.xlsx,Base início de obras FAR_30062026_.xlsx,.xlsx,dado_tabular_ou_serializado,146413,2026-08-29T15:38:00+00:00,,nao_identificada,mcmv_geral;far,far,INÍCIO DE OBRAS_FAR_POS_300626; Novas operações FAR com início,
filesystem,arquivo,,Novo MCMV - Início de obra/FAIXA 1 - Andamento (01JUN2026)_v1.pptx,FAIXA 1 - Andamento (01JUN2026)_v1.pptx,.pptx,documento,2202534,2026-08-29T15:38:00+00:00,,nao_identificada,mcmv_geral,mcmv_geral,,
filesystem,arquivo,,Novo MCMV - Início de obra/FAIXA 1 - Andamento (02MAR2026).pptx,FAIXA 1 - Andamento (02MAR2026).pptx,.pptx,documento,2203515,2026-08-29T15:38:00+00:00,,nao_identificada,mcmv_geral,mcmv_geral,,
filesystem,arquivo,,Novo MCMV - Início de obra/FAIXA 1 - Andamento (03AGO2026)_v1.pptx,FAIXA 1 - Andamento (03AGO2026)_v1.pptx,.pptx,documento,2203037,2026-08-29T15:38:00+00:00,,nao_identificada,mcmv_geral,mcmv_geral,,
filesystem,arquivo,,Novo MCMV - Início de obra/FAIXA 1 - Andamento (06ABR2026).pptx,FAIXA 1 - Andamento (06ABR2026).pptx,.pptx,documento,2203599,2026-08-29T15:38:00+00:00,,nao_identificada,mcmv_geral,mcmv_geral,,
filesystem,arquivo,,Novo MCMV - Início de obra/FAIXA 1 - Andamento (06JUL2026)_v1.pptx,FAIXA 1 - Andamento (06JUL2026)_v1.pptx,.pptx,documento,2203055,2026-08-29T15:38:00+00:00,,nao_identificada,mcmv_geral,mcmv_geral,,
filesystem,arquivo,,Novo MCMV - Início de obra/FAIXA 1 - Andamento (08JUN2026)_v1.pptx,FAIXA 1 - Andamento (08JUN2026)_v1.pptx,.pptx,documento,2202517,2026-08-29T15:38:00+00:00,,nao_identificada,mcmv_geral,mcmv_geral,,
filesystem,arquivo,,Novo MCMV - Início de obra/FAIXA 1 - Andamento (09MAR2026).pptx,FAIXA 1 - Andamento (09MAR2026).pptx,.pptx,documento,2203457,2026-08-29T15:38:00+00:00,,nao_identificada,mcmv_geral,mcmv_geral,,
filesystem,arquivo,,Novo MCMV - Início de obra/FAIXA 1 - Andamento (10AGO2026)_v1.pptx,FAIXA 1 - Andamento (10AGO2026)_v1.pptx,.pptx,documento,2203065,2026-08-29T15:38:00+00:00,,nao_identificada,mcmv_geral,mcmv_geral,,
filesystem,arquivo,,Novo MCMV - Início de obra/FAIXA 1 - Andamento (11MAI2026) v1.pptx,FAIXA 1 - Andamento (11MAI2026) v1.pptx,.pptx,documento,2203178,2026-08-29T15:38:00+00:00,,nao_identificada,mcmv_geral,mcmv_geral,,
filesystem,arquivo,,Novo MCMV - Início de obra/FAIXA 1 - Andamento (13ABR2026)v1.pptx,FAIXA 1 - Andamento (13ABR2026)v1.pptx,.pptx,documento,2203522,2026-08-29T15:38:00+00:00,,nao_identificada,mcmv_geral,mcmv_geral,,
filesystem,arquivo,,Novo MCMV - Início de obra/FAIXA 1 - Andamento (13JUL2026)_v1.pptx,FAIXA 1 - Andamento (13JUL2026)_v1.pptx,.pptx,documento,2203078,2026-08-29T15:38:00+00:00,,nao_identificada,mcmv_geral,mcmv_geral,,
filesystem,arquivo,,Novo MCMV - Início de obra/FAIXA 1 - Andamento (15JUN2026)_v1.pptx,FAIXA 1 - Andamento (15JUN2026)_v1.pptx,.pptx,documento,2202880,2026-08-29T15:38:00+00:00,,nao_identificada,mcmv_geral,mcmv_geral,,
filesystem,arquivo,,Novo MCMV - Início de obra/FAIXA 1 - Andamento (17AGO2026)_v1.pptx,FAIXA 1 - Andamento (17AGO2026)_v1.pptx,.pptx,documento,2203204,2026-08-29T15:38:00+00:00,,nao_identificada,mcmv_geral,mcmv_geral,,
filesystem,arquivo,,Novo MCMV - Início de obra/FAIXA 1 - Andamento (19MAI2026)_v1.pptx,FAIXA 1 - Andamento (19MAI2026)_v1.pptx,.pptx,documento,2203178,2026-08-29T15:38:00+00:00,,nao_identificada,mcmv_geral,mcmv_geral,,
filesystem,arquivo,,Novo MCMV - Início de obra/FAIXA 1 - Andamento (19MAR2026).pptx,FAIXA 1 - Andamento (19MAR2026).pptx,.pptx,documento,2203514,2026-08-29T15:38:00+00:00,,nao_identificada,mcmv_geral,mcmv_geral,,
filesystem,arquivo,,Novo MCMV - Início de obra/FAIXA 1 - Andamento (20ABR2026) v1.pptx,FAIXA 1 - Andamento (20ABR2026) v1.pptx,.pptx,documento,2203501,2026-08-29T15:38:00+00:00,,nao_identificada,mcmv_geral,mcmv_geral,,
filesystem,arquivo,,Novo MCMV - Início de obra/FAIXA 1 - Andamento (20JUL2026)_v1.pptx,FAIXA 1 - Andamento (20JUL2026)_v1.pptx,.pptx,documento,2202983,2026-08-29T15:38:00+00:00,,nao_identificada,mcmv_geral,mcmv_geral,,
filesystem,arquivo,,Novo MCMV - Início de obra/FAIXA 1 - Andamento (22JUN2026)_v1.pptx,FAIXA 1 - Andamento (22JUN2026)_v1.pptx,.pptx,documento,2203003,2026-08-29T15:38:00+00:00,,nao_identificada,mcmv_geral,mcmv_geral,,
filesystem,arquivo,,Novo MCMV - Início de obra/FAIXA 1 - Andamento (23FEV2026).pptx,FAIXA 1 - Andamento (23FEV2026).pptx,.pptx,documento,2203534,2026-08-29T15:38:00+00:00,,nao_identificada,mcmv_geral,mcmv_geral,,
filesystem,arquivo,,Novo MCMV - Início de obra/FAIXA 1 - Andamento (24AGO2026)_v1.pptx,FAIXA 1 - Andamento (24AGO2026)_v1.pptx,.pptx,documento,2203038,2026-08-29T15:38:00+00:00,,nao_identificada,mcmv_geral,mcmv_geral,,
filesystem,arquivo,,Novo MCMV - Início de obra/FAIXA 1 - Andamento (25MAI2026)_v1.pptx,FAIXA 1 - Andamento (25MAI2026)_v1.pptx,.pptx,documento,2203551,2026-08-29T15:38:00+00:00,,nao_identificada,mcmv_geral,mcmv_geral,,
filesystem,arquivo,,Novo MCMV - Início de obra/FAIXA 1 - Andamento (27JUL2026)_v1.pptx,FAIXA 1 - Andamento (27JUL2026)_v1.pptx,.pptx,documento,2203006,2026-08-29T15:38:00+00:00,,nao_identificada,mcmv_geral,mcmv_geral,,
filesystem,arquivo,,Novo MCMV - Início de obra/FAIXA 1 - Andamento (28ABR2026) v1.pptx,FAIXA 1 - Andamento (28ABR2026) v1.pptx,.pptx,documento,2203407,2026-08-29T15:38:00+00:00,,nao_identificada,mcmv_geral,mcmv_geral,,
filesystem,arquivo,,Novo MCMV - Início de obra/FAIXA 1 - Andamento (30JUN2026)_v1.pptx,FAIXA 1 - Andamento (30JUN2026)_v1.pptx,.pptx,documento,2203076,2026-08-29T15:38:00+00:00,,nao_identificada,mcmv_geral,mcmv_geral,,
filesystem,arquivo,,Novo MCMV - Início de obra/FAIXA 1 - Andamento (30MAR2026).pptx,FAIXA 1 - Andamento (30MAR2026).pptx,.pptx,documento,2202652,2026-08-29T15:38:00+00:00,,nao_identificada,mcmv_geral,mcmv_geral,,
filesystem,arquivo,,Novo MCMV - Início de obra/OBRAS_INICIADAS_HIS_pos_01062026.xlsx,OBRAS_INICIADAS_HIS_pos_01062026.xlsx,.xlsx,dado_tabular_ou_serializado,605062,2026-08-29T15:38:00+00:00,,nao_identificada,mcmv_geral,mcmv_geral,RESUMO; BASE_TODAS; OBRAS_INICIADAS_1_FAR; OBRAS_INICIADAS_2_RURAL; OBRAS_INICIADAS_3_FDS; OBRAS_INICIADAS_4_FDS_MUDANÇA,
filesystem,arquivo,,Novo MCMV - Início de obra/OBRAS_INICIADAS_HIS_pos_02032026.xlsx,OBRAS_INICIADAS_HIS_pos_02032026.xlsx,.xlsx,dado_tabular_ou_serializado,573822,2026-08-29T15:38:00+00:00,2032-02,nao_identificada,mcmv_geral,mcmv_geral,RESUMO; BASE_TODAS; OBRAS_INICIADAS_1_FAR; OBRAS_INICIADAS_2_RURAL; OBRAS_INICIADAS_3_FDS; OBRAS_INICIADAS_4_FDS_MUDANÇA,
filesystem,arquivo,,Novo MCMV - Início de obra/OBRAS_INICIADAS_HIS_pos_03082026.xlsx,OBRAS_INICIADAS_HIS_pos_03082026.xlsx,.xlsx,dado_tabular_ou_serializado,633857,2026-08-29T15:38:00+00:00,,nao_identificada,mcmv_geral,mcmv_geral,RESUMO; BASE_TODAS; OBRAS_INICIADAS_1_FAR; OBRAS_INICIADAS_2_RURAL; OBRAS_INICIADAS_3_FDS; OBRAS_INICIADAS_4_FDS_MUDANÇA,
filesystem,arquivo,,Novo MCMV - Início de obra/OBRAS_INICIADAS_HIS_pos_06042026.xlsx,OBRAS_INICIADAS_HIS_pos_06042026.xlsx,.xlsx,dado_tabular_ou_serializado,598114,2026-08-29T15:38:00+00:00,,nao_identificada,mcmv_geral,mcmv_geral,RESUMO; BASE_TODAS; OBRAS_INICIADAS_1_FAR; OBRAS_INICIADAS_2_RURAL; OBRAS_INICIADAS_3_FDS; OBRAS_INICIADAS_4_FDS_MUDANÇA,
filesystem,arquivo,,Novo MCMV - Início de obra/OBRAS_INICIADAS_HIS_pos_06072026.xlsx,OBRAS_INICIADAS_HIS_pos_06072026.xlsx,.xlsx,dado_tabular_ou_serializado,628170,2026-08-29T15:38:00+00:00,,nao_identificada,mcmv_geral,mcmv_geral,RESUMO; BASE_TODAS; OBRAS_INICIADAS_1_FAR; OBRAS_INICIADAS_2_RURAL; OBRAS_INICIADAS_3_FDS; OBRAS_INICIADAS_4_FDS_MUDANÇA,
filesystem,arquivo,,Novo MCMV - Início de obra/OBRAS_INICIADAS_HIS_pos_08062026.xlsx,OBRAS_INICIADAS_HIS_pos_08062026.xlsx,.xlsx,dado_tabular_ou_serializado,612178,2026-08-29T15:38:00+00:00,,nao_identificada,mcmv_geral,mcmv_geral,RESUMO; BASE_TODAS; OBRAS_INICIADAS_1_FAR; OBRAS_INICIADAS_2_RURAL; OBRAS_INICIADAS_3_FDS; OBRAS_INICIADAS_4_FDS_MUDANÇA,
filesystem,arquivo,,Novo MCMV - Início de obra/OBRAS_INICIADAS_HIS_pos_09032026.xlsx,OBRAS_INICIADAS_HIS_pos_09032026.xlsx,.xlsx,dado_tabular_ou_serializado,589500,2026-08-29T15:38:00+00:00,,nao_identificada,mcmv_geral,mcmv_geral,RESUMO; BASE_TODAS; OBRAS_INICIADAS_1_FAR; OBRAS_INICIADAS_2_RURAL; OBRAS_INICIADAS_3_FDS; OBRAS_INICIADAS_4_FDS_MUDANÇA,
filesystem,arquivo,,Novo MCMV - Início de obra/OBRAS_INICIADAS_HIS_pos_10082026.xlsx,OBRAS_INICIADAS_HIS_pos_10082026.xlsx,.xlsx,dado_tabular_ou_serializado,631338,2026-08-29T15:38:00+00:00,,nao_identificada,mcmv_geral,mcmv_geral,RESUMO; BASE_TODAS; OBRAS_INICIADAS_1_FAR; OBRAS_INICIADAS_2_RURAL; OBRAS_INICIADAS_3_FDS; OBRAS_INICIADAS_4_FDS_MUDANÇA,
filesystem,arquivo,,Novo MCMV - Início de obra/OBRAS_INICIADAS_HIS_pos_11052026.xlsx,OBRAS_INICIADAS_HIS_pos_11052026.xlsx,.xlsx,dado_tabular_ou_serializado,607701,2026-08-29T15:38:00+00:00,,nao_identificada,mcmv_geral,mcmv_geral,RESUMO; BASE_TODAS; OBRAS_INICIADAS_1_FAR; OBRAS_INICIADAS_2_RURAL; OBRAS_INICIADAS_3_FDS; OBRAS_INICIADAS_4_FDS_MUDANÇA,
filesystem,arquivo,,Novo MCMV - Início de obra/OBRAS_INICIADAS_HIS_pos_13042026.xlsx,OBRAS_INICIADAS_HIS_pos_13042026.xlsx,.xlsx,dado_tabular_ou_serializado,601765,2026-08-29T15:38:00+00:00,,nao_identificada,mcmv_geral,mcmv_geral,RESUMO; BASE_TODAS; OBRAS_INICIADAS_1_FAR; OBRAS_INICIADAS_2_RURAL; OBRAS_INICIADAS_3_FDS; OBRAS_INICIADAS_4_FDS_MUDANÇA,
filesystem,arquivo,,Novo MCMV - Início de obra/OBRAS_INICIADAS_HIS_pos_13072026.xlsx,OBRAS_INICIADAS_HIS_pos_13072026.xlsx,.xlsx,dado_tabular_ou_serializado,628460,2026-08-29T15:38:00+00:00,,nao_identificada,mcmv_geral,mcmv_geral,RESUMO; BASE_TODAS; OBRAS_INICIADAS_1_FAR; OBRAS_INICIADAS_2_RURAL; OBRAS_INICIADAS_3_FDS; OBRAS_INICIADAS_4_FDS_MUDANÇA,
filesystem,arquivo,,Novo MCMV - Início de obra/OBRAS_INICIADAS_HIS_pos_15062026.xlsx,OBRAS_INICIADAS_HIS_pos_15062026.xlsx,.xlsx,dado_tabular_ou_serializado,612979,2026-08-29T15:38:00+00:00,,nao_identificada,mcmv_geral,mcmv_geral,RESUMO; BASE_TODAS; OBRAS_INICIADAS_1_FAR; OBRAS_INICIADAS_2_RURAL; OBRAS_INICIADAS_3_FDS; OBRAS_INICIADAS_4_FDS_MUDANÇA,
filesystem,arquivo,,Novo MCMV - Início de obra/OBRAS_INICIADAS_HIS_pos_17082026.xlsx,OBRAS_INICIADAS_HIS_pos_17082026.xlsx,.xlsx,dado_tabular_ou_serializado,626314,2026-08-29T15:38:00+00:00,,nao_identificada,mcmv_geral,mcmv_geral,RESUMO; BASE_TODAS; OBRAS_INICIADAS_1_FAR; OBRAS_INICIADAS_2_RURAL; OBRAS_INICIADAS_3_FDS; OBRAS_INICIADAS_4_FDS_MUDANÇA,
filesystem,arquivo,,Novo MCMV - Início de obra/OBRAS_INICIADAS_HIS_pos_19032026.xlsx,OBRAS_INICIADAS_HIS_pos_19032026.xlsx,.xlsx,dado_tabular_ou_serializado,587368,2026-08-29T15:38:00+00:00,,nao_identificada,mcmv_geral,mcmv_geral,RESUMO; BASE_TODAS; OBRAS_INICIADAS_1_FAR; OBRAS_INICIADAS_2_RURAL; OBRAS_INICIADAS_3_FDS; OBRAS_INICIADAS_4_FDS_MUDANÇA,
filesystem,arquivo,,Novo MCMV - Início de obra/OBRAS_INICIADAS_HIS_pos_19052026.xlsx,OBRAS_INICIADAS_HIS_pos_19052026.xlsx,.xlsx,dado_tabular_ou_serializado,848928,2026-08-29T15:38:00+00:00,,nao_identificada,mcmv_geral,mcmv_geral,RESUMO; BASE_TODAS; OBRAS_INICIADAS_1_FAR; OBRAS_INICIADAS_2_RURAL; OBRAS_INICIADAS_3_FDS; OBRAS_INICIADAS_4_FDS_MUDANÇA; TD_; CNPJ; RURAL CNPJ; Planilha1,
filesystem,arquivo,,Novo MCMV - Início de obra/OBRAS_INICIADAS_HIS_pos_20042026.xlsx,OBRAS_INICIADAS_HIS_pos_20042026.xlsx,.xlsx,dado_tabular_ou_serializado,601484,2026-08-29T15:38:00+00:00,,nao_identificada,mcmv_geral,mcmv_geral,RESUMO; BASE_TODAS; OBRAS_INICIADAS_1_FAR; OBRAS_INICIADAS_2_RURAL; OBRAS_INICIADAS_3_FDS; OBRAS_INICIADAS_4_FDS_MUDANÇA,
filesystem,arquivo,,Novo MCMV - Início de obra/OBRAS_INICIADAS_HIS_pos_20072026.xlsx,OBRAS_INICIADAS_HIS_pos_20072026.xlsx,.xlsx,dado_tabular_ou_serializado,629991,2026-08-29T15:38:00+00:00,,nao_identificada,mcmv_geral,mcmv_geral,RESUMO; BASE_TODAS; OBRAS_INICIADAS_1_FAR; OBRAS_INICIADAS_2_RURAL; OBRAS_INICIADAS_3_FDS; OBRAS_INICIADAS_4_FDS_MUDANÇA,
filesystem,arquivo,,Novo MCMV - Início de obra/OBRAS_INICIADAS_HIS_pos_22062026.xlsx,OBRAS_INICIADAS_HIS_pos_22062026.xlsx,.xlsx,dado_tabular_ou_serializado,615511,2026-08-29T15:38:00+00:00,2062-02,nao_identificada,mcmv_geral,mcmv_geral,RESUMO; BASE_TODAS; OBRAS_INICIADAS_1_FAR; OBRAS_INICIADAS_2_RURAL; OBRAS_INICIADAS_3_FDS; OBRAS_INICIADAS_4_FDS_MUDANÇA,
filesystem,arquivo,,Novo MCMV - Início de obra/OBRAS_INICIADAS_HIS_pos_23022026.xlsx,OBRAS_INICIADAS_HIS_pos_23022026.xlsx,.xlsx,dado_tabular_ou_serializado,572779,2026-08-29T15:38:00+00:00,,nao_identificada,mcmv_geral,mcmv_geral,RESUMO; BASE_TODAS; OBRAS_INICIADAS_1_FAR; OBRAS_INICIADAS_2_RURAL; OBRAS_INICIADAS_3_FDS; OBRAS_INICIADAS_4_FDS_MUDANÇA,
filesystem,arquivo,,Novo MCMV - Início de obra/OBRAS_INICIADAS_HIS_pos_24082026.xlsx,OBRAS_INICIADAS_HIS_pos_24082026.xlsx,.xlsx,dado_tabular_ou_serializado,634280,2026-08-29T15:38:00+00:00,,nao_identificada,mcmv_geral,mcmv_geral,RESUMO; BASE_TODAS; OBRAS_INICIADAS_1_FAR; OBRAS_INICIADAS_2_RURAL; OBRAS_INICIADAS_3_FDS; OBRAS_INICIADAS_4_FDS_MUDANÇA,
filesystem,arquivo,,Novo MCMV - Início de obra/OBRAS_INICIADAS_HIS_pos_25052026.xlsx,OBRAS_INICIADAS_HIS_pos_25052026.xlsx,.xlsx,dado_tabular_ou_serializado,607866,2026-08-29T15:38:00+00:00,,nao_identificada,mcmv_geral,mcmv_geral,RESUMO; BASE_TODAS; OBRAS_INICIADAS_1_FAR; OBRAS_INICIADAS_2_RURAL; OBRAS_INICIADAS_3_FDS; OBRAS_INICIADAS_4_FDS_MUDANÇA,
filesystem,arquivo,,Novo MCMV - Início de obra/OBRAS_INICIADAS_HIS_pos_26012026.xlsx,OBRAS_INICIADAS_HIS_pos_26012026.xlsx,.xlsx,dado_tabular_ou_serializado,570394,2026-08-29T15:38:00+00:00,,nao_identificada,mcmv_geral,mcmv_geral,RESUMO; BASE_TODAS; OBRAS_INICIADAS_1_FAR; OBRAS_INICIADAS_2_RURAL; OBRAS_INICIADAS_3_FDS; OBRAS_INICIADAS_4_FDS_MUDANÇA,
filesystem,arquivo,,Novo MCMV - Início de obra/OBRAS_INICIADAS_HIS_pos_27072026.xlsx,OBRAS_INICIADAS_HIS_pos_27072026.xlsx,.xlsx,dado_tabular_ou_serializado,631242,2026-08-29T15:38:00+00:00,,nao_identificada,mcmv_geral,mcmv_geral,RESUMO; BASE_TODAS; OBRAS_INICIADAS_1_FAR; OBRAS_INICIADAS_2_RURAL; OBRAS_INICIADAS_3_FDS; OBRAS_INICIADAS_4_FDS_MUDANÇA,
filesystem,arquivo,,Novo MCMV - Início de obra/OBRAS_INICIADAS_HIS_pos_27102025.xlsx,OBRAS_INICIADAS_HIS_pos_27102025.xlsx,.xlsx,dado_tabular_ou_serializado,525990,2026-08-29T15:38:00+00:00,,nao_identificada,mcmv_geral,mcmv_geral,RESUMO; BASE_TODAS; OBRAS_INICIADAS_1_FAR; OBRAS_INICIADAS_2_RURAL; OBRAS_INICIADAS_3_FDS; OBRAS_INICIADAS_4_FDS_MUDANÇA,
filesystem,arquivo,,Novo MCMV - Início de obra/OBRAS_INICIADAS_HIS_pos_28042026.xlsx,OBRAS_INICIADAS_HIS_pos_28042026.xlsx,.xlsx,dado_tabular_ou_serializado,606004,2026-08-29T15:38:00+00:00,,nao_identificada,mcmv_geral,mcmv_geral,RESUMO; BASE_TODAS; OBRAS_INICIADAS_1_FAR; OBRAS_INICIADAS_2_RURAL; OBRAS_INICIADAS_3_FDS; OBRAS_INICIADAS_4_FDS_MUDANÇA,
filesystem,arquivo,,Novo MCMV - Início de obra/OBRAS_INICIADAS_HIS_pos_29092025.xlsx,OBRAS_INICIADAS_HIS_pos_29092025.xlsx,.xlsx,dado_tabular_ou_serializado,455594,2026-08-29T15:38:00+00:00,,nao_identificada,mcmv_geral,mcmv_geral,RESUMO; BASE_TODAS; OBRAS_INICIADAS_1_FAR; OBRAS_INICIADAS_2_RURAL; OBRAS_INICIADAS_3_FDS; OBRAS_INICIADAS_4_FDS_MUDANÇA,
filesystem,arquivo,,Novo MCMV - Início de obra/OBRAS_INICIADAS_HIS_pos_29122025.xlsx,OBRAS_INICIADAS_HIS_pos_29122025.xlsx,.xlsx,dado_tabular_ou_serializado,573128,2026-08-29T15:38:00+00:00,,nao_identificada,mcmv_geral,mcmv_geral,RESUMO; BASE_TODAS; OBRAS_INICIADAS_1_FAR; OBRAS_INICIADAS_2_RURAL; OBRAS_INICIADAS_3_FDS; OBRAS_INICIADAS_4_FDS_MUDANÇA,
filesystem,arquivo,,Novo MCMV - Início de obra/OBRAS_INICIADAS_HIS_pos_30032026.xlsx,OBRAS_INICIADAS_HIS_pos_30032026.xlsx,.xlsx,dado_tabular_ou_serializado,590592,2026-08-29T15:38:00+00:00,,nao_identificada,mcmv_geral,mcmv_geral,RESUMO; BASE_TODAS; OBRAS_INICIADAS_1_FAR; OBRAS_INICIADAS_2_RURAL; OBRAS_INICIADAS_3_FDS; OBRAS_INICIADAS_4_FDS_MUDANÇA,
filesystem,arquivo,,Novo MCMV - Início de obra/OBRAS_INICIADAS_HIS_pos_30062026.xlsx,OBRAS_INICIADAS_HIS_pos_30062026.xlsx,.xlsx,dado_tabular_ou_serializado,616387,2026-08-29T15:38:00+00:00,,nao_identificada,mcmv_geral,mcmv_geral,RESUMO; BASE_TODAS; OBRAS_INICIADAS_1_FAR; OBRAS_INICIADAS_2_RURAL; OBRAS_INICIADAS_3_FDS; OBRAS_INICIADAS_4_FDS_MUDANÇA,
filesystem,arquivo,,Novo MCMV - Início de obra/OBRAS_INICIADAS_HIS_pos_31122025_FINAL.xlsx,OBRAS_INICIADAS_HIS_pos_31122025_FINAL.xlsx,.xlsx,dado_tabular_ou_serializado,573710,2026-08-29T15:38:00+00:00,,nao_identificada,mcmv_geral,mcmv_geral,RESUMO; BASE_TODAS; OBRAS_INICIADAS_1_FAR; OBRAS_INICIADAS_2_RURAL; OBRAS_INICIADAS_3_FDS; OBRAS_INICIADAS_4_FDS_MUDANÇA,
filesystem,pasta,,Novo MCMV - Rural,Novo MCMV - Rural,,pasta,,2026-08-28T20:37:06.141283+00:00,,nao_identificada,mcmv_geral;rural,rural,,
filesystem,pasta,,Novo MCMV - Rural/Arquivados,Arquivados,,pasta,,2026-08-28T20:37:06.095222+00:00,,nao_identificada,mcmv_geral;rural,rural,,
filesystem,pasta,,Novo MCMV - Rural/Arquivados/Arquivo 2025 - Cad PJ,Arquivo 2025 - Cad PJ,,pasta,,2026-08-28T20:37:06.090828+00:00,,nao_identificada,mcmv_geral;rural,rural,,
filesystem,arquivo,,Novo MCMV - Rural/Arquivados/Arquivo 2025 - Cad PJ/MONIT_CAD_PJ_RURAL_20251224_101226.CSV,MONIT_CAD_PJ_RURAL_20251224_101226.CSV,.csv,dado_tabular_ou_serializado,45146,2026-08-28T23:36:00+00:00,2025-12,nao_identificada,mcmv_geral;rural,rural,,
filesystem,pasta,,Novo MCMV - Rural/Arquivados/Arquivo 2025 - Financeiro,Arquivo 2025 - Financeiro,,pasta,,2026-08-28T20:37:06.095090+00:00,,nao_identificada,mcmv_geral;rural,rural,,
filesystem,arquivo,,Novo MCMV - Rural/Arquivados/Arquivo 2025 - Financeiro/MONIT_MOV_FINANC_RURAL_20251223_124903.CSV,MONIT_MOV_FINANC_RURAL_20251223_124903.CSV,.csv,dado_tabular_ou_serializado,681771,2026-08-28T23:36:00+00:00,2025-12,nao_identificada,mcmv_geral;rural,rural,,
filesystem,arquivo,,Novo MCMV - Rural/Arquivados/Arquivo 2025 - Financeiro/MONIT_MOV_FINANC_RURAL_20251224_103041.CSV,MONIT_MOV_FINANC_RURAL_20251224_103041.CSV,.csv,dado_tabular_ou_serializado,6173,2026-08-28T23:36:00+00:00,2025-12,nao_identificada,mcmv_geral;rural,rural,,
filesystem,arquivo,,Novo MCMV - Rural/Arquivados/Arquivo 2025 - Financeiro/MONIT_MOV_FINANC_RURAL_DIARIO_20251229_103027.CSV,MONIT_MOV_FINANC_RURAL_DIARIO_20251229_103027.CSV,.csv,dado_tabular_ou_serializado,3127,2026-08-28T23:36:00+00:00,2025-12,nao_identificada,mcmv_geral;rural,rural,,
filesystem,arquivo,,Novo MCMV - Rural/Arquivados/Arquivo 2025 - Financeiro/MONIT_MOV_FINANC_RURAL_DIARIO_20251230_103055.CSV,MONIT_MOV_FINANC_RURAL_DIARIO_20251230_103055.CSV,.csv,dado_tabular_ou_serializado,1540,2026-08-28T23:36:00+00:00,2025-12,nao_identificada,mcmv_geral;rural,rural,,
filesystem,arquivo,,Novo MCMV - Rural/Arquivados/Arquivo 2025 - Financeiro/MONIT_MOV_FINANC_RURAL_DIARIO_20251231_103040.CSV,MONIT_MOV_FINANC_RURAL_DIARIO_20251231_103040.CSV,.csv,dado_tabular_ou_serializado,4573,2026-08-28T23:36:00+00:00,2025-12,nao_identificada,mcmv_geral;rural,rural,,
filesystem,arquivo,,Novo MCMV - Rural/Arquivados/Arquivo 2025 - Financeiro/MONIT_MOV_FINANC_RURAL_DIARIO_20260105_103055.CSV,MONIT_MOV_FINANC_RURAL_DIARIO_20260105_103055.CSV,.csv,dado_tabular_ou_serializado,1684,2026-08-28T23:36:00+00:00,2026-01,nao_identificada,mcmv_geral;rural,rural,,
filesystem,arquivo,,Novo MCMV - Rural/Arquivados/Arquivo 2025 - Financeiro/MONIT_MOV_FINANC_RURAL_DIARIO_20260106_103055.CSV,MONIT_MOV_FINANC_RURAL_DIARIO_20260106_103055.CSV,.csv,dado_tabular_ou_serializado,3134,2026-08-28T23:36:00+00:00,2026-01,nao_identificada,mcmv_geral;rural,rural,,
filesystem,arquivo,,Novo MCMV - Rural/Arquivados/Arquivo 2025 - Financeiro/MONIT_MOV_FINANC_RURAL_DIARIO_20260107_103043.CSV,MONIT_MOV_FINANC_RURAL_DIARIO_20260107_103043.CSV,.csv,dado_tabular_ou_serializado,2022,2026-08-28T23:36:00+00:00,2026-01,nao_identificada,mcmv_geral;rural,rural,,
filesystem,arquivo,,Novo MCMV - Rural/Arquivados/Arquivo 2025 - Financeiro/MONIT_MOV_FINANC_RURAL_DIARIO_20260108_103040.CSV,MONIT_MOV_FINANC_RURAL_DIARIO_20260108_103040.CSV,.csv,dado_tabular_ou_serializado,3141,2026-08-28T23:36:00+00:00,2026-01,nao_identificada,mcmv_geral;rural,rural,,
filesystem,arquivo,,Novo MCMV - Rural/Arquivados/Arquivo 2025 - Financeiro/MONIT_MOV_FINANC_RURAL_DIARIO_20260109_103040.CSV,MONIT_MOV_FINANC_RURAL_DIARIO_20260109_103040.CSV,.csv,dado_tabular_ou_serializado,2994,2026-08-28T23:36:00+00:00,2026-01,nao_identificada,mcmv_geral;rural,rural,,
filesystem,arquivo,,Novo MCMV - Rural/Arquivados/Arquivo 2025 - Financeiro/MONIT_MOV_FINANC_RURAL_DIARIO_20260112_103044.CSV,MONIT_MOV_FINANC_RURAL_DIARIO_20260112_103044.CSV,.csv,dado_tabular_ou_serializado,3915,2026-08-28T23:36:00+00:00,2026-01,nao_identificada,mcmv_geral;rural,rural,,
filesystem,arquivo,,Novo MCMV - Rural/Arquivados/Arquivo 2025 - Financeiro/MONIT_MOV_FINANC_RURAL_DIARIO_20260113_103043.CSV,MONIT_MOV_FINANC_RURAL_DIARIO_20260113_103043.CSV,.csv,dado_tabular_ou_serializado,1065,2026-08-28T23:36:00+00:00,2026-01,nao_identificada,mcmv_geral;rural,rural,,
filesystem,arquivo,,Novo MCMV - Rural/Arquivados/Arquivo 2025 - Financeiro/MONIT_MOV_FINANC_RURAL_DIARIO_20260114_103044.CSV,MONIT_MOV_FINANC_RURAL_DIARIO_20260114_103044.CSV,.csv,dado_tabular_ou_serializado,3941,2026-08-28T23:36:00+00:00,2026-01,nao_identificada,mcmv_geral;rural,rural,,
filesystem,arquivo,,Novo MCMV - Rural/Arquivados/Arquivo 2025 - Financeiro/MONIT_MOV_FINANC_RURAL_DIARIO_20260115_103115.CSV,MONIT_MOV_FINANC_RURAL_DIARIO_20260115_103115.CSV,.csv,dado_tabular_ou_serializado,6784,2026-08-28T23:36:00+00:00,2026-01,nao_identificada,mcmv_geral;rural,rural,,
filesystem,arquivo,,Novo MCMV - Rural/Arquivados/Arquivo 2025 - Financeiro/MONIT_MOV_FINANC_RURAL_DIARIO_20260116_103051.CSV,MONIT_MOV_FINANC_RURAL_DIARIO_20260116_103051.CSV,.csv,dado_tabular_ou_serializado,4741,2026-08-28T23:36:00+00:00,2026-01,nao_identificada,mcmv_geral;rural,rural,,
filesystem,arquivo,,Novo MCMV - Rural/Arquivados/Arquivo 2025 - Financeiro/MONIT_MOV_FINANC_RURAL_DIARIO_20260119_103041.CSV,MONIT_MOV_FINANC_RURAL_DIARIO_20260119_103041.CSV,.csv,dado_tabular_ou_serializado,2645,2026-08-28T23:36:00+00:00,2026-01,nao_identificada,mcmv_geral;rural,rural,,
filesystem,pasta,,Novo MCMV - Rural/Arquivados/Arquivo 2025 - Obra,Arquivo 2025 - Obra,,pasta,,2026-08-28T20:37:06.095602+00:00,,nao_identificada,mcmv_geral;rural,rural,,
filesystem,arquivo,,Novo MCMV - Rural/Arquivados/Arquivo 2025 - Obra/MONIT_MOV_OBRA_RURAL_20251223_130310.CSV,MONIT_MOV_OBRA_RURAL_20251223_130310.CSV,.csv,dado_tabular_ou_serializado,266957,2026-08-28T23:36:00+00:00,2025-12,nao_identificada,mcmv_geral;rural,rural,,
filesystem,arquivo,,Novo MCMV - Rural/Arquivados/Arquivo 2025 - Obra/MONIT_MOV_OBRA_RURAL_20251224_040838.CSV,MONIT_MOV_OBRA_RURAL_20251224_040838.CSV,.csv,dado_tabular_ou_serializado,1964,2026-08-28T23:36:00+00:00,2025-12,nao_identificada,mcmv_geral;rural,rural,,
filesystem,arquivo,,Novo MCMV - Rural/Lista Selecionadas_Autorizadas MCMV-Rural_20240220.xlsx,Lista Selecionadas_Autorizadas MCMV-Rural_20240220.xlsx,.xlsx,dado_tabular_ou_serializado,170659,2026-08-28T23:36:00+00:00,2024-02,nao_identificada,mcmv_geral;rural,rural,Sheet1; Dicionario,
filesystem,arquivo,,Novo MCMV - Rural/MONIT_CADASTRO_PF_RURAL_MENSAL_202602_042724.CSV,MONIT_CADASTRO_PF_RURAL_MENSAL_202602_042724.CSV,.csv,dado_tabular_ou_serializado,1043860,2026-08-28T23:36:00+00:00,2026-02,nao_identificada,mcmv_geral;rural,rural,,
filesystem,arquivo,,Novo MCMV - Rural/MONIT_CADASTRO_PF_RURAL_MENSAL_202603_043200.CSV,MONIT_CADASTRO_PF_RURAL_MENSAL_202603_043200.CSV,.csv,dado_tabular_ou_serializado,1043860,2026-08-28T23:36:00+00:00,2026-03,nao_identificada,mcmv_geral;rural,rural,,
filesystem,arquivo,,Novo MCMV - Rural/MONIT_CADASTRO_PF_RURAL_MENSAL_202604_043346.CSV,MONIT_CADASTRO_PF_RURAL_MENSAL_202604_043346.CSV,.csv,dado_tabular_ou_serializado,1043860,2026-08-28T23:36:00+00:00,2026-04,nao_identificada,mcmv_geral;rural,rural,,
filesystem,arquivo,,Novo MCMV - Rural/MONIT_CADASTRO_PF_RURAL_MENSAL_202605_043232.CSV,MONIT_CADASTRO_PF_RURAL_MENSAL_202605_043232.CSV,.csv,dado_tabular_ou_serializado,1043860,2026-08-28T23:36:00+00:00,2026-05,nao_identificada,mcmv_geral;rural,rural,,
filesystem,arquivo,,Novo MCMV - Rural/MONIT_CADASTRO_PF_RURAL_MENSAL_202606_042950.CSV,MONIT_CADASTRO_PF_RURAL_MENSAL_202606_042950.CSV,.csv,dado_tabular_ou_serializado,1043860,2026-08-28T23:36:00+00:00,2026-06,nao_identificada,mcmv_geral;rural,rural,,
filesystem,arquivo,,Novo MCMV - Rural/MONIT_CADASTRO_PF_RURAL_MENSAL_202607_041741.CSV,MONIT_CADASTRO_PF_RURAL_MENSAL_202607_041741.CSV,.csv,dado_tabular_ou_serializado,1043860,2026-08-28T23:36:00+00:00,2026-07,nao_identificada,mcmv_geral;rural,rural,,
filesystem,arquivo,,Novo MCMV - Rural/MONIT_CAD_PJ_RURAL_LAYOUT_20260401_043425.CSV,MONIT_CAD_PJ_RURAL_LAYOUT_20260401_043425.CSV,.csv,dado_tabular_ou_serializado,1195,2026-08-28T23:36:00+00:00,2026-04,nao_identificada,mcmv_geral;rural,rural,,
filesystem,arquivo,,Novo MCMV - Rural/MONIT_CAD_PJ_RURAL_LAYOUT_20260504_043834.CSV,MONIT_CAD_PJ_RURAL_LAYOUT_20260504_043834.CSV,.csv,dado_tabular_ou_serializado,1195,2026-08-28T23:36:00+00:00,2026-05,nao_identificada,mcmv_geral;rural,rural,,
filesystem,arquivo,,Novo MCMV - Rural/MONIT_CAD_PJ_RURAL_LAYOUT_20260601_043616.CSV,MONIT_CAD_PJ_RURAL_LAYOUT_20260601_043616.CSV,.csv,dado_tabular_ou_serializado,1195,2026-08-28T23:36:00+00:00,2026-06,nao_identificada,mcmv_geral;rural,rural,,
filesystem,arquivo,,Novo MCMV - Rural/MONIT_CAD_PJ_RURAL_LAYOUT_20260701_043056.CSV,MONIT_CAD_PJ_RURAL_LAYOUT_20260701_043056.CSV,.csv,dado_tabular_ou_serializado,1195,2026-08-28T23:36:00+00:00,2026-07,nao_identificada,mcmv_geral;rural,rural,,
filesystem,arquivo,,Novo MCMV - Rural/MONIT_CAD_PJ_RURAL_LAYOUT_20260803_042059.CSV,MONIT_CAD_PJ_RURAL_LAYOUT_20260803_042059.CSV,.csv,dado_tabular_ou_serializado,1195,2026-08-28T23:36:00+00:00,2026-08,nao_identificada,mcmv_geral;rural,rural,,
filesystem,arquivo,,Novo MCMV - Rural/MONIT_CAD_PJ_RURAL_MENSAL_202602_043001.CSV,MONIT_CAD_PJ_RURAL_MENSAL_202602_043001.CSV,.csv,dado_tabular_ou_serializado,45146,2026-08-28T23:36:00+00:00,2026-02,nao_identificada,mcmv_geral;rural,rural,,
filesystem,arquivo,,Novo MCMV - Rural/MONIT_CAD_PJ_RURAL_MENSAL_202603_043425.CSV,MONIT_CAD_PJ_RURAL_MENSAL_202603_043425.CSV,.csv,dado_tabular_ou_serializado,45149,2026-08-28T23:36:00+00:00,2026-03,nao_identificada,mcmv_geral;rural,rural,,
filesystem,arquivo,,Novo MCMV - Rural/MONIT_CAD_PJ_RURAL_MENSAL_202604_043834.CSV,MONIT_CAD_PJ_RURAL_MENSAL_202604_043834.CSV,.csv,dado_tabular_ou_serializado,45149,2026-08-28T23:36:00+00:00,2026-04,nao_identificada,mcmv_geral;rural,rural,,
filesystem,arquivo,,Novo MCMV - Rural/MONIT_CAD_PJ_RURAL_MENSAL_202605_043616.CSV,MONIT_CAD_PJ_RURAL_MENSAL_202605_043616.CSV,.csv,dado_tabular_ou_serializado,45149,2026-08-28T23:36:00+00:00,2026-05,nao_identificada,mcmv_geral;rural,rural,,
filesystem,arquivo,,Novo MCMV - Rural/MONIT_CAD_PJ_RURAL_MENSAL_202606_043056.CSV,MONIT_CAD_PJ_RURAL_MENSAL_202606_043056.CSV,.csv,dado_tabular_ou_serializado,45149,2026-08-28T23:36:00+00:00,2026-06,nao_identificada,mcmv_geral;rural,rural,,
filesystem,arquivo,,Novo MCMV - Rural/MONIT_CAD_PJ_RURAL_MENSAL_202607_042059.CSV,MONIT_CAD_PJ_RURAL_MENSAL_202607_042059.CSV,.csv,dado_tabular_ou_serializado,45149,2026-08-28T23:36:00+00:00,2026-07,nao_identificada,mcmv_geral;rural,rural,,
filesystem,arquivo,,Novo MCMV - Rural/MONIT_MOV_FINANC_RURAL_LAYOUT_20260309_103116.CSV,MONIT_MOV_FINANC_RURAL_LAYOUT_20260309_103116.CSV,.csv,dado_tabular_ou_serializado,1438,2026-08-28T23:36:00+00:00,2026-03,nao_identificada,mcmv_geral;rural,rural,,
filesystem,arquivo,,Novo MCMV - Rural/MONIT_MOV_FINANC_RURAL_LAYOUT_20260316_103058.CSV,MONIT_MOV_FINANC_RURAL_LAYOUT_20260316_103058.CSV,.csv,dado_tabular_ou_serializado,1438,2026-08-28T23:36:00+00:00,2026-03,nao_identificada,mcmv_geral;rural,rural,,
filesystem,arquivo,,Novo MCMV - Rural/MONIT_MOV_FINANC_RURAL_LAYOUT_20260330_103055.CSV,MONIT_MOV_FINANC_RURAL_LAYOUT_20260330_103055.CSV,.csv,dado_tabular_ou_serializado,1438,2026-08-28T23:36:00+00:00,2026-03,nao_identificada,mcmv_geral;rural,rural,,
filesystem,arquivo,,Novo MCMV - Rural/MONIT_MOV_FINANC_RURAL_LAYOUT_20260401_103125.CSV,MONIT_MOV_FINANC_RURAL_LAYOUT_20260401_103125.CSV,.csv,dado_tabular_ou_serializado,1438,2026-08-28T23:36:00+00:00,2026-04,nao_identificada,mcmv_geral;rural,rural,,
filesystem,arquivo,,Novo MCMV - Rural/MONIT_MOV_FINANC_RURAL_LAYOUT_20260406_103119.CSV,MONIT_MOV_FINANC_RURAL_LAYOUT_20260406_103119.CSV,.csv,dado_tabular_ou_serializado,1438,2026-08-28T23:36:00+00:00,2026-04,nao_identificada,mcmv_geral;rural,rural,,
filesystem,arquivo,,Novo MCMV - Rural/MONIT_MOV_FINANC_RURAL_LAYOUT_20260413_103118.CSV,MONIT_MOV_FINANC_RURAL_LAYOUT_20260413_103118.CSV,.csv,dado_tabular_ou_serializado,1438,2026-08-28T23:36:00+00:00,2026-04,nao_identificada,mcmv_geral;rural,rural,,
filesystem,arquivo,,Novo MCMV - Rural/MONIT_MOV_FINANC_RURAL_LAYOUT_20260420_103113.CSV,MONIT_MOV_FINANC_RURAL_LAYOUT_20260420_103113.CSV,.csv,dado_tabular_ou_serializado,1438,2026-08-28T23:36:00+00:00,2026-04,nao_identificada,mcmv_geral;rural,rural,,
filesystem,arquivo,,Novo MCMV - Rural/MONIT_MOV_FINANC_RURAL_LAYOUT_20260427_103141.CSV,MONIT_MOV_FINANC_RURAL_LAYOUT_20260427_103141.CSV,.csv,dado_tabular_ou_serializado,1438,2026-08-28T23:36:00+00:00,2026-04,nao_identificada,mcmv_geral;rural,rural,,
filesystem,arquivo,,Novo MCMV - Rural/MONIT_MOV_FINANC_RURAL_LAYOUT_20260504_103300.CSV,MONIT_MOV_FINANC_RURAL_LAYOUT_20260504_103300.CSV,.csv,dado_tabular_ou_serializado,1438,2026-08-28T23:36:00+00:00,2026-05,nao_identificada,mcmv_geral;rural,rural,,
filesystem,arquivo,,Novo MCMV - Rural/MONIT_MOV_FINANC_RURAL_LAYOUT_20260511_103134.CSV,MONIT_MOV_FINANC_RURAL_LAYOUT_20260511_103134.CSV,.csv,dado_tabular_ou_serializado,1438,2026-08-28T23:36:00+00:00,2026-05,nao_identificada,mcmv_geral;rural,rural,,
filesystem,arquivo,,Novo MCMV - Rural/MONIT_MOV_FINANC_RURAL_LAYOUT_20260518_103116.CSV,MONIT_MOV_FINANC_RURAL_LAYOUT_20260518_103116.CSV,.csv,dado_tabular_ou_serializado,1438,2026-08-28T23:36:00+00:00,2026-05,nao_identificada,mcmv_geral;rural,rural,,
filesystem,arquivo,,Novo MCMV - Rural/MONIT_MOV_FINANC_RURAL_LAYOUT_20260525_103142.CSV,MONIT_MOV_FINANC_RURAL_LAYOUT_20260525_103142.CSV,.csv,dado_tabular_ou_serializado,1438,2026-08-28T23:36:00+00:00,2026-05,nao_identificada,mcmv_geral;rural,rural,,
filesystem,arquivo,,Novo MCMV - Rural/MONIT_MOV_FINANC_RURAL_LAYOUT_20260601_103254.CSV,MONIT_MOV_FINANC_RURAL_LAYOUT_20260601_103254.CSV,.csv,dado_tabular_ou_serializado,1438,2026-08-28T23:36:00+00:00,2026-06,nao_identificada,mcmv_geral;rural,rural,,
filesystem,arquivo,,Novo MCMV - Rural/MONIT_MOV_FINANC_RURAL_LAYOUT_20260608_103133.CSV,MONIT_MOV_FINANC_RURAL_LAYOUT_20260608_103133.CSV,.csv,dado_tabular_ou_serializado,1438,2026-08-28T23:36:00+00:00,2026-06,nao_identificada,mcmv_geral;rural,rural,,
filesystem,arquivo,,Novo MCMV - Rural/MONIT_MOV_FINANC_RURAL_LAYOUT_20260615_103129.CSV,MONIT_MOV_FINANC_RURAL_LAYOUT_20260615_103129.CSV,.csv,dado_tabular_ou_serializado,1438,2026-08-28T23:36:00+00:00,2026-06,nao_identificada,mcmv_geral;rural,rural,,
filesystem,arquivo,,Novo MCMV - Rural/MONIT_MOV_FINANC_RURAL_LAYOUT_20260622_103124.CSV,MONIT_MOV_FINANC_RURAL_LAYOUT_20260622_103124.CSV,.csv,dado_tabular_ou_serializado,1438,2026-08-28T23:36:00+00:00,2026-06,nao_identificada,mcmv_geral;rural,rural,,
filesystem,arquivo,,Novo MCMV - Rural/MONIT_MOV_FINANC_RURAL_LAYOUT_20260629_103132.CSV,MONIT_MOV_FINANC_RURAL_LAYOUT_20260629_103132.CSV,.csv,dado_tabular_ou_serializado,1438,2026-08-28T23:36:00+00:00,2026-06,nao_identificada,mcmv_geral;rural,rural,,
filesystem,arquivo,,Novo MCMV - Rural/MONIT_MOV_FINANC_RURAL_LAYOUT_20260701_103202.CSV,MONIT_MOV_FINANC_RURAL_LAYOUT_20260701_103202.CSV,.csv,dado_tabular_ou_serializado,1438,2026-08-28T23:36:00+00:00,2026-07,nao_identificada,mcmv_geral;rural,rural,,
filesystem,arquivo,,Novo MCMV - Rural/MONIT_MOV_FINANC_RURAL_LAYOUT_20260706_103143.CSV,MONIT_MOV_FINANC_RURAL_LAYOUT_20260706_103143.CSV,.csv,dado_tabular_ou_serializado,1438,2026-08-28T23:36:00+00:00,2026-07,nao_identificada,mcmv_geral;rural,rural,,
filesystem,arquivo,,Novo MCMV - Rural/MONIT_MOV_FINANC_RURAL_LAYOUT_20260713_103134.CSV,MONIT_MOV_FINANC_RURAL_LAYOUT_20260713_103134.CSV,.csv,dado_tabular_ou_serializado,1438,2026-08-28T23:36:00+00:00,2026-07,nao_identificada,mcmv_geral;rural,rural,,
filesystem,arquivo,,Novo MCMV - Rural/MONIT_MOV_FINANC_RURAL_LAYOUT_20260720_103127.CSV,MONIT_MOV_FINANC_RURAL_LAYOUT_20260720_103127.CSV,.csv,dado_tabular_ou_serializado,1438,2026-08-28T23:36:00+00:00,2026-07,nao_identificada,mcmv_geral;rural,rural,,
filesystem,arquivo,,Novo MCMV - Rural/MONIT_MOV_FINANC_RURAL_LAYOUT_20260727_103147.CSV,MONIT_MOV_FINANC_RURAL_LAYOUT_20260727_103147.CSV,.csv,dado_tabular_ou_serializado,1438,2026-08-28T23:36:00+00:00,2026-07,nao_identificada,mcmv_geral;rural,rural,,
filesystem,arquivo,,Novo MCMV - Rural/MONIT_MOV_FINANC_RURAL_LAYOUT_20260803_103337.CSV,MONIT_MOV_FINANC_RURAL_LAYOUT_20260803_103337.CSV,.csv,dado_tabular_ou_serializado,1438,2026-08-28T23:36:00+00:00,2026-08,nao_identificada,mcmv_geral;rural,rural,,
filesystem,arquivo,,Novo MCMV - Rural/MONIT_MOV_FINANC_RURAL_LAYOUT_20260810_103131.CSV,MONIT_MOV_FINANC_RURAL_LAYOUT_20260810_103131.CSV,.csv,dado_tabular_ou_serializado,1438,2026-08-28T23:36:00+00:00,2026-08,nao_identificada,mcmv_geral;rural,rural,,
filesystem,arquivo,,Novo MCMV - Rural/MONIT_MOV_FINANC_RURAL_LAYOUT_20260817_103150.CSV,MONIT_MOV_FINANC_RURAL_LAYOUT_20260817_103150.CSV,.csv,dado_tabular_ou_serializado,1438,2026-08-28T23:36:00+00:00,2026-08,nao_identificada,mcmv_geral;rural,rural,,
filesystem,arquivo,,Novo MCMV - Rural/MONIT_MOV_FINANC_RURAL_LAYOUT_20260824_111738.CSV,MONIT_MOV_FINANC_RURAL_LAYOUT_20260824_111738.CSV,.csv,dado_tabular_ou_serializado,1438,2026-08-28T23:36:00+00:00,2026-08,nao_identificada,mcmv_geral;rural,rural,,
filesystem,arquivo,,Novo MCMV - Rural/MONIT_MOV_FINANC_RURAL_MENSAL_202602_103215.CSV,MONIT_MOV_FINANC_RURAL_MENSAL_202602_103215.CSV,.csv,dado_tabular_ou_serializado,828780,2026-08-28T23:36:00+00:00,2026-02,nao_identificada,mcmv_geral;rural,rural,,
filesystem,arquivo,,Novo MCMV - Rural/MONIT_MOV_FINANC_RURAL_MENSAL_202603_103125.CSV,MONIT_MOV_FINANC_RURAL_MENSAL_202603_103125.CSV,.csv,dado_tabular_ou_serializado,904173,2026-08-28T23:36:00+00:00,2026-03,nao_identificada,mcmv_geral;rural,rural,,
filesystem,arquivo,,Novo MCMV - Rural/MONIT_MOV_FINANC_RURAL_MENSAL_202604_103300.CSV,MONIT_MOV_FINANC_RURAL_MENSAL_202604_103300.CSV,.csv,dado_tabular_ou_serializado,989393,2026-08-28T23:36:00+00:00,2026-04,nao_identificada,mcmv_geral;rural,rural,,
filesystem,arquivo,,Novo MCMV - Rural/MONIT_MOV_FINANC_RURAL_MENSAL_202605_103254.CSV,MONIT_MOV_FINANC_RURAL_MENSAL_202605_103254.CSV,.csv,dado_tabular_ou_serializado,1066512,2026-08-28T23:36:00+00:00,2026-05,nao_identificada,mcmv_geral;rural,rural,,
filesystem,arquivo,,Novo MCMV - Rural/MONIT_MOV_FINANC_RURAL_MENSAL_202606_103202.CSV,MONIT_MOV_FINANC_RURAL_MENSAL_202606_103202.CSV,.csv,dado_tabular_ou_serializado,1157122,2026-08-28T23:36:00+00:00,2026-06,nao_identificada,mcmv_geral;rural,rural,,
filesystem,arquivo,,Novo MCMV - Rural/MONIT_MOV_FINANC_RURAL_MENSAL_202607_103337.CSV,MONIT_MOV_FINANC_RURAL_MENSAL_202607_103337.CSV,.csv,dado_tabular_ou_serializado,1235861,2026-08-28T23:36:00+00:00,2026-07,nao_identificada,mcmv_geral;rural,rural,,
filesystem,arquivo,,Novo MCMV - Rural/MONIT_MOV_FINANC_RURAL_SEMANAL_20260209_103059.CSV,MONIT_MOV_FINANC_RURAL_SEMANAL_20260209_103059.CSV,.csv,dado_tabular_ou_serializado,16437,2026-08-28T23:36:00+00:00,2026-02,nao_identificada,mcmv_geral;rural,rural,,
filesystem,arquivo,,Novo MCMV - Rural/MONIT_MOV_FINANC_RURAL_SEMANAL_20260216_103059.CSV,MONIT_MOV_FINANC_RURAL_SEMANAL_20260216_103059.CSV,.csv,dado_tabular_ou_serializado,18487,2026-08-28T23:36:00+00:00,2026-02,nao_identificada,mcmv_geral;rural,rural,,
filesystem,arquivo,,Novo MCMV - Rural/MONIT_MOV_FINANC_RURAL_SEMANAL_20260223_103039.CSV,MONIT_MOV_FINANC_RURAL_SEMANAL_20260223_103039.CSV,.csv,dado_tabular_ou_serializado,10783,2026-08-28T23:36:00+00:00,2026-02,nao_identificada,mcmv_geral;rural,rural,,
filesystem,arquivo,,Novo MCMV - Rural/MONIT_MOV_FINANC_RURAL_SEMANAL_202602_103055.CSV,MONIT_MOV_FINANC_RURAL_SEMANAL_202602_103055.CSV,.csv,dado_tabular_ou_serializado,36451,2026-08-28T23:36:00+00:00,2026-02,nao_identificada,mcmv_geral;rural,rural,,
filesystem,arquivo,,Novo MCMV - Rural/MONIT_MOV_FINANC_RURAL_SEMANAL_202602_103058.CSV,MONIT_MOV_FINANC_RURAL_SEMANAL_202602_103058.CSV,.csv,dado_tabular_ou_serializado,15573,2026-08-28T23:36:00+00:00,2026-02,nao_identificada,mcmv_geral;rural,rural,,
filesystem,arquivo,,Novo MCMV - Rural/MONIT_MOV_FINANC_RURAL_SEMANAL_202602_103116.CSV,MONIT_MOV_FINANC_RURAL_SEMANAL_202602_103116.CSV,.csv,dado_tabular_ou_serializado,14778,2026-08-28T23:36:00+00:00,2026-02,nao_identificada,mcmv_geral;rural,rural,,
filesystem,arquivo,,Novo MCMV - Rural/MONIT_MOV_FINANC_RURAL_SEMANAL_20260302_103215.CSV,MONIT_MOV_FINANC_RURAL_SEMANAL_20260302_103215.CSV,.csv,dado_tabular_ou_serializado,19254,2026-08-28T23:36:00+00:00,2026-03,nao_identificada,mcmv_geral;rural,rural,,
filesystem,arquivo,,Novo MCMV - Rural/MONIT_MOV_FINANC_RURAL_SEMANAL_202603_103113.CSV,MONIT_MOV_FINANC_RURAL_SEMANAL_202603_103113.CSV,.csv,dado_tabular_ou_serializado,17852,2026-08-28T23:36:00+00:00,2026-03,nao_identificada,mcmv_geral;rural,rural,,
filesystem,arquivo,,Novo MCMV - Rural/MONIT_MOV_FINANC_RURAL_SEMANAL_202603_103118.CSV,MONIT_MOV_FINANC_RURAL_SEMANAL_202603_103118.CSV,.csv,dado_tabular_ou_serializado,20436,2026-08-28T23:36:00+00:00,2026-03,nao_identificada,mcmv_geral;rural,rural,,
filesystem,arquivo,,Novo MCMV - Rural/MONIT_MOV_FINANC_RURAL_SEMANAL_202603_103119.CSV,MONIT_MOV_FINANC_RURAL_SEMANAL_202603_103119.CSV,.csv,dado_tabular_ou_serializado,20016,2026-08-28T23:36:00+00:00,2026-03,nao_identificada,mcmv_geral;rural,rural,,
filesystem,arquivo,,Novo MCMV - Rural/MONIT_MOV_FINANC_RURAL_SEMANAL_202603_103141.CSV,MONIT_MOV_FINANC_RURAL_SEMANAL_202603_103141.CSV,.csv,dado_tabular_ou_serializado,17200,2026-08-28T23:36:00+00:00,2026-03,nao_identificada,mcmv_geral;rural,rural,,
filesystem,arquivo,,Novo MCMV - Rural/MONIT_MOV_FINANC_RURAL_SEMANAL_202604_103116.CSV,MONIT_MOV_FINANC_RURAL_SEMANAL_202604_103116.CSV,.csv,dado_tabular_ou_serializado,16729,2026-08-28T23:36:00+00:00,2026-04,nao_identificada,mcmv_geral;rural,rural,,
filesystem,arquivo,,Novo MCMV - Rural/MONIT_MOV_FINANC_RURAL_SEMANAL_202604_103134.CSV,MONIT_MOV_FINANC_RURAL_SEMANAL_202604_103134.CSV,.csv,dado_tabular_ou_serializado,19687,2026-08-28T23:36:00+00:00,2026-04,nao_identificada,mcmv_geral;rural,rural,,
filesystem,arquivo,,Novo MCMV - Rural/MONIT_MOV_FINANC_RURAL_SEMANAL_202604_103142.CSV,MONIT_MOV_FINANC_RURAL_SEMANAL_202604_103142.CSV,.csv,dado_tabular_ou_serializado,21995,2026-08-28T23:36:00+00:00,2026-04,nao_identificada,mcmv_geral;rural,rural,,
filesystem,arquivo,,Novo MCMV - Rural/MONIT_MOV_FINANC_RURAL_SEMANAL_202604_103300.CSV,MONIT_MOV_FINANC_RURAL_SEMANAL_202604_103300.CSV,.csv,dado_tabular_ou_serializado,20392,2026-08-28T23:36:00+00:00,2026-04,nao_identificada,mcmv_geral;rural,rural,,
filesystem,arquivo,,Novo MCMV - Rural/MONIT_MOV_FINANC_RURAL_SEMANAL_202605_103124.CSV,MONIT_MOV_FINANC_RURAL_SEMANAL_202605_103124.CSV,.csv,dado_tabular_ou_serializado,21200,2026-08-28T23:36:00+00:00,2026-05,nao_identificada,mcmv_geral;rural,rural,,
filesystem,arquivo,,Novo MCMV - Rural/MONIT_MOV_FINANC_RURAL_SEMANAL_202605_103129.CSV,MONIT_MOV_FINANC_RURAL_SEMANAL_202605_103129.CSV,.csv,dado_tabular_ou_serializado,22662,2026-08-28T23:36:00+00:00,2026-05,nao_identificada,mcmv_geral;rural,rural,,
filesystem,arquivo,,Novo MCMV - Rural/MONIT_MOV_FINANC_RURAL_SEMANAL_202605_103132.CSV,MONIT_MOV_FINANC_RURAL_SEMANAL_202605_103132.CSV,.csv,dado_tabular_ou_serializado,21015,2026-08-28T23:36:00+00:00,2026-05,nao_identificada,mcmv_geral;rural,rural,,
filesystem,arquivo,,Novo MCMV - Rural/MONIT_MOV_FINANC_RURAL_SEMANAL_202605_103133.CSV,MONIT_MOV_FINANC_RURAL_SEMANAL_202605_103133.CSV,.csv,dado_tabular_ou_serializado,15778,2026-08-28T23:36:00+00:00,2026-05,nao_identificada,mcmv_geral;rural,rural,,
filesystem,arquivo,,Novo MCMV - Rural/MONIT_MOV_FINANC_RURAL_SEMANAL_202605_103254.CSV,MONIT_MOV_FINANC_RURAL_SEMANAL_202605_103254.CSV,.csv,dado_tabular_ou_serializado,19752,2026-08-28T23:36:00+00:00,2026-05,nao_identificada,mcmv_geral;rural,rural,,
filesystem,arquivo,,Novo MCMV - Rural/MONIT_MOV_FINANC_RURAL_SEMANAL_202606_103127.CSV,MONIT_MOV_FINANC_RURAL_SEMANAL_202606_103127.CSV,.csv,dado_tabular_ou_serializado,16981,2026-08-28T23:36:00+00:00,2026-06,nao_identificada,mcmv_geral;rural,rural,,
filesystem,arquivo,,Novo MCMV - Rural/MONIT_MOV_FINANC_RURAL_SEMANAL_202606_103134.CSV,MONIT_MOV_FINANC_RURAL_SEMANAL_202606_103134.CSV,.csv,dado_tabular_ou_serializado,19092,2026-08-28T23:36:00+00:00,2026-06,nao_identificada,mcmv_geral;rural,rural,,
filesystem,arquivo,,Novo MCMV - Rural/MONIT_MOV_FINANC_RURAL_SEMANAL_202606_103143.CSV,MONIT_MOV_FINANC_RURAL_SEMANAL_202606_103143.CSV,.csv,dado_tabular_ou_serializado,21002,2026-08-28T23:36:00+00:00,2026-06,nao_identificada,mcmv_geral;rural,rural,,
filesystem,arquivo,,Novo MCMV - Rural/MONIT_MOV_FINANC_RURAL_SEMANAL_202606_103147.CSV,MONIT_MOV_FINANC_RURAL_SEMANAL_202606_103147.CSV,.csv,dado_tabular_ou_serializado,17545,2026-08-28T23:36:00+00:00,2026-06,nao_identificada,mcmv_geral;rural,rural,,
filesystem,arquivo,,Novo MCMV - Rural/MONIT_MOV_FINANC_RURAL_SEMANAL_202607_103131.CSV,MONIT_MOV_FINANC_RURAL_SEMANAL_202607_103131.CSV,.csv,dado_tabular_ou_serializado,26192,2026-08-28T23:36:00+00:00,2026-07,nao_identificada,mcmv_geral;rural,rural,,
filesystem,arquivo,,Novo MCMV - Rural/MONIT_MOV_FINANC_RURAL_SEMANAL_202607_103150.CSV,MONIT_MOV_FINANC_RURAL_SEMANAL_202607_103150.CSV,.csv,dado_tabular_ou_serializado,23582,2026-08-28T23:36:00+00:00,2026-07,nao_identificada,mcmv_geral;rural,rural,,
filesystem,arquivo,,Novo MCMV - Rural/MONIT_MOV_FINANC_RURAL_SEMANAL_202607_103337.CSV,MONIT_MOV_FINANC_RURAL_SEMANAL_202607_103337.CSV,.csv,dado_tabular_ou_serializado,16423,2026-08-28T23:36:00+00:00,2026-07,nao_identificada,mcmv_geral;rural,rural,,
filesystem,arquivo,,Novo MCMV - Rural/MONIT_MOV_FINANC_RURAL_SEMANAL_202607_111738.CSV,MONIT_MOV_FINANC_RURAL_SEMANAL_202607_111738.CSV,.csv,dado_tabular_ou_serializado,14014,2026-08-28T23:36:00+00:00,2026-07,nao_identificada,mcmv_geral;rural,rural,,
filesystem,arquivo,,Novo MCMV - Rural/MONIT_MOV_OBRA_RURAL_LAYOUT_20260323_043220.CSV,MONIT_MOV_OBRA_RURAL_LAYOUT_20260323_043220.CSV,.csv,dado_tabular_ou_serializado,8792,2026-08-28T23:36:00+00:00,2026-03,nao_identificada,mcmv_geral;rural,rural,,
filesystem,arquivo,,Novo MCMV - Rural/MONIT_MOV_OBRA_RURAL_LAYOUT_20260401_043057.CSV,MONIT_MOV_OBRA_RURAL_LAYOUT_20260401_043057.CSV,.csv,dado_tabular_ou_serializado,8792,2026-08-28T23:36:00+00:00,2026-04,nao_identificada,mcmv_geral;rural,rural,,
filesystem,arquivo,,Novo MCMV - Rural/MONIT_MOV_OBRA_RURAL_LAYOUT_20260504_043213.CSV,MONIT_MOV_OBRA_RURAL_LAYOUT_20260504_043213.CSV,.csv,dado_tabular_ou_serializado,8792,2026-08-28T23:36:00+00:00,2026-05,nao_identificada,mcmv_geral;rural,rural,,
filesystem,arquivo,,Novo MCMV - Rural/MONIT_MOV_OBRA_RURAL_LAYOUT_20260601_043139.CSV,MONIT_MOV_OBRA_RURAL_LAYOUT_20260601_043139.CSV,.csv,dado_tabular_ou_serializado,8792,2026-08-28T23:36:00+00:00,2026-06,nao_identificada,mcmv_geral;rural,rural,,
filesystem,arquivo,,Novo MCMV - Rural/MONIT_MOV_OBRA_RURAL_LAYOUT_20260701_042851.CSV,MONIT_MOV_OBRA_RURAL_LAYOUT_20260701_042851.CSV,.csv,dado_tabular_ou_serializado,8792,2026-08-28T23:36:00+00:00,2026-07,nao_identificada,mcmv_geral;rural,rural,,
filesystem,arquivo,,Novo MCMV - Rural/MONIT_MOV_OBRA_RURAL_LAYOUT_20260803_041647.CSV,MONIT_MOV_OBRA_RURAL_LAYOUT_20260803_041647.CSV,.csv,dado_tabular_ou_serializado,8792,2026-08-28T23:36:00+00:00,2026-08,nao_identificada,mcmv_geral;rural,rural,,
filesystem,arquivo,,Novo MCMV - Rural/MONIT_MOV_OBRA_RURAL_MENSAL_202603_043057.CSV,MONIT_MOV_OBRA_RURAL_MENSAL_202603_043057.CSV,.csv,dado_tabular_ou_serializado,287073,2026-08-28T23:36:00+00:00,2026-03,nao_identificada,mcmv_geral;rural,rural,,
filesystem,arquivo,,Novo MCMV - Rural/MONIT_MOV_OBRA_RURAL_MENSAL_202604_043213.CSV,MONIT_MOV_OBRA_RURAL_MENSAL_202604_043213.CSV,.csv,dado_tabular_ou_serializado,287308,2026-08-28T23:36:00+00:00,2026-04,nao_identificada,mcmv_geral;rural,rural,,
filesystem,arquivo,,Novo MCMV - Rural/MONIT_MOV_OBRA_RURAL_MENSAL_202605_043139.CSV,MONIT_MOV_OBRA_RURAL_MENSAL_202605_043139.CSV,.csv,dado_tabular_ou_serializado,287522,2026-08-28T23:36:00+00:00,2026-05,nao_identificada,mcmv_geral;rural,rural,,
filesystem,arquivo,,Novo MCMV - Rural/MONIT_MOV_OBRA_RURAL_MENSAL_202606_042851.CSV,MONIT_MOV_OBRA_RURAL_MENSAL_202606_042851.CSV,.csv,dado_tabular_ou_serializado,272505,2026-08-28T23:36:00+00:00,2026-06,nao_identificada,mcmv_geral;rural,rural,,
filesystem,arquivo,,Novo MCMV - Rural/MONIT_MOV_OBRA_RURAL_MENSAL_202607_041647.CSV,MONIT_MOV_OBRA_RURAL_MENSAL_202607_041647.CSV,.csv,dado_tabular_ou_serializado,287872,2026-08-28T23:36:00+00:00,2026-07,nao_identificada,mcmv_geral;rural,rural,,
filesystem,arquivo,,Novo MCMV - Rural/MONIT_MOV_OBRA_RURAL_SEMANAL_20260223_043032.CSV,MONIT_MOV_OBRA_RURAL_SEMANAL_20260223_043032.CSV,.csv,dado_tabular_ou_serializado,1778,2026-08-28T23:36:00+00:00,2026-02,nao_identificada,mcmv_geral;rural,rural,,
filesystem,arquivo,,Novo MCMV - Rural/MONIT_MOV_OBRA_RURAL_SEMANAL_202602_043220.CSV,MONIT_MOV_OBRA_RURAL_SEMANAL_202602_043220.CSV,.csv,dado_tabular_ou_serializado,1593,2026-08-28T23:36:00+00:00,2026-02,nao_identificada,mcmv_geral;rural,rural,,
filesystem,pasta,,Novo MCMV - Rural/RURAL - Cadastro PF - Mensal,RURAL - Cadastro PF - Mensal,,pasta,,2026-08-28T20:37:06.095687+00:00,,nao_identificada,mcmv_geral;rural,rural,,
filesystem,arquivo,,Novo MCMV - Rural/RURAL - Cadastro PF - Mensal/MONIT_CADASTRO_PF_RURAL_MENSAL_202601_042112.CSV,MONIT_CADASTRO_PF_RURAL_MENSAL_202601_042112.CSV,.csv,dado_tabular_ou_serializado,1043860,2026-08-28T23:36:00+00:00,2026-01,nao_identificada,mcmv_geral;rural,rural,,
filesystem,pasta,,Novo MCMV - Rural/RURAL - Cadastro PF - Semanal,RURAL - Cadastro PF - Semanal,,pasta,,2026-08-28T20:37:06.096720+00:00,,nao_identificada,mcmv_geral;rural,rural,,
filesystem,arquivo,,Novo MCMV - Rural/RURAL - Cadastro PF - Semanal/MONIT_CADASTRO_PF_RURAL_DIARIO_20260105_125412.CSV,MONIT_CADASTRO_PF_RURAL_DIARIO_20260105_125412.CSV,.csv,dado_tabular_ou_serializado,1043860,2026-08-28T23:36:00+00:00,2026-01,nao_identificada,mcmv_geral;rural,rural,,
filesystem,pasta,,Novo MCMV - Rural/RURAL - Cadastro PJ - Mensal,RURAL - Cadastro PJ - Mensal,,pasta,,2026-08-28T20:37:06.097900+00:00,,nao_identificada,mcmv_geral;rural,rural,,
filesystem,arquivo,,Novo MCMV - Rural/RURAL - Cadastro PJ - Mensal/MONIT_CAD_PJ_RURAL_MENSAL_202512_041043.CSV,MONIT_CAD_PJ_RURAL_MENSAL_202512_041043.CSV,.csv,dado_tabular_ou_serializado,45146,2026-08-28T23:36:00+00:00,2025-12,nao_identificada,mcmv_geral;rural,rural,,
filesystem,arquivo,,Novo MCMV - Rural/RURAL - Cadastro PJ - Mensal/MONIT_CAD_PJ_RURAL_MENSAL_202601_042245.CSV,MONIT_CAD_PJ_RURAL_MENSAL_202601_042245.CSV,.csv,dado_tabular_ou_serializado,45146,2026-08-28T23:36:00+00:00,2026-01,nao_identificada,mcmv_geral;rural,rural,,
filesystem,pasta,,Novo MCMV - Rural/RURAL - Cadastro PJ - Semanal,RURAL - Cadastro PJ - Semanal,,pasta,,2026-08-28T23:36:00+00:00,,nao_identificada,mcmv_geral;rural,rural,,
filesystem,pasta,,Novo MCMV - Rural/RURAL - Financeiro - Mensal,RURAL - Financeiro - Mensal,,pasta,,2026-08-28T20:37:06.098729+00:00,,nao_identificada,mcmv_geral;rural,rural,,
filesystem,arquivo,,Novo MCMV - Rural/RURAL - Financeiro - Mensal/MONIT_MOV_FINANC_RURAL_MENSAL_202512_103102.CSV,MONIT_MOV_FINANC_RURAL_MENSAL_202512_103102.CSV,.csv,dado_tabular_ou_serializado,696152,2026-08-28T23:36:00+00:00,2025-12,nao_identificada,mcmv_geral;rural,rural,,
filesystem,arquivo,,Novo MCMV - Rural/RURAL - Financeiro - Mensal/MONIT_MOV_FINANC_RURAL_MENSAL_202601_103138.CSV,MONIT_MOV_FINANC_RURAL_MENSAL_202601_103138.CSV,.csv,dado_tabular_ou_serializado,764851,2026-08-28T23:36:00+00:00,2026-01,nao_identificada,mcmv_geral;rural,rural,,
filesystem,pasta,,Novo MCMV - Rural/RURAL - Financeiro - Semanal,RURAL - Financeiro - Semanal,,pasta,,2026-08-28T20:37:06.099587+00:00,,nao_identificada,mcmv_geral;rural,rural,,
filesystem,arquivo,,Novo MCMV - Rural/RURAL - Financeiro - Semanal/MONIT_MOV_FINANC_RURAL_SEMANAL_20260126_103044.CSV,MONIT_MOV_FINANC_RURAL_SEMANAL_20260126_103044.CSV,.csv,dado_tabular_ou_serializado,17971,2026-08-28T23:36:00+00:00,2026-01,nao_identificada,mcmv_geral;rural,rural,,
filesystem,arquivo,,Novo MCMV - Rural/RURAL - Financeiro - Semanal/MONIT_MOV_FINANC_RURAL_SEMANAL_20260202_103138.CSV,MONIT_MOV_FINANC_RURAL_SEMANAL_20260202_103138.CSV,.csv,dado_tabular_ou_serializado,18016,2026-08-28T23:36:00+00:00,2026-02,nao_identificada,mcmv_geral;rural,rural,,
filesystem,pasta,,Novo MCMV - Rural/RURAL - Obra - Mensal,RURAL - Obra - Mensal,,pasta,,2026-08-28T20:37:06.099986+00:00,,nao_identificada,mcmv_geral;rural,rural,,
filesystem,arquivo,,Novo MCMV - Rural/RURAL - Obra - Mensal/MONIT_MOV_OBRA_RURAL_MENSAL_202512_040833.CSV,MONIT_MOV_OBRA_RURAL_MENSAL_202512_040833.CSV,.csv,dado_tabular_ou_serializado,282810,2026-08-28T23:36:00+00:00,2025-12,nao_identificada,mcmv_geral;rural,rural,,
filesystem,arquivo,,Novo MCMV - Rural/RURAL - Obra - Mensal/MONIT_MOV_OBRA_RURAL_MENSAL_202601_042020.CSV,MONIT_MOV_OBRA_RURAL_MENSAL_202601_042020.CSV,.csv,dado_tabular_ou_serializado,285276,2026-08-28T23:36:00+00:00,2026-01,nao_identificada,mcmv_geral;rural,rural,,
filesystem,pasta,,Novo MCMV - Rural/RURAL - Obra - Semanal,RURAL - Obra - Semanal,,pasta,,2026-08-28T20:37:06.100803+00:00,,nao_identificada,mcmv_geral;rural,rural,,
filesystem,arquivo,,Novo MCMV - Rural/RURAL - Obra - Semanal/MONIT_MOV_OBRA_RURAL_DIARIO_20260107_040822.CSV,MONIT_MOV_OBRA_RURAL_DIARIO_20260107_040822.CSV,.csv,dado_tabular_ou_serializado,1963,2026-08-28T23:36:00+00:00,2026-01,nao_identificada,mcmv_geral;rural,rural,,
filesystem,arquivo,,Novo MCMV - Rural/RURAL - Obra - Semanal/MONIT_MOV_OBRA_RURAL_DIARIO_20260108_040754.CSV,MONIT_MOV_OBRA_RURAL_DIARIO_20260108_040754.CSV,.csv,dado_tabular_ou_serializado,1217,2026-08-28T23:36:00+00:00,2026-01,nao_identificada,mcmv_geral;rural,rural,,
filesystem,arquivo,,Novo MCMV - Rural/RURAL - Obra - Semanal/MONIT_MOV_OBRA_RURAL_DIARIO_20260114_040821.CSV,MONIT_MOV_OBRA_RURAL_DIARIO_20260114_040821.CSV,.csv,dado_tabular_ou_serializado,1404,2026-08-28T23:36:00+00:00,2026-01,nao_identificada,mcmv_geral;rural,rural,,
filesystem,arquivo,,Novo MCMV - Rural/RURAL - Obra - Semanal/MONIT_MOV_OBRA_RURAL_SEMANAL_20260126_040825.CSV,MONIT_MOV_OBRA_RURAL_SEMANAL_20260126_040825.CSV,.csv,dado_tabular_ou_serializado,1591,2026-08-28T23:36:00+00:00,2026-01,nao_identificada,mcmv_geral;rural,rural,,
filesystem,arquivo,,Novo MCMV - Rural/RURAL - Obra - Semanal/MONIT_MOV_OBRA_RURAL_SEMANAL_20260202_042020.CSV,MONIT_MOV_OBRA_RURAL_SEMANAL_20260202_042020.CSV,.csv,dado_tabular_ou_serializado,1217,2026-08-28T23:36:00+00:00,2026-02,nao_identificada,mcmv_geral;rural,rural,,
filesystem,pasta,,Oferta Pública,Oferta Pública,,pasta,,2026-08-29T12:45:01.727885+00:00,,nao_identificada,nao_classificado,nao_classificado,,
filesystem,arquivo,,Oferta Pública/36. BASE OFERTA - CONSOLIDADA EM 30.01.2026 - Com Banco Morada.xlsx,36. BASE OFERTA - CONSOLIDADA EM 30.01.2026 - Com Banco Morada.xlsx,.xlsx,dado_tabular_ou_serializado,105936201,2026-08-29T15:39:00+00:00,,nao_identificada,nao_classificado,nao_classificado,BASE CONSOLIDADA,
filesystem,arquivo,,Oferta Pública/37. BASE OFERTA - CONSOLIDADA EM 28.02.2026 - Com Banco Morada.xlsx,37. BASE OFERTA - CONSOLIDADA EM 28.02.2026 - Com Banco Morada.xlsx,.xlsx,dado_tabular_ou_serializado,105784532,2026-08-29T15:42:00+00:00,,nao_identificada,nao_classificado,nao_classificado,BASE CONSOLIDADA; Planilha1,
filesystem,arquivo,,Oferta Pública/38. BASE OFERTA - CONSOLIDADA EM 31.03.2026 - Com Banco Morada.xlsx,38. BASE OFERTA - CONSOLIDADA EM 31.03.2026 - Com Banco Morada.xlsx,.xlsx,dado_tabular_ou_serializado,105887013,2026-08-29T15:42:00+00:00,,nao_identificada,nao_classificado,nao_classificado,BASE CONSOLIDADA,
filesystem,arquivo,,Oferta Pública/39. BASE OFERTA - CONSOLIDADA EM 30.04.2026 - Com Banco Morada 1.xlsx,39. BASE OFERTA - CONSOLIDADA EM 30.04.2026 - Com Banco Morada 1.xlsx,.xlsx,dado_tabular_ou_serializado,121707570,2026-08-29T15:42:00+00:00,,nao_identificada,nao_classificado,nao_classificado,Planilha1; BASE CONSOLIDADA,
filesystem,arquivo,,Oferta Pública/40. BASE OFERTA - CONSOLIDADA EM 29.05.2026 - Com Banco Morada.xlsx,40. BASE OFERTA - CONSOLIDADA EM 29.05.2026 - Com Banco Morada.xlsx,.xlsx,dado_tabular_ou_serializado,107158605,2026-08-29T15:43:00+00:00,,nao_identificada,nao_classificado,nao_classificado,BASE CONSOLIDADA,
filesystem,arquivo,,Oferta Pública/41. BASE OFERTA - CONSOLIDADA EM 30.06.2026 - Com Banco Morada.xlsx,41. BASE OFERTA - CONSOLIDADA EM 30.06.2026 - Com Banco Morada.xlsx,.xlsx,dado_tabular_ou_serializado,106980966,2026-08-29T15:43:00+00:00,,nao_identificada,nao_classificado,nao_classificado,BASE CONSOLIDADA,
filesystem,arquivo,,Oferta Pública/42. BASE OFERTA - CONSOLIDADA EM 31.07.2026 - Com Banco Morada.xlsx,42. BASE OFERTA - CONSOLIDADA EM 31.07.2026 - Com Banco Morada.xlsx,.xlsx,dado_tabular_ou_serializado,107050770,2026-08-29T15:43:00+00:00,,nao_identificada,nao_classificado,nao_classificado,BASE CONSOLIDADA,
filesystem,pasta,,Oferta Pública/Arquivados,Arquivados,,pasta,,2026-08-29T12:45:19.826821+00:00,,nao_identificada,nao_classificado,nao_classificado,,
filesystem,arquivo,,Oferta Pública/Arquivados/24. BASE OFERTA - CONSOLIDADA EM 31.01.2025 - Com Banco Morada.xlsx,24. BASE OFERTA - CONSOLIDADA EM 31.01.2025 - Com Banco Morada.xlsx,.xlsx,dado_tabular_ou_serializado,51134846,2026-08-29T15:39:00+00:00,,nao_identificada,nao_classificado,nao_classificado,BASE CONSOLIDADA; Resumo Carteira Total por UF; Resumo Carteira Total por IF; Resumo Viáveis Pendentes; Valores Víáveis Pendentes; Inviáveis 523 por IF; Inviáveis 523 por UF,
filesystem,arquivo,,Oferta Pública/Arquivados/25. BASE OFERTA - CONSOLIDADA EM 28.02.2025 - Com Banco Morada.xlsx,25. BASE OFERTA - CONSOLIDADA EM 28.02.2025 - Com Banco Morada.xlsx,.xlsx,dado_tabular_ou_serializado,51315213,2026-08-29T15:39:00+00:00,,nao_identificada,nao_classificado,nao_classificado,BASE CONSOLIDADA; Resumo Carteira Total por UF; Resumo Carteira Total por IF; Resumo Viáveis Pendentes; Valores Víáveis Pendentes; Inviáveis 523 por IF; Inviáveis 523 por UF,
filesystem,arquivo,,Oferta Pública/Arquivados/26. BASE OFERTA - CONSOLIDADA EM 31.03.2025 - Com Banco Morada.xlsx,26. BASE OFERTA - CONSOLIDADA EM 31.03.2025 - Com Banco Morada.xlsx,.xlsx,dado_tabular_ou_serializado,51361186,2026-08-29T15:39:00+00:00,,nao_identificada,nao_classificado,nao_classificado,BASE CONSOLIDADA; Resumo Carteira Total por UF; Resumo Carteira Total por IF; Resumo Viáveis Pendentes; Valores Víáveis Pendentes; Inviáveis 523 por IF; Inviáveis 523 por UF,
filesystem,arquivo,,Oferta Pública/Arquivados/27. BASE OFERTA - CONSOLIDADA EM 30.04.2025 - Com Banco Morada.xlsx,27. BASE OFERTA - CONSOLIDADA EM 30.04.2025 - Com Banco Morada.xlsx,.xlsx,dado_tabular_ou_serializado,51366675,2026-08-29T15:40:00+00:00,,nao_identificada,nao_classificado,nao_classificado,BASE CONSOLIDADA; Resumo Carteira Total por UF; Resumo Carteira Total por IF; Resumo Viáveis Pendentes; Valores Víáveis Pendentes; Inviáveis 523 por IF; Inviáveis 523 por UF,
filesystem,arquivo,,Oferta Pública/Arquivados/28. BASE OFERTA - CONSOLIDADA EM 30.05.2025 - Com Banco Morada.xlsx,28. BASE OFERTA - CONSOLIDADA EM 30.05.2025 - Com Banco Morada.xlsx,.xlsx,dado_tabular_ou_serializado,51351600,2026-08-29T15:40:00+00:00,,nao_identificada,nao_classificado,nao_classificado,BASE CONSOLIDADA; Resumo Carteira Total por UF; Resumo Carteira Total por IF; Resumo Viáveis Pendentes por UF; Resumo Viáveis Pendentes; Valores Víáveis Pendentes; Inviáveis 523 por IF; Inviáveis 523 por UF,
filesystem,arquivo,,Oferta Pública/Arquivados/30. BASE OFERTA - CONSOLIDADA EM 31.07.2025 - Com Banco Morada.xlsx,30. BASE OFERTA - CONSOLIDADA EM 31.07.2025 - Com Banco Morada.xlsx,.xlsx,dado_tabular_ou_serializado,51393982,2026-08-29T15:40:00+00:00,,nao_identificada,nao_classificado,nao_classificado,BASE CONSOLIDADA; Resumo Carteira Total por UF; Resumo Carteira Total por IF; Resumo Viáveis Pendentes por UF; Resumo Viáveis Pendentes; Valores Víáveis Pendentes; Inviáveis 523 por IF; Inviáveis 523 por UF,
filesystem,arquivo,,Oferta Pública/Arquivados/31. BASE OFERTA - CONSOLIDADA EM 26.08.2025 - Com Banco Morada.xlsx,31. BASE OFERTA - CONSOLIDADA EM 26.08.2025 - Com Banco Morada.xlsx,.xlsx,dado_tabular_ou_serializado,51705097,2026-08-29T15:40:00+00:00,,nao_identificada,nao_classificado,nao_classificado,BASE CONSOLIDADA; Resumo Carteira Total por UF; Resumo Carteira Total por IF; Resumo Viáveis Pendentes por UF; Resumo Viáveis Pendentes; Valores Víáveis Pendentes; Inviáveis 523 por IF; Inviáveis 523 por UF,
filesystem,arquivo,,Oferta Pública/Arquivados/31. BASE OFERTA - CONSOLIDADA EM 31.08.2025 - Com Banco Morada.xlsx,31. BASE OFERTA - CONSOLIDADA EM 31.08.2025 - Com Banco Morada.xlsx,.xlsx,dado_tabular_ou_serializado,50362354,2026-08-29T15:40:00+00:00,,nao_identificada,nao_classificado,nao_classificado,BASE CONSOLIDADA; Resumo Carteira Total por UF; Resumo Carteira Total por IF; Resumo Viáveis Pendentes por UF; Resumo Viáveis Pendentes; Valores Víáveis Pendentes; Inviáveis 523 por IF; Inviáveis 523 por UF,
filesystem,arquivo,,Oferta Pública/Arquivados/31. velho BASE OFERTA - CONSOLIDADA EM 31.08.2025 - Com Banco Morada.xlsx,31. velho BASE OFERTA - CONSOLIDADA EM 31.08.2025 - Com Banco Morada.xlsx,.xlsx,dado_tabular_ou_serializado,53756869,2026-08-29T15:40:00+00:00,,nao_identificada,nao_classificado,nao_classificado,BASE CONSOLIDADA; Resumo Carteira Total por UF; Resumo Carteira Total por IF; Resumo Viáveis Pendentes por UF; Resumo Viáveis Pendentes; Valores Víáveis Pendentes; Inviáveis 523 por IF; Inviáveis 523 por UF,
filesystem,arquivo,,Oferta Pública/Arquivados/32. BASE OFERTA - CONSOLIDADA EM 30.09.2025 - Com Banco Morada.xlsx,32. BASE OFERTA - CONSOLIDADA EM 30.09.2025 - Com Banco Morada.xlsx,.xlsx,dado_tabular_ou_serializado,45940570,2026-08-29T15:40:00+00:00,,nao_identificada,nao_classificado,nao_classificado,BASE CONSOLIDADA; Planilha1,
filesystem,arquivo,,Oferta Pública/Arquivados/33. BASE OFERTA - CONSOLIDADA EM 31.10.2025 - Com Banco Morada.xlsx,33. BASE OFERTA - CONSOLIDADA EM 31.10.2025 - Com Banco Morada.xlsx,.xlsx,dado_tabular_ou_serializado,62113122,2026-08-29T15:41:00+00:00,,nao_identificada,nao_classificado,nao_classificado,BASE CONSOLIDADA; Resumo Carteira Total por UF; Resumo Carteira Total por IF; Resumo Viáveis Pendentes por UF; Resumo Viáveis Pendentes; Valores Víáveis Pendentes; Inviáveis 523 por IF; Inviáveis 523 por UF,
filesystem,arquivo,,Oferta Pública/Arquivados/34. BASE OFERTA - CONSOLIDADA EM 28.11.2025 - Com Banco Morada.xlsx,34. BASE OFERTA - CONSOLIDADA EM 28.11.2025 - Com Banco Morada.xlsx,.xlsx,dado_tabular_ou_serializado,50658977,2026-08-29T15:41:00+00:00,,nao_identificada,nao_classificado,nao_classificado,BASE CONSOLIDADA,
filesystem,arquivo,,Oferta Pública/Arquivados/35. BASE OFERTA - CONSOLIDADA EM 31.12.2025 - Com Banco Morada.xlsx,35. BASE OFERTA - CONSOLIDADA EM 31.12.2025 - Com Banco Morada.xlsx,.xlsx,dado_tabular_ou_serializado,138514699,2026-08-29T15:41:00+00:00,,nao_identificada,nao_classificado,nao_classificado,BASE CONSOLIDADA; Resumo Carteira Total por UF; Resumo Carteira Total por IF; Resumo Viáveis Pendentes por UF; Resumo Viáveis Pendentes; Valores Viáveis Pendentes; Inviáveis 523 por IF; Inviáveis 523 por UF,
filesystem,arquivo,,Oferta Pública/Arquivados/36. BASE OFERTA - CONSOLIDADA EM 30.01.2026 - Com Banco Morada.xlsx,36. BASE OFERTA - CONSOLIDADA EM 30.01.2026 - Com Banco Morada.xlsx,.xlsx,dado_tabular_ou_serializado,105824058,2026-02-05T10:51:57+00:00,,nao_identificada,nao_classificado,nao_classificado,BASE CONSOLIDADA,
filesystem,arquivo,,Oferta Pública/Arquivados/36. BASE OFERTA - CONSOLIDADA EM 30.01.2026 - Com Banco Morada.zip,36. BASE OFERTA - CONSOLIDADA EM 30.01.2026 - Com Banco Morada.zip,.zip,arquivo_compactado,85481171,2026-08-29T15:41:00+00:00,,nao_identificada,nao_classificado,nao_classificado,,
filesystem,arquivo,,Oferta Pública/Arquivados/BASE OFERTA - CONSOLIDADA EM 26.01.2026 - Com Banco Morada - Com Construtores.xlsx,BASE OFERTA - CONSOLIDADA EM 26.01.2026 - Com Banco Morada - Com Construtores.xlsx,.xlsx,dado_tabular_ou_serializado,106039328,2026-08-29T15:42:00+00:00,,nao_identificada,nao_classificado,nao_classificado,BASE CONSOLIDADA,
filesystem,pasta,,Painel Orçamento,Painel Orçamento,,pasta,,2026-08-29T13:21:06.947451+00:00,,nao_identificada,nao_classificado,nao_classificado,,
filesystem,arquivo,,Painel Orçamento/000000 - Folha com resultado primário JULHO 2026.xlsx,000000 - Folha com resultado primário JULHO 2026.xlsx,.xlsx,dado_tabular_ou_serializado,20066,2026-08-29T16:20:00+00:00,,nao_identificada,nao_classificado,nao_classificado,000000 - Folha com resultado pr,
filesystem,arquivo,,Painel Orçamento/000000 - Folha com resultado primário JUNHO 2026.xlsx,000000 - Folha com resultado primário JUNHO 2026.xlsx,.xlsx,dado_tabular_ou_serializado,19018,2026-08-29T16:20:00+00:00,,nao_identificada,nao_classificado,nao_classificado,000000 - Folha com resultado pr,
filesystem,arquivo,,Painel Orçamento/000000 - Folha com resultado primário maio 2026.xlsx,000000 - Folha com resultado primário maio 2026.xlsx,.xlsx,dado_tabular_ou_serializado,18758,2026-08-29T16:20:00+00:00,,nao_identificada,nao_classificado,nao_classificado,000000 - Folha com resultado pr,
filesystem,arquivo,,Painel Orçamento/Acompanhamento Emendas SNH_20251228_120000.xlsx,Acompanhamento Emendas SNH_20251228_120000.xlsx,.xlsx,dado_tabular_ou_serializado,32130,2026-08-29T16:20:00+00:00,2025-12,nao_identificada,nao_classificado,nao_classificado,Emendas 2023; Emendas 2024; Emendas 2025; Emendas Consolidado,
filesystem,arquivo,,Painel Orçamento/Execução 00XF SIMPLIFICADA JULHO 2026.xlsx,Execução 00XF SIMPLIFICADA JULHO 2026.xlsx,.xlsx,dado_tabular_ou_serializado,16945,2026-08-29T16:20:00+00:00,,nao_identificada,nao_classificado,nao_classificado,Execução 00XF SIMPLIFICADA,
filesystem,arquivo,,Painel Orçamento/Execução 00XF SIMPLIFICADA JUNHO 2026.xlsx,Execução 00XF SIMPLIFICADA JUNHO 2026.xlsx,.xlsx,dado_tabular_ou_serializado,16915,2026-08-29T16:20:00+00:00,,nao_identificada,nao_classificado,nao_classificado,Execução 00XF SIMPLIFICADA,
filesystem,arquivo,,Painel Orçamento/Execução 00XF SIMPLIFICADA MAIO 2026.xlsx,Execução 00XF SIMPLIFICADA MAIO 2026.xlsx,.xlsx,dado_tabular_ou_serializado,16901,2026-08-29T16:20:00+00:00,,nao_identificada,nao_classificado,nao_classificado,Execução 00XF SIMPLIFICADA,
filesystem,arquivo,,Painel Orçamento/Execução 00XF_20251230_120000.xlsx,Execução 00XF_20251230_120000.xlsx,.xlsx,dado_tabular_ou_serializado,16846,2026-08-29T16:20:00+00:00,2025-12,nao_identificada,nao_classificado,nao_classificado,Execução 00XF SIMPLIFICADA,
filesystem,arquivo,,Painel Orçamento/Execução 00XF_20251231_120000.xlsx,Execução 00XF_20251231_120000.xlsx,.xlsx,dado_tabular_ou_serializado,16257,2026-08-29T16:20:00+00:00,2025-12,nao_identificada,nao_classificado,nao_classificado,Execução 00XF SIMPLIFICADA,
filesystem,arquivo,,Painel Orçamento/Execução 00XF_20260129_085000.xlsx,Execução 00XF_20260129_085000.xlsx,.xlsx,dado_tabular_ou_serializado,16184,2026-08-29T16:20:00+00:00,2026-01,nao_identificada,nao_classificado,nao_classificado,Execução 00XF SIMPLIFICADA,
filesystem,arquivo,,Painel Orçamento/Execução 00XF_20260209_112240.xlsx,Execução 00XF_20260209_112240.xlsx,.xlsx,dado_tabular_ou_serializado,16393,2026-08-29T16:20:00+00:00,2026-02,nao_identificada,nao_classificado,nao_classificado,Execução 00XF SIMPLIFICADA,
filesystem,arquivo,,Painel Orçamento/Execução 00XF_20260224_095645.xlsx,Execução 00XF_20260224_095645.xlsx,.xlsx,dado_tabular_ou_serializado,17244,2026-08-29T16:20:00+00:00,2026-02,nao_identificada,nao_classificado,nao_classificado,Execução 00XF SIMPLIFICADA,
filesystem,arquivo,,Painel Orçamento/Execução 00XF_20260224_101145.xlsx,Execução 00XF_20260224_101145.xlsx,.xlsx,dado_tabular_ou_serializado,17203,2026-08-29T16:20:00+00:00,2026-02,nao_identificada,nao_classificado,nao_classificado,Execução 00XF SIMPLIFICADA,
filesystem,arquivo,,Painel Orçamento/Execução 00XF_20260309_173045.xlsx,Execução 00XF_20260309_173045.xlsx,.xlsx,dado_tabular_ou_serializado,17141,2026-08-29T16:20:00+00:00,2026-03,nao_identificada,nao_classificado,nao_classificado,Execução 00XF SIMPLIFICADA,
filesystem,arquivo,,Painel Orçamento/Execução 00XF_20260406_151045.xlsx,Execução 00XF_20260406_151045.xlsx,.xlsx,dado_tabular_ou_serializado,16277,2026-08-29T16:20:00+00:00,2026-04,nao_identificada,nao_classificado,nao_classificado,Execução 00XF SIMPLIFICADA,
filesystem,arquivo,,Painel Orçamento/Execução 00XF_20260505_101045.xlsx,Execução 00XF_20260505_101045.xlsx,.xlsx,dado_tabular_ou_serializado,17096,2026-08-29T16:20:00+00:00,2026-05,nao_identificada,nao_classificado,nao_classificado,Execução 00XF SIMPLIFICADA,
filesystem,arquivo,,Painel Orçamento/Folha com resultado primario_20251230_120000.xlsx,Folha com resultado primario_20251230_120000.xlsx,.xlsx,dado_tabular_ou_serializado,18909,2026-08-29T16:20:00+00:00,2025-12,nao_identificada,nao_classificado,nao_classificado,000000 - Folha com resultado pr,
filesystem,arquivo,,Painel Orçamento/Folha com resultado primario_20251231_120000.xlsx,Folha com resultado primario_20251231_120000.xlsx,.xlsx,dado_tabular_ou_serializado,18599,2026-08-29T16:20:00+00:00,2025-12,nao_identificada,nao_classificado,nao_classificado,000000 - Folha com resultado pr,
filesystem,arquivo,,Painel Orçamento/Folha com resultado primario_20260126_120000.xlsx,Folha com resultado primario_20260126_120000.xlsx,.xlsx,dado_tabular_ou_serializado,18438,2026-08-29T16:20:00+00:00,2026-01,nao_identificada,nao_classificado,nao_classificado,000000 - Folha com resultado pr,
filesystem,arquivo,,Painel Orçamento/Folha com resultado primario_20260127_120000.xlsx,Folha com resultado primario_20260127_120000.xlsx,.xlsx,dado_tabular_ou_serializado,17047,2026-08-29T16:20:00+00:00,2026-01,nao_identificada,nao_classificado,nao_classificado,000000 - Folha com resultado pr,
filesystem,arquivo,,Painel Orçamento/Folha com resultado primario_20260209_103040.xlsx,Folha com resultado primario_20260209_103040.xlsx,.xlsx,dado_tabular_ou_serializado,18701,2026-08-29T16:20:00+00:00,2026-02,nao_identificada,nao_classificado,nao_classificado,000000 - Folha com resultado pr,
filesystem,arquivo,,Painel Orçamento/Folha com resultado primario_20260211_162245.xlsx,Folha com resultado primario_20260211_162245.xlsx,.xlsx,dado_tabular_ou_serializado,18605,2026-08-29T16:20:00+00:00,2026-02,nao_identificada,nao_classificado,nao_classificado,000000 - Folha com resultado pr,
filesystem,arquivo,,Painel Orçamento/Folha com resultado primario_20260224_095645.xlsx,Folha com resultado primario_20260224_095645.xlsx,.xlsx,dado_tabular_ou_serializado,18591,2026-08-29T16:20:00+00:00,2026-02,nao_identificada,nao_classificado,nao_classificado,000000 - Folha com resultado pr,
filesystem,arquivo,,Painel Orçamento/Folha com resultado primario_20260224_101145.xlsx,Folha com resultado primario_20260224_101145.xlsx,.xlsx,dado_tabular_ou_serializado,18595,2026-08-29T16:20:00+00:00,2026-02,nao_identificada,nao_classificado,nao_classificado,000000 - Folha com resultado pr,
filesystem,arquivo,,Painel Orçamento/Folha com resultado primario_20260309_173045.xlsx,Folha com resultado primario_20260309_173045.xlsx,.xlsx,dado_tabular_ou_serializado,18527,2026-08-29T16:20:00+00:00,2026-03,nao_identificada,nao_classificado,nao_classificado,000000 - Folha com resultado pr,
filesystem,arquivo,,Painel Orçamento/Folha com resultado primario_20260406_151045.xlsx,Folha com resultado primario_20260406_151045.xlsx,.xlsx,dado_tabular_ou_serializado,18639,2026-08-29T16:20:00+00:00,2026-04,nao_identificada,nao_classificado,nao_classificado,000000 - Folha com resultado pr,
filesystem,arquivo,,Painel Orçamento/Folha com resultado primario_20260505_101045.xlsx,Folha com resultado primario_20260505_101045.xlsx,.xlsx,dado_tabular_ou_serializado,18769,2026-08-29T16:20:00+00:00,2026-05,nao_identificada,nao_classificado,nao_classificado,000000 - Folha com resultado pr,
filesystem,arquivo,,Painel Orçamento/Folha com resultado primário_20251103_120000.xlsx,Folha com resultado primário_20251103_120000.xlsx,.xlsx,dado_tabular_ou_serializado,19475,2026-08-29T16:20:00+00:00,2025-11,nao_identificada,nao_classificado,nao_classificado,000000 - Folha com resultado pr,
filesystem,arquivo,,Painel Orçamento/Folha com resultado primário_20251229_120000.xlsx,Folha com resultado primário_20251229_120000.xlsx,.xlsx,dado_tabular_ou_serializado,17693,2026-08-29T16:20:00+00:00,2025-12,nao_identificada,nao_classificado,nao_classificado,000000 - Folha com resultado pr,
filesystem,arquivo,,Painel Orçamento/orçamentos_anuais_20251103_120000.xlsx,orçamentos_anuais_20251103_120000.xlsx,.xlsx,dado_tabular_ou_serializado,16217,2026-08-29T16:20:00+00:00,2025-11,nao_identificada,nao_classificado,nao_classificado,Planilha1,
filesystem,arquivo,,Painel Orçamento/orçamentos_anuais_20260205_143100.xlsx,orçamentos_anuais_20260205_143100.xlsx,.xlsx,dado_tabular_ou_serializado,21467,2026-08-29T16:20:00+00:00,2026-02,nao_identificada,nao_classificado,nao_classificado,Planilha1,
filesystem,arquivo,,Painel Orçamento/orçamentos_anuais_20260209_160000.xlsx,orçamentos_anuais_20260209_160000.xlsx,.xlsx,dado_tabular_ou_serializado,21492,2026-08-29T16:20:00+00:00,2026-02,nao_identificada,nao_classificado,nao_classificado,Planilha1,
filesystem,arquivo,,Painel Orçamento/xxxPLOA_20251103.xlsx,xxxPLOA_20251103.xlsx,.xlsx,dado_tabular_ou_serializado,16156,2026-08-29T16:20:00+00:00,2025-11,nao_identificada,nao_classificado,nao_classificado,Planilha5,
filesystem,pasta,,Painel de Contratações 2023-2025,Painel de Contratações 2023-2025,,pasta,,2026-08-29T12:46:03.634858+00:00,2023-02,nao_identificada,nao_classificado,nao_classificado,,
filesystem,arquivo,,Painel de Contratações 2023-2025/Painel Show do Milhão 06 03 2025.pdf,Painel Show do Milhão 06 03 2025.pdf,.pdf,documento,199426,2026-08-29T15:45:00+00:00,2023-02,nao_identificada,nao_classificado,nao_classificado,,
filesystem,arquivo,,Painel de Contratações 2023-2025/Painel_Show_do_milhão20250313.pdf,Painel_Show_do_milhão20250313.pdf,.pdf,documento,202148,2026-08-29T15:45:00+00:00,2023-02,nao_identificada,nao_classificado,nao_classificado,,
filesystem,arquivo,,Painel de Contratações 2023-2025/Painel_Show_do_milhão20250317.pdf,Painel_Show_do_milhão20250317.pdf,.pdf,documento,205916,2026-08-29T15:45:00+00:00,2023-02,nao_identificada,nao_classificado,nao_classificado,,
filesystem,arquivo,,Painel de Contratações 2023-2025/Painel_Show_do_milhão20250319.pdf,Painel_Show_do_milhão20250319.pdf,.pdf,documento,207618,2026-08-29T15:45:00+00:00,2023-02,nao_identificada,nao_classificado,nao_classificado,,
filesystem,arquivo,,Painel de Contratações 2023-2025/Painel_Show_do_milhão20250321.pdf,Painel_Show_do_milhão20250321.pdf,.pdf,documento,206068,2026-08-29T15:45:00+00:00,2023-02,nao_identificada,nao_classificado,nao_classificado,,
filesystem,arquivo,,Painel de Contratações 2023-2025/Painel_Show_do_milhão20250404.pdf,Painel_Show_do_milhão20250404.pdf,.pdf,documento,200391,2026-08-29T15:45:00+00:00,2023-02,nao_identificada,nao_classificado,nao_classificado,,
filesystem,arquivo,,Painel de Contratações 2023-2025/Painel_Show_do_milhão20250505.pdf,Painel_Show_do_milhão20250505.pdf,.pdf,documento,200430,2026-08-29T15:45:00+00:00,2023-02,nao_identificada,nao_classificado,nao_classificado,,
filesystem,pasta,,SNHIS,SNHIS,,pasta,,2026-08-29T12:50:50.820791+00:00,,nao_identificada,nao_classificado,nao_classificado,,
filesystem,pasta,,SNHIS/Arquivados,Arquivados,,pasta,,2026-08-29T12:50:50.761607+00:00,,nao_identificada,nao_classificado,nao_classificado,,
filesystem,arquivo,,SNHIS/Arquivados/FNHIS_SEMANAL_03-06-2025 G.zip,FNHIS_SEMANAL_03-06-2025 G.zip,.zip,arquivo_compactado,546950,2026-08-29T15:50:00+00:00,,nao_identificada,sub50_fnhis,sub50_fnhis,,
filesystem,arquivo,,SNHIS/Arquivados/FNHIS_SEMANAL_03-06-2025 M.zip,FNHIS_SEMANAL_03-06-2025 M.zip,.zip,arquivo_compactado,475375,2026-08-29T15:50:00+00:00,,nao_identificada,sub50_fnhis,sub50_fnhis,,
filesystem,arquivo,,SNHIS/Arquivados/FNHIS_SEMANAL_04-08-2025 G.xls,FNHIS_SEMANAL_04-08-2025 G.xls,.xls,dado_tabular_ou_serializado,2039296,2026-08-29T15:50:00+00:00,,nao_identificada,sub50_fnhis,sub50_fnhis,erro_excel:`Import xlrd` failed. Install xlrd >= 2.0.1 for xls Excel support Use pip or conda to install the xlrd package.,
filesystem,arquivo,,SNHIS/Arquivados/FNHIS_SEMANAL_04-08-2025 G.zip,FNHIS_SEMANAL_04-08-2025 G.zip,.zip,arquivo_compactado,546993,2026-08-29T15:50:00+00:00,,nao_identificada,sub50_fnhis,sub50_fnhis,,
filesystem,arquivo,,SNHIS/Arquivados/FNHIS_SEMANAL_05-03-2025.xls,FNHIS_SEMANAL_05-03-2025.xls,.xls,dado_tabular_ou_serializado,401,2026-08-29T15:50:00+00:00,,nao_identificada,sub50_fnhis,sub50_fnhis,"erro_excel:Excel file format cannot be determined, you must specify an engine manually.",
filesystem,arquivo,,SNHIS/Arquivados/FNHIS_SEMANAL_05-05-2025.zip,FNHIS_SEMANAL_05-05-2025.zip,.zip,arquivo_compactado,404,2026-08-29T15:50:00+00:00,,nao_identificada,sub50_fnhis,sub50_fnhis,,
filesystem,arquivo,,SNHIS/Arquivados/FNHIS_SEMANAL_07-04-2025.zip,FNHIS_SEMANAL_07-04-2025.zip,.zip,arquivo_compactado,547521,2026-08-29T15:50:00+00:00,,nao_identificada,sub50_fnhis,sub50_fnhis,,
filesystem,arquivo,,SNHIS/Arquivados/FNHIS_SEMANAL_09-06-2025 G.zip,FNHIS_SEMANAL_09-06-2025 G.zip,.zip,arquivo_compactado,546953,2026-08-29T15:50:00+00:00,,nao_identificada,sub50_fnhis,sub50_fnhis,,
filesystem,arquivo,,SNHIS/Arquivados/FNHIS_SEMANAL_09-06-2025 M.zip,FNHIS_SEMANAL_09-06-2025 M.zip,.zip,arquivo_compactado,616600,2026-08-29T15:50:00+00:00,,nao_identificada,sub50_fnhis,sub50_fnhis,,
filesystem,arquivo,,SNHIS/Arquivados/FNHIS_SEMANAL_10-03-2025.xls,FNHIS_SEMANAL_10-03-2025.xls,.xls,dado_tabular_ou_serializado,3682816,2026-08-29T15:50:00+00:00,,nao_identificada,sub50_fnhis,sub50_fnhis,erro_excel:`Import xlrd` failed. Install xlrd >= 2.0.1 for xls Excel support Use pip or conda to install the xlrd package.,
filesystem,arquivo,,SNHIS/Arquivados/FNHIS_SEMANAL_12-05-2025 G.zip,FNHIS_SEMANAL_12-05-2025 G.zip,.zip,arquivo_compactado,546902,2026-08-29T15:50:00+00:00,,nao_identificada,sub50_fnhis,sub50_fnhis,,
filesystem,arquivo,,SNHIS/Arquivados/FNHIS_SEMANAL_12-05-2025 M.zip,FNHIS_SEMANAL_12-05-2025 M.zip,.zip,arquivo_compactado,470833,2026-08-29T15:50:00+00:00,,nao_identificada,sub50_fnhis,sub50_fnhis,,
filesystem,arquivo,,SNHIS/Arquivados/FNHIS_SEMANAL_14-04-2025.zip,FNHIS_SEMANAL_14-04-2025.zip,.zip,arquivo_compactado,547539,2026-08-29T15:50:00+00:00,,nao_identificada,sub50_fnhis,sub50_fnhis,,
filesystem,arquivo,,SNHIS/Arquivados/FNHIS_SEMANAL_16-06-2025 - M.zip,FNHIS_SEMANAL_16-06-2025 - M.zip,.zip,arquivo_compactado,470961,2026-08-29T15:50:00+00:00,,nao_identificada,sub50_fnhis,sub50_fnhis,,
filesystem,arquivo,,SNHIS/Arquivados/FNHIS_SEMANAL_16-06-2025 G.zip,FNHIS_SEMANAL_16-06-2025 G.zip,.zip,arquivo_compactado,546964,2026-08-29T15:50:00+00:00,,nao_identificada,sub50_fnhis,sub50_fnhis,,
filesystem,arquivo,,SNHIS/Arquivados/FNHIS_SEMANAL_19-05-2025 G.zip,FNHIS_SEMANAL_19-05-2025 G.zip,.zip,arquivo_compactado,546926,2026-08-29T15:50:00+00:00,,nao_identificada,sub50_fnhis,sub50_fnhis,,
filesystem,arquivo,,SNHIS/Arquivados/FNHIS_SEMANAL_19-05-2025 M.zip,FNHIS_SEMANAL_19-05-2025 M.zip,.zip,arquivo_compactado,470967,2026-08-29T15:50:00+00:00,,nao_identificada,sub50_fnhis,sub50_fnhis,,
filesystem,arquivo,,SNHIS/Arquivados/FNHIS_SEMANAL_22-04-2025.zip,FNHIS_SEMANAL_22-04-2025.zip,.zip,arquivo_compactado,547802,2026-08-29T15:50:00+00:00,,nao_identificada,sub50_fnhis,sub50_fnhis,,
filesystem,arquivo,,SNHIS/Arquivados/FNHIS_SEMANAL_23-06-2025 - G.zip,FNHIS_SEMANAL_23-06-2025 - G.zip,.zip,arquivo_compactado,546980,2026-08-29T15:50:00+00:00,,nao_identificada,sub50_fnhis,sub50_fnhis,,
filesystem,arquivo,,SNHIS/Arquivados/FNHIS_SEMANAL_23-06-2025 - M.zip,FNHIS_SEMANAL_23-06-2025 - M.zip,.zip,arquivo_compactado,475475,2026-08-29T15:50:00+00:00,,nao_identificada,sub50_fnhis,sub50_fnhis,,
filesystem,arquivo,,SNHIS/Arquivados/FNHIS_SEMANAL_24-03-2025.zip,FNHIS_SEMANAL_24-03-2025.zip,.zip,arquivo_compactado,404,2026-08-29T15:50:00+00:00,,nao_identificada,sub50_fnhis,sub50_fnhis,,
filesystem,arquivo,,SNHIS/Arquivados/FNHIS_SEMANAL_26-05-2025 G.zip,FNHIS_SEMANAL_26-05-2025 G.zip,.zip,arquivo_compactado,546923,2026-08-29T15:50:00+00:00,,nao_identificada,sub50_fnhis,sub50_fnhis,,
filesystem,arquivo,,SNHIS/Arquivados/FNHIS_SEMANAL_26-05-2025 M.zip,FNHIS_SEMANAL_26-05-2025 M.zip,.zip,arquivo_compactado,475346,2026-08-29T15:50:00+00:00,,nao_identificada,sub50_fnhis,sub50_fnhis,,
filesystem,arquivo,,SNHIS/Arquivados/FNHIS_SEMANAL_28-04-2025.zip,FNHIS_SEMANAL_28-04-2025.zip,.zip,arquivo_compactado,546884,2026-08-29T15:50:00+00:00,,nao_identificada,sub50_fnhis,sub50_fnhis,,
filesystem,arquivo,,SNHIS/Arquivados/FNHIS_SEMANAL_28-07-2025.xls G.xls,FNHIS_SEMANAL_28-07-2025.xls G.xls,.xls,dado_tabular_ou_serializado,2039296,2026-08-29T15:50:00+00:00,,nao_identificada,sub50_fnhis,sub50_fnhis,erro_excel:`Import xlrd` failed. Install xlrd >= 2.0.1 for xls Excel support Use pip or conda to install the xlrd package.,
filesystem,arquivo,,SNHIS/Arquivados/FNHIS_SEMANAL_28-07-2025.xls G.zip,FNHIS_SEMANAL_28-07-2025.xls G.zip,.zip,arquivo_compactado,547009,2026-08-29T15:50:00+00:00,,nao_identificada,sub50_fnhis,sub50_fnhis,,
filesystem,arquivo,,SNHIS/Arquivados/FNHIS_SEMANAL_31-03-2025.zip,FNHIS_SEMANAL_31-03-2025.zip,.zip,arquivo_compactado,547542,2026-08-29T15:50:00+00:00,,nao_identificada,sub50_fnhis,sub50_fnhis,,
filesystem,arquivo,,SNHIS/Arquivados/FNHIS_SEMANAL_GIGOV_2025_09_01.zip,FNHIS_SEMANAL_GIGOV_2025_09_01.zip,.zip,arquivo_compactado,462900,2026-08-29T15:50:00+00:00,2025-09,nao_identificada,sub50_fnhis,sub50_fnhis,,
filesystem,arquivo,,SNHIS/Arquivados/FNHIS_SEMANAL_GIGOV_2025_09_08.xls,FNHIS_SEMANAL_GIGOV_2025_09_08.xls,.xls,dado_tabular_ou_serializado,1711616,2026-08-29T15:50:00+00:00,2025-09,nao_identificada,sub50_fnhis,sub50_fnhis,erro_excel:`Import xlrd` failed. Install xlrd >= 2.0.1 for xls Excel support Use pip or conda to install the xlrd package.,
filesystem,arquivo,,SNHIS/Arquivados/FNHIS_SEMANAL_GIGOV_2025_09_08.zip,FNHIS_SEMANAL_GIGOV_2025_09_08.zip,.zip,arquivo_compactado,462978,2026-08-29T15:50:00+00:00,2025-09,nao_identificada,sub50_fnhis,sub50_fnhis,,
filesystem,arquivo,,SNHIS/Arquivados/FNHIS_SEMANAL_GIGOV_2025_09_15.xlt,FNHIS_SEMANAL_GIGOV_2025_09_15.xlt,.xlt,outro,1711104,2026-08-29T15:50:00+00:00,2025-09,nao_identificada,sub50_fnhis,sub50_fnhis,,
filesystem,arquivo,,SNHIS/Arquivados/FNHIS_SEMANAL_GIGOV_2025_09_15.zip,FNHIS_SEMANAL_GIGOV_2025_09_15.zip,.zip,arquivo_compactado,462897,2026-08-29T15:50:00+00:00,2025-09,nao_identificada,sub50_fnhis,sub50_fnhis,,
filesystem,arquivo,,SNHIS/Arquivados/FNHIS_SEMANAL_GIGOV_2025_09_22.xls,FNHIS_SEMANAL_GIGOV_2025_09_22.xls,.xls,dado_tabular_ou_serializado,1711104,2026-08-29T15:50:00+00:00,2025-09,nao_identificada,sub50_fnhis,sub50_fnhis,erro_excel:`Import xlrd` failed. Install xlrd >= 2.0.1 for xls Excel support Use pip or conda to install the xlrd package.,
filesystem,arquivo,,SNHIS/Arquivados/FNHIS_SEMANAL_GIGOV_2025_09_22.zip,FNHIS_SEMANAL_GIGOV_2025_09_22.zip,.zip,arquivo_compactado,462889,2026-08-29T15:50:00+00:00,2025-09,nao_identificada,sub50_fnhis,sub50_fnhis,,
filesystem,arquivo,,SNHIS/Arquivados/FNHIS_SEMANAL_GIGOV_2025_10_06.xls,FNHIS_SEMANAL_GIGOV_2025_10_06.xls,.xls,dado_tabular_ou_serializado,1624576,2026-08-29T15:50:00+00:00,2025-10,nao_identificada,sub50_fnhis,sub50_fnhis,erro_excel:`Import xlrd` failed. Install xlrd >= 2.0.1 for xls Excel support Use pip or conda to install the xlrd package.,
filesystem,arquivo,,SNHIS/Arquivados/FNHIS_SEMANAL_GIGOV_2025_10_06.zip,FNHIS_SEMANAL_GIGOV_2025_10_06.zip,.zip,arquivo_compactado,453499,2026-08-29T15:50:00+00:00,2025-10,nao_identificada,sub50_fnhis,sub50_fnhis,,
filesystem,arquivo,,SNHIS/Arquivados/FNHIS_SEMANAL_GIGOV_2025_10_13.xls,FNHIS_SEMANAL_GIGOV_2025_10_13.xls,.xls,dado_tabular_ou_serializado,1703424,2026-08-29T15:50:00+00:00,2025-10,nao_identificada,sub50_fnhis,sub50_fnhis,erro_excel:`Import xlrd` failed. Install xlrd >= 2.0.1 for xls Excel support Use pip or conda to install the xlrd package.,
filesystem,arquivo,,SNHIS/Arquivados/FNHIS_SEMANAL_GIGOV_2025_10_13.zip,FNHIS_SEMANAL_GIGOV_2025_10_13.zip,.zip,arquivo_compactado,468741,2026-08-29T15:50:00+00:00,2025-10,nao_identificada,sub50_fnhis,sub50_fnhis,,
filesystem,arquivo,,SNHIS/Arquivados/FNHIS_SEMANAL_GIGOV_2025_10_20.xls,FNHIS_SEMANAL_GIGOV_2025_10_20.xls,.xls,dado_tabular_ou_serializado,1703424,2026-08-29T15:50:00+00:00,2025-10,nao_identificada,sub50_fnhis,sub50_fnhis,erro_excel:`Import xlrd` failed. Install xlrd >= 2.0.1 for xls Excel support Use pip or conda to install the xlrd package.,
filesystem,arquivo,,SNHIS/Arquivados/FNHIS_SEMANAL_GIGOV_2025_10_20.zip,FNHIS_SEMANAL_GIGOV_2025_10_20.zip,.zip,arquivo_compactado,468696,2026-08-29T15:50:00+00:00,2025-10,nao_identificada,sub50_fnhis,sub50_fnhis,,
filesystem,arquivo,,SNHIS/Arquivados/FNHIS_SEMANAL_GIGOV_2025_10_27.xls,FNHIS_SEMANAL_GIGOV_2025_10_27.xls,.xls,dado_tabular_ou_serializado,1703424,2026-08-29T15:50:00+00:00,2025-10,nao_identificada,sub50_fnhis,sub50_fnhis,erro_excel:`Import xlrd` failed. Install xlrd >= 2.0.1 for xls Excel support Use pip or conda to install the xlrd package.,
filesystem,arquivo,,SNHIS/Arquivados/FNHIS_SEMANAL_GIGOV_2025_10_27.zip,FNHIS_SEMANAL_GIGOV_2025_10_27.zip,.zip,arquivo_compactado,468730,2026-08-29T15:50:00+00:00,2025-10,nao_identificada,sub50_fnhis,sub50_fnhis,,
filesystem,arquivo,,SNHIS/Arquivados/FNHIS_SEMANAL_GIGOV_2025_11_03.xls,FNHIS_SEMANAL_GIGOV_2025_11_03.xls,.xls,dado_tabular_ou_serializado,1703424,2026-08-29T15:50:00+00:00,2025-11,nao_identificada,sub50_fnhis,sub50_fnhis,erro_excel:`Import xlrd` failed. Install xlrd >= 2.0.1 for xls Excel support Use pip or conda to install the xlrd package.,
filesystem,arquivo,,SNHIS/Arquivados/FNHIS_SEMANAL_GIGOV_2025_11_03.zip,FNHIS_SEMANAL_GIGOV_2025_11_03.zip,.zip,arquivo_compactado,468682,2026-08-29T15:50:00+00:00,2025-11,nao_identificada,sub50_fnhis,sub50_fnhis,,
filesystem,arquivo,,SNHIS/Arquivados/FNHIS_SEMANAL_GIGOV_2025_11_10.xls,FNHIS_SEMANAL_GIGOV_2025_11_10.xls,.xls,dado_tabular_ou_serializado,1711104,2026-08-29T15:50:00+00:00,2025-11,nao_identificada,sub50_fnhis,sub50_fnhis,erro_excel:`Import xlrd` failed. Install xlrd >= 2.0.1 for xls Excel support Use pip or conda to install the xlrd package.,
filesystem,arquivo,,SNHIS/Arquivados/FNHIS_SEMANAL_GIGOV_2025_11_10.zip,FNHIS_SEMANAL_GIGOV_2025_11_10.zip,.zip,arquivo_compactado,462893,2026-08-29T15:50:00+00:00,2025-11,nao_identificada,sub50_fnhis,sub50_fnhis,,
filesystem,arquivo,,SNHIS/Arquivados/FNHIS_SEMANAL_GIGOV_2025_11_17.xls,FNHIS_SEMANAL_GIGOV_2025_11_17.xls,.xls,dado_tabular_ou_serializado,1703424,2026-08-29T15:50:00+00:00,2025-11,nao_identificada,sub50_fnhis,sub50_fnhis,erro_excel:`Import xlrd` failed. Install xlrd >= 2.0.1 for xls Excel support Use pip or conda to install the xlrd package.,
filesystem,arquivo,,SNHIS/Arquivados/FNHIS_SEMANAL_GIGOV_2025_11_17.zip,FNHIS_SEMANAL_GIGOV_2025_11_17.zip,.zip,arquivo_compactado,468680,2026-08-29T15:50:00+00:00,2025-11,nao_identificada,sub50_fnhis,sub50_fnhis,,
filesystem,arquivo,,SNHIS/Arquivados/FNHIS_SEMANAL_GIGOV_2025_11_24.xls,FNHIS_SEMANAL_GIGOV_2025_11_24.xls,.xls,dado_tabular_ou_serializado,1703424,2026-08-29T15:50:00+00:00,2025-11,nao_identificada,sub50_fnhis,sub50_fnhis,erro_excel:`Import xlrd` failed. Install xlrd >= 2.0.1 for xls Excel support Use pip or conda to install the xlrd package.,
filesystem,arquivo,,SNHIS/Arquivados/FNHIS_SEMANAL_GIGOV_2025_11_24.zip,FNHIS_SEMANAL_GIGOV_2025_11_24.zip,.zip,arquivo_compactado,468672,2026-08-29T15:50:00+00:00,2025-11,nao_identificada,sub50_fnhis,sub50_fnhis,,
filesystem,arquivo,,SNHIS/Arquivados/FNHIS_SEMANAL_GIGOV_2025_12_01.xls,FNHIS_SEMANAL_GIGOV_2025_12_01.xls,.xls,dado_tabular_ou_serializado,1703424,2026-08-29T15:50:00+00:00,2025-12,nao_identificada,sub50_fnhis,sub50_fnhis,erro_excel:`Import xlrd` failed. Install xlrd >= 2.0.1 for xls Excel support Use pip or conda to install the xlrd package.,
filesystem,arquivo,,SNHIS/Arquivados/FNHIS_SEMANAL_GIGOV_2025_12_01.zip,FNHIS_SEMANAL_GIGOV_2025_12_01.zip,.zip,arquivo_compactado,468695,2026-08-29T15:50:00+00:00,2025-12,nao_identificada,sub50_fnhis,sub50_fnhis,,
filesystem,arquivo,,SNHIS/Arquivados/FNHIS_SEMANAL_GIGOV_2025_12_08.xls,FNHIS_SEMANAL_GIGOV_2025_12_08.xls,.xls,dado_tabular_ou_serializado,1703424,2026-08-29T15:50:00+00:00,2025-12,nao_identificada,sub50_fnhis,sub50_fnhis,erro_excel:`Import xlrd` failed. Install xlrd >= 2.0.1 for xls Excel support Use pip or conda to install the xlrd package.,
filesystem,arquivo,,SNHIS/Arquivados/FNHIS_SEMANAL_GIGOV_2025_12_08.zip,FNHIS_SEMANAL_GIGOV_2025_12_08.zip,.zip,arquivo_compactado,468732,2026-08-29T15:50:00+00:00,2025-12,nao_identificada,sub50_fnhis,sub50_fnhis,,
filesystem,arquivo,,SNHIS/Arquivados/FNHIS_SEMANAL_GIGOV_2025_12_15.xls,FNHIS_SEMANAL_GIGOV_2025_12_15.xls,.xls,dado_tabular_ou_serializado,1703424,2026-08-29T15:50:00+00:00,2025-12,nao_identificada,sub50_fnhis,sub50_fnhis,erro_excel:`Import xlrd` failed. Install xlrd >= 2.0.1 for xls Excel support Use pip or conda to install the xlrd package.,
filesystem,arquivo,,SNHIS/Arquivados/FNHIS_SEMANAL_GIGOV_2025_12_15.zip,FNHIS_SEMANAL_GIGOV_2025_12_15.zip,.zip,arquivo_compactado,468728,2026-08-29T15:50:00+00:00,2025-12,nao_identificada,sub50_fnhis,sub50_fnhis,,
filesystem,arquivo,,SNHIS/Arquivados/FNHIS_SEMANAL_GIGOV_2025_12_22.xls,FNHIS_SEMANAL_GIGOV_2025_12_22.xls,.xls,dado_tabular_ou_serializado,1711104,2026-08-29T15:50:00+00:00,2025-12,nao_identificada,sub50_fnhis,sub50_fnhis,erro_excel:`Import xlrd` failed. Install xlrd >= 2.0.1 for xls Excel support Use pip or conda to install the xlrd package.,
filesystem,arquivo,,SNHIS/Arquivados/FNHIS_SEMANAL_GIGOV_2025_12_22.zip,FNHIS_SEMANAL_GIGOV_2025_12_22.zip,.zip,arquivo_compactado,463041,2026-08-29T15:50:00+00:00,2025-12,nao_identificada,sub50_fnhis,sub50_fnhis,,
filesystem,arquivo,,SNHIS/Arquivados/FNHIS_SEMANAL_GIGOV_2025_12_29.xls,FNHIS_SEMANAL_GIGOV_2025_12_29.xls,.xls,dado_tabular_ou_serializado,1703424,2026-08-29T15:50:00+00:00,2025-12,nao_identificada,sub50_fnhis,sub50_fnhis,erro_excel:`Import xlrd` failed. Install xlrd >= 2.0.1 for xls Excel support Use pip or conda to install the xlrd package.,
filesystem,arquivo,,SNHIS/Arquivados/FNHIS_SEMANAL_GIGOV_2025_12_29.zip,FNHIS_SEMANAL_GIGOV_2025_12_29.zip,.zip,arquivo_compactado,468769,2026-08-29T15:50:00+00:00,2025-12,nao_identificada,sub50_fnhis,sub50_fnhis,,
filesystem,arquivo,,SNHIS/Arquivados/FNHIS_SEMANAL_GIGOV_2026_01_05.xls,FNHIS_SEMANAL_GIGOV_2026_01_05.xls,.xls,dado_tabular_ou_serializado,1711104,2026-08-29T15:50:00+00:00,2026-01,nao_identificada,sub50_fnhis,sub50_fnhis,erro_excel:`Import xlrd` failed. Install xlrd >= 2.0.1 for xls Excel support Use pip or conda to install the xlrd package.,
filesystem,arquivo,,SNHIS/Arquivados/FNHIS_SEMANAL_GIGOV_2026_01_05.zip,FNHIS_SEMANAL_GIGOV_2026_01_05.zip,.zip,arquivo_compactado,463039,2026-08-29T15:50:00+00:00,2026-01,nao_identificada,sub50_fnhis,sub50_fnhis,,
filesystem,arquivo,,SNHIS/Arquivados/FNHIS_SEMANAL_GIGOV_2026_01_12.xls,FNHIS_SEMANAL_GIGOV_2026_01_12.xls,.xls,dado_tabular_ou_serializado,1703424,2026-08-29T15:50:00+00:00,2026-01,nao_identificada,sub50_fnhis,sub50_fnhis,erro_excel:`Import xlrd` failed. Install xlrd >= 2.0.1 for xls Excel support Use pip or conda to install the xlrd package.,
filesystem,arquivo,,SNHIS/Arquivados/FNHIS_SEMANAL_GIGOV_2026_01_12.zip,FNHIS_SEMANAL_GIGOV_2026_01_12.zip,.zip,arquivo_compactado,468800,2026-08-29T15:50:00+00:00,2026-01,nao_identificada,sub50_fnhis,sub50_fnhis,,
filesystem,arquivo,,SNHIS/Arquivados/FNHIS_SEMANAL_GIGOV_2026_01_19.xls,FNHIS_SEMANAL_GIGOV_2026_01_19.xls,.xls,dado_tabular_ou_serializado,1703424,2026-08-29T15:50:00+00:00,2026-01,nao_identificada,sub50_fnhis,sub50_fnhis,erro_excel:`Import xlrd` failed. Install xlrd >= 2.0.1 for xls Excel support Use pip or conda to install the xlrd package.,
filesystem,arquivo,,SNHIS/Arquivados/FNHIS_SEMANAL_GIGOV_2026_01_19.zip,FNHIS_SEMANAL_GIGOV_2026_01_19.zip,.zip,arquivo_compactado,468812,2026-08-29T15:50:00+00:00,2026-01,nao_identificada,sub50_fnhis,sub50_fnhis,,
filesystem,arquivo,,SNHIS/Arquivados/FNHIS_SEMANAL_GIGOV_2026_01_26.xls,FNHIS_SEMANAL_GIGOV_2026_01_26.xls,.xls,dado_tabular_ou_serializado,1703424,2026-08-29T15:50:00+00:00,2026-01,nao_identificada,sub50_fnhis,sub50_fnhis,erro_excel:`Import xlrd` failed. Install xlrd >= 2.0.1 for xls Excel support Use pip or conda to install the xlrd package.,
filesystem,arquivo,,SNHIS/Arquivados/FNHIS_SEMANAL_GIGOV_2026_01_26.zip,FNHIS_SEMANAL_GIGOV_2026_01_26.zip,.zip,arquivo_compactado,468820,2026-08-29T15:50:00+00:00,2026-01,nao_identificada,sub50_fnhis,sub50_fnhis,,
filesystem,arquivo,,SNHIS/Arquivados/FNHIS_SEMANAL_GIGOV_2026_02_02.xls,FNHIS_SEMANAL_GIGOV_2026_02_02.xls,.xls,dado_tabular_ou_serializado,1703424,2026-08-29T15:50:00+00:00,2026-02,nao_identificada,sub50_fnhis,sub50_fnhis,erro_excel:`Import xlrd` failed. Install xlrd >= 2.0.1 for xls Excel support Use pip or conda to install the xlrd package.,
filesystem,arquivo,,SNHIS/Arquivados/FNHIS_SEMANAL_GIGOV_2026_02_02.zip,FNHIS_SEMANAL_GIGOV_2026_02_02.zip,.zip,arquivo_compactado,468847,2026-08-29T15:50:00+00:00,2026-02,nao_identificada,sub50_fnhis,sub50_fnhis,,
filesystem,arquivo,,SNHIS/Arquivados/FNHIS_SEMANAL_GIGOV_2026_02_09.xls,FNHIS_SEMANAL_GIGOV_2026_02_09.xls,.xls,dado_tabular_ou_serializado,1711104,2026-08-29T15:50:00+00:00,2026-02,nao_identificada,sub50_fnhis,sub50_fnhis,erro_excel:`Import xlrd` failed. Install xlrd >= 2.0.1 for xls Excel support Use pip or conda to install the xlrd package.,
filesystem,arquivo,,SNHIS/Arquivados/FNHIS_SEMANAL_GIGOV_2026_02_09.zip,FNHIS_SEMANAL_GIGOV_2026_02_09.zip,.zip,arquivo_compactado,463058,2026-08-29T15:50:00+00:00,2026-02,nao_identificada,sub50_fnhis,sub50_fnhis,,
filesystem,arquivo,,SNHIS/Arquivados/FNHIS_SEMANAL_GIGOV_2026_02_19.xls,FNHIS_SEMANAL_GIGOV_2026_02_19.xls,.xls,dado_tabular_ou_serializado,1703424,2026-08-29T15:50:00+00:00,2026-02,nao_identificada,sub50_fnhis,sub50_fnhis,erro_excel:`Import xlrd` failed. Install xlrd >= 2.0.1 for xls Excel support Use pip or conda to install the xlrd package.,
filesystem,arquivo,,SNHIS/Arquivados/FNHIS_SEMANAL_GIGOV_2026_02_19.zip,FNHIS_SEMANAL_GIGOV_2026_02_19.zip,.zip,arquivo_compactado,468848,2026-08-29T15:50:00+00:00,2026-02,nao_identificada,sub50_fnhis,sub50_fnhis,,
filesystem,arquivo,,SNHIS/Arquivados/FNHIS_SEMANAL_GIGOV_2026_02_23.xls,FNHIS_SEMANAL_GIGOV_2026_02_23.xls,.xls,dado_tabular_ou_serializado,1711616,2026-08-29T15:50:00+00:00,2026-02,nao_identificada,sub50_fnhis,sub50_fnhis,erro_excel:`Import xlrd` failed. Install xlrd >= 2.0.1 for xls Excel support Use pip or conda to install the xlrd package.,
filesystem,arquivo,,SNHIS/Arquivados/FNHIS_SEMANAL_GIGOV_2026_02_23.zip,FNHIS_SEMANAL_GIGOV_2026_02_23.zip,.zip,arquivo_compactado,463087,2026-08-29T15:50:00+00:00,2026-02,nao_identificada,sub50_fnhis,sub50_fnhis,,
filesystem,arquivo,,SNHIS/Arquivados/FNHIS_SEMANAL_MCIDADES_2025_08_25.xls,FNHIS_SEMANAL_MCIDADES_2025_08_25.xls,.xls,dado_tabular_ou_serializado,1700352,2026-08-29T15:50:00+00:00,2025-08,nao_identificada,sub50_fnhis,sub50_fnhis,erro_excel:`Import xlrd` failed. Install xlrd >= 2.0.1 for xls Excel support Use pip or conda to install the xlrd package.,
filesystem,arquivo,,SNHIS/Arquivados/FNHIS_SEMANAL_MCID_2025_08_25.zip,FNHIS_SEMANAL_MCID_2025_08_25.zip,.zip,arquivo_compactado,476046,2026-08-29T15:50:00+00:00,2025-08,nao_identificada,sub50_fnhis,sub50_fnhis,,
filesystem,arquivo,,SNHIS/Arquivados/FNHIS_SEMANAL_MCID_2025_09_01.zip,FNHIS_SEMANAL_MCID_2025_09_01.zip,.zip,arquivo_compactado,498896,2026-08-29T15:50:00+00:00,2025-09,nao_identificada,sub50_fnhis,sub50_fnhis,,
filesystem,arquivo,,SNHIS/Arquivados/FNHIS_SEMANAL_MCID_2025_09_08.xls,FNHIS_SEMANAL_MCID_2025_09_08.xls,.xls,dado_tabular_ou_serializado,1754112,2026-08-29T15:50:00+00:00,2025-09,nao_identificada,sub50_fnhis,sub50_fnhis,erro_excel:`Import xlrd` failed. Install xlrd >= 2.0.1 for xls Excel support Use pip or conda to install the xlrd package.,
filesystem,arquivo,,SNHIS/Arquivados/FNHIS_SEMANAL_MCID_2025_09_08.zip,FNHIS_SEMANAL_MCID_2025_09_08.zip,.zip,arquivo_compactado,498941,2026-08-29T15:50:00+00:00,2025-09,nao_identificada,sub50_fnhis,sub50_fnhis,,
filesystem,arquivo,,SNHIS/Arquivados/FNHIS_SEMANAL_MCID_2025_09_15.xlsx,FNHIS_SEMANAL_MCID_2025_09_15.xlsx,.xlsx,dado_tabular_ou_serializado,641143,2026-08-29T15:50:00+00:00,2025-09,nao_identificada,sub50_fnhis,sub50_fnhis,Worksheet,
filesystem,arquivo,,SNHIS/Arquivados/FNHIS_SEMANAL_MCID_2025_09_15.zip,FNHIS_SEMANAL_MCID_2025_09_15.zip,.zip,arquivo_compactado,625978,2026-08-29T15:50:00+00:00,2025-09,nao_identificada,sub50_fnhis,sub50_fnhis,,
filesystem,arquivo,,SNHIS/Arquivados/FNHIS_SEMANAL_MCID_2025_09_22.xls,FNHIS_SEMANAL_MCID_2025_09_22.xls,.xls,dado_tabular_ou_serializado,1760256,2026-08-29T15:50:00+00:00,2025-09,nao_identificada,sub50_fnhis,sub50_fnhis,erro_excel:`Import xlrd` failed. Install xlrd >= 2.0.1 for xls Excel support Use pip or conda to install the xlrd package.,
filesystem,arquivo,,SNHIS/Arquivados/FNHIS_SEMANAL_MCID_2025_09_22.zip,FNHIS_SEMANAL_MCID_2025_09_22.zip,.zip,arquivo_compactado,492912,2026-08-29T15:50:00+00:00,2025-09,nao_identificada,sub50_fnhis,sub50_fnhis,,
filesystem,arquivo,,SNHIS/Arquivados/FNHIS_SEMANAL_MCID_2025_10_06.xls,FNHIS_SEMANAL_MCID_2025_10_06.xls,.xls,dado_tabular_ou_serializado,1753600,2026-08-29T15:50:00+00:00,2025-10,nao_identificada,sub50_fnhis,sub50_fnhis,erro_excel:`Import xlrd` failed. Install xlrd >= 2.0.1 for xls Excel support Use pip or conda to install the xlrd package.,
filesystem,arquivo,,SNHIS/Arquivados/FNHIS_SEMANAL_MCID_2025_10_06.zip,FNHIS_SEMANAL_MCID_2025_10_06.zip,.zip,arquivo_compactado,498842,2026-08-29T15:50:00+00:00,2025-10,nao_identificada,sub50_fnhis,sub50_fnhis,,
filesystem,arquivo,,SNHIS/Arquivados/FNHIS_SEMANAL_MCID_2025_10_13.xls,FNHIS_SEMANAL_MCID_2025_10_13.xls,.xls,dado_tabular_ou_serializado,1753600,2026-08-29T15:50:00+00:00,2025-10,nao_identificada,sub50_fnhis,sub50_fnhis,erro_excel:`Import xlrd` failed. Install xlrd >= 2.0.1 for xls Excel support Use pip or conda to install the xlrd package.,
filesystem,arquivo,,SNHIS/Arquivados/FNHIS_SEMANAL_MCID_2025_10_13.zip,FNHIS_SEMANAL_MCID_2025_10_13.zip,.zip,arquivo_compactado,498843,2026-08-29T15:50:00+00:00,2025-10,nao_identificada,sub50_fnhis,sub50_fnhis,,
filesystem,arquivo,,SNHIS/Arquivados/FNHIS_SEMANAL_MCID_2025_10_20.xls,FNHIS_SEMANAL_MCID_2025_10_20.xls,.xls,dado_tabular_ou_serializado,1753600,2026-08-29T15:50:00+00:00,2025-10,nao_identificada,sub50_fnhis,sub50_fnhis,erro_excel:`Import xlrd` failed. Install xlrd >= 2.0.1 for xls Excel support Use pip or conda to install the xlrd package.,
filesystem,arquivo,,SNHIS/Arquivados/FNHIS_SEMANAL_MCID_2025_10_20.zip,FNHIS_SEMANAL_MCID_2025_10_20.zip,.zip,arquivo_compactado,497556,2026-08-29T15:50:00+00:00,2025-10,nao_identificada,sub50_fnhis,sub50_fnhis,,
filesystem,arquivo,,SNHIS/Arquivados/FNHIS_SEMANAL_MCID_2025_10_27.xls,FNHIS_SEMANAL_MCID_2025_10_27.xls,.xls,dado_tabular_ou_serializado,1753600,2026-08-29T15:50:00+00:00,2025-10,nao_identificada,sub50_fnhis,sub50_fnhis,erro_excel:`Import xlrd` failed. Install xlrd >= 2.0.1 for xls Excel support Use pip or conda to install the xlrd package.,
filesystem,arquivo,,SNHIS/Arquivados/FNHIS_SEMANAL_MCID_2025_10_27.zip,FNHIS_SEMANAL_MCID_2025_10_27.zip,.zip,arquivo_compactado,497514,2026-08-29T15:50:00+00:00,2025-10,nao_identificada,sub50_fnhis,sub50_fnhis,,
filesystem,arquivo,,SNHIS/Arquivados/FNHIS_SEMANAL_MCID_2025_11_03.xls,FNHIS_SEMANAL_MCID_2025_11_03.xls,.xls,dado_tabular_ou_serializado,1753600,2026-08-29T15:50:00+00:00,2025-11,nao_identificada,sub50_fnhis,sub50_fnhis,erro_excel:`Import xlrd` failed. Install xlrd >= 2.0.1 for xls Excel support Use pip or conda to install the xlrd package.,
filesystem,arquivo,,SNHIS/Arquivados/FNHIS_SEMANAL_MCID_2025_11_03.zip,FNHIS_SEMANAL_MCID_2025_11_03.zip,.zip,arquivo_compactado,497556,2026-08-29T15:50:00+00:00,2025-11,nao_identificada,sub50_fnhis,sub50_fnhis,,
filesystem,arquivo,,SNHIS/Arquivados/FNHIS_SEMANAL_MCID_2025_11_10.xls,FNHIS_SEMANAL_MCID_2025_11_10.xls,.xls,dado_tabular_ou_serializado,1753600,2026-08-29T15:50:00+00:00,2025-11,nao_identificada,sub50_fnhis,sub50_fnhis,erro_excel:`Import xlrd` failed. Install xlrd >= 2.0.1 for xls Excel support Use pip or conda to install the xlrd package.,
filesystem,arquivo,,SNHIS/Arquivados/FNHIS_SEMANAL_MCID_2025_11_10.zip,FNHIS_SEMANAL_MCID_2025_11_10.zip,.zip,arquivo_compactado,497561,2026-08-29T15:50:00+00:00,2025-11,nao_identificada,sub50_fnhis,sub50_fnhis,,
filesystem,arquivo,,SNHIS/Arquivados/FNHIS_SEMANAL_MCID_2025_11_17.xls,FNHIS_SEMANAL_MCID_2025_11_17.xls,.xls,dado_tabular_ou_serializado,1753600,2026-08-29T15:50:00+00:00,2025-11,nao_identificada,sub50_fnhis,sub50_fnhis,erro_excel:`Import xlrd` failed. Install xlrd >= 2.0.1 for xls Excel support Use pip or conda to install the xlrd package.,
filesystem,arquivo,,SNHIS/Arquivados/FNHIS_SEMANAL_MCID_2025_11_17.zip,FNHIS_SEMANAL_MCID_2025_11_17.zip,.zip,arquivo_compactado,497549,2026-08-29T15:50:00+00:00,2025-11,nao_identificada,sub50_fnhis,sub50_fnhis,,
filesystem,arquivo,,SNHIS/Arquivados/FNHIS_SEMANAL_MCID_2025_11_24.xls,FNHIS_SEMANAL_MCID_2025_11_24.xls,.xls,dado_tabular_ou_serializado,1753600,2026-08-29T15:50:00+00:00,2025-11,nao_identificada,sub50_fnhis,sub50_fnhis,erro_excel:`Import xlrd` failed. Install xlrd >= 2.0.1 for xls Excel support Use pip or conda to install the xlrd package.,
filesystem,arquivo,,SNHIS/Arquivados/FNHIS_SEMANAL_MCID_2025_11_24.zip,FNHIS_SEMANAL_MCID_2025_11_24.zip,.zip,arquivo_compactado,497551,2026-08-29T15:50:00+00:00,2025-11,nao_identificada,sub50_fnhis,sub50_fnhis,,
filesystem,arquivo,,SNHIS/Arquivados/FNHIS_SEMANAL_MCID_2025_12_01.xls,FNHIS_SEMANAL_MCID_2025_12_01.xls,.xls,dado_tabular_ou_serializado,1753600,2026-08-29T15:50:00+00:00,2025-12,nao_identificada,sub50_fnhis,sub50_fnhis,erro_excel:`Import xlrd` failed. Install xlrd >= 2.0.1 for xls Excel support Use pip or conda to install the xlrd package.,
filesystem,arquivo,,SNHIS/Arquivados/FNHIS_SEMANAL_MCID_2025_12_01.zip,FNHIS_SEMANAL_MCID_2025_12_01.zip,.zip,arquivo_compactado,497550,2026-08-29T15:50:00+00:00,2025-12,nao_identificada,sub50_fnhis,sub50_fnhis,,
filesystem,arquivo,,SNHIS/Arquivados/FNHIS_SEMANAL_MCID_2025_12_08.xls,FNHIS_SEMANAL_MCID_2025_12_08.xls,.xls,dado_tabular_ou_serializado,1753600,2026-08-29T15:50:00+00:00,2025-12,nao_identificada,sub50_fnhis,sub50_fnhis,erro_excel:`Import xlrd` failed. Install xlrd >= 2.0.1 for xls Excel support Use pip or conda to install the xlrd package.,
filesystem,arquivo,,SNHIS/Arquivados/FNHIS_SEMANAL_MCID_2025_12_08.zip,FNHIS_SEMANAL_MCID_2025_12_08.zip,.zip,arquivo_compactado,497543,2026-08-29T15:50:00+00:00,2025-12,nao_identificada,sub50_fnhis,sub50_fnhis,,
filesystem,arquivo,,SNHIS/Arquivados/FNHIS_SEMANAL_MCID_2025_12_15.xls,FNHIS_SEMANAL_MCID_2025_12_15.xls,.xls,dado_tabular_ou_serializado,1753600,2026-08-29T15:50:00+00:00,2025-12,nao_identificada,sub50_fnhis,sub50_fnhis,erro_excel:`Import xlrd` failed. Install xlrd >= 2.0.1 for xls Excel support Use pip or conda to install the xlrd package.,
filesystem,arquivo,,SNHIS/Arquivados/FNHIS_SEMANAL_MCID_2025_12_15.zip,FNHIS_SEMANAL_MCID_2025_12_15.zip,.zip,arquivo_compactado,497581,2026-08-29T15:50:00+00:00,2025-12,nao_identificada,sub50_fnhis,sub50_fnhis,,
filesystem,arquivo,,SNHIS/Arquivados/FNHIS_SEMANAL_MCID_2025_12_22.xls,FNHIS_SEMANAL_MCID_2025_12_22.xls,.xls,dado_tabular_ou_serializado,1753600,2026-08-29T15:50:00+00:00,2025-12,nao_identificada,sub50_fnhis,sub50_fnhis,erro_excel:`Import xlrd` failed. Install xlrd >= 2.0.1 for xls Excel support Use pip or conda to install the xlrd package.,
filesystem,arquivo,,SNHIS/Arquivados/FNHIS_SEMANAL_MCID_2025_12_22.zip,FNHIS_SEMANAL_MCID_2025_12_22.zip,.zip,arquivo_compactado,497516,2026-08-29T15:50:00+00:00,2025-12,nao_identificada,sub50_fnhis,sub50_fnhis,,
filesystem,arquivo,,SNHIS/Arquivados/FNHIS_SEMANAL_MCID_2025_12_29.xls,FNHIS_SEMANAL_MCID_2025_12_29.xls,.xls,dado_tabular_ou_serializado,1753600,2026-08-29T15:50:00+00:00,2025-12,nao_identificada,sub50_fnhis,sub50_fnhis,erro_excel:`Import xlrd` failed. Install xlrd >= 2.0.1 for xls Excel support Use pip or conda to install the xlrd package.,
filesystem,arquivo,,SNHIS/Arquivados/FNHIS_SEMANAL_MCID_2025_12_29.zip,FNHIS_SEMANAL_MCID_2025_12_29.zip,.zip,arquivo_compactado,497526,2026-08-29T15:50:00+00:00,2025-12,nao_identificada,sub50_fnhis,sub50_fnhis,,
filesystem,arquivo,,SNHIS/Arquivados/FNHIS_SEMANAL_MCID_2026_01_05.xls,FNHIS_SEMANAL_MCID_2026_01_05.xls,.xls,dado_tabular_ou_serializado,1760768,2026-08-29T15:50:00+00:00,2026-01,nao_identificada,sub50_fnhis,sub50_fnhis,erro_excel:`Import xlrd` failed. Install xlrd >= 2.0.1 for xls Excel support Use pip or conda to install the xlrd package.,
filesystem,arquivo,,SNHIS/Arquivados/FNHIS_SEMANAL_MCID_2026_01_05.zip,FNHIS_SEMANAL_MCID_2026_01_05.zip,.zip,arquivo_compactado,493040,2026-08-29T15:50:00+00:00,2026-01,nao_identificada,sub50_fnhis,sub50_fnhis,,
filesystem,arquivo,,SNHIS/Arquivados/FNHIS_SEMANAL_MCID_2026_01_12.xls,FNHIS_SEMANAL_MCID_2026_01_12.xls,.xls,dado_tabular_ou_serializado,1753600,2026-08-29T15:50:00+00:00,2026-01,nao_identificada,sub50_fnhis,sub50_fnhis,erro_excel:`Import xlrd` failed. Install xlrd >= 2.0.1 for xls Excel support Use pip or conda to install the xlrd package.,
filesystem,arquivo,,SNHIS/Arquivados/FNHIS_SEMANAL_MCID_2026_01_12.zip,FNHIS_SEMANAL_MCID_2026_01_12.zip,.zip,arquivo_compactado,497586,2026-08-29T15:50:00+00:00,2026-01,nao_identificada,sub50_fnhis,sub50_fnhis,,
filesystem,arquivo,,SNHIS/Arquivados/FNHIS_SEMANAL_MCID_2026_01_19.xls,FNHIS_SEMANAL_MCID_2026_01_19.xls,.xls,dado_tabular_ou_serializado,1753600,2026-08-29T15:50:00+00:00,2026-01,nao_identificada,sub50_fnhis,sub50_fnhis,erro_excel:`Import xlrd` failed. Install xlrd >= 2.0.1 for xls Excel support Use pip or conda to install the xlrd package.,
filesystem,arquivo,,SNHIS/Arquivados/FNHIS_SEMANAL_MCID_2026_01_19.zip,FNHIS_SEMANAL_MCID_2026_01_19.zip,.zip,arquivo_compactado,497593,2026-08-29T15:50:00+00:00,2026-01,nao_identificada,sub50_fnhis,sub50_fnhis,,
filesystem,arquivo,,SNHIS/Arquivados/FNHIS_SEMANAL_MCID_2026_01_26.xls,FNHIS_SEMANAL_MCID_2026_01_26.xls,.xls,dado_tabular_ou_serializado,1753600,2026-08-29T15:50:00+00:00,2026-01,nao_identificada,sub50_fnhis,sub50_fnhis,erro_excel:`Import xlrd` failed. Install xlrd >= 2.0.1 for xls Excel support Use pip or conda to install the xlrd package.,
filesystem,arquivo,,SNHIS/Arquivados/FNHIS_SEMANAL_MCID_2026_01_26.zip,FNHIS_SEMANAL_MCID_2026_01_26.zip,.zip,arquivo_compactado,497724,2026-08-29T15:50:00+00:00,2026-01,nao_identificada,sub50_fnhis,sub50_fnhis,,
filesystem,arquivo,,SNHIS/Arquivados/FNHIS_SEMANAL_MCID_2026_02_02.xls,FNHIS_SEMANAL_MCID_2026_02_02.xls,.xls,dado_tabular_ou_serializado,1753600,2026-08-29T15:50:00+00:00,2026-02,nao_identificada,sub50_fnhis,sub50_fnhis,erro_excel:`Import xlrd` failed. Install xlrd >= 2.0.1 for xls Excel support Use pip or conda to install the xlrd package.,
filesystem,arquivo,,SNHIS/Arquivados/FNHIS_SEMANAL_MCID_2026_02_02.zip,FNHIS_SEMANAL_MCID_2026_02_02.zip,.zip,arquivo_compactado,497648,2026-08-29T15:50:00+00:00,2026-02,nao_identificada,sub50_fnhis,sub50_fnhis,,
filesystem,arquivo,,SNHIS/Arquivados/FNHIS_SEMANAL_MCID_2026_02_09.xls,FNHIS_SEMANAL_MCID_2026_02_09.xls,.xls,dado_tabular_ou_serializado,1753600,2026-08-29T15:50:00+00:00,2026-02,nao_identificada,sub50_fnhis,sub50_fnhis,erro_excel:`Import xlrd` failed. Install xlrd >= 2.0.1 for xls Excel support Use pip or conda to install the xlrd package.,
filesystem,arquivo,,SNHIS/Arquivados/FNHIS_SEMANAL_MCID_2026_02_09.zip,FNHIS_SEMANAL_MCID_2026_02_09.zip,.zip,arquivo_compactado,497720,2026-08-29T15:50:00+00:00,2026-02,nao_identificada,sub50_fnhis,sub50_fnhis,,
filesystem,arquivo,,SNHIS/Arquivados/FNHIS_SEMANAL_MCID_2026_02_19.xls,FNHIS_SEMANAL_MCID_2026_02_19.xls,.xls,dado_tabular_ou_serializado,1753600,2026-08-29T15:50:00+00:00,2026-02,nao_identificada,sub50_fnhis,sub50_fnhis,erro_excel:`Import xlrd` failed. Install xlrd >= 2.0.1 for xls Excel support Use pip or conda to install the xlrd package.,
filesystem,arquivo,,SNHIS/Arquivados/FNHIS_SEMANAL_MCID_2026_02_19.zip,FNHIS_SEMANAL_MCID_2026_02_19.zip,.zip,arquivo_compactado,497695,2026-08-29T15:50:00+00:00,2026-02,nao_identificada,sub50_fnhis,sub50_fnhis,,
filesystem,arquivo,,SNHIS/Arquivados/FNHIS_SEMANAL_MCID_2026_02_23.xls,FNHIS_SEMANAL_MCID_2026_02_23.xls,.xls,dado_tabular_ou_serializado,1753600,2026-08-29T15:50:00+00:00,2026-02,nao_identificada,sub50_fnhis,sub50_fnhis,erro_excel:`Import xlrd` failed. Install xlrd >= 2.0.1 for xls Excel support Use pip or conda to install the xlrd package.,
filesystem,arquivo,,SNHIS/Arquivados/FNHIS_SEMANAL_MCID_2026_02_23.zip,FNHIS_SEMANAL_MCID_2026_02_23.zip,.zip,arquivo_compactado,497728,2026-08-29T15:50:00+00:00,2026-02,nao_identificada,sub50_fnhis,sub50_fnhis,,
filesystem,arquivo,,SNHIS/FNHIS_QUINZENAL_MCID_2026_08_25.xls,FNHIS_QUINZENAL_MCID_2026_08_25.xls,.xls,dado_tabular_ou_serializado,1784320,2026-08-29T15:50:00+00:00,2026-08,nao_identificada,sub50_fnhis,sub50_fnhis,erro_excel:`Import xlrd` failed. Install xlrd >= 2.0.1 for xls Excel support Use pip or conda to install the xlrd package.,
filesystem,arquivo,,SNHIS/FNHIS_SEMANAL_GIGOV_2026_07_27.xls,FNHIS_SEMANAL_GIGOV_2026_07_27.xls,.xls,dado_tabular_ou_serializado,1668608,2026-08-29T15:50:00+00:00,2026-07,nao_identificada,sub50_fnhis,sub50_fnhis,erro_excel:`Import xlrd` failed. Install xlrd >= 2.0.1 for xls Excel support Use pip or conda to install the xlrd package.,
filesystem,arquivo,,SNHIS/FNHIS_SEMANAL_GIGOV_2026_08_10.xlsx,FNHIS_SEMANAL_GIGOV_2026_08_10.xlsx,.xlsx,dado_tabular_ou_serializado,589978,2026-08-29T15:50:00+00:00,2026-08,nao_identificada,sub50_fnhis,sub50_fnhis,FNHIS Semanal GIGOV,
filesystem,arquivo,,SNHIS/FNHIS_SEMANAL_MCID_2026_02_23.xls,FNHIS_SEMANAL_MCID_2026_02_23.xls,.xls,dado_tabular_ou_serializado,1753600,2026-08-29T15:50:00+00:00,2026-02,nao_identificada,sub50_fnhis,sub50_fnhis,erro_excel:`Import xlrd` failed. Install xlrd >= 2.0.1 for xls Excel support Use pip or conda to install the xlrd package.,
filesystem,arquivo,,SNHIS/FNHIS_SEMANAL_MCID_2026_03_09.xls,FNHIS_SEMANAL_MCID_2026_03_09.xls,.xls,dado_tabular_ou_serializado,1754112,2026-08-29T15:50:00+00:00,2026-03,nao_identificada,sub50_fnhis,sub50_fnhis,erro_excel:`Import xlrd` failed. Install xlrd >= 2.0.1 for xls Excel support Use pip or conda to install the xlrd package.,
filesystem,arquivo,,SNHIS/FNHIS_SEMANAL_MCID_2026_03_16.xlsx,FNHIS_SEMANAL_MCID_2026_03_16.xlsx,.xlsx,dado_tabular_ou_serializado,642860,2026-08-29T15:50:00+00:00,2026-03,nao_identificada,sub50_fnhis,sub50_fnhis,Worksheet,
filesystem,arquivo,,SNHIS/FNHIS_SEMANAL_MCID_2026_03_23.xls,FNHIS_SEMANAL_MCID_2026_03_23.xls,.xls,dado_tabular_ou_serializado,1754112,2026-08-29T15:50:00+00:00,2026-03,nao_identificada,sub50_fnhis,sub50_fnhis,erro_excel:`Import xlrd` failed. Install xlrd >= 2.0.1 for xls Excel support Use pip or conda to install the xlrd package.,
filesystem,arquivo,,SNHIS/FNHIS_SEMANAL_MCID_2026_03_30.xls,FNHIS_SEMANAL_MCID_2026_03_30.xls,.xls,dado_tabular_ou_serializado,1754112,2026-08-29T15:50:00+00:00,2026-03,nao_identificada,sub50_fnhis,sub50_fnhis,erro_excel:`Import xlrd` failed. Install xlrd >= 2.0.1 for xls Excel support Use pip or conda to install the xlrd package.,
filesystem,arquivo,,SNHIS/FNHIS_SEMANAL_MCID_2026_04_06.xls,FNHIS_SEMANAL_MCID_2026_04_06.xls,.xls,dado_tabular_ou_serializado,1754112,2026-08-29T15:50:00+00:00,2026-04,nao_identificada,sub50_fnhis,sub50_fnhis,erro_excel:`Import xlrd` failed. Install xlrd >= 2.0.1 for xls Excel support Use pip or conda to install the xlrd package.,
filesystem,arquivo,,SNHIS/FNHIS_SEMANAL_MCID_2026_04_13.xls,FNHIS_SEMANAL_MCID_2026_04_13.xls,.xls,dado_tabular_ou_serializado,1754112,2026-08-29T15:50:00+00:00,2026-04,nao_identificada,sub50_fnhis,sub50_fnhis,erro_excel:`Import xlrd` failed. Install xlrd >= 2.0.1 for xls Excel support Use pip or conda to install the xlrd package.,
filesystem,arquivo,,SNHIS/FNHIS_SEMANAL_MCID_2026_04_20.xlsx,FNHIS_SEMANAL_MCID_2026_04_20.xlsx,.xlsx,dado_tabular_ou_serializado,642410,2026-08-29T15:50:00+00:00,2026-04,nao_identificada,sub50_fnhis,sub50_fnhis,Worksheet,
filesystem,arquivo,,SNHIS/FNHIS_SEMANAL_MCID_2026_04_27.xls,FNHIS_SEMANAL_MCID_2026_04_27.xls,.xls,dado_tabular_ou_serializado,1754112,2026-08-29T15:50:00+00:00,2026-04,nao_identificada,sub50_fnhis,sub50_fnhis,erro_excel:`Import xlrd` failed. Install xlrd >= 2.0.1 for xls Excel support Use pip or conda to install the xlrd package.,
filesystem,arquivo,,SNHIS/FNHIS_SEMANAL_MCID_2026_05_04.xls,FNHIS_SEMANAL_MCID_2026_05_04.xls,.xls,dado_tabular_ou_serializado,1754112,2026-08-29T15:50:00+00:00,2026-05,nao_identificada,sub50_fnhis,sub50_fnhis,erro_excel:`Import xlrd` failed. Install xlrd >= 2.0.1 for xls Excel support Use pip or conda to install the xlrd package.,
filesystem,arquivo,,SNHIS/FNHIS_SEMANAL_MCID_2026_05_11.xls,FNHIS_SEMANAL_MCID_2026_05_11.xls,.xls,dado_tabular_ou_serializado,1754112,2026-08-29T15:50:00+00:00,2026-05,nao_identificada,sub50_fnhis,sub50_fnhis,erro_excel:`Import xlrd` failed. Install xlrd >= 2.0.1 for xls Excel support Use pip or conda to install the xlrd package.,
filesystem,arquivo,,SNHIS/FNHIS_SEMANAL_MCID_2026_05_18.xls,FNHIS_SEMANAL_MCID_2026_05_18.xls,.xls,dado_tabular_ou_serializado,1796608,2026-08-29T15:50:00+00:00,2026-05,nao_identificada,sub50_fnhis,sub50_fnhis,erro_excel:`Import xlrd` failed. Install xlrd >= 2.0.1 for xls Excel support Use pip or conda to install the xlrd package.,
filesystem,arquivo,,SNHIS/FNHIS_SEMANAL_MCID_2026_05_25.xls,FNHIS_SEMANAL_MCID_2026_05_25.xls,.xls,dado_tabular_ou_serializado,1797120,2026-08-29T15:50:00+00:00,2026-05,nao_identificada,sub50_fnhis,sub50_fnhis,erro_excel:`Import xlrd` failed. Install xlrd >= 2.0.1 for xls Excel support Use pip or conda to install the xlrd package.,
filesystem,arquivo,,SNHIS/FNHIS_SEMANAL_MCID_2026_06_01.xls,FNHIS_SEMANAL_MCID_2026_06_01.xls,.xls,dado_tabular_ou_serializado,1797120,2026-08-29T15:50:00+00:00,2026-06,nao_identificada,sub50_fnhis,sub50_fnhis,erro_excel:`Import xlrd` failed. Install xlrd >= 2.0.1 for xls Excel support Use pip or conda to install the xlrd package.,
filesystem,arquivo,,SNHIS/FNHIS_SEMANAL_MCID_2026_06_08.xls,FNHIS_SEMANAL_MCID_2026_06_08.xls,.xls,dado_tabular_ou_serializado,1783808,2026-08-29T15:50:00+00:00,2026-06,nao_identificada,sub50_fnhis,sub50_fnhis,erro_excel:`Import xlrd` failed. Install xlrd >= 2.0.1 for xls Excel support Use pip or conda to install the xlrd package.,
filesystem,arquivo,,SNHIS/FNHIS_SEMANAL_MCID_2026_06_15.xls,FNHIS_SEMANAL_MCID_2026_06_15.xls,.xls,dado_tabular_ou_serializado,1797120,2026-08-29T15:50:00+00:00,2026-06,nao_identificada,sub50_fnhis,sub50_fnhis,erro_excel:`Import xlrd` failed. Install xlrd >= 2.0.1 for xls Excel support Use pip or conda to install the xlrd package.,
filesystem,arquivo,,SNHIS/FNHIS_SEMANAL_MCID_2026_06_29.xls,FNHIS_SEMANAL_MCID_2026_06_29.xls,.xls,dado_tabular_ou_serializado,1790464,2026-08-29T15:50:00+00:00,2026-06,nao_identificada,sub50_fnhis,sub50_fnhis,erro_excel:`Import xlrd` failed. Install xlrd >= 2.0.1 for xls Excel support Use pip or conda to install the xlrd package.,
filesystem,arquivo,,SNHIS/FNHIS_SEMANAL_MCID_2026_07_14.xls,FNHIS_SEMANAL_MCID_2026_07_14.xls,.xls,dado_tabular_ou_serializado,1798144,2026-08-29T15:50:00+00:00,2026-07,nao_identificada,sub50_fnhis,sub50_fnhis,erro_excel:`Import xlrd` failed. Install xlrd >= 2.0.1 for xls Excel support Use pip or conda to install the xlrd package.,
filesystem,arquivo,,SNHIS/FNHIS_SEMANAL_MCID_2026_07_27.xls,FNHIS_SEMANAL_MCID_2026_07_27.xls,.xls,dado_tabular_ou_serializado,1784320,2026-08-29T15:50:00+00:00,2026-07,nao_identificada,sub50_fnhis,sub50_fnhis,erro_excel:`Import xlrd` failed. Install xlrd >= 2.0.1 for xls Excel support Use pip or conda to install the xlrd package.,
filesystem,arquivo,,SNHIS/FNHIS_SEMANAL_MCID_2026_08_10.xlsx,FNHIS_SEMANAL_MCID_2026_08_10.xlsx,.xlsx,dado_tabular_ou_serializado,661587,2026-08-29T15:50:00+00:00,2026-08,nao_identificada,sub50_fnhis,sub50_fnhis,FNHIS Semanal MCID,
filesystem,pasta,,Site MCMV,Site MCMV,,pasta,,2026-08-29T15:49:00+00:00,,nao_identificada,mcmv_geral,mcmv_geral,,
filesystem,pasta,,Super Recentes,Super Recentes,,pasta,,2026-08-29T13:20:47.320354+00:00,,nao_identificada,nao_classificado,nao_classificado,,
filesystem,arquivo,,Super Recentes/202508_SNH_PMCMV_DADOS_PRIORITARIOS_AF_BB.txt,202508_SNH_PMCMV_DADOS_PRIORITARIOS_AF_BB.txt,.txt,dado_tabular_ou_serializado,309518,2026-08-29T16:12:00+00:00,2025-08,nao_identificada,nao_classificado,nao_classificado,,
filesystem,arquivo,,Super Recentes/202508_SNH_PMCMV_DADOS_PRIORITARIOS_AF_CAIXA.csv,202508_SNH_PMCMV_DADOS_PRIORITARIOS_AF_CAIXA.csv,.csv,dado_tabular_ou_serializado,4528828,2026-08-29T16:12:00+00:00,2025-08,nao_identificada,nao_classificado,nao_classificado,,
filesystem,arquivo,,Super Recentes/202508_SNH_PMCMV_DADOS_PRIORITARIOS_AF_CAIXA_ENTREGAS.csv,202508_SNH_PMCMV_DADOS_PRIORITARIOS_AF_CAIXA_ENTREGAS.csv,.csv,dado_tabular_ou_serializado,468762,2026-08-29T16:12:00+00:00,2025-08,entregas,nao_classificado,nao_classificado,,
filesystem,arquivo,,Super Recentes/202508_SNH_PMCMV_DADOS_PRIORITARIOS_DA_ENTREGA_DA_UNIDADE_AF_BB.txt,202508_SNH_PMCMV_DADOS_PRIORITARIOS_DA_ENTREGA_DA_UNIDADE_AF_BB.txt,.txt,dado_tabular_ou_serializado,221287,2026-08-29T16:12:00+00:00,2025-08,entregas,nao_classificado,nao_classificado,,
filesystem,arquivo,,Super Recentes/BB_AF_DIEMP_ANDAMENTO_OBRA_20250918.txt,BB_AF_DIEMP_ANDAMENTO_OBRA_20250918.txt,.txt,dado_tabular_ou_serializado,6567,2026-08-29T16:12:00+00:00,2025-09,nao_identificada,nao_classificado,nao_classificado,,
filesystem,arquivo,,Super Recentes/Base_PF_FGTS_20250807.txt,Base_PF_FGTS_20250807.txt,.txt,dado_tabular_ou_serializado,2194446038,2026-08-29T13:16:45.949853+00:00,2025-08,fgts,fgts_financiado,fgts_financiado,,
filesystem,arquivo,,Super Recentes/Base_PF_FGTS_20250907.txt,Base_PF_FGTS_20250907.txt,.txt,dado_tabular_ou_serializado,2206907146,2026-08-29T13:20:15.662638+00:00,2025-09,fgts,fgts_financiado,fgts_financiado,,
filesystem,arquivo,,Super Recentes/CAIXA_AF_GEHIS_ANDAMENTO_OBRA_M20250918.TXT,CAIXA_AF_GEHIS_ANDAMENTO_OBRA_M20250918.TXT,.txt,dado_tabular_ou_serializado,34051,2026-08-29T16:12:00+00:00,2025-09,nao_identificada,nao_classificado,nao_classificado,,
filesystem,arquivo,,Super Recentes/Dados_Prioritarios_Contratacoes_MCMV_FAR_FDS_RURAL_Semanal_20250919.csv,Dados_Prioritarios_Contratacoes_MCMV_FAR_FDS_RURAL_Semanal_20250919.csv,.csv,dado_tabular_ou_serializado,38744,2026-08-29T16:12:00+00:00,2025-09,nao_identificada,mcmv_geral;far;rural;entidades,far,,
filesystem,arquivo,,Super Recentes/INT021_MinisterioCidades_FAR_BB_PF_20250731.TXT,INT021_MinisterioCidades_FAR_BB_PF_20250731.TXT,.txt,dado_tabular_ou_serializado,31584895,2026-08-29T16:12:00+00:00,2025-07,nao_identificada,far,far,,
filesystem,arquivo,,Super Recentes/INT039_MinisterioCidades_FAR_CAIXA_PF_20241129.TXT,INT039_MinisterioCidades_FAR_CAIXA_PF_20241129.TXT,.txt,dado_tabular_ou_serializado,630,2026-08-29T16:12:00+00:00,2024-11,nao_identificada,far,far,,
filesystem,arquivo,,Super Recentes/INT040_MinisterioCidades_FAR_CAIXA_EMPREENDIMENTOS_20241129.TXT,INT040_MinisterioCidades_FAR_CAIXA_EMPREENDIMENTOS_20241129.TXT,.txt,dado_tabular_ou_serializado,2938394,2026-08-29T16:12:00+00:00,2024-11,nao_identificada,far,far,,
filesystem,arquivo,,Super Recentes/INT042_MinisterioCidades_FDS_CAIXA_PF-sem-delimitador-_20250731.TXT,INT042_MinisterioCidades_FDS_CAIXA_PF-sem-delimitador-_20250731.TXT,.txt,dado_tabular_ou_serializado,16980448,2026-08-29T16:12:00+00:00,2025-07,nao_identificada,entidades,entidades,,
filesystem,arquivo,,Super Recentes/INT054_MinisterioCidades_FAR_BB_EMPREENDIMENTOS_20241129.TXT,INT054_MinisterioCidades_FAR_BB_EMPREENDIMENTOS_20241129.TXT,.txt,dado_tabular_ou_serializado,78898,2026-08-29T16:12:00+00:00,2024-11,nao_identificada,far,far,,
filesystem,arquivo,,Super Recentes/INT055_MinisterioCidades_LIBERACOES_CAIXA_BB_20250318.TXT,INT055_MinisterioCidades_LIBERACOES_CAIXA_BB_20250318.TXT,.txt,dado_tabular_ou_serializado,10551335,2026-08-29T16:12:00+00:00,2025-03,nao_identificada,nao_classificado,nao_classificado,,
filesystem,arquivo,,Super Recentes/INT057_MinisterioCidades_PNHR_BB_EMPREENDIMENTOS_20241031.TXT,INT057_MinisterioCidades_PNHR_BB_EMPREENDIMENTOS_20241031.TXT,.txt,dado_tabular_ou_serializado,391866,2026-08-29T16:12:00+00:00,2024-10,nao_identificada,rural,rural,,
filesystem,arquivo,,Super Recentes/INT057_MinisterioCidades_PNHR_BB_EMPREENDIMENTOS_20241129.TXT,INT057_MinisterioCidades_PNHR_BB_EMPREENDIMENTOS_20241129.TXT,.txt,dado_tabular_ou_serializado,391273,2026-08-29T16:12:00+00:00,2024-11,nao_identificada,rural,rural,,
filesystem,arquivo,,Super Recentes/INT058_MinisterioCidades_PNHR_BB_PF_20250731.TXT,INT058_MinisterioCidades_PNHR_BB_PF_20250731.TXT,.txt,dado_tabular_ou_serializado,5367278,2026-08-29T16:12:00+00:00,2025-07,nao_identificada,rural,rural,,
filesystem,arquivo,,Super Recentes/INT059_MinisterioCidades_FDS_CAIXA_EMPREENDIMENTOS_20250829.TXT,INT059_MinisterioCidades_FDS_CAIXA_EMPREENDIMENTOS_20250829.TXT,.txt,dado_tabular_ou_serializado,562523,2026-08-29T16:12:00+00:00,2025-08,nao_identificada,entidades,entidades,,
filesystem,arquivo,,Super Recentes/INT059_MinisterioCidades_FDS_CAIXA_EMPREENDIMENTOS_20251230.TXT,INT059_MinisterioCidades_FDS_CAIXA_EMPREENDIMENTOS_20251230.TXT,.txt,dado_tabular_ou_serializado,649279,2026-08-29T16:12:00+00:00,2025-12,nao_identificada,entidades,entidades,,
filesystem,arquivo,,Super Recentes/INT064_MinisterioCidades_PNHR_CAIXA_PF_20250731.TXT,INT064_MinisterioCidades_PNHR_CAIXA_PF_20250731.TXT,.txt,dado_tabular_ou_serializado,77034057,2026-08-29T16:12:00+00:00,2025-07,nao_identificada,rural,rural,,
filesystem,arquivo,,Super Recentes/INT065_MinisterioCidades_PNHR_CAIXA_EMPREENDIMENTOS_20241129.TXT,INT065_MinisterioCidades_PNHR_CAIXA_EMPREENDIMENTOS_20241129.TXT,.txt,dado_tabular_ou_serializado,2864030,2026-08-29T16:12:00+00:00,2024-11,nao_identificada,rural,rural,,
filesystem,arquivo,,Super Recentes/INT068_MDR_Solicitacao_Liberacao_Obra_20250807.TXT,INT068_MDR_Solicitacao_Liberacao_Obra_20250807.TXT,.txt,dado_tabular_ou_serializado,6624080,2026-08-29T16:12:00+00:00,2025-08,nao_identificada,nao_classificado,nao_classificado,,
filesystem,arquivo,,Super Recentes/INT068_MDR_Solicitacao_Liberacao_Obra_20251229.TXT,INT068_MDR_Solicitacao_Liberacao_Obra_20251229.TXT,.txt,dado_tabular_ou_serializado,6821893,2026-08-29T16:12:00+00:00,2025-12,nao_identificada,nao_classificado,nao_classificado,,
filesystem,arquivo,,Super Recentes/PMCMV_FAIXA3_MCID_2025_09_26.csv,PMCMV_FAIXA3_MCID_2025_09_26.csv,.csv,dado_tabular_ou_serializado,6321784,2026-08-29T16:12:00+00:00,2025-09,nao_identificada,nao_classificado,nao_classificado,,
filesystem,pasta,,Trabalho Social,Trabalho Social,,pasta,,2026-08-29T13:22:16.225576+00:00,,nao_identificada,nao_classificado,nao_classificado,,
filesystem,pasta,,Trabalho Social/Arquivados,Arquivados,,pasta,,2026-08-29T13:22:16.185498+00:00,,nao_identificada,nao_classificado,nao_classificado,,
filesystem,arquivo,,Trabalho Social/Arquivados/BASES_TS-20240722.zip,BASES_TS-20240722.zip,.zip,arquivo_compactado,1559181,2026-08-29T16:21:00+00:00,2024-07,nao_identificada,nao_classificado,nao_classificado,,
filesystem,arquivo,,Trabalho Social/Arquivados/BASE_FAR_TS_01_2025.xlsx,BASE_FAR_TS_01_2025.xlsx,.xlsx,dado_tabular_ou_serializado,735255,2026-08-29T16:21:00+00:00,,nao_identificada,far,far,FAR_AF_CAIXA_31_01_2025; FAR_AF_BB_31_01_2025; DATA 30 80 E 100 OBRA,
filesystem,arquivo,,Trabalho Social/Arquivados/BASE_FDS_TS_01_2025.xlsx,BASE_FDS_TS_01_2025.xlsx,.xlsx,dado_tabular_ou_serializado,119392,2026-08-29T16:21:00+00:00,,nao_identificada,entidades,entidades,FDS_AF_CAIXA_31_01_2025,
filesystem,arquivo,,Trabalho Social/Arquivados/BASE_PNHR_TS_01_2025.xlsx,BASE_PNHR_TS_01_2025.xlsx,.xlsx,dado_tabular_ou_serializado,1352374,2026-08-29T16:21:00+00:00,,nao_identificada,rural,rural,PNHR_AF_CAIXA_31_01_2025; PNHR_AF_BB_31_01_2025,
filesystem,arquivo,,Trabalho Social/Arquivados/BASE_TS_01_2025.zip,BASE_TS_01_2025.zip,.zip,arquivo_compactado,2126827,2026-08-29T16:21:00+00:00,,nao_identificada,nao_classificado,nao_classificado,,
filesystem,arquivo,,Trabalho Social/Arquivados/BASE_TS_11_2024.zip,BASE_TS_11_2024.zip,.zip,arquivo_compactado,2352125,2026-08-29T16:21:00+00:00,,nao_identificada,nao_classificado,nao_classificado,,
filesystem,arquivo,,Trabalho Social/Arquivados/BASE_TS_12_2024.zip,BASE_TS_12_2024.zip,.zip,arquivo_compactado,2355594,2026-08-29T16:21:00+00:00,,nao_identificada,nao_classificado,nao_classificado,,
filesystem,arquivo,,Trabalho Social/Arquivados/MCMV_FAR_TS_CAIXA_BB_ 202508.xlsx,MCMV_FAR_TS_CAIXA_BB_ 202508.xlsx,.xlsx,dado_tabular_ou_serializado,538044,2026-08-29T16:21:00+00:00,2025-08,nao_identificada,mcmv_geral;far,far,FAR_AF_CAIXA_31_08_2025; FAR_AF_BB_31_08_2025,
filesystem,arquivo,,Trabalho Social/Arquivados/MCMV_FAR_TS_CAIXA_BB_202509.xlsx,MCMV_FAR_TS_CAIXA_BB_202509.xlsx,.xlsx,dado_tabular_ou_serializado,607426,2026-08-29T16:21:00+00:00,2025-09,nao_identificada,mcmv_geral;far,far,FAR_AF_CAIXA_09_2025; FAR_AF_BB_30_09_2025,
filesystem,arquivo,,Trabalho Social/Arquivados/MCMV_FAR_TS_CAIXA_BB_202510.xlsx,MCMV_FAR_TS_CAIXA_BB_202510.xlsx,.xlsx,dado_tabular_ou_serializado,602890,2026-08-29T16:21:00+00:00,2025-10,nao_identificada,mcmv_geral;far,far,FAR_AF_CAXA_10_2025; FAR_AF_BB_10_2025,
filesystem,arquivo,,Trabalho Social/Arquivados/MCMV_FAR_TS_CAIXA_BB_202511.xlsx,MCMV_FAR_TS_CAIXA_BB_202511.xlsx,.xlsx,dado_tabular_ou_serializado,613796,2026-08-29T16:21:00+00:00,2025-11,nao_identificada,mcmv_geral;far,far,FAR_AF_CAIXA_11_2025; FAR_AF_BB_11_2025,
filesystem,arquivo,,Trabalho Social/Arquivados/MCMV_FAR_TS_CAIXA_BB_202512.xlsx,MCMV_FAR_TS_CAIXA_BB_202512.xlsx,.xlsx,dado_tabular_ou_serializado,604720,2026-08-29T16:21:00+00:00,2025-12,nao_identificada,mcmv_geral;far,far,TS_AF_CAIXA_12_2025; TS_AF_BB_12_2025,
filesystem,arquivo,,Trabalho Social/Arquivados/MCMV_FDS_TS_CAIXA_ 202508.xlsx,MCMV_FDS_TS_CAIXA_ 202508.xlsx,.xlsx,dado_tabular_ou_serializado,143502,2026-08-29T16:21:00+00:00,2025-08,nao_identificada,mcmv_geral;entidades,entidades,FDS_TS_31_08_2025,
filesystem,arquivo,,Trabalho Social/Arquivados/MCMV_FDS_TS_CAIXA_202509.xlsx,MCMV_FDS_TS_CAIXA_202509.xlsx,.xlsx,dado_tabular_ou_serializado,146118,2026-08-29T16:21:00+00:00,2025-09,nao_identificada,mcmv_geral;entidades,entidades,FDS_09_2025,
filesystem,arquivo,,Trabalho Social/Arquivados/MCMV_FDS_TS_CAIXA_202510.xlsx,MCMV_FDS_TS_CAIXA_202510.xlsx,.xlsx,dado_tabular_ou_serializado,151699,2026-08-29T16:21:00+00:00,2025-10,nao_identificada,mcmv_geral;entidades,entidades,FDS_10_2025,
filesystem,arquivo,,Trabalho Social/Arquivados/MCMV_FDS_TS_CAIXA_202512.xlsx,MCMV_FDS_TS_CAIXA_202512.xlsx,.xlsx,dado_tabular_ou_serializado,153574,2026-08-29T16:21:00+00:00,2025-12,nao_identificada,mcmv_geral;entidades,entidades,TS_FDS_AF_CAIXA_12_2025,
filesystem,arquivo,,Trabalho Social/Arquivados/MCMV_FDS_TS_CAIXA_BB_202511.xlsx,MCMV_FDS_TS_CAIXA_BB_202511.xlsx,.xlsx,dado_tabular_ou_serializado,152045,2026-08-29T16:21:00+00:00,2025-11,nao_identificada,mcmv_geral;entidades,entidades,TS_FDS_11_2025,
filesystem,arquivo,,Trabalho Social/Arquivados/MCMV_RURAL_TS_BB_202508.xlsx,MCMV_RURAL_TS_BB_202508.xlsx,.xlsx,dado_tabular_ou_serializado,172474,2026-08-29T16:21:00+00:00,2025-08,nao_identificada,mcmv_geral;rural,rural,PNHR_AF_BB_08_2025,
filesystem,arquivo,,Trabalho Social/Arquivados/MCMV_RURAL_TS_CAIXA_BB_ 202508.xlsx,MCMV_RURAL_TS_CAIXA_BB_ 202508.xlsx,.xlsx,dado_tabular_ou_serializado,1242701,2026-08-29T16:21:00+00:00,2025-08,nao_identificada,mcmv_geral;rural,rural,PNHR_RURAL_CAIXA_31_08_2025; PNHR_BB_31_08_2025,
filesystem,arquivo,,Trabalho Social/Arquivados/MCMV_RURAL_TS_CAIXA_BB_202509.xlsx,MCMV_RURAL_TS_CAIXA_BB_202509.xlsx,.xlsx,dado_tabular_ou_serializado,1418217,2026-08-29T16:21:00+00:00,2025-09,nao_identificada,mcmv_geral;rural,rural,PNHR_RURAL_AF_CAIXA_09_2025; PNHR_AF_BB_09_2025,
filesystem,arquivo,,Trabalho Social/Arquivados/MCMV_RURAL_TS_CAIXA_BB_202510.xlsx,MCMV_RURAL_TS_CAIXA_BB_202510.xlsx,.xlsx,dado_tabular_ou_serializado,1478173,2026-08-29T16:21:00+00:00,2025-10,nao_identificada,mcmv_geral;rural,rural,PNHR_RURAL_AF_CAIXA_10_2025; PNHR_AF_BB_10_2025,
filesystem,arquivo,,Trabalho Social/Arquivados/MCMV_RURAL_TS_CAIXA_BB_202511.xlsx,MCMV_RURAL_TS_CAIXA_BB_202511.xlsx,.xlsx,dado_tabular_ou_serializado,1416606,2026-08-29T16:21:00+00:00,2025-11,nao_identificada,mcmv_geral;rural,rural,PNHR_RURAL_AF_CAIXA_11_2025; PNHR_AF_BB_11_2025,
filesystem,arquivo,,Trabalho Social/Arquivados/MCMV_RURAL_TS_CAIXA_BB_202512.xlsx,MCMV_RURAL_TS_CAIXA_BB_202512.xlsx,.xlsx,dado_tabular_ou_serializado,1402976,2026-08-29T16:21:00+00:00,2025-12,nao_identificada,mcmv_geral;rural,rural,TS_PNHR_RURAL_AF_CAIXA_12_2025; TS_PNHR_AF_BB_12_2025,
filesystem,arquivo,,Trabalho Social/Arquivados/Mensal_BASE_02_2025.7z,Mensal_BASE_02_2025.7z,.7z,outro,2019303,2026-08-29T16:21:00+00:00,,nao_identificada,nao_classificado,nao_classificado,,
filesystem,arquivo,,Trabalho Social/MCMV_FAR_TS_CAIXA_BB_ 202602.xlsx,MCMV_FAR_TS_CAIXA_BB_ 202602.xlsx,.xlsx,dado_tabular_ou_serializado,615460,2026-08-29T16:21:00+00:00,2026-02,nao_identificada,mcmv_geral;far,far,TS_AF_CAIXA_02_2026; TS_AF_BB_02_2026,
filesystem,arquivo,,Trabalho Social/MCMV_FAR_TS_CAIXA_BB_ 202603.xlsx,MCMV_FAR_TS_CAIXA_BB_ 202603.xlsx,.xlsx,dado_tabular_ou_serializado,664289,2026-08-29T16:21:00+00:00,2026-03,nao_identificada,mcmv_geral;far,far,TS_AF_CAIXA_03_2026; TS_AF_BB_03_2026,
filesystem,arquivo,,Trabalho Social/MCMV_FAR_TS_CAIXA_BB_ 202604.xlsx,MCMV_FAR_TS_CAIXA_BB_ 202604.xlsx,.xlsx,dado_tabular_ou_serializado,664073,2026-08-29T16:21:00+00:00,2026-04,nao_identificada,mcmv_geral;far,far,TS_AF_CAIXA_04_26; TS_AF_BB_04_26,
filesystem,arquivo,,Trabalho Social/MCMV_FAR_TS_CAIXA_BB_ 202605.xlsx,MCMV_FAR_TS_CAIXA_BB_ 202605.xlsx,.xlsx,dado_tabular_ou_serializado,601862,2026-08-29T16:21:00+00:00,2026-05,nao_identificada,mcmv_geral;far,far,TS_AF_CAIXA_05_2026; TS_AF_BB_05_2026,
filesystem,arquivo,,Trabalho Social/MCMV_FAR_TS_CAIXA_BB_ 202606.xlsx,MCMV_FAR_TS_CAIXA_BB_ 202606.xlsx,.xlsx,dado_tabular_ou_serializado,613103,2026-08-29T16:21:00+00:00,2026-06,nao_identificada,mcmv_geral;far,far,TS_AF_CAIXA_06_2026; TS_AF_BB_06_2026,
filesystem,arquivo,,Trabalho Social/MCMV_FAR_TS_CAIXA_BB_ 202607.xlsx,MCMV_FAR_TS_CAIXA_BB_ 202607.xlsx,.xlsx,dado_tabular_ou_serializado,612958,2026-08-29T16:21:00+00:00,2026-07,nao_identificada,mcmv_geral;far,far,TS_AF_CAIXA_FAR_07_26; TS_AF_BB_FAR_07_26,
filesystem,arquivo,,Trabalho Social/MCMV_FAR_TS_CAIXA_BB_202601.xlsx,MCMV_FAR_TS_CAIXA_BB_202601.xlsx,.xlsx,dado_tabular_ou_serializado,563641,2026-08-29T16:21:00+00:00,2026-01,nao_identificada,mcmv_geral;far,far,TS_AF_CAIXA_01_2026; TS_AF_BB_01_2026; Planilha2; Planilha1,
filesystem,arquivo,,Trabalho Social/MCMV_FDS_TS_CAIXA_ 202602.xlsx,MCMV_FDS_TS_CAIXA_ 202602.xlsx,.xlsx,dado_tabular_ou_serializado,147509,2026-08-29T16:21:00+00:00,2026-02,nao_identificada,mcmv_geral;entidades,entidades,TS_FDS_02_2026,
filesystem,arquivo,,Trabalho Social/MCMV_FDS_TS_CAIXA_ 202603.xlsx,MCMV_FDS_TS_CAIXA_ 202603.xlsx,.xlsx,dado_tabular_ou_serializado,171096,2026-08-29T16:21:00+00:00,2026-03,nao_identificada,mcmv_geral;entidades,entidades,TS_AF_CAIXA_03_2026,
filesystem,arquivo,,Trabalho Social/MCMV_FDS_TS_CAIXA_ 202604.xlsx,MCMV_FDS_TS_CAIXA_ 202604.xlsx,.xlsx,dado_tabular_ou_serializado,172514,2026-08-29T16:21:00+00:00,2026-04,nao_identificada,mcmv_geral;entidades,entidades,TS_FDS_04_26; Planilha1,
filesystem,arquivo,,Trabalho Social/MCMV_FDS_TS_CAIXA_ 202605.xlsx,MCMV_FDS_TS_CAIXA_ 202605.xlsx,.xlsx,dado_tabular_ou_serializado,160242,2026-08-29T16:21:00+00:00,2026-05,nao_identificada,mcmv_geral;entidades,entidades,TS_AF_CAIXA_FDS_05_26,
filesystem,arquivo,,Trabalho Social/MCMV_FDS_TS_CAIXA_ 202606.xlsx,MCMV_FDS_TS_CAIXA_ 202606.xlsx,.xlsx,dado_tabular_ou_serializado,161936,2026-08-29T16:21:00+00:00,2026-06,nao_identificada,mcmv_geral;entidades,entidades,TS_AF_CAIXA_06_2026,
filesystem,arquivo,,Trabalho Social/MCMV_FDS_TS_CAIXA_ 202607.xlsx,MCMV_FDS_TS_CAIXA_ 202607.xlsx,.xlsx,dado_tabular_ou_serializado,161293,2026-08-29T16:21:00+00:00,2026-07,nao_identificada,mcmv_geral;entidades,entidades,TS_AF_CAIXA_FDS_07_26,
filesystem,arquivo,,Trabalho Social/MCMV_FDS_TS_CAIXA_202601.xlsx,MCMV_FDS_TS_CAIXA_202601.xlsx,.xlsx,dado_tabular_ou_serializado,135739,2026-08-29T16:21:00+00:00,2026-01,nao_identificada,mcmv_geral;entidades,entidades,TS_FDS_AF_CAIXA_01_2026; Planilha1,
filesystem,arquivo,,Trabalho Social/MCMV_RURAL_TS_CAIXA_BB_ 202602.xlsx,MCMV_RURAL_TS_CAIXA_BB_ 202602.xlsx,.xlsx,dado_tabular_ou_serializado,1433090,2026-08-29T16:21:00+00:00,2026-02,nao_identificada,mcmv_geral;rural,rural,TS_AF_CAIXA_PNHR_RURAL_02_2026; TS_AF_BB_PNHR_02_2026,
filesystem,arquivo,,Trabalho Social/MCMV_RURAL_TS_CAIXA_BB_ 202603.xlsx,MCMV_RURAL_TS_CAIXA_BB_ 202603.xlsx,.xlsx,dado_tabular_ou_serializado,1505538,2026-08-29T16:21:00+00:00,2026-03,nao_identificada,mcmv_geral;rural,rural,TS_AF_CAIXA_03_2026; TS_AF_BB_03_2026,
filesystem,arquivo,,Trabalho Social/MCMV_RURAL_TS_CAIXA_BB_ 202604.xlsx,MCMV_RURAL_TS_CAIXA_BB_ 202604.xlsx,.xlsx,dado_tabular_ou_serializado,1507836,2026-08-29T16:21:00+00:00,2026-04,nao_identificada,mcmv_geral;rural,rural,TS_AF_CAIXA_PNHR_RURAL_04_26; TS_AF_BB_PNHR_04_26,
filesystem,arquivo,,Trabalho Social/MCMV_RURAL_TS_CAIXA_BB_ 202605.xlsx,MCMV_RURAL_TS_CAIXA_BB_ 202605.xlsx,.xlsx,dado_tabular_ou_serializado,1426854,2026-08-29T16:22:00+00:00,2026-05,nao_identificada,mcmv_geral;rural,rural,TS_AF_CAIXA_PNHR_RURAL_05_26; TS_AF_BB_PNHR_05_2026,
filesystem,arquivo,,Trabalho Social/MCMV_RURAL_TS_CAIXA_BB_ 202606.xlsx,MCMV_RURAL_TS_CAIXA_BB_ 202606.xlsx,.xlsx,dado_tabular_ou_serializado,1430291,2026-08-29T16:22:00+00:00,2026-06,nao_identificada,mcmv_geral;rural,rural,TS_AF_CAIXA_06_2026; TS_AF_BB_06_2026,
filesystem,arquivo,,Trabalho Social/MCMV_RURAL_TS_CAIXA_BB_ 202607.xlsx,MCMV_RURAL_TS_CAIXA_BB_ 202607.xlsx,.xlsx,dado_tabular_ou_serializado,1444997,2026-08-29T16:22:00+00:00,2026-07,nao_identificada,mcmv_geral;rural,rural,TS_AF_CAIXA_PNHR_RURAL_07_26; TS_AF_BB_PNHR_07_26,
filesystem,arquivo,,Trabalho Social/MCMV_RURAL_TS_CAIXA_BB_202601.xlsx,MCMV_RURAL_TS_CAIXA_BB_202601.xlsx,.xlsx,dado_tabular_ou_serializado,1288455,2026-08-29T16:22:00+00:00,2026-01,nao_identificada,mcmv_geral;rural,rural,TS_PNHR_RURAL_AF_CAIXA_01_2026; TS_PNHR_AF_BB_01_2026; caixa; BB,
filesystem,arquivo,,Trabalho Social/image.png,image.png,.png,outro,24310,2026-08-29T16:21:00+00:00,,nao_identificada,nao_classificado,nao_classificado,,
