tabela,coluna,regra
001_2011_08_agosto_previsão_de_conclusão_e_entrega_far_modelo,unidade_da_federacao,nao_nulos
001_2011_08_agosto_previsão_de_conclusão_e_entrega_far_modelo,empr_contratados,nao_nulos
001_2011_08_agosto_previsão_de_conclusão_e_entrega_far_modelo,empr_concluidos,nao_nulos
001_2011_08_agosto_previsão_de_conclusão_e_entrega_far_modelo,empr_entregues,nao_nulos
001_2011_08_agosto_previsão_de_conclusão_e_entrega_far_modelo,report_date,negocio
001_2011_08_agosto_previsão_de_conclusão_e_entrega_far_modelo,report_date,nao_nulos
_001_2012_01_janeiro_pmcmv_relatorio_executivo_31012012_base_bd,uf,nao_nulos
_001_2012_01_janeiro_pmcmv_relatorio_executivo_31012012_base_bd,municipio,nao_nulos
_001_2012_01_janeiro_pmcmv_relatorio_executivo_31012012_base_bd,nomeempreendimento,nao_nulos
_001_2012_01_janeiro_pmcmv_relatorio_executivo_31012012_base_bd,produto,nao_nulos
_001_2012_01_janeiro_pmcmv_relatorio_executivo_31012012_base_bd,faixa,nao_nulos
_001_2012_01_janeiro_pmcmv_relatorio_executivo_31012012_base_bd,unidades,nao_nulos
_001_2012_01_janeiro_pmcmv_relatorio_executivo_31012012_base_bd,valor,nao_nulos
_001_2012_01_janeiro_pmcmv_relatorio_executivo_31012012_base_bd,contratado,nao_nulos
_001_2012_01_janeiro_pmcmv_relatorio_executivo_31012012_base_bd,proposta_em_negociacao,nao_nulos
_001_2012_01_janeiro_pmcmv_relatorio_executivo_31012012_base_bd,report_date,negocio
_001_2012_01_janeiro_pmcmv_relatorio_executivo_31012012_base_bd,report_date,nao_nulos
001_2012_02_fevereiro_base_pmcmv_relatorio_executivo_10_02_2012,recorte_tipo,nao_nulos
001_2012_02_fevereiro_base_pmcmv_relatorio_executivo_10_02_2012,recorte_valor,nao_nulos
001_2012_02_fevereiro_base_pmcmv_relatorio_executivo_10_02_2012,data_referencia,nao_nulos
001_2012_02_fevereiro_base_pmcmv_relatorio_executivo_10_02_2012,valor,nao_nulos
001_2012_02_fevereiro_base_pmcmv_relatorio_executivo_10_02_2012,report_date,negocio
001_2012_02_fevereiro_base_pmcmv_relatorio_executivo_10_02_2012,report_date,nao_nulos
_001_2012_04_abril_2012_04_18_5c_base_contratação_pf_18042012,regiao,nao_nulos
_001_2012_04_abril_2012_04_18_5c_base_contratação_pf_18042012,uf,nao_nulos
_001_2012_04_abril_2012_04_18_5c_base_contratação_pf_18042012,codibge,nao_nulos
_001_2012_04_abril_2012_04_18_5c_base_contratação_pf_18042012,nomemunicipio,nao_nulos
_001_2012_04_abril_2012_04_18_5c_base_contratação_pf_18042012,siaci_nome_do_produto_pf,nao_nulos
_001_2012_04_abril_2012_04_18_5c_base_contratação_pf_18042012,renda_sm,nao_nulos
_001_2012_04_abril_2012_04_18_5c_base_contratação_pf_18042012,uh,nao_nulos
_001_2012_04_abril_2012_04_18_5c_base_contratação_pf_18042012,valor,nao_nulos
_001_2012_04_abril_2012_04_18_5c_base_contratação_pf_18042012,sub_fgts,nao_nulos
_001_2012_04_abril_2012_04_18_5c_base_contratação_pf_18042012,sub_ogu,nao_nulos
_001_2012_04_abril_2012_04_18_5c_base_contratação_pf_18042012,valor_total_da_operacao,nao_nulos
_001_2012_04_abril_2012_04_18_5c_base_contratação_pf_18042012,estado,nao_nulos
_001_2012_04_abril_2012_04_18_5c_base_contratação_pf_18042012,anocontratacao,nao_nulos
_001_2012_04_abril_2012_04_18_5c_base_contratação_pf_18042012,e_rm,nao_nulos
_001_2012_04_abril_2012_04_18_5c_base_contratação_pf_18042012,e_capital,nao_nulos
_001_2012_04_abril_2012_04_18_5c_base_contratação_pf_18042012,nome_faixa_pop_1,nao_nulos
_001_2012_04_abril_2012_04_18_5c_base_contratação_pf_18042012,unidadeentregue,nao_nulos
_001_2012_04_abril_2012_04_18_5c_base_contratação_pf_18042012,report_date,negocio
_001_2012_04_abril_2012_04_18_5c_base_contratação_pf_18042012,report_date,nao_nulos
001_2012_10_outubro_20121009_bases_relatório_executivo_0910201,uf,nao_nulos
001_2012_10_outubro_20121009_bases_relatório_executivo_0910201,codmunicibge,nao_nulos
001_2012_10_outubro_20121009_bases_relatório_executivo_0910201,municipio,nao_nulos
001_2012_10_outubro_20121009_bases_relatório_executivo_0910201,recortes_territoriais,nao_nulos
001_2012_10_outubro_20121009_bases_relatório_executivo_0910201,produto,nao_nulos
001_2012_10_outubro_20121009_bases_relatório_executivo_0910201,faixa,nao_nulos
001_2012_10_outubro_20121009_bases_relatório_executivo_0910201,faixa_divisao,nao_nulos
001_2012_10_outubro_20121009_bases_relatório_executivo_0910201,unidades,nao_nulos
001_2012_10_outubro_20121009_bases_relatório_executivo_0910201,comercializadas,nao_nulos
001_2012_10_outubro_20121009_bases_relatório_executivo_0910201,valor_do_emprestimo,nao_nulos
001_2012_10_outubro_20121009_bases_relatório_executivo_0910201,valor_da_contrapartida_do_poder_publico,nao_nulos
001_2012_10_outubro_20121009_bases_relatório_executivo_0910201,valor_total_do_investimento,nao_nulos
001_2012_10_outubro_20121009_bases_relatório_executivo_0910201,siaci_valorsubsidio_fgts,nao_nulos
001_2012_10_outubro_20121009_bases_relatório_executivo_0910201,siaci_valorsubsidio_ogu,nao_nulos
001_2012_10_outubro_20121009_bases_relatório_executivo_0910201,idregistro,nao_nulos
001_2012_10_outubro_20121009_bases_relatório_executivo_0910201,codapf,negocio
001_2012_10_outubro_20121009_bases_relatório_executivo_0910201,codapf,nao_nulos
001_2012_10_outubro_20121009_bases_relatório_executivo_0910201,nomeempreendimento,nao_nulos
001_2012_10_outubro_20121009_bases_relatório_executivo_0910201,endereco_do_empreendimento,nao_nulos
001_2012_10_outubro_20121009_bases_relatório_executivo_0910201,construtora,nao_nulos
001_2012_10_outubro_20121009_bases_relatório_executivo_0910201,cnpj,nao_nulos
001_2012_10_outubro_20121009_bases_relatório_executivo_0910201,administracao_por_condominio,nao_nulos
001_2012_10_outubro_20121009_bases_relatório_executivo_0910201,trabalho_tecnico_social_tts,nao_nulos
001_2012_10_outubro_20121009_bases_relatório_executivo_0910201,dataprevistasr,nao_nulos
001_2012_10_outubro_20121009_bases_relatório_executivo_0910201,valor_total_liberado,nao_nulos
001_2012_10_outubro_20121009_bases_relatório_executivo_0910201,de_obra_executada,nao_nulos
001_2012_10_outubro_20121009_bases_relatório_executivo_0910201,unidades_concluidas,nao_nulos
001_2012_10_outubro_20121009_bases_relatório_executivo_0910201,unidades_em_obras,nao_nulos
001_2012_10_outubro_20121009_bases_relatório_executivo_0910201,faixa_perc,nao_nulos
001_2012_10_outubro_20121009_bases_relatório_executivo_0910201,unidades_entregues,nao_nulos
001_2012_10_outubro_20121009_bases_relatório_executivo_0910201,ano,nao_nulos
001_2012_10_outubro_20121009_bases_relatório_executivo_0910201,id_mcmv,nao_nulos
001_2012_10_outubro_20121009_bases_relatório_executivo_0910201,report_date,negocio
001_2012_10_outubro_20121009_bases_relatório_executivo_0910201,report_date,nao_nulos
001_2012_10_outubro_20121009_bases_relatório_executivo_1610201,uf,nao_nulos
001_2012_10_outubro_20121009_bases_relatório_executivo_1610201,codmunicibge,nao_nulos
001_2012_10_outubro_20121009_bases_relatório_executivo_1610201,municipio,nao_nulos
001_2012_10_outubro_20121009_bases_relatório_executivo_1610201,recortes_territoriais,nao_nulos
001_2012_10_outubro_20121009_bases_relatório_executivo_1610201,produto,nao_nulos
001_2012_10_outubro_20121009_bases_relatório_executivo_1610201,faixa,nao_nulos
001_2012_10_outubro_20121009_bases_relatório_executivo_1610201,faixa_divisao,nao_nulos
001_2012_10_outubro_20121009_bases_relatório_executivo_1610201,unidades,nao_nulos
001_2012_10_outubro_20121009_bases_relatório_executivo_1610201,comercializadas,nao_nulos
001_2012_10_outubro_20121009_bases_relatório_executivo_1610201,valor_do_emprestimo,nao_nulos
001_2012_10_outubro_20121009_bases_relatório_executivo_1610201,valor_da_contrapartida_do_poder_publico,nao_nulos
001_2012_10_outubro_20121009_bases_relatório_executivo_1610201,valor_total_do_investimento,nao_nulos
001_2012_10_outubro_20121009_bases_relatório_executivo_1610201,siaci_valorsubsidio_fgts,nao_nulos
001_2012_10_outubro_20121009_bases_relatório_executivo_1610201,siaci_valorsubsidio_ogu,nao_nulos
001_2012_10_outubro_20121009_bases_relatório_executivo_1610201,idregistro,nao_nulos
001_2012_10_outubro_20121009_bases_relatório_executivo_1610201,codapf,negocio
001_2012_10_outubro_20121009_bases_relatório_executivo_1610201,codapf,nao_nulos
001_2012_10_outubro_20121009_bases_relatório_executivo_1610201,nomeempreendimento,nao_nulos
001_2012_10_outubro_20121009_bases_relatório_executivo_1610201,endereco_do_empreendimento,nao_nulos
001_2012_10_outubro_20121009_bases_relatório_executivo_1610201,construtora,nao_nulos
001_2012_10_outubro_20121009_bases_relatório_executivo_1610201,cnpj,nao_nulos
001_2012_10_outubro_20121009_bases_relatório_executivo_1610201,administracao_por_condominio,nao_nulos
001_2012_10_outubro_20121009_bases_relatório_executivo_1610201,trabalho_tecnico_social_tts,nao_nulos
001_2012_10_outubro_20121009_bases_relatório_executivo_1610201,dataprevistasr,nao_nulos
001_2012_10_outubro_20121009_bases_relatório_executivo_1610201,valor_total_liberado,nao_nulos
001_2012_10_outubro_20121009_bases_relatório_executivo_1610201,de_obra_executada,nao_nulos
001_2012_10_outubro_20121009_bases_relatório_executivo_1610201,unidades_concluidas,nao_nulos
001_2012_10_outubro_20121009_bases_relatório_executivo_1610201,unidades_em_obras,nao_nulos
001_2012_10_outubro_20121009_bases_relatório_executivo_1610201,faixa_perc,nao_nulos
001_2012_10_outubro_20121009_bases_relatório_executivo_1610201,unidades_entregues,nao_nulos
001_2012_10_outubro_20121009_bases_relatório_executivo_1610201,ano,nao_nulos
001_2012_10_outubro_20121009_bases_relatório_executivo_1610201,id_mcmv,nao_nulos
001_2012_10_outubro_20121009_bases_relatório_executivo_1610201,report_date,negocio
001_2012_10_outubro_20121009_bases_relatório_executivo_1610201,report_date,nao_nulos
_001_2012_11_novembro_sintese_20121128_evento_1_milhao_entregas,unnamed_1,nao_nulos
_001_2012_11_novembro_sintese_20121128_evento_1_milhao_entregas,report_date,negocio
_001_2012_11_novembro_sintese_20121128_evento_1_milhao_entregas,report_date,nao_nulos
011_12_dezembro_pmcmv_relatorio_executivo_31122011_base___cópi,uf,nao_nulos
011_12_dezembro_pmcmv_relatorio_executivo_31122011_base___cópi,municipio,nao_nulos
011_12_dezembro_pmcmv_relatorio_executivo_31122011_base___cópi,nomeempreendimento,nao_nulos
011_12_dezembro_pmcmv_relatorio_executivo_31122011_base___cópi,produto,nao_nulos
011_12_dezembro_pmcmv_relatorio_executivo_31122011_base___cópi,faixa,nao_nulos
011_12_dezembro_pmcmv_relatorio_executivo_31122011_base___cópi,unidades,nao_nulos
011_12_dezembro_pmcmv_relatorio_executivo_31122011_base___cópi,valor,nao_nulos
011_12_dezembro_pmcmv_relatorio_executivo_31122011_base___cópi,contratado,nao_nulos
011_12_dezembro_pmcmv_relatorio_executivo_31122011_base___cópi,proposta_em_negociacao,nao_nulos
011_12_dezembro_pmcmv_relatorio_executivo_31122011_base___cópi,report_date,negocio
018_int040_ministeriocidades_far_caixa_empreendimentos_20181001,origem,nao_nulos
018_int040_ministeriocidades_far_caixa_empreendimentos_20181001,dt_movimento,nao_nulos
018_int040_ministeriocidades_far_caixa_empreendimentos_20181001,cod_agente_financeiro,nao_nulos
018_int040_ministeriocidades_far_caixa_empreendimentos_20181001,cod_municipio_ibge,negocio
018_int040_ministeriocidades_far_caixa_empreendimentos_20181001,cod_municipio_ibge,nao_nulos
018_int040_ministeriocidades_far_caixa_empreendimentos_20181001,nu_apf,negocio
018_int040_ministeriocidades_far_caixa_empreendimentos_20181001,nu_apf,nao_nulos
018_int040_ministeriocidades_far_caixa_empreendimentos_20181001,no_empreendimento,nao_nulos
018_int040_ministeriocidades_far_caixa_empreendimentos_20181001,situacao_obra_gefus,nao_nulos
018_int040_ministeriocidades_far_caixa_empreendimentos_20181001,dt_ultima_liberacao_recurso,nao_nulos
018_int040_ministeriocidades_far_caixa_empreendimentos_20181001,dt_ultima_entrega,nao_nulos
018_int040_ministeriocidades_far_caixa_empreendimentos_20181001,percentual_obra_realizado,nao_nulos
018_int040_ministeriocidades_far_caixa_empreendimentos_20181001,vlr_operacao,nao_nulos
018_int040_ministeriocidades_far_caixa_empreendimentos_20181001,vr_investimento,nao_nulos
018_int040_ministeriocidades_far_caixa_empreendimentos_20181001,vr_liberado,nao_nulos
018_int040_ministeriocidades_far_caixa_empreendimentos_20181001,qt_unidade_financiadas,nao_nulos
018_int040_ministeriocidades_far_caixa_empreendimentos_20181001,qt_unidades_concluidas,nao_nulos
018_int040_ministeriocidades_far_caixa_empreendimentos_20181001,qt_unidades_ociosas,nao_nulos
018_int040_ministeriocidades_far_caixa_empreendimentos_20181001,qt_unidades_entregues,nao_nulos
018_int040_ministeriocidades_far_caixa_empreendimentos_20181001,razao_social_proponente,nao_nulos
018_int040_ministeriocidades_far_caixa_empreendimentos_20181001,cnpj_proponente,nao_nulos
018_int040_ministeriocidades_far_caixa_empreendimentos_20181001,cod_situacao_contrato_pj,nao_nulos
018_int040_ministeriocidades_far_caixa_empreendimentos_20181001,desc_situacao_contrato,nao_nulos
018_int040_ministeriocidades_far_caixa_empreendimentos_20181001,dsc_tipologia,nao_nulos
018_int040_ministeriocidades_far_caixa_empreendimentos_20181001,cod_tipo_contrato,nao_nulos
018_int040_ministeriocidades_far_caixa_empreendimentos_20181001,nome_tipo_contrato,nao_nulos
018_int040_ministeriocidades_far_caixa_empreendimentos_20181001,liberacao_obra,nao_nulos
018_int040_ministeriocidades_far_caixa_empreendimentos_20181001,liberacao_terreno,nao_nulos
018_int040_ministeriocidades_far_caixa_empreendimentos_20181001,liberacao_ts,nao_nulos
018_int040_ministeriocidades_far_caixa_empreendimentos_20181001,liberacao_ts_adicional,nao_nulos
018_int040_ministeriocidades_far_caixa_empreendimentos_20181001,vr_contrapartida_1,nao_nulos
018_int040_ministeriocidades_far_caixa_empreendimentos_20181001,report_date,negocio
018_int040_ministeriocidades_far_caixa_empreendimentos_20181001,report_date,nao_nulos
024_10_snh_pmcmv_dados_prioritarios_da_entrega_da_unidade_af_bb,data_de_movimento,nao_nulos
024_10_snh_pmcmv_dados_prioritarios_da_entrega_da_unidade_af_bb,agente_financeiro,nao_nulos
024_10_snh_pmcmv_dados_prioritarios_da_entrega_da_unidade_af_bb,apf,negocio
024_10_snh_pmcmv_dados_prioritarios_da_entrega_da_unidade_af_bb,apf,nao_nulos
024_10_snh_pmcmv_dados_prioritarios_da_entrega_da_unidade_af_bb,dt_ass_doc,nao_nulos
024_10_snh_pmcmv_dados_prioritarios_da_entrega_da_unidade_af_bb,numero_de_unidades_entregues,nao_nulos
024_10_snh_pmcmv_dados_prioritarios_da_entrega_da_unidade_af_bb,report_date,negocio
1_2018_int054_ministeriocidades_far_bb_empreendimentos_20180831,origem,nao_nulos
1_2018_int054_ministeriocidades_far_bb_empreendimentos_20180831,dt_movimento,nao_nulos
1_2018_int054_ministeriocidades_far_bb_empreendimentos_20180831,cod_agente_financeiro,nao_nulos
1_2018_int054_ministeriocidades_far_bb_empreendimentos_20180831,nu_apf,negocio
1_2018_int054_ministeriocidades_far_bb_empreendimentos_20180831,nu_apf,nao_nulos
1_2018_int054_ministeriocidades_far_bb_empreendimentos_20180831,no_empreendimento,nao_nulos
1_2018_int054_ministeriocidades_far_bb_empreendimentos_20180831,dt_contratacao,negocio
1_2018_int054_ministeriocidades_far_bb_empreendimentos_20180831,dt_contratacao,nao_nulos
1_2018_int054_ministeriocidades_far_bb_empreendimentos_20180831,dt_ultima_liberacao_recurso,nao_nulos
1_2018_int054_ministeriocidades_far_bb_empreendimentos_20180831,percentual_obra_realizado,nao_nulos
1_2018_int054_ministeriocidades_far_bb_empreendimentos_20180831,vr_emprestimo_far,nao_nulos
1_2018_int054_ministeriocidades_far_bb_empreendimentos_20180831,vr_investimento,nao_nulos
1_2018_int054_ministeriocidades_far_bb_empreendimentos_20180831,total_liberado_far,nao_nulos
1_2018_int054_ministeriocidades_far_bb_empreendimentos_20180831,qt_unidades_habitacionais,nao_nulos
1_2018_int054_ministeriocidades_far_bb_empreendimentos_20180831,qt_unidades_concluidas,nao_nulos
1_2018_int054_ministeriocidades_far_bb_empreendimentos_20180831,qt_unidades_ociosas,nao_nulos
1_2018_int054_ministeriocidades_far_bb_empreendimentos_20180831,qt_unidades_entregues,nao_nulos
1_2018_int054_ministeriocidades_far_bb_empreendimentos_20180831,razao_social_proponente,nao_nulos
1_2018_int054_ministeriocidades_far_bb_empreendimentos_20180831,cnpj_proponente,nao_nulos
1_2018_int054_ministeriocidades_far_bb_empreendimentos_20180831,a_liberar_obra,nao_nulos
1_2018_int054_ministeriocidades_far_bb_empreendimentos_20180831,a_liberar_terreno,nao_nulos
1_2018_int054_ministeriocidades_far_bb_empreendimentos_20180831,a_liberar_ts,nao_nulos
1_2018_int054_ministeriocidades_far_bb_empreendimentos_20180831,nu_empreendimento,nao_nulos
1_2018_int054_ministeriocidades_far_bb_empreendimentos_20180831,no_municipio,nao_nulos
1_2018_int054_ministeriocidades_far_bb_empreendimentos_20180831,sg_uf,nao_nulos
1_2018_int054_ministeriocidades_far_bb_empreendimentos_20180831,report_date,negocio
1_2018_int054_ministeriocidades_far_bb_empreendimentos_20180831,report_date,nao_nulos
202402_snh_pmcmv_dados_prioritarios_da_entrega_da_unidade_af_bb,data_de_movimento,nao_nulos
202402_snh_pmcmv_dados_prioritarios_da_entrega_da_unidade_af_bb,agente_financeiro,nao_nulos
202402_snh_pmcmv_dados_prioritarios_da_entrega_da_unidade_af_bb,apf,negocio
202402_snh_pmcmv_dados_prioritarios_da_entrega_da_unidade_af_bb,apf,nao_nulos
202402_snh_pmcmv_dados_prioritarios_da_entrega_da_unidade_af_bb,dt_ass_doc,nao_nulos
202402_snh_pmcmv_dados_prioritarios_da_entrega_da_unidade_af_bb,numero_de_unidades_entregues,nao_nulos
202402_snh_pmcmv_dados_prioritarios_da_entrega_da_unidade_af_bb,report_date,negocio
202402_snh_pmcmv_dados_prioritarios_da_entrega_da_unidade_af_bb,report_date,nao_nulos
202406_snh_pmcmv_dados_prioritarios_da_entrega_da_unidade_af_bb,data_de_movimento,nao_nulos
202406_snh_pmcmv_dados_prioritarios_da_entrega_da_unidade_af_bb,agente_financeiro,nao_nulos
202406_snh_pmcmv_dados_prioritarios_da_entrega_da_unidade_af_bb,apf,negocio
202406_snh_pmcmv_dados_prioritarios_da_entrega_da_unidade_af_bb,apf,nao_nulos
202406_snh_pmcmv_dados_prioritarios_da_entrega_da_unidade_af_bb,dt_ass_doc,nao_nulos
202406_snh_pmcmv_dados_prioritarios_da_entrega_da_unidade_af_bb,numero_de_unidades_entregues,nao_nulos
202406_snh_pmcmv_dados_prioritarios_da_entrega_da_unidade_af_bb,report_date,negocio
202406_snh_pmcmv_dados_prioritarios_da_entrega_da_unidade_af_bb,report_date,nao_nulos
202407_snh_pmcmv_dados_prioritarios_da_entrega_da_unidade_af_bb,data_de_movimento,nao_nulos
202407_snh_pmcmv_dados_prioritarios_da_entrega_da_unidade_af_bb,agente_financeiro,nao_nulos
202407_snh_pmcmv_dados_prioritarios_da_entrega_da_unidade_af_bb,apf,negocio
202407_snh_pmcmv_dados_prioritarios_da_entrega_da_unidade_af_bb,apf,nao_nulos
202407_snh_pmcmv_dados_prioritarios_da_entrega_da_unidade_af_bb,dt_ass_doc,nao_nulos
202407_snh_pmcmv_dados_prioritarios_da_entrega_da_unidade_af_bb,numero_de_unidades_entregues,nao_nulos
202407_snh_pmcmv_dados_prioritarios_da_entrega_da_unidade_af_bb,report_date,negocio
202407_snh_pmcmv_dados_prioritarios_da_entrega_da_unidade_af_bb,report_date,nao_nulos
202408_snh_pmcmv_dados_prioritarios_da_entrega_da_unidade_af_bb,data_de_movimento,nao_nulos
202408_snh_pmcmv_dados_prioritarios_da_entrega_da_unidade_af_bb,agente_financeiro,nao_nulos
202408_snh_pmcmv_dados_prioritarios_da_entrega_da_unidade_af_bb,apf,negocio
202408_snh_pmcmv_dados_prioritarios_da_entrega_da_unidade_af_bb,apf,nao_nulos
202408_snh_pmcmv_dados_prioritarios_da_entrega_da_unidade_af_bb,dt_ass_doc,nao_nulos
202408_snh_pmcmv_dados_prioritarios_da_entrega_da_unidade_af_bb,numero_de_unidades_entregues,nao_nulos
202408_snh_pmcmv_dados_prioritarios_da_entrega_da_unidade_af_bb,report_date,negocio
202408_snh_pmcmv_dados_prioritarios_da_entrega_da_unidade_af_bb,report_date,nao_nulos
202409_snh_pmcmv_dados_prioritarios_da_entrega_da_unidade_af_bb,data_de_movimento,nao_nulos
202409_snh_pmcmv_dados_prioritarios_da_entrega_da_unidade_af_bb,agente_financeiro,nao_nulos
202409_snh_pmcmv_dados_prioritarios_da_entrega_da_unidade_af_bb,apf,negocio
202409_snh_pmcmv_dados_prioritarios_da_entrega_da_unidade_af_bb,apf,nao_nulos
202409_snh_pmcmv_dados_prioritarios_da_entrega_da_unidade_af_bb,dt_ass_doc,nao_nulos
202409_snh_pmcmv_dados_prioritarios_da_entrega_da_unidade_af_bb,numero_de_unidades_entregues,nao_nulos
202409_snh_pmcmv_dados_prioritarios_da_entrega_da_unidade_af_bb,report_date,negocio
202409_snh_pmcmv_dados_prioritarios_da_entrega_da_unidade_af_bb,report_date,nao_nulos
202411_snh_pmcmv_dados_prioritarios_da_entrega_da_unidade_af_bb,data_de_movimento,nao_nulos
202411_snh_pmcmv_dados_prioritarios_da_entrega_da_unidade_af_bb,agente_financeiro,nao_nulos
202411_snh_pmcmv_dados_prioritarios_da_entrega_da_unidade_af_bb,apf,negocio
202411_snh_pmcmv_dados_prioritarios_da_entrega_da_unidade_af_bb,apf,nao_nulos
202411_snh_pmcmv_dados_prioritarios_da_entrega_da_unidade_af_bb,dt_ass_doc,nao_nulos
202411_snh_pmcmv_dados_prioritarios_da_entrega_da_unidade_af_bb,numero_de_unidades_entregues,nao_nulos
202411_snh_pmcmv_dados_prioritarios_da_entrega_da_unidade_af_bb,report_date,negocio
202411_snh_pmcmv_dados_prioritarios_da_entrega_da_unidade_af_bb,report_date,nao_nulos
202412_snh_pmcmv_dados_prioritarios_da_entrega_da_unidade_af_bb,data_de_movimento,nao_nulos
202412_snh_pmcmv_dados_prioritarios_da_entrega_da_unidade_af_bb,agente_financeiro,nao_nulos
202412_snh_pmcmv_dados_prioritarios_da_entrega_da_unidade_af_bb,apf,negocio
202412_snh_pmcmv_dados_prioritarios_da_entrega_da_unidade_af_bb,apf,nao_nulos
202412_snh_pmcmv_dados_prioritarios_da_entrega_da_unidade_af_bb,dt_ass_doc,nao_nulos
202412_snh_pmcmv_dados_prioritarios_da_entrega_da_unidade_af_bb,numero_de_unidades_entregues,nao_nulos
202412_snh_pmcmv_dados_prioritarios_da_entrega_da_unidade_af_bb,report_date,negocio
202412_snh_pmcmv_dados_prioritarios_da_entrega_da_unidade_af_bb,report_date,nao_nulos
202501_snh_pmcmv_dados_prioritarios_da_entrega_da_unidade_af_bb,data_de_movimento,nao_nulos
202501_snh_pmcmv_dados_prioritarios_da_entrega_da_unidade_af_bb,agente_financeiro,nao_nulos
202501_snh_pmcmv_dados_prioritarios_da_entrega_da_unidade_af_bb,apf,negocio
202501_snh_pmcmv_dados_prioritarios_da_entrega_da_unidade_af_bb,apf,nao_nulos
202501_snh_pmcmv_dados_prioritarios_da_entrega_da_unidade_af_bb,dt_ass_doc,nao_nulos
202501_snh_pmcmv_dados_prioritarios_da_entrega_da_unidade_af_bb,numero_de_unidades_entregues,nao_nulos
202501_snh_pmcmv_dados_prioritarios_da_entrega_da_unidade_af_bb,report_date,negocio
202501_snh_pmcmv_dados_prioritarios_da_entrega_da_unidade_af_bb,report_date,nao_nulos
202503_snh_pmcmv_dados_prioritarios_da_entrega_da_unidade_af_bb,data_de_movimento,nao_nulos
202503_snh_pmcmv_dados_prioritarios_da_entrega_da_unidade_af_bb,agente_financeiro,nao_nulos
202503_snh_pmcmv_dados_prioritarios_da_entrega_da_unidade_af_bb,apf,negocio
202503_snh_pmcmv_dados_prioritarios_da_entrega_da_unidade_af_bb,apf,nao_nulos
202503_snh_pmcmv_dados_prioritarios_da_entrega_da_unidade_af_bb,dt_ass_doc,nao_nulos
202503_snh_pmcmv_dados_prioritarios_da_entrega_da_unidade_af_bb,numero_de_unidades_entregues,nao_nulos
202503_snh_pmcmv_dados_prioritarios_da_entrega_da_unidade_af_bb,report_date,negocio
202503_snh_pmcmv_dados_prioritarios_da_entrega_da_unidade_af_bb,report_date,nao_nulos
202504_snh_pmcmv_dados_prioritarios_da_entrega_da_unidade_af_bb,data_de_movimento,nao_nulos
202504_snh_pmcmv_dados_prioritarios_da_entrega_da_unidade_af_bb,agente_financeiro,nao_nulos
202504_snh_pmcmv_dados_prioritarios_da_entrega_da_unidade_af_bb,apf,negocio
202504_snh_pmcmv_dados_prioritarios_da_entrega_da_unidade_af_bb,apf,nao_nulos
202504_snh_pmcmv_dados_prioritarios_da_entrega_da_unidade_af_bb,dt_ass_doc,nao_nulos
202504_snh_pmcmv_dados_prioritarios_da_entrega_da_unidade_af_bb,numero_de_unidades_entregues,nao_nulos
202504_snh_pmcmv_dados_prioritarios_da_entrega_da_unidade_af_bb,report_date,negocio
202504_snh_pmcmv_dados_prioritarios_da_entrega_da_unidade_af_bb,report_date,nao_nulos
202505_snh_pmcmv_dados_prioritarios_da_entrega_da_unidade_af_bb,data_de_movimento,nao_nulos
202505_snh_pmcmv_dados_prioritarios_da_entrega_da_unidade_af_bb,agente_financeiro,nao_nulos
202505_snh_pmcmv_dados_prioritarios_da_entrega_da_unidade_af_bb,apf,negocio
202505_snh_pmcmv_dados_prioritarios_da_entrega_da_unidade_af_bb,apf,nao_nulos
202505_snh_pmcmv_dados_prioritarios_da_entrega_da_unidade_af_bb,dt_ass_doc,nao_nulos
202505_snh_pmcmv_dados_prioritarios_da_entrega_da_unidade_af_bb,numero_de_unidades_entregues,nao_nulos
202505_snh_pmcmv_dados_prioritarios_da_entrega_da_unidade_af_bb,report_date,negocio
202505_snh_pmcmv_dados_prioritarios_da_entrega_da_unidade_af_bb,report_date,nao_nulos
202506_snh_pmcmv_dados_prioritarios_da_entrega_da_unidade_af_bb,data_de_movimento,nao_nulos
202506_snh_pmcmv_dados_prioritarios_da_entrega_da_unidade_af_bb,agente_financeiro,nao_nulos
202506_snh_pmcmv_dados_prioritarios_da_entrega_da_unidade_af_bb,apf,negocio
202506_snh_pmcmv_dados_prioritarios_da_entrega_da_unidade_af_bb,apf,nao_nulos
202506_snh_pmcmv_dados_prioritarios_da_entrega_da_unidade_af_bb,dt_ass_doc,nao_nulos
202506_snh_pmcmv_dados_prioritarios_da_entrega_da_unidade_af_bb,numero_de_unidades_entregues,nao_nulos
202506_snh_pmcmv_dados_prioritarios_da_entrega_da_unidade_af_bb,report_date,negocio
202506_snh_pmcmv_dados_prioritarios_da_entrega_da_unidade_af_bb,report_date,nao_nulos
202507_snh_pmcmv_dados_prioritarios_da_entrega_da_unidade_af_bb,data_de_movimento,nao_nulos
202507_snh_pmcmv_dados_prioritarios_da_entrega_da_unidade_af_bb,agente_financeiro,nao_nulos
202507_snh_pmcmv_dados_prioritarios_da_entrega_da_unidade_af_bb,apf,negocio
202507_snh_pmcmv_dados_prioritarios_da_entrega_da_unidade_af_bb,apf,nao_nulos
202507_snh_pmcmv_dados_prioritarios_da_entrega_da_unidade_af_bb,dt_ass_doc,nao_nulos
202507_snh_pmcmv_dados_prioritarios_da_entrega_da_unidade_af_bb,numero_de_unidades_entregues,nao_nulos
202507_snh_pmcmv_dados_prioritarios_da_entrega_da_unidade_af_bb,report_date,negocio
202507_snh_pmcmv_dados_prioritarios_da_entrega_da_unidade_af_bb,report_date,nao_nulos
202508_snh_pmcmv_dados_prioritarios_da_entrega_da_unidade_af_bb,data_de_movimento,nao_nulos
202508_snh_pmcmv_dados_prioritarios_da_entrega_da_unidade_af_bb,agente_financeiro,nao_nulos
202508_snh_pmcmv_dados_prioritarios_da_entrega_da_unidade_af_bb,apf,negocio
202508_snh_pmcmv_dados_prioritarios_da_entrega_da_unidade_af_bb,apf,nao_nulos
202508_snh_pmcmv_dados_prioritarios_da_entrega_da_unidade_af_bb,dt_ass_doc,nao_nulos
202508_snh_pmcmv_dados_prioritarios_da_entrega_da_unidade_af_bb,numero_de_unidades_entregues,nao_nulos
202508_snh_pmcmv_dados_prioritarios_da_entrega_da_unidade_af_bb,report_date,negocio
202508_snh_pmcmv_dados_prioritarios_da_entrega_da_unidade_af_bb,report_date,nao_nulos
202509_snh_pmcmv_dados_prioritarios_da_entrega_da_unidade_af_bb,data_de_movimento,nao_nulos
202509_snh_pmcmv_dados_prioritarios_da_entrega_da_unidade_af_bb,agente_financeiro,nao_nulos
202509_snh_pmcmv_dados_prioritarios_da_entrega_da_unidade_af_bb,apf,negocio
202509_snh_pmcmv_dados_prioritarios_da_entrega_da_unidade_af_bb,apf,nao_nulos
202509_snh_pmcmv_dados_prioritarios_da_entrega_da_unidade_af_bb,dt_ass_doc,nao_nulos
202509_snh_pmcmv_dados_prioritarios_da_entrega_da_unidade_af_bb,numero_de_unidades_entregues,nao_nulos
202509_snh_pmcmv_dados_prioritarios_da_entrega_da_unidade_af_bb,report_date,negocio
202509_snh_pmcmv_dados_prioritarios_da_entrega_da_unidade_af_bb,report_date,nao_nulos
202510_snh_pmcmv_dados_prioritarios_da_entrega_da_unidade_af_bb,data_de_movimento,nao_nulos
202510_snh_pmcmv_dados_prioritarios_da_entrega_da_unidade_af_bb,agente_financeiro,nao_nulos
202510_snh_pmcmv_dados_prioritarios_da_entrega_da_unidade_af_bb,apf,negocio
202510_snh_pmcmv_dados_prioritarios_da_entrega_da_unidade_af_bb,apf,nao_nulos
202510_snh_pmcmv_dados_prioritarios_da_entrega_da_unidade_af_bb,dt_ass_doc,nao_nulos
202510_snh_pmcmv_dados_prioritarios_da_entrega_da_unidade_af_bb,numero_de_unidades_entregues,nao_nulos
202510_snh_pmcmv_dados_prioritarios_da_entrega_da_unidade_af_bb,report_date,negocio
202510_snh_pmcmv_dados_prioritarios_da_entrega_da_unidade_af_bb,report_date,nao_nulos
202511_snh_pmcmv_dados_prioritarios_da_entrega_da_unidade_af_bb,data_de_movimento,nao_nulos
202511_snh_pmcmv_dados_prioritarios_da_entrega_da_unidade_af_bb,agente_financeiro,nao_nulos
202511_snh_pmcmv_dados_prioritarios_da_entrega_da_unidade_af_bb,apf,negocio
202511_snh_pmcmv_dados_prioritarios_da_entrega_da_unidade_af_bb,apf,nao_nulos
202511_snh_pmcmv_dados_prioritarios_da_entrega_da_unidade_af_bb,dt_ass_doc,nao_nulos
202511_snh_pmcmv_dados_prioritarios_da_entrega_da_unidade_af_bb,numero_de_unidades_entregues,nao_nulos
202511_snh_pmcmv_dados_prioritarios_da_entrega_da_unidade_af_bb,report_date,negocio
202511_snh_pmcmv_dados_prioritarios_da_entrega_da_unidade_af_bb,report_date,nao_nulos
202602_snh_pmcmv_dados_prioritarios_da_entrega_da_unidade_af_bb,data_de_movimento,nao_nulos
202602_snh_pmcmv_dados_prioritarios_da_entrega_da_unidade_af_bb,agente_financeiro,nao_nulos
202602_snh_pmcmv_dados_prioritarios_da_entrega_da_unidade_af_bb,apf,negocio
202602_snh_pmcmv_dados_prioritarios_da_entrega_da_unidade_af_bb,apf,nao_nulos
202602_snh_pmcmv_dados_prioritarios_da_entrega_da_unidade_af_bb,dt_ass_doc,nao_nulos
202602_snh_pmcmv_dados_prioritarios_da_entrega_da_unidade_af_bb,numero_de_unidades_entregues,nao_nulos
202602_snh_pmcmv_dados_prioritarios_da_entrega_da_unidade_af_bb,report_date,negocio
202602_snh_pmcmv_dados_prioritarios_da_entrega_da_unidade_af_bb,report_date,nao_nulos
202603_snh_pmcmv_dados_prioritarios_da_entrega_da_unidade_af_bb,data_de_movimento,nao_nulos
202603_snh_pmcmv_dados_prioritarios_da_entrega_da_unidade_af_bb,agente_financeiro,nao_nulos
202603_snh_pmcmv_dados_prioritarios_da_entrega_da_unidade_af_bb,apf,negocio
202603_snh_pmcmv_dados_prioritarios_da_entrega_da_unidade_af_bb,apf,nao_nulos
202603_snh_pmcmv_dados_prioritarios_da_entrega_da_unidade_af_bb,dt_ass_doc,nao_nulos
202603_snh_pmcmv_dados_prioritarios_da_entrega_da_unidade_af_bb,numero_de_unidades_entregues,nao_nulos
202603_snh_pmcmv_dados_prioritarios_da_entrega_da_unidade_af_bb,report_date,negocio
202603_snh_pmcmv_dados_prioritarios_da_entrega_da_unidade_af_bb,report_date,nao_nulos
a_001_2010_09___setembro_2010_contratação_pf_total___06092010,uf,nao_nulos
a_001_2010_09___setembro_2010_contratação_pf_total___06092010,municipio,nao_nulos
a_001_2010_09___setembro_2010_contratação_pf_total___06092010,nome_do_produto_pf,nao_nulos
a_001_2010_09___setembro_2010_contratação_pf_total___06092010,faixa,nao_nulos
a_001_2010_09___setembro_2010_contratação_pf_total___06092010,qtd_unidades,nao_nulos
a_001_2010_09___setembro_2010_contratação_pf_total___06092010,valor_financiamento,nao_nulos
a_001_2010_09___setembro_2010_contratação_pf_total___06092010,sub_fgts,nao_nulos
a_001_2010_09___setembro_2010_contratação_pf_total___06092010,sub_ogu,nao_nulos
a_001_2010_09___setembro_2010_contratação_pf_total___06092010,valor_total,nao_nulos
a_001_2010_09___setembro_2010_contratação_pf_total___06092010,report_date,negocio
a_001_2010_09___setembro_2010_contratação_pf_total___06092010,report_date,nao_nulos
aixa_001_2013_02___fevereiro_bases_relatório_executivo_1502201,uf,nao_nulos
aixa_001_2013_02___fevereiro_bases_relatório_executivo_1502201,codmunicibge,nao_nulos
aixa_001_2013_02___fevereiro_bases_relatório_executivo_1502201,municipio,nao_nulos
aixa_001_2013_02___fevereiro_bases_relatório_executivo_1502201,recortes_territoriais,nao_nulos
aixa_001_2013_02___fevereiro_bases_relatório_executivo_1502201,produto,nao_nulos
aixa_001_2013_02___fevereiro_bases_relatório_executivo_1502201,faixa,nao_nulos
aixa_001_2013_02___fevereiro_bases_relatório_executivo_1502201,faixa_divisao,nao_nulos
aixa_001_2013_02___fevereiro_bases_relatório_executivo_1502201,unidades,nao_nulos
aixa_001_2013_02___fevereiro_bases_relatório_executivo_1502201,comercializadas,nao_nulos
aixa_001_2013_02___fevereiro_bases_relatório_executivo_1502201,valor_do_emprestimo,nao_nulos
aixa_001_2013_02___fevereiro_bases_relatório_executivo_1502201,valor_da_contrapartida_do_poder_publico,nao_nulos
aixa_001_2013_02___fevereiro_bases_relatório_executivo_1502201,valor_total_do_investimento,nao_nulos
aixa_001_2013_02___fevereiro_bases_relatório_executivo_1502201,siaci_valorsubsidio_fgts,nao_nulos
aixa_001_2013_02___fevereiro_bases_relatório_executivo_1502201,siaci_valorsubsidio_ogu,nao_nulos
aixa_001_2013_02___fevereiro_bases_relatório_executivo_1502201,idregistro,nao_nulos
aixa_001_2013_02___fevereiro_bases_relatório_executivo_1502201,codapf,negocio
aixa_001_2013_02___fevereiro_bases_relatório_executivo_1502201,codapf,nao_nulos
aixa_001_2013_02___fevereiro_bases_relatório_executivo_1502201,nomeempreendimento,nao_nulos
aixa_001_2013_02___fevereiro_bases_relatório_executivo_1502201,endereco_do_empreendimento,nao_nulos
aixa_001_2013_02___fevereiro_bases_relatório_executivo_1502201,construtora,nao_nulos
aixa_001_2013_02___fevereiro_bases_relatório_executivo_1502201,cnpj,nao_nulos
aixa_001_2013_02___fevereiro_bases_relatório_executivo_1502201,administracao_por_condominio,nao_nulos
aixa_001_2013_02___fevereiro_bases_relatório_executivo_1502201,trabalho_tecnico_social_tts,nao_nulos
aixa_001_2013_02___fevereiro_bases_relatório_executivo_1502201,dataprevistasr,nao_nulos
aixa_001_2013_02___fevereiro_bases_relatório_executivo_1502201,valor_total_liberado,nao_nulos
aixa_001_2013_02___fevereiro_bases_relatório_executivo_1502201,de_obra_executada,nao_nulos
aixa_001_2013_02___fevereiro_bases_relatório_executivo_1502201,unidades_concluidas,nao_nulos
aixa_001_2013_02___fevereiro_bases_relatório_executivo_1502201,unidades_em_obras,nao_nulos
aixa_001_2013_02___fevereiro_bases_relatório_executivo_1502201,faixa_perc,nao_nulos
aixa_001_2013_02___fevereiro_bases_relatório_executivo_1502201,unidades_entregues,nao_nulos
aixa_001_2013_02___fevereiro_bases_relatório_executivo_1502201,ano,nao_nulos
aixa_001_2013_02___fevereiro_bases_relatório_executivo_1502201,id_mcmv,nao_nulos
aixa_001_2013_02___fevereiro_bases_relatório_executivo_1502201,report_date,negocio
aixa_001_2013_02___fevereiro_bases_relatório_executivo_1502201,report_date,nao_nulos
aixa_001_2013_02___fevereiro_bases_relatório_executivo_2802201,uf,nao_nulos
aixa_001_2013_02___fevereiro_bases_relatório_executivo_2802201,codmunicibge,nao_nulos
aixa_001_2013_02___fevereiro_bases_relatório_executivo_2802201,municipio,nao_nulos
aixa_001_2013_02___fevereiro_bases_relatório_executivo_2802201,recortes_territoriais,nao_nulos
aixa_001_2013_02___fevereiro_bases_relatório_executivo_2802201,produto,nao_nulos
aixa_001_2013_02___fevereiro_bases_relatório_executivo_2802201,faixa,nao_nulos
aixa_001_2013_02___fevereiro_bases_relatório_executivo_2802201,faixa_divisao,nao_nulos
aixa_001_2013_02___fevereiro_bases_relatório_executivo_2802201,unidades,nao_nulos
aixa_001_2013_02___fevereiro_bases_relatório_executivo_2802201,comercializadas,nao_nulos
aixa_001_2013_02___fevereiro_bases_relatório_executivo_2802201,valor_do_emprestimo,nao_nulos
aixa_001_2013_02___fevereiro_bases_relatório_executivo_2802201,valor_da_contrapartida_do_poder_publico,nao_nulos
aixa_001_2013_02___fevereiro_bases_relatório_executivo_2802201,valor_total_do_investimento,nao_nulos
aixa_001_2013_02___fevereiro_bases_relatório_executivo_2802201,siaci_valorsubsidio_fgts,nao_nulos
aixa_001_2013_02___fevereiro_bases_relatório_executivo_2802201,siaci_valorsubsidio_ogu,nao_nulos
aixa_001_2013_02___fevereiro_bases_relatório_executivo_2802201,idregistro,nao_nulos
aixa_001_2013_02___fevereiro_bases_relatório_executivo_2802201,codapf,negocio
aixa_001_2013_02___fevereiro_bases_relatório_executivo_2802201,codapf,nao_nulos
aixa_001_2013_02___fevereiro_bases_relatório_executivo_2802201,nomeempreendimento,nao_nulos
aixa_001_2013_02___fevereiro_bases_relatório_executivo_2802201,endereco_do_empreendimento,nao_nulos
aixa_001_2013_02___fevereiro_bases_relatório_executivo_2802201,construtora,nao_nulos
aixa_001_2013_02___fevereiro_bases_relatório_executivo_2802201,cnpj,nao_nulos
aixa_001_2013_02___fevereiro_bases_relatório_executivo_2802201,administracao_por_condominio,nao_nulos
aixa_001_2013_02___fevereiro_bases_relatório_executivo_2802201,trabalho_tecnico_social_tts,nao_nulos
aixa_001_2013_02___fevereiro_bases_relatório_executivo_2802201,dataprevistasr,nao_nulos
aixa_001_2013_02___fevereiro_bases_relatório_executivo_2802201,valor_total_liberado,nao_nulos
aixa_001_2013_02___fevereiro_bases_relatório_executivo_2802201,de_obra_executada,nao_nulos
aixa_001_2013_02___fevereiro_bases_relatório_executivo_2802201,unidades_concluidas,nao_nulos
aixa_001_2013_02___fevereiro_bases_relatório_executivo_2802201,unidades_em_obras,nao_nulos
aixa_001_2013_02___fevereiro_bases_relatório_executivo_2802201,faixa_perc,nao_nulos
aixa_001_2013_02___fevereiro_bases_relatório_executivo_2802201,unidades_entregues,nao_nulos
aixa_001_2013_02___fevereiro_bases_relatório_executivo_2802201,ano,nao_nulos
aixa_001_2013_02___fevereiro_bases_relatório_executivo_2802201,id_mcmv,nao_nulos
aixa_001_2013_02___fevereiro_bases_relatório_executivo_2802201,report_date,negocio
aixa_001_2013_02___fevereiro_bases_relatório_executivo_2802201,report_date,nao_nulos
aixa_001_2014_12_dezembro_bases_relatório_executivo_31122014_v,cmcmv,nao_nulos
aixa_001_2014_12_dezembro_bases_relatório_executivo_31122014_v,uf,nao_nulos
aixa_001_2014_12_dezembro_bases_relatório_executivo_31122014_v,municipio,nao_nulos
aixa_001_2014_12_dezembro_bases_relatório_executivo_31122014_v,cod_munic_ibge,nao_nulos
aixa_001_2014_12_dezembro_bases_relatório_executivo_31122014_v,recortes_territoriais,nao_nulos
aixa_001_2014_12_dezembro_bases_relatório_executivo_31122014_v,produto,nao_nulos
aixa_001_2014_12_dezembro_bases_relatório_executivo_31122014_v,faixa,nao_nulos
aixa_001_2014_12_dezembro_bases_relatório_executivo_31122014_v,faixa_divisao,nao_nulos
aixa_001_2014_12_dezembro_bases_relatório_executivo_31122014_v,iregistro,nao_nulos
aixa_001_2014_12_dezembro_bases_relatório_executivo_31122014_v,cod_apf,negocio
aixa_001_2014_12_dezembro_bases_relatório_executivo_31122014_v,cod_apf,nao_nulos
aixa_001_2014_12_dezembro_bases_relatório_executivo_31122014_v,vnome_empreendimento,nao_nulos
aixa_001_2014_12_dezembro_bases_relatório_executivo_31122014_v,endereco_do_empreendimento,nao_nulos
aixa_001_2014_12_dezembro_bases_relatório_executivo_31122014_v,vnome_construtora,nao_nulos
aixa_001_2014_12_dezembro_bases_relatório_executivo_31122014_v,inumero_cnpj,nao_nulos
aixa_001_2014_12_dezembro_bases_relatório_executivo_31122014_v,uh,nao_nulos
aixa_001_2014_12_dezembro_bases_relatório_executivo_31122014_v,iqde_unidades_entregues,nao_nulos
aixa_001_2014_12_dezembro_bases_relatório_executivo_31122014_v,uh_concluidas,nao_nulos
aixa_001_2014_12_dezembro_bases_relatório_executivo_31122014_v,uh_em_obras,nao_nulos
aixa_001_2014_12_dezembro_bases_relatório_executivo_31122014_v,uh_comercializadas,nao_nulos
aixa_001_2014_12_dezembro_bases_relatório_executivo_31122014_v,valor_do_emprestimo,nao_nulos
aixa_001_2014_12_dezembro_bases_relatório_executivo_31122014_v,valor_contrapartida_poder_publico,nao_nulos
aixa_001_2014_12_dezembro_bases_relatório_executivo_31122014_v,valor_total_do_investimento,nao_nulos
aixa_001_2014_12_dezembro_bases_relatório_executivo_31122014_v,subsidio_fgts,nao_nulos
aixa_001_2014_12_dezembro_bases_relatório_executivo_31122014_v,subsidio_ogu,nao_nulos
aixa_001_2014_12_dezembro_bases_relatório_executivo_31122014_v,valor_total_liberado,nao_nulos
aixa_001_2014_12_dezembro_bases_relatório_executivo_31122014_v,valor_gestao_condominial,nao_nulos
aixa_001_2014_12_dezembro_bases_relatório_executivo_31122014_v,obra_executada,nao_nulos
aixa_001_2014_12_dezembro_bases_relatório_executivo_31122014_v,vfaixa_percentual,nao_nulos
aixa_001_2014_12_dezembro_bases_relatório_executivo_31122014_v,ano_contratacao,nao_nulos
aixa_001_2014_12_dezembro_bases_relatório_executivo_31122014_v,data_prevista_termino_obra,nao_nulos
aixa_001_2014_12_dezembro_bases_relatório_executivo_31122014_v,report_date,negocio
aixa_001_2014_12_dezembro_bases_relatório_executivo_31122014_v,report_date,nao_nulos
aixa_001_2015_12_dezembro_bases_relatório_executivo_31122015v2,cmcmv,nao_nulos
aixa_001_2015_12_dezembro_bases_relatório_executivo_31122015v2,uf,nao_nulos
aixa_001_2015_12_dezembro_bases_relatório_executivo_31122015v2,municipio,nao_nulos
aixa_001_2015_12_dezembro_bases_relatório_executivo_31122015v2,cod_munic_ibge,nao_nulos
aixa_001_2015_12_dezembro_bases_relatório_executivo_31122015v2,recortes_territoriais,nao_nulos
aixa_001_2015_12_dezembro_bases_relatório_executivo_31122015v2,produto,nao_nulos
aixa_001_2015_12_dezembro_bases_relatório_executivo_31122015v2,faixa,nao_nulos
aixa_001_2015_12_dezembro_bases_relatório_executivo_31122015v2,faixa_divisao,nao_nulos
aixa_001_2015_12_dezembro_bases_relatório_executivo_31122015v2,cod_apf,negocio
aixa_001_2015_12_dezembro_bases_relatório_executivo_31122015v2,cod_apf,nao_nulos
aixa_001_2015_12_dezembro_bases_relatório_executivo_31122015v2,vnome_empreendimento,nao_nulos
aixa_001_2015_12_dezembro_bases_relatório_executivo_31122015v2,endereco_do_empreendimento,nao_nulos
aixa_001_2015_12_dezembro_bases_relatório_executivo_31122015v2,vnome_construtora,nao_nulos
aixa_001_2015_12_dezembro_bases_relatório_executivo_31122015v2,inumero_cnpj,nao_nulos
aixa_001_2015_12_dezembro_bases_relatório_executivo_31122015v2,uh,nao_nulos
aixa_001_2015_12_dezembro_bases_relatório_executivo_31122015v2,iqde_unidades_entregues,nao_nulos
aixa_001_2015_12_dezembro_bases_relatório_executivo_31122015v2,uh_concluidas,nao_nulos
aixa_001_2015_12_dezembro_bases_relatório_executivo_31122015v2,uh_em_obras,nao_nulos
aixa_001_2015_12_dezembro_bases_relatório_executivo_31122015v2,uh_comercializadas,nao_nulos
aixa_001_2015_12_dezembro_bases_relatório_executivo_31122015v2,valor_do_emprestimo,nao_nulos
aixa_001_2015_12_dezembro_bases_relatório_executivo_31122015v2,valor_contrapartida_poder_publico,nao_nulos
aixa_001_2015_12_dezembro_bases_relatório_executivo_31122015v2,valor_total_do_investimento,nao_nulos
aixa_001_2015_12_dezembro_bases_relatório_executivo_31122015v2,subsidio_fgts,nao_nulos
aixa_001_2015_12_dezembro_bases_relatório_executivo_31122015v2,subsidio_ogu,nao_nulos
aixa_001_2015_12_dezembro_bases_relatório_executivo_31122015v2,valor_total_liberado,nao_nulos
aixa_001_2015_12_dezembro_bases_relatório_executivo_31122015v2,valor_gestao_condominial,nao_nulos
aixa_001_2015_12_dezembro_bases_relatório_executivo_31122015v2,obra_executada,nao_nulos
aixa_001_2015_12_dezembro_bases_relatório_executivo_31122015v2,vfaixa_percentual,nao_nulos
aixa_001_2015_12_dezembro_bases_relatório_executivo_31122015v2,data_contratacao,nao_nulos
aixa_001_2015_12_dezembro_bases_relatório_executivo_31122015v2,ano_contratacao,nao_nulos
aixa_001_2015_12_dezembro_bases_relatório_executivo_31122015v2,report_date,negocio
aixa_001_2015_12_dezembro_bases_relatório_executivo_31122015v2,report_date,nao_nulos
aixa_001_2016_02_fevereiro_relatorio_cidades__entregas_20160229,cod_empreendimento,nao_nulos
aixa_001_2016_02_fevereiro_relatorio_cidades__entregas_20160229,entregues,nao_nulos
aixa_001_2016_02_fevereiro_relatorio_cidades__entregas_20160229,anomes,nao_nulos
aixa_001_2016_02_fevereiro_relatorio_cidades__entregas_20160229,dt_entrega,nao_nulos
aixa_001_2016_02_fevereiro_relatorio_cidades__entregas_20160229,report_date,negocio
aixa_001_2016_02_fevereiro_relatorio_cidades__entregas_20160229,report_date,nao_nulos
atorio_executivo_30092012_v3_bases_relatório_executivo_3009201,uf,nao_nulos
atorio_executivo_30092012_v3_bases_relatório_executivo_3009201,codmunicibge,nao_nulos
atorio_executivo_30092012_v3_bases_relatório_executivo_3009201,municipio,nao_nulos
atorio_executivo_30092012_v3_bases_relatório_executivo_3009201,recortes_territoriais,nao_nulos
atorio_executivo_30092012_v3_bases_relatório_executivo_3009201,produto,nao_nulos
atorio_executivo_30092012_v3_bases_relatório_executivo_3009201,faixa,nao_nulos
atorio_executivo_30092012_v3_bases_relatório_executivo_3009201,faixa_divisao,nao_nulos
atorio_executivo_30092012_v3_bases_relatório_executivo_3009201,unidades,nao_nulos
atorio_executivo_30092012_v3_bases_relatório_executivo_3009201,comercializadas,nao_nulos
atorio_executivo_30092012_v3_bases_relatório_executivo_3009201,valor_do_emprestimo,nao_nulos
atorio_executivo_30092012_v3_bases_relatório_executivo_3009201,valor_da_contrapartida_do_poder_publico,nao_nulos
atorio_executivo_30092012_v3_bases_relatório_executivo_3009201,valor_total_do_investimento,nao_nulos
atorio_executivo_30092012_v3_bases_relatório_executivo_3009201,siaci_valorsubsidio_fgts,nao_nulos
atorio_executivo_30092012_v3_bases_relatório_executivo_3009201,siaci_valorsubsidio_ogu,nao_nulos
atorio_executivo_30092012_v3_bases_relatório_executivo_3009201,idregistro,nao_nulos
atorio_executivo_30092012_v3_bases_relatório_executivo_3009201,codapf,negocio
atorio_executivo_30092012_v3_bases_relatório_executivo_3009201,codapf,nao_nulos
atorio_executivo_30092012_v3_bases_relatório_executivo_3009201,nomeempreendimento,nao_nulos
atorio_executivo_30092012_v3_bases_relatório_executivo_3009201,endereco_do_empreendimento,nao_nulos
atorio_executivo_30092012_v3_bases_relatório_executivo_3009201,construtora,nao_nulos
atorio_executivo_30092012_v3_bases_relatório_executivo_3009201,cnpj,nao_nulos
atorio_executivo_30092012_v3_bases_relatório_executivo_3009201,administracao_por_condominio,nao_nulos
atorio_executivo_30092012_v3_bases_relatório_executivo_3009201,trabalho_tecnico_social_tts,nao_nulos
atorio_executivo_30092012_v3_bases_relatório_executivo_3009201,dataprevistasr,nao_nulos
atorio_executivo_30092012_v3_bases_relatório_executivo_3009201,valor_total_liberado,nao_nulos
atorio_executivo_30092012_v3_bases_relatório_executivo_3009201,de_obra_executada,nao_nulos
atorio_executivo_30092012_v3_bases_relatório_executivo_3009201,unidades_concluidas,nao_nulos
atorio_executivo_30092012_v3_bases_relatório_executivo_3009201,unidades_em_obras,nao_nulos
atorio_executivo_30092012_v3_bases_relatório_executivo_3009201,faixa_perc,nao_nulos
atorio_executivo_30092012_v3_bases_relatório_executivo_3009201,unidades_entregues,nao_nulos
atorio_executivo_30092012_v3_bases_relatório_executivo_3009201,ano,nao_nulos
atorio_executivo_30092012_v3_bases_relatório_executivo_3009201,id_mcmv,nao_nulos
atorio_executivo_30092012_v3_bases_relatório_executivo_3009201,report_date,negocio
b_2012_04_abril_cópia_de_rel_min_cidades_valores_25_04_2012_bd,unidades_cadastradas_desligamento_plano_piloto,nao_nulos
b_2012_04_abril_cópia_de_rel_min_cidades_valores_25_04_2012_bd,unid_financ_pf_desligamento_plano_piloto,nao_nulos
b_2012_04_abril_cópia_de_rel_min_cidades_valores_25_04_2012_bd,total_financ_pf_desligamento_plano_piloto,nao_nulos
b_2012_04_abril_cópia_de_rel_min_cidades_valores_25_04_2012_bd,uh_produzidas_aprovado_cef_financ_a_producao_pj_e_repasse,nao_nulos
b_2012_04_abril_cópia_de_rel_min_cidades_valores_25_04_2012_bd,unid_financ_pf_aprovado_cef_financ_a_producao_pj_e_repasse,nao_nulos
b_2012_04_abril_cópia_de_rel_min_cidades_valores_25_04_2012_bd,unid_disponiveis_aprovado_cef_financ_a_producao_pj_e_repasse,nao_nulos
b_2012_04_abril_cópia_de_rel_min_cidades_valores_25_04_2012_bd,total_financ_pf_aprovado_cef_financ_a_producao_pj_e_repasse,nao_nulos
b_2012_04_abril_cópia_de_rel_min_cidades_valores_25_04_2012_bd,no_unidades_contratacao_total_pf,nao_nulos
b_2012_04_abril_cópia_de_rel_min_cidades_valores_25_04_2012_bd,valor_r_contratacao_total_pf,nao_nulos
b_2012_04_abril_cópia_de_rel_min_cidades_valores_25_04_2012_bd,report_date,negocio
b_2012_04_abril_cópia_de_rel_min_cidades_valores_25_04_2012_bd,report_date,nao_nulos
bb_2011_01_janeiro_rel_11jan2011,report_date,negocio
bb_2011_01_janeiro_rel_11jan2011,report_date,nao_nulos
bb_2011_01_janeiro_rel_25jan2011,report_date,negocio
bb_2011_01_janeiro_rel_25jan2011,report_date,nao_nulos
bb_2011_02_fevereiro_dados_22022011,regiao,nao_nulos
bb_2011_02_fevereiro_dados_22022011,montante_financiamentos_pf_no_bb,nao_nulos
bb_2011_02_fevereiro_dados_22022011,report_date,negocio
bb_2011_02_fevereiro_dados_22022011,report_date,nao_nulos
bb_2011_02_fevereiro_relatório_mcmv_bb_08_02_2011,report_date,negocio
bb_2011_02_fevereiro_relatório_mcmv_bb_08_02_2011,report_date,nao_nulos
bb_2011_02_fevereiro_relatório_mcmv_bb_16_02_2011,report_date,negocio
bb_2011_02_fevereiro_relatório_mcmv_bb_16_02_2011,report_date,nao_nulos
bb_2011_03_março_relatorio_min_cidades___22mar11,report_date,negocio
bb_2011_03_março_relatorio_min_cidades___22mar11,report_date,nao_nulos
bb_2011_04_abril_relatorio_min_cidades___18abr11,report_date,negocio
bb_2011_04_abril_relatorio_min_cidades___18abr11,report_date,nao_nulos
bb_2011_05_maio_relatorio_min_cidades___10mai11,report_date,negocio
bb_2011_05_maio_relatorio_min_cidades___10mai11,report_date,nao_nulos
bb_2011_05_maio_relatorio_min_cidades___24mai11,report_date,negocio
bb_2011_05_maio_relatorio_min_cidades___24mai11,report_date,nao_nulos
bb_2011_06_junho_relatorio_min_cidades___07jun11,report_date,negocio
bb_2011_06_junho_relatorio_min_cidades___07jun11,report_date,nao_nulos
bb_2011_07_julho_relatorio_min__cidades_19jul11,report_date,negocio
bb_2011_07_julho_relatorio_min__cidades_19jul11,report_date,nao_nulos
bb_2011_08_agosto_balanço_23_08_2011_min__planejamento,publico_alvo,nao_nulos
bb_2011_08_agosto_balanço_23_08_2011_min__planejamento,is_aggregate,nao_nulos
bb_2011_08_agosto_balanço_23_08_2011_min__planejamento,report_date,negocio
bb_2011_08_agosto_balanço_23_08_2011_min__planejamento,report_date,nao_nulos
bb_2011_08_agosto_relatorio_min__cidades_16ago11,unidades_cadastradas_desligamento_plano_piloto,nao_nulos
bb_2011_08_agosto_relatorio_min__cidades_16ago11,unid_financ_pf_desligamento_plano_piloto,nao_nulos
bb_2011_08_agosto_relatorio_min__cidades_16ago11,total_financ_pf_desligamento_plano_piloto,nao_nulos
bb_2011_08_agosto_relatorio_min__cidades_16ago11,report_date,negocio
bb_2011_08_agosto_relatorio_min__cidades_16ago11,report_date,nao_nulos
bb_2011_08_agosto_relatorio_min__cidades_30ago11,unidades_cadastradas_desligamento_plano_piloto,nao_nulos
bb_2011_08_agosto_relatorio_min__cidades_30ago11,unid_financ_pf_desligamento_plano_piloto,nao_nulos
bb_2011_08_agosto_relatorio_min__cidades_30ago11,total_financ_pf_desligamento_plano_piloto,nao_nulos
bb_2011_08_agosto_relatorio_min__cidades_30ago11,report_date,negocio
bb_2011_08_agosto_relatorio_min__cidades_30ago11,report_date,nao_nulos
bb_2011_10_outubro_relatorio_min__cidades_25out11,unidades_cadastradas_desligamento_plano_piloto,nao_nulos
bb_2011_10_outubro_relatorio_min__cidades_25out11,unid_financ_pf_desligamento_plano_piloto,nao_nulos
bb_2011_10_outubro_relatorio_min__cidades_25out11,total_financ_pf_desligamento_plano_piloto,nao_nulos
bb_2011_10_outubro_relatorio_min__cidades_25out11,report_date,negocio
bb_2011_10_outubro_relatorio_min__cidades_25out11,report_date,nao_nulos
bb_2012_01_janeiro_relatorio_min__cidades_17jan12,unidades_cadastradas_desligamento_plano_piloto,nao_nulos
bb_2012_01_janeiro_relatorio_min__cidades_17jan12,unid_financ_pf_desligamento_plano_piloto,nao_nulos
bb_2012_01_janeiro_relatorio_min__cidades_17jan12,total_financ_pf_desligamento_plano_piloto,nao_nulos
bb_2012_01_janeiro_relatorio_min__cidades_17jan12,uh_produzidas_aprovado_cef_financ_a_producao_pj_e_repasse,nao_nulos
bb_2012_01_janeiro_relatorio_min__cidades_17jan12,unid_financ_pf_aprovado_cef_financ_a_producao_pj_e_repasse,nao_nulos
bb_2012_01_janeiro_relatorio_min__cidades_17jan12,unid_disponiveis_aprovado_cef_financ_a_producao_pj_e_repasse,nao_nulos
bb_2012_01_janeiro_relatorio_min__cidades_17jan12,total_financ_pf_aprovado_cef_financ_a_producao_pj_e_repasse,nao_nulos
bb_2012_01_janeiro_relatorio_min__cidades_17jan12,...nc_a_producao_pj_aprovado_cef_financ_a_producao_pj_e_repasse,nao_nulos
bb_2012_01_janeiro_relatorio_min__cidades_17jan12,no_unidades_contratacao_total_pf,nao_nulos
bb_2012_01_janeiro_relatorio_min__cidades_17jan12,valor_r_contratacao_total_pf,nao_nulos
bb_2012_01_janeiro_relatorio_min__cidades_17jan12,report_date,negocio
bb_2012_01_janeiro_relatorio_min__cidades_17jan12,report_date,nao_nulos
bb_2012_05_maio_z_relatorio_caixa_3105a,cod_empreendimento,nao_nulos
bb_2012_05_maio_z_relatorio_caixa_3105a,inst,nao_nulos
bb_2012_05_maio_z_relatorio_caixa_3105a,pmcmv,nao_nulos
bb_2012_05_maio_z_relatorio_caixa_3105a,origem,nao_nulos
bb_2012_05_maio_z_relatorio_caixa_3105a,faixa,nao_nulos
bb_2012_05_maio_z_relatorio_caixa_3105a,uf,nao_nulos
bb_2012_05_maio_z_relatorio_caixa_3105a,codigo_ibge,negocio
bb_2012_05_maio_z_relatorio_caixa_3105a,codigo_ibge,nao_nulos
bb_2012_05_maio_z_relatorio_caixa_3105a,nome_do_municipio,nao_nulos
bb_2012_05_maio_z_relatorio_caixa_3105a,porte_de_municipio,nao_nulos
bb_2012_05_maio_z_relatorio_caixa_3105a,valor_do_emprestimo,nao_nulos
bb_2012_05_maio_z_relatorio_caixa_3105a,valor_do_investimento,nao_nulos
bb_2012_05_maio_z_relatorio_caixa_3105a,contrapartida_poder_publico,nao_nulos
bb_2012_05_maio_z_relatorio_caixa_3105a,uh,nao_nulos
bb_2012_05_maio_z_relatorio_caixa_3105a,obra,nao_nulos
bb_2012_05_maio_z_relatorio_caixa_3105a,entregues,nao_nulos
bb_2012_05_maio_z_relatorio_caixa_3105a,uh_em_obras,nao_nulos
bb_2012_05_maio_z_relatorio_caixa_3105a,uh_concluidos,nao_nulos
bb_2012_05_maio_z_relatorio_caixa_3105a,anomes2,nao_nulos
bb_2012_05_maio_z_relatorio_caixa_3105a,produto,nao_nulos
bb_2012_05_maio_z_relatorio_caixa_3105a,valor_desembolsado,nao_nulos
bb_2012_05_maio_z_relatorio_caixa_3105a,valor_subsidio,nao_nulos
bb_2012_05_maio_z_relatorio_caixa_3105a,valor_financiamento,nao_nulos
bb_2012_05_maio_z_relatorio_caixa_3105a,if_af,nao_nulos
bb_2012_05_maio_z_relatorio_caixa_3105a,report_date,negocio
bb_2012_05_maio_z_relatorio_caixa_3105a,report_date,nao_nulos
bb_2012_10_outubro_entrada_bb_20121023,fase_do_pmcmv,nao_nulos
bb_2012_10_outubro_entrada_bb_20121023,codigo_empreendimento_bb,nao_nulos
bb_2012_10_outubro_entrada_bb_20121023,empreendimento,nao_nulos
bb_2012_10_outubro_entrada_bb_20121023,empresa,nao_nulos
bb_2012_10_outubro_entrada_bb_20121023,municipio,nao_nulos
bb_2012_10_outubro_entrada_bb_20121023,uf,nao_nulos
bb_2012_10_outubro_entrada_bb_20121023,regiao,nao_nulos
bb_2012_10_outubro_entrada_bb_20121023,contrato_bb,nao_nulos
bb_2012_10_outubro_entrada_bb_20121023,contrato_caixa,nao_nulos
bb_2012_10_outubro_entrada_bb_20121023,codigo_do_ibge,nao_nulos
bb_2012_10_outubro_entrada_bb_20121023,publico_alvo,nao_nulos
bb_2012_10_outubro_entrada_bb_20121023,endereco_do_empreendimento,nao_nulos
bb_2012_10_outubro_entrada_bb_20121023,valor_global_de_venda_vgv,nao_nulos
bb_2012_10_outubro_entrada_bb_20121023,qde_unidades,nao_nulos
bb_2012_10_outubro_entrada_bb_20121023,unid_fin_pf,nao_nulos
bb_2012_10_outubro_entrada_bb_20121023,unid_disponiveis,nao_nulos
bb_2012_10_outubro_entrada_bb_20121023,total_financiamentos_pf,nao_nulos
bb_2012_10_outubro_entrada_bb_20121023,total_financ_a_producao_pj,nao_nulos
bb_2012_10_outubro_entrada_bb_20121023,data_da_contratacao_bb,nao_nulos
bb_2012_10_outubro_entrada_bb_20121023,percentual_de_obra,nao_nulos
bb_2012_10_outubro_entrada_bb_20121023,entrega_do_empreendimento,nao_nulos
bb_2012_10_outubro_entrada_bb_20121023,complemento_fgts,nao_nulos
bb_2012_10_outubro_entrada_bb_20121023,complemento_ogu,nao_nulos
bb_2012_10_outubro_entrada_bb_20121023,complemento_total,nao_nulos
bb_2012_10_outubro_entrada_bb_20121023,equilibrio_fgts,nao_nulos
bb_2012_10_outubro_entrada_bb_20121023,equilibrio_ogu,nao_nulos
bb_2012_10_outubro_entrada_bb_20121023,equilibrio_total,nao_nulos
bb_2012_10_outubro_entrada_bb_20121023,valor_fgts_pf_utilizado,nao_nulos
bb_2012_10_outubro_entrada_bb_20121023,report_date,negocio
bb_2012_10_outubro_entrada_bb_20121023,report_date,nao_nulos
bb_2012_10_outubro_entrada_bb_20121031,fase_do_pmcmv,nao_nulos
bb_2012_10_outubro_entrada_bb_20121031,codigo_empreendimento_bb,nao_nulos
bb_2012_10_outubro_entrada_bb_20121031,empreendimento,nao_nulos
bb_2012_10_outubro_entrada_bb_20121031,empresa,nao_nulos
bb_2012_10_outubro_entrada_bb_20121031,municipio,nao_nulos
bb_2012_10_outubro_entrada_bb_20121031,uf,nao_nulos
bb_2012_10_outubro_entrada_bb_20121031,regiao,nao_nulos
bb_2012_10_outubro_entrada_bb_20121031,contrato_bb,nao_nulos
bb_2012_10_outubro_entrada_bb_20121031,contrato_caixa,nao_nulos
bb_2012_10_outubro_entrada_bb_20121031,codigo_do_ibge,nao_nulos
bb_2012_10_outubro_entrada_bb_20121031,publico_alvo,nao_nulos
bb_2012_10_outubro_entrada_bb_20121031,endereco_do_empreendimento,nao_nulos
bb_2012_10_outubro_entrada_bb_20121031,valor_global_de_venda_vgv,nao_nulos
bb_2012_10_outubro_entrada_bb_20121031,qde_unidades,nao_nulos
bb_2012_10_outubro_entrada_bb_20121031,unid_fin_pf,nao_nulos
bb_2012_10_outubro_entrada_bb_20121031,unid_disponiveis,nao_nulos
bb_2012_10_outubro_entrada_bb_20121031,total_financiamentos_pf,nao_nulos
bb_2012_10_outubro_entrada_bb_20121031,total_financ_a_producao_pj,nao_nulos
bb_2012_10_outubro_entrada_bb_20121031,data_da_contratacao_bb,nao_nulos
bb_2012_10_outubro_entrada_bb_20121031,percentual_de_obra,nao_nulos
bb_2012_10_outubro_entrada_bb_20121031,entrega_do_empreendimento,nao_nulos
bb_2012_10_outubro_entrada_bb_20121031,complemento_fgts,nao_nulos
bb_2012_10_outubro_entrada_bb_20121031,complemento_ogu,nao_nulos
bb_2012_10_outubro_entrada_bb_20121031,complemento_total,nao_nulos
bb_2012_10_outubro_entrada_bb_20121031,equilibrio_fgts,nao_nulos
bb_2012_10_outubro_entrada_bb_20121031,equilibrio_ogu,nao_nulos
bb_2012_10_outubro_entrada_bb_20121031,equilibrio_total,nao_nulos
bb_2012_10_outubro_entrada_bb_20121031,valor_fgts_pf_utilizado,nao_nulos
bb_2012_10_outubro_entrada_bb_20121031,report_date,negocio
bb_2012_10_outubro_entrada_bb_20121031,report_date,nao_nulos
bb_2012_10_outubro_entrada_bb_20121031_ajustada,fase_do_pmcmv,nao_nulos
bb_2012_10_outubro_entrada_bb_20121031_ajustada,codigo_empreendimento_bb,nao_nulos
bb_2012_10_outubro_entrada_bb_20121031_ajustada,empreendimento,nao_nulos
bb_2012_10_outubro_entrada_bb_20121031_ajustada,empresa,nao_nulos
bb_2012_10_outubro_entrada_bb_20121031_ajustada,municipio,nao_nulos
bb_2012_10_outubro_entrada_bb_20121031_ajustada,uf,nao_nulos
bb_2012_10_outubro_entrada_bb_20121031_ajustada,regiao,nao_nulos
bb_2012_10_outubro_entrada_bb_20121031_ajustada,contrato_bb,nao_nulos
bb_2012_10_outubro_entrada_bb_20121031_ajustada,contrato_caixa,nao_nulos
bb_2012_10_outubro_entrada_bb_20121031_ajustada,codigo_do_ibge,nao_nulos
bb_2012_10_outubro_entrada_bb_20121031_ajustada,publico_alvo,nao_nulos
bb_2012_10_outubro_entrada_bb_20121031_ajustada,endereco_do_empreendimento,nao_nulos
bb_2012_10_outubro_entrada_bb_20121031_ajustada,valor_global_de_venda_vgv,nao_nulos
bb_2012_10_outubro_entrada_bb_20121031_ajustada,qde_unidades,nao_nulos
bb_2012_10_outubro_entrada_bb_20121031_ajustada,unid_fin_pf,nao_nulos
bb_2012_10_outubro_entrada_bb_20121031_ajustada,unid_disponiveis,nao_nulos
bb_2012_10_outubro_entrada_bb_20121031_ajustada,total_financiamentos_pf,nao_nulos
bb_2012_10_outubro_entrada_bb_20121031_ajustada,total_financ_a_producao_pj,nao_nulos
bb_2012_10_outubro_entrada_bb_20121031_ajustada,data_da_contratacao_bb,nao_nulos
bb_2012_10_outubro_entrada_bb_20121031_ajustada,percentual_de_obra,nao_nulos
bb_2012_10_outubro_entrada_bb_20121031_ajustada,entrega_do_empreendimento,nao_nulos
bb_2012_10_outubro_entrada_bb_20121031_ajustada,complemento_fgts,nao_nulos
bb_2012_10_outubro_entrada_bb_20121031_ajustada,complemento_ogu,nao_nulos
bb_2012_10_outubro_entrada_bb_20121031_ajustada,complemento_total,nao_nulos
bb_2012_10_outubro_entrada_bb_20121031_ajustada,equilibrio_fgts,nao_nulos
bb_2012_10_outubro_entrada_bb_20121031_ajustada,equilibrio_ogu,nao_nulos
bb_2012_10_outubro_entrada_bb_20121031_ajustada,equilibrio_total,nao_nulos
bb_2012_10_outubro_entrada_bb_20121031_ajustada,valor_fgts_pf_utilizado,nao_nulos
bb_2012_10_outubro_entrada_bb_20121031_ajustada,report_date,negocio
bb_2012_10_outubro_entrada_bb_20121031_ajustada,report_date,nao_nulos
bb_2012_11_novembro_entrada_bb_20121113,fase_do_pmcmv,nao_nulos
bb_2012_11_novembro_entrada_bb_20121113,codigo_empreendimento_bb,nao_nulos
bb_2012_11_novembro_entrada_bb_20121113,empreendimento,nao_nulos
bb_2012_11_novembro_entrada_bb_20121113,empresa,nao_nulos
bb_2012_11_novembro_entrada_bb_20121113,municipio,nao_nulos
bb_2012_11_novembro_entrada_bb_20121113,uf,nao_nulos
bb_2012_11_novembro_entrada_bb_20121113,regiao,nao_nulos
bb_2012_11_novembro_entrada_bb_20121113,contrato_bb,nao_nulos
bb_2012_11_novembro_entrada_bb_20121113,contrato_caixa,nao_nulos
bb_2012_11_novembro_entrada_bb_20121113,codigo_do_ibge,nao_nulos
bb_2012_11_novembro_entrada_bb_20121113,publico_alvo,nao_nulos
bb_2012_11_novembro_entrada_bb_20121113,endereco_do_empreendimento,nao_nulos
bb_2012_11_novembro_entrada_bb_20121113,valor_global_de_venda_vgv,nao_nulos
bb_2012_11_novembro_entrada_bb_20121113,qde_unidades,nao_nulos
bb_2012_11_novembro_entrada_bb_20121113,unid_fin_pf,nao_nulos
bb_2012_11_novembro_entrada_bb_20121113,unid_disponiveis,nao_nulos
bb_2012_11_novembro_entrada_bb_20121113,total_financiamentos_pf,nao_nulos
bb_2012_11_novembro_entrada_bb_20121113,total_financ_a_producao_pj,nao_nulos
bb_2012_11_novembro_entrada_bb_20121113,percentual_de_obra,nao_nulos
bb_2012_11_novembro_entrada_bb_20121113,entrega_do_empreendimento,nao_nulos
bb_2012_11_novembro_entrada_bb_20121113,complemento_fgts,nao_nulos
bb_2012_11_novembro_entrada_bb_20121113,complemento_ogu,nao_nulos
bb_2012_11_novembro_entrada_bb_20121113,complemento_total,nao_nulos
bb_2012_11_novembro_entrada_bb_20121113,equilibrio_fgts,nao_nulos
bb_2012_11_novembro_entrada_bb_20121113,equilibrio_ogu,nao_nulos
bb_2012_11_novembro_entrada_bb_20121113,equilibrio_total,nao_nulos
bb_2012_11_novembro_entrada_bb_20121113,valor_fgts_pf_utilizado,nao_nulos
bb_2012_11_novembro_entrada_bb_20121113,report_date,negocio
bb_2012_11_novembro_entrada_bb_20121113,report_date,nao_nulos
bb_2012_11_novembro_entrada_bb_20121119,fase_do_pmcmv,nao_nulos
bb_2012_11_novembro_entrada_bb_20121119,codigo_empreendimento_bb,nao_nulos
bb_2012_11_novembro_entrada_bb_20121119,empreendimento,nao_nulos
bb_2012_11_novembro_entrada_bb_20121119,empresa,nao_nulos
bb_2012_11_novembro_entrada_bb_20121119,municipio,nao_nulos
bb_2012_11_novembro_entrada_bb_20121119,uf,nao_nulos
bb_2012_11_novembro_entrada_bb_20121119,regiao,nao_nulos
bb_2012_11_novembro_entrada_bb_20121119,contrato_bb,nao_nulos
bb_2012_11_novembro_entrada_bb_20121119,contrato_caixa,nao_nulos
bb_2012_11_novembro_entrada_bb_20121119,codigo_do_ibge,nao_nulos
bb_2012_11_novembro_entrada_bb_20121119,publico_alvo,nao_nulos
bb_2012_11_novembro_entrada_bb_20121119,endereco_do_empreendimento,nao_nulos
bb_2012_11_novembro_entrada_bb_20121119,valor_global_de_venda_vgv,nao_nulos
bb_2012_11_novembro_entrada_bb_20121119,qde_unidades,nao_nulos
bb_2012_11_novembro_entrada_bb_20121119,unid_fin_pf,nao_nulos
bb_2012_11_novembro_entrada_bb_20121119,unid_disponiveis,nao_nulos
bb_2012_11_novembro_entrada_bb_20121119,total_financiamentos_pf,nao_nulos
bb_2012_11_novembro_entrada_bb_20121119,total_financ_a_producao_pj,nao_nulos
bb_2012_11_novembro_entrada_bb_20121119,percentual_de_obra,nao_nulos
bb_2012_11_novembro_entrada_bb_20121119,entrega_do_empreendimento,nao_nulos
bb_2012_11_novembro_entrada_bb_20121119,complemento_fgts,nao_nulos
bb_2012_11_novembro_entrada_bb_20121119,complemento_ogu,nao_nulos
bb_2012_11_novembro_entrada_bb_20121119,complemento_total,nao_nulos
bb_2012_11_novembro_entrada_bb_20121119,equilibrio_fgts,nao_nulos
bb_2012_11_novembro_entrada_bb_20121119,equilibrio_ogu,nao_nulos
bb_2012_11_novembro_entrada_bb_20121119,equilibrio_total,nao_nulos
bb_2012_11_novembro_entrada_bb_20121119,valor_fgts_pf_utilizado,nao_nulos
bb_2012_11_novembro_entrada_bb_20121119,report_date,negocio
bb_2012_11_novembro_entrada_bb_20121119,report_date,nao_nulos
bb_2012_11_novembro_entrada_bb_20121127,fase_do_pmcmv,nao_nulos
bb_2012_11_novembro_entrada_bb_20121127,codigo_empreendimento_bb,nao_nulos
bb_2012_11_novembro_entrada_bb_20121127,empreendimento,nao_nulos
bb_2012_11_novembro_entrada_bb_20121127,empresa,nao_nulos
bb_2012_11_novembro_entrada_bb_20121127,municipio,nao_nulos
bb_2012_11_novembro_entrada_bb_20121127,uf,nao_nulos
bb_2012_11_novembro_entrada_bb_20121127,regiao,nao_nulos
bb_2012_11_novembro_entrada_bb_20121127,contrato_bb,nao_nulos
bb_2012_11_novembro_entrada_bb_20121127,contrato_caixa,nao_nulos
bb_2012_11_novembro_entrada_bb_20121127,codigo_do_ibge,nao_nulos
bb_2012_11_novembro_entrada_bb_20121127,publico_alvo,nao_nulos
bb_2012_11_novembro_entrada_bb_20121127,endereco_do_empreendimento,nao_nulos
bb_2012_11_novembro_entrada_bb_20121127,valor_global_de_venda_vgv,nao_nulos
bb_2012_11_novembro_entrada_bb_20121127,qde_unidades,nao_nulos
bb_2012_11_novembro_entrada_bb_20121127,unid_fin_pf,nao_nulos
bb_2012_11_novembro_entrada_bb_20121127,unid_disponiveis,nao_nulos
bb_2012_11_novembro_entrada_bb_20121127,total_financiamentos_pf,nao_nulos
bb_2012_11_novembro_entrada_bb_20121127,total_financ_a_producao_pj,nao_nulos
bb_2012_11_novembro_entrada_bb_20121127,percentual_de_obra,nao_nulos
bb_2012_11_novembro_entrada_bb_20121127,entrega_do_empreendimento,nao_nulos
bb_2012_11_novembro_entrada_bb_20121127,complemento_fgts,nao_nulos
bb_2012_11_novembro_entrada_bb_20121127,complemento_ogu,nao_nulos
bb_2012_11_novembro_entrada_bb_20121127,complemento_total,nao_nulos
bb_2012_11_novembro_entrada_bb_20121127,equilibrio_fgts,nao_nulos
bb_2012_11_novembro_entrada_bb_20121127,equilibrio_ogu,nao_nulos
bb_2012_11_novembro_entrada_bb_20121127,equilibrio_total,nao_nulos
bb_2012_11_novembro_entrada_bb_20121127,valor_fgts_pf_utilizado,nao_nulos
bb_2012_11_novembro_entrada_bb_20121127,report_date,negocio
bb_2012_11_novembro_entrada_bb_20121127,report_date,nao_nulos
bb_2012_11_novembro_entrada_bb_20121127v2,fase_do_pmcmv,nao_nulos
bb_2012_11_novembro_entrada_bb_20121127v2,codigo_empreendimento_bb,nao_nulos
bb_2012_11_novembro_entrada_bb_20121127v2,empreendimento,nao_nulos
bb_2012_11_novembro_entrada_bb_20121127v2,empresa,nao_nulos
bb_2012_11_novembro_entrada_bb_20121127v2,municipio,nao_nulos
bb_2012_11_novembro_entrada_bb_20121127v2,uf,nao_nulos
bb_2012_11_novembro_entrada_bb_20121127v2,regiao,nao_nulos
bb_2012_11_novembro_entrada_bb_20121127v2,contrato_bb,nao_nulos
bb_2012_11_novembro_entrada_bb_20121127v2,contrato_caixa,nao_nulos
bb_2012_11_novembro_entrada_bb_20121127v2,codigo_do_ibge,nao_nulos
bb_2012_11_novembro_entrada_bb_20121127v2,publico_alvo,nao_nulos
bb_2012_11_novembro_entrada_bb_20121127v2,endereco_do_empreendimento,nao_nulos
bb_2012_11_novembro_entrada_bb_20121127v2,valor_global_de_venda_vgv,nao_nulos
bb_2012_11_novembro_entrada_bb_20121127v2,qde_unidades,nao_nulos
bb_2012_11_novembro_entrada_bb_20121127v2,unid_fin_pf,nao_nulos
bb_2012_11_novembro_entrada_bb_20121127v2,unid_disponiveis,nao_nulos
bb_2012_11_novembro_entrada_bb_20121127v2,total_financiamentos_pf,nao_nulos
bb_2012_11_novembro_entrada_bb_20121127v2,total_financ_a_producao_pj,nao_nulos
bb_2012_11_novembro_entrada_bb_20121127v2,data_da_contratacao_bb,nao_nulos
bb_2012_11_novembro_entrada_bb_20121127v2,percentual_de_obra,nao_nulos
bb_2012_11_novembro_entrada_bb_20121127v2,entrega_do_empreendimento,nao_nulos
bb_2012_11_novembro_entrada_bb_20121127v2,complemento_fgts,nao_nulos
bb_2012_11_novembro_entrada_bb_20121127v2,complemento_ogu,nao_nulos
bb_2012_11_novembro_entrada_bb_20121127v2,complemento_total,nao_nulos
bb_2012_11_novembro_entrada_bb_20121127v2,equilibrio_fgts,nao_nulos
bb_2012_11_novembro_entrada_bb_20121127v2,equilibrio_ogu,nao_nulos
bb_2012_11_novembro_entrada_bb_20121127v2,equilibrio_total,nao_nulos
bb_2012_11_novembro_entrada_bb_20121127v2,valor_fgts_pf_utilizado,nao_nulos
bb_2012_11_novembro_entrada_bb_20121127v2,report_date,negocio
bb_2012_11_novembro_entrada_bb_20121127v2,report_date,nao_nulos
bb_2012_11_novembro_entrada_bb_20121130,fase_do_pmcmv,nao_nulos
bb_2012_11_novembro_entrada_bb_20121130,codigo_empreendimento_bb,nao_nulos
bb_2012_11_novembro_entrada_bb_20121130,empreendimento,nao_nulos
bb_2012_11_novembro_entrada_bb_20121130,empresa,nao_nulos
bb_2012_11_novembro_entrada_bb_20121130,municipio,nao_nulos
bb_2012_11_novembro_entrada_bb_20121130,uf,nao_nulos
bb_2012_11_novembro_entrada_bb_20121130,regiao,nao_nulos
bb_2012_11_novembro_entrada_bb_20121130,contrato_bb,nao_nulos
bb_2012_11_novembro_entrada_bb_20121130,contrato_caixa,nao_nulos
bb_2012_11_novembro_entrada_bb_20121130,codigo_do_ibge,nao_nulos
bb_2012_11_novembro_entrada_bb_20121130,publico_alvo,nao_nulos
bb_2012_11_novembro_entrada_bb_20121130,endereco_do_empreendimento,nao_nulos
bb_2012_11_novembro_entrada_bb_20121130,valor_global_de_venda_vgv,nao_nulos
bb_2012_11_novembro_entrada_bb_20121130,qde_unidades,nao_nulos
bb_2012_11_novembro_entrada_bb_20121130,unid_fin_pf,nao_nulos
bb_2012_11_novembro_entrada_bb_20121130,unid_disponiveis,nao_nulos
bb_2012_11_novembro_entrada_bb_20121130,total_financiamentos_pf,nao_nulos
bb_2012_11_novembro_entrada_bb_20121130,total_financ_a_producao_pj,nao_nulos
bb_2012_11_novembro_entrada_bb_20121130,data_da_contratacao_bb,nao_nulos
bb_2012_11_novembro_entrada_bb_20121130,percentual_de_obra,nao_nulos
bb_2012_11_novembro_entrada_bb_20121130,entrega_do_empreendimento,nao_nulos
bb_2012_11_novembro_entrada_bb_20121130,complemento_fgts,nao_nulos
bb_2012_11_novembro_entrada_bb_20121130,complemento_ogu,nao_nulos
bb_2012_11_novembro_entrada_bb_20121130,complemento_total,nao_nulos
bb_2012_11_novembro_entrada_bb_20121130,equilibrio_fgts,nao_nulos
bb_2012_11_novembro_entrada_bb_20121130,equilibrio_ogu,nao_nulos
bb_2012_11_novembro_entrada_bb_20121130,equilibrio_total,nao_nulos
bb_2012_11_novembro_entrada_bb_20121130,valor_fgts_pf_utilizado,nao_nulos
bb_2012_11_novembro_entrada_bb_20121130,report_date,negocio
bb_2012_11_novembro_entrada_bb_20121130,report_date,nao_nulos
bb_2012_12_dezembro_entrada_bb_20121210,fase_do_pmcmv,nao_nulos
bb_2012_12_dezembro_entrada_bb_20121210,codigo_empreendimento_bb,nao_nulos
bb_2012_12_dezembro_entrada_bb_20121210,empreendimento,nao_nulos
bb_2012_12_dezembro_entrada_bb_20121210,empresa,nao_nulos
bb_2012_12_dezembro_entrada_bb_20121210,municipio,nao_nulos
bb_2012_12_dezembro_entrada_bb_20121210,uf,nao_nulos
bb_2012_12_dezembro_entrada_bb_20121210,regiao,nao_nulos
bb_2012_12_dezembro_entrada_bb_20121210,contrato_bb,nao_nulos
bb_2012_12_dezembro_entrada_bb_20121210,contrato_caixa,nao_nulos
bb_2012_12_dezembro_entrada_bb_20121210,codigo_do_ibge,nao_nulos
bb_2012_12_dezembro_entrada_bb_20121210,publico_alvo,nao_nulos
bb_2012_12_dezembro_entrada_bb_20121210,endereco_do_empreendimento,nao_nulos
bb_2012_12_dezembro_entrada_bb_20121210,valor_global_de_venda_vgv,nao_nulos
bb_2012_12_dezembro_entrada_bb_20121210,qde_unidades,nao_nulos
bb_2012_12_dezembro_entrada_bb_20121210,unid_fin_pf,nao_nulos
bb_2012_12_dezembro_entrada_bb_20121210,unid_disponiveis,nao_nulos
bb_2012_12_dezembro_entrada_bb_20121210,total_financiamentos_pf,nao_nulos
bb_2012_12_dezembro_entrada_bb_20121210,total_financ_a_producao_pj,nao_nulos
bb_2012_12_dezembro_entrada_bb_20121210,data_da_contratacao_bb,nao_nulos
bb_2012_12_dezembro_entrada_bb_20121210,percentual_de_obra,nao_nulos
bb_2012_12_dezembro_entrada_bb_20121210,entrega_do_empreendimento,nao_nulos
bb_2012_12_dezembro_entrada_bb_20121210,complemento_fgts,nao_nulos
bb_2012_12_dezembro_entrada_bb_20121210,complemento_ogu,nao_nulos
bb_2012_12_dezembro_entrada_bb_20121210,complemento_total,nao_nulos
bb_2012_12_dezembro_entrada_bb_20121210,equilibrio_fgts,nao_nulos
bb_2012_12_dezembro_entrada_bb_20121210,equilibrio_ogu,nao_nulos
bb_2012_12_dezembro_entrada_bb_20121210,equilibrio_total,nao_nulos
bb_2012_12_dezembro_entrada_bb_20121210,valor_fgts_pf_utilizado,nao_nulos
bb_2012_12_dezembro_entrada_bb_20121210,report_date,negocio
bb_2012_12_dezembro_entrada_bb_20121210,report_date,nao_nulos
bb_2012_12_dezembro_entrada_bb_20121217,fase_do_pmcmv,nao_nulos
bb_2012_12_dezembro_entrada_bb_20121217,codigo_empreendimento_bb,nao_nulos
bb_2012_12_dezembro_entrada_bb_20121217,empreendimento,nao_nulos
bb_2012_12_dezembro_entrada_bb_20121217,empresa,nao_nulos
bb_2012_12_dezembro_entrada_bb_20121217,municipio,nao_nulos
bb_2012_12_dezembro_entrada_bb_20121217,uf,nao_nulos
bb_2012_12_dezembro_entrada_bb_20121217,regiao,nao_nulos
bb_2012_12_dezembro_entrada_bb_20121217,contrato_bb,nao_nulos
bb_2012_12_dezembro_entrada_bb_20121217,contrato_caixa,nao_nulos
bb_2012_12_dezembro_entrada_bb_20121217,codigo_do_ibge,nao_nulos
bb_2012_12_dezembro_entrada_bb_20121217,publico_alvo,nao_nulos
bb_2012_12_dezembro_entrada_bb_20121217,endereco_do_empreendimento,nao_nulos
bb_2012_12_dezembro_entrada_bb_20121217,valor_global_de_venda_vgv,nao_nulos
bb_2012_12_dezembro_entrada_bb_20121217,qde_unidades,nao_nulos
bb_2012_12_dezembro_entrada_bb_20121217,unid_fin_pf,nao_nulos
bb_2012_12_dezembro_entrada_bb_20121217,unid_disponiveis,nao_nulos
bb_2012_12_dezembro_entrada_bb_20121217,total_financiamentos_pf,nao_nulos
bb_2012_12_dezembro_entrada_bb_20121217,total_financ_a_producao_pj,nao_nulos
bb_2012_12_dezembro_entrada_bb_20121217,data_da_contratacao_bb,nao_nulos
bb_2012_12_dezembro_entrada_bb_20121217,percentual_de_obra,nao_nulos
bb_2012_12_dezembro_entrada_bb_20121217,entrega_do_empreendimento,nao_nulos
bb_2012_12_dezembro_entrada_bb_20121217,complemento_fgts,nao_nulos
bb_2012_12_dezembro_entrada_bb_20121217,complemento_ogu,nao_nulos
bb_2012_12_dezembro_entrada_bb_20121217,complemento_total,nao_nulos
bb_2012_12_dezembro_entrada_bb_20121217,equilibrio_fgts,nao_nulos
bb_2012_12_dezembro_entrada_bb_20121217,equilibrio_ogu,nao_nulos
bb_2012_12_dezembro_entrada_bb_20121217,equilibrio_total,nao_nulos
bb_2012_12_dezembro_entrada_bb_20121217,valor_fgts_pf_utilizado,nao_nulos
bb_2012_12_dezembro_entrada_bb_20121217,report_date,negocio
bb_2012_12_dezembro_entrada_bb_20121217,report_date,nao_nulos
bb_2012_12_dezembro_entrada_bb_20121228,fase_do_pmcmv,nao_nulos
bb_2012_12_dezembro_entrada_bb_20121228,codigo_empreendimento_bb,nao_nulos
bb_2012_12_dezembro_entrada_bb_20121228,empreendimento,nao_nulos
bb_2012_12_dezembro_entrada_bb_20121228,empresa,nao_nulos
bb_2012_12_dezembro_entrada_bb_20121228,municipio,nao_nulos
bb_2012_12_dezembro_entrada_bb_20121228,uf,nao_nulos
bb_2012_12_dezembro_entrada_bb_20121228,regiao,nao_nulos
bb_2012_12_dezembro_entrada_bb_20121228,contrato_bb,nao_nulos
bb_2012_12_dezembro_entrada_bb_20121228,contrato_caixa,nao_nulos
bb_2012_12_dezembro_entrada_bb_20121228,codigo_do_ibge,nao_nulos
bb_2012_12_dezembro_entrada_bb_20121228,publico_alvo,nao_nulos
bb_2012_12_dezembro_entrada_bb_20121228,endereco_do_empreendimento,nao_nulos
bb_2012_12_dezembro_entrada_bb_20121228,valor_global_de_venda_vgv,nao_nulos
bb_2012_12_dezembro_entrada_bb_20121228,qde_unidades,nao_nulos
bb_2012_12_dezembro_entrada_bb_20121228,unid_fin_pf,nao_nulos
bb_2012_12_dezembro_entrada_bb_20121228,unid_disponiveis,nao_nulos
bb_2012_12_dezembro_entrada_bb_20121228,total_financiamentos_pf,nao_nulos
bb_2012_12_dezembro_entrada_bb_20121228,total_financ_a_producao_pj,nao_nulos
bb_2012_12_dezembro_entrada_bb_20121228,data_da_contratacao_bb,nao_nulos
bb_2012_12_dezembro_entrada_bb_20121228,percentual_de_obra,nao_nulos
bb_2012_12_dezembro_entrada_bb_20121228,entrega_do_empreendimento,nao_nulos
bb_2012_12_dezembro_entrada_bb_20121228,complemento_fgts,nao_nulos
bb_2012_12_dezembro_entrada_bb_20121228,complemento_ogu,nao_nulos
bb_2012_12_dezembro_entrada_bb_20121228,complemento_total,nao_nulos
bb_2012_12_dezembro_entrada_bb_20121228,equilibrio_fgts,nao_nulos
bb_2012_12_dezembro_entrada_bb_20121228,equilibrio_ogu,nao_nulos
bb_2012_12_dezembro_entrada_bb_20121228,equilibrio_total,nao_nulos
bb_2012_12_dezembro_entrada_bb_20121228,valor_fgts_pf_utilizado,nao_nulos
bb_2012_12_dezembro_entrada_bb_20121228,report_date,negocio
bb_2012_12_dezembro_entrada_bb_20121228,report_date,nao_nulos
bb_2013_01_janeiro_entrada_bb_20130107,fase_do_pmcmv,nao_nulos
bb_2013_01_janeiro_entrada_bb_20130107,codigo_empreendimento_bb,nao_nulos
bb_2013_01_janeiro_entrada_bb_20130107,empreendimento,nao_nulos
bb_2013_01_janeiro_entrada_bb_20130107,empresa,nao_nulos
bb_2013_01_janeiro_entrada_bb_20130107,municipio,nao_nulos
bb_2013_01_janeiro_entrada_bb_20130107,uf,nao_nulos
bb_2013_01_janeiro_entrada_bb_20130107,regiao,nao_nulos
bb_2013_01_janeiro_entrada_bb_20130107,contrato_bb,nao_nulos
bb_2013_01_janeiro_entrada_bb_20130107,contrato_caixa,nao_nulos
bb_2013_01_janeiro_entrada_bb_20130107,codigo_do_ibge,nao_nulos
bb_2013_01_janeiro_entrada_bb_20130107,publico_alvo,nao_nulos
bb_2013_01_janeiro_entrada_bb_20130107,endereco_do_empreendimento,nao_nulos
bb_2013_01_janeiro_entrada_bb_20130107,valor_global_de_venda_vgv,nao_nulos
bb_2013_01_janeiro_entrada_bb_20130107,qde_unidades,nao_nulos
bb_2013_01_janeiro_entrada_bb_20130107,unid_fin_pf,nao_nulos
bb_2013_01_janeiro_entrada_bb_20130107,unid_disponiveis,nao_nulos
bb_2013_01_janeiro_entrada_bb_20130107,total_financiamentos_pf,nao_nulos
bb_2013_01_janeiro_entrada_bb_20130107,total_financ_a_producao_pj,nao_nulos
bb_2013_01_janeiro_entrada_bb_20130107,data_da_contratacao_bb,nao_nulos
bb_2013_01_janeiro_entrada_bb_20130107,percentual_de_obra,nao_nulos
bb_2013_01_janeiro_entrada_bb_20130107,entrega_do_empreendimento,nao_nulos
bb_2013_01_janeiro_entrada_bb_20130107,complemento_fgts,nao_nulos
bb_2013_01_janeiro_entrada_bb_20130107,complemento_ogu,nao_nulos
bb_2013_01_janeiro_entrada_bb_20130107,complemento_total,nao_nulos
bb_2013_01_janeiro_entrada_bb_20130107,equilibrio_fgts,nao_nulos
bb_2013_01_janeiro_entrada_bb_20130107,equilibrio_ogu,nao_nulos
bb_2013_01_janeiro_entrada_bb_20130107,equilibrio_total,nao_nulos
bb_2013_01_janeiro_entrada_bb_20130107,valor_fgts_pf_utilizado,nao_nulos
bb_2013_01_janeiro_entrada_bb_20130107,report_date,negocio
bb_2013_01_janeiro_entrada_bb_20130107,report_date,nao_nulos
bb_2013_01_janeiro_entrada_bb_20130121,fase_do_pmcmv,nao_nulos
bb_2013_01_janeiro_entrada_bb_20130121,codigo_empreendimento_bb,nao_nulos
bb_2013_01_janeiro_entrada_bb_20130121,empreendimento,nao_nulos
bb_2013_01_janeiro_entrada_bb_20130121,empresa,nao_nulos
bb_2013_01_janeiro_entrada_bb_20130121,municipio,nao_nulos
bb_2013_01_janeiro_entrada_bb_20130121,uf,nao_nulos
bb_2013_01_janeiro_entrada_bb_20130121,regiao,nao_nulos
bb_2013_01_janeiro_entrada_bb_20130121,contrato_bb,nao_nulos
bb_2013_01_janeiro_entrada_bb_20130121,contrato_caixa,nao_nulos
bb_2013_01_janeiro_entrada_bb_20130121,codigo_do_ibge,nao_nulos
bb_2013_01_janeiro_entrada_bb_20130121,publico_alvo,nao_nulos
bb_2013_01_janeiro_entrada_bb_20130121,endereco_do_empreendimento,nao_nulos
bb_2013_01_janeiro_entrada_bb_20130121,valor_global_de_venda_vgv,nao_nulos
bb_2013_01_janeiro_entrada_bb_20130121,qde_unidades,nao_nulos
bb_2013_01_janeiro_entrada_bb_20130121,unid_fin_pf,nao_nulos
bb_2013_01_janeiro_entrada_bb_20130121,unid_disponiveis,nao_nulos
bb_2013_01_janeiro_entrada_bb_20130121,total_financiamentos_pf,nao_nulos
bb_2013_01_janeiro_entrada_bb_20130121,total_financ_a_producao_pj,nao_nulos
bb_2013_01_janeiro_entrada_bb_20130121,data_da_contratacao_bb,nao_nulos
bb_2013_01_janeiro_entrada_bb_20130121,percentual_de_obra,nao_nulos
bb_2013_01_janeiro_entrada_bb_20130121,entrega_do_empreendimento,nao_nulos
bb_2013_01_janeiro_entrada_bb_20130121,complemento_fgts,nao_nulos
bb_2013_01_janeiro_entrada_bb_20130121,complemento_ogu,nao_nulos
bb_2013_01_janeiro_entrada_bb_20130121,complemento_total,nao_nulos
bb_2013_01_janeiro_entrada_bb_20130121,equilibrio_fgts,nao_nulos
bb_2013_01_janeiro_entrada_bb_20130121,equilibrio_ogu,nao_nulos
bb_2013_01_janeiro_entrada_bb_20130121,equilibrio_total,nao_nulos
bb_2013_01_janeiro_entrada_bb_20130121,valor_fgts_pf_utilizado,nao_nulos
bb_2013_01_janeiro_entrada_bb_20130121,report_date,negocio
bb_2013_01_janeiro_entrada_bb_20130121,report_date,nao_nulos
bb_2013_01_janeiro_entrada_bb_20130128,fase_do_pmcmv,nao_nulos
bb_2013_01_janeiro_entrada_bb_20130128,codigo_empreendimento_bb,nao_nulos
bb_2013_01_janeiro_entrada_bb_20130128,empreendimento,nao_nulos
bb_2013_01_janeiro_entrada_bb_20130128,empresa,nao_nulos
bb_2013_01_janeiro_entrada_bb_20130128,municipio,nao_nulos
bb_2013_01_janeiro_entrada_bb_20130128,uf,nao_nulos
bb_2013_01_janeiro_entrada_bb_20130128,regiao,nao_nulos
bb_2013_01_janeiro_entrada_bb_20130128,contrato_bb,nao_nulos
bb_2013_01_janeiro_entrada_bb_20130128,contrato_caixa,nao_nulos
bb_2013_01_janeiro_entrada_bb_20130128,codigo_do_ibge,nao_nulos
bb_2013_01_janeiro_entrada_bb_20130128,publico_alvo,nao_nulos
bb_2013_01_janeiro_entrada_bb_20130128,endereco_do_empreendimento,nao_nulos
bb_2013_01_janeiro_entrada_bb_20130128,valor_global_de_venda_vgv,nao_nulos
bb_2013_01_janeiro_entrada_bb_20130128,qde_unidades,nao_nulos
bb_2013_01_janeiro_entrada_bb_20130128,unid_fin_pf,nao_nulos
bb_2013_01_janeiro_entrada_bb_20130128,unid_disponiveis,nao_nulos
bb_2013_01_janeiro_entrada_bb_20130128,total_financiamentos_pf,nao_nulos
bb_2013_01_janeiro_entrada_bb_20130128,total_financ_a_producao_pj,nao_nulos
bb_2013_01_janeiro_entrada_bb_20130128,data_da_contratacao_bb,nao_nulos
bb_2013_01_janeiro_entrada_bb_20130128,percentual_de_obra,nao_nulos
bb_2013_01_janeiro_entrada_bb_20130128,entrega_do_empreendimento,nao_nulos
bb_2013_01_janeiro_entrada_bb_20130128,complemento_fgts,nao_nulos
bb_2013_01_janeiro_entrada_bb_20130128,complemento_ogu,nao_nulos
bb_2013_01_janeiro_entrada_bb_20130128,complemento_total,nao_nulos
bb_2013_01_janeiro_entrada_bb_20130128,equilibrio_fgts,nao_nulos
bb_2013_01_janeiro_entrada_bb_20130128,equilibrio_ogu,nao_nulos
bb_2013_01_janeiro_entrada_bb_20130128,equilibrio_total,nao_nulos
bb_2013_01_janeiro_entrada_bb_20130128,valor_fgts_pf_utilizado,nao_nulos
bb_2013_01_janeiro_entrada_bb_20130128,report_date,negocio
bb_2013_01_janeiro_entrada_bb_20130128,report_date,nao_nulos
bb_2013_02_fevereiro_entrada_bb_20130205,fase_do_pmcmv,nao_nulos
bb_2013_02_fevereiro_entrada_bb_20130205,codigo_empreendimento_bb,nao_nulos
bb_2013_02_fevereiro_entrada_bb_20130205,empreendimento,nao_nulos
bb_2013_02_fevereiro_entrada_bb_20130205,empresa,nao_nulos
bb_2013_02_fevereiro_entrada_bb_20130205,municipio,nao_nulos
bb_2013_02_fevereiro_entrada_bb_20130205,uf,nao_nulos
bb_2013_02_fevereiro_entrada_bb_20130205,regiao,nao_nulos
bb_2013_02_fevereiro_entrada_bb_20130205,contrato_bb,nao_nulos
bb_2013_02_fevereiro_entrada_bb_20130205,contrato_caixa,nao_nulos
bb_2013_02_fevereiro_entrada_bb_20130205,codigo_do_ibge,nao_nulos
bb_2013_02_fevereiro_entrada_bb_20130205,publico_alvo,nao_nulos
bb_2013_02_fevereiro_entrada_bb_20130205,endereco_do_empreendimento,nao_nulos
bb_2013_02_fevereiro_entrada_bb_20130205,valor_global_de_venda_vgv,nao_nulos
bb_2013_02_fevereiro_entrada_bb_20130205,qde_unidades,nao_nulos
bb_2013_02_fevereiro_entrada_bb_20130205,unid_fin_pf,nao_nulos
bb_2013_02_fevereiro_entrada_bb_20130205,unid_disponiveis,nao_nulos
bb_2013_02_fevereiro_entrada_bb_20130205,total_financiamentos_pf,nao_nulos
bb_2013_02_fevereiro_entrada_bb_20130205,total_financ_a_producao_pj,nao_nulos
bb_2013_02_fevereiro_entrada_bb_20130205,data_da_contratacao_bb,nao_nulos
bb_2013_02_fevereiro_entrada_bb_20130205,percentual_de_obra,nao_nulos
bb_2013_02_fevereiro_entrada_bb_20130205,entrega_do_empreendimento,nao_nulos
bb_2013_02_fevereiro_entrada_bb_20130205,complemento_fgts,nao_nulos
bb_2013_02_fevereiro_entrada_bb_20130205,complemento_ogu,nao_nulos
bb_2013_02_fevereiro_entrada_bb_20130205,complemento_total,nao_nulos
bb_2013_02_fevereiro_entrada_bb_20130205,equilibrio_fgts,nao_nulos
bb_2013_02_fevereiro_entrada_bb_20130205,equilibrio_ogu,nao_nulos
bb_2013_02_fevereiro_entrada_bb_20130205,equilibrio_total,nao_nulos
bb_2013_02_fevereiro_entrada_bb_20130205,valor_fgts_pf_utilizado,nao_nulos
bb_2013_02_fevereiro_entrada_bb_20130205,report_date,negocio
bb_2013_02_fevereiro_entrada_bb_20130205,report_date,nao_nulos
bb_2013_02_fevereiro_entrada_bb_20130219,fase_do_pmcmv,nao_nulos
bb_2013_02_fevereiro_entrada_bb_20130219,codigo_empreendimento_bb,nao_nulos
bb_2013_02_fevereiro_entrada_bb_20130219,empreendimento,nao_nulos
bb_2013_02_fevereiro_entrada_bb_20130219,empresa,nao_nulos
bb_2013_02_fevereiro_entrada_bb_20130219,municipio,nao_nulos
bb_2013_02_fevereiro_entrada_bb_20130219,uf,nao_nulos
bb_2013_02_fevereiro_entrada_bb_20130219,regiao,nao_nulos
bb_2013_02_fevereiro_entrada_bb_20130219,contrato_bb,nao_nulos
bb_2013_02_fevereiro_entrada_bb_20130219,contrato_caixa,nao_nulos
bb_2013_02_fevereiro_entrada_bb_20130219,codigo_do_ibge,nao_nulos
bb_2013_02_fevereiro_entrada_bb_20130219,publico_alvo,nao_nulos
bb_2013_02_fevereiro_entrada_bb_20130219,endereco_do_empreendimento,nao_nulos
bb_2013_02_fevereiro_entrada_bb_20130219,valor_global_de_venda_vgv,nao_nulos
bb_2013_02_fevereiro_entrada_bb_20130219,qde_unidades,nao_nulos
bb_2013_02_fevereiro_entrada_bb_20130219,unid_fin_pf,nao_nulos
bb_2013_02_fevereiro_entrada_bb_20130219,unid_disponiveis,nao_nulos
bb_2013_02_fevereiro_entrada_bb_20130219,total_financiamentos_pf,nao_nulos
bb_2013_02_fevereiro_entrada_bb_20130219,total_financ_a_producao_pj,nao_nulos
bb_2013_02_fevereiro_entrada_bb_20130219,data_da_contratacao_bb,nao_nulos
bb_2013_02_fevereiro_entrada_bb_20130219,percentual_de_obra,nao_nulos
bb_2013_02_fevereiro_entrada_bb_20130219,entrega_do_empreendimento,nao_nulos
bb_2013_02_fevereiro_entrada_bb_20130219,complemento_fgts,nao_nulos
bb_2013_02_fevereiro_entrada_bb_20130219,complemento_ogu,nao_nulos
bb_2013_02_fevereiro_entrada_bb_20130219,complemento_total,nao_nulos
bb_2013_02_fevereiro_entrada_bb_20130219,equilibrio_fgts,nao_nulos
bb_2013_02_fevereiro_entrada_bb_20130219,equilibrio_ogu,nao_nulos
bb_2013_02_fevereiro_entrada_bb_20130219,equilibrio_total,nao_nulos
bb_2013_02_fevereiro_entrada_bb_20130219,valor_fgts_pf_utilizado,nao_nulos
bb_2013_02_fevereiro_entrada_bb_20130219,report_date,negocio
bb_2013_02_fevereiro_entrada_bb_20130219,report_date,nao_nulos
bb_2013_02_fevereiro_entrada_bb_20130226,fase_do_pmcmv,nao_nulos
bb_2013_02_fevereiro_entrada_bb_20130226,codigo_empreendimento_bb,nao_nulos
bb_2013_02_fevereiro_entrada_bb_20130226,empreendimento,nao_nulos
bb_2013_02_fevereiro_entrada_bb_20130226,empresa,nao_nulos
bb_2013_02_fevereiro_entrada_bb_20130226,municipio,nao_nulos
bb_2013_02_fevereiro_entrada_bb_20130226,uf,nao_nulos
bb_2013_02_fevereiro_entrada_bb_20130226,regiao,nao_nulos
bb_2013_02_fevereiro_entrada_bb_20130226,contrato_bb,nao_nulos
bb_2013_02_fevereiro_entrada_bb_20130226,contrato_caixa,nao_nulos
bb_2013_02_fevereiro_entrada_bb_20130226,codigo_do_ibge,nao_nulos
bb_2013_02_fevereiro_entrada_bb_20130226,publico_alvo,nao_nulos
bb_2013_02_fevereiro_entrada_bb_20130226,endereco_do_empreendimento,nao_nulos
bb_2013_02_fevereiro_entrada_bb_20130226,valor_global_de_venda_vgv,nao_nulos
bb_2013_02_fevereiro_entrada_bb_20130226,qde_unidades,nao_nulos
bb_2013_02_fevereiro_entrada_bb_20130226,unid_fin_pf,nao_nulos
bb_2013_02_fevereiro_entrada_bb_20130226,unid_disponiveis,nao_nulos
bb_2013_02_fevereiro_entrada_bb_20130226,total_financiamentos_pf,nao_nulos
bb_2013_02_fevereiro_entrada_bb_20130226,total_financ_a_producao_pj,nao_nulos
bb_2013_02_fevereiro_entrada_bb_20130226,data_da_contratacao_bb,nao_nulos
bb_2013_02_fevereiro_entrada_bb_20130226,percentual_de_obra,nao_nulos
bb_2013_02_fevereiro_entrada_bb_20130226,entrega_do_empreendimento,nao_nulos
bb_2013_02_fevereiro_entrada_bb_20130226,complemento_fgts,nao_nulos
bb_2013_02_fevereiro_entrada_bb_20130226,complemento_ogu,nao_nulos
bb_2013_02_fevereiro_entrada_bb_20130226,complemento_total,nao_nulos
bb_2013_02_fevereiro_entrada_bb_20130226,equilibrio_fgts,nao_nulos
bb_2013_02_fevereiro_entrada_bb_20130226,equilibrio_ogu,nao_nulos
bb_2013_02_fevereiro_entrada_bb_20130226,equilibrio_total,nao_nulos
bb_2013_02_fevereiro_entrada_bb_20130226,valor_fgts_pf_utilizado,nao_nulos
bb_2013_02_fevereiro_entrada_bb_20130226,report_date,negocio
bb_2013_02_fevereiro_entrada_bb_20130226,report_date,nao_nulos
bb_2013_03_marco_entrada_bb_20130305,fase_do_pmcmv,nao_nulos
bb_2013_03_marco_entrada_bb_20130305,codigo_empreendimento_bb,nao_nulos
bb_2013_03_marco_entrada_bb_20130305,empreendimento,nao_nulos
bb_2013_03_marco_entrada_bb_20130305,empresa,nao_nulos
bb_2013_03_marco_entrada_bb_20130305,municipio,nao_nulos
bb_2013_03_marco_entrada_bb_20130305,uf,nao_nulos
bb_2013_03_marco_entrada_bb_20130305,regiao,nao_nulos
bb_2013_03_marco_entrada_bb_20130305,contrato_bb,nao_nulos
bb_2013_03_marco_entrada_bb_20130305,contrato_caixa,nao_nulos
bb_2013_03_marco_entrada_bb_20130305,codigo_do_ibge,nao_nulos
bb_2013_03_marco_entrada_bb_20130305,publico_alvo,nao_nulos
bb_2013_03_marco_entrada_bb_20130305,endereco_do_empreendimento,nao_nulos
bb_2013_03_marco_entrada_bb_20130305,valor_global_de_venda_vgv,nao_nulos
bb_2013_03_marco_entrada_bb_20130305,qde_unidades,nao_nulos
bb_2013_03_marco_entrada_bb_20130305,unid_fin_pf,nao_nulos
bb_2013_03_marco_entrada_bb_20130305,unid_disponiveis,nao_nulos
bb_2013_03_marco_entrada_bb_20130305,total_financiamentos_pf,nao_nulos
bb_2013_03_marco_entrada_bb_20130305,total_financ_a_producao_pj,nao_nulos
bb_2013_03_marco_entrada_bb_20130305,data_da_contratacao_bb,nao_nulos
bb_2013_03_marco_entrada_bb_20130305,percentual_de_obra,nao_nulos
bb_2013_03_marco_entrada_bb_20130305,entrega_do_empreendimento,nao_nulos
bb_2013_03_marco_entrada_bb_20130305,complemento_fgts,nao_nulos
bb_2013_03_marco_entrada_bb_20130305,complemento_ogu,nao_nulos
bb_2013_03_marco_entrada_bb_20130305,complemento_total,nao_nulos
bb_2013_03_marco_entrada_bb_20130305,equilibrio_fgts,nao_nulos
bb_2013_03_marco_entrada_bb_20130305,equilibrio_ogu,nao_nulos
bb_2013_03_marco_entrada_bb_20130305,equilibrio_total,nao_nulos
bb_2013_03_marco_entrada_bb_20130305,valor_fgts_pf_utilizado,nao_nulos
bb_2013_03_marco_entrada_bb_20130305,report_date,negocio
bb_2013_03_marco_entrada_bb_20130305,report_date,nao_nulos
bb_2013_03_marco_entrada_bb_20130318,fase_do_pmcmv,nao_nulos
bb_2013_03_marco_entrada_bb_20130318,codigo_empreendimento_bb,nao_nulos
bb_2013_03_marco_entrada_bb_20130318,empreendimento,nao_nulos
bb_2013_03_marco_entrada_bb_20130318,empresa,nao_nulos
bb_2013_03_marco_entrada_bb_20130318,municipio,nao_nulos
bb_2013_03_marco_entrada_bb_20130318,uf,nao_nulos
bb_2013_03_marco_entrada_bb_20130318,regiao,nao_nulos
bb_2013_03_marco_entrada_bb_20130318,contrato_bb,nao_nulos
bb_2013_03_marco_entrada_bb_20130318,contrato_caixa,nao_nulos
bb_2013_03_marco_entrada_bb_20130318,codigo_do_ibge,nao_nulos
bb_2013_03_marco_entrada_bb_20130318,publico_alvo,nao_nulos
bb_2013_03_marco_entrada_bb_20130318,endereco_do_empreendimento,nao_nulos
bb_2013_03_marco_entrada_bb_20130318,valor_global_de_venda_vgv,nao_nulos
bb_2013_03_marco_entrada_bb_20130318,qde_unidades,nao_nulos
bb_2013_03_marco_entrada_bb_20130318,unid_fin_pf,nao_nulos
bb_2013_03_marco_entrada_bb_20130318,unid_disponiveis,nao_nulos
bb_2013_03_marco_entrada_bb_20130318,total_financiamentos_pf,nao_nulos
bb_2013_03_marco_entrada_bb_20130318,total_financ_a_producao_pj,nao_nulos
bb_2013_03_marco_entrada_bb_20130318,data_da_contratacao_bb,nao_nulos
bb_2013_03_marco_entrada_bb_20130318,percentual_de_obra,nao_nulos
bb_2013_03_marco_entrada_bb_20130318,entrega_do_empreendimento,nao_nulos
bb_2013_03_marco_entrada_bb_20130318,complemento_fgts,nao_nulos
bb_2013_03_marco_entrada_bb_20130318,complemento_ogu,nao_nulos
bb_2013_03_marco_entrada_bb_20130318,complemento_total,nao_nulos
bb_2013_03_marco_entrada_bb_20130318,equilibrio_fgts,nao_nulos
bb_2013_03_marco_entrada_bb_20130318,equilibrio_ogu,nao_nulos
bb_2013_03_marco_entrada_bb_20130318,equilibrio_total,nao_nulos
bb_2013_03_marco_entrada_bb_20130318,valor_fgts_pf_utilizado,nao_nulos
bb_2013_03_marco_entrada_bb_20130318,report_date,negocio
bb_2013_03_marco_entrada_bb_20130318,report_date,nao_nulos
bb_2013_03_marco_entrada_bb_20130401,fase_do_pmcmv,nao_nulos
bb_2013_03_marco_entrada_bb_20130401,codigo_empreendimento_bb,nao_nulos
bb_2013_03_marco_entrada_bb_20130401,empreendimento,nao_nulos
bb_2013_03_marco_entrada_bb_20130401,empresa,nao_nulos
bb_2013_03_marco_entrada_bb_20130401,municipio,nao_nulos
bb_2013_03_marco_entrada_bb_20130401,uf,nao_nulos
bb_2013_03_marco_entrada_bb_20130401,regiao,nao_nulos
bb_2013_03_marco_entrada_bb_20130401,contrato_bb,nao_nulos
bb_2013_03_marco_entrada_bb_20130401,contrato_caixa,nao_nulos
bb_2013_03_marco_entrada_bb_20130401,codigo_do_ibge,nao_nulos
bb_2013_03_marco_entrada_bb_20130401,publico_alvo,nao_nulos
bb_2013_03_marco_entrada_bb_20130401,endereco_do_empreendimento,nao_nulos
bb_2013_03_marco_entrada_bb_20130401,valor_global_de_venda_vgv,nao_nulos
bb_2013_03_marco_entrada_bb_20130401,qde_unidades,nao_nulos
bb_2013_03_marco_entrada_bb_20130401,unid_fin_pf,nao_nulos
bb_2013_03_marco_entrada_bb_20130401,unid_disponiveis,nao_nulos
bb_2013_03_marco_entrada_bb_20130401,total_financiamentos_pf,nao_nulos
bb_2013_03_marco_entrada_bb_20130401,total_financ_a_producao_pj,nao_nulos
bb_2013_03_marco_entrada_bb_20130401,data_da_contratacao_bb,nao_nulos
bb_2013_03_marco_entrada_bb_20130401,percentual_de_obra,nao_nulos
bb_2013_03_marco_entrada_bb_20130401,entrega_do_empreendimento,nao_nulos
bb_2013_03_marco_entrada_bb_20130401,complemento_fgts,nao_nulos
bb_2013_03_marco_entrada_bb_20130401,complemento_ogu,nao_nulos
bb_2013_03_marco_entrada_bb_20130401,complemento_total,nao_nulos
bb_2013_03_marco_entrada_bb_20130401,equilibrio_fgts,nao_nulos
bb_2013_03_marco_entrada_bb_20130401,equilibrio_ogu,nao_nulos
bb_2013_03_marco_entrada_bb_20130401,equilibrio_total,nao_nulos
bb_2013_03_marco_entrada_bb_20130401,valor_fgts_pf_utilizado,nao_nulos
bb_2013_03_marco_entrada_bb_20130401,report_date,negocio
bb_2013_03_marco_entrada_bb_20130401,report_date,nao_nulos
bb_2013_03_marco_entrada_bb_20130415,fase_do_pmcmv,nao_nulos
bb_2013_03_marco_entrada_bb_20130415,codigo_empreendimento_bb,nao_nulos
bb_2013_03_marco_entrada_bb_20130415,empreendimento,nao_nulos
bb_2013_03_marco_entrada_bb_20130415,empresa,nao_nulos
bb_2013_03_marco_entrada_bb_20130415,municipio,nao_nulos
bb_2013_03_marco_entrada_bb_20130415,uf,nao_nulos
bb_2013_03_marco_entrada_bb_20130415,regiao,nao_nulos
bb_2013_03_marco_entrada_bb_20130415,contrato_bb,nao_nulos
bb_2013_03_marco_entrada_bb_20130415,contrato_caixa,nao_nulos
bb_2013_03_marco_entrada_bb_20130415,codigo_do_ibge,nao_nulos
bb_2013_03_marco_entrada_bb_20130415,publico_alvo,nao_nulos
bb_2013_03_marco_entrada_bb_20130415,endereco_do_empreendimento,nao_nulos
bb_2013_03_marco_entrada_bb_20130415,valor_global_de_venda_vgv,nao_nulos
bb_2013_03_marco_entrada_bb_20130415,qde_unidades,nao_nulos
bb_2013_03_marco_entrada_bb_20130415,unid_fin_pf,nao_nulos
bb_2013_03_marco_entrada_bb_20130415,unid_disponiveis,nao_nulos
bb_2013_03_marco_entrada_bb_20130415,total_financiamentos_pf,nao_nulos
bb_2013_03_marco_entrada_bb_20130415,total_financ_a_producao_pj,nao_nulos
bb_2013_03_marco_entrada_bb_20130415,data_da_contratacao_bb,nao_nulos
bb_2013_03_marco_entrada_bb_20130415,percentual_de_obra,nao_nulos
bb_2013_03_marco_entrada_bb_20130415,entrega_do_empreendimento,nao_nulos
bb_2013_03_marco_entrada_bb_20130415,complemento_fgts,nao_nulos
bb_2013_03_marco_entrada_bb_20130415,complemento_ogu,nao_nulos
bb_2013_03_marco_entrada_bb_20130415,complemento_total,nao_nulos
bb_2013_03_marco_entrada_bb_20130415,equilibrio_fgts,nao_nulos
bb_2013_03_marco_entrada_bb_20130415,equilibrio_ogu,nao_nulos
bb_2013_03_marco_entrada_bb_20130415,equilibrio_total,nao_nulos
bb_2013_03_marco_entrada_bb_20130415,valor_fgts_pf_utilizado,nao_nulos
bb_2013_03_marco_entrada_bb_20130415,report_date,negocio
bb_2013_03_marco_entrada_bb_20130415,report_date,nao_nulos
bb_2013_04_abril_entrada_bb_20130429,fase_do_pmcmv,nao_nulos
bb_2013_04_abril_entrada_bb_20130429,codigo_empreendimento_bb,nao_nulos
bb_2013_04_abril_entrada_bb_20130429,empreendimento,nao_nulos
bb_2013_04_abril_entrada_bb_20130429,empresa,nao_nulos
bb_2013_04_abril_entrada_bb_20130429,municipio,nao_nulos
bb_2013_04_abril_entrada_bb_20130429,uf,nao_nulos
bb_2013_04_abril_entrada_bb_20130429,regiao,nao_nulos
bb_2013_04_abril_entrada_bb_20130429,contrato_bb,nao_nulos
bb_2013_04_abril_entrada_bb_20130429,contrato_caixa,nao_nulos
bb_2013_04_abril_entrada_bb_20130429,codigo_do_ibge,nao_nulos
bb_2013_04_abril_entrada_bb_20130429,publico_alvo,nao_nulos
bb_2013_04_abril_entrada_bb_20130429,endereco_do_empreendimento,nao_nulos
bb_2013_04_abril_entrada_bb_20130429,valor_global_de_venda_vgv,nao_nulos
bb_2013_04_abril_entrada_bb_20130429,qde_unidades,nao_nulos
bb_2013_04_abril_entrada_bb_20130429,unid_fin_pf,nao_nulos
bb_2013_04_abril_entrada_bb_20130429,unid_disponiveis,nao_nulos
bb_2013_04_abril_entrada_bb_20130429,total_financiamentos_pf,nao_nulos
bb_2013_04_abril_entrada_bb_20130429,total_financ_a_producao_pj,nao_nulos
bb_2013_04_abril_entrada_bb_20130429,data_da_contratacao_bb,nao_nulos
bb_2013_04_abril_entrada_bb_20130429,percentual_de_obra,nao_nulos
bb_2013_04_abril_entrada_bb_20130429,entrega_do_empreendimento,nao_nulos
bb_2013_04_abril_entrada_bb_20130429,complemento_fgts,nao_nulos
bb_2013_04_abril_entrada_bb_20130429,complemento_ogu,nao_nulos
bb_2013_04_abril_entrada_bb_20130429,complemento_total,nao_nulos
bb_2013_04_abril_entrada_bb_20130429,equilibrio_fgts,nao_nulos
bb_2013_04_abril_entrada_bb_20130429,equilibrio_ogu,nao_nulos
bb_2013_04_abril_entrada_bb_20130429,equilibrio_total,nao_nulos
bb_2013_04_abril_entrada_bb_20130429,valor_fgts_pf_utilizado,nao_nulos
bb_2013_04_abril_entrada_bb_20130429,report_date,negocio
bb_2013_04_abril_entrada_bb_20130429,report_date,nao_nulos
bb_2013_05_maio_entrada_bb_20130506,fase_do_pmcmv,nao_nulos
bb_2013_05_maio_entrada_bb_20130506,codigo_empreendimento_bb,nao_nulos
bb_2013_05_maio_entrada_bb_20130506,empreendimento,nao_nulos
bb_2013_05_maio_entrada_bb_20130506,empresa,nao_nulos
bb_2013_05_maio_entrada_bb_20130506,municipio,nao_nulos
bb_2013_05_maio_entrada_bb_20130506,uf,nao_nulos
bb_2013_05_maio_entrada_bb_20130506,regiao,nao_nulos
bb_2013_05_maio_entrada_bb_20130506,contrato_bb,nao_nulos
bb_2013_05_maio_entrada_bb_20130506,contrato_caixa,nao_nulos
bb_2013_05_maio_entrada_bb_20130506,codigo_do_ibge,nao_nulos
bb_2013_05_maio_entrada_bb_20130506,publico_alvo,nao_nulos
bb_2013_05_maio_entrada_bb_20130506,endereco_do_empreendimento,nao_nulos
bb_2013_05_maio_entrada_bb_20130506,valor_global_de_venda_vgv,nao_nulos
bb_2013_05_maio_entrada_bb_20130506,qde_unidades,nao_nulos
bb_2013_05_maio_entrada_bb_20130506,unid_fin_pf,nao_nulos
bb_2013_05_maio_entrada_bb_20130506,unid_disponiveis,nao_nulos
bb_2013_05_maio_entrada_bb_20130506,total_financiamentos_pf,nao_nulos
bb_2013_05_maio_entrada_bb_20130506,total_financ_a_producao_pj,nao_nulos
bb_2013_05_maio_entrada_bb_20130506,data_da_contratacao_bb,nao_nulos
bb_2013_05_maio_entrada_bb_20130506,percentual_de_obra,nao_nulos
bb_2013_05_maio_entrada_bb_20130506,entrega_do_empreendimento,nao_nulos
bb_2013_05_maio_entrada_bb_20130506,complemento_fgts,nao_nulos
bb_2013_05_maio_entrada_bb_20130506,complemento_ogu,nao_nulos
bb_2013_05_maio_entrada_bb_20130506,complemento_total,nao_nulos
bb_2013_05_maio_entrada_bb_20130506,equilibrio_fgts,nao_nulos
bb_2013_05_maio_entrada_bb_20130506,equilibrio_ogu,nao_nulos
bb_2013_05_maio_entrada_bb_20130506,equilibrio_total,nao_nulos
bb_2013_05_maio_entrada_bb_20130506,valor_fgts_pf_utilizado,nao_nulos
bb_2013_05_maio_entrada_bb_20130506,report_date,negocio
bb_2013_05_maio_entrada_bb_20130506,report_date,nao_nulos
bb_2013_05_maio_entrada_bb_20130513,fase_do_pmcmv,nao_nulos
bb_2013_05_maio_entrada_bb_20130513,codigo_empreendimento_bb,nao_nulos
bb_2013_05_maio_entrada_bb_20130513,empreendimento,nao_nulos
bb_2013_05_maio_entrada_bb_20130513,empresa,nao_nulos
bb_2013_05_maio_entrada_bb_20130513,municipio,nao_nulos
bb_2013_05_maio_entrada_bb_20130513,uf,nao_nulos
bb_2013_05_maio_entrada_bb_20130513,regiao,nao_nulos
bb_2013_05_maio_entrada_bb_20130513,contrato_bb,nao_nulos
bb_2013_05_maio_entrada_bb_20130513,contrato_caixa,nao_nulos
bb_2013_05_maio_entrada_bb_20130513,codigo_do_ibge,nao_nulos
bb_2013_05_maio_entrada_bb_20130513,publico_alvo,nao_nulos
bb_2013_05_maio_entrada_bb_20130513,endereco_do_empreendimento,nao_nulos
bb_2013_05_maio_entrada_bb_20130513,valor_global_de_venda_vgv,nao_nulos
bb_2013_05_maio_entrada_bb_20130513,qde_unidades,nao_nulos
bb_2013_05_maio_entrada_bb_20130513,unid_fin_pf,nao_nulos
bb_2013_05_maio_entrada_bb_20130513,unid_disponiveis,nao_nulos
bb_2013_05_maio_entrada_bb_20130513,total_financiamentos_pf,nao_nulos
bb_2013_05_maio_entrada_bb_20130513,total_financ_a_producao_pj,nao_nulos
bb_2013_05_maio_entrada_bb_20130513,data_da_contratacao_bb,nao_nulos
bb_2013_05_maio_entrada_bb_20130513,percentual_de_obra,nao_nulos
bb_2013_05_maio_entrada_bb_20130513,entrega_do_empreendimento,nao_nulos
bb_2013_05_maio_entrada_bb_20130513,complemento_fgts,nao_nulos
bb_2013_05_maio_entrada_bb_20130513,complemento_ogu,nao_nulos
bb_2013_05_maio_entrada_bb_20130513,complemento_total,nao_nulos
bb_2013_05_maio_entrada_bb_20130513,equilibrio_fgts,nao_nulos
bb_2013_05_maio_entrada_bb_20130513,equilibrio_ogu,nao_nulos
bb_2013_05_maio_entrada_bb_20130513,equilibrio_total,nao_nulos
bb_2013_05_maio_entrada_bb_20130513,valor_fgts_pf_utilizado,nao_nulos
bb_2013_05_maio_entrada_bb_20130513,report_date,negocio
bb_2013_05_maio_entrada_bb_20130513,report_date,nao_nulos
bb_2013_06_junho_entrada_bb_20130604,fase_do_pmcmv,nao_nulos
bb_2013_06_junho_entrada_bb_20130604,codigo_empreendimento_bb,nao_nulos
bb_2013_06_junho_entrada_bb_20130604,empreendimento,nao_nulos
bb_2013_06_junho_entrada_bb_20130604,empresa,nao_nulos
bb_2013_06_junho_entrada_bb_20130604,municipio,nao_nulos
bb_2013_06_junho_entrada_bb_20130604,uf,nao_nulos
bb_2013_06_junho_entrada_bb_20130604,regiao,nao_nulos
bb_2013_06_junho_entrada_bb_20130604,contrato_bb,nao_nulos
bb_2013_06_junho_entrada_bb_20130604,contrato_caixa,nao_nulos
bb_2013_06_junho_entrada_bb_20130604,codigo_do_ibge,nao_nulos
bb_2013_06_junho_entrada_bb_20130604,publico_alvo,nao_nulos
bb_2013_06_junho_entrada_bb_20130604,endereco_do_empreendimento,nao_nulos
bb_2013_06_junho_entrada_bb_20130604,valor_global_de_venda_vgv,nao_nulos
bb_2013_06_junho_entrada_bb_20130604,qde_unidades,nao_nulos
bb_2013_06_junho_entrada_bb_20130604,unid_fin_pf,nao_nulos
bb_2013_06_junho_entrada_bb_20130604,unid_disponiveis,nao_nulos
bb_2013_06_junho_entrada_bb_20130604,total_financiamentos_pf,nao_nulos
bb_2013_06_junho_entrada_bb_20130604,total_financ_a_producao_pj,nao_nulos
bb_2013_06_junho_entrada_bb_20130604,data_da_contratacao_bb,nao_nulos
bb_2013_06_junho_entrada_bb_20130604,percentual_de_obra,nao_nulos
bb_2013_06_junho_entrada_bb_20130604,entrega_do_empreendimento,nao_nulos
bb_2013_06_junho_entrada_bb_20130604,complemento_fgts,nao_nulos
bb_2013_06_junho_entrada_bb_20130604,complemento_ogu,nao_nulos
bb_2013_06_junho_entrada_bb_20130604,complemento_total,nao_nulos
bb_2013_06_junho_entrada_bb_20130604,equilibrio_fgts,nao_nulos
bb_2013_06_junho_entrada_bb_20130604,equilibrio_ogu,nao_nulos
bb_2013_06_junho_entrada_bb_20130604,equilibrio_total,nao_nulos
bb_2013_06_junho_entrada_bb_20130604,valor_fgts_pf_utilizado,nao_nulos
bb_2013_06_junho_entrada_bb_20130604,report_date,negocio
bb_2013_06_junho_entrada_bb_20130604,report_date,nao_nulos
bb_2013_06_junho_entrada_bb_20130618,fase_do_pmcmv,nao_nulos
bb_2013_06_junho_entrada_bb_20130618,codigo_empreendimento_bb,nao_nulos
bb_2013_06_junho_entrada_bb_20130618,empreendimento,nao_nulos
bb_2013_06_junho_entrada_bb_20130618,empresa,nao_nulos
bb_2013_06_junho_entrada_bb_20130618,municipio,nao_nulos
bb_2013_06_junho_entrada_bb_20130618,uf,nao_nulos
bb_2013_06_junho_entrada_bb_20130618,regiao,nao_nulos
bb_2013_06_junho_entrada_bb_20130618,contrato_bb,nao_nulos
bb_2013_06_junho_entrada_bb_20130618,contrato_caixa,nao_nulos
bb_2013_06_junho_entrada_bb_20130618,codigo_do_ibge,nao_nulos
bb_2013_06_junho_entrada_bb_20130618,publico_alvo,nao_nulos
bb_2013_06_junho_entrada_bb_20130618,endereco_do_empreendimento,nao_nulos
bb_2013_06_junho_entrada_bb_20130618,valor_global_de_venda_vgv,nao_nulos
bb_2013_06_junho_entrada_bb_20130618,qde_unidades,nao_nulos
bb_2013_06_junho_entrada_bb_20130618,unid_fin_pf,nao_nulos
bb_2013_06_junho_entrada_bb_20130618,unid_disponiveis,nao_nulos
bb_2013_06_junho_entrada_bb_20130618,total_financiamentos_pf,nao_nulos
bb_2013_06_junho_entrada_bb_20130618,total_financ_a_producao_pj,nao_nulos
bb_2013_06_junho_entrada_bb_20130618,data_da_contratacao_bb,nao_nulos
bb_2013_06_junho_entrada_bb_20130618,percentual_de_obra,nao_nulos
bb_2013_06_junho_entrada_bb_20130618,entrega_do_empreendimento,nao_nulos
bb_2013_06_junho_entrada_bb_20130618,complemento_fgts,nao_nulos
bb_2013_06_junho_entrada_bb_20130618,complemento_ogu,nao_nulos
bb_2013_06_junho_entrada_bb_20130618,complemento_total,nao_nulos
bb_2013_06_junho_entrada_bb_20130618,equilibrio_fgts,nao_nulos
bb_2013_06_junho_entrada_bb_20130618,equilibrio_ogu,nao_nulos
bb_2013_06_junho_entrada_bb_20130618,equilibrio_total,nao_nulos
bb_2013_06_junho_entrada_bb_20130618,valor_fgts_pf_utilizado,nao_nulos
bb_2013_06_junho_entrada_bb_20130618,report_date,negocio
bb_2013_06_junho_entrada_bb_20130618,report_date,nao_nulos
bb_2013_06_junho_entrada_bb_20130630,fase_do_pmcmv,nao_nulos
bb_2013_06_junho_entrada_bb_20130630,codigo_empreendimento_bb,nao_nulos
bb_2013_06_junho_entrada_bb_20130630,empreendimento,nao_nulos
bb_2013_06_junho_entrada_bb_20130630,empresa,nao_nulos
bb_2013_06_junho_entrada_bb_20130630,municipio,nao_nulos
bb_2013_06_junho_entrada_bb_20130630,uf,nao_nulos
bb_2013_06_junho_entrada_bb_20130630,regiao,nao_nulos
bb_2013_06_junho_entrada_bb_20130630,contrato_bb,nao_nulos
bb_2013_06_junho_entrada_bb_20130630,contrato_caixa,nao_nulos
bb_2013_06_junho_entrada_bb_20130630,codigo_do_ibge,nao_nulos
bb_2013_06_junho_entrada_bb_20130630,publico_alvo,nao_nulos
bb_2013_06_junho_entrada_bb_20130630,endereco_do_empreendimento,nao_nulos
bb_2013_06_junho_entrada_bb_20130630,valor_global_de_venda_vgv,nao_nulos
bb_2013_06_junho_entrada_bb_20130630,qde_unidades,nao_nulos
bb_2013_06_junho_entrada_bb_20130630,unid_fin_pf,nao_nulos
bb_2013_06_junho_entrada_bb_20130630,unid_disponiveis,nao_nulos
bb_2013_06_junho_entrada_bb_20130630,total_financiamentos_pf,nao_nulos
bb_2013_06_junho_entrada_bb_20130630,total_financ_a_producao_pj,nao_nulos
bb_2013_06_junho_entrada_bb_20130630,data_da_contratacao_bb,nao_nulos
bb_2013_06_junho_entrada_bb_20130630,percentual_de_obra,nao_nulos
bb_2013_06_junho_entrada_bb_20130630,entrega_do_empreendimento,nao_nulos
bb_2013_06_junho_entrada_bb_20130630,complemento_fgts,nao_nulos
bb_2013_06_junho_entrada_bb_20130630,complemento_ogu,nao_nulos
bb_2013_06_junho_entrada_bb_20130630,complemento_total,nao_nulos
bb_2013_06_junho_entrada_bb_20130630,equilibrio_fgts,nao_nulos
bb_2013_06_junho_entrada_bb_20130630,equilibrio_ogu,nao_nulos
bb_2013_06_junho_entrada_bb_20130630,equilibrio_total,nao_nulos
bb_2013_06_junho_entrada_bb_20130630,valor_fgts_pf_utilizado,nao_nulos
bb_2013_06_junho_entrada_bb_20130630,report_date,negocio
bb_2013_06_junho_entrada_bb_20130630,report_date,nao_nulos
bb_2013_06_junho_pmcmv_18062013_tab_beneficiarios_fgts,cod_cpf,nao_nulos
bb_2013_06_junho_pmcmv_18062013_tab_beneficiarios_fgts,cod_contrato_alien_pf_fgts,negocio
bb_2013_06_junho_pmcmv_18062013_tab_beneficiarios_fgts,cod_contrato_alien_pf_fgts,nao_nulos
bb_2013_06_junho_pmcmv_18062013_tab_beneficiarios_fgts,cod_cor_raca_beneficiario,nao_nulos
bb_2013_06_junho_pmcmv_18062013_tab_beneficiarios_fgts,num_cadmut,nao_nulos
bb_2013_06_junho_pmcmv_18062013_tab_beneficiarios_fgts,txt_nome_benef,nao_nulos
bb_2013_06_junho_pmcmv_18062013_tab_beneficiarios_fgts,txt_endereco_und_alien,nao_nulos
bb_2013_06_junho_pmcmv_18062013_tab_beneficiarios_fgts,dte_nascimento,nao_nulos
bb_2013_06_junho_pmcmv_18062013_tab_beneficiarios_fgts,vlr_renda_fam_mensal,nao_nulos
bb_2013_06_junho_pmcmv_18062013_tab_beneficiarios_fgts,report_date,negocio
bb_2013_06_junho_pmcmv_18062013_tab_beneficiarios_fgts,report_date,nao_nulos
bb_2013_06_junho_pmcmv_18062013_tab_contratos_pf_fgts,cod_contrato_alien_pf_fgts,negocio
bb_2013_06_junho_pmcmv_18062013_tab_contratos_pf_fgts,cod_contrato_alien_pf_fgts,nao_nulos
bb_2013_06_junho_pmcmv_18062013_tab_contratos_pf_fgts,cod_operacao,nao_nulos
bb_2013_06_junho_pmcmv_18062013_tab_contratos_pf_fgts,cod_subprograma,nao_nulos
bb_2013_06_junho_pmcmv_18062013_tab_contratos_pf_fgts,cod_tipologia_und,nao_nulos
bb_2013_06_junho_pmcmv_18062013_tab_contratos_pf_fgts,cod_grupo_mod_desc_fgts,nao_nulos
bb_2013_06_junho_pmcmv_18062013_tab_contratos_pf_fgts,cod_linha_aplicacao,nao_nulos
bb_2013_06_junho_pmcmv_18062013_tab_contratos_pf_fgts,cod_sit_contrato_pf,nao_nulos
bb_2013_06_junho_pmcmv_18062013_tab_contratos_pf_fgts,cod_cnpj_agente_finan,nao_nulos
bb_2013_06_junho_pmcmv_18062013_tab_contratos_pf_fgts,cod_insercao_municipio,nao_nulos
bb_2013_06_junho_pmcmv_18062013_tab_contratos_pf_fgts,cod_faixa_renda,nao_nulos
bb_2013_06_junho_pmcmv_18062013_tab_contratos_pf_fgts,dte_assin_contrato,nao_nulos
bb_2013_06_junho_pmcmv_18062013_tab_contratos_pf_fgts,num_area_und_hab,nao_nulos
bb_2013_06_junho_pmcmv_18062013_tab_contratos_pf_fgts,vlr_financiamento,nao_nulos
bb_2013_06_junho_pmcmv_18062013_tab_contratos_pf_fgts,vlr_subsidio_comple_fgts,nao_nulos
bb_2013_06_junho_pmcmv_18062013_tab_contratos_pf_fgts,vlr_subsidio_comple_ogu,nao_nulos
bb_2013_06_junho_pmcmv_18062013_tab_contratos_pf_fgts,vlr_subsidio_equili_fgts,nao_nulos
bb_2013_06_junho_pmcmv_18062013_tab_contratos_pf_fgts,vlr_recursos_proprios_fgts,nao_nulos
bb_2013_06_junho_pmcmv_18062013_tab_contratos_pf_fgts,vlr_recursos_proprios,nao_nulos
bb_2013_06_junho_pmcmv_18062013_tab_contratos_pf_fgts,vlr_avaliacao_imovel,nao_nulos
bb_2013_06_junho_pmcmv_18062013_tab_contratos_pf_fgts,num_ano_orcamento,nao_nulos
bb_2013_06_junho_pmcmv_18062013_tab_contratos_pf_fgts,num_prazo_finan_meses,nao_nulos
bb_2013_06_junho_pmcmv_18062013_tab_contratos_pf_fgts,qtd_parc_pagas,nao_nulos
bb_2013_06_junho_pmcmv_18062013_tab_contratos_pf_fgts,prc_taxa_juros,nao_nulos
bb_2013_06_junho_pmcmv_18062013_tab_contratos_pf_fgts,cod_mun_ibge,nao_nulos
bb_2013_06_junho_pmcmv_18062013_tab_contratos_pf_fgts,report_date,negocio
bb_2013_06_junho_pmcmv_18062013_tab_contratos_pf_fgts,report_date,nao_nulos
bb_2013_06_junho_pmcmv_18062013_tab_empreendimentos,cod_empreendimento,nao_nulos
bb_2013_06_junho_pmcmv_18062013_tab_empreendimentos,txt_empreendimento,nao_nulos
bb_2013_06_junho_pmcmv_18062013_tab_empreendimentos,report_date,negocio
bb_2013_06_junho_pmcmv_18062013_tab_empreendimentos,report_date,nao_nulos
bb_2013_06_junho_pmcmv_18062013_tab_operacoes,cod_operacao,nao_nulos
bb_2013_06_junho_pmcmv_18062013_tab_operacoes,cod_nat_operacao,nao_nulos
bb_2013_06_junho_pmcmv_18062013_tab_operacoes,cod_sit_operacao,nao_nulos
bb_2013_06_junho_pmcmv_18062013_tab_operacoes,cod_motivo_rejeicao,nao_nulos
bb_2013_06_junho_pmcmv_18062013_tab_operacoes,cod_subprograma,nao_nulos
bb_2013_06_junho_pmcmv_18062013_tab_operacoes,cod_linha_credito,nao_nulos
bb_2013_06_junho_pmcmv_18062013_tab_operacoes,cod_faixa_renda,nao_nulos
bb_2013_06_junho_pmcmv_18062013_tab_operacoes,cod_empreendimento,nao_nulos
bb_2013_06_junho_pmcmv_18062013_tab_operacoes,cod_tipo_etapa,nao_nulos
bb_2013_06_junho_pmcmv_18062013_tab_operacoes,cod_insercao_municipio,nao_nulos
bb_2013_06_junho_pmcmv_18062013_tab_operacoes,cod_comun_atendida,nao_nulos
bb_2013_06_junho_pmcmv_18062013_tab_operacoes,cod_cnpj_proponente,nao_nulos
bb_2013_06_junho_pmcmv_18062013_tab_operacoes,cod_cnpj_agente_finan,nao_nulos
bb_2013_06_junho_pmcmv_18062013_tab_operacoes,cod_fase_pmcmv,nao_nulos
bb_2013_06_junho_pmcmv_18062013_tab_operacoes,dte_apres_projeto,nao_nulos
bb_2013_06_junho_pmcmv_18062013_tab_operacoes,txt_nome_etapa,nao_nulos
bb_2013_06_junho_pmcmv_18062013_tab_operacoes,txt_end_etapa,nao_nulos
bb_2013_06_junho_pmcmv_18062013_tab_operacoes,num_cep_etapa,nao_nulos
bb_2013_06_junho_pmcmv_18062013_tab_operacoes,num_area_total_etapa,nao_nulos
bb_2013_06_junho_pmcmv_18062013_tab_operacoes,cod_mun_ibge,nao_nulos
bb_2013_06_junho_pmcmv_18062013_tab_operacoes,vlr_total_investimento,nao_nulos
bb_2013_06_junho_pmcmv_18062013_tab_operacoes,vlr_operacao,nao_nulos
bb_2013_06_junho_pmcmv_18062013_tab_operacoes,vlr_rec_prop_tomador,nao_nulos
bb_2013_06_junho_pmcmv_18062013_tab_operacoes,qtd_und_adaptadas,nao_nulos
bb_2013_06_junho_pmcmv_18062013_tab_operacoes,qtd_und_enquadraveis,nao_nulos
bb_2013_06_junho_pmcmv_18062013_tab_operacoes,qtd_und_adaptaveis,nao_nulos
bb_2013_06_junho_pmcmv_18062013_tab_operacoes,num_latitude,nao_nulos
bb_2013_06_junho_pmcmv_18062013_tab_operacoes,num_longitude,nao_nulos
bb_2013_06_junho_pmcmv_18062013_tab_operacoes,report_date,negocio
bb_2013_06_junho_pmcmv_18062013_tab_operacoes,report_date,nao_nulos
bb_2013_07_julho_entrada_bb_20130716,fase_do_pmcmv,nao_nulos
bb_2013_07_julho_entrada_bb_20130716,codigo_empreendimento_bb,nao_nulos
bb_2013_07_julho_entrada_bb_20130716,empreendimento,nao_nulos
bb_2013_07_julho_entrada_bb_20130716,empresa,nao_nulos
bb_2013_07_julho_entrada_bb_20130716,municipio,nao_nulos
bb_2013_07_julho_entrada_bb_20130716,uf,nao_nulos
bb_2013_07_julho_entrada_bb_20130716,regiao,nao_nulos
bb_2013_07_julho_entrada_bb_20130716,contrato_bb,nao_nulos
bb_2013_07_julho_entrada_bb_20130716,contrato_caixa,nao_nulos
bb_2013_07_julho_entrada_bb_20130716,codigo_do_ibge,nao_nulos
bb_2013_07_julho_entrada_bb_20130716,publico_alvo,nao_nulos
bb_2013_07_julho_entrada_bb_20130716,endereco_do_empreendimento,nao_nulos
bb_2013_07_julho_entrada_bb_20130716,valor_global_de_venda_vgv,nao_nulos
bb_2013_07_julho_entrada_bb_20130716,qde_unidades,nao_nulos
bb_2013_07_julho_entrada_bb_20130716,unid_fin_pf,nao_nulos
bb_2013_07_julho_entrada_bb_20130716,unid_disponiveis,nao_nulos
bb_2013_07_julho_entrada_bb_20130716,total_financiamentos_pf,nao_nulos
bb_2013_07_julho_entrada_bb_20130716,total_financ_a_producao_pj,nao_nulos
bb_2013_07_julho_entrada_bb_20130716,data_da_contratacao_bb,nao_nulos
bb_2013_07_julho_entrada_bb_20130716,percentual_de_obra,nao_nulos
bb_2013_07_julho_entrada_bb_20130716,entrega_do_empreendimento,nao_nulos
bb_2013_07_julho_entrada_bb_20130716,complemento_fgts,nao_nulos
bb_2013_07_julho_entrada_bb_20130716,complemento_ogu,nao_nulos
bb_2013_07_julho_entrada_bb_20130716,complemento_total,nao_nulos
bb_2013_07_julho_entrada_bb_20130716,equilibrio_fgts,nao_nulos
bb_2013_07_julho_entrada_bb_20130716,equilibrio_ogu,nao_nulos
bb_2013_07_julho_entrada_bb_20130716,equilibrio_total,nao_nulos
bb_2013_07_julho_entrada_bb_20130716,valor_fgts_pf_utilizado,nao_nulos
bb_2013_07_julho_entrada_bb_20130716,report_date,negocio
bb_2013_07_julho_entrada_bb_20130716,report_date,nao_nulos
bb_2013_08_agosto_entrada_bb_20130802,fase_do_pmcmv,nao_nulos
bb_2013_08_agosto_entrada_bb_20130802,codigo_empreendimento_bb,nao_nulos
bb_2013_08_agosto_entrada_bb_20130802,empreendimento,nao_nulos
bb_2013_08_agosto_entrada_bb_20130802,empresa,nao_nulos
bb_2013_08_agosto_entrada_bb_20130802,municipio,nao_nulos
bb_2013_08_agosto_entrada_bb_20130802,uf,nao_nulos
bb_2013_08_agosto_entrada_bb_20130802,regiao,nao_nulos
bb_2013_08_agosto_entrada_bb_20130802,contrato_bb,nao_nulos
bb_2013_08_agosto_entrada_bb_20130802,contrato_caixa,nao_nulos
bb_2013_08_agosto_entrada_bb_20130802,codigo_do_ibge,nao_nulos
bb_2013_08_agosto_entrada_bb_20130802,publico_alvo,nao_nulos
bb_2013_08_agosto_entrada_bb_20130802,endereco_do_empreendimento,nao_nulos
bb_2013_08_agosto_entrada_bb_20130802,valor_global_de_venda_vgv,nao_nulos
bb_2013_08_agosto_entrada_bb_20130802,qde_unidades,nao_nulos
bb_2013_08_agosto_entrada_bb_20130802,unid_fin_pf,nao_nulos
bb_2013_08_agosto_entrada_bb_20130802,unid_disponiveis,nao_nulos
bb_2013_08_agosto_entrada_bb_20130802,total_financiamentos_pf,nao_nulos
bb_2013_08_agosto_entrada_bb_20130802,total_financ_a_producao_pj,nao_nulos
bb_2013_08_agosto_entrada_bb_20130802,data_da_contratacao_bb,nao_nulos
bb_2013_08_agosto_entrada_bb_20130802,percentual_de_obra,nao_nulos
bb_2013_08_agosto_entrada_bb_20130802,entrega_do_empreendimento,nao_nulos
bb_2013_08_agosto_entrada_bb_20130802,complemento_fgts,nao_nulos
bb_2013_08_agosto_entrada_bb_20130802,complemento_ogu,nao_nulos
bb_2013_08_agosto_entrada_bb_20130802,complemento_total,nao_nulos
bb_2013_08_agosto_entrada_bb_20130802,equilibrio_fgts,nao_nulos
bb_2013_08_agosto_entrada_bb_20130802,equilibrio_ogu,nao_nulos
bb_2013_08_agosto_entrada_bb_20130802,equilibrio_total,nao_nulos
bb_2013_08_agosto_entrada_bb_20130802,valor_fgts_pf_utilizado,nao_nulos
bb_2013_08_agosto_entrada_bb_20130802,report_date,negocio
bb_2013_08_agosto_entrada_bb_20130802,report_date,nao_nulos
bb_2013_10_outubro_entrada_bb_20131105,fase_do_pmcmv,nao_nulos
bb_2013_10_outubro_entrada_bb_20131105,codigo_empreendimento_bb,nao_nulos
bb_2013_10_outubro_entrada_bb_20131105,empreendimento,nao_nulos
bb_2013_10_outubro_entrada_bb_20131105,empresa,nao_nulos
bb_2013_10_outubro_entrada_bb_20131105,municipio,nao_nulos
bb_2013_10_outubro_entrada_bb_20131105,uf,nao_nulos
bb_2013_10_outubro_entrada_bb_20131105,regiao,nao_nulos
bb_2013_10_outubro_entrada_bb_20131105,contrato_bb,nao_nulos
bb_2013_10_outubro_entrada_bb_20131105,contrato_caixa,nao_nulos
bb_2013_10_outubro_entrada_bb_20131105,codigo_do_ibge,nao_nulos
bb_2013_10_outubro_entrada_bb_20131105,publico_alvo,nao_nulos
bb_2013_10_outubro_entrada_bb_20131105,endereco_do_empreendimento,nao_nulos
bb_2013_10_outubro_entrada_bb_20131105,valor_global_de_venda_vgv,nao_nulos
bb_2013_10_outubro_entrada_bb_20131105,qde_unidades,nao_nulos
bb_2013_10_outubro_entrada_bb_20131105,unid_fin_pf,nao_nulos
bb_2013_10_outubro_entrada_bb_20131105,unid_disponiveis,nao_nulos
bb_2013_10_outubro_entrada_bb_20131105,total_financiamentos_pf,nao_nulos
bb_2013_10_outubro_entrada_bb_20131105,total_financ_a_producao_pj,nao_nulos
bb_2013_10_outubro_entrada_bb_20131105,data_da_contratacao_bb,nao_nulos
bb_2013_10_outubro_entrada_bb_20131105,percentual_de_obra,nao_nulos
bb_2013_10_outubro_entrada_bb_20131105,entrega_do_empreendimento,nao_nulos
bb_2013_10_outubro_entrada_bb_20131105,complemento_fgts,nao_nulos
bb_2013_10_outubro_entrada_bb_20131105,complemento_ogu,nao_nulos
bb_2013_10_outubro_entrada_bb_20131105,complemento_total,nao_nulos
bb_2013_10_outubro_entrada_bb_20131105,equilibrio_fgts,nao_nulos
bb_2013_10_outubro_entrada_bb_20131105,equilibrio_ogu,nao_nulos
bb_2013_10_outubro_entrada_bb_20131105,equilibrio_total,nao_nulos
bb_2013_10_outubro_entrada_bb_20131105,valor_fgts_pf_utilizado,nao_nulos
bb_2013_10_outubro_entrada_bb_20131105,report_date,negocio
bb_2013_10_outubro_entrada_bb_20131105,report_date,nao_nulos
bb_2013_11_novembro_entrada_bb_20131120,fase_do_pmcmv,nao_nulos
bb_2013_11_novembro_entrada_bb_20131120,codigo_empreendimento_bb,nao_nulos
bb_2013_11_novembro_entrada_bb_20131120,empreendimento,nao_nulos
bb_2013_11_novembro_entrada_bb_20131120,empresa,nao_nulos
bb_2013_11_novembro_entrada_bb_20131120,municipio,nao_nulos
bb_2013_11_novembro_entrada_bb_20131120,uf,nao_nulos
bb_2013_11_novembro_entrada_bb_20131120,regiao,nao_nulos
bb_2013_11_novembro_entrada_bb_20131120,contrato_bb,nao_nulos
bb_2013_11_novembro_entrada_bb_20131120,contrato_caixa,nao_nulos
bb_2013_11_novembro_entrada_bb_20131120,codigo_do_ibge,nao_nulos
bb_2013_11_novembro_entrada_bb_20131120,publico_alvo,nao_nulos
bb_2013_11_novembro_entrada_bb_20131120,endereco_do_empreendimento,nao_nulos
bb_2013_11_novembro_entrada_bb_20131120,valor_global_de_venda_vgv,nao_nulos
bb_2013_11_novembro_entrada_bb_20131120,qde_unidades,nao_nulos
bb_2013_11_novembro_entrada_bb_20131120,unid_fin_pf,nao_nulos
bb_2013_11_novembro_entrada_bb_20131120,unid_disponiveis,nao_nulos
bb_2013_11_novembro_entrada_bb_20131120,total_financiamentos_pf,nao_nulos
bb_2013_11_novembro_entrada_bb_20131120,total_financ_a_producao_pj,nao_nulos
bb_2013_11_novembro_entrada_bb_20131120,data_da_contratacao_bb,nao_nulos
bb_2013_11_novembro_entrada_bb_20131120,percentual_de_obra,nao_nulos
bb_2013_11_novembro_entrada_bb_20131120,entrega_do_empreendimento,nao_nulos
bb_2013_11_novembro_entrada_bb_20131120,complemento_fgts,nao_nulos
bb_2013_11_novembro_entrada_bb_20131120,complemento_ogu,nao_nulos
bb_2013_11_novembro_entrada_bb_20131120,complemento_total,nao_nulos
bb_2013_11_novembro_entrada_bb_20131120,equilibrio_fgts,nao_nulos
bb_2013_11_novembro_entrada_bb_20131120,equilibrio_ogu,nao_nulos
bb_2013_11_novembro_entrada_bb_20131120,equilibrio_total,nao_nulos
bb_2013_11_novembro_entrada_bb_20131120,valor_fgts_pf_utilizado,nao_nulos
bb_2013_11_novembro_entrada_bb_20131120,report_date,negocio
bb_2013_11_novembro_entrada_bb_20131120,report_date,nao_nulos
bb_2013_11_novembro_entrada_bb_20131204,fase_do_pmcmv,nao_nulos
bb_2013_11_novembro_entrada_bb_20131204,codigo_empreendimento_bb,nao_nulos
bb_2013_11_novembro_entrada_bb_20131204,empreendimento,nao_nulos
bb_2013_11_novembro_entrada_bb_20131204,empresa,nao_nulos
bb_2013_11_novembro_entrada_bb_20131204,municipio,nao_nulos
bb_2013_11_novembro_entrada_bb_20131204,uf,nao_nulos
bb_2013_11_novembro_entrada_bb_20131204,regiao,nao_nulos
bb_2013_11_novembro_entrada_bb_20131204,contrato_bb,nao_nulos
bb_2013_11_novembro_entrada_bb_20131204,contrato_caixa,nao_nulos
bb_2013_11_novembro_entrada_bb_20131204,codigo_do_ibge,nao_nulos
bb_2013_11_novembro_entrada_bb_20131204,publico_alvo,nao_nulos
bb_2013_11_novembro_entrada_bb_20131204,endereco_do_empreendimento,nao_nulos
bb_2013_11_novembro_entrada_bb_20131204,valor_global_de_venda_vgv,nao_nulos
bb_2013_11_novembro_entrada_bb_20131204,qde_unidades,nao_nulos
bb_2013_11_novembro_entrada_bb_20131204,unid_fin_pf,nao_nulos
bb_2013_11_novembro_entrada_bb_20131204,unid_disponiveis,nao_nulos
bb_2013_11_novembro_entrada_bb_20131204,total_financiamentos_pf,nao_nulos
bb_2013_11_novembro_entrada_bb_20131204,total_financ_a_producao_pj,nao_nulos
bb_2013_11_novembro_entrada_bb_20131204,data_da_contratacao_bb,nao_nulos
bb_2013_11_novembro_entrada_bb_20131204,percentual_de_obra,nao_nulos
bb_2013_11_novembro_entrada_bb_20131204,entrega_do_empreendimento,nao_nulos
bb_2013_11_novembro_entrada_bb_20131204,complemento_fgts,nao_nulos
bb_2013_11_novembro_entrada_bb_20131204,complemento_ogu,nao_nulos
bb_2013_11_novembro_entrada_bb_20131204,complemento_total,nao_nulos
bb_2013_11_novembro_entrada_bb_20131204,equilibrio_fgts,nao_nulos
bb_2013_11_novembro_entrada_bb_20131204,equilibrio_ogu,nao_nulos
bb_2013_11_novembro_entrada_bb_20131204,equilibrio_total,nao_nulos
bb_2013_11_novembro_entrada_bb_20131204,valor_fgts_pf_utilizado,nao_nulos
bb_2013_11_novembro_entrada_bb_20131204,report_date,negocio
bb_2013_11_novembro_entrada_bb_20131204,report_date,nao_nulos
bb_2013_12_dezembro_entrada_bb_20131218,fase_do_pmcmv,nao_nulos
bb_2013_12_dezembro_entrada_bb_20131218,codigo_empreendimento_bb,nao_nulos
bb_2013_12_dezembro_entrada_bb_20131218,empreendimento,nao_nulos
bb_2013_12_dezembro_entrada_bb_20131218,empresa,nao_nulos
bb_2013_12_dezembro_entrada_bb_20131218,municipio,nao_nulos
bb_2013_12_dezembro_entrada_bb_20131218,uf,nao_nulos
bb_2013_12_dezembro_entrada_bb_20131218,regiao,nao_nulos
bb_2013_12_dezembro_entrada_bb_20131218,contrato_bb,nao_nulos
bb_2013_12_dezembro_entrada_bb_20131218,contrato_caixa,nao_nulos
bb_2013_12_dezembro_entrada_bb_20131218,codigo_do_ibge,nao_nulos
bb_2013_12_dezembro_entrada_bb_20131218,publico_alvo,nao_nulos
bb_2013_12_dezembro_entrada_bb_20131218,endereco_do_empreendimento,nao_nulos
bb_2013_12_dezembro_entrada_bb_20131218,valor_global_de_venda_vgv,nao_nulos
bb_2013_12_dezembro_entrada_bb_20131218,qde_unidades,nao_nulos
bb_2013_12_dezembro_entrada_bb_20131218,unid_fin_pf,nao_nulos
bb_2013_12_dezembro_entrada_bb_20131218,unid_disponiveis,nao_nulos
bb_2013_12_dezembro_entrada_bb_20131218,total_financiamentos_pf,nao_nulos
bb_2013_12_dezembro_entrada_bb_20131218,total_financ_a_producao_pj,nao_nulos
bb_2013_12_dezembro_entrada_bb_20131218,data_da_contratacao_bb,nao_nulos
bb_2013_12_dezembro_entrada_bb_20131218,percentual_de_obra,nao_nulos
bb_2013_12_dezembro_entrada_bb_20131218,entrega_do_empreendimento,nao_nulos
bb_2013_12_dezembro_entrada_bb_20131218,complemento_fgts,nao_nulos
bb_2013_12_dezembro_entrada_bb_20131218,complemento_ogu,nao_nulos
bb_2013_12_dezembro_entrada_bb_20131218,complemento_total,nao_nulos
bb_2013_12_dezembro_entrada_bb_20131218,equilibrio_fgts,nao_nulos
bb_2013_12_dezembro_entrada_bb_20131218,equilibrio_ogu,nao_nulos
bb_2013_12_dezembro_entrada_bb_20131218,equilibrio_total,nao_nulos
bb_2013_12_dezembro_entrada_bb_20131218,valor_fgts_pf_utilizado,nao_nulos
bb_2013_12_dezembro_entrada_bb_20131218,report_date,negocio
bb_2013_12_dezembro_entrada_bb_20131218,report_date,nao_nulos
bb_2013_12_dezembro_entrada_bb_20131223__aux_bb_far,numero_da_operacao,nao_nulos
bb_2013_12_dezembro_entrada_bb_20131223__aux_bb_far,natureza_da_operacao,nao_nulos
bb_2013_12_dezembro_entrada_bb_20131223__aux_bb_far,subprograma,nao_nulos
bb_2013_12_dezembro_entrada_bb_20131223__aux_bb_far,faixa_de_renda,nao_nulos
bb_2013_12_dezembro_entrada_bb_20131223__aux_bb_far,agente_financeiro,nao_nulos
bb_2013_12_dezembro_entrada_bb_20131223__aux_bb_far,data_apresentacao,nao_nulos
bb_2013_12_dezembro_entrada_bb_20131223__aux_bb_far,nome_da_etapa_ou_modulo,nao_nulos
bb_2013_12_dezembro_entrada_bb_20131223__aux_bb_far,endereco_do_empreendimento,nao_nulos
bb_2013_12_dezembro_entrada_bb_20131223__aux_bb_far,codigo_do_empreendimento,nao_nulos
bb_2013_12_dezembro_entrada_bb_20131223__aux_bb_far,codigo_do_ibge,nao_nulos
bb_2013_12_dezembro_entrada_bb_20131223__aux_bb_far,regiao,nao_nulos
bb_2013_12_dezembro_entrada_bb_20131223__aux_bb_far,uf,nao_nulos
bb_2013_12_dezembro_entrada_bb_20131223__aux_bb_far,municipio,nao_nulos
bb_2013_12_dezembro_entrada_bb_20131223__aux_bb_far,valor_da_operacao,nao_nulos
bb_2013_12_dezembro_entrada_bb_20131223__aux_bb_far,no_unidades,nao_nulos
bb_2013_12_dezembro_entrada_bb_20131223__aux_bb_far,data_assinatura,nao_nulos
bb_2013_12_dezembro_entrada_bb_20131223__aux_bb_far,percentual_de_obra,nao_nulos
bb_2013_12_dezembro_entrada_bb_20131223__aux_bb_far,liberacoes_acumuladas,nao_nulos
bb_2013_12_dezembro_entrada_bb_20131223__aux_bb_far,construtora,nao_nulos
bb_2013_12_dezembro_entrada_bb_20131223__aux_bb_far,cnpj_construtora,nao_nulos
bb_2013_12_dezembro_entrada_bb_20131223__aux_bb_far,report_date,negocio
bb_2013_12_dezembro_entrada_bb_20131223__aux_bb_far,report_date,nao_nulos
bb_2013_12_dezembro_entrada_bb_20140102,fase_do_pmcmv,nao_nulos
bb_2013_12_dezembro_entrada_bb_20140102,codigo_empreendimento_bb,nao_nulos
bb_2013_12_dezembro_entrada_bb_20140102,empreendimento,nao_nulos
bb_2013_12_dezembro_entrada_bb_20140102,empresa,nao_nulos
bb_2013_12_dezembro_entrada_bb_20140102,municipio,nao_nulos
bb_2013_12_dezembro_entrada_bb_20140102,uf,nao_nulos
bb_2013_12_dezembro_entrada_bb_20140102,regiao,nao_nulos
bb_2013_12_dezembro_entrada_bb_20140102,contrato_bb,nao_nulos
bb_2013_12_dezembro_entrada_bb_20140102,contrato_caixa,nao_nulos
bb_2013_12_dezembro_entrada_bb_20140102,codigo_do_ibge,nao_nulos
bb_2013_12_dezembro_entrada_bb_20140102,publico_alvo,nao_nulos
bb_2013_12_dezembro_entrada_bb_20140102,endereco_do_empreendimento,nao_nulos
bb_2013_12_dezembro_entrada_bb_20140102,valor_global_de_venda_vgv,nao_nulos
bb_2013_12_dezembro_entrada_bb_20140102,qde_unidades,nao_nulos
bb_2013_12_dezembro_entrada_bb_20140102,unid_fin_pf,nao_nulos
bb_2013_12_dezembro_entrada_bb_20140102,unid_disponiveis,nao_nulos
bb_2013_12_dezembro_entrada_bb_20140102,total_financiamentos_pf,nao_nulos
bb_2013_12_dezembro_entrada_bb_20140102,total_financ_a_producao_pj,nao_nulos
bb_2013_12_dezembro_entrada_bb_20140102,data_da_contratacao_bb,nao_nulos
bb_2013_12_dezembro_entrada_bb_20140102,percentual_de_obra,nao_nulos
bb_2013_12_dezembro_entrada_bb_20140102,entrega_do_empreendimento,nao_nulos
bb_2013_12_dezembro_entrada_bb_20140102,complemento_fgts,nao_nulos
bb_2013_12_dezembro_entrada_bb_20140102,complemento_ogu,nao_nulos
bb_2013_12_dezembro_entrada_bb_20140102,complemento_total,nao_nulos
bb_2013_12_dezembro_entrada_bb_20140102,equilibrio_fgts,nao_nulos
bb_2013_12_dezembro_entrada_bb_20140102,equilibrio_ogu,nao_nulos
bb_2013_12_dezembro_entrada_bb_20140102,equilibrio_total,nao_nulos
bb_2013_12_dezembro_entrada_bb_20140102,valor_fgts_pf_utilizado,nao_nulos
bb_2013_12_dezembro_entrada_bb_20140102,report_date,negocio
bb_2013_12_dezembro_entrada_bb_20140102,report_date,nao_nulos
bb_2014_01_janeiro_entrada_bb_20140116,fase_do_pmcmv,nao_nulos
bb_2014_01_janeiro_entrada_bb_20140116,codigo_empreendimento_bb,nao_nulos
bb_2014_01_janeiro_entrada_bb_20140116,empreendimento,nao_nulos
bb_2014_01_janeiro_entrada_bb_20140116,empresa,nao_nulos
bb_2014_01_janeiro_entrada_bb_20140116,municipio,nao_nulos
bb_2014_01_janeiro_entrada_bb_20140116,uf,nao_nulos
bb_2014_01_janeiro_entrada_bb_20140116,regiao,nao_nulos
bb_2014_01_janeiro_entrada_bb_20140116,contrato_bb,nao_nulos
bb_2014_01_janeiro_entrada_bb_20140116,contrato_caixa,nao_nulos
bb_2014_01_janeiro_entrada_bb_20140116,codigo_do_ibge,nao_nulos
bb_2014_01_janeiro_entrada_bb_20140116,publico_alvo,nao_nulos
bb_2014_01_janeiro_entrada_bb_20140116,endereco_do_empreendimento,nao_nulos
bb_2014_01_janeiro_entrada_bb_20140116,valor_global_de_venda_vgv,nao_nulos
bb_2014_01_janeiro_entrada_bb_20140116,qde_unidades,nao_nulos
bb_2014_01_janeiro_entrada_bb_20140116,unid_fin_pf,nao_nulos
bb_2014_01_janeiro_entrada_bb_20140116,unid_disponiveis,nao_nulos
bb_2014_01_janeiro_entrada_bb_20140116,total_financiamentos_pf,nao_nulos
bb_2014_01_janeiro_entrada_bb_20140116,total_financ_a_producao_pj,nao_nulos
bb_2014_01_janeiro_entrada_bb_20140116,data_da_contratacao_bb,nao_nulos
bb_2014_01_janeiro_entrada_bb_20140116,percentual_de_obra,nao_nulos
bb_2014_01_janeiro_entrada_bb_20140116,entrega_do_empreendimento,nao_nulos
bb_2014_01_janeiro_entrada_bb_20140116,complemento_fgts,nao_nulos
bb_2014_01_janeiro_entrada_bb_20140116,complemento_ogu,nao_nulos
bb_2014_01_janeiro_entrada_bb_20140116,complemento_total,nao_nulos
bb_2014_01_janeiro_entrada_bb_20140116,equilibrio_fgts,nao_nulos
bb_2014_01_janeiro_entrada_bb_20140116,equilibrio_ogu,nao_nulos
bb_2014_01_janeiro_entrada_bb_20140116,equilibrio_total,nao_nulos
bb_2014_01_janeiro_entrada_bb_20140116,valor_fgts_pf_utilizado,nao_nulos
bb_2014_01_janeiro_entrada_bb_20140116,report_date,negocio
bb_2014_01_janeiro_entrada_bb_20140116,report_date,nao_nulos
bb_2014_02_fevereiro_entrada_bb_20140217,fase_do_pmcmv,nao_nulos
bb_2014_02_fevereiro_entrada_bb_20140217,codigo_empreendimento_bb,nao_nulos
bb_2014_02_fevereiro_entrada_bb_20140217,empreendimento,nao_nulos
bb_2014_02_fevereiro_entrada_bb_20140217,empresa,nao_nulos
bb_2014_02_fevereiro_entrada_bb_20140217,municipio,nao_nulos
bb_2014_02_fevereiro_entrada_bb_20140217,uf,nao_nulos
bb_2014_02_fevereiro_entrada_bb_20140217,regiao,nao_nulos
bb_2014_02_fevereiro_entrada_bb_20140217,contrato_bb,nao_nulos
bb_2014_02_fevereiro_entrada_bb_20140217,contrato_caixa,nao_nulos
bb_2014_02_fevereiro_entrada_bb_20140217,codigo_do_ibge,nao_nulos
bb_2014_02_fevereiro_entrada_bb_20140217,publico_alvo,nao_nulos
bb_2014_02_fevereiro_entrada_bb_20140217,endereco_do_empreendimento,nao_nulos
bb_2014_02_fevereiro_entrada_bb_20140217,valor_global_de_venda_vgv,nao_nulos
bb_2014_02_fevereiro_entrada_bb_20140217,qde_unidades,nao_nulos
bb_2014_02_fevereiro_entrada_bb_20140217,unid_fin_pf,nao_nulos
bb_2014_02_fevereiro_entrada_bb_20140217,unid_disponiveis,nao_nulos
bb_2014_02_fevereiro_entrada_bb_20140217,total_financiamentos_pf,nao_nulos
bb_2014_02_fevereiro_entrada_bb_20140217,total_financ_a_producao_pj,nao_nulos
bb_2014_02_fevereiro_entrada_bb_20140217,data_da_contratacao_bb,nao_nulos
bb_2014_02_fevereiro_entrada_bb_20140217,percentual_de_obra,nao_nulos
bb_2014_02_fevereiro_entrada_bb_20140217,entrega_do_empreendimento,nao_nulos
bb_2014_02_fevereiro_entrada_bb_20140217,complemento_fgts,nao_nulos
bb_2014_02_fevereiro_entrada_bb_20140217,complemento_ogu,nao_nulos
bb_2014_02_fevereiro_entrada_bb_20140217,complemento_total,nao_nulos
bb_2014_02_fevereiro_entrada_bb_20140217,equilibrio_fgts,nao_nulos
bb_2014_02_fevereiro_entrada_bb_20140217,equilibrio_ogu,nao_nulos
bb_2014_02_fevereiro_entrada_bb_20140217,equilibrio_total,nao_nulos
bb_2014_02_fevereiro_entrada_bb_20140217,valor_fgts_pf_utilizado,nao_nulos
bb_2014_02_fevereiro_entrada_bb_20140217,report_date,negocio
bb_2014_02_fevereiro_entrada_bb_20140217,report_date,nao_nulos
bb_2014_02_fevereiro_entrada_bb_20140306,fase_do_pmcmv,nao_nulos
bb_2014_02_fevereiro_entrada_bb_20140306,codigo_empreendimento_bb,nao_nulos
bb_2014_02_fevereiro_entrada_bb_20140306,empreendimento,nao_nulos
bb_2014_02_fevereiro_entrada_bb_20140306,empresa,nao_nulos
bb_2014_02_fevereiro_entrada_bb_20140306,municipio,nao_nulos
bb_2014_02_fevereiro_entrada_bb_20140306,uf,nao_nulos
bb_2014_02_fevereiro_entrada_bb_20140306,regiao,nao_nulos
bb_2014_02_fevereiro_entrada_bb_20140306,contrato_bb,nao_nulos
bb_2014_02_fevereiro_entrada_bb_20140306,contrato_caixa,nao_nulos
bb_2014_02_fevereiro_entrada_bb_20140306,codigo_do_ibge,nao_nulos
bb_2014_02_fevereiro_entrada_bb_20140306,publico_alvo,nao_nulos
bb_2014_02_fevereiro_entrada_bb_20140306,endereco_do_empreendimento,nao_nulos
bb_2014_02_fevereiro_entrada_bb_20140306,valor_global_de_venda_vgv,nao_nulos
bb_2014_02_fevereiro_entrada_bb_20140306,qde_unidades,nao_nulos
bb_2014_02_fevereiro_entrada_bb_20140306,unid_fin_pf,nao_nulos
bb_2014_02_fevereiro_entrada_bb_20140306,unid_disponiveis,nao_nulos
bb_2014_02_fevereiro_entrada_bb_20140306,total_financiamentos_pf,nao_nulos
bb_2014_02_fevereiro_entrada_bb_20140306,total_financ_a_producao_pj,nao_nulos
bb_2014_02_fevereiro_entrada_bb_20140306,data_da_contratacao_bb,nao_nulos
bb_2014_02_fevereiro_entrada_bb_20140306,percentual_de_obra,nao_nulos
bb_2014_02_fevereiro_entrada_bb_20140306,entrega_do_empreendimento,nao_nulos
bb_2014_02_fevereiro_entrada_bb_20140306,complemento_fgts,nao_nulos
bb_2014_02_fevereiro_entrada_bb_20140306,complemento_ogu,nao_nulos
bb_2014_02_fevereiro_entrada_bb_20140306,complemento_total,nao_nulos
bb_2014_02_fevereiro_entrada_bb_20140306,equilibrio_fgts,nao_nulos
bb_2014_02_fevereiro_entrada_bb_20140306,equilibrio_ogu,nao_nulos
bb_2014_02_fevereiro_entrada_bb_20140306,equilibrio_total,nao_nulos
bb_2014_02_fevereiro_entrada_bb_20140306,valor_fgts_pf_utilizado,nao_nulos
bb_2014_02_fevereiro_entrada_bb_20140306,report_date,negocio
bb_2014_02_fevereiro_entrada_bb_20140306,report_date,nao_nulos
bb_2014_03_marco_entrada_bb_20140401,fase_do_pmcmv,nao_nulos
bb_2014_03_marco_entrada_bb_20140401,report_date,negocio
bb_2014_03_marco_entrada_bb_20140401,report_date,nao_nulos
bb_2014_04_abril_entrada_bb_20140415,fase_do_pmcmv,nao_nulos
bb_2014_04_abril_entrada_bb_20140415,report_date,negocio
bb_2014_04_abril_entrada_bb_20140415,report_date,nao_nulos
bb_2014_04_abril_entrada_bb_20140430,fase_do_pmcmv,nao_nulos
bb_2014_04_abril_entrada_bb_20140430,codigo_empreendimento_bb,nao_nulos
bb_2014_04_abril_entrada_bb_20140430,empreendimento,nao_nulos
bb_2014_04_abril_entrada_bb_20140430,empresa,nao_nulos
bb_2014_04_abril_entrada_bb_20140430,municipio,nao_nulos
bb_2014_04_abril_entrada_bb_20140430,uf,nao_nulos
bb_2014_04_abril_entrada_bb_20140430,regiao,nao_nulos
bb_2014_04_abril_entrada_bb_20140430,contrato_bb,nao_nulos
bb_2014_04_abril_entrada_bb_20140430,contrato_caixa,nao_nulos
bb_2014_04_abril_entrada_bb_20140430,codigo_do_ibge,nao_nulos
bb_2014_04_abril_entrada_bb_20140430,publico_alvo,nao_nulos
bb_2014_04_abril_entrada_bb_20140430,endereco_do_empreendimento,nao_nulos
bb_2014_04_abril_entrada_bb_20140430,valor_global_de_venda_vgv,nao_nulos
bb_2014_04_abril_entrada_bb_20140430,qde_unidades,nao_nulos
bb_2014_04_abril_entrada_bb_20140430,unid_fin_pf,nao_nulos
bb_2014_04_abril_entrada_bb_20140430,unid_disponiveis,nao_nulos
bb_2014_04_abril_entrada_bb_20140430,total_financiamentos_pf,nao_nulos
bb_2014_04_abril_entrada_bb_20140430,total_financ_a_producao_pj,nao_nulos
bb_2014_04_abril_entrada_bb_20140430,data_da_contratacao_bb,nao_nulos
bb_2014_04_abril_entrada_bb_20140430,percentual_de_obra,nao_nulos
bb_2014_04_abril_entrada_bb_20140430,entrega_do_empreendimento,nao_nulos
bb_2014_04_abril_entrada_bb_20140430,complemento_fgts,nao_nulos
bb_2014_04_abril_entrada_bb_20140430,complemento_ogu,nao_nulos
bb_2014_04_abril_entrada_bb_20140430,complemento_total,nao_nulos
bb_2014_04_abril_entrada_bb_20140430,equilibrio_fgts,nao_nulos
bb_2014_04_abril_entrada_bb_20140430,equilibrio_ogu,nao_nulos
bb_2014_04_abril_entrada_bb_20140430,equilibrio_total,nao_nulos
bb_2014_04_abril_entrada_bb_20140430,valor_fgts_pf_utilizado,nao_nulos
bb_2014_04_abril_entrada_bb_20140430,report_date,negocio
bb_2014_04_abril_entrada_bb_20140430,report_date,nao_nulos
bb_2014_05_maio_entrada_bb_20140516,fase_do_pmcmv,nao_nulos
bb_2014_05_maio_entrada_bb_20140516,codigo_empreendimento_bb,nao_nulos
bb_2014_05_maio_entrada_bb_20140516,empreendimento,nao_nulos
bb_2014_05_maio_entrada_bb_20140516,empresa,nao_nulos
bb_2014_05_maio_entrada_bb_20140516,municipio,nao_nulos
bb_2014_05_maio_entrada_bb_20140516,uf,nao_nulos
bb_2014_05_maio_entrada_bb_20140516,regiao,nao_nulos
bb_2014_05_maio_entrada_bb_20140516,contrato_bb,nao_nulos
bb_2014_05_maio_entrada_bb_20140516,contrato_caixa,nao_nulos
bb_2014_05_maio_entrada_bb_20140516,codigo_do_ibge,nao_nulos
bb_2014_05_maio_entrada_bb_20140516,publico_alvo,nao_nulos
bb_2014_05_maio_entrada_bb_20140516,endereco_do_empreendimento,nao_nulos
bb_2014_05_maio_entrada_bb_20140516,valor_global_de_venda_vgv,nao_nulos
bb_2014_05_maio_entrada_bb_20140516,qde_unidades,nao_nulos
bb_2014_05_maio_entrada_bb_20140516,unid_fin_pf,nao_nulos
bb_2014_05_maio_entrada_bb_20140516,unid_disponiveis,nao_nulos
bb_2014_05_maio_entrada_bb_20140516,total_financiamentos_pf,nao_nulos
bb_2014_05_maio_entrada_bb_20140516,total_financ_a_producao_pj,nao_nulos
bb_2014_05_maio_entrada_bb_20140516,data_da_contratacao_bb,nao_nulos
bb_2014_05_maio_entrada_bb_20140516,percentual_de_obra,nao_nulos
bb_2014_05_maio_entrada_bb_20140516,entrega_do_empreendimento,nao_nulos
bb_2014_05_maio_entrada_bb_20140516,complemento_fgts,nao_nulos
bb_2014_05_maio_entrada_bb_20140516,complemento_ogu,nao_nulos
bb_2014_05_maio_entrada_bb_20140516,complemento_total,nao_nulos
bb_2014_05_maio_entrada_bb_20140516,equilibrio_fgts,nao_nulos
bb_2014_05_maio_entrada_bb_20140516,equilibrio_ogu,nao_nulos
bb_2014_05_maio_entrada_bb_20140516,equilibrio_total,nao_nulos
bb_2014_05_maio_entrada_bb_20140516,valor_fgts_pf_utilizado,nao_nulos
bb_2014_05_maio_entrada_bb_20140516,report_date,negocio
bb_2014_05_maio_entrada_bb_20140516,report_date,nao_nulos
bb_2014_05_maio_entrada_bb_20140530,fase_do_pmcmv,nao_nulos
bb_2014_05_maio_entrada_bb_20140530,codigo_empreendimento_bb,nao_nulos
bb_2014_05_maio_entrada_bb_20140530,empreendimento,nao_nulos
bb_2014_05_maio_entrada_bb_20140530,empresa,nao_nulos
bb_2014_05_maio_entrada_bb_20140530,municipio,nao_nulos
bb_2014_05_maio_entrada_bb_20140530,uf,nao_nulos
bb_2014_05_maio_entrada_bb_20140530,regiao,nao_nulos
bb_2014_05_maio_entrada_bb_20140530,contrato_bb,nao_nulos
bb_2014_05_maio_entrada_bb_20140530,contrato_caixa,nao_nulos
bb_2014_05_maio_entrada_bb_20140530,codigo_do_ibge,nao_nulos
bb_2014_05_maio_entrada_bb_20140530,publico_alvo,nao_nulos
bb_2014_05_maio_entrada_bb_20140530,endereco_do_empreendimento,nao_nulos
bb_2014_05_maio_entrada_bb_20140530,valor_global_de_venda_vgv,nao_nulos
bb_2014_05_maio_entrada_bb_20140530,qde_unidades,nao_nulos
bb_2014_05_maio_entrada_bb_20140530,unid_fin_pf,nao_nulos
bb_2014_05_maio_entrada_bb_20140530,unid_disponiveis,nao_nulos
bb_2014_05_maio_entrada_bb_20140530,total_financiamentos_pf,nao_nulos
bb_2014_05_maio_entrada_bb_20140530,total_financ_a_producao_pj,nao_nulos
bb_2014_05_maio_entrada_bb_20140530,data_da_contratacao_bb,nao_nulos
bb_2014_05_maio_entrada_bb_20140530,percentual_de_obra,nao_nulos
bb_2014_05_maio_entrada_bb_20140530,entrega_do_empreendimento,nao_nulos
bb_2014_05_maio_entrada_bb_20140530,complemento_fgts,nao_nulos
bb_2014_05_maio_entrada_bb_20140530,complemento_ogu,nao_nulos
bb_2014_05_maio_entrada_bb_20140530,complemento_total,nao_nulos
bb_2014_05_maio_entrada_bb_20140530,equilibrio_fgts,nao_nulos
bb_2014_05_maio_entrada_bb_20140530,equilibrio_ogu,nao_nulos
bb_2014_05_maio_entrada_bb_20140530,equilibrio_total,nao_nulos
bb_2014_05_maio_entrada_bb_20140530,valor_fgts_pf_utilizado,nao_nulos
bb_2014_05_maio_entrada_bb_20140530,report_date,negocio
bb_2014_05_maio_entrada_bb_20140530,report_date,nao_nulos
bb_2014_06_junho_entrada_bb_20140615,fase_do_pmcmv,nao_nulos
bb_2014_06_junho_entrada_bb_20140615,codigo_empreendimento_bb,nao_nulos
bb_2014_06_junho_entrada_bb_20140615,empreendimento,nao_nulos
bb_2014_06_junho_entrada_bb_20140615,empresa,nao_nulos
bb_2014_06_junho_entrada_bb_20140615,municipio,nao_nulos
bb_2014_06_junho_entrada_bb_20140615,uf,nao_nulos
bb_2014_06_junho_entrada_bb_20140615,regiao,nao_nulos
bb_2014_06_junho_entrada_bb_20140615,contrato_bb,nao_nulos
bb_2014_06_junho_entrada_bb_20140615,contrato_caixa,nao_nulos
bb_2014_06_junho_entrada_bb_20140615,codigo_do_ibge,nao_nulos
bb_2014_06_junho_entrada_bb_20140615,publico_alvo,nao_nulos
bb_2014_06_junho_entrada_bb_20140615,endereco_do_empreendimento,nao_nulos
bb_2014_06_junho_entrada_bb_20140615,valor_global_de_venda_vgv,nao_nulos
bb_2014_06_junho_entrada_bb_20140615,qde_unidades,nao_nulos
bb_2014_06_junho_entrada_bb_20140615,unid_fin_pf,nao_nulos
bb_2014_06_junho_entrada_bb_20140615,unid_disponiveis,nao_nulos
bb_2014_06_junho_entrada_bb_20140615,total_financiamentos_pf,nao_nulos
bb_2014_06_junho_entrada_bb_20140615,total_financ_a_producao_pj,nao_nulos
bb_2014_06_junho_entrada_bb_20140615,data_da_contratacao_bb,nao_nulos
bb_2014_06_junho_entrada_bb_20140615,percentual_de_obra,nao_nulos
bb_2014_06_junho_entrada_bb_20140615,entrega_do_empreendimento,nao_nulos
bb_2014_06_junho_entrada_bb_20140615,complemento_fgts,nao_nulos
bb_2014_06_junho_entrada_bb_20140615,complemento_ogu,nao_nulos
bb_2014_06_junho_entrada_bb_20140615,complemento_total,nao_nulos
bb_2014_06_junho_entrada_bb_20140615,equilibrio_fgts,nao_nulos
bb_2014_06_junho_entrada_bb_20140615,equilibrio_ogu,nao_nulos
bb_2014_06_junho_entrada_bb_20140615,equilibrio_total,nao_nulos
bb_2014_06_junho_entrada_bb_20140615,valor_fgts_pf_utilizado,nao_nulos
bb_2014_06_junho_entrada_bb_20140615,report_date,negocio
bb_2014_06_junho_entrada_bb_20140615,report_date,nao_nulos
bb_2014_06_junho_entrada_bb_20140625,fase_do_pmcmv,nao_nulos
bb_2014_06_junho_entrada_bb_20140625,report_date,negocio
bb_2014_06_junho_entrada_bb_20140625,report_date,nao_nulos
bb_2014_06_junho_entrada_bb_20140701,fase_do_pmcmv,nao_nulos
bb_2014_06_junho_entrada_bb_20140701,codigo_empreendimento_bb,nao_nulos
bb_2014_06_junho_entrada_bb_20140701,empreendimento,nao_nulos
bb_2014_06_junho_entrada_bb_20140701,empresa,nao_nulos
bb_2014_06_junho_entrada_bb_20140701,municipio,nao_nulos
bb_2014_06_junho_entrada_bb_20140701,uf,nao_nulos
bb_2014_06_junho_entrada_bb_20140701,regiao,nao_nulos
bb_2014_06_junho_entrada_bb_20140701,contrato_bb,nao_nulos
bb_2014_06_junho_entrada_bb_20140701,contrato_caixa,nao_nulos
bb_2014_06_junho_entrada_bb_20140701,codigo_do_ibge,nao_nulos
bb_2014_06_junho_entrada_bb_20140701,publico_alvo,nao_nulos
bb_2014_06_junho_entrada_bb_20140701,endereco_do_empreendimento,nao_nulos
bb_2014_06_junho_entrada_bb_20140701,valor_global_de_venda_vgv,nao_nulos
bb_2014_06_junho_entrada_bb_20140701,qde_unidades,nao_nulos
bb_2014_06_junho_entrada_bb_20140701,unid_fin_pf,nao_nulos
bb_2014_06_junho_entrada_bb_20140701,unid_disponiveis,nao_nulos
bb_2014_06_junho_entrada_bb_20140701,total_financiamentos_pf,nao_nulos
bb_2014_06_junho_entrada_bb_20140701,total_financ_a_producao_pj,nao_nulos
bb_2014_06_junho_entrada_bb_20140701,data_da_contratacao_bb,nao_nulos
bb_2014_06_junho_entrada_bb_20140701,percentual_de_obra,nao_nulos
bb_2014_06_junho_entrada_bb_20140701,entrega_do_empreendimento,nao_nulos
bb_2014_06_junho_entrada_bb_20140701,complemento_fgts,nao_nulos
bb_2014_06_junho_entrada_bb_20140701,complemento_ogu,nao_nulos
bb_2014_06_junho_entrada_bb_20140701,complemento_total,nao_nulos
bb_2014_06_junho_entrada_bb_20140701,equilibrio_fgts,nao_nulos
bb_2014_06_junho_entrada_bb_20140701,equilibrio_ogu,nao_nulos
bb_2014_06_junho_entrada_bb_20140701,equilibrio_total,nao_nulos
bb_2014_06_junho_entrada_bb_20140701,valor_fgts_pf_utilizado,nao_nulos
bb_2014_06_junho_entrada_bb_20140701,report_date,negocio
bb_2014_06_junho_entrada_bb_20140701,report_date,nao_nulos
bb_2014_07_julho_entrada_bb_20140731,fase_do_pmcmv,nao_nulos
bb_2014_07_julho_entrada_bb_20140731,codigo_empreendimento_bb,nao_nulos
bb_2014_07_julho_entrada_bb_20140731,empreendimento,nao_nulos
bb_2014_07_julho_entrada_bb_20140731,empresa,nao_nulos
bb_2014_07_julho_entrada_bb_20140731,municipio,nao_nulos
bb_2014_07_julho_entrada_bb_20140731,uf,nao_nulos
bb_2014_07_julho_entrada_bb_20140731,regiao,nao_nulos
bb_2014_07_julho_entrada_bb_20140731,contrato_bb,nao_nulos
bb_2014_07_julho_entrada_bb_20140731,contrato_caixa,nao_nulos
bb_2014_07_julho_entrada_bb_20140731,codigo_do_ibge,nao_nulos
bb_2014_07_julho_entrada_bb_20140731,publico_alvo,nao_nulos
bb_2014_07_julho_entrada_bb_20140731,endereco_do_empreendimento,nao_nulos
bb_2014_07_julho_entrada_bb_20140731,valor_global_de_venda_vgv,nao_nulos
bb_2014_07_julho_entrada_bb_20140731,qde_unidades,nao_nulos
bb_2014_07_julho_entrada_bb_20140731,unid_fin_pf,nao_nulos
bb_2014_07_julho_entrada_bb_20140731,unid_disponiveis,nao_nulos
bb_2014_07_julho_entrada_bb_20140731,total_financiamentos_pf,nao_nulos
bb_2014_07_julho_entrada_bb_20140731,total_financ_a_producao_pj,nao_nulos
bb_2014_07_julho_entrada_bb_20140731,data_da_contratacao_bb,nao_nulos
bb_2014_07_julho_entrada_bb_20140731,percentual_de_obra,nao_nulos
bb_2014_07_julho_entrada_bb_20140731,entrega_do_empreendimento,nao_nulos
bb_2014_07_julho_entrada_bb_20140731,complemento_fgts,nao_nulos
bb_2014_07_julho_entrada_bb_20140731,complemento_ogu,nao_nulos
bb_2014_07_julho_entrada_bb_20140731,complemento_total,nao_nulos
bb_2014_07_julho_entrada_bb_20140731,equilibrio_fgts,nao_nulos
bb_2014_07_julho_entrada_bb_20140731,equilibrio_ogu,nao_nulos
bb_2014_07_julho_entrada_bb_20140731,equilibrio_total,nao_nulos
bb_2014_07_julho_entrada_bb_20140731,valor_fgts_pf_utilizado,nao_nulos
bb_2014_07_julho_entrada_bb_20140731,report_date,negocio
bb_2014_07_julho_entrada_bb_20140731,report_date,nao_nulos
bb_2014_08_agosto_entrada_bb_20140818_antigo,fase_do_pmcmv,nao_nulos
bb_2014_08_agosto_entrada_bb_20140818_antigo,report_date,negocio
bb_2014_08_agosto_entrada_bb_20140818_antigo,report_date,nao_nulos
bb_2014_08_agosto_entrada_bb_20140829_antigo,fase_do_pmcmv,nao_nulos
bb_2014_08_agosto_entrada_bb_20140829_antigo,codigo_empreendimento_bb,nao_nulos
bb_2014_08_agosto_entrada_bb_20140829_antigo,empreendimento,nao_nulos
bb_2014_08_agosto_entrada_bb_20140829_antigo,empresa,nao_nulos
bb_2014_08_agosto_entrada_bb_20140829_antigo,municipio,nao_nulos
bb_2014_08_agosto_entrada_bb_20140829_antigo,uf,nao_nulos
bb_2014_08_agosto_entrada_bb_20140829_antigo,regiao,nao_nulos
bb_2014_08_agosto_entrada_bb_20140829_antigo,contrato_bb,nao_nulos
bb_2014_08_agosto_entrada_bb_20140829_antigo,contrato_caixa,nao_nulos
bb_2014_08_agosto_entrada_bb_20140829_antigo,codigo_do_ibge,nao_nulos
bb_2014_08_agosto_entrada_bb_20140829_antigo,publico_alvo,nao_nulos
bb_2014_08_agosto_entrada_bb_20140829_antigo,endereco_do_empreendimento,nao_nulos
bb_2014_08_agosto_entrada_bb_20140829_antigo,valor_global_de_venda_vgv,nao_nulos
bb_2014_08_agosto_entrada_bb_20140829_antigo,qde_unidades,nao_nulos
bb_2014_08_agosto_entrada_bb_20140829_antigo,unid_fin_pf,nao_nulos
bb_2014_08_agosto_entrada_bb_20140829_antigo,unid_disponiveis,nao_nulos
bb_2014_08_agosto_entrada_bb_20140829_antigo,total_financiamentos_pf,nao_nulos
bb_2014_08_agosto_entrada_bb_20140829_antigo,total_financ_a_producao_pj,nao_nulos
bb_2014_08_agosto_entrada_bb_20140829_antigo,data_da_contratacao_bb,nao_nulos
bb_2014_08_agosto_entrada_bb_20140829_antigo,percentual_de_obra,nao_nulos
bb_2014_08_agosto_entrada_bb_20140829_antigo,entrega_do_empreendimento,nao_nulos
bb_2014_08_agosto_entrada_bb_20140829_antigo,complemento_fgts,nao_nulos
bb_2014_08_agosto_entrada_bb_20140829_antigo,complemento_ogu,nao_nulos
bb_2014_08_agosto_entrada_bb_20140829_antigo,complemento_total,nao_nulos
bb_2014_08_agosto_entrada_bb_20140829_antigo,equilibrio_fgts,nao_nulos
bb_2014_08_agosto_entrada_bb_20140829_antigo,equilibrio_ogu,nao_nulos
bb_2014_08_agosto_entrada_bb_20140829_antigo,equilibrio_total,nao_nulos
bb_2014_08_agosto_entrada_bb_20140829_antigo,valor_fgts_pf_utilizado,nao_nulos
bb_2014_08_agosto_entrada_bb_20140829_antigo,report_date,negocio
bb_2014_08_agosto_entrada_bb_20140829_antigo,report_date,nao_nulos
bb_2014_09_setembro_entrada_bb_20140930,fase_do_pmcmv,nao_nulos
bb_2014_09_setembro_entrada_bb_20140930,codigo_empreendimento_bb,nao_nulos
bb_2014_09_setembro_entrada_bb_20140930,empreendimento,nao_nulos
bb_2014_09_setembro_entrada_bb_20140930,empresa,nao_nulos
bb_2014_09_setembro_entrada_bb_20140930,municipio,nao_nulos
bb_2014_09_setembro_entrada_bb_20140930,uf,nao_nulos
bb_2014_09_setembro_entrada_bb_20140930,regiao,nao_nulos
bb_2014_09_setembro_entrada_bb_20140930,contrato_bb,nao_nulos
bb_2014_09_setembro_entrada_bb_20140930,contrato_caixa,nao_nulos
bb_2014_09_setembro_entrada_bb_20140930,codigo_do_ibge,nao_nulos
bb_2014_09_setembro_entrada_bb_20140930,publico_alvo,nao_nulos
bb_2014_09_setembro_entrada_bb_20140930,endereco_do_empreendimento,nao_nulos
bb_2014_09_setembro_entrada_bb_20140930,valor_global_de_venda_vgv,nao_nulos
bb_2014_09_setembro_entrada_bb_20140930,qde_unidades,nao_nulos
bb_2014_09_setembro_entrada_bb_20140930,unid_fin_pf,nao_nulos
bb_2014_09_setembro_entrada_bb_20140930,unid_disponiveis,nao_nulos
bb_2014_09_setembro_entrada_bb_20140930,total_financiamentos_pf,nao_nulos
bb_2014_09_setembro_entrada_bb_20140930,total_financ_a_producao_pj,nao_nulos
bb_2014_09_setembro_entrada_bb_20140930,data_da_contratacao_bb,nao_nulos
bb_2014_09_setembro_entrada_bb_20140930,percentual_de_obra,nao_nulos
bb_2014_09_setembro_entrada_bb_20140930,entrega_do_empreendimento,nao_nulos
bb_2014_09_setembro_entrada_bb_20140930,complemento_fgts,nao_nulos
bb_2014_09_setembro_entrada_bb_20140930,complemento_ogu,nao_nulos
bb_2014_09_setembro_entrada_bb_20140930,complemento_total,nao_nulos
bb_2014_09_setembro_entrada_bb_20140930,equilibrio_fgts,nao_nulos
bb_2014_09_setembro_entrada_bb_20140930,equilibrio_ogu,nao_nulos
bb_2014_09_setembro_entrada_bb_20140930,equilibrio_total,nao_nulos
bb_2014_09_setembro_entrada_bb_20140930,valor_fgts_pf_utilizado,nao_nulos
bb_2014_09_setembro_entrada_bb_20140930,report_date,negocio
bb_2014_09_setembro_entrada_bb_20140930,report_date,nao_nulos
bb_2014_10_outubro_2014_10_30_min_cidades_pf_pf,cod_contrato,negocio
bb_2014_10_outubro_2014_10_30_min_cidades_pf_pf,cod_contrato,nao_nulos
bb_2014_10_outubro_2014_10_30_min_cidades_pf_pf,cod_municipio,negocio
bb_2014_10_outubro_2014_10_30_min_cidades_pf_pf,cod_municipio,nao_nulos
bb_2014_10_outubro_2014_10_30_min_cidades_pf_pf,num_programa,nao_nulos
bb_2014_10_outubro_2014_10_30_min_cidades_pf_pf,num_faixa,nao_nulos
bb_2014_10_outubro_2014_10_30_min_cidades_pf_pf,qtd_uh,nao_nulos
bb_2014_10_outubro_2014_10_30_min_cidades_pf_pf,vlr_financiamento,nao_nulos
bb_2014_10_outubro_2014_10_30_min_cidades_pf_pf,vlr_subsidio_fgts,nao_nulos
bb_2014_10_outubro_2014_10_30_min_cidades_pf_pf,vlr_subsidio_ogu,nao_nulos
bb_2014_10_outubro_2014_10_30_min_cidades_pf_pf,qtd_entregue,nao_nulos
bb_2014_10_outubro_2014_10_30_min_cidades_pf_pf,fase_mcmv,nao_nulos
bb_2014_10_outubro_2014_10_30_min_cidades_pf_pf,qtd_concluida,nao_nulos
bb_2014_10_outubro_2014_10_30_min_cidades_pf_pf,dat_contratacao,negocio
bb_2014_10_outubro_2014_10_30_min_cidades_pf_pf,vlr_recurso_proprio,nao_nulos
bb_2014_10_outubro_2014_10_30_min_cidades_pf_pf,vlr_sacado_fgts,nao_nulos
bb_2014_10_outubro_2014_10_30_min_cidades_pf_pf,dat_atualizacao,negocio
bb_2014_10_outubro_2014_10_30_min_cidades_pf_pf,dat_atualizacao,nao_nulos
bb_2014_10_outubro_2014_10_30_min_cidades_pf_pf,report_date,negocio
bb_2014_10_outubro_2014_10_30_min_cidades_pf_pf,report_date,nao_nulos
bb_2014_10_outubro_2014_10_30_min_cidades_pj,cod_empreendimento,nao_nulos
bb_2014_10_outubro_2014_10_30_min_cidades_pj,cod_municipio,negocio
bb_2014_10_outubro_2014_10_30_min_cidades_pj,cod_municipio,nao_nulos
bb_2014_10_outubro_2014_10_30_min_cidades_pj,num_faixa,nao_nulos
bb_2014_10_outubro_2014_10_30_min_cidades_pj,modalidade,nao_nulos
bb_2014_10_outubro_2014_10_30_min_cidades_pj,qtd_unidade_habitacional,nao_nulos
bb_2014_10_outubro_2014_10_30_min_cidades_pj,vlr_emprestimo,nao_nulos
bb_2014_10_outubro_2014_10_30_min_cidades_pj,num_programa,nao_nulos
bb_2014_10_outubro_2014_10_30_min_cidades_pj,prc_execucao_obra,nao_nulos
bb_2014_10_outubro_2014_10_30_min_cidades_pj,vlr_contrapartida,nao_nulos
bb_2014_10_outubro_2014_10_30_min_cidades_pj,dsc_empreendimento,nao_nulos
bb_2014_10_outubro_2014_10_30_min_cidades_pj,dsc_endereco,nao_nulos
bb_2014_10_outubro_2014_10_30_min_cidades_pj,nom_proponente,nao_nulos
bb_2014_10_outubro_2014_10_30_min_cidades_pj,cod_cnpj_proponente,nao_nulos
bb_2014_10_outubro_2014_10_30_min_cidades_pj,dat_contratacao,negocio
bb_2014_10_outubro_2014_10_30_min_cidades_pj,dat_contratacao,nao_nulos
bb_2014_10_outubro_2014_10_30_min_cidades_pj,vlr_total_liberado,nao_nulos
bb_2014_10_outubro_2014_10_30_min_cidades_pj,dat_prevista_termino,nao_nulos
bb_2014_10_outubro_2014_10_30_min_cidades_pj,qtd_comercializadas,nao_nulos
bb_2014_10_outubro_2014_10_30_min_cidades_pj,qtd_unidade_concluida,nao_nulos
bb_2014_10_outubro_2014_10_30_min_cidades_pj,qtd_unidade_entregue,nao_nulos
bb_2014_10_outubro_2014_10_30_min_cidades_pj,dat_atualizacao,negocio
bb_2014_10_outubro_2014_10_30_min_cidades_pj,dat_atualizacao,nao_nulos
bb_2014_10_outubro_2014_10_30_min_cidades_pj,report_date,negocio
bb_2014_10_outubro_2014_10_30_min_cidades_pj,report_date,nao_nulos
bb_2014_10_outubro_2014_10_30_min_cidades_pj_pf,nr_prpt,nao_nulos
bb_2014_10_outubro_2014_10_30_min_cidades_pj_pf,cod_contrato,negocio
bb_2014_10_outubro_2014_10_30_min_cidades_pj_pf,cod_contrato,nao_nulos
bb_2014_10_outubro_2014_10_30_min_cidades_pj_pf,cod_municipio,negocio
bb_2014_10_outubro_2014_10_30_min_cidades_pj_pf,cod_municipio,nao_nulos
bb_2014_10_outubro_2014_10_30_min_cidades_pj_pf,num_programa,nao_nulos
bb_2014_10_outubro_2014_10_30_min_cidades_pj_pf,num_faixa,nao_nulos
bb_2014_10_outubro_2014_10_30_min_cidades_pj_pf,vlr_financiamento,nao_nulos
bb_2014_10_outubro_2014_10_30_min_cidades_pj_pf,vlr_sacado_fgts,nao_nulos
bb_2014_10_outubro_2014_10_30_min_cidades_pj_pf,vlr_subsidio_fgts,nao_nulos
bb_2014_10_outubro_2014_10_30_min_cidades_pj_pf,vlr_subsidio_ogu,nao_nulos
bb_2014_10_outubro_2014_10_30_min_cidades_pj_pf,dat_contratacao,negocio
bb_2014_10_outubro_2014_10_30_min_cidades_pj_pf,dat_contratacao,nao_nulos
bb_2014_10_outubro_2014_10_30_min_cidades_pj_pf,vlr_recurso_proprio,nao_nulos
bb_2014_10_outubro_2014_10_30_min_cidades_pj_pf,vlr_total_operacao,nao_nulos
bb_2014_10_outubro_2014_10_30_min_cidades_pj_pf,dat_atualizacao,negocio
bb_2014_10_outubro_2014_10_30_min_cidades_pj_pf,dat_atualizacao,nao_nulos
bb_2014_10_outubro_2014_10_30_min_cidades_pj_pf,report_date,negocio
bb_2014_10_outubro_2014_10_30_min_cidades_pj_pf,report_date,nao_nulos
bb_2014_10_outubro_2014_10_30_pnhr_30102014,nr_prpt,nao_nulos
bb_2014_10_outubro_2014_10_30_pnhr_30102014,natureza,nao_nulos
bb_2014_10_outubro_2014_10_30_pnhr_30102014,subprograma,nao_nulos
bb_2014_10_outubro_2014_10_30_pnhr_30102014,faixa,nao_nulos
bb_2014_10_outubro_2014_10_30_pnhr_30102014,agente_financeiro,nao_nulos
bb_2014_10_outubro_2014_10_30_pnhr_30102014,dt_aclt_prpt_eprd,nao_nulos
bb_2014_10_outubro_2014_10_30_pnhr_30102014,nm_rsmd_eprd,nao_nulos
bb_2014_10_outubro_2014_10_30_pnhr_30102014,endereco,nao_nulos
bb_2014_10_outubro_2014_10_30_pnhr_30102014,cod_eprd,nao_nulos
bb_2014_10_outubro_2014_10_30_pnhr_30102014,nm_eo,nao_nulos
bb_2014_10_outubro_2014_10_30_pnhr_30102014,nr_cnpj,nao_nulos
bb_2014_10_outubro_2014_10_30_pnhr_30102014,regiao,nao_nulos
bb_2014_10_outubro_2014_10_30_pnhr_30102014,nm_mun,nao_nulos
bb_2014_10_outubro_2014_10_30_pnhr_30102014,sg_uf,nao_nulos
bb_2014_10_outubro_2014_10_30_pnhr_30102014,qt_und_eprd,nao_nulos
bb_2014_10_outubro_2014_10_30_pnhr_30102014,cd_mun_ibge,nao_nulos
bb_2014_10_outubro_2014_10_30_pnhr_30102014,dt_ass_eft_ctr,nao_nulos
bb_2014_10_outubro_2014_10_30_pnhr_30102014,acompanhmento_de_obra,nao_nulos
bb_2014_10_outubro_2014_10_30_pnhr_30102014,vlr_emprestimo,nao_nulos
bb_2014_10_outubro_2014_10_30_pnhr_30102014,vlr_custo_obra,nao_nulos
bb_2014_10_outubro_2014_10_30_pnhr_30102014,report_date,negocio
bb_2014_10_outubro_2014_10_30_pnhr_30102014,report_date,nao_nulos
bb_2014_11_novembro_3011_min_cidades_pf_pf,cod_contrato,negocio
bb_2014_11_novembro_3011_min_cidades_pf_pf,cod_contrato,nao_nulos
bb_2014_11_novembro_3011_min_cidades_pf_pf,cod_municipio,negocio
bb_2014_11_novembro_3011_min_cidades_pf_pf,cod_municipio,nao_nulos
bb_2014_11_novembro_3011_min_cidades_pf_pf,num_programa,nao_nulos
bb_2014_11_novembro_3011_min_cidades_pf_pf,num_faixa,nao_nulos
bb_2014_11_novembro_3011_min_cidades_pf_pf,qtd_uh,nao_nulos
bb_2014_11_novembro_3011_min_cidades_pf_pf,vlr_financiamento,nao_nulos
bb_2014_11_novembro_3011_min_cidades_pf_pf,vlr_subsidio_fgts,nao_nulos
bb_2014_11_novembro_3011_min_cidades_pf_pf,vlr_subsidio_ogu,nao_nulos
bb_2014_11_novembro_3011_min_cidades_pf_pf,qtd_entregue,nao_nulos
bb_2014_11_novembro_3011_min_cidades_pf_pf,fase_mcmv,nao_nulos
bb_2014_11_novembro_3011_min_cidades_pf_pf,qtd_concluida,nao_nulos
bb_2014_11_novembro_3011_min_cidades_pf_pf,dat_contratacao,negocio
bb_2014_11_novembro_3011_min_cidades_pf_pf,vlr_recurso_proprio,nao_nulos
bb_2014_11_novembro_3011_min_cidades_pf_pf,vlr_sacado_fgts,nao_nulos
bb_2014_11_novembro_3011_min_cidades_pf_pf,dat_atualizacao,negocio
bb_2014_11_novembro_3011_min_cidades_pf_pf,dat_atualizacao,nao_nulos
bb_2014_11_novembro_3011_min_cidades_pf_pf,report_date,negocio
bb_2014_11_novembro_3011_min_cidades_pf_pf,report_date,nao_nulos
bb_2014_11_novembro_3011_min_cidades_pj,cod_empreendimento,nao_nulos
bb_2014_11_novembro_3011_min_cidades_pj,cod_municipio,negocio
bb_2014_11_novembro_3011_min_cidades_pj,cod_municipio,nao_nulos
bb_2014_11_novembro_3011_min_cidades_pj,num_faixa,nao_nulos
bb_2014_11_novembro_3011_min_cidades_pj,modalidade,nao_nulos
bb_2014_11_novembro_3011_min_cidades_pj,qtd_unidade_habitacional,nao_nulos
bb_2014_11_novembro_3011_min_cidades_pj,vlr_emprestimo,nao_nulos
bb_2014_11_novembro_3011_min_cidades_pj,num_programa,nao_nulos
bb_2014_11_novembro_3011_min_cidades_pj,prc_execucao_obra,nao_nulos
bb_2014_11_novembro_3011_min_cidades_pj,vlr_contrapartida,nao_nulos
bb_2014_11_novembro_3011_min_cidades_pj,dsc_empreendimento,nao_nulos
bb_2014_11_novembro_3011_min_cidades_pj,dsc_endereco,nao_nulos
bb_2014_11_novembro_3011_min_cidades_pj,nom_proponente,nao_nulos
bb_2014_11_novembro_3011_min_cidades_pj,cod_cnpj_proponente,nao_nulos
bb_2014_11_novembro_3011_min_cidades_pj,dat_contratacao,negocio
bb_2014_11_novembro_3011_min_cidades_pj,dat_contratacao,nao_nulos
bb_2014_11_novembro_3011_min_cidades_pj,vlr_total_liberado,nao_nulos
bb_2014_11_novembro_3011_min_cidades_pj,dat_prevista_termino,nao_nulos
bb_2014_11_novembro_3011_min_cidades_pj,qtd_comercializadas,nao_nulos
bb_2014_11_novembro_3011_min_cidades_pj,qtd_unidade_concluida,nao_nulos
bb_2014_11_novembro_3011_min_cidades_pj,qtd_unidade_entregue,nao_nulos
bb_2014_11_novembro_3011_min_cidades_pj,dat_atualizacao,negocio
bb_2014_11_novembro_3011_min_cidades_pj,dat_atualizacao,nao_nulos
bb_2014_11_novembro_3011_min_cidades_pj,report_date,negocio
bb_2014_11_novembro_3011_min_cidades_pj,report_date,nao_nulos
bb_2014_11_novembro_3011_min_cidades_pj_pf,nr_prpt,nao_nulos
bb_2014_11_novembro_3011_min_cidades_pj_pf,cod_contrato,negocio
bb_2014_11_novembro_3011_min_cidades_pj_pf,cod_contrato,nao_nulos
bb_2014_11_novembro_3011_min_cidades_pj_pf,cod_municipio,negocio
bb_2014_11_novembro_3011_min_cidades_pj_pf,cod_municipio,nao_nulos
bb_2014_11_novembro_3011_min_cidades_pj_pf,num_programa,nao_nulos
bb_2014_11_novembro_3011_min_cidades_pj_pf,num_faixa,nao_nulos
bb_2014_11_novembro_3011_min_cidades_pj_pf,vlr_financiamento,nao_nulos
bb_2014_11_novembro_3011_min_cidades_pj_pf,vlr_sacado_fgts,nao_nulos
bb_2014_11_novembro_3011_min_cidades_pj_pf,vlr_subsidio_fgts,nao_nulos
bb_2014_11_novembro_3011_min_cidades_pj_pf,vlr_subsidio_ogu,nao_nulos
bb_2014_11_novembro_3011_min_cidades_pj_pf,dat_contratacao,negocio
bb_2014_11_novembro_3011_min_cidades_pj_pf,dat_contratacao,nao_nulos
bb_2014_11_novembro_3011_min_cidades_pj_pf,vlr_recurso_proprio,nao_nulos
bb_2014_11_novembro_3011_min_cidades_pj_pf,vlr_total_operacao,nao_nulos
bb_2014_11_novembro_3011_min_cidades_pj_pf,dat_atualizacao,negocio
bb_2014_11_novembro_3011_min_cidades_pj_pf,dat_atualizacao,nao_nulos
bb_2014_11_novembro_3011_min_cidades_pj_pf,report_date,negocio
bb_2014_11_novembro_3011_min_cidades_pj_pf,report_date,nao_nulos
bb_2014_11_novembro_3011_pnhr_30112014,nr_prpt,nao_nulos
bb_2014_11_novembro_3011_pnhr_30112014,natureza,nao_nulos
bb_2014_11_novembro_3011_pnhr_30112014,subprograma,nao_nulos
bb_2014_11_novembro_3011_pnhr_30112014,faixa,nao_nulos
bb_2014_11_novembro_3011_pnhr_30112014,agente_financeiro,nao_nulos
bb_2014_11_novembro_3011_pnhr_30112014,dt_aclt_prpt_eprd,nao_nulos
bb_2014_11_novembro_3011_pnhr_30112014,nm_rsmd_eprd,nao_nulos
bb_2014_11_novembro_3011_pnhr_30112014,endereco,nao_nulos
bb_2014_11_novembro_3011_pnhr_30112014,cod_eprd,nao_nulos
bb_2014_11_novembro_3011_pnhr_30112014,nm_eo,nao_nulos
bb_2014_11_novembro_3011_pnhr_30112014,nr_cnpj,nao_nulos
bb_2014_11_novembro_3011_pnhr_30112014,regiao,nao_nulos
bb_2014_11_novembro_3011_pnhr_30112014,nm_mun,nao_nulos
bb_2014_11_novembro_3011_pnhr_30112014,sg_uf,nao_nulos
bb_2014_11_novembro_3011_pnhr_30112014,qt_und_eprd,nao_nulos
bb_2014_11_novembro_3011_pnhr_30112014,cd_mun_ibge,nao_nulos
bb_2014_11_novembro_3011_pnhr_30112014,dt_ass_eft_ctr,nao_nulos
bb_2014_11_novembro_3011_pnhr_30112014,acompanhmento_de_obra,nao_nulos
bb_2014_11_novembro_3011_pnhr_30112014,vlr_emprestimo,nao_nulos
bb_2014_11_novembro_3011_pnhr_30112014,vlr_custo_obra,nao_nulos
bb_2014_11_novembro_3011_pnhr_30112014,report_date,negocio
bb_2014_11_novembro_3011_pnhr_30112014,report_date,nao_nulos
bb_2014_12_dezembro_min_cidades_pf_pf,cod_contrato,negocio
bb_2014_12_dezembro_min_cidades_pf_pf,cod_contrato,nao_nulos
bb_2014_12_dezembro_min_cidades_pf_pf,cod_municipio,negocio
bb_2014_12_dezembro_min_cidades_pf_pf,cod_municipio,nao_nulos
bb_2014_12_dezembro_min_cidades_pf_pf,num_programa,nao_nulos
bb_2014_12_dezembro_min_cidades_pf_pf,num_faixa,nao_nulos
bb_2014_12_dezembro_min_cidades_pf_pf,qtd_uh,nao_nulos
bb_2014_12_dezembro_min_cidades_pf_pf,vlr_financiamento,nao_nulos
bb_2014_12_dezembro_min_cidades_pf_pf,vlr_subsidio_fgts,nao_nulos
bb_2014_12_dezembro_min_cidades_pf_pf,vlr_subsidio_ogu,nao_nulos
bb_2014_12_dezembro_min_cidades_pf_pf,qtd_entregue,nao_nulos
bb_2014_12_dezembro_min_cidades_pf_pf,fase_mcmv,nao_nulos
bb_2014_12_dezembro_min_cidades_pf_pf,qtd_concluida,nao_nulos
bb_2014_12_dezembro_min_cidades_pf_pf,dat_contratacao,negocio
bb_2014_12_dezembro_min_cidades_pf_pf,vlr_recurso_proprio,nao_nulos
bb_2014_12_dezembro_min_cidades_pf_pf,vlr_sacado_fgts,nao_nulos
bb_2014_12_dezembro_min_cidades_pf_pf,dat_atualizacao,negocio
bb_2014_12_dezembro_min_cidades_pf_pf,dat_atualizacao,nao_nulos
bb_2014_12_dezembro_min_cidades_pf_pf,report_date,negocio
bb_2014_12_dezembro_min_cidades_pf_pf,report_date,nao_nulos
bb_2014_12_dezembro_min_cidades_pj,cod_empreendimento,nao_nulos
bb_2014_12_dezembro_min_cidades_pj,cod_municipio,negocio
bb_2014_12_dezembro_min_cidades_pj,cod_municipio,nao_nulos
bb_2014_12_dezembro_min_cidades_pj,num_faixa,nao_nulos
bb_2014_12_dezembro_min_cidades_pj,modalidade,nao_nulos
bb_2014_12_dezembro_min_cidades_pj,qtd_unidade_habitacional,nao_nulos
bb_2014_12_dezembro_min_cidades_pj,vlr_emprestimo,nao_nulos
bb_2014_12_dezembro_min_cidades_pj,num_programa,nao_nulos
bb_2014_12_dezembro_min_cidades_pj,prc_execucao_obra,nao_nulos
bb_2014_12_dezembro_min_cidades_pj,vlr_contrapartida,nao_nulos
bb_2014_12_dezembro_min_cidades_pj,dsc_empreendimento,nao_nulos
bb_2014_12_dezembro_min_cidades_pj,dsc_endereco,nao_nulos
bb_2014_12_dezembro_min_cidades_pj,nom_proponente,nao_nulos
bb_2014_12_dezembro_min_cidades_pj,cod_cnpj_proponente,nao_nulos
bb_2014_12_dezembro_min_cidades_pj,dat_contratacao,negocio
bb_2014_12_dezembro_min_cidades_pj,dat_contratacao,nao_nulos
bb_2014_12_dezembro_min_cidades_pj,vlr_total_liberado,nao_nulos
bb_2014_12_dezembro_min_cidades_pj,dat_prevista_termino,nao_nulos
bb_2014_12_dezembro_min_cidades_pj,qtd_comercializadas,nao_nulos
bb_2014_12_dezembro_min_cidades_pj,qtd_unidade_concluida,nao_nulos
bb_2014_12_dezembro_min_cidades_pj,qtd_unidade_entregue,nao_nulos
bb_2014_12_dezembro_min_cidades_pj,dat_atualizacao,negocio
bb_2014_12_dezembro_min_cidades_pj,dat_atualizacao,nao_nulos
bb_2014_12_dezembro_min_cidades_pj,report_date,negocio
bb_2014_12_dezembro_min_cidades_pj,report_date,nao_nulos
bb_2014_12_dezembro_min_cidades_pj_pf,nr_prpt,nao_nulos
bb_2014_12_dezembro_min_cidades_pj_pf,cod_contrato,negocio
bb_2014_12_dezembro_min_cidades_pj_pf,cod_contrato,nao_nulos
bb_2014_12_dezembro_min_cidades_pj_pf,cod_municipio,negocio
bb_2014_12_dezembro_min_cidades_pj_pf,cod_municipio,nao_nulos
bb_2014_12_dezembro_min_cidades_pj_pf,num_programa,nao_nulos
bb_2014_12_dezembro_min_cidades_pj_pf,num_faixa,nao_nulos
bb_2014_12_dezembro_min_cidades_pj_pf,vlr_financiamento,nao_nulos
bb_2014_12_dezembro_min_cidades_pj_pf,vlr_sacado_fgts,nao_nulos
bb_2014_12_dezembro_min_cidades_pj_pf,vlr_subsidio_fgts,nao_nulos
bb_2014_12_dezembro_min_cidades_pj_pf,vlr_subsidio_ogu,nao_nulos
bb_2014_12_dezembro_min_cidades_pj_pf,dat_contratacao,negocio
bb_2014_12_dezembro_min_cidades_pj_pf,dat_contratacao,nao_nulos
bb_2014_12_dezembro_min_cidades_pj_pf,vlr_recurso_proprio,nao_nulos
bb_2014_12_dezembro_min_cidades_pj_pf,vlr_total_operacao,nao_nulos
bb_2014_12_dezembro_min_cidades_pj_pf,dat_atualizacao,negocio
bb_2014_12_dezembro_min_cidades_pj_pf,dat_atualizacao,nao_nulos
bb_2014_12_dezembro_min_cidades_pj_pf,report_date,negocio
bb_2014_12_dezembro_min_cidades_pj_pf,report_date,nao_nulos
bb_2014_12_dezembro_pnhr_15122014,nr_prpt,nao_nulos
bb_2014_12_dezembro_pnhr_15122014,natureza,nao_nulos
bb_2014_12_dezembro_pnhr_15122014,subprograma,nao_nulos
bb_2014_12_dezembro_pnhr_15122014,faixa,nao_nulos
bb_2014_12_dezembro_pnhr_15122014,agente_financeiro,nao_nulos
bb_2014_12_dezembro_pnhr_15122014,dt_aclt_prpt_eprd,nao_nulos
bb_2014_12_dezembro_pnhr_15122014,nm_rsmd_eprd,nao_nulos
bb_2014_12_dezembro_pnhr_15122014,endereco,nao_nulos
bb_2014_12_dezembro_pnhr_15122014,cod_eprd,nao_nulos
bb_2014_12_dezembro_pnhr_15122014,nm_eo,nao_nulos
bb_2014_12_dezembro_pnhr_15122014,nr_cnpj,nao_nulos
bb_2014_12_dezembro_pnhr_15122014,regiao,nao_nulos
bb_2014_12_dezembro_pnhr_15122014,nm_mun,nao_nulos
bb_2014_12_dezembro_pnhr_15122014,sg_uf,nao_nulos
bb_2014_12_dezembro_pnhr_15122014,qt_und_eprd,nao_nulos
bb_2014_12_dezembro_pnhr_15122014,cd_mun_ibge,nao_nulos
bb_2014_12_dezembro_pnhr_15122014,dt_ass_eft_ctr,nao_nulos
bb_2014_12_dezembro_pnhr_15122014,acompanhmento_de_obra,nao_nulos
bb_2014_12_dezembro_pnhr_15122014,vlr_emprestimo,nao_nulos
bb_2014_12_dezembro_pnhr_15122014,vlr_custo_obra,nao_nulos
bb_2014_12_dezembro_pnhr_15122014,report_date,negocio
bb_2014_12_dezembro_pnhr_15122014,report_date,nao_nulos
bb_2014_12_dezembro_pnhr_20141231,nr_prpt,nao_nulos
bb_2014_12_dezembro_pnhr_20141231,natureza,nao_nulos
bb_2014_12_dezembro_pnhr_20141231,subprograma,nao_nulos
bb_2014_12_dezembro_pnhr_20141231,faixa,nao_nulos
bb_2014_12_dezembro_pnhr_20141231,agente_financeiro,nao_nulos
bb_2014_12_dezembro_pnhr_20141231,dt_aclt_prpt_eprd,nao_nulos
bb_2014_12_dezembro_pnhr_20141231,nm_rsmd_eprd,nao_nulos
bb_2014_12_dezembro_pnhr_20141231,endereco,nao_nulos
bb_2014_12_dezembro_pnhr_20141231,cod_eprd,nao_nulos
bb_2014_12_dezembro_pnhr_20141231,nm_eo,nao_nulos
bb_2014_12_dezembro_pnhr_20141231,nr_cnpj,nao_nulos
bb_2014_12_dezembro_pnhr_20141231,regiao,nao_nulos
bb_2014_12_dezembro_pnhr_20141231,nm_mun,nao_nulos
bb_2014_12_dezembro_pnhr_20141231,sg_uf,nao_nulos
bb_2014_12_dezembro_pnhr_20141231,qt_und_eprd,nao_nulos
bb_2014_12_dezembro_pnhr_20141231,cd_mun_ibge,nao_nulos
bb_2014_12_dezembro_pnhr_20141231,dt_ass_eft_ctr,nao_nulos
bb_2014_12_dezembro_pnhr_20141231,acompanhmento_de_obra,nao_nulos
bb_2014_12_dezembro_pnhr_20141231,vlr_emprestimo,nao_nulos
bb_2014_12_dezembro_pnhr_20141231,vlr_custo_obra,nao_nulos
bb_2014_12_dezembro_pnhr_20141231,report_date,negocio
bb_2014_12_dezembro_pnhr_20141231,report_date,nao_nulos
bb_2015_01_janeiro_2015_01_15_min_cidades_pf_pf,cod_contrato,negocio
bb_2015_01_janeiro_2015_01_15_min_cidades_pf_pf,cod_contrato,nao_nulos
bb_2015_01_janeiro_2015_01_15_min_cidades_pf_pf,cod_municipio,negocio
bb_2015_01_janeiro_2015_01_15_min_cidades_pf_pf,cod_municipio,nao_nulos
bb_2015_01_janeiro_2015_01_15_min_cidades_pf_pf,num_programa,nao_nulos
bb_2015_01_janeiro_2015_01_15_min_cidades_pf_pf,num_faixa,nao_nulos
bb_2015_01_janeiro_2015_01_15_min_cidades_pf_pf,qtd_uh,nao_nulos
bb_2015_01_janeiro_2015_01_15_min_cidades_pf_pf,vlr_financiamento,nao_nulos
bb_2015_01_janeiro_2015_01_15_min_cidades_pf_pf,vlr_subsidio_fgts,nao_nulos
bb_2015_01_janeiro_2015_01_15_min_cidades_pf_pf,vlr_subsidio_ogu,nao_nulos
bb_2015_01_janeiro_2015_01_15_min_cidades_pf_pf,qtd_entregue,nao_nulos
bb_2015_01_janeiro_2015_01_15_min_cidades_pf_pf,fase_mcmv,nao_nulos
bb_2015_01_janeiro_2015_01_15_min_cidades_pf_pf,qtd_concluida,nao_nulos
bb_2015_01_janeiro_2015_01_15_min_cidades_pf_pf,dat_contratacao,negocio
bb_2015_01_janeiro_2015_01_15_min_cidades_pf_pf,vlr_recurso_proprio,nao_nulos
bb_2015_01_janeiro_2015_01_15_min_cidades_pf_pf,vlr_sacado_fgts,nao_nulos
bb_2015_01_janeiro_2015_01_15_min_cidades_pf_pf,dat_atualizacao,negocio
bb_2015_01_janeiro_2015_01_15_min_cidades_pf_pf,dat_atualizacao,nao_nulos
bb_2015_01_janeiro_2015_01_15_min_cidades_pf_pf,report_date,negocio
bb_2015_01_janeiro_2015_01_15_min_cidades_pf_pf,report_date,nao_nulos
bb_2015_01_janeiro_2015_01_15_min_cidades_pj,cod_empreendimento,nao_nulos
bb_2015_01_janeiro_2015_01_15_min_cidades_pj,cod_municipio,negocio
bb_2015_01_janeiro_2015_01_15_min_cidades_pj,cod_municipio,nao_nulos
bb_2015_01_janeiro_2015_01_15_min_cidades_pj,num_faixa,nao_nulos
bb_2015_01_janeiro_2015_01_15_min_cidades_pj,modalidade,nao_nulos
bb_2015_01_janeiro_2015_01_15_min_cidades_pj,qtd_unidade_habitacional,nao_nulos
bb_2015_01_janeiro_2015_01_15_min_cidades_pj,vlr_emprestimo,nao_nulos
bb_2015_01_janeiro_2015_01_15_min_cidades_pj,num_programa,nao_nulos
bb_2015_01_janeiro_2015_01_15_min_cidades_pj,prc_execucao_obra,nao_nulos
bb_2015_01_janeiro_2015_01_15_min_cidades_pj,vlr_contrapartida,nao_nulos
bb_2015_01_janeiro_2015_01_15_min_cidades_pj,dsc_empreendimento,nao_nulos
bb_2015_01_janeiro_2015_01_15_min_cidades_pj,dsc_endereco,nao_nulos
bb_2015_01_janeiro_2015_01_15_min_cidades_pj,nom_proponente,nao_nulos
bb_2015_01_janeiro_2015_01_15_min_cidades_pj,cod_cnpj_proponente,nao_nulos
bb_2015_01_janeiro_2015_01_15_min_cidades_pj,dat_contratacao,negocio
bb_2015_01_janeiro_2015_01_15_min_cidades_pj,dat_contratacao,nao_nulos
bb_2015_01_janeiro_2015_01_15_min_cidades_pj,vlr_total_liberado,nao_nulos
bb_2015_01_janeiro_2015_01_15_min_cidades_pj,dat_prevista_termino,nao_nulos
bb_2015_01_janeiro_2015_01_15_min_cidades_pj,qtd_comercializadas,nao_nulos
bb_2015_01_janeiro_2015_01_15_min_cidades_pj,qtd_unidade_concluida,nao_nulos
bb_2015_01_janeiro_2015_01_15_min_cidades_pj,qtd_unidade_entregue,nao_nulos
bb_2015_01_janeiro_2015_01_15_min_cidades_pj,dat_atualizacao,negocio
bb_2015_01_janeiro_2015_01_15_min_cidades_pj,dat_atualizacao,nao_nulos
bb_2015_01_janeiro_2015_01_15_min_cidades_pj,report_date,negocio
bb_2015_01_janeiro_2015_01_15_min_cidades_pj,report_date,nao_nulos
bb_2015_01_janeiro_2015_01_15_min_cidades_pj_pf,nr_prpt,nao_nulos
bb_2015_01_janeiro_2015_01_15_min_cidades_pj_pf,cod_contrato,negocio
bb_2015_01_janeiro_2015_01_15_min_cidades_pj_pf,cod_contrato,nao_nulos
bb_2015_01_janeiro_2015_01_15_min_cidades_pj_pf,cod_municipio,negocio
bb_2015_01_janeiro_2015_01_15_min_cidades_pj_pf,cod_municipio,nao_nulos
bb_2015_01_janeiro_2015_01_15_min_cidades_pj_pf,num_programa,nao_nulos
bb_2015_01_janeiro_2015_01_15_min_cidades_pj_pf,num_faixa,nao_nulos
bb_2015_01_janeiro_2015_01_15_min_cidades_pj_pf,vlr_financiamento,nao_nulos
bb_2015_01_janeiro_2015_01_15_min_cidades_pj_pf,vlr_sacado_fgts,nao_nulos
bb_2015_01_janeiro_2015_01_15_min_cidades_pj_pf,vlr_subsidio_fgts,nao_nulos
bb_2015_01_janeiro_2015_01_15_min_cidades_pj_pf,vlr_subsidio_ogu,nao_nulos
bb_2015_01_janeiro_2015_01_15_min_cidades_pj_pf,dat_contratacao,negocio
bb_2015_01_janeiro_2015_01_15_min_cidades_pj_pf,dat_contratacao,nao_nulos
bb_2015_01_janeiro_2015_01_15_min_cidades_pj_pf,vlr_recurso_proprio,nao_nulos
bb_2015_01_janeiro_2015_01_15_min_cidades_pj_pf,vlr_total_operacao,nao_nulos
bb_2015_01_janeiro_2015_01_15_min_cidades_pj_pf,dat_atualizacao,negocio
bb_2015_01_janeiro_2015_01_15_min_cidades_pj_pf,dat_atualizacao,nao_nulos
bb_2015_01_janeiro_2015_01_15_min_cidades_pj_pf,report_date,negocio
bb_2015_01_janeiro_2015_01_15_min_cidades_pj_pf,report_date,nao_nulos
bb_2015_01_janeiro_2015_01_15_pnhr_15012015,nr_prpt,nao_nulos
bb_2015_01_janeiro_2015_01_15_pnhr_15012015,natureza,nao_nulos
bb_2015_01_janeiro_2015_01_15_pnhr_15012015,subprograma,nao_nulos
bb_2015_01_janeiro_2015_01_15_pnhr_15012015,faixa,nao_nulos
bb_2015_01_janeiro_2015_01_15_pnhr_15012015,agente_financeiro,nao_nulos
bb_2015_01_janeiro_2015_01_15_pnhr_15012015,dt_aclt_prpt_eprd,nao_nulos
bb_2015_01_janeiro_2015_01_15_pnhr_15012015,nm_rsmd_eprd,nao_nulos
bb_2015_01_janeiro_2015_01_15_pnhr_15012015,endereco,nao_nulos
bb_2015_01_janeiro_2015_01_15_pnhr_15012015,cod_eprd,nao_nulos
bb_2015_01_janeiro_2015_01_15_pnhr_15012015,nm_eo,nao_nulos
bb_2015_01_janeiro_2015_01_15_pnhr_15012015,nr_cnpj,nao_nulos
bb_2015_01_janeiro_2015_01_15_pnhr_15012015,regiao,nao_nulos
bb_2015_01_janeiro_2015_01_15_pnhr_15012015,nm_mun,nao_nulos
bb_2015_01_janeiro_2015_01_15_pnhr_15012015,sg_uf,nao_nulos
bb_2015_01_janeiro_2015_01_15_pnhr_15012015,qt_und_eprd,nao_nulos
bb_2015_01_janeiro_2015_01_15_pnhr_15012015,cd_mun_ibge,nao_nulos
bb_2015_01_janeiro_2015_01_15_pnhr_15012015,dt_ass_eft_ctr,nao_nulos
bb_2015_01_janeiro_2015_01_15_pnhr_15012015,acompanhmento_de_obra,nao_nulos
bb_2015_01_janeiro_2015_01_15_pnhr_15012015,vlr_emprestimo,nao_nulos
bb_2015_01_janeiro_2015_01_15_pnhr_15012015,vlr_custo_obra,nao_nulos
bb_2015_01_janeiro_2015_01_15_pnhr_15012015,report_date,negocio
bb_2015_01_janeiro_2015_01_15_pnhr_15012015,report_date,nao_nulos
bb_2015_01_janeiro_2015_01_31_min_cidades_pf_pf,cod_contrato,negocio
bb_2015_01_janeiro_2015_01_31_min_cidades_pf_pf,cod_contrato,nao_nulos
bb_2015_01_janeiro_2015_01_31_min_cidades_pf_pf,cod_municipio,negocio
bb_2015_01_janeiro_2015_01_31_min_cidades_pf_pf,cod_municipio,nao_nulos
bb_2015_01_janeiro_2015_01_31_min_cidades_pf_pf,num_programa,nao_nulos
bb_2015_01_janeiro_2015_01_31_min_cidades_pf_pf,num_faixa,nao_nulos
bb_2015_01_janeiro_2015_01_31_min_cidades_pf_pf,qtd_uh,nao_nulos
bb_2015_01_janeiro_2015_01_31_min_cidades_pf_pf,vlr_financiamento,nao_nulos
bb_2015_01_janeiro_2015_01_31_min_cidades_pf_pf,vlr_subsidio_fgts,nao_nulos
bb_2015_01_janeiro_2015_01_31_min_cidades_pf_pf,vlr_subsidio_ogu,nao_nulos
bb_2015_01_janeiro_2015_01_31_min_cidades_pf_pf,qtd_entregue,nao_nulos
bb_2015_01_janeiro_2015_01_31_min_cidades_pf_pf,fase_mcmv,nao_nulos
bb_2015_01_janeiro_2015_01_31_min_cidades_pf_pf,qtd_concluida,nao_nulos
bb_2015_01_janeiro_2015_01_31_min_cidades_pf_pf,dat_contratacao,negocio
bb_2015_01_janeiro_2015_01_31_min_cidades_pf_pf,vlr_recurso_proprio,nao_nulos
bb_2015_01_janeiro_2015_01_31_min_cidades_pf_pf,vlr_sacado_fgts,nao_nulos
bb_2015_01_janeiro_2015_01_31_min_cidades_pf_pf,dat_atualizacao,negocio
bb_2015_01_janeiro_2015_01_31_min_cidades_pf_pf,dat_atualizacao,nao_nulos
bb_2015_01_janeiro_2015_01_31_min_cidades_pf_pf,report_date,negocio
bb_2015_01_janeiro_2015_01_31_min_cidades_pf_pf,report_date,nao_nulos
bb_2015_01_janeiro_2015_01_31_min_cidades_pj,cod_empreendimento,nao_nulos
bb_2015_01_janeiro_2015_01_31_min_cidades_pj,cod_municipio,negocio
bb_2015_01_janeiro_2015_01_31_min_cidades_pj,cod_municipio,nao_nulos
bb_2015_01_janeiro_2015_01_31_min_cidades_pj,num_faixa,nao_nulos
bb_2015_01_janeiro_2015_01_31_min_cidades_pj,modalidade,nao_nulos
bb_2015_01_janeiro_2015_01_31_min_cidades_pj,qtd_unidade_habitacional,nao_nulos
bb_2015_01_janeiro_2015_01_31_min_cidades_pj,vlr_emprestimo,nao_nulos
bb_2015_01_janeiro_2015_01_31_min_cidades_pj,num_programa,nao_nulos
bb_2015_01_janeiro_2015_01_31_min_cidades_pj,prc_execucao_obra,nao_nulos
bb_2015_01_janeiro_2015_01_31_min_cidades_pj,vlr_contrapartida,nao_nulos
bb_2015_01_janeiro_2015_01_31_min_cidades_pj,dsc_empreendimento,nao_nulos
bb_2015_01_janeiro_2015_01_31_min_cidades_pj,dsc_endereco,nao_nulos
bb_2015_01_janeiro_2015_01_31_min_cidades_pj,nom_proponente,nao_nulos
bb_2015_01_janeiro_2015_01_31_min_cidades_pj,cod_cnpj_proponente,nao_nulos
bb_2015_01_janeiro_2015_01_31_min_cidades_pj,dat_contratacao,negocio
bb_2015_01_janeiro_2015_01_31_min_cidades_pj,dat_contratacao,nao_nulos
bb_2015_01_janeiro_2015_01_31_min_cidades_pj,vlr_total_liberado,nao_nulos
bb_2015_01_janeiro_2015_01_31_min_cidades_pj,dat_prevista_termino,nao_nulos
bb_2015_01_janeiro_2015_01_31_min_cidades_pj,qtd_comercializadas,nao_nulos
bb_2015_01_janeiro_2015_01_31_min_cidades_pj,qtd_unidade_concluida,nao_nulos
bb_2015_01_janeiro_2015_01_31_min_cidades_pj,qtd_unidade_entregue,nao_nulos
bb_2015_01_janeiro_2015_01_31_min_cidades_pj,dat_atualizacao,negocio
bb_2015_01_janeiro_2015_01_31_min_cidades_pj,dat_atualizacao,nao_nulos
bb_2015_01_janeiro_2015_01_31_min_cidades_pj,report_date,negocio
bb_2015_01_janeiro_2015_01_31_min_cidades_pj,report_date,nao_nulos
bb_2015_01_janeiro_2015_01_31_min_cidades_pj_pf,nr_prpt,nao_nulos
bb_2015_01_janeiro_2015_01_31_min_cidades_pj_pf,cod_contrato,negocio
bb_2015_01_janeiro_2015_01_31_min_cidades_pj_pf,cod_contrato,nao_nulos
bb_2015_01_janeiro_2015_01_31_min_cidades_pj_pf,cod_municipio,negocio
bb_2015_01_janeiro_2015_01_31_min_cidades_pj_pf,cod_municipio,nao_nulos
bb_2015_01_janeiro_2015_01_31_min_cidades_pj_pf,num_programa,nao_nulos
bb_2015_01_janeiro_2015_01_31_min_cidades_pj_pf,num_faixa,nao_nulos
bb_2015_01_janeiro_2015_01_31_min_cidades_pj_pf,vlr_financiamento,nao_nulos
bb_2015_01_janeiro_2015_01_31_min_cidades_pj_pf,vlr_sacado_fgts,nao_nulos
bb_2015_01_janeiro_2015_01_31_min_cidades_pj_pf,vlr_subsidio_fgts,nao_nulos
bb_2015_01_janeiro_2015_01_31_min_cidades_pj_pf,vlr_subsidio_ogu,nao_nulos
bb_2015_01_janeiro_2015_01_31_min_cidades_pj_pf,dat_contratacao,negocio
bb_2015_01_janeiro_2015_01_31_min_cidades_pj_pf,dat_contratacao,nao_nulos
bb_2015_01_janeiro_2015_01_31_min_cidades_pj_pf,vlr_recurso_proprio,nao_nulos
bb_2015_01_janeiro_2015_01_31_min_cidades_pj_pf,vlr_total_operacao,nao_nulos
bb_2015_01_janeiro_2015_01_31_min_cidades_pj_pf,dat_atualizacao,negocio
bb_2015_01_janeiro_2015_01_31_min_cidades_pj_pf,dat_atualizacao,nao_nulos
bb_2015_01_janeiro_2015_01_31_min_cidades_pj_pf,report_date,negocio
bb_2015_01_janeiro_2015_01_31_min_cidades_pj_pf,report_date,nao_nulos
bb_2015_02_fevereiro_min_cidades_pf_pf,cod_contrato,negocio
bb_2015_02_fevereiro_min_cidades_pf_pf,cod_contrato,nao_nulos
bb_2015_02_fevereiro_min_cidades_pf_pf,cod_municipio,negocio
bb_2015_02_fevereiro_min_cidades_pf_pf,cod_municipio,nao_nulos
bb_2015_02_fevereiro_min_cidades_pf_pf,num_programa,nao_nulos
bb_2015_02_fevereiro_min_cidades_pf_pf,num_faixa,nao_nulos
bb_2015_02_fevereiro_min_cidades_pf_pf,qtd_uh,nao_nulos
bb_2015_02_fevereiro_min_cidades_pf_pf,vlr_financiamento,nao_nulos
bb_2015_02_fevereiro_min_cidades_pf_pf,vlr_subsidio_fgts,nao_nulos
bb_2015_02_fevereiro_min_cidades_pf_pf,vlr_subsidio_ogu,nao_nulos
bb_2015_02_fevereiro_min_cidades_pf_pf,qtd_entregue,nao_nulos
bb_2015_02_fevereiro_min_cidades_pf_pf,fase_mcmv,nao_nulos
bb_2015_02_fevereiro_min_cidades_pf_pf,qtd_concluida,nao_nulos
bb_2015_02_fevereiro_min_cidades_pf_pf,dat_contratacao,negocio
bb_2015_02_fevereiro_min_cidades_pf_pf,vlr_recurso_proprio,nao_nulos
bb_2015_02_fevereiro_min_cidades_pf_pf,vlr_sacado_fgts,nao_nulos
bb_2015_02_fevereiro_min_cidades_pf_pf,dat_atualizacao,negocio
bb_2015_02_fevereiro_min_cidades_pf_pf,dat_atualizacao,nao_nulos
bb_2015_02_fevereiro_min_cidades_pf_pf,report_date,negocio
bb_2015_02_fevereiro_min_cidades_pf_pf,report_date,nao_nulos
bb_2015_02_fevereiro_min_cidades_pj,cod_empreendimento,nao_nulos
bb_2015_02_fevereiro_min_cidades_pj,cod_municipio,negocio
bb_2015_02_fevereiro_min_cidades_pj,cod_municipio,nao_nulos
bb_2015_02_fevereiro_min_cidades_pj,num_faixa,nao_nulos
bb_2015_02_fevereiro_min_cidades_pj,modalidade,nao_nulos
bb_2015_02_fevereiro_min_cidades_pj,qtd_unidade_habitacional,nao_nulos
bb_2015_02_fevereiro_min_cidades_pj,vlr_emprestimo,nao_nulos
bb_2015_02_fevereiro_min_cidades_pj,num_programa,nao_nulos
bb_2015_02_fevereiro_min_cidades_pj,prc_execucao_obra,nao_nulos
bb_2015_02_fevereiro_min_cidades_pj,vlr_contrapartida,nao_nulos
bb_2015_02_fevereiro_min_cidades_pj,dsc_empreendimento,nao_nulos
bb_2015_02_fevereiro_min_cidades_pj,dsc_endereco,nao_nulos
bb_2015_02_fevereiro_min_cidades_pj,nom_proponente,nao_nulos
bb_2015_02_fevereiro_min_cidades_pj,cod_cnpj_proponente,nao_nulos
bb_2015_02_fevereiro_min_cidades_pj,dat_contratacao,negocio
bb_2015_02_fevereiro_min_cidades_pj,dat_contratacao,nao_nulos
bb_2015_02_fevereiro_min_cidades_pj,vlr_total_liberado,nao_nulos
bb_2015_02_fevereiro_min_cidades_pj,dat_prevista_termino,nao_nulos
bb_2015_02_fevereiro_min_cidades_pj,qtd_comercializadas,nao_nulos
bb_2015_02_fevereiro_min_cidades_pj,qtd_unidade_concluida,nao_nulos
bb_2015_02_fevereiro_min_cidades_pj,qtd_unidade_entregue,nao_nulos
bb_2015_02_fevereiro_min_cidades_pj,dat_atualizacao,negocio
bb_2015_02_fevereiro_min_cidades_pj,dat_atualizacao,nao_nulos
bb_2015_02_fevereiro_min_cidades_pj,report_date,negocio
bb_2015_02_fevereiro_min_cidades_pj,report_date,nao_nulos
bb_2015_02_fevereiro_min_cidades_pj_2015_02,cod_empreendimento,nao_nulos
bb_2015_02_fevereiro_min_cidades_pj_2015_02,cod_municipio,negocio
bb_2015_02_fevereiro_min_cidades_pj_2015_02,cod_municipio,nao_nulos
bb_2015_02_fevereiro_min_cidades_pj_2015_02,num_faixa,nao_nulos
bb_2015_02_fevereiro_min_cidades_pj_2015_02,modalidade,nao_nulos
bb_2015_02_fevereiro_min_cidades_pj_2015_02,qtd_unidade_habitacional,nao_nulos
bb_2015_02_fevereiro_min_cidades_pj_2015_02,vlr_emprestimo,nao_nulos
bb_2015_02_fevereiro_min_cidades_pj_2015_02,num_programa,nao_nulos
bb_2015_02_fevereiro_min_cidades_pj_2015_02,prc_execucao_obra,nao_nulos
bb_2015_02_fevereiro_min_cidades_pj_2015_02,vlr_contrapartida,nao_nulos
bb_2015_02_fevereiro_min_cidades_pj_2015_02,dsc_empreendimento,nao_nulos
bb_2015_02_fevereiro_min_cidades_pj_2015_02,dsc_endereco,nao_nulos
bb_2015_02_fevereiro_min_cidades_pj_2015_02,nom_proponente,nao_nulos
bb_2015_02_fevereiro_min_cidades_pj_2015_02,cod_cnpj_proponente,nao_nulos
bb_2015_02_fevereiro_min_cidades_pj_2015_02,dat_contratacao,negocio
bb_2015_02_fevereiro_min_cidades_pj_2015_02,dat_contratacao,nao_nulos
bb_2015_02_fevereiro_min_cidades_pj_2015_02,vlr_total_liberado,nao_nulos
bb_2015_02_fevereiro_min_cidades_pj_2015_02,dat_prevista_termino,nao_nulos
bb_2015_02_fevereiro_min_cidades_pj_2015_02,qtd_comercializadas,nao_nulos
bb_2015_02_fevereiro_min_cidades_pj_2015_02,qtd_unidade_concluida,nao_nulos
bb_2015_02_fevereiro_min_cidades_pj_2015_02,qtd_unidade_entregue,nao_nulos
bb_2015_02_fevereiro_min_cidades_pj_2015_02,dat_atualizacao,negocio
bb_2015_02_fevereiro_min_cidades_pj_2015_02,dat_atualizacao,nao_nulos
bb_2015_02_fevereiro_min_cidades_pj_2015_02,report_date,negocio
bb_2015_02_fevereiro_min_cidades_pj_2015_02,report_date,nao_nulos
bb_2015_02_fevereiro_min_cidades_pj_pf,nr_prpt,nao_nulos
bb_2015_02_fevereiro_min_cidades_pj_pf,cod_contrato,negocio
bb_2015_02_fevereiro_min_cidades_pj_pf,cod_contrato,nao_nulos
bb_2015_02_fevereiro_min_cidades_pj_pf,cod_municipio,negocio
bb_2015_02_fevereiro_min_cidades_pj_pf,cod_municipio,nao_nulos
bb_2015_02_fevereiro_min_cidades_pj_pf,num_programa,nao_nulos
bb_2015_02_fevereiro_min_cidades_pj_pf,num_faixa,nao_nulos
bb_2015_02_fevereiro_min_cidades_pj_pf,vlr_financiamento,nao_nulos
bb_2015_02_fevereiro_min_cidades_pj_pf,vlr_sacado_fgts,nao_nulos
bb_2015_02_fevereiro_min_cidades_pj_pf,vlr_subsidio_fgts,nao_nulos
bb_2015_02_fevereiro_min_cidades_pj_pf,vlr_subsidio_ogu,nao_nulos
bb_2015_02_fevereiro_min_cidades_pj_pf,dat_contratacao,negocio
bb_2015_02_fevereiro_min_cidades_pj_pf,dat_contratacao,nao_nulos
bb_2015_02_fevereiro_min_cidades_pj_pf,vlr_recurso_proprio,nao_nulos
bb_2015_02_fevereiro_min_cidades_pj_pf,vlr_total_operacao,nao_nulos
bb_2015_02_fevereiro_min_cidades_pj_pf,dat_atualizacao,negocio
bb_2015_02_fevereiro_min_cidades_pj_pf,dat_atualizacao,nao_nulos
bb_2015_02_fevereiro_min_cidades_pj_pf,report_date,negocio
bb_2015_02_fevereiro_min_cidades_pj_pf,report_date,nao_nulos
bb_2015_02_fevereiro_pnhr_28022015,nr_prpt,nao_nulos
bb_2015_02_fevereiro_pnhr_28022015,natureza,nao_nulos
bb_2015_02_fevereiro_pnhr_28022015,subprograma,nao_nulos
bb_2015_02_fevereiro_pnhr_28022015,faixa,nao_nulos
bb_2015_02_fevereiro_pnhr_28022015,agente_financeiro,nao_nulos
bb_2015_02_fevereiro_pnhr_28022015,dt_aclt_prpt_eprd,nao_nulos
bb_2015_02_fevereiro_pnhr_28022015,nm_rsmd_eprd,nao_nulos
bb_2015_02_fevereiro_pnhr_28022015,endereco,nao_nulos
bb_2015_02_fevereiro_pnhr_28022015,cod_eprd,nao_nulos
bb_2015_02_fevereiro_pnhr_28022015,nm_eo,nao_nulos
bb_2015_02_fevereiro_pnhr_28022015,nr_cnpj,nao_nulos
bb_2015_02_fevereiro_pnhr_28022015,regiao,nao_nulos
bb_2015_02_fevereiro_pnhr_28022015,nm_mun,nao_nulos
bb_2015_02_fevereiro_pnhr_28022015,sg_uf,nao_nulos
bb_2015_02_fevereiro_pnhr_28022015,qt_und_eprd,nao_nulos
bb_2015_02_fevereiro_pnhr_28022015,cd_mun_ibge,nao_nulos
bb_2015_02_fevereiro_pnhr_28022015,dt_ass_eft_ctr,nao_nulos
bb_2015_02_fevereiro_pnhr_28022015,acompanhmento_de_obra,nao_nulos
bb_2015_02_fevereiro_pnhr_28022015,vlr_emprestimo,nao_nulos
bb_2015_02_fevereiro_pnhr_28022015,vlr_custo_obra,nao_nulos
bb_2015_02_fevereiro_pnhr_28022015,report_date,negocio
bb_2015_02_fevereiro_pnhr_28022015,report_date,nao_nulos
bb_2015_03_marco_min_cidades_pf_pf,cod_contrato,negocio
bb_2015_03_marco_min_cidades_pf_pf,cod_contrato,nao_nulos
bb_2015_03_marco_min_cidades_pf_pf,cod_municipio,negocio
bb_2015_03_marco_min_cidades_pf_pf,cod_municipio,nao_nulos
bb_2015_03_marco_min_cidades_pf_pf,num_programa,nao_nulos
bb_2015_03_marco_min_cidades_pf_pf,num_faixa,nao_nulos
bb_2015_03_marco_min_cidades_pf_pf,qtd_uh,nao_nulos
bb_2015_03_marco_min_cidades_pf_pf,vlr_financiamento,nao_nulos
bb_2015_03_marco_min_cidades_pf_pf,vlr_subsidio_fgts,nao_nulos
bb_2015_03_marco_min_cidades_pf_pf,vlr_subsidio_ogu,nao_nulos
bb_2015_03_marco_min_cidades_pf_pf,qtd_entregue,nao_nulos
bb_2015_03_marco_min_cidades_pf_pf,fase_mcmv,nao_nulos
bb_2015_03_marco_min_cidades_pf_pf,qtd_concluida,nao_nulos
bb_2015_03_marco_min_cidades_pf_pf,dat_contratacao,negocio
bb_2015_03_marco_min_cidades_pf_pf,vlr_recurso_proprio,nao_nulos
bb_2015_03_marco_min_cidades_pf_pf,vlr_sacado_fgts,nao_nulos
bb_2015_03_marco_min_cidades_pf_pf,dat_atualizacao,negocio
bb_2015_03_marco_min_cidades_pf_pf,dat_atualizacao,nao_nulos
bb_2015_03_marco_min_cidades_pf_pf,report_date,negocio
bb_2015_03_marco_min_cidades_pf_pf,report_date,nao_nulos
bb_2015_03_marco_min_cidades_pj,cod_empreendimento,nao_nulos
bb_2015_03_marco_min_cidades_pj,cod_municipio,negocio
bb_2015_03_marco_min_cidades_pj,cod_municipio,nao_nulos
bb_2015_03_marco_min_cidades_pj,num_faixa,nao_nulos
bb_2015_03_marco_min_cidades_pj,modalidade,nao_nulos
bb_2015_03_marco_min_cidades_pj,qtd_unidade_habitacional,nao_nulos
bb_2015_03_marco_min_cidades_pj,vlr_emprestimo,nao_nulos
bb_2015_03_marco_min_cidades_pj,num_programa,nao_nulos
bb_2015_03_marco_min_cidades_pj,prc_execucao_obra,nao_nulos
bb_2015_03_marco_min_cidades_pj,vlr_contrapartida,nao_nulos
bb_2015_03_marco_min_cidades_pj,dsc_empreendimento,nao_nulos
bb_2015_03_marco_min_cidades_pj,dsc_endereco,nao_nulos
bb_2015_03_marco_min_cidades_pj,nom_proponente,nao_nulos
bb_2015_03_marco_min_cidades_pj,cod_cnpj_proponente,nao_nulos
bb_2015_03_marco_min_cidades_pj,dat_contratacao,negocio
bb_2015_03_marco_min_cidades_pj,dat_contratacao,nao_nulos
bb_2015_03_marco_min_cidades_pj,vlr_total_liberado,nao_nulos
bb_2015_03_marco_min_cidades_pj,dat_prevista_termino,nao_nulos
bb_2015_03_marco_min_cidades_pj,qtd_comercializadas,nao_nulos
bb_2015_03_marco_min_cidades_pj,qtd_unidade_concluida,nao_nulos
bb_2015_03_marco_min_cidades_pj,qtd_unidade_entregue,nao_nulos
bb_2015_03_marco_min_cidades_pj,dat_atualizacao,negocio
bb_2015_03_marco_min_cidades_pj,dat_atualizacao,nao_nulos
bb_2015_03_marco_min_cidades_pj,report_date,negocio
bb_2015_03_marco_min_cidades_pj,report_date,nao_nulos
bb_2015_03_marco_min_cidades_pj_2015_03,cod_empreendimento,nao_nulos
bb_2015_03_marco_min_cidades_pj_2015_03,cod_municipio,negocio
bb_2015_03_marco_min_cidades_pj_2015_03,cod_municipio,nao_nulos
bb_2015_03_marco_min_cidades_pj_2015_03,num_faixa,nao_nulos
bb_2015_03_marco_min_cidades_pj_2015_03,modalidade,nao_nulos
bb_2015_03_marco_min_cidades_pj_2015_03,qtd_unidade_habitacional,nao_nulos
bb_2015_03_marco_min_cidades_pj_2015_03,vlr_emprestimo,nao_nulos
bb_2015_03_marco_min_cidades_pj_2015_03,num_programa,nao_nulos
bb_2015_03_marco_min_cidades_pj_2015_03,prc_execucao_obra,nao_nulos
bb_2015_03_marco_min_cidades_pj_2015_03,vlr_contrapartida,nao_nulos
bb_2015_03_marco_min_cidades_pj_2015_03,dsc_empreendimento,nao_nulos
bb_2015_03_marco_min_cidades_pj_2015_03,dsc_endereco,nao_nulos
bb_2015_03_marco_min_cidades_pj_2015_03,nom_proponente,nao_nulos
bb_2015_03_marco_min_cidades_pj_2015_03,cod_cnpj_proponente,nao_nulos
bb_2015_03_marco_min_cidades_pj_2015_03,dat_contratacao,negocio
bb_2015_03_marco_min_cidades_pj_2015_03,dat_contratacao,nao_nulos
bb_2015_03_marco_min_cidades_pj_2015_03,vlr_total_liberado,nao_nulos
bb_2015_03_marco_min_cidades_pj_2015_03,dat_prevista_termino,nao_nulos
bb_2015_03_marco_min_cidades_pj_2015_03,qtd_comercializadas,nao_nulos
bb_2015_03_marco_min_cidades_pj_2015_03,qtd_unidade_concluida,nao_nulos
bb_2015_03_marco_min_cidades_pj_2015_03,qtd_unidade_entregue,nao_nulos
bb_2015_03_marco_min_cidades_pj_2015_03,dat_atualizacao,negocio
bb_2015_03_marco_min_cidades_pj_2015_03,dat_atualizacao,nao_nulos
bb_2015_03_marco_min_cidades_pj_2015_03,report_date,negocio
bb_2015_03_marco_min_cidades_pj_2015_03,report_date,nao_nulos
bb_2015_03_marco_min_cidades_pj_pf,nr_prpt,nao_nulos
bb_2015_03_marco_min_cidades_pj_pf,cod_contrato,negocio
bb_2015_03_marco_min_cidades_pj_pf,cod_contrato,nao_nulos
bb_2015_03_marco_min_cidades_pj_pf,cod_municipio,negocio
bb_2015_03_marco_min_cidades_pj_pf,cod_municipio,nao_nulos
bb_2015_03_marco_min_cidades_pj_pf,num_programa,nao_nulos
bb_2015_03_marco_min_cidades_pj_pf,num_faixa,nao_nulos
bb_2015_03_marco_min_cidades_pj_pf,vlr_financiamento,nao_nulos
bb_2015_03_marco_min_cidades_pj_pf,vlr_sacado_fgts,nao_nulos
bb_2015_03_marco_min_cidades_pj_pf,vlr_subsidio_fgts,nao_nulos
bb_2015_03_marco_min_cidades_pj_pf,vlr_subsidio_ogu,nao_nulos
bb_2015_03_marco_min_cidades_pj_pf,dat_contratacao,negocio
bb_2015_03_marco_min_cidades_pj_pf,dat_contratacao,nao_nulos
bb_2015_03_marco_min_cidades_pj_pf,vlr_recurso_proprio,nao_nulos
bb_2015_03_marco_min_cidades_pj_pf,vlr_total_operacao,nao_nulos
bb_2015_03_marco_min_cidades_pj_pf,dat_atualizacao,negocio
bb_2015_03_marco_min_cidades_pj_pf,dat_atualizacao,nao_nulos
bb_2015_03_marco_min_cidades_pj_pf,report_date,negocio
bb_2015_03_marco_min_cidades_pj_pf,report_date,nao_nulos
bb_2015_03_marco_pnhr_15032015,nr_prpt,nao_nulos
bb_2015_03_marco_pnhr_15032015,natureza,nao_nulos
bb_2015_03_marco_pnhr_15032015,subprograma,nao_nulos
bb_2015_03_marco_pnhr_15032015,faixa,nao_nulos
bb_2015_03_marco_pnhr_15032015,agente_financeiro,nao_nulos
bb_2015_03_marco_pnhr_15032015,dt_aclt_prpt_eprd,nao_nulos
bb_2015_03_marco_pnhr_15032015,nm_rsmd_eprd,nao_nulos
bb_2015_03_marco_pnhr_15032015,endereco,nao_nulos
bb_2015_03_marco_pnhr_15032015,cod_eprd,nao_nulos
bb_2015_03_marco_pnhr_15032015,nm_eo,nao_nulos
bb_2015_03_marco_pnhr_15032015,nr_cnpj,nao_nulos
bb_2015_03_marco_pnhr_15032015,regiao,nao_nulos
bb_2015_03_marco_pnhr_15032015,nm_mun,nao_nulos
bb_2015_03_marco_pnhr_15032015,sg_uf,nao_nulos
bb_2015_03_marco_pnhr_15032015,qt_und_eprd,nao_nulos
bb_2015_03_marco_pnhr_15032015,cd_mun_ibge,nao_nulos
bb_2015_03_marco_pnhr_15032015,dt_ass_eft_ctr,nao_nulos
bb_2015_03_marco_pnhr_15032015,acompanhmento_de_obra,nao_nulos
bb_2015_03_marco_pnhr_15032015,vlr_emprestimo,nao_nulos
bb_2015_03_marco_pnhr_15032015,vlr_custo_obra,nao_nulos
bb_2015_03_marco_pnhr_15032015,report_date,negocio
bb_2015_03_marco_pnhr_15032015,report_date,nao_nulos
bb_2015_03_marco_pnhr_31032015,nr_prpt,nao_nulos
bb_2015_03_marco_pnhr_31032015,natureza,nao_nulos
bb_2015_03_marco_pnhr_31032015,subprograma,nao_nulos
bb_2015_03_marco_pnhr_31032015,faixa,nao_nulos
bb_2015_03_marco_pnhr_31032015,agente_financeiro,nao_nulos
bb_2015_03_marco_pnhr_31032015,dt_aclt_prpt_eprd,nao_nulos
bb_2015_03_marco_pnhr_31032015,nm_rsmd_eprd,nao_nulos
bb_2015_03_marco_pnhr_31032015,endereco,nao_nulos
bb_2015_03_marco_pnhr_31032015,cod_eprd,nao_nulos
bb_2015_03_marco_pnhr_31032015,nm_eo,nao_nulos
bb_2015_03_marco_pnhr_31032015,nr_cnpj,nao_nulos
bb_2015_03_marco_pnhr_31032015,regiao,nao_nulos
bb_2015_03_marco_pnhr_31032015,nm_mun,nao_nulos
bb_2015_03_marco_pnhr_31032015,sg_uf,nao_nulos
bb_2015_03_marco_pnhr_31032015,qt_und_eprd,nao_nulos
bb_2015_03_marco_pnhr_31032015,cd_mun_ibge,nao_nulos
bb_2015_03_marco_pnhr_31032015,dt_ass_eft_ctr,nao_nulos
bb_2015_03_marco_pnhr_31032015,acompanhmento_de_obra,nao_nulos
bb_2015_03_marco_pnhr_31032015,vlr_emprestimo,nao_nulos
bb_2015_03_marco_pnhr_31032015,vlr_custo_obra,nao_nulos
bb_2015_03_marco_pnhr_31032015,vlr_medio_un,nao_nulos
bb_2015_03_marco_pnhr_31032015,report_date,negocio
bb_2015_03_marco_pnhr_31032015,report_date,nao_nulos
bb_2015_04_abril_min_cidades_pf_pf,cod_contrato,negocio
bb_2015_04_abril_min_cidades_pf_pf,cod_contrato,nao_nulos
bb_2015_04_abril_min_cidades_pf_pf,cod_municipio,negocio
bb_2015_04_abril_min_cidades_pf_pf,cod_municipio,nao_nulos
bb_2015_04_abril_min_cidades_pf_pf,num_programa,nao_nulos
bb_2015_04_abril_min_cidades_pf_pf,num_faixa,nao_nulos
bb_2015_04_abril_min_cidades_pf_pf,qtd_uh,nao_nulos
bb_2015_04_abril_min_cidades_pf_pf,vlr_financiamento,nao_nulos
bb_2015_04_abril_min_cidades_pf_pf,vlr_subsidio_fgts,nao_nulos
bb_2015_04_abril_min_cidades_pf_pf,vlr_subsidio_ogu,nao_nulos
bb_2015_04_abril_min_cidades_pf_pf,qtd_entregue,nao_nulos
bb_2015_04_abril_min_cidades_pf_pf,fase_mcmv,nao_nulos
bb_2015_04_abril_min_cidades_pf_pf,qtd_concluida,nao_nulos
bb_2015_04_abril_min_cidades_pf_pf,dat_contratacao,negocio
bb_2015_04_abril_min_cidades_pf_pf,vlr_recurso_proprio,nao_nulos
bb_2015_04_abril_min_cidades_pf_pf,vlr_sacado_fgts,nao_nulos
bb_2015_04_abril_min_cidades_pf_pf,dat_atualizacao,negocio
bb_2015_04_abril_min_cidades_pf_pf,dat_atualizacao,nao_nulos
bb_2015_04_abril_min_cidades_pf_pf,report_date,negocio
bb_2015_04_abril_min_cidades_pf_pf,report_date,nao_nulos
bb_2015_04_abril_min_cidades_pj,cod_empreendimento,nao_nulos
bb_2015_04_abril_min_cidades_pj,cod_municipio,negocio
bb_2015_04_abril_min_cidades_pj,cod_municipio,nao_nulos
bb_2015_04_abril_min_cidades_pj,num_faixa,nao_nulos
bb_2015_04_abril_min_cidades_pj,modalidade,nao_nulos
bb_2015_04_abril_min_cidades_pj,qtd_unidade_habitacional,nao_nulos
bb_2015_04_abril_min_cidades_pj,vlr_emprestimo,nao_nulos
bb_2015_04_abril_min_cidades_pj,num_programa,nao_nulos
bb_2015_04_abril_min_cidades_pj,prc_execucao_obra,nao_nulos
bb_2015_04_abril_min_cidades_pj,vlr_contrapartida,nao_nulos
bb_2015_04_abril_min_cidades_pj,dsc_empreendimento,nao_nulos
bb_2015_04_abril_min_cidades_pj,dsc_endereco,nao_nulos
bb_2015_04_abril_min_cidades_pj,nom_proponente,nao_nulos
bb_2015_04_abril_min_cidades_pj,cod_cnpj_proponente,nao_nulos
bb_2015_04_abril_min_cidades_pj,dat_contratacao,negocio
bb_2015_04_abril_min_cidades_pj,dat_contratacao,nao_nulos
bb_2015_04_abril_min_cidades_pj,vlr_total_liberado,nao_nulos
bb_2015_04_abril_min_cidades_pj,dat_prevista_termino,nao_nulos
bb_2015_04_abril_min_cidades_pj,qtd_comercializadas,nao_nulos
bb_2015_04_abril_min_cidades_pj,qtd_unidade_concluida,nao_nulos
bb_2015_04_abril_min_cidades_pj,qtd_unidade_entregue,nao_nulos
bb_2015_04_abril_min_cidades_pj,dat_atualizacao,negocio
bb_2015_04_abril_min_cidades_pj,dat_atualizacao,nao_nulos
bb_2015_04_abril_min_cidades_pj,report_date,negocio
bb_2015_04_abril_min_cidades_pj,report_date,nao_nulos
bb_2015_04_abril_min_cidades_pj_pf,nr_prpt,nao_nulos
bb_2015_04_abril_min_cidades_pj_pf,cod_contrato,negocio
bb_2015_04_abril_min_cidades_pj_pf,cod_contrato,nao_nulos
bb_2015_04_abril_min_cidades_pj_pf,cod_municipio,negocio
bb_2015_04_abril_min_cidades_pj_pf,cod_municipio,nao_nulos
bb_2015_04_abril_min_cidades_pj_pf,num_programa,nao_nulos
bb_2015_04_abril_min_cidades_pj_pf,num_faixa,nao_nulos
bb_2015_04_abril_min_cidades_pj_pf,vlr_financiamento,nao_nulos
bb_2015_04_abril_min_cidades_pj_pf,vlr_sacado_fgts,nao_nulos
bb_2015_04_abril_min_cidades_pj_pf,vlr_subsidio_fgts,nao_nulos
bb_2015_04_abril_min_cidades_pj_pf,vlr_subsidio_ogu,nao_nulos
bb_2015_04_abril_min_cidades_pj_pf,dat_contratacao,negocio
bb_2015_04_abril_min_cidades_pj_pf,dat_contratacao,nao_nulos
bb_2015_04_abril_min_cidades_pj_pf,vlr_recurso_proprio,nao_nulos
bb_2015_04_abril_min_cidades_pj_pf,vlr_total_operacao,nao_nulos
bb_2015_04_abril_min_cidades_pj_pf,dat_atualizacao,negocio
bb_2015_04_abril_min_cidades_pj_pf,dat_atualizacao,nao_nulos
bb_2015_04_abril_min_cidades_pj_pf,report_date,negocio
bb_2015_04_abril_min_cidades_pj_pf,report_date,nao_nulos
bb_2015_04_abril_pnhr_30042015,nr_prpt,nao_nulos
bb_2015_04_abril_pnhr_30042015,natureza,nao_nulos
bb_2015_04_abril_pnhr_30042015,subprograma,nao_nulos
bb_2015_04_abril_pnhr_30042015,faixa,nao_nulos
bb_2015_04_abril_pnhr_30042015,agente_financeiro,nao_nulos
bb_2015_04_abril_pnhr_30042015,dt_aclt_prpt_eprd,nao_nulos
bb_2015_04_abril_pnhr_30042015,nm_rsmd_eprd,nao_nulos
bb_2015_04_abril_pnhr_30042015,endereco,nao_nulos
bb_2015_04_abril_pnhr_30042015,cod_eprd,nao_nulos
bb_2015_04_abril_pnhr_30042015,nm_eo,nao_nulos
bb_2015_04_abril_pnhr_30042015,nr_cnpj,nao_nulos
bb_2015_04_abril_pnhr_30042015,regiao,nao_nulos
bb_2015_04_abril_pnhr_30042015,nm_mun,nao_nulos
bb_2015_04_abril_pnhr_30042015,sg_uf,nao_nulos
bb_2015_04_abril_pnhr_30042015,qt_und_eprd,nao_nulos
bb_2015_04_abril_pnhr_30042015,cd_mun_ibge,nao_nulos
bb_2015_04_abril_pnhr_30042015,dt_ass_eft_ctr,nao_nulos
bb_2015_04_abril_pnhr_30042015,acompanhmento_de_obra,nao_nulos
bb_2015_04_abril_pnhr_30042015,vlr_emprestimo,nao_nulos
bb_2015_04_abril_pnhr_30042015,vlr_custo_obra,nao_nulos
bb_2015_04_abril_pnhr_30042015,report_date,negocio
bb_2015_04_abril_pnhr_30042015,report_date,nao_nulos
bb_2015_05_maio_2015_05_31_min_cidades_pf_pf,cod_contrato,negocio
bb_2015_05_maio_2015_05_31_min_cidades_pf_pf,cod_contrato,nao_nulos
bb_2015_05_maio_2015_05_31_min_cidades_pf_pf,cod_municipio,negocio
bb_2015_05_maio_2015_05_31_min_cidades_pf_pf,cod_municipio,nao_nulos
bb_2015_05_maio_2015_05_31_min_cidades_pf_pf,num_programa,nao_nulos
bb_2015_05_maio_2015_05_31_min_cidades_pf_pf,num_faixa,nao_nulos
bb_2015_05_maio_2015_05_31_min_cidades_pf_pf,qtd_uh,nao_nulos
bb_2015_05_maio_2015_05_31_min_cidades_pf_pf,vlr_financiamento,nao_nulos
bb_2015_05_maio_2015_05_31_min_cidades_pf_pf,vlr_subsidio_fgts,nao_nulos
bb_2015_05_maio_2015_05_31_min_cidades_pf_pf,vlr_subsidio_ogu,nao_nulos
bb_2015_05_maio_2015_05_31_min_cidades_pf_pf,qtd_entregue,nao_nulos
bb_2015_05_maio_2015_05_31_min_cidades_pf_pf,fase_mcmv,nao_nulos
bb_2015_05_maio_2015_05_31_min_cidades_pf_pf,qtd_concluida,nao_nulos
bb_2015_05_maio_2015_05_31_min_cidades_pf_pf,dat_contratacao,negocio
bb_2015_05_maio_2015_05_31_min_cidades_pf_pf,vlr_recurso_proprio,nao_nulos
bb_2015_05_maio_2015_05_31_min_cidades_pf_pf,vlr_sacado_fgts,nao_nulos
bb_2015_05_maio_2015_05_31_min_cidades_pf_pf,dat_atualizacao,negocio
bb_2015_05_maio_2015_05_31_min_cidades_pf_pf,dat_atualizacao,nao_nulos
bb_2015_05_maio_2015_05_31_min_cidades_pf_pf,report_date,negocio
bb_2015_05_maio_2015_05_31_min_cidades_pf_pf,report_date,nao_nulos
bb_2015_05_maio_2015_05_31_min_cidades_pj,cod_empreendimento,nao_nulos
bb_2015_05_maio_2015_05_31_min_cidades_pj,cod_municipio,negocio
bb_2015_05_maio_2015_05_31_min_cidades_pj,cod_municipio,nao_nulos
bb_2015_05_maio_2015_05_31_min_cidades_pj,num_faixa,nao_nulos
bb_2015_05_maio_2015_05_31_min_cidades_pj,modalidade,nao_nulos
bb_2015_05_maio_2015_05_31_min_cidades_pj,qtd_unidade_habitacional,nao_nulos
bb_2015_05_maio_2015_05_31_min_cidades_pj,vlr_emprestimo,nao_nulos
bb_2015_05_maio_2015_05_31_min_cidades_pj,num_programa,nao_nulos
bb_2015_05_maio_2015_05_31_min_cidades_pj,prc_execucao_obra,nao_nulos
bb_2015_05_maio_2015_05_31_min_cidades_pj,vlr_contrapartida,nao_nulos
bb_2015_05_maio_2015_05_31_min_cidades_pj,dsc_empreendimento,nao_nulos
bb_2015_05_maio_2015_05_31_min_cidades_pj,dsc_endereco,nao_nulos
bb_2015_05_maio_2015_05_31_min_cidades_pj,nom_proponente,nao_nulos
bb_2015_05_maio_2015_05_31_min_cidades_pj,cod_cnpj_proponente,nao_nulos
bb_2015_05_maio_2015_05_31_min_cidades_pj,dat_contratacao,negocio
bb_2015_05_maio_2015_05_31_min_cidades_pj,dat_contratacao,nao_nulos
bb_2015_05_maio_2015_05_31_min_cidades_pj,vlr_total_liberado,nao_nulos
bb_2015_05_maio_2015_05_31_min_cidades_pj,dat_prevista_termino,nao_nulos
bb_2015_05_maio_2015_05_31_min_cidades_pj,qtd_comercializadas,nao_nulos
bb_2015_05_maio_2015_05_31_min_cidades_pj,qtd_unidade_concluida,nao_nulos
bb_2015_05_maio_2015_05_31_min_cidades_pj,qtd_unidade_entregue,nao_nulos
bb_2015_05_maio_2015_05_31_min_cidades_pj,dat_atualizacao,negocio
bb_2015_05_maio_2015_05_31_min_cidades_pj,dat_atualizacao,nao_nulos
bb_2015_05_maio_2015_05_31_min_cidades_pj,report_date,negocio
bb_2015_05_maio_2015_05_31_min_cidades_pj,report_date,nao_nulos
bb_2015_05_maio_2015_05_31_min_cidades_pj_pf,nr_prpt,nao_nulos
bb_2015_05_maio_2015_05_31_min_cidades_pj_pf,cod_contrato,negocio
bb_2015_05_maio_2015_05_31_min_cidades_pj_pf,cod_contrato,nao_nulos
bb_2015_05_maio_2015_05_31_min_cidades_pj_pf,cod_municipio,negocio
bb_2015_05_maio_2015_05_31_min_cidades_pj_pf,cod_municipio,nao_nulos
bb_2015_05_maio_2015_05_31_min_cidades_pj_pf,num_programa,nao_nulos
bb_2015_05_maio_2015_05_31_min_cidades_pj_pf,num_faixa,nao_nulos
bb_2015_05_maio_2015_05_31_min_cidades_pj_pf,vlr_financiamento,nao_nulos
bb_2015_05_maio_2015_05_31_min_cidades_pj_pf,vlr_sacado_fgts,nao_nulos
bb_2015_05_maio_2015_05_31_min_cidades_pj_pf,vlr_subsidio_fgts,nao_nulos
bb_2015_05_maio_2015_05_31_min_cidades_pj_pf,vlr_subsidio_ogu,nao_nulos
bb_2015_05_maio_2015_05_31_min_cidades_pj_pf,dat_contratacao,negocio
bb_2015_05_maio_2015_05_31_min_cidades_pj_pf,dat_contratacao,nao_nulos
bb_2015_05_maio_2015_05_31_min_cidades_pj_pf,vlr_recurso_proprio,nao_nulos
bb_2015_05_maio_2015_05_31_min_cidades_pj_pf,vlr_total_operacao,nao_nulos
bb_2015_05_maio_2015_05_31_min_cidades_pj_pf,dat_atualizacao,negocio
bb_2015_05_maio_2015_05_31_min_cidades_pj_pf,dat_atualizacao,nao_nulos
bb_2015_05_maio_2015_05_31_min_cidades_pj_pf,report_date,negocio
bb_2015_05_maio_2015_05_31_min_cidades_pj_pf,report_date,nao_nulos
bb_2015_06_junho_min_cidades_pf_pf,cod_contrato,negocio
bb_2015_06_junho_min_cidades_pf_pf,cod_contrato,nao_nulos
bb_2015_06_junho_min_cidades_pf_pf,cod_municipio,negocio
bb_2015_06_junho_min_cidades_pf_pf,cod_municipio,nao_nulos
bb_2015_06_junho_min_cidades_pf_pf,num_programa,nao_nulos
bb_2015_06_junho_min_cidades_pf_pf,num_faixa,nao_nulos
bb_2015_06_junho_min_cidades_pf_pf,qtd_uh,nao_nulos
bb_2015_06_junho_min_cidades_pf_pf,vlr_financiamento,nao_nulos
bb_2015_06_junho_min_cidades_pf_pf,vlr_subsidio_fgts,nao_nulos
bb_2015_06_junho_min_cidades_pf_pf,vlr_subsidio_ogu,nao_nulos
bb_2015_06_junho_min_cidades_pf_pf,qtd_entregue,nao_nulos
bb_2015_06_junho_min_cidades_pf_pf,fase_mcmv,nao_nulos
bb_2015_06_junho_min_cidades_pf_pf,qtd_concluida,nao_nulos
bb_2015_06_junho_min_cidades_pf_pf,dat_contratacao,negocio
bb_2015_06_junho_min_cidades_pf_pf,vlr_recurso_proprio,nao_nulos
bb_2015_06_junho_min_cidades_pf_pf,vlr_sacado_fgts,nao_nulos
bb_2015_06_junho_min_cidades_pf_pf,dat_atualizacao,negocio
bb_2015_06_junho_min_cidades_pf_pf,dat_atualizacao,nao_nulos
bb_2015_06_junho_min_cidades_pf_pf,report_date,negocio
bb_2015_06_junho_min_cidades_pf_pf,report_date,nao_nulos
bb_2015_06_junho_min_cidades_pj,cod_empreendimento,nao_nulos
bb_2015_06_junho_min_cidades_pj,cod_municipio,negocio
bb_2015_06_junho_min_cidades_pj,cod_municipio,nao_nulos
bb_2015_06_junho_min_cidades_pj,num_faixa,nao_nulos
bb_2015_06_junho_min_cidades_pj,modalidade,nao_nulos
bb_2015_06_junho_min_cidades_pj,qtd_unidade_habitacional,nao_nulos
bb_2015_06_junho_min_cidades_pj,vlr_emprestimo,nao_nulos
bb_2015_06_junho_min_cidades_pj,num_programa,nao_nulos
bb_2015_06_junho_min_cidades_pj,prc_execucao_obra,nao_nulos
bb_2015_06_junho_min_cidades_pj,vlr_contrapartida,nao_nulos
bb_2015_06_junho_min_cidades_pj,dsc_empreendimento,nao_nulos
bb_2015_06_junho_min_cidades_pj,dsc_endereco,nao_nulos
bb_2015_06_junho_min_cidades_pj,nom_proponente,nao_nulos
bb_2015_06_junho_min_cidades_pj,cod_cnpj_proponente,nao_nulos
bb_2015_06_junho_min_cidades_pj,dat_contratacao,negocio
bb_2015_06_junho_min_cidades_pj,dat_contratacao,nao_nulos
bb_2015_06_junho_min_cidades_pj,vlr_total_liberado,nao_nulos
bb_2015_06_junho_min_cidades_pj,dat_prevista_termino,nao_nulos
bb_2015_06_junho_min_cidades_pj,qtd_comercializadas,nao_nulos
bb_2015_06_junho_min_cidades_pj,qtd_unidade_concluida,nao_nulos
bb_2015_06_junho_min_cidades_pj,qtd_unidade_entregue,nao_nulos
bb_2015_06_junho_min_cidades_pj,dat_atualizacao,negocio
bb_2015_06_junho_min_cidades_pj,dat_atualizacao,nao_nulos
bb_2015_06_junho_min_cidades_pj,report_date,negocio
bb_2015_06_junho_min_cidades_pj,report_date,nao_nulos
bb_2015_06_junho_min_cidades_pj_pf,nr_prpt,nao_nulos
bb_2015_06_junho_min_cidades_pj_pf,cod_contrato,negocio
bb_2015_06_junho_min_cidades_pj_pf,cod_contrato,nao_nulos
bb_2015_06_junho_min_cidades_pj_pf,cod_municipio,negocio
bb_2015_06_junho_min_cidades_pj_pf,cod_municipio,nao_nulos
bb_2015_06_junho_min_cidades_pj_pf,num_programa,nao_nulos
bb_2015_06_junho_min_cidades_pj_pf,num_faixa,nao_nulos
bb_2015_06_junho_min_cidades_pj_pf,vlr_financiamento,nao_nulos
bb_2015_06_junho_min_cidades_pj_pf,vlr_sacado_fgts,nao_nulos
bb_2015_06_junho_min_cidades_pj_pf,vlr_subsidio_fgts,nao_nulos
bb_2015_06_junho_min_cidades_pj_pf,vlr_subsidio_ogu,nao_nulos
bb_2015_06_junho_min_cidades_pj_pf,dat_contratacao,negocio
bb_2015_06_junho_min_cidades_pj_pf,dat_contratacao,nao_nulos
bb_2015_06_junho_min_cidades_pj_pf,vlr_recurso_proprio,nao_nulos
bb_2015_06_junho_min_cidades_pj_pf,vlr_total_operacao,nao_nulos
bb_2015_06_junho_min_cidades_pj_pf,dat_atualizacao,negocio
bb_2015_06_junho_min_cidades_pj_pf,dat_atualizacao,nao_nulos
bb_2015_06_junho_min_cidades_pj_pf,report_date,negocio
bb_2015_06_junho_min_cidades_pj_pf,report_date,nao_nulos
bb_2015_08_agosto_min_cidades_pf_pf,cod_contrato,negocio
bb_2015_08_agosto_min_cidades_pf_pf,cod_contrato,nao_nulos
bb_2015_08_agosto_min_cidades_pf_pf,cod_municipio,negocio
bb_2015_08_agosto_min_cidades_pf_pf,cod_municipio,nao_nulos
bb_2015_08_agosto_min_cidades_pf_pf,num_programa,nao_nulos
bb_2015_08_agosto_min_cidades_pf_pf,num_faixa,nao_nulos
bb_2015_08_agosto_min_cidades_pf_pf,qtd_uh,nao_nulos
bb_2015_08_agosto_min_cidades_pf_pf,vlr_financiamento,nao_nulos
bb_2015_08_agosto_min_cidades_pf_pf,vlr_subsidio_fgts,nao_nulos
bb_2015_08_agosto_min_cidades_pf_pf,vlr_subsidio_ogu,nao_nulos
bb_2015_08_agosto_min_cidades_pf_pf,qtd_entregue,nao_nulos
bb_2015_08_agosto_min_cidades_pf_pf,fase_mcmv,nao_nulos
bb_2015_08_agosto_min_cidades_pf_pf,qtd_concluida,nao_nulos
bb_2015_08_agosto_min_cidades_pf_pf,dat_contratacao,negocio
bb_2015_08_agosto_min_cidades_pf_pf,vlr_recurso_proprio,nao_nulos
bb_2015_08_agosto_min_cidades_pf_pf,vlr_sacado_fgts,nao_nulos
bb_2015_08_agosto_min_cidades_pf_pf,dat_atualizacao,negocio
bb_2015_08_agosto_min_cidades_pf_pf,dat_atualizacao,nao_nulos
bb_2015_08_agosto_min_cidades_pf_pf,report_date,negocio
bb_2015_08_agosto_min_cidades_pf_pf,report_date,nao_nulos
bb_2015_08_agosto_min_cidades_pj,cod_empreendimento,nao_nulos
bb_2015_08_agosto_min_cidades_pj,cod_municipio,negocio
bb_2015_08_agosto_min_cidades_pj,cod_municipio,nao_nulos
bb_2015_08_agosto_min_cidades_pj,num_faixa,nao_nulos
bb_2015_08_agosto_min_cidades_pj,modalidade,nao_nulos
bb_2015_08_agosto_min_cidades_pj,qtd_unidade_habitacional,nao_nulos
bb_2015_08_agosto_min_cidades_pj,vlr_emprestimo,nao_nulos
bb_2015_08_agosto_min_cidades_pj,num_programa,nao_nulos
bb_2015_08_agosto_min_cidades_pj,prc_execucao_obra,nao_nulos
bb_2015_08_agosto_min_cidades_pj,vlr_contrapartida,nao_nulos
bb_2015_08_agosto_min_cidades_pj,dsc_empreendimento,nao_nulos
bb_2015_08_agosto_min_cidades_pj,dsc_endereco,nao_nulos
bb_2015_08_agosto_min_cidades_pj,nom_proponente,nao_nulos
bb_2015_08_agosto_min_cidades_pj,cod_cnpj_proponente,nao_nulos
bb_2015_08_agosto_min_cidades_pj,dat_contratacao,negocio
bb_2015_08_agosto_min_cidades_pj,dat_contratacao,nao_nulos
bb_2015_08_agosto_min_cidades_pj,vlr_total_liberado,nao_nulos
bb_2015_08_agosto_min_cidades_pj,dat_prevista_termino,nao_nulos
bb_2015_08_agosto_min_cidades_pj,qtd_comercializadas,nao_nulos
bb_2015_08_agosto_min_cidades_pj,qtd_unidade_concluida,nao_nulos
bb_2015_08_agosto_min_cidades_pj,qtd_unidade_entregue,nao_nulos
bb_2015_08_agosto_min_cidades_pj,dat_atualizacao,negocio
bb_2015_08_agosto_min_cidades_pj,dat_atualizacao,nao_nulos
bb_2015_08_agosto_min_cidades_pj,report_date,negocio
bb_2015_08_agosto_min_cidades_pj,report_date,nao_nulos
bb_2015_08_agosto_min_cidades_pj_pf,nr_prpt,nao_nulos
bb_2015_08_agosto_min_cidades_pj_pf,cod_contrato,negocio
bb_2015_08_agosto_min_cidades_pj_pf,cod_contrato,nao_nulos
bb_2015_08_agosto_min_cidades_pj_pf,cod_municipio,negocio
bb_2015_08_agosto_min_cidades_pj_pf,cod_municipio,nao_nulos
bb_2015_08_agosto_min_cidades_pj_pf,num_programa,nao_nulos
bb_2015_08_agosto_min_cidades_pj_pf,num_faixa,nao_nulos
bb_2015_08_agosto_min_cidades_pj_pf,vlr_financiamento,nao_nulos
bb_2015_08_agosto_min_cidades_pj_pf,vlr_sacado_fgts,nao_nulos
bb_2015_08_agosto_min_cidades_pj_pf,vlr_subsidio_fgts,nao_nulos
bb_2015_08_agosto_min_cidades_pj_pf,vlr_subsidio_ogu,nao_nulos
bb_2015_08_agosto_min_cidades_pj_pf,dat_contratacao,negocio
bb_2015_08_agosto_min_cidades_pj_pf,dat_contratacao,nao_nulos
bb_2015_08_agosto_min_cidades_pj_pf,vlr_recurso_proprio,nao_nulos
bb_2015_08_agosto_min_cidades_pj_pf,vlr_total_operacao,nao_nulos
bb_2015_08_agosto_min_cidades_pj_pf,dat_atualizacao,negocio
bb_2015_08_agosto_min_cidades_pj_pf,dat_atualizacao,nao_nulos
bb_2015_08_agosto_min_cidades_pj_pf,report_date,negocio
bb_2015_08_agosto_min_cidades_pj_pf,report_date,nao_nulos
bb_2015_09_setembro_min_cidades_pf_pf,cod_contrato,negocio
bb_2015_09_setembro_min_cidades_pf_pf,cod_contrato,nao_nulos
bb_2015_09_setembro_min_cidades_pf_pf,cod_municipio,negocio
bb_2015_09_setembro_min_cidades_pf_pf,cod_municipio,nao_nulos
bb_2015_09_setembro_min_cidades_pf_pf,num_programa,nao_nulos
bb_2015_09_setembro_min_cidades_pf_pf,num_faixa,nao_nulos
bb_2015_09_setembro_min_cidades_pf_pf,qtd_uh,nao_nulos
bb_2015_09_setembro_min_cidades_pf_pf,vlr_financiamento,nao_nulos
bb_2015_09_setembro_min_cidades_pf_pf,vlr_subsidio_fgts,nao_nulos
bb_2015_09_setembro_min_cidades_pf_pf,vlr_subsidio_ogu,nao_nulos
bb_2015_09_setembro_min_cidades_pf_pf,qtd_entregue,nao_nulos
bb_2015_09_setembro_min_cidades_pf_pf,fase_mcmv,nao_nulos
bb_2015_09_setembro_min_cidades_pf_pf,qtd_concluida,nao_nulos
bb_2015_09_setembro_min_cidades_pf_pf,dat_contratacao,negocio
bb_2015_09_setembro_min_cidades_pf_pf,vlr_recurso_proprio,nao_nulos
bb_2015_09_setembro_min_cidades_pf_pf,vlr_sacado_fgts,nao_nulos
bb_2015_09_setembro_min_cidades_pf_pf,dat_atualizacao,negocio
bb_2015_09_setembro_min_cidades_pf_pf,dat_atualizacao,nao_nulos
bb_2015_09_setembro_min_cidades_pf_pf,report_date,negocio
bb_2015_09_setembro_min_cidades_pf_pf,report_date,nao_nulos
bb_2015_09_setembro_min_cidades_pj,cod_empreendimento,nao_nulos
bb_2015_09_setembro_min_cidades_pj,cod_municipio,negocio
bb_2015_09_setembro_min_cidades_pj,cod_municipio,nao_nulos
bb_2015_09_setembro_min_cidades_pj,num_faixa,nao_nulos
bb_2015_09_setembro_min_cidades_pj,modalidade,nao_nulos
bb_2015_09_setembro_min_cidades_pj,qtd_unidade_habitacional,nao_nulos
bb_2015_09_setembro_min_cidades_pj,vlr_emprestimo,nao_nulos
bb_2015_09_setembro_min_cidades_pj,num_programa,nao_nulos
bb_2015_09_setembro_min_cidades_pj,prc_execucao_obra,nao_nulos
bb_2015_09_setembro_min_cidades_pj,vlr_contrapartida,nao_nulos
bb_2015_09_setembro_min_cidades_pj,dsc_empreendimento,nao_nulos
bb_2015_09_setembro_min_cidades_pj,dsc_endereco,nao_nulos
bb_2015_09_setembro_min_cidades_pj,nom_proponente,nao_nulos
bb_2015_09_setembro_min_cidades_pj,cod_cnpj_proponente,nao_nulos
bb_2015_09_setembro_min_cidades_pj,dat_contratacao,negocio
bb_2015_09_setembro_min_cidades_pj,dat_contratacao,nao_nulos
bb_2015_09_setembro_min_cidades_pj,vlr_total_liberado,nao_nulos
bb_2015_09_setembro_min_cidades_pj,dat_prevista_termino,nao_nulos
bb_2015_09_setembro_min_cidades_pj,qtd_comercializadas,nao_nulos
bb_2015_09_setembro_min_cidades_pj,qtd_unidade_concluida,nao_nulos
bb_2015_09_setembro_min_cidades_pj,qtd_unidade_entregue,nao_nulos
bb_2015_09_setembro_min_cidades_pj,dat_atualizacao,negocio
bb_2015_09_setembro_min_cidades_pj,dat_atualizacao,nao_nulos
bb_2015_09_setembro_min_cidades_pj,report_date,negocio
bb_2015_09_setembro_min_cidades_pj,report_date,nao_nulos
bb_2015_09_setembro_min_cidades_pj_pf,nr_prpt,nao_nulos
bb_2015_09_setembro_min_cidades_pj_pf,cod_contrato,negocio
bb_2015_09_setembro_min_cidades_pj_pf,cod_contrato,nao_nulos
bb_2015_09_setembro_min_cidades_pj_pf,cod_municipio,negocio
bb_2015_09_setembro_min_cidades_pj_pf,cod_municipio,nao_nulos
bb_2015_09_setembro_min_cidades_pj_pf,num_programa,nao_nulos
bb_2015_09_setembro_min_cidades_pj_pf,num_faixa,nao_nulos
bb_2015_09_setembro_min_cidades_pj_pf,vlr_financiamento,nao_nulos
bb_2015_09_setembro_min_cidades_pj_pf,vlr_sacado_fgts,nao_nulos
bb_2015_09_setembro_min_cidades_pj_pf,vlr_subsidio_fgts,nao_nulos
bb_2015_09_setembro_min_cidades_pj_pf,vlr_subsidio_ogu,nao_nulos
bb_2015_09_setembro_min_cidades_pj_pf,dat_contratacao,negocio
bb_2015_09_setembro_min_cidades_pj_pf,dat_contratacao,nao_nulos
bb_2015_09_setembro_min_cidades_pj_pf,vlr_recurso_proprio,nao_nulos
bb_2015_09_setembro_min_cidades_pj_pf,vlr_total_operacao,nao_nulos
bb_2015_09_setembro_min_cidades_pj_pf,dat_atualizacao,negocio
bb_2015_09_setembro_min_cidades_pj_pf,dat_atualizacao,nao_nulos
bb_2015_09_setembro_min_cidades_pj_pf,report_date,negocio
bb_2015_09_setembro_min_cidades_pj_pf,report_date,nao_nulos
bb_2015_09_setembro_pnhr_30092015,nr_prpt,nao_nulos
bb_2015_09_setembro_pnhr_30092015,natureza,nao_nulos
bb_2015_09_setembro_pnhr_30092015,subprograma,nao_nulos
bb_2015_09_setembro_pnhr_30092015,faixa,nao_nulos
bb_2015_09_setembro_pnhr_30092015,agente_financeiro,nao_nulos
bb_2015_09_setembro_pnhr_30092015,nm_rsmd_eprd,nao_nulos
bb_2015_09_setembro_pnhr_30092015,endereco,nao_nulos
bb_2015_09_setembro_pnhr_30092015,cod_eprd,nao_nulos
bb_2015_09_setembro_pnhr_30092015,regiao,nao_nulos
bb_2015_09_setembro_pnhr_30092015,nm_eo,nao_nulos
bb_2015_09_setembro_pnhr_30092015,nr_cnpj,nao_nulos
bb_2015_09_setembro_pnhr_30092015,nm_mun,nao_nulos
bb_2015_09_setembro_pnhr_30092015,uf,nao_nulos
bb_2015_09_setembro_pnhr_30092015,qt_und_eprd,nao_nulos
bb_2015_09_setembro_pnhr_30092015,cod_mun_ibge,nao_nulos
bb_2015_09_setembro_pnhr_30092015,dt_ass_eft_ctr,nao_nulos
bb_2015_09_setembro_pnhr_30092015,pc_acm_obra_rlzd,nao_nulos
bb_2015_09_setembro_pnhr_30092015,vlr_emprestimo,nao_nulos
bb_2015_09_setembro_pnhr_30092015,vlr_custo_obra,nao_nulos
bb_2015_09_setembro_pnhr_30092015,report_date,negocio
bb_2015_09_setembro_pnhr_30092015,report_date,nao_nulos
bb_2015_10_outubro_min_cidades_pf_pf,cod_contrato,negocio
bb_2015_10_outubro_min_cidades_pf_pf,cod_contrato,nao_nulos
bb_2015_10_outubro_min_cidades_pf_pf,cod_municipio,negocio
bb_2015_10_outubro_min_cidades_pf_pf,cod_municipio,nao_nulos
bb_2015_10_outubro_min_cidades_pf_pf,num_programa,nao_nulos
bb_2015_10_outubro_min_cidades_pf_pf,num_faixa,nao_nulos
bb_2015_10_outubro_min_cidades_pf_pf,qtd_uh,nao_nulos
bb_2015_10_outubro_min_cidades_pf_pf,vlr_financiamento,nao_nulos
bb_2015_10_outubro_min_cidades_pf_pf,vlr_subsidio_fgts,nao_nulos
bb_2015_10_outubro_min_cidades_pf_pf,vlr_subsidio_ogu,nao_nulos
bb_2015_10_outubro_min_cidades_pf_pf,qtd_entregue,nao_nulos
bb_2015_10_outubro_min_cidades_pf_pf,fase_mcmv,nao_nulos
bb_2015_10_outubro_min_cidades_pf_pf,qtd_concluida,nao_nulos
bb_2015_10_outubro_min_cidades_pf_pf,dat_contratacao,negocio
bb_2015_10_outubro_min_cidades_pf_pf,vlr_recurso_proprio,nao_nulos
bb_2015_10_outubro_min_cidades_pf_pf,vlr_sacado_fgts,nao_nulos
bb_2015_10_outubro_min_cidades_pf_pf,dat_atualizacao,negocio
bb_2015_10_outubro_min_cidades_pf_pf,dat_atualizacao,nao_nulos
bb_2015_10_outubro_min_cidades_pf_pf,report_date,negocio
bb_2015_10_outubro_min_cidades_pf_pf,report_date,nao_nulos
bb_2015_10_outubro_min_cidades_pj,cod_empreendimento,nao_nulos
bb_2015_10_outubro_min_cidades_pj,cod_municipio,negocio
bb_2015_10_outubro_min_cidades_pj,cod_municipio,nao_nulos
bb_2015_10_outubro_min_cidades_pj,num_faixa,nao_nulos
bb_2015_10_outubro_min_cidades_pj,modalidade,nao_nulos
bb_2015_10_outubro_min_cidades_pj,qtd_unidade_habitacional,nao_nulos
bb_2015_10_outubro_min_cidades_pj,vlr_emprestimo,nao_nulos
bb_2015_10_outubro_min_cidades_pj,num_programa,nao_nulos
bb_2015_10_outubro_min_cidades_pj,prc_execucao_obra,nao_nulos
bb_2015_10_outubro_min_cidades_pj,vlr_contrapartida,nao_nulos
bb_2015_10_outubro_min_cidades_pj,dsc_empreendimento,nao_nulos
bb_2015_10_outubro_min_cidades_pj,dsc_endereco,nao_nulos
bb_2015_10_outubro_min_cidades_pj,nom_proponente,nao_nulos
bb_2015_10_outubro_min_cidades_pj,cod_cnpj_proponente,nao_nulos
bb_2015_10_outubro_min_cidades_pj,dat_contratacao,negocio
bb_2015_10_outubro_min_cidades_pj,dat_contratacao,nao_nulos
bb_2015_10_outubro_min_cidades_pj,vlr_total_liberado,nao_nulos
bb_2015_10_outubro_min_cidades_pj,dat_prevista_termino,nao_nulos
bb_2015_10_outubro_min_cidades_pj,qtd_comercializadas,nao_nulos
bb_2015_10_outubro_min_cidades_pj,qtd_unidade_concluida,nao_nulos
bb_2015_10_outubro_min_cidades_pj,qtd_unidade_entregue,nao_nulos
bb_2015_10_outubro_min_cidades_pj,dat_atualizacao,negocio
bb_2015_10_outubro_min_cidades_pj,dat_atualizacao,nao_nulos
bb_2015_10_outubro_min_cidades_pj,report_date,negocio
bb_2015_10_outubro_min_cidades_pj,report_date,nao_nulos
bb_2015_10_outubro_min_cidades_pj_pf,nr_prpt,nao_nulos
bb_2015_10_outubro_min_cidades_pj_pf,cod_contrato,negocio
bb_2015_10_outubro_min_cidades_pj_pf,cod_contrato,nao_nulos
bb_2015_10_outubro_min_cidades_pj_pf,cod_municipio,negocio
bb_2015_10_outubro_min_cidades_pj_pf,cod_municipio,nao_nulos
bb_2015_10_outubro_min_cidades_pj_pf,num_programa,nao_nulos
bb_2015_10_outubro_min_cidades_pj_pf,num_faixa,nao_nulos
bb_2015_10_outubro_min_cidades_pj_pf,vlr_financiamento,nao_nulos
bb_2015_10_outubro_min_cidades_pj_pf,vlr_sacado_fgts,nao_nulos
bb_2015_10_outubro_min_cidades_pj_pf,vlr_subsidio_fgts,nao_nulos
bb_2015_10_outubro_min_cidades_pj_pf,vlr_subsidio_ogu,nao_nulos
bb_2015_10_outubro_min_cidades_pj_pf,dat_contratacao,negocio
bb_2015_10_outubro_min_cidades_pj_pf,dat_contratacao,nao_nulos
bb_2015_10_outubro_min_cidades_pj_pf,vlr_recurso_proprio,nao_nulos
bb_2015_10_outubro_min_cidades_pj_pf,vlr_total_operacao,nao_nulos
bb_2015_10_outubro_min_cidades_pj_pf,dat_atualizacao,negocio
bb_2015_10_outubro_min_cidades_pj_pf,dat_atualizacao,nao_nulos
bb_2015_10_outubro_min_cidades_pj_pf,report_date,negocio
bb_2015_10_outubro_min_cidades_pj_pf,report_date,nao_nulos
bb_2015_10_outubro_pnhr_31102015,nr_prpt,nao_nulos
bb_2015_10_outubro_pnhr_31102015,natureza,nao_nulos
bb_2015_10_outubro_pnhr_31102015,subprograma,nao_nulos
bb_2015_10_outubro_pnhr_31102015,faixa,nao_nulos
bb_2015_10_outubro_pnhr_31102015,agente_financeiro,nao_nulos
bb_2015_10_outubro_pnhr_31102015,dt_aclt_prpt_eprd,nao_nulos
bb_2015_10_outubro_pnhr_31102015,nm_rsmd_eprd,nao_nulos
bb_2015_10_outubro_pnhr_31102015,endereco,nao_nulos
bb_2015_10_outubro_pnhr_31102015,cod_eprd,nao_nulos
bb_2015_10_outubro_pnhr_31102015,regiao,nao_nulos
bb_2015_10_outubro_pnhr_31102015,nm_eo,nao_nulos
bb_2015_10_outubro_pnhr_31102015,nr_cnpj,nao_nulos
bb_2015_10_outubro_pnhr_31102015,nm_mun,nao_nulos
bb_2015_10_outubro_pnhr_31102015,uf,nao_nulos
bb_2015_10_outubro_pnhr_31102015,qt_und_eprd,nao_nulos
bb_2015_10_outubro_pnhr_31102015,cod_mun_ibge,nao_nulos
bb_2015_10_outubro_pnhr_31102015,dt_ass,nao_nulos
bb_2015_10_outubro_pnhr_31102015,pc_acm_obra_rlzd,nao_nulos
bb_2015_10_outubro_pnhr_31102015,vlr_financ,nao_nulos
bb_2015_10_outubro_pnhr_31102015,vl_cst_obra,nao_nulos
bb_2015_10_outubro_pnhr_31102015,report_date,negocio
bb_2015_10_outubro_pnhr_31102015,report_date,nao_nulos
bb_2015_12_dezembro_min_cidades_pf_pf,cod_contrato,negocio
bb_2015_12_dezembro_min_cidades_pf_pf,cod_contrato,nao_nulos
bb_2015_12_dezembro_min_cidades_pf_pf,cod_municipio,negocio
bb_2015_12_dezembro_min_cidades_pf_pf,cod_municipio,nao_nulos
bb_2015_12_dezembro_min_cidades_pf_pf,num_programa,nao_nulos
bb_2015_12_dezembro_min_cidades_pf_pf,num_faixa,nao_nulos
bb_2015_12_dezembro_min_cidades_pf_pf,qtd_uh,nao_nulos
bb_2015_12_dezembro_min_cidades_pf_pf,vlr_financiamento,nao_nulos
bb_2015_12_dezembro_min_cidades_pf_pf,vlr_subsidio_fgts,nao_nulos
bb_2015_12_dezembro_min_cidades_pf_pf,vlr_subsidio_ogu,nao_nulos
bb_2015_12_dezembro_min_cidades_pf_pf,qtd_entregue,nao_nulos
bb_2015_12_dezembro_min_cidades_pf_pf,fase_mcmv,nao_nulos
bb_2015_12_dezembro_min_cidades_pf_pf,qtd_concluida,nao_nulos
bb_2015_12_dezembro_min_cidades_pf_pf,dat_contratacao,negocio
bb_2015_12_dezembro_min_cidades_pf_pf,vlr_recurso_proprio,nao_nulos
bb_2015_12_dezembro_min_cidades_pf_pf,vlr_sacado_fgts,nao_nulos
bb_2015_12_dezembro_min_cidades_pf_pf,dat_atualizacao,negocio
bb_2015_12_dezembro_min_cidades_pf_pf,dat_atualizacao,nao_nulos
bb_2015_12_dezembro_min_cidades_pf_pf,report_date,negocio
bb_2015_12_dezembro_min_cidades_pf_pf,report_date,nao_nulos
bb_2015_12_dezembro_min_cidades_pj,cnpj_instituicao,nao_nulos
bb_2015_12_dezembro_min_cidades_pj,cod_empreendimento,nao_nulos
bb_2015_12_dezembro_min_cidades_pj,dsc_empreendimento,nao_nulos
bb_2015_12_dezembro_min_cidades_pj,dsc_endereco,nao_nulos
bb_2015_12_dezembro_min_cidades_pj,cod_municipio,negocio
bb_2015_12_dezembro_min_cidades_pj,cod_municipio,nao_nulos
bb_2015_12_dezembro_min_cidades_pj,num_cep,nao_nulos
bb_2015_12_dezembro_min_cidades_pj,vlr_latitude,nao_nulos
bb_2015_12_dezembro_min_cidades_pj,vlr_longitude,nao_nulos
bb_2015_12_dezembro_min_cidades_pj,num_programa,nao_nulos
bb_2015_12_dezembro_min_cidades_pj,num_faixa,nao_nulos
bb_2015_12_dezembro_min_cidades_pj,qtd_unidade_habitacional,nao_nulos
bb_2015_12_dezembro_min_cidades_pj,idc_produto,nao_nulos
bb_2015_12_dezembro_min_cidades_pj,idc_zoneamento_obra,nao_nulos
bb_2015_12_dezembro_min_cidades_pj,vlr_emprestimo,nao_nulos
bb_2015_12_dezembro_min_cidades_pj,vlr_contrapartida,nao_nulos
bb_2015_12_dezembro_min_cidades_pj,vlr_total_investimento,nao_nulos
bb_2015_12_dezembro_min_cidades_pj,vlr_total_liberado,nao_nulos
bb_2015_12_dezembro_min_cidades_pj,vlr_subsidio_fgts,nao_nulos
bb_2015_12_dezembro_min_cidades_pj,vlr_subsidio_ogu,nao_nulos
bb_2015_12_dezembro_min_cidades_pj,nom_proponente,nao_nulos
bb_2015_12_dezembro_min_cidades_pj,cod_cnpj_proponente,nao_nulos
bb_2015_12_dezembro_min_cidades_pj,nat_proponente,nao_nulos
bb_2015_12_dezembro_min_cidades_pj,dat_contratacao,negocio
bb_2015_12_dezembro_min_cidades_pj,dat_contratacao,nao_nulos
bb_2015_12_dezembro_min_cidades_pj,dat_contratacao_tecnico_social,negocio
bb_2015_12_dezembro_min_cidades_pj,dat_contratacao_tecnico_social,nao_nulos
bb_2015_12_dezembro_min_cidades_pj,dat_prevista_termino,nao_nulos
bb_2015_12_dezembro_min_cidades_pj,dat_vistoria,nao_nulos
bb_2015_12_dezembro_min_cidades_pj,prc_execucao_obra,nao_nulos
bb_2015_12_dezembro_min_cidades_pj,qtd_unidade_concluida,nao_nulos
bb_2015_12_dezembro_min_cidades_pj,qtd_unidade_entregue,nao_nulos
bb_2015_12_dezembro_min_cidades_pj,qtd_beneficiario_indicado,nao_nulos
bb_2015_12_dezembro_min_cidades_pj,qtd_unidade_adaptavel,nao_nulos
bb_2015_12_dezembro_min_cidades_pj,qtd_kit_instalacao,nao_nulos
bb_2015_12_dezembro_min_cidades_pj,qtd_unidade_inadimplente,nao_nulos
bb_2015_12_dezembro_min_cidades_pj,dat_atualizacao,negocio
bb_2015_12_dezembro_min_cidades_pj,dat_atualizacao,nao_nulos
bb_2015_12_dezembro_min_cidades_pj,report_date,negocio
bb_2015_12_dezembro_min_cidades_pj,report_date,nao_nulos
bb_2015_12_dezembro_min_cidades_pj_pf,nr_prpt,nao_nulos
bb_2015_12_dezembro_min_cidades_pj_pf,cod_contrato,negocio
bb_2015_12_dezembro_min_cidades_pj_pf,cod_contrato,nao_nulos
bb_2015_12_dezembro_min_cidades_pj_pf,cod_municipio,negocio
bb_2015_12_dezembro_min_cidades_pj_pf,cod_municipio,nao_nulos
bb_2015_12_dezembro_min_cidades_pj_pf,num_programa,nao_nulos
bb_2015_12_dezembro_min_cidades_pj_pf,num_faixa,nao_nulos
bb_2015_12_dezembro_min_cidades_pj_pf,vlr_financiamento,nao_nulos
bb_2015_12_dezembro_min_cidades_pj_pf,vlr_sacado_fgts,nao_nulos
bb_2015_12_dezembro_min_cidades_pj_pf,vlr_subsidio_fgts,nao_nulos
bb_2015_12_dezembro_min_cidades_pj_pf,vlr_subsidio_ogu,nao_nulos
bb_2015_12_dezembro_min_cidades_pj_pf,dat_contratacao,negocio
bb_2015_12_dezembro_min_cidades_pj_pf,dat_contratacao,nao_nulos
bb_2015_12_dezembro_min_cidades_pj_pf,vlr_recurso_proprio,nao_nulos
bb_2015_12_dezembro_min_cidades_pj_pf,vlr_total_operacao,nao_nulos
bb_2015_12_dezembro_min_cidades_pj_pf,dat_atualizacao,negocio
bb_2015_12_dezembro_min_cidades_pj_pf,dat_atualizacao,nao_nulos
bb_2015_12_dezembro_min_cidades_pj_pf,report_date,negocio
bb_2015_12_dezembro_min_cidades_pj_pf,report_date,nao_nulos
bb_2015_12_dezembro_pnhr_31122015,nr_prpt,nao_nulos
bb_2015_12_dezembro_pnhr_31122015,natureza,nao_nulos
bb_2015_12_dezembro_pnhr_31122015,subprograma,nao_nulos
bb_2015_12_dezembro_pnhr_31122015,faixa,nao_nulos
bb_2015_12_dezembro_pnhr_31122015,agente_financeiro,nao_nulos
bb_2015_12_dezembro_pnhr_31122015,dt_aclt_prpt_eprd,nao_nulos
bb_2015_12_dezembro_pnhr_31122015,nm_rsmd_eprd,nao_nulos
bb_2015_12_dezembro_pnhr_31122015,endereco,nao_nulos
bb_2015_12_dezembro_pnhr_31122015,cod_eprd,nao_nulos
bb_2015_12_dezembro_pnhr_31122015,regiao,nao_nulos
bb_2015_12_dezembro_pnhr_31122015,nm_eo,nao_nulos
bb_2015_12_dezembro_pnhr_31122015,nr_cnpj,nao_nulos
bb_2015_12_dezembro_pnhr_31122015,nm_mun,nao_nulos
bb_2015_12_dezembro_pnhr_31122015,uf,nao_nulos
bb_2015_12_dezembro_pnhr_31122015,qt_und_eprd,nao_nulos
bb_2015_12_dezembro_pnhr_31122015,cod_mun_ibge,nao_nulos
bb_2015_12_dezembro_pnhr_31122015,dt_ass,nao_nulos
bb_2015_12_dezembro_pnhr_31122015,pc_acm_obra_rlzd,nao_nulos
bb_2015_12_dezembro_pnhr_31122015,vlr_financ,nao_nulos
bb_2015_12_dezembro_pnhr_31122015,vl_cst_obra,nao_nulos
bb_2015_12_dezembro_pnhr_31122015,report_date,negocio
bb_2015_12_dezembro_pnhr_31122015,report_date,nao_nulos
bb_2016_01_janeiro_2016_01_31_min_cidades_pf_pf,cod_contrato,negocio
bb_2016_01_janeiro_2016_01_31_min_cidades_pf_pf,cod_contrato,nao_nulos
bb_2016_01_janeiro_2016_01_31_min_cidades_pf_pf,cod_municipio,negocio
bb_2016_01_janeiro_2016_01_31_min_cidades_pf_pf,cod_municipio,nao_nulos
bb_2016_01_janeiro_2016_01_31_min_cidades_pf_pf,num_programa,nao_nulos
bb_2016_01_janeiro_2016_01_31_min_cidades_pf_pf,num_faixa,nao_nulos
bb_2016_01_janeiro_2016_01_31_min_cidades_pf_pf,qtd_uh,nao_nulos
bb_2016_01_janeiro_2016_01_31_min_cidades_pf_pf,vlr_financiamento,nao_nulos
bb_2016_01_janeiro_2016_01_31_min_cidades_pf_pf,vlr_subsidio_fgts,nao_nulos
bb_2016_01_janeiro_2016_01_31_min_cidades_pf_pf,vlr_subsidio_ogu,nao_nulos
bb_2016_01_janeiro_2016_01_31_min_cidades_pf_pf,qtd_entregue,nao_nulos
bb_2016_01_janeiro_2016_01_31_min_cidades_pf_pf,fase_mcmv,nao_nulos
bb_2016_01_janeiro_2016_01_31_min_cidades_pf_pf,qtd_concluida,nao_nulos
bb_2016_01_janeiro_2016_01_31_min_cidades_pf_pf,dat_contratacao,negocio
bb_2016_01_janeiro_2016_01_31_min_cidades_pf_pf,vlr_recurso_proprio,nao_nulos
bb_2016_01_janeiro_2016_01_31_min_cidades_pf_pf,vlr_sacado_fgts,nao_nulos
bb_2016_01_janeiro_2016_01_31_min_cidades_pf_pf,dat_atualizacao,negocio
bb_2016_01_janeiro_2016_01_31_min_cidades_pf_pf,dat_atualizacao,nao_nulos
bb_2016_01_janeiro_2016_01_31_min_cidades_pf_pf,report_date,negocio
bb_2016_01_janeiro_2016_01_31_min_cidades_pf_pf,report_date,nao_nulos
bb_2016_01_janeiro_2016_01_31_min_cidades_pj,cod_empreendimento,nao_nulos
bb_2016_01_janeiro_2016_01_31_min_cidades_pj,cod_municipio,negocio
bb_2016_01_janeiro_2016_01_31_min_cidades_pj,cod_municipio,nao_nulos
bb_2016_01_janeiro_2016_01_31_min_cidades_pj,num_faixa,nao_nulos
bb_2016_01_janeiro_2016_01_31_min_cidades_pj,modalidade,nao_nulos
bb_2016_01_janeiro_2016_01_31_min_cidades_pj,qtd_unidade_habitacional,nao_nulos
bb_2016_01_janeiro_2016_01_31_min_cidades_pj,vlr_emprestimo,nao_nulos
bb_2016_01_janeiro_2016_01_31_min_cidades_pj,num_programa,nao_nulos
bb_2016_01_janeiro_2016_01_31_min_cidades_pj,prc_execucao_obra,nao_nulos
bb_2016_01_janeiro_2016_01_31_min_cidades_pj,vlr_contrapartida,nao_nulos
bb_2016_01_janeiro_2016_01_31_min_cidades_pj,dsc_empreendimento,nao_nulos
bb_2016_01_janeiro_2016_01_31_min_cidades_pj,dsc_endereco,nao_nulos
bb_2016_01_janeiro_2016_01_31_min_cidades_pj,nom_proponente,nao_nulos
bb_2016_01_janeiro_2016_01_31_min_cidades_pj,cod_cnpj_proponente,nao_nulos
bb_2016_01_janeiro_2016_01_31_min_cidades_pj,dat_contratacao,negocio
bb_2016_01_janeiro_2016_01_31_min_cidades_pj,dat_contratacao,nao_nulos
bb_2016_01_janeiro_2016_01_31_min_cidades_pj,vlr_total_liberado,nao_nulos
bb_2016_01_janeiro_2016_01_31_min_cidades_pj,dat_prevista_termino,nao_nulos
bb_2016_01_janeiro_2016_01_31_min_cidades_pj,qtd_comercializadas,nao_nulos
bb_2016_01_janeiro_2016_01_31_min_cidades_pj,qtd_unidade_concluida,nao_nulos
bb_2016_01_janeiro_2016_01_31_min_cidades_pj,qtd_unidade_entregue,nao_nulos
bb_2016_01_janeiro_2016_01_31_min_cidades_pj,dat_atualizacao,negocio
bb_2016_01_janeiro_2016_01_31_min_cidades_pj,dat_atualizacao,nao_nulos
bb_2016_01_janeiro_2016_01_31_min_cidades_pj,report_date,negocio
bb_2016_01_janeiro_2016_01_31_min_cidades_pj,report_date,nao_nulos
bb_2016_01_janeiro_2016_01_31_min_cidades_pj_pf,nr_prpt,nao_nulos
bb_2016_01_janeiro_2016_01_31_min_cidades_pj_pf,cod_contrato,negocio
bb_2016_01_janeiro_2016_01_31_min_cidades_pj_pf,cod_contrato,nao_nulos
bb_2016_01_janeiro_2016_01_31_min_cidades_pj_pf,cod_municipio,negocio
bb_2016_01_janeiro_2016_01_31_min_cidades_pj_pf,cod_municipio,nao_nulos
bb_2016_01_janeiro_2016_01_31_min_cidades_pj_pf,num_programa,nao_nulos
bb_2016_01_janeiro_2016_01_31_min_cidades_pj_pf,num_faixa,nao_nulos
bb_2016_01_janeiro_2016_01_31_min_cidades_pj_pf,vlr_financiamento,nao_nulos
bb_2016_01_janeiro_2016_01_31_min_cidades_pj_pf,vlr_sacado_fgts,nao_nulos
bb_2016_01_janeiro_2016_01_31_min_cidades_pj_pf,vlr_subsidio_fgts,nao_nulos
bb_2016_01_janeiro_2016_01_31_min_cidades_pj_pf,vlr_subsidio_ogu,nao_nulos
bb_2016_01_janeiro_2016_01_31_min_cidades_pj_pf,dat_contratacao,negocio
bb_2016_01_janeiro_2016_01_31_min_cidades_pj_pf,dat_contratacao,nao_nulos
bb_2016_01_janeiro_2016_01_31_min_cidades_pj_pf,vlr_recurso_proprio,nao_nulos
bb_2016_01_janeiro_2016_01_31_min_cidades_pj_pf,vlr_total_operacao,nao_nulos
bb_2016_01_janeiro_2016_01_31_min_cidades_pj_pf,dat_atualizacao,negocio
bb_2016_01_janeiro_2016_01_31_min_cidades_pj_pf,dat_atualizacao,nao_nulos
bb_2016_01_janeiro_2016_01_31_min_cidades_pj_pf,report_date,negocio
bb_2016_01_janeiro_2016_01_31_min_cidades_pj_pf,report_date,nao_nulos
bb_2016_01_janeiro_pnhr_31012016,nr_prpt,nao_nulos
bb_2016_01_janeiro_pnhr_31012016,natureza,nao_nulos
bb_2016_01_janeiro_pnhr_31012016,subprograma,nao_nulos
bb_2016_01_janeiro_pnhr_31012016,faixa,nao_nulos
bb_2016_01_janeiro_pnhr_31012016,agente_financeiro,nao_nulos
bb_2016_01_janeiro_pnhr_31012016,dt_aclt_prpt_eprd,nao_nulos
bb_2016_01_janeiro_pnhr_31012016,nm_rsmd_eprd,nao_nulos
bb_2016_01_janeiro_pnhr_31012016,endereco,nao_nulos
bb_2016_01_janeiro_pnhr_31012016,cod_eprd,nao_nulos
bb_2016_01_janeiro_pnhr_31012016,regiao,nao_nulos
bb_2016_01_janeiro_pnhr_31012016,nm_eo,nao_nulos
bb_2016_01_janeiro_pnhr_31012016,nr_cnpj,nao_nulos
bb_2016_01_janeiro_pnhr_31012016,nm_mun,nao_nulos
bb_2016_01_janeiro_pnhr_31012016,uf,nao_nulos
bb_2016_01_janeiro_pnhr_31012016,qt_und_eprd,nao_nulos
bb_2016_01_janeiro_pnhr_31012016,cod_mun_ibge,nao_nulos
bb_2016_01_janeiro_pnhr_31012016,dt_ass,nao_nulos
bb_2016_01_janeiro_pnhr_31012016,pc_acm_obra_rlzd,nao_nulos
bb_2016_01_janeiro_pnhr_31012016,vlr_financ,nao_nulos
bb_2016_01_janeiro_pnhr_31012016,vl_cst_obra,nao_nulos
bb_2016_01_janeiro_pnhr_31012016,report_date,negocio
bb_2016_01_janeiro_pnhr_31012016,report_date,nao_nulos
bb_2016_02_fevereiro_2016_02_29_min_cidades_pf_pf,cod_contrato,negocio
bb_2016_02_fevereiro_2016_02_29_min_cidades_pf_pf,cod_contrato,nao_nulos
bb_2016_02_fevereiro_2016_02_29_min_cidades_pf_pf,cod_municipio,negocio
bb_2016_02_fevereiro_2016_02_29_min_cidades_pf_pf,cod_municipio,nao_nulos
bb_2016_02_fevereiro_2016_02_29_min_cidades_pf_pf,num_programa,nao_nulos
bb_2016_02_fevereiro_2016_02_29_min_cidades_pf_pf,num_faixa,nao_nulos
bb_2016_02_fevereiro_2016_02_29_min_cidades_pf_pf,qtd_uh,nao_nulos
bb_2016_02_fevereiro_2016_02_29_min_cidades_pf_pf,vlr_financiamento,nao_nulos
bb_2016_02_fevereiro_2016_02_29_min_cidades_pf_pf,vlr_subsidio_fgts,nao_nulos
bb_2016_02_fevereiro_2016_02_29_min_cidades_pf_pf,vlr_subsidio_ogu,nao_nulos
bb_2016_02_fevereiro_2016_02_29_min_cidades_pf_pf,qtd_entregue,nao_nulos
bb_2016_02_fevereiro_2016_02_29_min_cidades_pf_pf,fase_mcmv,nao_nulos
bb_2016_02_fevereiro_2016_02_29_min_cidades_pf_pf,qtd_concluida,nao_nulos
bb_2016_02_fevereiro_2016_02_29_min_cidades_pf_pf,dat_contratacao,negocio
bb_2016_02_fevereiro_2016_02_29_min_cidades_pf_pf,vlr_recurso_proprio,nao_nulos
bb_2016_02_fevereiro_2016_02_29_min_cidades_pf_pf,vlr_sacado_fgts,nao_nulos
bb_2016_02_fevereiro_2016_02_29_min_cidades_pf_pf,dat_atualizacao,negocio
bb_2016_02_fevereiro_2016_02_29_min_cidades_pf_pf,dat_atualizacao,nao_nulos
bb_2016_02_fevereiro_2016_02_29_min_cidades_pf_pf,report_date,negocio
bb_2016_02_fevereiro_2016_02_29_min_cidades_pf_pf,report_date,nao_nulos
bb_2016_02_fevereiro_2016_02_29_min_cidades_pj,cod_empreendimento,nao_nulos
bb_2016_02_fevereiro_2016_02_29_min_cidades_pj,cod_municipio,negocio
bb_2016_02_fevereiro_2016_02_29_min_cidades_pj,cod_municipio,nao_nulos
bb_2016_02_fevereiro_2016_02_29_min_cidades_pj,num_faixa,nao_nulos
bb_2016_02_fevereiro_2016_02_29_min_cidades_pj,modalidade,nao_nulos
bb_2016_02_fevereiro_2016_02_29_min_cidades_pj,qtd_unidade_habitacional,nao_nulos
bb_2016_02_fevereiro_2016_02_29_min_cidades_pj,vlr_emprestimo,nao_nulos
bb_2016_02_fevereiro_2016_02_29_min_cidades_pj,num_programa,nao_nulos
bb_2016_02_fevereiro_2016_02_29_min_cidades_pj,prc_execucao_obra,nao_nulos
bb_2016_02_fevereiro_2016_02_29_min_cidades_pj,vlr_contrapartida,nao_nulos
bb_2016_02_fevereiro_2016_02_29_min_cidades_pj,dsc_empreendimento,nao_nulos
bb_2016_02_fevereiro_2016_02_29_min_cidades_pj,dsc_endereco,nao_nulos
bb_2016_02_fevereiro_2016_02_29_min_cidades_pj,nom_proponente,nao_nulos
bb_2016_02_fevereiro_2016_02_29_min_cidades_pj,cod_cnpj_proponente,nao_nulos
bb_2016_02_fevereiro_2016_02_29_min_cidades_pj,dat_contratacao,negocio
bb_2016_02_fevereiro_2016_02_29_min_cidades_pj,dat_contratacao,nao_nulos
bb_2016_02_fevereiro_2016_02_29_min_cidades_pj,vlr_total_liberado,nao_nulos
bb_2016_02_fevereiro_2016_02_29_min_cidades_pj,dat_prevista_termino,nao_nulos
bb_2016_02_fevereiro_2016_02_29_min_cidades_pj,qtd_comercializadas,nao_nulos
bb_2016_02_fevereiro_2016_02_29_min_cidades_pj,qtd_unidade_concluida,nao_nulos
bb_2016_02_fevereiro_2016_02_29_min_cidades_pj,qtd_unidade_entregue,nao_nulos
bb_2016_02_fevereiro_2016_02_29_min_cidades_pj,dat_atualizacao,negocio
bb_2016_02_fevereiro_2016_02_29_min_cidades_pj,dat_atualizacao,nao_nulos
bb_2016_02_fevereiro_2016_02_29_min_cidades_pj,report_date,negocio
bb_2016_02_fevereiro_2016_02_29_min_cidades_pj,report_date,nao_nulos
bb_2016_02_fevereiro_2016_02_29_min_cidades_pj_pf,nr_prpt,nao_nulos
bb_2016_02_fevereiro_2016_02_29_min_cidades_pj_pf,cod_contrato,negocio
bb_2016_02_fevereiro_2016_02_29_min_cidades_pj_pf,cod_contrato,nao_nulos
bb_2016_02_fevereiro_2016_02_29_min_cidades_pj_pf,cod_municipio,negocio
bb_2016_02_fevereiro_2016_02_29_min_cidades_pj_pf,cod_municipio,nao_nulos
bb_2016_02_fevereiro_2016_02_29_min_cidades_pj_pf,num_programa,nao_nulos
bb_2016_02_fevereiro_2016_02_29_min_cidades_pj_pf,num_faixa,nao_nulos
bb_2016_02_fevereiro_2016_02_29_min_cidades_pj_pf,vlr_financiamento,nao_nulos
bb_2016_02_fevereiro_2016_02_29_min_cidades_pj_pf,vlr_sacado_fgts,nao_nulos
bb_2016_02_fevereiro_2016_02_29_min_cidades_pj_pf,vlr_subsidio_fgts,nao_nulos
bb_2016_02_fevereiro_2016_02_29_min_cidades_pj_pf,vlr_subsidio_ogu,nao_nulos
bb_2016_02_fevereiro_2016_02_29_min_cidades_pj_pf,dat_contratacao,negocio
bb_2016_02_fevereiro_2016_02_29_min_cidades_pj_pf,dat_contratacao,nao_nulos
bb_2016_02_fevereiro_2016_02_29_min_cidades_pj_pf,vlr_recurso_proprio,nao_nulos
bb_2016_02_fevereiro_2016_02_29_min_cidades_pj_pf,vlr_total_operacao,nao_nulos
bb_2016_02_fevereiro_2016_02_29_min_cidades_pj_pf,dat_atualizacao,negocio
bb_2016_02_fevereiro_2016_02_29_min_cidades_pj_pf,dat_atualizacao,nao_nulos
bb_2016_02_fevereiro_2016_02_29_min_cidades_pj_pf,report_date,negocio
bb_2016_02_fevereiro_2016_02_29_min_cidades_pj_pf,report_date,nao_nulos
bb_2016_02_fevereiro_pnhr_29022016,nr_prpt,nao_nulos
bb_2016_02_fevereiro_pnhr_29022016,natureza,nao_nulos
bb_2016_02_fevereiro_pnhr_29022016,subprograma,nao_nulos
bb_2016_02_fevereiro_pnhr_29022016,faixa,nao_nulos
bb_2016_02_fevereiro_pnhr_29022016,agente_financeiro,nao_nulos
bb_2016_02_fevereiro_pnhr_29022016,dt_aclt_prpt_eprd,nao_nulos
bb_2016_02_fevereiro_pnhr_29022016,nm_rsmd_eprd,nao_nulos
bb_2016_02_fevereiro_pnhr_29022016,endereco,nao_nulos
bb_2016_02_fevereiro_pnhr_29022016,cod_eprd,nao_nulos
bb_2016_02_fevereiro_pnhr_29022016,regiao,nao_nulos
bb_2016_02_fevereiro_pnhr_29022016,nm_eo,nao_nulos
bb_2016_02_fevereiro_pnhr_29022016,nr_cnpj,nao_nulos
bb_2016_02_fevereiro_pnhr_29022016,nm_mun,nao_nulos
bb_2016_02_fevereiro_pnhr_29022016,uf,nao_nulos
bb_2016_02_fevereiro_pnhr_29022016,qt_und_eprd,nao_nulos
bb_2016_02_fevereiro_pnhr_29022016,cod_mun_ibge,nao_nulos
bb_2016_02_fevereiro_pnhr_29022016,dt_ass,nao_nulos
bb_2016_02_fevereiro_pnhr_29022016,pc_acm_obra_rlzd,nao_nulos
bb_2016_02_fevereiro_pnhr_29022016,vlr_financ,nao_nulos
bb_2016_02_fevereiro_pnhr_29022016,vl_cst_obra,nao_nulos
bb_2016_02_fevereiro_pnhr_29022016,report_date,negocio
bb_2016_02_fevereiro_pnhr_29022016,report_date,nao_nulos
bb_2016_04_abril_min_cidades_pf_pf,cod_contrato,negocio
bb_2016_04_abril_min_cidades_pf_pf,cod_contrato,nao_nulos
bb_2016_04_abril_min_cidades_pf_pf,cod_municipio,negocio
bb_2016_04_abril_min_cidades_pf_pf,cod_municipio,nao_nulos
bb_2016_04_abril_min_cidades_pf_pf,num_programa,nao_nulos
bb_2016_04_abril_min_cidades_pf_pf,num_faixa,nao_nulos
bb_2016_04_abril_min_cidades_pf_pf,qtd_uh,nao_nulos
bb_2016_04_abril_min_cidades_pf_pf,vlr_financiamento,nao_nulos
bb_2016_04_abril_min_cidades_pf_pf,vlr_subsidio_fgts,nao_nulos
bb_2016_04_abril_min_cidades_pf_pf,vlr_subsidio_ogu,nao_nulos
bb_2016_04_abril_min_cidades_pf_pf,qtd_entregue,nao_nulos
bb_2016_04_abril_min_cidades_pf_pf,fase_mcmv,nao_nulos
bb_2016_04_abril_min_cidades_pf_pf,qtd_concluida,nao_nulos
bb_2016_04_abril_min_cidades_pf_pf,dat_contratacao,negocio
bb_2016_04_abril_min_cidades_pf_pf,vlr_recurso_proprio,nao_nulos
bb_2016_04_abril_min_cidades_pf_pf,vlr_sacado_fgts,nao_nulos
bb_2016_04_abril_min_cidades_pf_pf,dat_atualizacao,negocio
bb_2016_04_abril_min_cidades_pf_pf,dat_atualizacao,nao_nulos
bb_2016_04_abril_min_cidades_pf_pf,report_date,negocio
bb_2016_04_abril_min_cidades_pf_pf,report_date,nao_nulos
bb_2016_04_abril_min_cidades_pj,cod_empreendimento,nao_nulos
bb_2016_04_abril_min_cidades_pj,cod_municipio,negocio
bb_2016_04_abril_min_cidades_pj,cod_municipio,nao_nulos
bb_2016_04_abril_min_cidades_pj,num_faixa,nao_nulos
bb_2016_04_abril_min_cidades_pj,modalidade,nao_nulos
bb_2016_04_abril_min_cidades_pj,qtd_unidade_habitacional,nao_nulos
bb_2016_04_abril_min_cidades_pj,vlr_emprestimo,nao_nulos
bb_2016_04_abril_min_cidades_pj,num_programa,nao_nulos
bb_2016_04_abril_min_cidades_pj,prc_execucao_obra,nao_nulos
bb_2016_04_abril_min_cidades_pj,vlr_contrapartida,nao_nulos
bb_2016_04_abril_min_cidades_pj,dsc_empreendimento,nao_nulos
bb_2016_04_abril_min_cidades_pj,dsc_endereco,nao_nulos
bb_2016_04_abril_min_cidades_pj,nom_proponente,nao_nulos
bb_2016_04_abril_min_cidades_pj,cod_cnpj_proponente,nao_nulos
bb_2016_04_abril_min_cidades_pj,dat_contratacao,negocio
bb_2016_04_abril_min_cidades_pj,dat_contratacao,nao_nulos
bb_2016_04_abril_min_cidades_pj,vlr_total_liberado,nao_nulos
bb_2016_04_abril_min_cidades_pj,dat_prevista_termino,nao_nulos
bb_2016_04_abril_min_cidades_pj,qtd_comercializadas,nao_nulos
bb_2016_04_abril_min_cidades_pj,qtd_unidade_concluida,nao_nulos
bb_2016_04_abril_min_cidades_pj,qtd_unidade_entregue,nao_nulos
bb_2016_04_abril_min_cidades_pj,dat_atualizacao,negocio
bb_2016_04_abril_min_cidades_pj,dat_atualizacao,nao_nulos
bb_2016_04_abril_min_cidades_pj,report_date,negocio
bb_2016_04_abril_min_cidades_pj,report_date,nao_nulos
bb_2016_04_abril_min_cidades_pj_pf,nr_prpt,nao_nulos
bb_2016_04_abril_min_cidades_pj_pf,cod_contrato,negocio
bb_2016_04_abril_min_cidades_pj_pf,cod_contrato,nao_nulos
bb_2016_04_abril_min_cidades_pj_pf,cod_municipio,negocio
bb_2016_04_abril_min_cidades_pj_pf,cod_municipio,nao_nulos
bb_2016_04_abril_min_cidades_pj_pf,num_programa,nao_nulos
bb_2016_04_abril_min_cidades_pj_pf,num_faixa,nao_nulos
bb_2016_04_abril_min_cidades_pj_pf,vlr_financiamento,nao_nulos
bb_2016_04_abril_min_cidades_pj_pf,vlr_sacado_fgts,nao_nulos
bb_2016_04_abril_min_cidades_pj_pf,vlr_subsidio_fgts,nao_nulos
bb_2016_04_abril_min_cidades_pj_pf,vlr_subsidio_ogu,nao_nulos
bb_2016_04_abril_min_cidades_pj_pf,dat_contratacao,negocio
bb_2016_04_abril_min_cidades_pj_pf,dat_contratacao,nao_nulos
bb_2016_04_abril_min_cidades_pj_pf,vlr_recurso_proprio,nao_nulos
bb_2016_04_abril_min_cidades_pj_pf,vlr_total_operacao,nao_nulos
bb_2016_04_abril_min_cidades_pj_pf,dat_atualizacao,negocio
bb_2016_04_abril_min_cidades_pj_pf,dat_atualizacao,nao_nulos
bb_2016_04_abril_min_cidades_pj_pf,report_date,negocio
bb_2016_04_abril_min_cidades_pj_pf,report_date,nao_nulos
bb_2016_04_abril_pnhr_30042016,nr_prpt,nao_nulos
bb_2016_04_abril_pnhr_30042016,natureza,nao_nulos
bb_2016_04_abril_pnhr_30042016,subprograma,nao_nulos
bb_2016_04_abril_pnhr_30042016,faixa,nao_nulos
bb_2016_04_abril_pnhr_30042016,agente_financeiro,nao_nulos
bb_2016_04_abril_pnhr_30042016,dt_aclt_prpt_eprd,nao_nulos
bb_2016_04_abril_pnhr_30042016,nm_rsmd_eprd,nao_nulos
bb_2016_04_abril_pnhr_30042016,endereco,nao_nulos
bb_2016_04_abril_pnhr_30042016,cod_eprd,nao_nulos
bb_2016_04_abril_pnhr_30042016,regiao,nao_nulos
bb_2016_04_abril_pnhr_30042016,nm_eo,nao_nulos
bb_2016_04_abril_pnhr_30042016,nr_cnpj,nao_nulos
bb_2016_04_abril_pnhr_30042016,nm_mun,nao_nulos
bb_2016_04_abril_pnhr_30042016,uf,nao_nulos
bb_2016_04_abril_pnhr_30042016,qt_und_eprd,nao_nulos
bb_2016_04_abril_pnhr_30042016,cod_mun_ibge,nao_nulos
bb_2016_04_abril_pnhr_30042016,dt_ass,nao_nulos
bb_2016_04_abril_pnhr_30042016,pc_acm_obra_rlzd,nao_nulos
bb_2016_04_abril_pnhr_30042016,vlr_financ,nao_nulos
bb_2016_04_abril_pnhr_30042016,vl_cst_obra,nao_nulos
bb_2016_04_abril_pnhr_30042016,report_date,negocio
bb_2016_04_abril_pnhr_30042016,report_date,nao_nulos
bb_2016_05_maio_2016_05_31_min_cidades_pf_pf,cod_contrato,negocio
bb_2016_05_maio_2016_05_31_min_cidades_pf_pf,cod_contrato,nao_nulos
bb_2016_05_maio_2016_05_31_min_cidades_pf_pf,cod_municipio,negocio
bb_2016_05_maio_2016_05_31_min_cidades_pf_pf,cod_municipio,nao_nulos
bb_2016_05_maio_2016_05_31_min_cidades_pf_pf,num_programa,nao_nulos
bb_2016_05_maio_2016_05_31_min_cidades_pf_pf,num_faixa,nao_nulos
bb_2016_05_maio_2016_05_31_min_cidades_pf_pf,qtd_uh,nao_nulos
bb_2016_05_maio_2016_05_31_min_cidades_pf_pf,vlr_financiamento,nao_nulos
bb_2016_05_maio_2016_05_31_min_cidades_pf_pf,vlr_subsidio_fgts,nao_nulos
bb_2016_05_maio_2016_05_31_min_cidades_pf_pf,vlr_subsidio_ogu,nao_nulos
bb_2016_05_maio_2016_05_31_min_cidades_pf_pf,qtd_entregue,nao_nulos
bb_2016_05_maio_2016_05_31_min_cidades_pf_pf,fase_mcmv,nao_nulos
bb_2016_05_maio_2016_05_31_min_cidades_pf_pf,qtd_concluida,nao_nulos
bb_2016_05_maio_2016_05_31_min_cidades_pf_pf,dat_contratacao,negocio
bb_2016_05_maio_2016_05_31_min_cidades_pf_pf,vlr_recurso_proprio,nao_nulos
bb_2016_05_maio_2016_05_31_min_cidades_pf_pf,vlr_sacado_fgts,nao_nulos
bb_2016_05_maio_2016_05_31_min_cidades_pf_pf,dat_atualizacao,negocio
bb_2016_05_maio_2016_05_31_min_cidades_pf_pf,report_date,negocio
bb_2016_05_maio_2016_05_31_min_cidades_pf_pf,report_date,nao_nulos
bb_2016_05_maio_2016_05_31_min_cidades_pj,cod_empreendimento,nao_nulos
bb_2016_05_maio_2016_05_31_min_cidades_pj,cod_municipio,negocio
bb_2016_05_maio_2016_05_31_min_cidades_pj,cod_municipio,nao_nulos
bb_2016_05_maio_2016_05_31_min_cidades_pj,num_faixa,nao_nulos
bb_2016_05_maio_2016_05_31_min_cidades_pj,modalidade,nao_nulos
bb_2016_05_maio_2016_05_31_min_cidades_pj,qtd_unidade_habitacional,nao_nulos
bb_2016_05_maio_2016_05_31_min_cidades_pj,vlr_emprestimo,nao_nulos
bb_2016_05_maio_2016_05_31_min_cidades_pj,num_programa,nao_nulos
bb_2016_05_maio_2016_05_31_min_cidades_pj,prc_execucao_obra,nao_nulos
bb_2016_05_maio_2016_05_31_min_cidades_pj,vlr_contrapartida,nao_nulos
bb_2016_05_maio_2016_05_31_min_cidades_pj,dsc_empreendimento,nao_nulos
bb_2016_05_maio_2016_05_31_min_cidades_pj,dsc_endereco,nao_nulos
bb_2016_05_maio_2016_05_31_min_cidades_pj,nom_proponente,nao_nulos
bb_2016_05_maio_2016_05_31_min_cidades_pj,cod_cnpj_proponente,nao_nulos
bb_2016_05_maio_2016_05_31_min_cidades_pj,dat_contratacao,negocio
bb_2016_05_maio_2016_05_31_min_cidades_pj,dat_contratacao,nao_nulos
bb_2016_05_maio_2016_05_31_min_cidades_pj,vlr_total_liberado,nao_nulos
bb_2016_05_maio_2016_05_31_min_cidades_pj,dat_prevista_termino,nao_nulos
bb_2016_05_maio_2016_05_31_min_cidades_pj,qtd_comercializadas,nao_nulos
bb_2016_05_maio_2016_05_31_min_cidades_pj,qtd_unidade_concluida,nao_nulos
bb_2016_05_maio_2016_05_31_min_cidades_pj,qtd_unidade_entregue,nao_nulos
bb_2016_05_maio_2016_05_31_min_cidades_pj,dat_atualizacao,negocio
bb_2016_05_maio_2016_05_31_min_cidades_pj,report_date,negocio
bb_2016_05_maio_2016_05_31_min_cidades_pj,report_date,nao_nulos
bb_2016_05_maio_2016_05_31_min_cidades_pj_pf,nr_prpt,nao_nulos
bb_2016_05_maio_2016_05_31_min_cidades_pj_pf,cod_contrato,negocio
bb_2016_05_maio_2016_05_31_min_cidades_pj_pf,cod_contrato,nao_nulos
bb_2016_05_maio_2016_05_31_min_cidades_pj_pf,cod_municipio,negocio
bb_2016_05_maio_2016_05_31_min_cidades_pj_pf,cod_municipio,nao_nulos
bb_2016_05_maio_2016_05_31_min_cidades_pj_pf,num_programa,nao_nulos
bb_2016_05_maio_2016_05_31_min_cidades_pj_pf,num_faixa,nao_nulos
bb_2016_05_maio_2016_05_31_min_cidades_pj_pf,vlr_financiamento,nao_nulos
bb_2016_05_maio_2016_05_31_min_cidades_pj_pf,vlr_sacado_fgts,nao_nulos
bb_2016_05_maio_2016_05_31_min_cidades_pj_pf,vlr_subsidio_fgts,nao_nulos
bb_2016_05_maio_2016_05_31_min_cidades_pj_pf,vlr_subsidio_ogu,nao_nulos
bb_2016_05_maio_2016_05_31_min_cidades_pj_pf,dat_contratacao,negocio
bb_2016_05_maio_2016_05_31_min_cidades_pj_pf,dat_contratacao,nao_nulos
bb_2016_05_maio_2016_05_31_min_cidades_pj_pf,vlr_recurso_proprio,nao_nulos
bb_2016_05_maio_2016_05_31_min_cidades_pj_pf,vlr_total_operacao,nao_nulos
bb_2016_05_maio_2016_05_31_min_cidades_pj_pf,dat_atualizacao,negocio
bb_2016_05_maio_2016_05_31_min_cidades_pj_pf,report_date,negocio
bb_2016_05_maio_2016_05_31_min_cidades_pj_pf,report_date,nao_nulos
bb_2016_05_maio_pnhr_31052016,nr_prpt,nao_nulos
bb_2016_05_maio_pnhr_31052016,natureza,nao_nulos
bb_2016_05_maio_pnhr_31052016,subprograma,nao_nulos
bb_2016_05_maio_pnhr_31052016,faixa,nao_nulos
bb_2016_05_maio_pnhr_31052016,agente_financeiro,nao_nulos
bb_2016_05_maio_pnhr_31052016,dt_aclt_prpt_eprd,nao_nulos
bb_2016_05_maio_pnhr_31052016,nm_rsmd_eprd,nao_nulos
bb_2016_05_maio_pnhr_31052016,endereco,nao_nulos
bb_2016_05_maio_pnhr_31052016,cod_eprd,nao_nulos
bb_2016_05_maio_pnhr_31052016,regiao,nao_nulos
bb_2016_05_maio_pnhr_31052016,nm_eo,nao_nulos
bb_2016_05_maio_pnhr_31052016,nr_cnpj,nao_nulos
bb_2016_05_maio_pnhr_31052016,nm_mun,nao_nulos
bb_2016_05_maio_pnhr_31052016,uf,nao_nulos
bb_2016_05_maio_pnhr_31052016,qt_und_eprd,nao_nulos
bb_2016_05_maio_pnhr_31052016,cod_mun_ibge,nao_nulos
bb_2016_05_maio_pnhr_31052016,dt_ass,nao_nulos
bb_2016_05_maio_pnhr_31052016,pc_acm_obra_rlzd,nao_nulos
bb_2016_05_maio_pnhr_31052016,vlr_financ,nao_nulos
bb_2016_05_maio_pnhr_31052016,vl_cst_obra,nao_nulos
bb_2016_05_maio_pnhr_31052016,report_date,negocio
bb_2016_05_maio_pnhr_31052016,report_date,nao_nulos
bb_2016_06_junho_2016_06_30_min_cidades_pf_pf,cod_contrato,negocio
bb_2016_06_junho_2016_06_30_min_cidades_pf_pf,cod_contrato,nao_nulos
bb_2016_06_junho_2016_06_30_min_cidades_pf_pf,cod_municipio,negocio
bb_2016_06_junho_2016_06_30_min_cidades_pf_pf,cod_municipio,nao_nulos
bb_2016_06_junho_2016_06_30_min_cidades_pf_pf,num_programa,nao_nulos
bb_2016_06_junho_2016_06_30_min_cidades_pf_pf,num_faixa,nao_nulos
bb_2016_06_junho_2016_06_30_min_cidades_pf_pf,qtd_uh,nao_nulos
bb_2016_06_junho_2016_06_30_min_cidades_pf_pf,vlr_financiamento,nao_nulos
bb_2016_06_junho_2016_06_30_min_cidades_pf_pf,vlr_subsidio_fgts,nao_nulos
bb_2016_06_junho_2016_06_30_min_cidades_pf_pf,vlr_subsidio_ogu,nao_nulos
bb_2016_06_junho_2016_06_30_min_cidades_pf_pf,qtd_entregue,nao_nulos
bb_2016_06_junho_2016_06_30_min_cidades_pf_pf,fase_mcmv,nao_nulos
bb_2016_06_junho_2016_06_30_min_cidades_pf_pf,qtd_concluida,nao_nulos
bb_2016_06_junho_2016_06_30_min_cidades_pf_pf,dat_contratacao,negocio
bb_2016_06_junho_2016_06_30_min_cidades_pf_pf,vlr_recurso_proprio,nao_nulos
bb_2016_06_junho_2016_06_30_min_cidades_pf_pf,vlr_sacado_fgts,nao_nulos
bb_2016_06_junho_2016_06_30_min_cidades_pf_pf,dat_atualizacao,negocio
bb_2016_06_junho_2016_06_30_min_cidades_pf_pf,dat_atualizacao,nao_nulos
bb_2016_06_junho_2016_06_30_min_cidades_pf_pf,report_date,negocio
bb_2016_06_junho_2016_06_30_min_cidades_pf_pf,report_date,nao_nulos
bb_2016_06_junho_2016_06_30_min_cidades_pj,cod_empreendimento,nao_nulos
bb_2016_06_junho_2016_06_30_min_cidades_pj,cod_municipio,negocio
bb_2016_06_junho_2016_06_30_min_cidades_pj,cod_municipio,nao_nulos
bb_2016_06_junho_2016_06_30_min_cidades_pj,num_faixa,nao_nulos
bb_2016_06_junho_2016_06_30_min_cidades_pj,modalidade,nao_nulos
bb_2016_06_junho_2016_06_30_min_cidades_pj,qtd_unidade_habitacional,nao_nulos
bb_2016_06_junho_2016_06_30_min_cidades_pj,vlr_emprestimo,nao_nulos
bb_2016_06_junho_2016_06_30_min_cidades_pj,num_programa,nao_nulos
bb_2016_06_junho_2016_06_30_min_cidades_pj,prc_execucao_obra,nao_nulos
bb_2016_06_junho_2016_06_30_min_cidades_pj,vlr_contrapartida,nao_nulos
bb_2016_06_junho_2016_06_30_min_cidades_pj,dsc_empreendimento,nao_nulos
bb_2016_06_junho_2016_06_30_min_cidades_pj,dsc_endereco,nao_nulos
bb_2016_06_junho_2016_06_30_min_cidades_pj,nom_proponente,nao_nulos
bb_2016_06_junho_2016_06_30_min_cidades_pj,cod_cnpj_proponente,nao_nulos
bb_2016_06_junho_2016_06_30_min_cidades_pj,dat_contratacao,negocio
bb_2016_06_junho_2016_06_30_min_cidades_pj,dat_contratacao,nao_nulos
bb_2016_06_junho_2016_06_30_min_cidades_pj,vlr_total_liberado,nao_nulos
bb_2016_06_junho_2016_06_30_min_cidades_pj,dat_prevista_termino,nao_nulos
bb_2016_06_junho_2016_06_30_min_cidades_pj,qtd_comercializadas,nao_nulos
bb_2016_06_junho_2016_06_30_min_cidades_pj,qtd_unidade_concluida,nao_nulos
bb_2016_06_junho_2016_06_30_min_cidades_pj,qtd_unidade_entregue,nao_nulos
bb_2016_06_junho_2016_06_30_min_cidades_pj,dat_atualizacao,negocio
bb_2016_06_junho_2016_06_30_min_cidades_pj,dat_atualizacao,nao_nulos
bb_2016_06_junho_2016_06_30_min_cidades_pj,report_date,negocio
bb_2016_06_junho_2016_06_30_min_cidades_pj,report_date,nao_nulos
bb_2016_06_junho_2016_06_30_min_cidades_pj_pf,nr_prpt,nao_nulos
bb_2016_06_junho_2016_06_30_min_cidades_pj_pf,cod_contrato,negocio
bb_2016_06_junho_2016_06_30_min_cidades_pj_pf,cod_contrato,nao_nulos
bb_2016_06_junho_2016_06_30_min_cidades_pj_pf,cod_municipio,negocio
bb_2016_06_junho_2016_06_30_min_cidades_pj_pf,cod_municipio,nao_nulos
bb_2016_06_junho_2016_06_30_min_cidades_pj_pf,num_programa,nao_nulos
bb_2016_06_junho_2016_06_30_min_cidades_pj_pf,num_faixa,nao_nulos
bb_2016_06_junho_2016_06_30_min_cidades_pj_pf,vlr_financiamento,nao_nulos
bb_2016_06_junho_2016_06_30_min_cidades_pj_pf,vlr_sacado_fgts,nao_nulos
bb_2016_06_junho_2016_06_30_min_cidades_pj_pf,vlr_subsidio_fgts,nao_nulos
bb_2016_06_junho_2016_06_30_min_cidades_pj_pf,vlr_subsidio_ogu,nao_nulos
bb_2016_06_junho_2016_06_30_min_cidades_pj_pf,dat_contratacao,negocio
bb_2016_06_junho_2016_06_30_min_cidades_pj_pf,dat_contratacao,nao_nulos
bb_2016_06_junho_2016_06_30_min_cidades_pj_pf,vlr_recurso_proprio,nao_nulos
bb_2016_06_junho_2016_06_30_min_cidades_pj_pf,vlr_total_operacao,nao_nulos
bb_2016_06_junho_2016_06_30_min_cidades_pj_pf,dat_atualizacao,negocio
bb_2016_06_junho_2016_06_30_min_cidades_pj_pf,dat_atualizacao,nao_nulos
bb_2016_06_junho_2016_06_30_min_cidades_pj_pf,report_date,negocio
bb_2016_06_junho_2016_06_30_min_cidades_pj_pf,report_date,nao_nulos
bb_2016_06_junho_pnhr_30062016,nr_prpt,nao_nulos
bb_2016_06_junho_pnhr_30062016,natureza,nao_nulos
bb_2016_06_junho_pnhr_30062016,subprograma,nao_nulos
bb_2016_06_junho_pnhr_30062016,faixa,nao_nulos
bb_2016_06_junho_pnhr_30062016,agente_financeiro,nao_nulos
bb_2016_06_junho_pnhr_30062016,dt_aclt_prpt_eprd,nao_nulos
bb_2016_06_junho_pnhr_30062016,nm_rsmd_eprd,nao_nulos
bb_2016_06_junho_pnhr_30062016,endereco,nao_nulos
bb_2016_06_junho_pnhr_30062016,cod_eprd,nao_nulos
bb_2016_06_junho_pnhr_30062016,regiao,nao_nulos
bb_2016_06_junho_pnhr_30062016,nm_eo,nao_nulos
bb_2016_06_junho_pnhr_30062016,nr_cnpj,nao_nulos
bb_2016_06_junho_pnhr_30062016,nm_mun,nao_nulos
bb_2016_06_junho_pnhr_30062016,uf,nao_nulos
bb_2016_06_junho_pnhr_30062016,qt_und_eprd,nao_nulos
bb_2016_06_junho_pnhr_30062016,cod_mun_ibge,nao_nulos
bb_2016_06_junho_pnhr_30062016,dt_ass,nao_nulos
bb_2016_06_junho_pnhr_30062016,pc_acm_obra_rlzd,nao_nulos
bb_2016_06_junho_pnhr_30062016,vlr_financ,nao_nulos
bb_2016_06_junho_pnhr_30062016,vl_cst_obra,nao_nulos
bb_2016_06_junho_pnhr_30062016,report_date,negocio
bb_2016_06_junho_pnhr_30062016,report_date,nao_nulos
bb_2016_07_julho_2016_07_31_min_cidades_pj,cod_empreendimento,nao_nulos
bb_2016_07_julho_2016_07_31_min_cidades_pj,cod_municipio,negocio
bb_2016_07_julho_2016_07_31_min_cidades_pj,cod_municipio,nao_nulos
bb_2016_07_julho_2016_07_31_min_cidades_pj,num_faixa,nao_nulos
bb_2016_07_julho_2016_07_31_min_cidades_pj,modalidade,nao_nulos
bb_2016_07_julho_2016_07_31_min_cidades_pj,qtd_unidade_habitacional,nao_nulos
bb_2016_07_julho_2016_07_31_min_cidades_pj,vlr_emprestimo,nao_nulos
bb_2016_07_julho_2016_07_31_min_cidades_pj,num_programa,nao_nulos
bb_2016_07_julho_2016_07_31_min_cidades_pj,prc_execucao_obra,nao_nulos
bb_2016_07_julho_2016_07_31_min_cidades_pj,vlr_contrapartida,nao_nulos
bb_2016_07_julho_2016_07_31_min_cidades_pj,dsc_empreendimento,nao_nulos
bb_2016_07_julho_2016_07_31_min_cidades_pj,dsc_endereco,nao_nulos
bb_2016_07_julho_2016_07_31_min_cidades_pj,nom_proponente,nao_nulos
bb_2016_07_julho_2016_07_31_min_cidades_pj,cod_cnpj_proponente,nao_nulos
bb_2016_07_julho_2016_07_31_min_cidades_pj,dat_contratacao,negocio
bb_2016_07_julho_2016_07_31_min_cidades_pj,dat_contratacao,nao_nulos
bb_2016_07_julho_2016_07_31_min_cidades_pj,vlr_total_liberado,nao_nulos
bb_2016_07_julho_2016_07_31_min_cidades_pj,dat_prevista_termino,nao_nulos
bb_2016_07_julho_2016_07_31_min_cidades_pj,qtd_comercializadas,nao_nulos
bb_2016_07_julho_2016_07_31_min_cidades_pj,qtd_unidade_concluida,nao_nulos
bb_2016_07_julho_2016_07_31_min_cidades_pj,qtd_unidade_entregue,nao_nulos
bb_2016_07_julho_2016_07_31_min_cidades_pj,dat_atualizacao,negocio
bb_2016_07_julho_2016_07_31_min_cidades_pj,dat_atualizacao,nao_nulos
bb_2016_07_julho_2016_07_31_min_cidades_pj,report_date,negocio
bb_2016_07_julho_2016_07_31_min_cidades_pj,report_date,nao_nulos
bb_2016_07_julho_min_cidades_pf_pf,cod_contrato,negocio
bb_2016_07_julho_min_cidades_pf_pf,cod_contrato,nao_nulos
bb_2016_07_julho_min_cidades_pf_pf,cod_municipio,negocio
bb_2016_07_julho_min_cidades_pf_pf,cod_municipio,nao_nulos
bb_2016_07_julho_min_cidades_pf_pf,num_programa,nao_nulos
bb_2016_07_julho_min_cidades_pf_pf,num_faixa,nao_nulos
bb_2016_07_julho_min_cidades_pf_pf,qtd_uh,nao_nulos
bb_2016_07_julho_min_cidades_pf_pf,vlr_financiamento,nao_nulos
bb_2016_07_julho_min_cidades_pf_pf,vlr_subsidio_fgts,nao_nulos
bb_2016_07_julho_min_cidades_pf_pf,vlr_subsidio_ogu,nao_nulos
bb_2016_07_julho_min_cidades_pf_pf,qtd_entregue,nao_nulos
bb_2016_07_julho_min_cidades_pf_pf,fase_mcmv,nao_nulos
bb_2016_07_julho_min_cidades_pf_pf,qtd_concluida,nao_nulos
bb_2016_07_julho_min_cidades_pf_pf,dat_contratacao,negocio
bb_2016_07_julho_min_cidades_pf_pf,vlr_recurso_proprio,nao_nulos
bb_2016_07_julho_min_cidades_pf_pf,vlr_sacado_fgts,nao_nulos
bb_2016_07_julho_min_cidades_pf_pf,dat_atualizacao,negocio
bb_2016_07_julho_min_cidades_pf_pf,dat_atualizacao,nao_nulos
bb_2016_07_julho_min_cidades_pf_pf,report_date,negocio
bb_2016_07_julho_min_cidades_pf_pf,report_date,nao_nulos
bb_2016_07_julho_min_cidades_pj_pf,nr_prpt,nao_nulos
bb_2016_07_julho_min_cidades_pj_pf,cod_contrato,negocio
bb_2016_07_julho_min_cidades_pj_pf,cod_contrato,nao_nulos
bb_2016_07_julho_min_cidades_pj_pf,cod_municipio,negocio
bb_2016_07_julho_min_cidades_pj_pf,cod_municipio,nao_nulos
bb_2016_07_julho_min_cidades_pj_pf,num_programa,nao_nulos
bb_2016_07_julho_min_cidades_pj_pf,num_faixa,nao_nulos
bb_2016_07_julho_min_cidades_pj_pf,vlr_financiamento,nao_nulos
bb_2016_07_julho_min_cidades_pj_pf,vlr_sacado_fgts,nao_nulos
bb_2016_07_julho_min_cidades_pj_pf,vlr_subsidio_fgts,nao_nulos
bb_2016_07_julho_min_cidades_pj_pf,vlr_subsidio_ogu,nao_nulos
bb_2016_07_julho_min_cidades_pj_pf,dat_contratacao,negocio
bb_2016_07_julho_min_cidades_pj_pf,dat_contratacao,nao_nulos
bb_2016_07_julho_min_cidades_pj_pf,vlr_recurso_proprio,nao_nulos
bb_2016_07_julho_min_cidades_pj_pf,vlr_total_operacao,nao_nulos
bb_2016_07_julho_min_cidades_pj_pf,dat_atualizacao,negocio
bb_2016_07_julho_min_cidades_pj_pf,dat_atualizacao,nao_nulos
bb_2016_07_julho_min_cidades_pj_pf,report_date,negocio
bb_2016_07_julho_min_cidades_pj_pf,report_date,nao_nulos
bb_2016_07_julho_pnhr_31072016,nr_prpt,nao_nulos
bb_2016_07_julho_pnhr_31072016,natureza,nao_nulos
bb_2016_07_julho_pnhr_31072016,subprograma,nao_nulos
bb_2016_07_julho_pnhr_31072016,faixa,nao_nulos
bb_2016_07_julho_pnhr_31072016,agente_financeiro,nao_nulos
bb_2016_07_julho_pnhr_31072016,dt_aclt_prpt_eprd,nao_nulos
bb_2016_07_julho_pnhr_31072016,nm_rsmd_eprd,nao_nulos
bb_2016_07_julho_pnhr_31072016,endereco,nao_nulos
bb_2016_07_julho_pnhr_31072016,cod_eprd,nao_nulos
bb_2016_07_julho_pnhr_31072016,regiao,nao_nulos
bb_2016_07_julho_pnhr_31072016,nm_eo,nao_nulos
bb_2016_07_julho_pnhr_31072016,nr_cnpj,nao_nulos
bb_2016_07_julho_pnhr_31072016,nm_mun,nao_nulos
bb_2016_07_julho_pnhr_31072016,uf,nao_nulos
bb_2016_07_julho_pnhr_31072016,qt_und_eprd,nao_nulos
bb_2016_07_julho_pnhr_31072016,cod_mun_ibge,nao_nulos
bb_2016_07_julho_pnhr_31072016,dt_ass,nao_nulos
bb_2016_07_julho_pnhr_31072016,pc_acm_obra_rlzd,nao_nulos
bb_2016_07_julho_pnhr_31072016,vlr_financ,nao_nulos
bb_2016_07_julho_pnhr_31072016,vl_cst_obra,nao_nulos
bb_2016_07_julho_pnhr_31072016,report_date,negocio
bb_2016_07_julho_pnhr_31072016,report_date,nao_nulos
bb_2018_2018_04_06_pf_pf,cod_contrato,negocio
bb_2018_2018_04_06_pf_pf,cod_contrato,nao_nulos
bb_2018_2018_04_06_pf_pf,cod_municipio,negocio
bb_2018_2018_04_06_pf_pf,cod_municipio,nao_nulos
bb_2018_2018_04_06_pf_pf,num_programa,nao_nulos
bb_2018_2018_04_06_pf_pf,num_faixa,nao_nulos
bb_2018_2018_04_06_pf_pf,qtd_uh,nao_nulos
bb_2018_2018_04_06_pf_pf,vlr_financiamento,nao_nulos
bb_2018_2018_04_06_pf_pf,vlr_subsidio_fgts,nao_nulos
bb_2018_2018_04_06_pf_pf,vlr_subsidio_ogu,nao_nulos
bb_2018_2018_04_06_pf_pf,qtd_entregue,nao_nulos
bb_2018_2018_04_06_pf_pf,fase_mcmv,nao_nulos
bb_2018_2018_04_06_pf_pf,qtd_concluida,nao_nulos
bb_2018_2018_04_06_pf_pf,dat_contratacao,negocio
bb_2018_2018_04_06_pf_pf,vlr_recurso_proprio,nao_nulos
bb_2018_2018_04_06_pf_pf,vlr_sacado_fgts,nao_nulos
bb_2018_2018_04_06_pf_pf,dat_atualizacao,negocio
bb_2018_2018_04_06_pf_pf,dat_atualizacao,nao_nulos
bb_2018_2018_04_06_pf_pf,report_date,negocio
bb_2018_2018_04_06_pf_pf,report_date,nao_nulos
bb_2018_2018_04_06_pj,cod_empreendimento,nao_nulos
bb_2018_2018_04_06_pj,cod_municipio,negocio
bb_2018_2018_04_06_pj,cod_municipio,nao_nulos
bb_2018_2018_04_06_pj,num_faixa,nao_nulos
bb_2018_2018_04_06_pj,modalidade,nao_nulos
bb_2018_2018_04_06_pj,qtd_unidade_habitacional,nao_nulos
bb_2018_2018_04_06_pj,vlr_emprestimo,nao_nulos
bb_2018_2018_04_06_pj,num_programa,nao_nulos
bb_2018_2018_04_06_pj,prc_execucao_obra,nao_nulos
bb_2018_2018_04_06_pj,vlr_contrapartida,nao_nulos
bb_2018_2018_04_06_pj,dsc_empreendimento,nao_nulos
bb_2018_2018_04_06_pj,dsc_endereco,nao_nulos
bb_2018_2018_04_06_pj,nom_proponente,nao_nulos
bb_2018_2018_04_06_pj,cod_cnpj_proponente,nao_nulos
bb_2018_2018_04_06_pj,dat_contratacao,negocio
bb_2018_2018_04_06_pj,dat_contratacao,nao_nulos
bb_2018_2018_04_06_pj,vlr_total_liberado,nao_nulos
bb_2018_2018_04_06_pj,dat_prevista_termino,nao_nulos
bb_2018_2018_04_06_pj,qtd_comercializadas,nao_nulos
bb_2018_2018_04_06_pj,qtd_unidade_concluida,nao_nulos
bb_2018_2018_04_06_pj,qtd_unidade_entregue,nao_nulos
bb_2018_2018_04_06_pj,dat_atualizacao,negocio
bb_2018_2018_04_06_pj,dat_atualizacao,nao_nulos
bb_2018_2018_04_06_pj,tx_est_obra_imra,nao_nulos
bb_2018_2018_04_06_pj,report_date,negocio
bb_2018_2018_04_06_pj,report_date,nao_nulos
bb_2018_2018_04_06_pj_pf,nr_prpt,nao_nulos
bb_2018_2018_04_06_pj_pf,cod_contrato,negocio
bb_2018_2018_04_06_pj_pf,cod_contrato,nao_nulos
bb_2018_2018_04_06_pj_pf,cod_municipio,negocio
bb_2018_2018_04_06_pj_pf,cod_municipio,nao_nulos
bb_2018_2018_04_06_pj_pf,num_programa,nao_nulos
bb_2018_2018_04_06_pj_pf,num_faixa,nao_nulos
bb_2018_2018_04_06_pj_pf,vlr_financiamento,nao_nulos
bb_2018_2018_04_06_pj_pf,vlr_sacado_fgts,nao_nulos
bb_2018_2018_04_06_pj_pf,vlr_subsidio_fgts,nao_nulos
bb_2018_2018_04_06_pj_pf,vlr_subsidio_ogu,nao_nulos
bb_2018_2018_04_06_pj_pf,dat_contratacao,negocio
bb_2018_2018_04_06_pj_pf,dat_contratacao,nao_nulos
bb_2018_2018_04_06_pj_pf,vlr_recurso_proprio,nao_nulos
bb_2018_2018_04_06_pj_pf,vlr_total_operacao,nao_nulos
bb_2018_2018_04_06_pj_pf,dat_atualizacao,negocio
bb_2018_2018_04_06_pj_pf,dat_atualizacao,nao_nulos
bb_2018_2018_04_06_pj_pf,report_date,negocio
bb_2018_2018_04_06_pj_pf,report_date,nao_nulos
bb_2018_2018_05_10_pf_pf,cod_contrato,negocio
bb_2018_2018_05_10_pf_pf,cod_contrato,nao_nulos
bb_2018_2018_05_10_pf_pf,cod_municipio,negocio
bb_2018_2018_05_10_pf_pf,cod_municipio,nao_nulos
bb_2018_2018_05_10_pf_pf,num_programa,nao_nulos
bb_2018_2018_05_10_pf_pf,num_faixa,nao_nulos
bb_2018_2018_05_10_pf_pf,qtd_uh,nao_nulos
bb_2018_2018_05_10_pf_pf,vlr_financiamento,nao_nulos
bb_2018_2018_05_10_pf_pf,vlr_subsidio_fgts,nao_nulos
bb_2018_2018_05_10_pf_pf,vlr_subsidio_ogu,nao_nulos
bb_2018_2018_05_10_pf_pf,qtd_entregue,nao_nulos
bb_2018_2018_05_10_pf_pf,fase_mcmv,nao_nulos
bb_2018_2018_05_10_pf_pf,qtd_concluida,nao_nulos
bb_2018_2018_05_10_pf_pf,dat_contratacao,negocio
bb_2018_2018_05_10_pf_pf,vlr_recurso_proprio,nao_nulos
bb_2018_2018_05_10_pf_pf,vlr_sacado_fgts,nao_nulos
bb_2018_2018_05_10_pf_pf,dat_atualizacao,negocio
bb_2018_2018_05_10_pf_pf,dat_atualizacao,nao_nulos
bb_2018_2018_05_10_pf_pf,report_date,negocio
bb_2018_2018_05_10_pf_pf,report_date,nao_nulos
bb_2018_2018_05_10_pj,cod_empreendimento,nao_nulos
bb_2018_2018_05_10_pj,cod_municipio,negocio
bb_2018_2018_05_10_pj,cod_municipio,nao_nulos
bb_2018_2018_05_10_pj,num_faixa,nao_nulos
bb_2018_2018_05_10_pj,modalidade,nao_nulos
bb_2018_2018_05_10_pj,qtd_unidade_habitacional,nao_nulos
bb_2018_2018_05_10_pj,vlr_emprestimo,nao_nulos
bb_2018_2018_05_10_pj,num_programa,nao_nulos
bb_2018_2018_05_10_pj,prc_execucao_obra,nao_nulos
bb_2018_2018_05_10_pj,vlr_contrapartida,nao_nulos
bb_2018_2018_05_10_pj,dsc_empreendimento,nao_nulos
bb_2018_2018_05_10_pj,dsc_endereco,nao_nulos
bb_2018_2018_05_10_pj,nom_proponente,nao_nulos
bb_2018_2018_05_10_pj,cod_cnpj_proponente,nao_nulos
bb_2018_2018_05_10_pj,dat_contratacao,negocio
bb_2018_2018_05_10_pj,dat_contratacao,nao_nulos
bb_2018_2018_05_10_pj,vlr_total_liberado,nao_nulos
bb_2018_2018_05_10_pj,dat_prevista_termino,nao_nulos
bb_2018_2018_05_10_pj,qtd_comercializadas,nao_nulos
bb_2018_2018_05_10_pj,qtd_unidade_concluida,nao_nulos
bb_2018_2018_05_10_pj,qtd_unidade_entregue,nao_nulos
bb_2018_2018_05_10_pj,dat_atualizacao,negocio
bb_2018_2018_05_10_pj,dat_atualizacao,nao_nulos
bb_2018_2018_05_10_pj,tx_est_obra_imra,nao_nulos
bb_2018_2018_05_10_pj,report_date,negocio
bb_2018_2018_05_10_pj,report_date,nao_nulos
bb_2018_2018_05_10_pj_pf,nr_prpt,nao_nulos
bb_2018_2018_05_10_pj_pf,cod_contrato,negocio
bb_2018_2018_05_10_pj_pf,cod_contrato,nao_nulos
bb_2018_2018_05_10_pj_pf,cod_municipio,negocio
bb_2018_2018_05_10_pj_pf,cod_municipio,nao_nulos
bb_2018_2018_05_10_pj_pf,num_programa,nao_nulos
bb_2018_2018_05_10_pj_pf,num_faixa,nao_nulos
bb_2018_2018_05_10_pj_pf,vlr_financiamento,nao_nulos
bb_2018_2018_05_10_pj_pf,vlr_sacado_fgts,nao_nulos
bb_2018_2018_05_10_pj_pf,vlr_subsidio_fgts,nao_nulos
bb_2018_2018_05_10_pj_pf,vlr_subsidio_ogu,nao_nulos
bb_2018_2018_05_10_pj_pf,dat_contratacao,negocio
bb_2018_2018_05_10_pj_pf,dat_contratacao,nao_nulos
bb_2018_2018_05_10_pj_pf,vlr_recurso_proprio,nao_nulos
bb_2018_2018_05_10_pj_pf,vlr_total_operacao,nao_nulos
bb_2018_2018_05_10_pj_pf,dat_atualizacao,negocio
bb_2018_2018_05_10_pj_pf,dat_atualizacao,nao_nulos
bb_2018_2018_05_10_pj_pf,report_date,negocio
bb_2018_2018_05_10_pj_pf,report_date,nao_nulos
bb_2018_2018_06_10_pf_pf,cod_contrato,negocio
bb_2018_2018_06_10_pf_pf,cod_contrato,nao_nulos
bb_2018_2018_06_10_pf_pf,cod_municipio,negocio
bb_2018_2018_06_10_pf_pf,cod_municipio,nao_nulos
bb_2018_2018_06_10_pf_pf,num_programa,nao_nulos
bb_2018_2018_06_10_pf_pf,num_faixa,nao_nulos
bb_2018_2018_06_10_pf_pf,qtd_uh,nao_nulos
bb_2018_2018_06_10_pf_pf,vlr_financiamento,nao_nulos
bb_2018_2018_06_10_pf_pf,vlr_subsidio_fgts,nao_nulos
bb_2018_2018_06_10_pf_pf,vlr_subsidio_ogu,nao_nulos
bb_2018_2018_06_10_pf_pf,qtd_entregue,nao_nulos
bb_2018_2018_06_10_pf_pf,fase_mcmv,nao_nulos
bb_2018_2018_06_10_pf_pf,qtd_concluida,nao_nulos
bb_2018_2018_06_10_pf_pf,dat_contratacao,negocio
bb_2018_2018_06_10_pf_pf,vlr_recurso_proprio,nao_nulos
bb_2018_2018_06_10_pf_pf,vlr_sacado_fgts,nao_nulos
bb_2018_2018_06_10_pf_pf,dat_atualizacao,negocio
bb_2018_2018_06_10_pf_pf,dat_atualizacao,nao_nulos
bb_2018_2018_06_10_pf_pf,report_date,negocio
bb_2018_2018_06_10_pf_pf,report_date,nao_nulos
bb_2018_2018_06_10_pj,cod_empreendimento,nao_nulos
bb_2018_2018_06_10_pj,cod_municipio,negocio
bb_2018_2018_06_10_pj,cod_municipio,nao_nulos
bb_2018_2018_06_10_pj,num_faixa,nao_nulos
bb_2018_2018_06_10_pj,modalidade,nao_nulos
bb_2018_2018_06_10_pj,qtd_unidade_habitacional,nao_nulos
bb_2018_2018_06_10_pj,vlr_emprestimo,nao_nulos
bb_2018_2018_06_10_pj,num_programa,nao_nulos
bb_2018_2018_06_10_pj,prc_execucao_obra,nao_nulos
bb_2018_2018_06_10_pj,vlr_contrapartida,nao_nulos
bb_2018_2018_06_10_pj,dsc_empreendimento,nao_nulos
bb_2018_2018_06_10_pj,dsc_endereco,nao_nulos
bb_2018_2018_06_10_pj,nom_proponente,nao_nulos
bb_2018_2018_06_10_pj,cod_cnpj_proponente,nao_nulos
bb_2018_2018_06_10_pj,dat_contratacao,negocio
bb_2018_2018_06_10_pj,dat_contratacao,nao_nulos
bb_2018_2018_06_10_pj,vlr_total_liberado,nao_nulos
bb_2018_2018_06_10_pj,qtd_comercializadas,nao_nulos
bb_2018_2018_06_10_pj,qtd_unidade_concluida,nao_nulos
bb_2018_2018_06_10_pj,qtd_unidade_entregue,nao_nulos
bb_2018_2018_06_10_pj,dat_atualizacao,negocio
bb_2018_2018_06_10_pj,dat_atualizacao,nao_nulos
bb_2018_2018_06_10_pj,tx_est_obra_imra,nao_nulos
bb_2018_2018_06_10_pj,report_date,negocio
bb_2018_2018_06_10_pj,report_date,nao_nulos
bb_2018_2018_06_10_pj_pf,nr_prpt,nao_nulos
bb_2018_2018_06_10_pj_pf,cod_contrato,negocio
bb_2018_2018_06_10_pj_pf,cod_contrato,nao_nulos
bb_2018_2018_06_10_pj_pf,cod_municipio,negocio
bb_2018_2018_06_10_pj_pf,cod_municipio,nao_nulos
bb_2018_2018_06_10_pj_pf,num_programa,nao_nulos
bb_2018_2018_06_10_pj_pf,num_faixa,nao_nulos
bb_2018_2018_06_10_pj_pf,vlr_financiamento,nao_nulos
bb_2018_2018_06_10_pj_pf,vlr_sacado_fgts,nao_nulos
bb_2018_2018_06_10_pj_pf,vlr_subsidio_fgts,nao_nulos
bb_2018_2018_06_10_pj_pf,vlr_subsidio_ogu,nao_nulos
bb_2018_2018_06_10_pj_pf,dat_contratacao,negocio
bb_2018_2018_06_10_pj_pf,dat_contratacao,nao_nulos
bb_2018_2018_06_10_pj_pf,vlr_recurso_proprio,nao_nulos
bb_2018_2018_06_10_pj_pf,vlr_total_operacao,nao_nulos
bb_2018_2018_06_10_pj_pf,dat_atualizacao,negocio
bb_2018_2018_06_10_pj_pf,dat_atualizacao,nao_nulos
bb_2018_2018_06_10_pj_pf,report_date,negocio
bb_2018_2018_06_10_pj_pf,report_date,nao_nulos
bb_2018_2018_07_03_pf_pf,cod_contrato,negocio
bb_2018_2018_07_03_pf_pf,cod_contrato,nao_nulos
bb_2018_2018_07_03_pf_pf,cod_municipio,negocio
bb_2018_2018_07_03_pf_pf,cod_municipio,nao_nulos
bb_2018_2018_07_03_pf_pf,num_programa,nao_nulos
bb_2018_2018_07_03_pf_pf,num_faixa,nao_nulos
bb_2018_2018_07_03_pf_pf,qtd_uh,nao_nulos
bb_2018_2018_07_03_pf_pf,vlr_financiamento,nao_nulos
bb_2018_2018_07_03_pf_pf,vlr_subsidio_fgts,nao_nulos
bb_2018_2018_07_03_pf_pf,vlr_subsidio_ogu,nao_nulos
bb_2018_2018_07_03_pf_pf,qtd_entregue,nao_nulos
bb_2018_2018_07_03_pf_pf,fase_mcmv,nao_nulos
bb_2018_2018_07_03_pf_pf,qtd_concluida,nao_nulos
bb_2018_2018_07_03_pf_pf,dat_contratacao,negocio
bb_2018_2018_07_03_pf_pf,vlr_recurso_proprio,nao_nulos
bb_2018_2018_07_03_pf_pf,vlr_sacado_fgts,nao_nulos
bb_2018_2018_07_03_pf_pf,dat_atualizacao,negocio
bb_2018_2018_07_03_pf_pf,dat_atualizacao,nao_nulos
bb_2018_2018_07_03_pf_pf,report_date,negocio
bb_2018_2018_07_03_pf_pf,report_date,nao_nulos
bb_2018_2018_07_03_pj,cod_empreendimento,nao_nulos
bb_2018_2018_07_03_pj,cod_municipio,negocio
bb_2018_2018_07_03_pj,cod_municipio,nao_nulos
bb_2018_2018_07_03_pj,num_faixa,nao_nulos
bb_2018_2018_07_03_pj,modalidade,nao_nulos
bb_2018_2018_07_03_pj,qtd_unidade_habitacional,nao_nulos
bb_2018_2018_07_03_pj,vlr_emprestimo,nao_nulos
bb_2018_2018_07_03_pj,num_programa,nao_nulos
bb_2018_2018_07_03_pj,prc_execucao_obra,nao_nulos
bb_2018_2018_07_03_pj,vlr_contrapartida,nao_nulos
bb_2018_2018_07_03_pj,dsc_empreendimento,nao_nulos
bb_2018_2018_07_03_pj,dsc_endereco,nao_nulos
bb_2018_2018_07_03_pj,nom_proponente,nao_nulos
bb_2018_2018_07_03_pj,cod_cnpj_proponente,nao_nulos
bb_2018_2018_07_03_pj,dat_contratacao,negocio
bb_2018_2018_07_03_pj,dat_contratacao,nao_nulos
bb_2018_2018_07_03_pj,vlr_total_liberado,nao_nulos
bb_2018_2018_07_03_pj,dat_prevista_termino,nao_nulos
bb_2018_2018_07_03_pj,qtd_comercializadas,nao_nulos
bb_2018_2018_07_03_pj,qtd_unidade_concluida,nao_nulos
bb_2018_2018_07_03_pj,qtd_unidade_entregue,nao_nulos
bb_2018_2018_07_03_pj,dat_atualizacao,negocio
bb_2018_2018_07_03_pj,dat_atualizacao,nao_nulos
bb_2018_2018_07_03_pj,tx_est_obra_imra,nao_nulos
bb_2018_2018_07_03_pj,report_date,negocio
bb_2018_2018_07_03_pj,report_date,nao_nulos
bb_2018_2018_07_03_pj_pf,nr_prpt,nao_nulos
bb_2018_2018_07_03_pj_pf,cod_contrato,negocio
bb_2018_2018_07_03_pj_pf,cod_contrato,nao_nulos
bb_2018_2018_07_03_pj_pf,cod_municipio,negocio
bb_2018_2018_07_03_pj_pf,cod_municipio,nao_nulos
bb_2018_2018_07_03_pj_pf,num_programa,nao_nulos
bb_2018_2018_07_03_pj_pf,num_faixa,nao_nulos
bb_2018_2018_07_03_pj_pf,vlr_financiamento,nao_nulos
bb_2018_2018_07_03_pj_pf,vlr_sacado_fgts,nao_nulos
bb_2018_2018_07_03_pj_pf,vlr_subsidio_fgts,nao_nulos
bb_2018_2018_07_03_pj_pf,vlr_subsidio_ogu,nao_nulos
bb_2018_2018_07_03_pj_pf,dat_contratacao,negocio
bb_2018_2018_07_03_pj_pf,dat_contratacao,nao_nulos
bb_2018_2018_07_03_pj_pf,vlr_recurso_proprio,nao_nulos
bb_2018_2018_07_03_pj_pf,vlr_total_operacao,nao_nulos
bb_2018_2018_07_03_pj_pf,dat_atualizacao,negocio
bb_2018_2018_07_03_pj_pf,dat_atualizacao,nao_nulos
bb_2018_2018_07_03_pj_pf,report_date,negocio
bb_2018_2018_07_03_pj_pf,report_date,nao_nulos
bb_2018_2018_07_03_pnhr_04072018,nr_prpt,nao_nulos
bb_2018_2018_07_03_pnhr_04072018,natureza,nao_nulos
bb_2018_2018_07_03_pnhr_04072018,subprograma,nao_nulos
bb_2018_2018_07_03_pnhr_04072018,faixa,nao_nulos
bb_2018_2018_07_03_pnhr_04072018,agente_financeiro,nao_nulos
bb_2018_2018_07_03_pnhr_04072018,dt_aclt_prpt_eprd,nao_nulos
bb_2018_2018_07_03_pnhr_04072018,nm_rsmd_eprd,nao_nulos
bb_2018_2018_07_03_pnhr_04072018,endereco,nao_nulos
bb_2018_2018_07_03_pnhr_04072018,cod_eprd,nao_nulos
bb_2018_2018_07_03_pnhr_04072018,regiao,nao_nulos
bb_2018_2018_07_03_pnhr_04072018,nm_eo,nao_nulos
bb_2018_2018_07_03_pnhr_04072018,nr_cnpj,nao_nulos
bb_2018_2018_07_03_pnhr_04072018,nm_mun,nao_nulos
bb_2018_2018_07_03_pnhr_04072018,uf,nao_nulos
bb_2018_2018_07_03_pnhr_04072018,qt_und_eprd,nao_nulos
bb_2018_2018_07_03_pnhr_04072018,cod_mun_ibge,nao_nulos
bb_2018_2018_07_03_pnhr_04072018,dt_ass,nao_nulos
bb_2018_2018_07_03_pnhr_04072018,pc_acm_obra_rlzd,nao_nulos
bb_2018_2018_07_03_pnhr_04072018,vlr_financ,nao_nulos
bb_2018_2018_07_03_pnhr_04072018,vl_cst_obra,nao_nulos
bb_2018_2018_07_03_pnhr_04072018,report_date,negocio
bb_2018_2018_07_03_pnhr_04072018,report_date,nao_nulos
bb_2018_2018_08_06_pf_pf,cod_contrato,negocio
bb_2018_2018_08_06_pf_pf,cod_contrato,nao_nulos
bb_2018_2018_08_06_pf_pf,cod_municipio,negocio
bb_2018_2018_08_06_pf_pf,cod_municipio,nao_nulos
bb_2018_2018_08_06_pf_pf,num_programa,nao_nulos
bb_2018_2018_08_06_pf_pf,num_faixa,nao_nulos
bb_2018_2018_08_06_pf_pf,qtd_uh,nao_nulos
bb_2018_2018_08_06_pf_pf,vlr_financiamento,nao_nulos
bb_2018_2018_08_06_pf_pf,vlr_subsidio_fgts,nao_nulos
bb_2018_2018_08_06_pf_pf,vlr_subsidio_ogu,nao_nulos
bb_2018_2018_08_06_pf_pf,qtd_entregue,nao_nulos
bb_2018_2018_08_06_pf_pf,fase_mcmv,nao_nulos
bb_2018_2018_08_06_pf_pf,qtd_concluida,nao_nulos
bb_2018_2018_08_06_pf_pf,dat_contratacao,negocio
bb_2018_2018_08_06_pf_pf,vlr_recurso_proprio,nao_nulos
bb_2018_2018_08_06_pf_pf,vlr_sacado_fgts,nao_nulos
bb_2018_2018_08_06_pf_pf,dat_atualizacao,negocio
bb_2018_2018_08_06_pf_pf,dat_atualizacao,nao_nulos
bb_2018_2018_08_06_pf_pf,report_date,negocio
bb_2018_2018_08_06_pf_pf,report_date,nao_nulos
bb_2018_2018_08_06_pj,cod_empreendimento,nao_nulos
bb_2018_2018_08_06_pj,cod_municipio,negocio
bb_2018_2018_08_06_pj,cod_municipio,nao_nulos
bb_2018_2018_08_06_pj,num_faixa,nao_nulos
bb_2018_2018_08_06_pj,modalidade,nao_nulos
bb_2018_2018_08_06_pj,qtd_unidade_habitacional,nao_nulos
bb_2018_2018_08_06_pj,vlr_emprestimo,nao_nulos
bb_2018_2018_08_06_pj,num_programa,nao_nulos
bb_2018_2018_08_06_pj,prc_execucao_obra,nao_nulos
bb_2018_2018_08_06_pj,vlr_contrapartida,nao_nulos
bb_2018_2018_08_06_pj,dsc_empreendimento,nao_nulos
bb_2018_2018_08_06_pj,dsc_endereco,nao_nulos
bb_2018_2018_08_06_pj,nom_proponente,nao_nulos
bb_2018_2018_08_06_pj,cod_cnpj_proponente,nao_nulos
bb_2018_2018_08_06_pj,dat_contratacao,negocio
bb_2018_2018_08_06_pj,dat_contratacao,nao_nulos
bb_2018_2018_08_06_pj,vlr_total_liberado,nao_nulos
bb_2018_2018_08_06_pj,dat_prevista_termino,nao_nulos
bb_2018_2018_08_06_pj,qtd_comercializadas,nao_nulos
bb_2018_2018_08_06_pj,qtd_unidade_concluida,nao_nulos
bb_2018_2018_08_06_pj,qtd_unidade_entregue,nao_nulos
bb_2018_2018_08_06_pj,dat_atualizacao,negocio
bb_2018_2018_08_06_pj,dat_atualizacao,nao_nulos
bb_2018_2018_08_06_pj,tx_est_obra_imra,nao_nulos
bb_2018_2018_08_06_pj,report_date,negocio
bb_2018_2018_08_06_pj,report_date,nao_nulos
bb_2018_2018_08_06_pj_pf,nr_prpt,nao_nulos
bb_2018_2018_08_06_pj_pf,cod_contrato,negocio
bb_2018_2018_08_06_pj_pf,cod_contrato,nao_nulos
bb_2018_2018_08_06_pj_pf,cod_municipio,negocio
bb_2018_2018_08_06_pj_pf,cod_municipio,nao_nulos
bb_2018_2018_08_06_pj_pf,num_programa,nao_nulos
bb_2018_2018_08_06_pj_pf,num_faixa,nao_nulos
bb_2018_2018_08_06_pj_pf,vlr_financiamento,nao_nulos
bb_2018_2018_08_06_pj_pf,vlr_sacado_fgts,nao_nulos
bb_2018_2018_08_06_pj_pf,vlr_subsidio_fgts,nao_nulos
bb_2018_2018_08_06_pj_pf,vlr_subsidio_ogu,nao_nulos
bb_2018_2018_08_06_pj_pf,dat_contratacao,negocio
bb_2018_2018_08_06_pj_pf,dat_contratacao,nao_nulos
bb_2018_2018_08_06_pj_pf,vlr_recurso_proprio,nao_nulos
bb_2018_2018_08_06_pj_pf,vlr_total_operacao,nao_nulos
bb_2018_2018_08_06_pj_pf,dat_atualizacao,negocio
bb_2018_2018_08_06_pj_pf,dat_atualizacao,nao_nulos
bb_2018_2018_08_06_pj_pf,report_date,negocio
bb_2018_2018_08_06_pj_pf,report_date,nao_nulos
bb_2018_2018_09_10_pf_pf,cod_contrato,negocio
bb_2018_2018_09_10_pf_pf,cod_contrato,nao_nulos
bb_2018_2018_09_10_pf_pf,cod_municipio,negocio
bb_2018_2018_09_10_pf_pf,cod_municipio,nao_nulos
bb_2018_2018_09_10_pf_pf,num_programa,nao_nulos
bb_2018_2018_09_10_pf_pf,num_faixa,nao_nulos
bb_2018_2018_09_10_pf_pf,qtd_uh,nao_nulos
bb_2018_2018_09_10_pf_pf,vlr_financiamento,nao_nulos
bb_2018_2018_09_10_pf_pf,vlr_subsidio_fgts,nao_nulos
bb_2018_2018_09_10_pf_pf,vlr_subsidio_ogu,nao_nulos
bb_2018_2018_09_10_pf_pf,qtd_entregue,nao_nulos
bb_2018_2018_09_10_pf_pf,fase_mcmv,nao_nulos
bb_2018_2018_09_10_pf_pf,qtd_concluida,nao_nulos
bb_2018_2018_09_10_pf_pf,dat_contratacao,negocio
bb_2018_2018_09_10_pf_pf,vlr_recurso_proprio,nao_nulos
bb_2018_2018_09_10_pf_pf,vlr_sacado_fgts,nao_nulos
bb_2018_2018_09_10_pf_pf,dat_atualizacao,negocio
bb_2018_2018_09_10_pf_pf,dat_atualizacao,nao_nulos
bb_2018_2018_09_10_pf_pf,report_date,negocio
bb_2018_2018_09_10_pf_pf,report_date,nao_nulos
bb_2018_2018_09_10_pj,cod_empreendimento,nao_nulos
bb_2018_2018_09_10_pj,cod_municipio,negocio
bb_2018_2018_09_10_pj,cod_municipio,nao_nulos
bb_2018_2018_09_10_pj,num_faixa,nao_nulos
bb_2018_2018_09_10_pj,modalidade,nao_nulos
bb_2018_2018_09_10_pj,qtd_unidade_habitacional,nao_nulos
bb_2018_2018_09_10_pj,vlr_emprestimo,nao_nulos
bb_2018_2018_09_10_pj,num_programa,nao_nulos
bb_2018_2018_09_10_pj,prc_execucao_obra,nao_nulos
bb_2018_2018_09_10_pj,vlr_contrapartida,nao_nulos
bb_2018_2018_09_10_pj,dsc_empreendimento,nao_nulos
bb_2018_2018_09_10_pj,dsc_endereco,nao_nulos
bb_2018_2018_09_10_pj,nom_proponente,nao_nulos
bb_2018_2018_09_10_pj,cod_cnpj_proponente,nao_nulos
bb_2018_2018_09_10_pj,dat_contratacao,negocio
bb_2018_2018_09_10_pj,dat_contratacao,nao_nulos
bb_2018_2018_09_10_pj,vlr_total_liberado,nao_nulos
bb_2018_2018_09_10_pj,qtd_comercializadas,nao_nulos
bb_2018_2018_09_10_pj,qtd_unidade_concluida,nao_nulos
bb_2018_2018_09_10_pj,qtd_unidade_entregue,nao_nulos
bb_2018_2018_09_10_pj,dat_atualizacao,negocio
bb_2018_2018_09_10_pj,dat_atualizacao,nao_nulos
bb_2018_2018_09_10_pj,tx_est_obra_imra,nao_nulos
bb_2018_2018_09_10_pj,report_date,negocio
bb_2018_2018_09_10_pj,report_date,nao_nulos
bb_2018_2018_09_10_pj_pf,nr_prpt,nao_nulos
bb_2018_2018_09_10_pj_pf,cod_contrato,negocio
bb_2018_2018_09_10_pj_pf,cod_contrato,nao_nulos
bb_2018_2018_09_10_pj_pf,cod_municipio,negocio
bb_2018_2018_09_10_pj_pf,cod_municipio,nao_nulos
bb_2018_2018_09_10_pj_pf,num_programa,nao_nulos
bb_2018_2018_09_10_pj_pf,num_faixa,nao_nulos
bb_2018_2018_09_10_pj_pf,vlr_financiamento,nao_nulos
bb_2018_2018_09_10_pj_pf,vlr_sacado_fgts,nao_nulos
bb_2018_2018_09_10_pj_pf,vlr_subsidio_fgts,nao_nulos
bb_2018_2018_09_10_pj_pf,vlr_subsidio_ogu,nao_nulos
bb_2018_2018_09_10_pj_pf,dat_contratacao,negocio
bb_2018_2018_09_10_pj_pf,dat_contratacao,nao_nulos
bb_2018_2018_09_10_pj_pf,vlr_recurso_proprio,nao_nulos
bb_2018_2018_09_10_pj_pf,vlr_total_operacao,nao_nulos
bb_2018_2018_09_10_pj_pf,dat_atualizacao,negocio
bb_2018_2018_09_10_pj_pf,dat_atualizacao,nao_nulos
bb_2018_2018_09_10_pj_pf,report_date,negocio
bb_2018_2018_09_10_pj_pf,report_date,nao_nulos
bb_2018_2018_10_01_pf_pf,cod_contrato,negocio
bb_2018_2018_10_01_pf_pf,cod_contrato,nao_nulos
bb_2018_2018_10_01_pf_pf,cod_municipio,negocio
bb_2018_2018_10_01_pf_pf,cod_municipio,nao_nulos
bb_2018_2018_10_01_pf_pf,num_programa,nao_nulos
bb_2018_2018_10_01_pf_pf,num_faixa,nao_nulos
bb_2018_2018_10_01_pf_pf,qtd_uh,nao_nulos
bb_2018_2018_10_01_pf_pf,vlr_financiamento,nao_nulos
bb_2018_2018_10_01_pf_pf,vlr_subsidio_fgts,nao_nulos
bb_2018_2018_10_01_pf_pf,vlr_subsidio_ogu,nao_nulos
bb_2018_2018_10_01_pf_pf,qtd_entregue,nao_nulos
bb_2018_2018_10_01_pf_pf,fase_mcmv,nao_nulos
bb_2018_2018_10_01_pf_pf,qtd_concluida,nao_nulos
bb_2018_2018_10_01_pf_pf,dat_contratacao,negocio
bb_2018_2018_10_01_pf_pf,vlr_recurso_proprio,nao_nulos
bb_2018_2018_10_01_pf_pf,vlr_sacado_fgts,nao_nulos
bb_2018_2018_10_01_pf_pf,dat_atualizacao,negocio
bb_2018_2018_10_01_pf_pf,dat_atualizacao,nao_nulos
bb_2018_2018_10_01_pf_pf,report_date,negocio
bb_2018_2018_10_01_pf_pf,report_date,nao_nulos
bb_2018_2018_10_01_pj,cod_empreendimento,nao_nulos
bb_2018_2018_10_01_pj,cod_municipio,negocio
bb_2018_2018_10_01_pj,cod_municipio,nao_nulos
bb_2018_2018_10_01_pj,num_faixa,nao_nulos
bb_2018_2018_10_01_pj,modalidade,nao_nulos
bb_2018_2018_10_01_pj,qtd_unidade_habitacional,nao_nulos
bb_2018_2018_10_01_pj,vlr_emprestimo,nao_nulos
bb_2018_2018_10_01_pj,num_programa,nao_nulos
bb_2018_2018_10_01_pj,prc_execucao_obra,nao_nulos
bb_2018_2018_10_01_pj,vlr_contrapartida,nao_nulos
bb_2018_2018_10_01_pj,dsc_empreendimento,nao_nulos
bb_2018_2018_10_01_pj,dsc_endereco,nao_nulos
bb_2018_2018_10_01_pj,nom_proponente,nao_nulos
bb_2018_2018_10_01_pj,cod_cnpj_proponente,nao_nulos
bb_2018_2018_10_01_pj,dat_contratacao,negocio
bb_2018_2018_10_01_pj,dat_contratacao,nao_nulos
bb_2018_2018_10_01_pj,vlr_total_liberado,nao_nulos
bb_2018_2018_10_01_pj,dat_prevista_termino,nao_nulos
bb_2018_2018_10_01_pj,qtd_comercializadas,nao_nulos
bb_2018_2018_10_01_pj,qtd_unidade_concluida,nao_nulos
bb_2018_2018_10_01_pj,qtd_unidade_entregue,nao_nulos
bb_2018_2018_10_01_pj,dat_atualizacao,negocio
bb_2018_2018_10_01_pj,dat_atualizacao,nao_nulos
bb_2018_2018_10_01_pj,tx_est_obra_imra,nao_nulos
bb_2018_2018_10_01_pj,report_date,negocio
bb_2018_2018_10_01_pj,report_date,nao_nulos
bb_2018_2018_10_01_pj_pf,nr_prpt,nao_nulos
bb_2018_2018_10_01_pj_pf,cod_contrato,negocio
bb_2018_2018_10_01_pj_pf,cod_contrato,nao_nulos
bb_2018_2018_10_01_pj_pf,cod_municipio,negocio
bb_2018_2018_10_01_pj_pf,cod_municipio,nao_nulos
bb_2018_2018_10_01_pj_pf,num_programa,nao_nulos
bb_2018_2018_10_01_pj_pf,num_faixa,nao_nulos
bb_2018_2018_10_01_pj_pf,vlr_financiamento,nao_nulos
bb_2018_2018_10_01_pj_pf,vlr_sacado_fgts,nao_nulos
bb_2018_2018_10_01_pj_pf,vlr_subsidio_fgts,nao_nulos
bb_2018_2018_10_01_pj_pf,vlr_subsidio_ogu,nao_nulos
bb_2018_2018_10_01_pj_pf,dat_contratacao,negocio
bb_2018_2018_10_01_pj_pf,dat_contratacao,nao_nulos
bb_2018_2018_10_01_pj_pf,vlr_recurso_proprio,nao_nulos
bb_2018_2018_10_01_pj_pf,vlr_total_operacao,nao_nulos
bb_2018_2018_10_01_pj_pf,dat_atualizacao,negocio
bb_2018_2018_10_01_pj_pf,dat_atualizacao,nao_nulos
bb_2018_2018_10_01_pj_pf,report_date,negocio
bb_2018_2018_10_01_pj_pf,report_date,nao_nulos
bb_2018_2018_10_30_pf_pf,cod_contrato,negocio
bb_2018_2018_10_30_pf_pf,cod_contrato,nao_nulos
bb_2018_2018_10_30_pf_pf,cod_municipio,negocio
bb_2018_2018_10_30_pf_pf,cod_municipio,nao_nulos
bb_2018_2018_10_30_pf_pf,num_programa,nao_nulos
bb_2018_2018_10_30_pf_pf,num_faixa,nao_nulos
bb_2018_2018_10_30_pf_pf,qtd_uh,nao_nulos
bb_2018_2018_10_30_pf_pf,vlr_financiamento,nao_nulos
bb_2018_2018_10_30_pf_pf,vlr_subsidio_fgts,nao_nulos
bb_2018_2018_10_30_pf_pf,vlr_subsidio_ogu,nao_nulos
bb_2018_2018_10_30_pf_pf,qtd_entregue,nao_nulos
bb_2018_2018_10_30_pf_pf,fase_mcmv,nao_nulos
bb_2018_2018_10_30_pf_pf,qtd_concluida,nao_nulos
bb_2018_2018_10_30_pf_pf,dat_contratacao,negocio
bb_2018_2018_10_30_pf_pf,vlr_recurso_proprio,nao_nulos
bb_2018_2018_10_30_pf_pf,vlr_sacado_fgts,nao_nulos
bb_2018_2018_10_30_pf_pf,dat_atualizacao,negocio
bb_2018_2018_10_30_pf_pf,report_date,negocio
bb_2018_2018_10_30_pf_pf,report_date,nao_nulos
bb_2018_2018_10_30_pj,cod_empreendimento,nao_nulos
bb_2018_2018_10_30_pj,cod_municipio,negocio
bb_2018_2018_10_30_pj,cod_municipio,nao_nulos
bb_2018_2018_10_30_pj,num_faixa,nao_nulos
bb_2018_2018_10_30_pj,modalidade,nao_nulos
bb_2018_2018_10_30_pj,qtd_unidade_habitacional,nao_nulos
bb_2018_2018_10_30_pj,vlr_emprestimo,nao_nulos
bb_2018_2018_10_30_pj,num_programa,nao_nulos
bb_2018_2018_10_30_pj,prc_execucao_obra,nao_nulos
bb_2018_2018_10_30_pj,vlr_contrapartida,nao_nulos
bb_2018_2018_10_30_pj,dsc_empreendimento,nao_nulos
bb_2018_2018_10_30_pj,dsc_endereco,nao_nulos
bb_2018_2018_10_30_pj,nom_proponente,nao_nulos
bb_2018_2018_10_30_pj,cod_cnpj_proponente,nao_nulos
bb_2018_2018_10_30_pj,dat_contratacao,negocio
bb_2018_2018_10_30_pj,dat_contratacao,nao_nulos
bb_2018_2018_10_30_pj,vlr_total_liberado,nao_nulos
bb_2018_2018_10_30_pj,qtd_comercializadas,nao_nulos
bb_2018_2018_10_30_pj,qtd_unidade_concluida,nao_nulos
bb_2018_2018_10_30_pj,qtd_unidade_entregue,nao_nulos
bb_2018_2018_10_30_pj,dat_atualizacao,negocio
bb_2018_2018_10_30_pj,tx_est_obra_imra,nao_nulos
bb_2018_2018_10_30_pj,report_date,negocio
bb_2018_2018_10_30_pj,report_date,nao_nulos
bb_2018_2018_10_30_pj_pf,nr_prpt,nao_nulos
bb_2018_2018_10_30_pj_pf,cod_contrato,negocio
bb_2018_2018_10_30_pj_pf,cod_contrato,nao_nulos
bb_2018_2018_10_30_pj_pf,cod_municipio,negocio
bb_2018_2018_10_30_pj_pf,cod_municipio,nao_nulos
bb_2018_2018_10_30_pj_pf,num_programa,nao_nulos
bb_2018_2018_10_30_pj_pf,num_faixa,nao_nulos
bb_2018_2018_10_30_pj_pf,vlr_financiamento,nao_nulos
bb_2018_2018_10_30_pj_pf,vlr_sacado_fgts,nao_nulos
bb_2018_2018_10_30_pj_pf,vlr_subsidio_fgts,nao_nulos
bb_2018_2018_10_30_pj_pf,vlr_subsidio_ogu,nao_nulos
bb_2018_2018_10_30_pj_pf,dat_contratacao,negocio
bb_2018_2018_10_30_pj_pf,dat_contratacao,nao_nulos
bb_2018_2018_10_30_pj_pf,vlr_recurso_proprio,nao_nulos
bb_2018_2018_10_30_pj_pf,vlr_total_operacao,nao_nulos
bb_2018_2018_10_30_pj_pf,dat_atualizacao,negocio
bb_2018_2018_10_30_pj_pf,report_date,negocio
bb_2018_2018_10_30_pj_pf,report_date,nao_nulos
bb_2019_2019_03_07_pf_pf,cod_contrato,negocio
bb_2019_2019_03_07_pf_pf,cod_contrato,nao_nulos
bb_2019_2019_03_07_pf_pf,cod_municipio,negocio
bb_2019_2019_03_07_pf_pf,cod_municipio,nao_nulos
bb_2019_2019_03_07_pf_pf,num_programa,nao_nulos
bb_2019_2019_03_07_pf_pf,num_faixa,nao_nulos
bb_2019_2019_03_07_pf_pf,qtd_uh,nao_nulos
bb_2019_2019_03_07_pf_pf,vlr_financiamento,nao_nulos
bb_2019_2019_03_07_pf_pf,vlr_subsidio_fgts,nao_nulos
bb_2019_2019_03_07_pf_pf,vlr_subsidio_ogu,nao_nulos
bb_2019_2019_03_07_pf_pf,qtd_entregue,nao_nulos
bb_2019_2019_03_07_pf_pf,fase_mcmv,nao_nulos
bb_2019_2019_03_07_pf_pf,qtd_concluida,nao_nulos
bb_2019_2019_03_07_pf_pf,dat_contratacao,negocio
bb_2019_2019_03_07_pf_pf,vlr_recurso_proprio,nao_nulos
bb_2019_2019_03_07_pf_pf,vlr_sacado_fgts,nao_nulos
bb_2019_2019_03_07_pf_pf,dat_atualizacao,negocio
bb_2019_2019_03_07_pf_pf,dat_atualizacao,nao_nulos
bb_2019_2019_03_07_pf_pf,report_date,negocio
bb_2019_2019_03_07_pf_pf,report_date,nao_nulos
bb_2019_2019_03_07_pj_pf,cod_empreendimento,nao_nulos
bb_2019_2019_03_07_pj_pf,cod_municipio,negocio
bb_2019_2019_03_07_pj_pf,cod_municipio,nao_nulos
bb_2019_2019_03_07_pj_pf,num_faixa,nao_nulos
bb_2019_2019_03_07_pj_pf,modalidade,nao_nulos
bb_2019_2019_03_07_pj_pf,qtd_unidade_habitacional,nao_nulos
bb_2019_2019_03_07_pj_pf,vlr_emprestimo,nao_nulos
bb_2019_2019_03_07_pj_pf,num_programa,nao_nulos
bb_2019_2019_03_07_pj_pf,prc_execucao_obra,nao_nulos
bb_2019_2019_03_07_pj_pf,vlr_contrapartida,nao_nulos
bb_2019_2019_03_07_pj_pf,dsc_empreendimento,nao_nulos
bb_2019_2019_03_07_pj_pf,dsc_endereco,nao_nulos
bb_2019_2019_03_07_pj_pf,nom_proponente,nao_nulos
bb_2019_2019_03_07_pj_pf,cod_cnpj_proponente,nao_nulos
bb_2019_2019_03_07_pj_pf,dat_contratacao,negocio
bb_2019_2019_03_07_pj_pf,dat_contratacao,nao_nulos
bb_2019_2019_03_07_pj_pf,vlr_total_liberado,nao_nulos
bb_2019_2019_03_07_pj_pf,qtd_comercializadas,nao_nulos
bb_2019_2019_03_07_pj_pf,qtd_unidade_concluida,nao_nulos
bb_2019_2019_03_07_pj_pf,qtd_unidade_entregue,nao_nulos
bb_2019_2019_03_07_pj_pf,dat_atualizacao,negocio
bb_2019_2019_03_07_pj_pf,dat_atualizacao,nao_nulos
bb_2019_2019_03_07_pj_pf,tx_est_obra_imra,nao_nulos
bb_2019_2019_03_07_pj_pf,report_date,negocio
bb_2019_2019_03_07_pj_pf,report_date,nao_nulos
bb_2019_2019_05_07_2019_05_07_pj,codigo_1,nao_nulos
bb_2019_2019_05_07_2019_05_07_pj,codigo_2,nao_nulos
bb_2019_2019_05_07_2019_05_07_pj,faixa_mcmv,nao_nulos
bb_2019_2019_05_07_2019_05_07_pj,frente,nao_nulos
bb_2019_2019_05_07_2019_05_07_pj,qtd_uh_contratadas,nao_nulos
bb_2019_2019_05_07_2019_05_07_pj,valor_repasse,nao_nulos
bb_2019_2019_05_07_2019_05_07_pj,faixa_mcmv_1,nao_nulos
bb_2019_2019_05_07_2019_05_07_pj,valor_contrapartida,nao_nulos
bb_2019_2019_05_07_2019_05_07_pj,nome_empreendimento,nao_nulos
bb_2019_2019_05_07_2019_05_07_pj,endereco,nao_nulos
bb_2019_2019_05_07_2019_05_07_pj,nome_empresa,nao_nulos
bb_2019_2019_05_07_2019_05_07_pj,cnpj,nao_nulos
bb_2019_2019_05_07_2019_05_07_pj,data_inicio,nao_nulos
bb_2019_2019_05_07_2019_05_07_pj,valor_investimento,nao_nulos
bb_2019_2019_05_07_2019_05_07_pj,data_fim,nao_nulos
bb_2019_2019_05_07_2019_05_07_pj,qtd_uh_concluidas,nao_nulos
bb_2019_2019_05_07_2019_05_07_pj,qtd_uh_entregues,nao_nulos
bb_2019_2019_05_07_2019_05_07_pj,qtd_uh_1,nao_nulos
bb_2019_2019_05_07_2019_05_07_pj,data_referencia,nao_nulos
bb_2019_2019_05_07_2019_05_07_pj,col_20,nao_nulos
bb_2019_2019_05_07_2019_05_07_pj,report_date,negocio
bb_2019_2019_05_07_2019_05_07_pj,report_date,nao_nulos
bb_2019_2019_05_07_pf_pf,valor_investimento,nao_nulos
bb_2019_2019_05_07_pf_pf,codigo_1,nao_nulos
bb_2019_2019_05_07_pf_pf,faixa_mcmv,nao_nulos
bb_2019_2019_05_07_pf_pf,faixa_mcmv_1,nao_nulos
bb_2019_2019_05_07_pf_pf,faixa_mcmv_2,nao_nulos
bb_2019_2019_05_07_pf_pf,valor_repasse,nao_nulos
bb_2019_2019_05_07_pf_pf,valor_contrapartida,nao_nulos
bb_2019_2019_05_07_pf_pf,valor_monetario_2,nao_nulos
bb_2019_2019_05_07_pf_pf,faixa_mcmv_3,nao_nulos
bb_2019_2019_05_07_pf_pf,faixa_mcmv_4,nao_nulos
bb_2019_2019_05_07_pf_pf,faixa_mcmv_5,nao_nulos
bb_2019_2019_05_07_pf_pf,valor_monetario_1,nao_nulos
bb_2019_2019_05_07_pf_pf,valor_monetario_3,nao_nulos
bb_2019_2019_05_07_pf_pf,data_referencia,nao_nulos
bb_2019_2019_05_07_pf_pf,report_date,negocio
bb_2019_2019_05_07_pf_pf,report_date,nao_nulos
bb_2019_2019_05_07_pj_pf,codigo_1,nao_nulos
bb_2019_2019_05_07_pj_pf,valor_investimento,nao_nulos
bb_2019_2019_05_07_pj_pf,codigo_2,nao_nulos
bb_2019_2019_05_07_pj_pf,faixa_mcmv,nao_nulos
bb_2019_2019_05_07_pj_pf,faixa_mcmv_1,nao_nulos
bb_2019_2019_05_07_pj_pf,valor_contrapartida,nao_nulos
bb_2019_2019_05_07_pj_pf,valor_monetario_4,nao_nulos
bb_2019_2019_05_07_pj_pf,valor_monetario_1,nao_nulos
bb_2019_2019_05_07_pj_pf,valor_monetario_2,nao_nulos
bb_2019_2019_05_07_pj_pf,data_inicio,nao_nulos
bb_2019_2019_05_07_pj_pf,valor_monetario_3,nao_nulos
bb_2019_2019_05_07_pj_pf,valor_repasse,nao_nulos
bb_2019_2019_05_07_pj_pf,data_referencia,nao_nulos
bb_2019_2019_05_07_pj_pf,report_date,negocio
bb_2019_2019_05_07_pj_pf,report_date,nao_nulos
caixa_001_2009_10_outubro_2009_pmcmv_08_10_2009___caixa,is_aggregate,nao_nulos
caixa_001_2009_10_outubro_2009_pmcmv_08_10_2009___caixa,report_date,negocio
caixa_001_2009_10_outubro_2009_pmcmv_08_10_2009___caixa,report_date,nao_nulos
caixa_001_2009_12_dezembro_2009_pmcmv_24_12_2009_parte2,nome_empreendimento,nao_nulos
caixa_001_2009_12_dezembro_2009_pmcmv_24_12_2009_parte2,quant_unidades_total,nao_nulos
caixa_001_2009_12_dezembro_2009_pmcmv_24_12_2009_parte2,valor_unidades_total,nao_nulos
caixa_001_2009_12_dezembro_2009_pmcmv_24_12_2009_parte2,produto,nao_nulos
caixa_001_2009_12_dezembro_2009_pmcmv_24_12_2009_parte2,codigo_ibge,negocio
caixa_001_2009_12_dezembro_2009_pmcmv_24_12_2009_parte2,codigo_ibge,nao_nulos
caixa_001_2009_12_dezembro_2009_pmcmv_24_12_2009_parte2,nome_municipio,nao_nulos
caixa_001_2009_12_dezembro_2009_pmcmv_24_12_2009_parte2,regiao,nao_nulos
caixa_001_2009_12_dezembro_2009_pmcmv_24_12_2009_parte2,uf,nao_nulos
caixa_001_2009_12_dezembro_2009_pmcmv_24_12_2009_parte2,estado,nao_nulos
caixa_001_2009_12_dezembro_2009_pmcmv_24_12_2009_parte2,municipio,nao_nulos
caixa_001_2009_12_dezembro_2009_pmcmv_24_12_2009_parte2,faixa,nao_nulos
caixa_001_2009_12_dezembro_2009_pmcmv_24_12_2009_parte2,recurso,nao_nulos
caixa_001_2009_12_dezembro_2009_pmcmv_24_12_2009_parte2,qtd_enquadraveis,nao_nulos
caixa_001_2009_12_dezembro_2009_pmcmv_24_12_2009_parte2,vlr_enquadraveis,nao_nulos
caixa_001_2009_12_dezembro_2009_pmcmv_24_12_2009_parte2,report_date,negocio
caixa_001_2009_12_dezembro_2009_pmcmv_24_12_2009_parte2,report_date,nao_nulos
caixa_001_2010_06___junho_2010_contratação30062010,nome_empreendimento,nao_nulos
caixa_001_2010_06___junho_2010_contratação30062010,faixa,nao_nulos
caixa_001_2010_06___junho_2010_contratação30062010,produto,nao_nulos
caixa_001_2010_06___junho_2010_contratação30062010,uh_enquadraveis,nao_nulos
caixa_001_2010_06___junho_2010_contratação30062010,valor_das_uh_enquadraveis,nao_nulos
caixa_001_2010_06___junho_2010_contratação30062010,is_aggregate,nao_nulos
caixa_001_2010_06___junho_2010_contratação30062010,report_date,negocio
caixa_001_2010_06___junho_2010_contratação30062010,report_date,nao_nulos
caixa_001_2010_08___agosto_2010_municípios_contratados_1308,de_contratacao,nao_nulos
caixa_001_2010_08___agosto_2010_municípios_contratados_1308,no_de_municipios_contratados,nao_nulos
caixa_001_2010_08___agosto_2010_municípios_contratados_1308,no_total_de_municipios,nao_nulos
caixa_001_2010_08___agosto_2010_municípios_contratados_1308,report_date,negocio
caixa_001_2010_08___agosto_2010_municípios_contratados_1308,report_date,nao_nulos
caixa_001_2010_09___setembro_2010_pmcmv06092010_desligados,uf,nao_nulos
caixa_001_2010_09___setembro_2010_pmcmv06092010_desligados,municipio,nao_nulos
caixa_001_2010_09___setembro_2010_pmcmv06092010_desligados,nomeempreendimento,nao_nulos
caixa_001_2010_09___setembro_2010_pmcmv06092010_desligados,produto,nao_nulos
caixa_001_2010_09___setembro_2010_pmcmv06092010_desligados,faixa,nao_nulos
caixa_001_2010_09___setembro_2010_pmcmv06092010_desligados,soma_de_unidades,nao_nulos
caixa_001_2010_09___setembro_2010_pmcmv06092010_desligados,soma_de_valor,nao_nulos
caixa_001_2010_09___setembro_2010_pmcmv06092010_desligados,report_date,negocio
caixa_001_2010_09___setembro_2010_pmcmv06092010_desligados,report_date,nao_nulos
caixa_001_2011_06_junho_presidencia,regiao,nao_nulos
caixa_001_2011_06_junho_presidencia,uf,nao_nulos
caixa_001_2011_06_junho_presidencia,codibge,nao_nulos
caixa_001_2011_06_junho_presidencia,nome,nao_nulos
caixa_001_2011_06_junho_presidencia,uh_0a3sm,nao_nulos
caixa_001_2011_06_junho_presidencia,uh_3a6sm,nao_nulos
caixa_001_2011_06_junho_presidencia,uh_6a10sm,nao_nulos
caixa_001_2011_06_junho_presidencia,uh_total,nao_nulos
caixa_001_2011_06_junho_presidencia,valor_0a3sm,nao_nulos
caixa_001_2011_06_junho_presidencia,valor_3a6sm,nao_nulos
caixa_001_2011_06_junho_presidencia,valor_6a10sm,nao_nulos
caixa_001_2011_06_junho_presidencia,valor_total,nao_nulos
caixa_001_2011_06_junho_presidencia,meta_0a3sm,nao_nulos
caixa_001_2011_06_junho_presidencia,meta_3a6sm,nao_nulos
caixa_001_2011_06_junho_presidencia,meta_6a10sm,nao_nulos
caixa_001_2011_06_junho_presidencia,meta_total,nao_nulos
caixa_001_2011_06_junho_presidencia,report_date,negocio
caixa_001_2011_06_junho_presidencia,report_date,nao_nulos
caixa_001_2011_07_julho_presidencia_automatizado_01082011,regiao,nao_nulos
caixa_001_2011_07_julho_presidencia_automatizado_01082011,uf,nao_nulos
caixa_001_2011_07_julho_presidencia_automatizado_01082011,codibge,nao_nulos
caixa_001_2011_07_julho_presidencia_automatizado_01082011,nome,nao_nulos
caixa_001_2011_07_julho_presidencia_automatizado_01082011,uh_0a3sm,nao_nulos
caixa_001_2011_07_julho_presidencia_automatizado_01082011,uh_3a6sm,nao_nulos
caixa_001_2011_07_julho_presidencia_automatizado_01082011,uh_6a10sm,nao_nulos
caixa_001_2011_07_julho_presidencia_automatizado_01082011,uh_total,nao_nulos
caixa_001_2011_07_julho_presidencia_automatizado_01082011,valor_0a3sm,nao_nulos
caixa_001_2011_07_julho_presidencia_automatizado_01082011,valor_3a6sm,nao_nulos
caixa_001_2011_07_julho_presidencia_automatizado_01082011,valor_6a10sm,nao_nulos
caixa_001_2011_07_julho_presidencia_automatizado_01082011,valor_total,nao_nulos
caixa_001_2011_07_julho_presidencia_automatizado_01082011,meta_0a3sm,nao_nulos
caixa_001_2011_07_julho_presidencia_automatizado_01082011,meta_3a6sm,nao_nulos
caixa_001_2011_07_julho_presidencia_automatizado_01082011,meta_6a10sm,nao_nulos
caixa_001_2011_07_julho_presidencia_automatizado_01082011,meta_total,nao_nulos
caixa_001_2011_07_julho_presidencia_automatizado_01082011,report_date,negocio
caixa_001_2011_07_julho_presidencia_automatizado_01082011,report_date,nao_nulos
caixa_001_2011_08_agosto_demanda_mc_far_pmcmv,tipologia,nao_nulos
caixa_001_2011_08_agosto_demanda_mc_far_pmcmv,ibge_codigo,nao_nulos
caixa_001_2011_08_agosto_demanda_mc_far_pmcmv,re,nao_nulos
caixa_001_2011_08_agosto_demanda_mc_far_pmcmv,uf,nao_nulos
caixa_001_2011_08_agosto_demanda_mc_far_pmcmv,municipio,nao_nulos
caixa_001_2011_08_agosto_demanda_mc_far_pmcmv,codapf,negocio
caixa_001_2011_08_agosto_demanda_mc_far_pmcmv,codapf,nao_nulos
caixa_001_2011_08_agosto_demanda_mc_far_pmcmv,contratado,nao_nulos
caixa_001_2011_08_agosto_demanda_mc_far_pmcmv,produto,nao_nulos
caixa_001_2011_08_agosto_demanda_mc_far_pmcmv,faixa,nao_nulos
caixa_001_2011_08_agosto_demanda_mc_far_pmcmv,id_mcmv,nao_nulos
caixa_001_2011_08_agosto_demanda_mc_far_pmcmv,unidades,nao_nulos
caixa_001_2011_08_agosto_demanda_mc_far_pmcmv,desligados,nao_nulos
caixa_001_2011_08_agosto_demanda_mc_far_pmcmv,unidades_a_desligar_enq,nao_nulos
caixa_001_2011_08_agosto_demanda_mc_far_pmcmv,data_assinatura,nao_nulos
caixa_001_2011_08_agosto_demanda_mc_far_pmcmv,cronograma_perc_real,nao_nulos
caixa_001_2011_08_agosto_demanda_mc_far_pmcmv,cronograma_datatermino,nao_nulos
caixa_001_2011_08_agosto_demanda_mc_far_pmcmv,data_termino_prev,nao_nulos
caixa_001_2011_08_agosto_demanda_mc_far_pmcmv,anomes,nao_nulos
caixa_001_2011_08_agosto_demanda_mc_far_pmcmv,report_date,negocio
caixa_001_2011_08_agosto_demanda_mc_far_pmcmv,report_date,nao_nulos
caixa_001_2011_08_agosto_presidencia_automatizado_mcmvii_082011,regiao,nao_nulos
caixa_001_2011_08_agosto_presidencia_automatizado_mcmvii_082011,uf,nao_nulos
caixa_001_2011_08_agosto_presidencia_automatizado_mcmvii_082011,codibge,nao_nulos
caixa_001_2011_08_agosto_presidencia_automatizado_mcmvii_082011,nome,nao_nulos
caixa_001_2011_08_agosto_presidencia_automatizado_mcmvii_082011,uh_faixa1,nao_nulos
caixa_001_2011_08_agosto_presidencia_automatizado_mcmvii_082011,uh_faixa2,nao_nulos
caixa_001_2011_08_agosto_presidencia_automatizado_mcmvii_082011,uh_faixa3,nao_nulos
caixa_001_2011_08_agosto_presidencia_automatizado_mcmvii_082011,uh_total,nao_nulos
caixa_001_2011_08_agosto_presidencia_automatizado_mcmvii_082011,valor_faixa1,nao_nulos
caixa_001_2011_08_agosto_presidencia_automatizado_mcmvii_082011,valor_faixa2,nao_nulos
caixa_001_2011_08_agosto_presidencia_automatizado_mcmvii_082011,valor_faixa3,nao_nulos
caixa_001_2011_08_agosto_presidencia_automatizado_mcmvii_082011,valor_total,nao_nulos
caixa_001_2011_08_agosto_presidencia_automatizado_mcmvii_082011,subsidio_faixa1,nao_nulos
caixa_001_2011_08_agosto_presidencia_automatizado_mcmvii_082011,subsidio_faixa2,nao_nulos
caixa_001_2011_08_agosto_presidencia_automatizado_mcmvii_082011,subsidio_faixa3,nao_nulos
caixa_001_2011_08_agosto_presidencia_automatizado_mcmvii_082011,subsidio_total,nao_nulos
caixa_001_2011_08_agosto_presidencia_automatizado_mcmvii_082011,report_date,negocio
caixa_001_2011_08_agosto_presidencia_automatizado_mcmvii_082011,report_date,nao_nulos
caixa_001_2011_11_novembro_relat_rio_executivo_mcid_21_11_11,codibge,nao_nulos
caixa_001_2011_11_novembro_relat_rio_executivo_mcid_21_11_11,municipio,nao_nulos
caixa_001_2011_11_novembro_relat_rio_executivo_mcid_21_11_11,uf,nao_nulos
caixa_001_2011_11_novembro_relat_rio_executivo_mcid_21_11_11,faixa,nao_nulos
caixa_001_2011_11_novembro_relat_rio_executivo_mcid_21_11_11,produto,nao_nulos
caixa_001_2011_11_novembro_relat_rio_executivo_mcid_21_11_11,uh,nao_nulos
caixa_001_2011_11_novembro_relat_rio_executivo_mcid_21_11_11,valor,nao_nulos
caixa_001_2011_11_novembro_relat_rio_executivo_mcid_21_11_11,uh_concluidas,nao_nulos
caixa_001_2011_11_novembro_relat_rio_executivo_mcid_21_11_11,uh_entregues,nao_nulos
caixa_001_2011_11_novembro_relat_rio_executivo_mcid_21_11_11,is_aggregate,nao_nulos
caixa_001_2011_11_novembro_relat_rio_executivo_mcid_21_11_11,report_date,negocio
caixa_001_2011_11_novembro_relat_rio_executivo_mcid_21_11_11,report_date,nao_nulos
caixa_001_2012_04_abril_2012_04_18_5b1_base_empreend_contratado,idregistro,nao_nulos
caixa_001_2012_04_abril_2012_04_18_5b1_base_empreend_contratado,codapf,negocio
caixa_001_2012_04_abril_2012_04_18_5b1_base_empreend_contratado,codapf,nao_nulos
caixa_001_2012_04_abril_2012_04_18_5b1_base_empreend_contratado,nomeempreendimento,nao_nulos
caixa_001_2012_04_abril_2012_04_18_5b1_base_empreend_contratado,uf,nao_nulos
caixa_001_2012_04_abril_2012_04_18_5b1_base_empreend_contratado,codmunicibge,nao_nulos
caixa_001_2012_04_abril_2012_04_18_5b1_base_empreend_contratado,municipio,nao_nulos
caixa_001_2012_04_abril_2012_04_18_5b1_base_empreend_contratado,construtora,nao_nulos
caixa_001_2012_04_abril_2012_04_18_5b1_base_empreend_contratado,cnpj,nao_nulos
caixa_001_2012_04_abril_2012_04_18_5b1_base_empreend_contratado,recortes_territoriais,nao_nulos
caixa_001_2012_04_abril_2012_04_18_5b1_base_empreend_contratado,produto,nao_nulos
caixa_001_2012_04_abril_2012_04_18_5b1_base_empreend_contratado,faixa,nao_nulos
caixa_001_2012_04_abril_2012_04_18_5b1_base_empreend_contratado,unidades,nao_nulos
caixa_001_2012_04_abril_2012_04_18_5b1_base_empreend_contratado,valor_do_emprestimo,nao_nulos
caixa_001_2012_04_abril_2012_04_18_5b1_base_empreend_contratado,dataprevistasr,nao_nulos
caixa_001_2012_04_abril_2012_04_18_5b1_base_empreend_contratado,de_obra_executada,nao_nulos
caixa_001_2012_04_abril_2012_04_18_5b1_base_empreend_contratado,data_prevista_termino_obra,nao_nulos
caixa_001_2012_04_abril_2012_04_18_5b1_base_empreend_contratado,unidades_entregues,nao_nulos
caixa_001_2012_04_abril_2012_04_18_5b1_base_empreend_contratado,valor_da_contrapartida_do_poder_publico,nao_nulos
caixa_001_2012_04_abril_2012_04_18_5b1_base_empreend_contratado,valor_total_do_investimento,nao_nulos
caixa_001_2012_04_abril_2012_04_18_5b1_base_empreend_contratado,endereco_do_empreendimento,nao_nulos
caixa_001_2012_04_abril_2012_04_18_5b1_base_empreend_contratado,administracao_por_condominio,nao_nulos
caixa_001_2012_04_abril_2012_04_18_5b1_base_empreend_contratado,trabalho_tecnico_social_tts,nao_nulos
caixa_001_2012_04_abril_2012_04_18_5b1_base_empreend_contratado,report_date,negocio
caixa_001_2012_04_abril_2012_04_18_5b1_base_empreend_contratado,report_date,nao_nulos
caixa_001_2012_04_abril_2012_04_18_5b_empreend_contratado,uf,nao_nulos
caixa_001_2012_04_abril_2012_04_18_5b_empreend_contratado,codmunicibge,nao_nulos
caixa_001_2012_04_abril_2012_04_18_5b_empreend_contratado,municipio,nao_nulos
caixa_001_2012_04_abril_2012_04_18_5b_empreend_contratado,recortes_territoriais,nao_nulos
caixa_001_2012_04_abril_2012_04_18_5b_empreend_contratado,produto,nao_nulos
caixa_001_2012_04_abril_2012_04_18_5b_empreend_contratado,faixa,nao_nulos
caixa_001_2012_04_abril_2012_04_18_5b_empreend_contratado,unidades,nao_nulos
caixa_001_2012_04_abril_2012_04_18_5b_empreend_contratado,valor_do_emprestimo,nao_nulos
caixa_001_2012_04_abril_2012_04_18_5b_empreend_contratado,valor_da_contrapartida_do_poder_publico,nao_nulos
caixa_001_2012_04_abril_2012_04_18_5b_empreend_contratado,valor_total_do_investimento,nao_nulos
caixa_001_2012_04_abril_2012_04_18_5b_empreend_contratado,idregistro,nao_nulos
caixa_001_2012_04_abril_2012_04_18_5b_empreend_contratado,codapf,negocio
caixa_001_2012_04_abril_2012_04_18_5b_empreend_contratado,codapf,nao_nulos
caixa_001_2012_04_abril_2012_04_18_5b_empreend_contratado,nomeempreendimento,nao_nulos
caixa_001_2012_04_abril_2012_04_18_5b_empreend_contratado,endereco_do_empreendimento,nao_nulos
caixa_001_2012_04_abril_2012_04_18_5b_empreend_contratado,construtora,nao_nulos
caixa_001_2012_04_abril_2012_04_18_5b_empreend_contratado,cnpj,nao_nulos
caixa_001_2012_04_abril_2012_04_18_5b_empreend_contratado,administracao_por_condominio,nao_nulos
caixa_001_2012_04_abril_2012_04_18_5b_empreend_contratado,trabalho_tecnico_social_tts,nao_nulos
caixa_001_2012_04_abril_2012_04_18_5b_empreend_contratado,dataprevistasr,nao_nulos
caixa_001_2012_04_abril_2012_04_18_5b_empreend_contratado,valor_total_liberado,nao_nulos
caixa_001_2012_04_abril_2012_04_18_5b_empreend_contratado,de_obra_executada,nao_nulos
caixa_001_2012_04_abril_2012_04_18_5b_empreend_contratado,faixa_divisao,nao_nulos
caixa_001_2012_04_abril_2012_04_18_5b_empreend_contratado,comercializadas,nao_nulos
caixa_001_2012_04_abril_2012_04_18_5b_empreend_contratado,siaci_valorsubsidio_fgts,nao_nulos
caixa_001_2012_04_abril_2012_04_18_5b_empreend_contratado,siaci_valorsubsidio_ogu,nao_nulos
caixa_001_2012_04_abril_2012_04_18_5b_empreend_contratado,report_date,negocio
caixa_001_2012_04_abril_2012_04_18_5b_empreend_contratado,report_date,nao_nulos
caixa_001_2012_04_abril_2012_04_18_5c1__base_contrata__o_pf,codibge,nao_nulos
caixa_001_2012_04_abril_2012_04_18_5c1__base_contrata__o_pf,nomemunicipio,nao_nulos
caixa_001_2012_04_abril_2012_04_18_5c1__base_contrata__o_pf,uf,nao_nulos
caixa_001_2012_04_abril_2012_04_18_5c1__base_contrata__o_pf,estado,nao_nulos
caixa_001_2012_04_abril_2012_04_18_5c1__base_contrata__o_pf,regiao,nao_nulos
caixa_001_2012_04_abril_2012_04_18_5c1__base_contrata__o_pf,siaci_nome_do_produto_pf,nao_nulos
caixa_001_2012_04_abril_2012_04_18_5c1__base_contrata__o_pf,renda_sm,nao_nulos
caixa_001_2012_04_abril_2012_04_18_5c1__base_contrata__o_pf,anocontratacao,nao_nulos
caixa_001_2012_04_abril_2012_04_18_5c1__base_contrata__o_pf,uh,nao_nulos
caixa_001_2012_04_abril_2012_04_18_5c1__base_contrata__o_pf,valor,nao_nulos
caixa_001_2012_04_abril_2012_04_18_5c1__base_contrata__o_pf,sub_fgts,nao_nulos
caixa_001_2012_04_abril_2012_04_18_5c1__base_contrata__o_pf,sub_ogu,nao_nulos
caixa_001_2012_04_abril_2012_04_18_5c1__base_contrata__o_pf,unidadeentregue,nao_nulos
caixa_001_2012_04_abril_2012_04_18_5c1__base_contrata__o_pf,e_rm,nao_nulos
caixa_001_2012_04_abril_2012_04_18_5c1__base_contrata__o_pf,e_capital,nao_nulos
caixa_001_2012_04_abril_2012_04_18_5c1__base_contrata__o_pf,nome_faixa_pop_1,nao_nulos
caixa_001_2012_04_abril_2012_04_18_5c1__base_contrata__o_pf,valor_total_da_operacao,nao_nulos
caixa_001_2012_04_abril_2012_04_18_5c1__base_contrata__o_pf,valor_do_recurso_proprio,nao_nulos
caixa_001_2012_04_abril_2012_04_18_5c1__base_contrata__o_pf,report_date,negocio
caixa_001_2012_04_abril_2012_04_18_5c1__base_contrata__o_pf,report_date,nao_nulos
caixa_001_2012_04_abril_2012_04_18_rural_18042012,codapf,negocio
caixa_001_2012_04_abril_2012_04_18_rural_18042012,codapf,nao_nulos
caixa_001_2012_04_abril_2012_04_18_rural_18042012,produto,nao_nulos
caixa_001_2012_04_abril_2012_04_18_rural_18042012,contratado,nao_nulos
caixa_001_2012_04_abril_2012_04_18_rural_18042012,status,nao_nulos
caixa_001_2012_04_abril_2012_04_18_rural_18042012,report_date,negocio
caixa_001_2012_04_abril_2012_04_18_rural_18042012,report_date,nao_nulos
caixa_001_2012_04_abril_2012_04_30_ajustada_caixa_5d_base_bext,inst,nao_nulos
caixa_001_2012_04_abril_2012_04_30_ajustada_caixa_5d_base_bext,anomes,nao_nulos
caixa_001_2012_04_abril_2012_04_30_ajustada_caixa_5d_base_bext,produto,nao_nulos
caixa_001_2012_04_abril_2012_04_30_ajustada_caixa_5d_base_bext,pmcmv,nao_nulos
caixa_001_2012_04_abril_2012_04_30_ajustada_caixa_5d_base_bext,origem,nao_nulos
caixa_001_2012_04_abril_2012_04_30_ajustada_caixa_5d_base_bext,faixa,nao_nulos
caixa_001_2012_04_abril_2012_04_30_ajustada_caixa_5d_base_bext,uf,nao_nulos
caixa_001_2012_04_abril_2012_04_30_ajustada_caixa_5d_base_bext,valor_do_emprestimo,nao_nulos
caixa_001_2012_04_abril_2012_04_30_ajustada_caixa_5d_base_bext,uh,nao_nulos
caixa_001_2012_04_abril_2012_04_30_ajustada_caixa_5d_base_bext,obra,nao_nulos
caixa_001_2012_04_abril_2012_04_30_ajustada_caixa_5d_base_bext,uh_em_obras,nao_nulos
caixa_001_2012_04_abril_2012_04_30_ajustada_caixa_5d_base_bext,uh_concluidos,nao_nulos
caixa_001_2012_04_abril_2012_04_30_ajustada_caixa_5d_base_bext,entregues,nao_nulos
caixa_001_2012_04_abril_2012_04_30_ajustada_caixa_5d_base_bext,report_date,negocio
caixa_001_2012_04_abril_2012_04_30_ajustada_caixa_5d_base_bext,report_date,nao_nulos
caixa_001_2012_04_abril_validacao_1604_1804,codmunicibge,nao_nulos
caixa_001_2012_04_abril_validacao_1604_1804,uf,nao_nulos
caixa_001_2012_04_abril_validacao_1604_1804,municipio,nao_nulos
caixa_001_2012_04_abril_validacao_1604_1804,1604unidades,nao_nulos
caixa_001_2012_04_abril_validacao_1604_1804,1804unidades,nao_nulos
caixa_001_2012_04_abril_validacao_1604_1804,conf_unidades,nao_nulos
caixa_001_2012_04_abril_validacao_1604_1804,1604valor_do_emprestimo,nao_nulos
caixa_001_2012_04_abril_validacao_1604_1804,1804valor_do_emprestimo,nao_nulos
caixa_001_2012_04_abril_validacao_1604_1804,conf_valor_do_emprestimo,nao_nulos
caixa_001_2012_04_abril_validacao_1604_1804,1604_de_obra_executada,nao_nulos
caixa_001_2012_04_abril_validacao_1604_1804,1804_de_obra_executada,nao_nulos
caixa_001_2012_04_abril_validacao_1604_1804,conf_de_obra_executada,nao_nulos
caixa_001_2012_04_abril_validacao_1604_1804,1604faixa,nao_nulos
caixa_001_2012_04_abril_validacao_1604_1804,1804faixa,nao_nulos
caixa_001_2012_04_abril_validacao_1604_1804,conf_faixa,nao_nulos
caixa_001_2012_04_abril_validacao_1604_1804,1604siaci_valorsubsidio_fgts,nao_nulos
caixa_001_2012_04_abril_validacao_1604_1804,1804siaci_valorsubsidio_fgts,nao_nulos
caixa_001_2012_04_abril_validacao_1604_1804,conf_siaci_valorsubsidio_fgts,nao_nulos
caixa_001_2012_04_abril_validacao_1604_1804,1604siaci_valorsubsidio_ogu,nao_nulos
caixa_001_2012_04_abril_validacao_1604_1804,1804siaci_valorsubsidio_ogu,nao_nulos
caixa_001_2012_04_abril_validacao_1604_1804,conf_siaci_valorsubsidio_ogu,nao_nulos
caixa_001_2012_04_abril_validacao_1604_1804,report_date,negocio
caixa_001_2012_04_abril_validacao_1604_1804,report_date,nao_nulos
caixa_001_2012_05_maio_5b1__base_empreend_contratado,idregistro,nao_nulos
caixa_001_2012_05_maio_5b1__base_empreend_contratado,codapf,negocio
caixa_001_2012_05_maio_5b1__base_empreend_contratado,codapf,nao_nulos
caixa_001_2012_05_maio_5b1__base_empreend_contratado,nomeempreendimento,nao_nulos
caixa_001_2012_05_maio_5b1__base_empreend_contratado,uf,nao_nulos
caixa_001_2012_05_maio_5b1__base_empreend_contratado,codmunicibge,nao_nulos
caixa_001_2012_05_maio_5b1__base_empreend_contratado,municipio,nao_nulos
caixa_001_2012_05_maio_5b1__base_empreend_contratado,construtora,nao_nulos
caixa_001_2012_05_maio_5b1__base_empreend_contratado,cnpj,nao_nulos
caixa_001_2012_05_maio_5b1__base_empreend_contratado,recortes_territoriais,nao_nulos
caixa_001_2012_05_maio_5b1__base_empreend_contratado,produto,nao_nulos
caixa_001_2012_05_maio_5b1__base_empreend_contratado,faixa,nao_nulos
caixa_001_2012_05_maio_5b1__base_empreend_contratado,unidades,nao_nulos
caixa_001_2012_05_maio_5b1__base_empreend_contratado,valor_do_emprestimo,nao_nulos
caixa_001_2012_05_maio_5b1__base_empreend_contratado,dataprevistasr,nao_nulos
caixa_001_2012_05_maio_5b1__base_empreend_contratado,de_obra_executada,nao_nulos
caixa_001_2012_05_maio_5b1__base_empreend_contratado,data_prevista_termino_obra,nao_nulos
caixa_001_2012_05_maio_5b1__base_empreend_contratado,unidades_entregues,nao_nulos
caixa_001_2012_05_maio_5b1__base_empreend_contratado,comercializados,nao_nulos
caixa_001_2012_05_maio_5b1__base_empreend_contratado,valor_da_contrapartida_do_poder_publico,nao_nulos
caixa_001_2012_05_maio_5b1__base_empreend_contratado,valor_total_do_investimento,nao_nulos
caixa_001_2012_05_maio_5b1__base_empreend_contratado,endereco_do_empreendimento,nao_nulos
caixa_001_2012_05_maio_5b1__base_empreend_contratado,administracao_por_condominio,nao_nulos
caixa_001_2012_05_maio_5b1__base_empreend_contratado,trabalho_tecnico_social_tts,nao_nulos
caixa_001_2012_05_maio_5b1__base_empreend_contratado,siaci_valorsubsidio_fgts,nao_nulos
caixa_001_2012_05_maio_5b1__base_empreend_contratado,siaci_valorsubsidio_ogu,nao_nulos
caixa_001_2012_05_maio_5b1__base_empreend_contratado,report_date,negocio
caixa_001_2012_05_maio_5b1__base_empreend_contratado,report_date,nao_nulos
caixa_001_2012_07_julho_bases_relatório_executivo_24_07_12,report_date,negocio
caixa_001_2012_07_julho_bases_relatório_executivo_24_07_12,report_date,nao_nulos
caixa_001_2012_07_julho_bases_relatório_executivo_31072012_v2,uf,nao_nulos
caixa_001_2012_07_julho_bases_relatório_executivo_31072012_v2,codmunicibge,nao_nulos
caixa_001_2012_07_julho_bases_relatório_executivo_31072012_v2,municipio,nao_nulos
caixa_001_2012_07_julho_bases_relatório_executivo_31072012_v2,recortes_territoriais,nao_nulos
caixa_001_2012_07_julho_bases_relatório_executivo_31072012_v2,produto,nao_nulos
caixa_001_2012_07_julho_bases_relatório_executivo_31072012_v2,faixa,nao_nulos
caixa_001_2012_07_julho_bases_relatório_executivo_31072012_v2,faixa_divisao,nao_nulos
caixa_001_2012_07_julho_bases_relatório_executivo_31072012_v2,unidades,nao_nulos
caixa_001_2012_07_julho_bases_relatório_executivo_31072012_v2,comercializadas,nao_nulos
caixa_001_2012_07_julho_bases_relatório_executivo_31072012_v2,valor_do_emprestimo,nao_nulos
caixa_001_2012_07_julho_bases_relatório_executivo_31072012_v2,valor_da_contrapartida_do_poder_publico,nao_nulos
caixa_001_2012_07_julho_bases_relatório_executivo_31072012_v2,valor_total_do_investimento,nao_nulos
caixa_001_2012_07_julho_bases_relatório_executivo_31072012_v2,siaci_valorsubsidio_fgts,nao_nulos
caixa_001_2012_07_julho_bases_relatório_executivo_31072012_v2,siaci_valorsubsidio_ogu,nao_nulos
caixa_001_2012_07_julho_bases_relatório_executivo_31072012_v2,idregistro,nao_nulos
caixa_001_2012_07_julho_bases_relatório_executivo_31072012_v2,codapf,negocio
caixa_001_2012_07_julho_bases_relatório_executivo_31072012_v2,codapf,nao_nulos
caixa_001_2012_07_julho_bases_relatório_executivo_31072012_v2,nomeempreendimento,nao_nulos
caixa_001_2012_07_julho_bases_relatório_executivo_31072012_v2,endereco_do_empreendimento,nao_nulos
caixa_001_2012_07_julho_bases_relatório_executivo_31072012_v2,construtora,nao_nulos
caixa_001_2012_07_julho_bases_relatório_executivo_31072012_v2,cnpj,nao_nulos
caixa_001_2012_07_julho_bases_relatório_executivo_31072012_v2,administracao_por_condominio,nao_nulos
caixa_001_2012_07_julho_bases_relatório_executivo_31072012_v2,trabalho_tecnico_social_tts,nao_nulos
caixa_001_2012_07_julho_bases_relatório_executivo_31072012_v2,dataprevistasr,nao_nulos
caixa_001_2012_07_julho_bases_relatório_executivo_31072012_v2,valor_total_liberado,nao_nulos
caixa_001_2012_07_julho_bases_relatório_executivo_31072012_v2,de_obra_executada,nao_nulos
caixa_001_2012_07_julho_bases_relatório_executivo_31072012_v2,unidades_concluidas,nao_nulos
caixa_001_2012_07_julho_bases_relatório_executivo_31072012_v2,unidades_em_obras,nao_nulos
caixa_001_2012_07_julho_bases_relatório_executivo_31072012_v2,faixa_perc,nao_nulos
caixa_001_2012_07_julho_bases_relatório_executivo_31072012_v2,unidades_entregues,nao_nulos
caixa_001_2012_07_julho_bases_relatório_executivo_31072012_v2,ano,nao_nulos
caixa_001_2012_07_julho_bases_relatório_executivo_31072012_v2,id_mcmv,nao_nulos
caixa_001_2012_07_julho_bases_relatório_executivo_31072012_v2,report_date,negocio
caixa_001_2012_07_julho_bases_relatório_executivo_31072012_v2,report_date,nao_nulos
caixa_001_2012_07_julho_bases_relatório_executivo_31_07_12,uf,nao_nulos
caixa_001_2012_07_julho_bases_relatório_executivo_31_07_12,codmunicibge,nao_nulos
caixa_001_2012_07_julho_bases_relatório_executivo_31_07_12,municipio,nao_nulos
caixa_001_2012_07_julho_bases_relatório_executivo_31_07_12,recortes_territoriais,nao_nulos
caixa_001_2012_07_julho_bases_relatório_executivo_31_07_12,produto,nao_nulos
caixa_001_2012_07_julho_bases_relatório_executivo_31_07_12,faixa,nao_nulos
caixa_001_2012_07_julho_bases_relatório_executivo_31_07_12,faixa_divisao,nao_nulos
caixa_001_2012_07_julho_bases_relatório_executivo_31_07_12,unidades,nao_nulos
caixa_001_2012_07_julho_bases_relatório_executivo_31_07_12,comercializadas,nao_nulos
caixa_001_2012_07_julho_bases_relatório_executivo_31_07_12,valor_do_emprestimo,nao_nulos
caixa_001_2012_07_julho_bases_relatório_executivo_31_07_12,valor_da_contrapartida_do_poder_publico,nao_nulos
caixa_001_2012_07_julho_bases_relatório_executivo_31_07_12,valor_total_do_investimento,nao_nulos
caixa_001_2012_07_julho_bases_relatório_executivo_31_07_12,siaci_valorsubsidio_fgts,nao_nulos
caixa_001_2012_07_julho_bases_relatório_executivo_31_07_12,siaci_valorsubsidio_ogu,nao_nulos
caixa_001_2012_07_julho_bases_relatório_executivo_31_07_12,idregistro,nao_nulos
caixa_001_2012_07_julho_bases_relatório_executivo_31_07_12,codapf,negocio
caixa_001_2012_07_julho_bases_relatório_executivo_31_07_12,codapf,nao_nulos
caixa_001_2012_07_julho_bases_relatório_executivo_31_07_12,nomeempreendimento,nao_nulos
caixa_001_2012_07_julho_bases_relatório_executivo_31_07_12,endereco_do_empreendimento,nao_nulos
caixa_001_2012_07_julho_bases_relatório_executivo_31_07_12,construtora,nao_nulos
caixa_001_2012_07_julho_bases_relatório_executivo_31_07_12,cnpj,nao_nulos
caixa_001_2012_07_julho_bases_relatório_executivo_31_07_12,administracao_por_condominio,nao_nulos
caixa_001_2012_07_julho_bases_relatório_executivo_31_07_12,trabalho_tecnico_social_tts,nao_nulos
caixa_001_2012_07_julho_bases_relatório_executivo_31_07_12,dataprevistasr,nao_nulos
caixa_001_2012_07_julho_bases_relatório_executivo_31_07_12,valor_total_liberado,nao_nulos
caixa_001_2012_07_julho_bases_relatório_executivo_31_07_12,de_obra_executada,nao_nulos
caixa_001_2012_07_julho_bases_relatório_executivo_31_07_12,unidades_concluidas,nao_nulos
caixa_001_2012_07_julho_bases_relatório_executivo_31_07_12,unidades_em_obras,nao_nulos
caixa_001_2012_07_julho_bases_relatório_executivo_31_07_12,faixa_perc,nao_nulos
caixa_001_2012_07_julho_bases_relatório_executivo_31_07_12,unidades_entregues,nao_nulos
caixa_001_2012_07_julho_bases_relatório_executivo_31_07_12,ano,nao_nulos
caixa_001_2012_07_julho_bases_relatório_executivo_31_07_12,id_mcmv,nao_nulos
caixa_001_2012_07_julho_bases_relatório_executivo_31_07_12,report_date,negocio
caixa_001_2012_07_julho_bases_relatório_executivo_31_07_12,report_date,nao_nulos
caixa_001_2012_08_agosto_base_pf_e_pj_06_08_12,uf,nao_nulos
caixa_001_2012_08_agosto_base_pf_e_pj_06_08_12,codmunicibge,nao_nulos
caixa_001_2012_08_agosto_base_pf_e_pj_06_08_12,municipio,nao_nulos
caixa_001_2012_08_agosto_base_pf_e_pj_06_08_12,recortes_territoriais,nao_nulos
caixa_001_2012_08_agosto_base_pf_e_pj_06_08_12,produto,nao_nulos
caixa_001_2012_08_agosto_base_pf_e_pj_06_08_12,faixa,nao_nulos
caixa_001_2012_08_agosto_base_pf_e_pj_06_08_12,faixa_divisao,nao_nulos
caixa_001_2012_08_agosto_base_pf_e_pj_06_08_12,unidades,nao_nulos
caixa_001_2012_08_agosto_base_pf_e_pj_06_08_12,comercializadas,nao_nulos
caixa_001_2012_08_agosto_base_pf_e_pj_06_08_12,valor_do_emprestimo,nao_nulos
caixa_001_2012_08_agosto_base_pf_e_pj_06_08_12,valor_da_contrapartida_do_poder_publico,nao_nulos
caixa_001_2012_08_agosto_base_pf_e_pj_06_08_12,valor_total_do_investimento,nao_nulos
caixa_001_2012_08_agosto_base_pf_e_pj_06_08_12,siaci_valorsubsidio_fgts,nao_nulos
caixa_001_2012_08_agosto_base_pf_e_pj_06_08_12,siaci_valorsubsidio_ogu,nao_nulos
caixa_001_2012_08_agosto_base_pf_e_pj_06_08_12,idregistro,nao_nulos
caixa_001_2012_08_agosto_base_pf_e_pj_06_08_12,codapf,negocio
caixa_001_2012_08_agosto_base_pf_e_pj_06_08_12,codapf,nao_nulos
caixa_001_2012_08_agosto_base_pf_e_pj_06_08_12,nomeempreendimento,nao_nulos
caixa_001_2012_08_agosto_base_pf_e_pj_06_08_12,endereco_do_empreendimento,nao_nulos
caixa_001_2012_08_agosto_base_pf_e_pj_06_08_12,construtora,nao_nulos
caixa_001_2012_08_agosto_base_pf_e_pj_06_08_12,cnpj,nao_nulos
caixa_001_2012_08_agosto_base_pf_e_pj_06_08_12,administracao_por_condominio,nao_nulos
caixa_001_2012_08_agosto_base_pf_e_pj_06_08_12,trabalho_tecnico_social_tts,nao_nulos
caixa_001_2012_08_agosto_base_pf_e_pj_06_08_12,dataprevistasr,nao_nulos
caixa_001_2012_08_agosto_base_pf_e_pj_06_08_12,valor_total_liberado,nao_nulos
caixa_001_2012_08_agosto_base_pf_e_pj_06_08_12,de_obra_executada,nao_nulos
caixa_001_2012_08_agosto_base_pf_e_pj_06_08_12,unidades_concluidas,nao_nulos
caixa_001_2012_08_agosto_base_pf_e_pj_06_08_12,unidades_em_obras,nao_nulos
caixa_001_2012_08_agosto_base_pf_e_pj_06_08_12,faixa_perc,nao_nulos
caixa_001_2012_08_agosto_base_pf_e_pj_06_08_12,unidades_entregues,nao_nulos
caixa_001_2012_08_agosto_base_pf_e_pj_06_08_12,ano,nao_nulos
caixa_001_2012_08_agosto_base_pf_e_pj_06_08_12,id_mcmv,nao_nulos
caixa_001_2012_08_agosto_base_pf_e_pj_06_08_12,report_date,negocio
caixa_001_2012_08_agosto_base_pf_e_pj_06_08_12,report_date,nao_nulos
caixa_001_2012_08_agosto_base_pf_e_pj_14_08_12,uf,nao_nulos
caixa_001_2012_08_agosto_base_pf_e_pj_14_08_12,codmunicibge,nao_nulos
caixa_001_2012_08_agosto_base_pf_e_pj_14_08_12,municipio,nao_nulos
caixa_001_2012_08_agosto_base_pf_e_pj_14_08_12,recortes_territoriais,nao_nulos
caixa_001_2012_08_agosto_base_pf_e_pj_14_08_12,produto,nao_nulos
caixa_001_2012_08_agosto_base_pf_e_pj_14_08_12,faixa,nao_nulos
caixa_001_2012_08_agosto_base_pf_e_pj_14_08_12,faixa_divisao,nao_nulos
caixa_001_2012_08_agosto_base_pf_e_pj_14_08_12,unidades,nao_nulos
caixa_001_2012_08_agosto_base_pf_e_pj_14_08_12,comercializadas,nao_nulos
caixa_001_2012_08_agosto_base_pf_e_pj_14_08_12,valor_do_emprestimo,nao_nulos
caixa_001_2012_08_agosto_base_pf_e_pj_14_08_12,valor_da_contrapartida_do_poder_publico,nao_nulos
caixa_001_2012_08_agosto_base_pf_e_pj_14_08_12,valor_total_do_investimento,nao_nulos
caixa_001_2012_08_agosto_base_pf_e_pj_14_08_12,siaci_valorsubsidio_fgts,nao_nulos
caixa_001_2012_08_agosto_base_pf_e_pj_14_08_12,siaci_valorsubsidio_ogu,nao_nulos
caixa_001_2012_08_agosto_base_pf_e_pj_14_08_12,idregistro,nao_nulos
caixa_001_2012_08_agosto_base_pf_e_pj_14_08_12,codapf,negocio
caixa_001_2012_08_agosto_base_pf_e_pj_14_08_12,codapf,nao_nulos
caixa_001_2012_08_agosto_base_pf_e_pj_14_08_12,nomeempreendimento,nao_nulos
caixa_001_2012_08_agosto_base_pf_e_pj_14_08_12,endereco_do_empreendimento,nao_nulos
caixa_001_2012_08_agosto_base_pf_e_pj_14_08_12,construtora,nao_nulos
caixa_001_2012_08_agosto_base_pf_e_pj_14_08_12,cnpj,nao_nulos
caixa_001_2012_08_agosto_base_pf_e_pj_14_08_12,administracao_por_condominio,nao_nulos
caixa_001_2012_08_agosto_base_pf_e_pj_14_08_12,trabalho_tecnico_social_tts,nao_nulos
caixa_001_2012_08_agosto_base_pf_e_pj_14_08_12,dataprevistasr,nao_nulos
caixa_001_2012_08_agosto_base_pf_e_pj_14_08_12,valor_total_liberado,nao_nulos
caixa_001_2012_08_agosto_base_pf_e_pj_14_08_12,de_obra_executada,nao_nulos
caixa_001_2012_08_agosto_base_pf_e_pj_14_08_12,unidades_concluidas,nao_nulos
caixa_001_2012_08_agosto_base_pf_e_pj_14_08_12,unidades_em_obras,nao_nulos
caixa_001_2012_08_agosto_base_pf_e_pj_14_08_12,faixa_perc,nao_nulos
caixa_001_2012_08_agosto_base_pf_e_pj_14_08_12,unidades_entregues,nao_nulos
caixa_001_2012_08_agosto_base_pf_e_pj_14_08_12,ano,nao_nulos
caixa_001_2012_08_agosto_base_pf_e_pj_14_08_12,id_mcmv,nao_nulos
caixa_001_2012_08_agosto_base_pf_e_pj_14_08_12,report_date,negocio
caixa_001_2012_08_agosto_base_pf_e_pj_14_08_12,report_date,nao_nulos
caixa_001_2012_08_agosto_base_pf_e_pj_20_08_12,uf,nao_nulos
caixa_001_2012_08_agosto_base_pf_e_pj_20_08_12,codmunicibge,nao_nulos
caixa_001_2012_08_agosto_base_pf_e_pj_20_08_12,municipio,nao_nulos
caixa_001_2012_08_agosto_base_pf_e_pj_20_08_12,recortes_territoriais,nao_nulos
caixa_001_2012_08_agosto_base_pf_e_pj_20_08_12,produto,nao_nulos
caixa_001_2012_08_agosto_base_pf_e_pj_20_08_12,faixa,nao_nulos
caixa_001_2012_08_agosto_base_pf_e_pj_20_08_12,faixa_divisao,nao_nulos
caixa_001_2012_08_agosto_base_pf_e_pj_20_08_12,unidades,nao_nulos
caixa_001_2012_08_agosto_base_pf_e_pj_20_08_12,comercializadas,nao_nulos
caixa_001_2012_08_agosto_base_pf_e_pj_20_08_12,valor_do_emprestimo,nao_nulos
caixa_001_2012_08_agosto_base_pf_e_pj_20_08_12,valor_da_contrapartida_do_poder_publico,nao_nulos
caixa_001_2012_08_agosto_base_pf_e_pj_20_08_12,valor_total_do_investimento,nao_nulos
caixa_001_2012_08_agosto_base_pf_e_pj_20_08_12,siaci_valorsubsidio_fgts,nao_nulos
caixa_001_2012_08_agosto_base_pf_e_pj_20_08_12,siaci_valorsubsidio_ogu,nao_nulos
caixa_001_2012_08_agosto_base_pf_e_pj_20_08_12,idregistro,nao_nulos
caixa_001_2012_08_agosto_base_pf_e_pj_20_08_12,codapf,negocio
caixa_001_2012_08_agosto_base_pf_e_pj_20_08_12,codapf,nao_nulos
caixa_001_2012_08_agosto_base_pf_e_pj_20_08_12,nomeempreendimento,nao_nulos
caixa_001_2012_08_agosto_base_pf_e_pj_20_08_12,endereco_do_empreendimento,nao_nulos
caixa_001_2012_08_agosto_base_pf_e_pj_20_08_12,construtora,nao_nulos
caixa_001_2012_08_agosto_base_pf_e_pj_20_08_12,cnpj,nao_nulos
caixa_001_2012_08_agosto_base_pf_e_pj_20_08_12,administracao_por_condominio,nao_nulos
caixa_001_2012_08_agosto_base_pf_e_pj_20_08_12,trabalho_tecnico_social_tts,nao_nulos
caixa_001_2012_08_agosto_base_pf_e_pj_20_08_12,dataprevistasr,nao_nulos
caixa_001_2012_08_agosto_base_pf_e_pj_20_08_12,valor_total_liberado,nao_nulos
caixa_001_2012_08_agosto_base_pf_e_pj_20_08_12,de_obra_executada,nao_nulos
caixa_001_2012_08_agosto_base_pf_e_pj_20_08_12,unidades_concluidas,nao_nulos
caixa_001_2012_08_agosto_base_pf_e_pj_20_08_12,unidades_em_obras,nao_nulos
caixa_001_2012_08_agosto_base_pf_e_pj_20_08_12,faixa_perc,nao_nulos
caixa_001_2012_08_agosto_base_pf_e_pj_20_08_12,unidades_entregues,nao_nulos
caixa_001_2012_08_agosto_base_pf_e_pj_20_08_12,ano,nao_nulos
caixa_001_2012_08_agosto_base_pf_e_pj_20_08_12,id_mcmv,nao_nulos
caixa_001_2012_08_agosto_base_pf_e_pj_20_08_12,report_date,negocio
caixa_001_2012_08_agosto_base_pf_e_pj_20_08_12,report_date,nao_nulos
caixa_001_2012_08_agosto_base_pf_e_pj_24_08_12,uf,nao_nulos
caixa_001_2012_08_agosto_base_pf_e_pj_24_08_12,codmunicibge,nao_nulos
caixa_001_2012_08_agosto_base_pf_e_pj_24_08_12,municipio,nao_nulos
caixa_001_2012_08_agosto_base_pf_e_pj_24_08_12,recortes_territoriais,nao_nulos
caixa_001_2012_08_agosto_base_pf_e_pj_24_08_12,produto,nao_nulos
caixa_001_2012_08_agosto_base_pf_e_pj_24_08_12,faixa,nao_nulos
caixa_001_2012_08_agosto_base_pf_e_pj_24_08_12,faixa_divisao,nao_nulos
caixa_001_2012_08_agosto_base_pf_e_pj_24_08_12,unidades,nao_nulos
caixa_001_2012_08_agosto_base_pf_e_pj_24_08_12,comercializadas,nao_nulos
caixa_001_2012_08_agosto_base_pf_e_pj_24_08_12,valor_do_emprestimo,nao_nulos
caixa_001_2012_08_agosto_base_pf_e_pj_24_08_12,valor_da_contrapartida_do_poder_publico,nao_nulos
caixa_001_2012_08_agosto_base_pf_e_pj_24_08_12,valor_total_do_investimento,nao_nulos
caixa_001_2012_08_agosto_base_pf_e_pj_24_08_12,siaci_valorsubsidio_fgts,nao_nulos
caixa_001_2012_08_agosto_base_pf_e_pj_24_08_12,siaci_valorsubsidio_ogu,nao_nulos
caixa_001_2012_08_agosto_base_pf_e_pj_24_08_12,idregistro,nao_nulos
caixa_001_2012_08_agosto_base_pf_e_pj_24_08_12,codapf,negocio
caixa_001_2012_08_agosto_base_pf_e_pj_24_08_12,codapf,nao_nulos
caixa_001_2012_08_agosto_base_pf_e_pj_24_08_12,nomeempreendimento,nao_nulos
caixa_001_2012_08_agosto_base_pf_e_pj_24_08_12,endereco_do_empreendimento,nao_nulos
caixa_001_2012_08_agosto_base_pf_e_pj_24_08_12,construtora,nao_nulos
caixa_001_2012_08_agosto_base_pf_e_pj_24_08_12,cnpj,nao_nulos
caixa_001_2012_08_agosto_base_pf_e_pj_24_08_12,administracao_por_condominio,nao_nulos
caixa_001_2012_08_agosto_base_pf_e_pj_24_08_12,trabalho_tecnico_social_tts,nao_nulos
caixa_001_2012_08_agosto_base_pf_e_pj_24_08_12,dataprevistasr,nao_nulos
caixa_001_2012_08_agosto_base_pf_e_pj_24_08_12,valor_total_liberado,nao_nulos
caixa_001_2012_08_agosto_base_pf_e_pj_24_08_12,de_obra_executada,nao_nulos
caixa_001_2012_08_agosto_base_pf_e_pj_24_08_12,unidades_concluidas,nao_nulos
caixa_001_2012_08_agosto_base_pf_e_pj_24_08_12,unidades_em_obras,nao_nulos
caixa_001_2012_08_agosto_base_pf_e_pj_24_08_12,faixa_perc,nao_nulos
caixa_001_2012_08_agosto_base_pf_e_pj_24_08_12,data_prevista_termino_obra,nao_nulos
caixa_001_2012_08_agosto_base_pf_e_pj_24_08_12,unidades_entregues,nao_nulos
caixa_001_2012_08_agosto_base_pf_e_pj_24_08_12,ano,nao_nulos
caixa_001_2012_08_agosto_base_pf_e_pj_24_08_12,id_mcmv,nao_nulos
caixa_001_2012_08_agosto_base_pf_e_pj_24_08_12,report_date,negocio
caixa_001_2012_08_agosto_base_pf_e_pj_24_08_12,report_date,nao_nulos
caixa_001_2012_08_agosto_bases_relatório_executivo_31_08_12,uf,nao_nulos
caixa_001_2012_08_agosto_bases_relatório_executivo_31_08_12,codmunicibge,nao_nulos
caixa_001_2012_08_agosto_bases_relatório_executivo_31_08_12,municipio,nao_nulos
caixa_001_2012_08_agosto_bases_relatório_executivo_31_08_12,recortes_territoriais,nao_nulos
caixa_001_2012_08_agosto_bases_relatório_executivo_31_08_12,produto,nao_nulos
caixa_001_2012_08_agosto_bases_relatório_executivo_31_08_12,faixa,nao_nulos
caixa_001_2012_08_agosto_bases_relatório_executivo_31_08_12,faixa_divisao,nao_nulos
caixa_001_2012_08_agosto_bases_relatório_executivo_31_08_12,unidades,nao_nulos
caixa_001_2012_08_agosto_bases_relatório_executivo_31_08_12,comercializadas,nao_nulos
caixa_001_2012_08_agosto_bases_relatório_executivo_31_08_12,valor_do_emprestimo,nao_nulos
caixa_001_2012_08_agosto_bases_relatório_executivo_31_08_12,valor_da_contrapartida_do_poder_publico,nao_nulos
caixa_001_2012_08_agosto_bases_relatório_executivo_31_08_12,valor_total_do_investimento,nao_nulos
caixa_001_2012_08_agosto_bases_relatório_executivo_31_08_12,siaci_valorsubsidio_fgts,nao_nulos
caixa_001_2012_08_agosto_bases_relatório_executivo_31_08_12,siaci_valorsubsidio_ogu,nao_nulos
caixa_001_2012_08_agosto_bases_relatório_executivo_31_08_12,idregistro,nao_nulos
caixa_001_2012_08_agosto_bases_relatório_executivo_31_08_12,codapf,negocio
caixa_001_2012_08_agosto_bases_relatório_executivo_31_08_12,codapf,nao_nulos
caixa_001_2012_08_agosto_bases_relatório_executivo_31_08_12,nomeempreendimento,nao_nulos
caixa_001_2012_08_agosto_bases_relatório_executivo_31_08_12,endereco_do_empreendimento,nao_nulos
caixa_001_2012_08_agosto_bases_relatório_executivo_31_08_12,construtora,nao_nulos
caixa_001_2012_08_agosto_bases_relatório_executivo_31_08_12,cnpj,nao_nulos
caixa_001_2012_08_agosto_bases_relatório_executivo_31_08_12,administracao_por_condominio,nao_nulos
caixa_001_2012_08_agosto_bases_relatório_executivo_31_08_12,trabalho_tecnico_social_tts,nao_nulos
caixa_001_2012_08_agosto_bases_relatório_executivo_31_08_12,dataprevistasr,nao_nulos
caixa_001_2012_08_agosto_bases_relatório_executivo_31_08_12,valor_total_liberado,nao_nulos
caixa_001_2012_08_agosto_bases_relatório_executivo_31_08_12,de_obra_executada,nao_nulos
caixa_001_2012_08_agosto_bases_relatório_executivo_31_08_12,unidades_concluidas,nao_nulos
caixa_001_2012_08_agosto_bases_relatório_executivo_31_08_12,unidades_em_obras,nao_nulos
caixa_001_2012_08_agosto_bases_relatório_executivo_31_08_12,faixa_perc,nao_nulos
caixa_001_2012_08_agosto_bases_relatório_executivo_31_08_12,unidades_entregues,nao_nulos
caixa_001_2012_08_agosto_bases_relatório_executivo_31_08_12,ano,nao_nulos
caixa_001_2012_08_agosto_bases_relatório_executivo_31_08_12,id_mcmv,nao_nulos
caixa_001_2012_08_agosto_bases_relatório_executivo_31_08_12,report_date,negocio
caixa_001_2012_08_agosto_bases_relatório_executivo_31_08_12,report_date,nao_nulos
caixa_001_2012_09_setembro_bases_relatório_executivo_10_09_12,uf,nao_nulos
caixa_001_2012_09_setembro_bases_relatório_executivo_10_09_12,codmunicibge,nao_nulos
caixa_001_2012_09_setembro_bases_relatório_executivo_10_09_12,municipio,nao_nulos
caixa_001_2012_09_setembro_bases_relatório_executivo_10_09_12,recortes_territoriais,nao_nulos
caixa_001_2012_09_setembro_bases_relatório_executivo_10_09_12,produto,nao_nulos
caixa_001_2012_09_setembro_bases_relatório_executivo_10_09_12,faixa,nao_nulos
caixa_001_2012_09_setembro_bases_relatório_executivo_10_09_12,faixa_divisao,nao_nulos
caixa_001_2012_09_setembro_bases_relatório_executivo_10_09_12,unidades,nao_nulos
caixa_001_2012_09_setembro_bases_relatório_executivo_10_09_12,comercializadas,nao_nulos
caixa_001_2012_09_setembro_bases_relatório_executivo_10_09_12,valor_do_emprestimo,nao_nulos
caixa_001_2012_09_setembro_bases_relatório_executivo_10_09_12,valor_da_contrapartida_do_poder_publico,nao_nulos
caixa_001_2012_09_setembro_bases_relatório_executivo_10_09_12,valor_total_do_investimento,nao_nulos
caixa_001_2012_09_setembro_bases_relatório_executivo_10_09_12,siaci_valorsubsidio_fgts,nao_nulos
caixa_001_2012_09_setembro_bases_relatório_executivo_10_09_12,siaci_valorsubsidio_ogu,nao_nulos
caixa_001_2012_09_setembro_bases_relatório_executivo_10_09_12,idregistro,nao_nulos
caixa_001_2012_09_setembro_bases_relatório_executivo_10_09_12,codapf,negocio
caixa_001_2012_09_setembro_bases_relatório_executivo_10_09_12,codapf,nao_nulos
caixa_001_2012_09_setembro_bases_relatório_executivo_10_09_12,nomeempreendimento,nao_nulos
caixa_001_2012_09_setembro_bases_relatório_executivo_10_09_12,endereco_do_empreendimento,nao_nulos
caixa_001_2012_09_setembro_bases_relatório_executivo_10_09_12,construtora,nao_nulos
caixa_001_2012_09_setembro_bases_relatório_executivo_10_09_12,cnpj,nao_nulos
caixa_001_2012_09_setembro_bases_relatório_executivo_10_09_12,administracao_por_condominio,nao_nulos
caixa_001_2012_09_setembro_bases_relatório_executivo_10_09_12,trabalho_tecnico_social_tts,nao_nulos
caixa_001_2012_09_setembro_bases_relatório_executivo_10_09_12,dataprevistasr,nao_nulos
caixa_001_2012_09_setembro_bases_relatório_executivo_10_09_12,valor_total_liberado,nao_nulos
caixa_001_2012_09_setembro_bases_relatório_executivo_10_09_12,de_obra_executada,nao_nulos
caixa_001_2012_09_setembro_bases_relatório_executivo_10_09_12,unidades_concluidas,nao_nulos
caixa_001_2012_09_setembro_bases_relatório_executivo_10_09_12,unidades_em_obras,nao_nulos
caixa_001_2012_09_setembro_bases_relatório_executivo_10_09_12,faixa_perc,nao_nulos
caixa_001_2012_09_setembro_bases_relatório_executivo_10_09_12,unidades_entregues,nao_nulos
caixa_001_2012_09_setembro_bases_relatório_executivo_10_09_12,ano,nao_nulos
caixa_001_2012_09_setembro_bases_relatório_executivo_10_09_12,id_mcmv,nao_nulos
caixa_001_2012_09_setembro_bases_relatório_executivo_10_09_12,report_date,negocio
caixa_001_2012_09_setembro_bases_relatório_executivo_10_09_12,report_date,nao_nulos
caixa_001_2012_09_setembro_bases_relatório_executivo_15_09_12,uf,nao_nulos
caixa_001_2012_09_setembro_bases_relatório_executivo_15_09_12,codmunicibge,nao_nulos
caixa_001_2012_09_setembro_bases_relatório_executivo_15_09_12,municipio,nao_nulos
caixa_001_2012_09_setembro_bases_relatório_executivo_15_09_12,recortes_territoriais,nao_nulos
caixa_001_2012_09_setembro_bases_relatório_executivo_15_09_12,produto,nao_nulos
caixa_001_2012_09_setembro_bases_relatório_executivo_15_09_12,faixa,nao_nulos
caixa_001_2012_09_setembro_bases_relatório_executivo_15_09_12,faixa_divisao,nao_nulos
caixa_001_2012_09_setembro_bases_relatório_executivo_15_09_12,unidades,nao_nulos
caixa_001_2012_09_setembro_bases_relatório_executivo_15_09_12,comercializadas,nao_nulos
caixa_001_2012_09_setembro_bases_relatório_executivo_15_09_12,valor_do_emprestimo,nao_nulos
caixa_001_2012_09_setembro_bases_relatório_executivo_15_09_12,valor_da_contrapartida_do_poder_publico,nao_nulos
caixa_001_2012_09_setembro_bases_relatório_executivo_15_09_12,valor_total_do_investimento,nao_nulos
caixa_001_2012_09_setembro_bases_relatório_executivo_15_09_12,siaci_valorsubsidio_fgts,nao_nulos
caixa_001_2012_09_setembro_bases_relatório_executivo_15_09_12,siaci_valorsubsidio_ogu,nao_nulos
caixa_001_2012_09_setembro_bases_relatório_executivo_15_09_12,idregistro,nao_nulos
caixa_001_2012_09_setembro_bases_relatório_executivo_15_09_12,codapf,negocio
caixa_001_2012_09_setembro_bases_relatório_executivo_15_09_12,codapf,nao_nulos
caixa_001_2012_09_setembro_bases_relatório_executivo_15_09_12,nomeempreendimento,nao_nulos
caixa_001_2012_09_setembro_bases_relatório_executivo_15_09_12,endereco_do_empreendimento,nao_nulos
caixa_001_2012_09_setembro_bases_relatório_executivo_15_09_12,construtora,nao_nulos
caixa_001_2012_09_setembro_bases_relatório_executivo_15_09_12,cnpj,nao_nulos
caixa_001_2012_09_setembro_bases_relatório_executivo_15_09_12,administracao_por_condominio,nao_nulos
caixa_001_2012_09_setembro_bases_relatório_executivo_15_09_12,trabalho_tecnico_social_tts,nao_nulos
caixa_001_2012_09_setembro_bases_relatório_executivo_15_09_12,dataprevistasr,nao_nulos
caixa_001_2012_09_setembro_bases_relatório_executivo_15_09_12,valor_total_liberado,nao_nulos
caixa_001_2012_09_setembro_bases_relatório_executivo_15_09_12,de_obra_executada,nao_nulos
caixa_001_2012_09_setembro_bases_relatório_executivo_15_09_12,unidades_concluidas,nao_nulos
caixa_001_2012_09_setembro_bases_relatório_executivo_15_09_12,unidades_em_obras,nao_nulos
caixa_001_2012_09_setembro_bases_relatório_executivo_15_09_12,faixa_perc,nao_nulos
caixa_001_2012_09_setembro_bases_relatório_executivo_15_09_12,unidades_entregues,nao_nulos
caixa_001_2012_09_setembro_bases_relatório_executivo_15_09_12,ano,nao_nulos
caixa_001_2012_09_setembro_bases_relatório_executivo_15_09_12,id_mcmv,nao_nulos
caixa_001_2012_09_setembro_bases_relatório_executivo_15_09_12,report_date,negocio
caixa_001_2012_09_setembro_bases_relatório_executivo_15_09_12,report_date,nao_nulos
caixa_001_2012_09_setembro_bases_relatório_executivo_26092012,uf,nao_nulos
caixa_001_2012_09_setembro_bases_relatório_executivo_26092012,codmunicibge,nao_nulos
caixa_001_2012_09_setembro_bases_relatório_executivo_26092012,municipio,nao_nulos
caixa_001_2012_09_setembro_bases_relatório_executivo_26092012,recortes_territoriais,nao_nulos
caixa_001_2012_09_setembro_bases_relatório_executivo_26092012,produto,nao_nulos
caixa_001_2012_09_setembro_bases_relatório_executivo_26092012,faixa,nao_nulos
caixa_001_2012_09_setembro_bases_relatório_executivo_26092012,faixa_divisao,nao_nulos
caixa_001_2012_09_setembro_bases_relatório_executivo_26092012,unidades,nao_nulos
caixa_001_2012_09_setembro_bases_relatório_executivo_26092012,comercializadas,nao_nulos
caixa_001_2012_09_setembro_bases_relatório_executivo_26092012,valor_do_emprestimo,nao_nulos
caixa_001_2012_09_setembro_bases_relatório_executivo_26092012,valor_da_contrapartida_do_poder_publico,nao_nulos
caixa_001_2012_09_setembro_bases_relatório_executivo_26092012,valor_total_do_investimento,nao_nulos
caixa_001_2012_09_setembro_bases_relatório_executivo_26092012,siaci_valorsubsidio_fgts,nao_nulos
caixa_001_2012_09_setembro_bases_relatório_executivo_26092012,siaci_valorsubsidio_ogu,nao_nulos
caixa_001_2012_09_setembro_bases_relatório_executivo_26092012,idregistro,nao_nulos
caixa_001_2012_09_setembro_bases_relatório_executivo_26092012,codapf,negocio
caixa_001_2012_09_setembro_bases_relatório_executivo_26092012,codapf,nao_nulos
caixa_001_2012_09_setembro_bases_relatório_executivo_26092012,nomeempreendimento,nao_nulos
caixa_001_2012_09_setembro_bases_relatório_executivo_26092012,endereco_do_empreendimento,nao_nulos
caixa_001_2012_09_setembro_bases_relatório_executivo_26092012,construtora,nao_nulos
caixa_001_2012_09_setembro_bases_relatório_executivo_26092012,cnpj,nao_nulos
caixa_001_2012_09_setembro_bases_relatório_executivo_26092012,administracao_por_condominio,nao_nulos
caixa_001_2012_09_setembro_bases_relatório_executivo_26092012,trabalho_tecnico_social_tts,nao_nulos
caixa_001_2012_09_setembro_bases_relatório_executivo_26092012,dataprevistasr,nao_nulos
caixa_001_2012_09_setembro_bases_relatório_executivo_26092012,valor_total_liberado,nao_nulos
caixa_001_2012_09_setembro_bases_relatório_executivo_26092012,de_obra_executada,nao_nulos
caixa_001_2012_09_setembro_bases_relatório_executivo_26092012,unidades_concluidas,nao_nulos
caixa_001_2012_09_setembro_bases_relatório_executivo_26092012,unidades_em_obras,nao_nulos
caixa_001_2012_09_setembro_bases_relatório_executivo_26092012,faixa_perc,nao_nulos
caixa_001_2012_09_setembro_bases_relatório_executivo_26092012,unidades_entregues,nao_nulos
caixa_001_2012_09_setembro_bases_relatório_executivo_26092012,ano,nao_nulos
caixa_001_2012_09_setembro_bases_relatório_executivo_26092012,id_mcmv,nao_nulos
caixa_001_2012_09_setembro_bases_relatório_executivo_26092012,report_date,negocio
caixa_001_2012_09_setembro_bases_relatório_executivo_26092012,report_date,nao_nulos
caixa_001_2012_09_setembro_bases_relatório_executivo_30092012,uf,nao_nulos
caixa_001_2012_09_setembro_bases_relatório_executivo_30092012,codmunicibge,nao_nulos
caixa_001_2012_09_setembro_bases_relatório_executivo_30092012,municipio,nao_nulos
caixa_001_2012_09_setembro_bases_relatório_executivo_30092012,recortes_territoriais,nao_nulos
caixa_001_2012_09_setembro_bases_relatório_executivo_30092012,produto,nao_nulos
caixa_001_2012_09_setembro_bases_relatório_executivo_30092012,faixa,nao_nulos
caixa_001_2012_09_setembro_bases_relatório_executivo_30092012,faixa_divisao,nao_nulos
caixa_001_2012_09_setembro_bases_relatório_executivo_30092012,unidades,nao_nulos
caixa_001_2012_09_setembro_bases_relatório_executivo_30092012,comercializadas,nao_nulos
caixa_001_2012_09_setembro_bases_relatório_executivo_30092012,valor_do_emprestimo,nao_nulos
caixa_001_2012_09_setembro_bases_relatório_executivo_30092012,valor_da_contrapartida_do_poder_publico,nao_nulos
caixa_001_2012_09_setembro_bases_relatório_executivo_30092012,valor_total_do_investimento,nao_nulos
caixa_001_2012_09_setembro_bases_relatório_executivo_30092012,siaci_valorsubsidio_fgts,nao_nulos
caixa_001_2012_09_setembro_bases_relatório_executivo_30092012,siaci_valorsubsidio_ogu,nao_nulos
caixa_001_2012_09_setembro_bases_relatório_executivo_30092012,idregistro,nao_nulos
caixa_001_2012_09_setembro_bases_relatório_executivo_30092012,codapf,negocio
caixa_001_2012_09_setembro_bases_relatório_executivo_30092012,codapf,nao_nulos
caixa_001_2012_09_setembro_bases_relatório_executivo_30092012,nomeempreendimento,nao_nulos
caixa_001_2012_09_setembro_bases_relatório_executivo_30092012,endereco_do_empreendimento,nao_nulos
caixa_001_2012_09_setembro_bases_relatório_executivo_30092012,construtora,nao_nulos
caixa_001_2012_09_setembro_bases_relatório_executivo_30092012,cnpj,nao_nulos
caixa_001_2012_09_setembro_bases_relatório_executivo_30092012,administracao_por_condominio,nao_nulos
caixa_001_2012_09_setembro_bases_relatório_executivo_30092012,trabalho_tecnico_social_tts,nao_nulos
caixa_001_2012_09_setembro_bases_relatório_executivo_30092012,dataprevistasr,nao_nulos
caixa_001_2012_09_setembro_bases_relatório_executivo_30092012,valor_total_liberado,nao_nulos
caixa_001_2012_09_setembro_bases_relatório_executivo_30092012,de_obra_executada,nao_nulos
caixa_001_2012_09_setembro_bases_relatório_executivo_30092012,unidades_concluidas,nao_nulos
caixa_001_2012_09_setembro_bases_relatório_executivo_30092012,unidades_em_obras,nao_nulos
caixa_001_2012_09_setembro_bases_relatório_executivo_30092012,faixa_perc,nao_nulos
caixa_001_2012_09_setembro_bases_relatório_executivo_30092012,unidades_entregues,nao_nulos
caixa_001_2012_09_setembro_bases_relatório_executivo_30092012,ano,nao_nulos
caixa_001_2012_09_setembro_bases_relatório_executivo_30092012,id_mcmv,nao_nulos
caixa_001_2012_09_setembro_bases_relatório_executivo_30092012,report_date,negocio
caixa_001_2012_09_setembro_bases_relatório_executivo_30092012,report_date,nao_nulos
caixa_001_2012_10_outubro_bases_relatório_executivo_31102012,uf,nao_nulos
caixa_001_2012_10_outubro_bases_relatório_executivo_31102012,codmunicibge,nao_nulos
caixa_001_2012_10_outubro_bases_relatório_executivo_31102012,municipio,nao_nulos
caixa_001_2012_10_outubro_bases_relatório_executivo_31102012,recortes_territoriais,nao_nulos
caixa_001_2012_10_outubro_bases_relatório_executivo_31102012,produto,nao_nulos
caixa_001_2012_10_outubro_bases_relatório_executivo_31102012,faixa,nao_nulos
caixa_001_2012_10_outubro_bases_relatório_executivo_31102012,faixa_divisao,nao_nulos
caixa_001_2012_10_outubro_bases_relatório_executivo_31102012,unidades,nao_nulos
caixa_001_2012_10_outubro_bases_relatório_executivo_31102012,comercializadas,nao_nulos
caixa_001_2012_10_outubro_bases_relatório_executivo_31102012,valor_do_emprestimo,nao_nulos
caixa_001_2012_10_outubro_bases_relatório_executivo_31102012,valor_da_contrapartida_do_poder_publico,nao_nulos
caixa_001_2012_10_outubro_bases_relatório_executivo_31102012,valor_total_do_investimento,nao_nulos
caixa_001_2012_10_outubro_bases_relatório_executivo_31102012,siaci_valorsubsidio_fgts,nao_nulos
caixa_001_2012_10_outubro_bases_relatório_executivo_31102012,siaci_valorsubsidio_ogu,nao_nulos
caixa_001_2012_10_outubro_bases_relatório_executivo_31102012,idregistro,nao_nulos
caixa_001_2012_10_outubro_bases_relatório_executivo_31102012,codapf,negocio
caixa_001_2012_10_outubro_bases_relatório_executivo_31102012,codapf,nao_nulos
caixa_001_2012_10_outubro_bases_relatório_executivo_31102012,nomeempreendimento,nao_nulos
caixa_001_2012_10_outubro_bases_relatório_executivo_31102012,endereco_do_empreendimento,nao_nulos
caixa_001_2012_10_outubro_bases_relatório_executivo_31102012,construtora,nao_nulos
caixa_001_2012_10_outubro_bases_relatório_executivo_31102012,cnpj,nao_nulos
caixa_001_2012_10_outubro_bases_relatório_executivo_31102012,administracao_por_condominio,nao_nulos
caixa_001_2012_10_outubro_bases_relatório_executivo_31102012,trabalho_tecnico_social_tts,nao_nulos
caixa_001_2012_10_outubro_bases_relatório_executivo_31102012,dataprevistasr,nao_nulos
caixa_001_2012_10_outubro_bases_relatório_executivo_31102012,valor_total_liberado,nao_nulos
caixa_001_2012_10_outubro_bases_relatório_executivo_31102012,de_obra_executada,nao_nulos
caixa_001_2012_10_outubro_bases_relatório_executivo_31102012,unidades_concluidas,nao_nulos
caixa_001_2012_10_outubro_bases_relatório_executivo_31102012,unidades_em_obras,nao_nulos
caixa_001_2012_10_outubro_bases_relatório_executivo_31102012,faixa_perc,nao_nulos
caixa_001_2012_10_outubro_bases_relatório_executivo_31102012,unidades_entregues,nao_nulos
caixa_001_2012_10_outubro_bases_relatório_executivo_31102012,ano,nao_nulos
caixa_001_2012_10_outubro_bases_relatório_executivo_31102012,id_mcmv,nao_nulos
caixa_001_2012_10_outubro_bases_relatório_executivo_31102012,report_date,negocio
caixa_001_2012_10_outubro_bases_relatório_executivo_31102012,report_date,nao_nulos
caixa_001_2012_11_novembro_bases_relat_rio_executivo_12112012,uf,nao_nulos
caixa_001_2012_11_novembro_bases_relat_rio_executivo_12112012,codmunicibge,nao_nulos
caixa_001_2012_11_novembro_bases_relat_rio_executivo_12112012,municipio,nao_nulos
caixa_001_2012_11_novembro_bases_relat_rio_executivo_12112012,recortes_territoriais,nao_nulos
caixa_001_2012_11_novembro_bases_relat_rio_executivo_12112012,produto,nao_nulos
caixa_001_2012_11_novembro_bases_relat_rio_executivo_12112012,faixa,nao_nulos
caixa_001_2012_11_novembro_bases_relat_rio_executivo_12112012,faixa_divisao,nao_nulos
caixa_001_2012_11_novembro_bases_relat_rio_executivo_12112012,unidades,nao_nulos
caixa_001_2012_11_novembro_bases_relat_rio_executivo_12112012,comercializadas,nao_nulos
caixa_001_2012_11_novembro_bases_relat_rio_executivo_12112012,valor_do_emprestimo,nao_nulos
caixa_001_2012_11_novembro_bases_relat_rio_executivo_12112012,valor_da_contrapartida_do_poder_publico,nao_nulos
caixa_001_2012_11_novembro_bases_relat_rio_executivo_12112012,valor_total_do_investimento,nao_nulos
caixa_001_2012_11_novembro_bases_relat_rio_executivo_12112012,siaci_valorsubsidio_fgts,nao_nulos
caixa_001_2012_11_novembro_bases_relat_rio_executivo_12112012,siaci_valorsubsidio_ogu,nao_nulos
caixa_001_2012_11_novembro_bases_relat_rio_executivo_12112012,idregistro,nao_nulos
caixa_001_2012_11_novembro_bases_relat_rio_executivo_12112012,codapf,negocio
caixa_001_2012_11_novembro_bases_relat_rio_executivo_12112012,codapf,nao_nulos
caixa_001_2012_11_novembro_bases_relat_rio_executivo_12112012,nomeempreendimento,nao_nulos
caixa_001_2012_11_novembro_bases_relat_rio_executivo_12112012,endereco_do_empreendimento,nao_nulos
caixa_001_2012_11_novembro_bases_relat_rio_executivo_12112012,construtora,nao_nulos
caixa_001_2012_11_novembro_bases_relat_rio_executivo_12112012,cnpj,nao_nulos
caixa_001_2012_11_novembro_bases_relat_rio_executivo_12112012,administracao_por_condominio,nao_nulos
caixa_001_2012_11_novembro_bases_relat_rio_executivo_12112012,trabalho_tecnico_social_tts,nao_nulos
caixa_001_2012_11_novembro_bases_relat_rio_executivo_12112012,dataprevistasr,nao_nulos
caixa_001_2012_11_novembro_bases_relat_rio_executivo_12112012,valor_total_liberado,nao_nulos
caixa_001_2012_11_novembro_bases_relat_rio_executivo_12112012,de_obra_executada,nao_nulos
caixa_001_2012_11_novembro_bases_relat_rio_executivo_12112012,unidades_concluidas,nao_nulos
caixa_001_2012_11_novembro_bases_relat_rio_executivo_12112012,unidades_em_obras,nao_nulos
caixa_001_2012_11_novembro_bases_relat_rio_executivo_12112012,faixa_perc,nao_nulos
caixa_001_2012_11_novembro_bases_relat_rio_executivo_12112012,unidades_entregues,nao_nulos
caixa_001_2012_11_novembro_bases_relat_rio_executivo_12112012,ano,nao_nulos
caixa_001_2012_11_novembro_bases_relat_rio_executivo_12112012,id_mcmv,nao_nulos
caixa_001_2012_11_novembro_bases_relat_rio_executivo_12112012,report_date,negocio
caixa_001_2012_11_novembro_bases_relat_rio_executivo_12112012,report_date,nao_nulos
caixa_001_2012_11_novembro_bases_relatório_executivo_28112012,uf,nao_nulos
caixa_001_2012_11_novembro_bases_relatório_executivo_28112012,codmunicibge,nao_nulos
caixa_001_2012_11_novembro_bases_relatório_executivo_28112012,municipio,nao_nulos
caixa_001_2012_11_novembro_bases_relatório_executivo_28112012,recortes_territoriais,nao_nulos
caixa_001_2012_11_novembro_bases_relatório_executivo_28112012,produto,nao_nulos
caixa_001_2012_11_novembro_bases_relatório_executivo_28112012,faixa,nao_nulos
caixa_001_2012_11_novembro_bases_relatório_executivo_28112012,faixa_divisao,nao_nulos
caixa_001_2012_11_novembro_bases_relatório_executivo_28112012,unidades,nao_nulos
caixa_001_2012_11_novembro_bases_relatório_executivo_28112012,comercializadas,nao_nulos
caixa_001_2012_11_novembro_bases_relatório_executivo_28112012,valor_do_emprestimo,nao_nulos
caixa_001_2012_11_novembro_bases_relatório_executivo_28112012,valor_da_contrapartida_do_poder_publico,nao_nulos
caixa_001_2012_11_novembro_bases_relatório_executivo_28112012,valor_total_do_investimento,nao_nulos
caixa_001_2012_11_novembro_bases_relatório_executivo_28112012,siaci_valorsubsidio_fgts,nao_nulos
caixa_001_2012_11_novembro_bases_relatório_executivo_28112012,siaci_valorsubsidio_ogu,nao_nulos
caixa_001_2012_11_novembro_bases_relatório_executivo_28112012,idregistro,nao_nulos
caixa_001_2012_11_novembro_bases_relatório_executivo_28112012,codapf,negocio
caixa_001_2012_11_novembro_bases_relatório_executivo_28112012,codapf,nao_nulos
caixa_001_2012_11_novembro_bases_relatório_executivo_28112012,nomeempreendimento,nao_nulos
caixa_001_2012_11_novembro_bases_relatório_executivo_28112012,endereco_do_empreendimento,nao_nulos
caixa_001_2012_11_novembro_bases_relatório_executivo_28112012,construtora,nao_nulos
caixa_001_2012_11_novembro_bases_relatório_executivo_28112012,cnpj,nao_nulos
caixa_001_2012_11_novembro_bases_relatório_executivo_28112012,administracao_por_condominio,nao_nulos
caixa_001_2012_11_novembro_bases_relatório_executivo_28112012,trabalho_tecnico_social_tts,nao_nulos
caixa_001_2012_11_novembro_bases_relatório_executivo_28112012,dataprevistasr,nao_nulos
caixa_001_2012_11_novembro_bases_relatório_executivo_28112012,valor_total_liberado,nao_nulos
caixa_001_2012_11_novembro_bases_relatório_executivo_28112012,de_obra_executada,nao_nulos
caixa_001_2012_11_novembro_bases_relatório_executivo_28112012,cronograma_datatermino,nao_nulos
caixa_001_2012_11_novembro_bases_relatório_executivo_28112012,unidades_concluidas,nao_nulos
caixa_001_2012_11_novembro_bases_relatório_executivo_28112012,unidades_em_obras,nao_nulos
caixa_001_2012_11_novembro_bases_relatório_executivo_28112012,faixa_perc,nao_nulos
caixa_001_2012_11_novembro_bases_relatório_executivo_28112012,data_prevista_termino_obra,nao_nulos
caixa_001_2012_11_novembro_bases_relatório_executivo_28112012,unidades_entregues,nao_nulos
caixa_001_2012_11_novembro_bases_relatório_executivo_28112012,ano,nao_nulos
caixa_001_2012_11_novembro_bases_relatório_executivo_28112012,id_mcmv,nao_nulos
caixa_001_2012_11_novembro_bases_relatório_executivo_28112012,report_date,negocio
caixa_001_2012_11_novembro_bases_relatório_executivo_28112012,report_date,nao_nulos
caixa_001_2012_12_dezembro_bases_relatório_executivo_21122012,uf,nao_nulos
caixa_001_2012_12_dezembro_bases_relatório_executivo_21122012,codmunicibge,nao_nulos
caixa_001_2012_12_dezembro_bases_relatório_executivo_21122012,municipio,nao_nulos
caixa_001_2012_12_dezembro_bases_relatório_executivo_21122012,recortes_territoriais,nao_nulos
caixa_001_2012_12_dezembro_bases_relatório_executivo_21122012,produto,nao_nulos
caixa_001_2012_12_dezembro_bases_relatório_executivo_21122012,faixa,nao_nulos
caixa_001_2012_12_dezembro_bases_relatório_executivo_21122012,faixa_divisao,nao_nulos
caixa_001_2012_12_dezembro_bases_relatório_executivo_21122012,unidades,nao_nulos
caixa_001_2012_12_dezembro_bases_relatório_executivo_21122012,comercializadas,nao_nulos
caixa_001_2012_12_dezembro_bases_relatório_executivo_21122012,valor_do_emprestimo,nao_nulos
caixa_001_2012_12_dezembro_bases_relatório_executivo_21122012,valor_da_contrapartida_do_poder_publico,nao_nulos
caixa_001_2012_12_dezembro_bases_relatório_executivo_21122012,valor_total_do_investimento,nao_nulos
caixa_001_2012_12_dezembro_bases_relatório_executivo_21122012,siaci_valorsubsidio_fgts,nao_nulos
caixa_001_2012_12_dezembro_bases_relatório_executivo_21122012,siaci_valorsubsidio_ogu,nao_nulos
caixa_001_2012_12_dezembro_bases_relatório_executivo_21122012,idregistro,nao_nulos
caixa_001_2012_12_dezembro_bases_relatório_executivo_21122012,codapf,negocio
caixa_001_2012_12_dezembro_bases_relatório_executivo_21122012,codapf,nao_nulos
caixa_001_2012_12_dezembro_bases_relatório_executivo_21122012,nomeempreendimento,nao_nulos
caixa_001_2012_12_dezembro_bases_relatório_executivo_21122012,endereco_do_empreendimento,nao_nulos
caixa_001_2012_12_dezembro_bases_relatório_executivo_21122012,construtora,nao_nulos
caixa_001_2012_12_dezembro_bases_relatório_executivo_21122012,cnpj,nao_nulos
caixa_001_2012_12_dezembro_bases_relatório_executivo_21122012,administracao_por_condominio,nao_nulos
caixa_001_2012_12_dezembro_bases_relatório_executivo_21122012,trabalho_tecnico_social_tts,nao_nulos
caixa_001_2012_12_dezembro_bases_relatório_executivo_21122012,dataprevistasr,nao_nulos
caixa_001_2012_12_dezembro_bases_relatório_executivo_21122012,valor_total_liberado,nao_nulos
caixa_001_2012_12_dezembro_bases_relatório_executivo_21122012,de_obra_executada,nao_nulos
caixa_001_2012_12_dezembro_bases_relatório_executivo_21122012,unidades_concluidas,nao_nulos
caixa_001_2012_12_dezembro_bases_relatório_executivo_21122012,unidades_em_obras,nao_nulos
caixa_001_2012_12_dezembro_bases_relatório_executivo_21122012,faixa_perc,nao_nulos
caixa_001_2012_12_dezembro_bases_relatório_executivo_21122012,unidades_entregues,nao_nulos
caixa_001_2012_12_dezembro_bases_relatório_executivo_21122012,report_date,negocio
caixa_001_2012_12_dezembro_bases_relatório_executivo_21122012,report_date,nao_nulos
caixa_001_2012_12_dezembro_bases_relatório_executivo_31122012,uf,nao_nulos
caixa_001_2012_12_dezembro_bases_relatório_executivo_31122012,codmunicibge,nao_nulos
caixa_001_2012_12_dezembro_bases_relatório_executivo_31122012,municipio,nao_nulos
caixa_001_2012_12_dezembro_bases_relatório_executivo_31122012,recortes_territoriais,nao_nulos
caixa_001_2012_12_dezembro_bases_relatório_executivo_31122012,produto,nao_nulos
caixa_001_2012_12_dezembro_bases_relatório_executivo_31122012,faixa,nao_nulos
caixa_001_2012_12_dezembro_bases_relatório_executivo_31122012,faixa_divisao,nao_nulos
caixa_001_2012_12_dezembro_bases_relatório_executivo_31122012,unidades,nao_nulos
caixa_001_2012_12_dezembro_bases_relatório_executivo_31122012,comercializadas,nao_nulos
caixa_001_2012_12_dezembro_bases_relatório_executivo_31122012,valor_do_emprestimo,nao_nulos
caixa_001_2012_12_dezembro_bases_relatório_executivo_31122012,valor_da_contrapartida_do_poder_publico,nao_nulos
caixa_001_2012_12_dezembro_bases_relatório_executivo_31122012,valor_total_do_investimento,nao_nulos
caixa_001_2012_12_dezembro_bases_relatório_executivo_31122012,siaci_valorsubsidio_fgts,nao_nulos
caixa_001_2012_12_dezembro_bases_relatório_executivo_31122012,siaci_valorsubsidio_ogu,nao_nulos
caixa_001_2012_12_dezembro_bases_relatório_executivo_31122012,idregistro,nao_nulos
caixa_001_2012_12_dezembro_bases_relatório_executivo_31122012,codapf,negocio
caixa_001_2012_12_dezembro_bases_relatório_executivo_31122012,codapf,nao_nulos
caixa_001_2012_12_dezembro_bases_relatório_executivo_31122012,nomeempreendimento,nao_nulos
caixa_001_2012_12_dezembro_bases_relatório_executivo_31122012,endereco_do_empreendimento,nao_nulos
caixa_001_2012_12_dezembro_bases_relatório_executivo_31122012,construtora,nao_nulos
caixa_001_2012_12_dezembro_bases_relatório_executivo_31122012,cnpj,nao_nulos
caixa_001_2012_12_dezembro_bases_relatório_executivo_31122012,administracao_por_condominio,nao_nulos
caixa_001_2012_12_dezembro_bases_relatório_executivo_31122012,trabalho_tecnico_social_tts,nao_nulos
caixa_001_2012_12_dezembro_bases_relatório_executivo_31122012,dataprevistasr,nao_nulos
caixa_001_2012_12_dezembro_bases_relatório_executivo_31122012,valor_total_liberado,nao_nulos
caixa_001_2012_12_dezembro_bases_relatório_executivo_31122012,de_obra_executada,nao_nulos
caixa_001_2012_12_dezembro_bases_relatório_executivo_31122012,unidades_concluidas,nao_nulos
caixa_001_2012_12_dezembro_bases_relatório_executivo_31122012,unidades_em_obras,nao_nulos
caixa_001_2012_12_dezembro_bases_relatório_executivo_31122012,faixa_perc,nao_nulos
caixa_001_2012_12_dezembro_bases_relatório_executivo_31122012,unidades_entregues,nao_nulos
caixa_001_2012_12_dezembro_bases_relatório_executivo_31122012,ano,nao_nulos
caixa_001_2012_12_dezembro_bases_relatório_executivo_31122012,id_mcmv,nao_nulos
caixa_001_2012_12_dezembro_bases_relatório_executivo_31122012,report_date,negocio
caixa_001_2012_12_dezembro_bases_relatório_executivo_31122012,report_date,nao_nulos
caixa_001_2013_01___janeiro_bases_relatório_executivo_31012013,uf,nao_nulos
caixa_001_2013_01___janeiro_bases_relatório_executivo_31012013,codmunicibge,nao_nulos
caixa_001_2013_01___janeiro_bases_relatório_executivo_31012013,municipio,nao_nulos
caixa_001_2013_01___janeiro_bases_relatório_executivo_31012013,recortes_territoriais,nao_nulos
caixa_001_2013_01___janeiro_bases_relatório_executivo_31012013,produto,nao_nulos
caixa_001_2013_01___janeiro_bases_relatório_executivo_31012013,faixa,nao_nulos
caixa_001_2013_01___janeiro_bases_relatório_executivo_31012013,faixa_divisao,nao_nulos
caixa_001_2013_01___janeiro_bases_relatório_executivo_31012013,unidades,nao_nulos
caixa_001_2013_01___janeiro_bases_relatório_executivo_31012013,comercializadas,nao_nulos
caixa_001_2013_01___janeiro_bases_relatório_executivo_31012013,valor_do_emprestimo,nao_nulos
caixa_001_2013_01___janeiro_bases_relatório_executivo_31012013,valor_da_contrapartida_do_poder_publico,nao_nulos
caixa_001_2013_01___janeiro_bases_relatório_executivo_31012013,valor_total_do_investimento,nao_nulos
caixa_001_2013_01___janeiro_bases_relatório_executivo_31012013,siaci_valorsubsidio_fgts,nao_nulos
caixa_001_2013_01___janeiro_bases_relatório_executivo_31012013,siaci_valorsubsidio_ogu,nao_nulos
caixa_001_2013_01___janeiro_bases_relatório_executivo_31012013,idregistro,nao_nulos
caixa_001_2013_01___janeiro_bases_relatório_executivo_31012013,codapf,negocio
caixa_001_2013_01___janeiro_bases_relatório_executivo_31012013,codapf,nao_nulos
caixa_001_2013_01___janeiro_bases_relatório_executivo_31012013,nomeempreendimento,nao_nulos
caixa_001_2013_01___janeiro_bases_relatório_executivo_31012013,endereco_do_empreendimento,nao_nulos
caixa_001_2013_01___janeiro_bases_relatório_executivo_31012013,construtora,nao_nulos
caixa_001_2013_01___janeiro_bases_relatório_executivo_31012013,cnpj,nao_nulos
caixa_001_2013_01___janeiro_bases_relatório_executivo_31012013,administracao_por_condominio,nao_nulos
caixa_001_2013_01___janeiro_bases_relatório_executivo_31012013,trabalho_tecnico_social_tts,nao_nulos
caixa_001_2013_01___janeiro_bases_relatório_executivo_31012013,dataprevistasr,nao_nulos
caixa_001_2013_01___janeiro_bases_relatório_executivo_31012013,valor_total_liberado,nao_nulos
caixa_001_2013_01___janeiro_bases_relatório_executivo_31012013,de_obra_executada,nao_nulos
caixa_001_2013_01___janeiro_bases_relatório_executivo_31012013,unidades_concluidas,nao_nulos
caixa_001_2013_01___janeiro_bases_relatório_executivo_31012013,unidades_em_obras,nao_nulos
caixa_001_2013_01___janeiro_bases_relatório_executivo_31012013,faixa_perc,nao_nulos
caixa_001_2013_01___janeiro_bases_relatório_executivo_31012013,unidades_entregues,nao_nulos
caixa_001_2013_01___janeiro_bases_relatório_executivo_31012013,ano,nao_nulos
caixa_001_2013_01___janeiro_bases_relatório_executivo_31012013,id_mcmv,nao_nulos
caixa_001_2013_01___janeiro_bases_relatório_executivo_31012013,report_date,negocio
caixa_001_2013_01___janeiro_bases_relatório_executivo_31012013,report_date,nao_nulos
caixa_001_2013_02___fevereiro_propostas_base_far,uf,nao_nulos
caixa_001_2013_02___fevereiro_propostas_base_far,sr,nao_nulos
caixa_001_2013_02___fevereiro_propostas_base_far,municipio,nao_nulos
caixa_001_2013_02___fevereiro_propostas_base_far,diretriz_mcidades,nao_nulos
caixa_001_2013_02___fevereiro_propostas_base_far,deficit_urbano_2010,nao_nulos
caixa_001_2013_02___fevereiro_propostas_base_far,propostas_em_analise,nao_nulos
caixa_001_2013_02___fevereiro_propostas_base_far,report_date,negocio
caixa_001_2013_02___fevereiro_propostas_base_far,report_date,nao_nulos
caixa_001_2013_03___março_bases_relatório_executivo_15032013,uf,nao_nulos
caixa_001_2013_03___março_bases_relatório_executivo_15032013,codmunicibge,nao_nulos
caixa_001_2013_03___março_bases_relatório_executivo_15032013,municipio,nao_nulos
caixa_001_2013_03___março_bases_relatório_executivo_15032013,recortes_territoriais,nao_nulos
caixa_001_2013_03___março_bases_relatório_executivo_15032013,produto,nao_nulos
caixa_001_2013_03___março_bases_relatório_executivo_15032013,faixa,nao_nulos
caixa_001_2013_03___março_bases_relatório_executivo_15032013,faixa_divisao,nao_nulos
caixa_001_2013_03___março_bases_relatório_executivo_15032013,unidades,nao_nulos
caixa_001_2013_03___março_bases_relatório_executivo_15032013,comercializadas,nao_nulos
caixa_001_2013_03___março_bases_relatório_executivo_15032013,valor_do_emprestimo,nao_nulos
caixa_001_2013_03___março_bases_relatório_executivo_15032013,valor_da_contrapartida_do_poder_publico,nao_nulos
caixa_001_2013_03___março_bases_relatório_executivo_15032013,valor_total_do_investimento,nao_nulos
caixa_001_2013_03___março_bases_relatório_executivo_15032013,siaci_valorsubsidio_fgts,nao_nulos
caixa_001_2013_03___março_bases_relatório_executivo_15032013,siaci_valorsubsidio_ogu,nao_nulos
caixa_001_2013_03___março_bases_relatório_executivo_15032013,idregistro,nao_nulos
caixa_001_2013_03___março_bases_relatório_executivo_15032013,codapf,negocio
caixa_001_2013_03___março_bases_relatório_executivo_15032013,codapf,nao_nulos
caixa_001_2013_03___março_bases_relatório_executivo_15032013,nomeempreendimento,nao_nulos
caixa_001_2013_03___março_bases_relatório_executivo_15032013,endereco_do_empreendimento,nao_nulos
caixa_001_2013_03___março_bases_relatório_executivo_15032013,construtora,nao_nulos
caixa_001_2013_03___março_bases_relatório_executivo_15032013,cnpj,nao_nulos
caixa_001_2013_03___março_bases_relatório_executivo_15032013,administracao_por_condominio,nao_nulos
caixa_001_2013_03___março_bases_relatório_executivo_15032013,trabalho_tecnico_social_tts,nao_nulos
caixa_001_2013_03___março_bases_relatório_executivo_15032013,dataprevistasr,nao_nulos
caixa_001_2013_03___março_bases_relatório_executivo_15032013,valor_total_liberado,nao_nulos
caixa_001_2013_03___março_bases_relatório_executivo_15032013,de_obra_executada,nao_nulos
caixa_001_2013_03___março_bases_relatório_executivo_15032013,unidades_concluidas,nao_nulos
caixa_001_2013_03___março_bases_relatório_executivo_15032013,unidades_em_obras,nao_nulos
caixa_001_2013_03___março_bases_relatório_executivo_15032013,faixa_perc,nao_nulos
caixa_001_2013_03___março_bases_relatório_executivo_15032013,unidades_entregues,nao_nulos
caixa_001_2013_03___março_bases_relatório_executivo_15032013,ano,nao_nulos
caixa_001_2013_03___março_bases_relatório_executivo_15032013,id_mcmv,nao_nulos
caixa_001_2013_03___março_bases_relatório_executivo_15032013,report_date,negocio
caixa_001_2013_03___março_bases_relatório_executivo_15032013,report_date,nao_nulos
caixa_001_2013_03___março_bases_relat_rio_executivo_28032013,uf,nao_nulos
caixa_001_2013_03___março_bases_relat_rio_executivo_28032013,codmunicibge,nao_nulos
caixa_001_2013_03___março_bases_relat_rio_executivo_28032013,municipio,nao_nulos
caixa_001_2013_03___março_bases_relat_rio_executivo_28032013,recortes_territoriais,nao_nulos
caixa_001_2013_03___março_bases_relat_rio_executivo_28032013,produto,nao_nulos
caixa_001_2013_03___março_bases_relat_rio_executivo_28032013,faixa,nao_nulos
caixa_001_2013_03___março_bases_relat_rio_executivo_28032013,faixa_divisao,nao_nulos
caixa_001_2013_03___março_bases_relat_rio_executivo_28032013,unidades,nao_nulos
caixa_001_2013_03___março_bases_relat_rio_executivo_28032013,comercializadas,nao_nulos
caixa_001_2013_03___março_bases_relat_rio_executivo_28032013,valor_do_emprestimo,nao_nulos
caixa_001_2013_03___março_bases_relat_rio_executivo_28032013,valor_da_contrapartida_do_poder_publico,nao_nulos
caixa_001_2013_03___março_bases_relat_rio_executivo_28032013,valor_total_do_investimento,nao_nulos
caixa_001_2013_03___março_bases_relat_rio_executivo_28032013,siaci_valorsubsidio_fgts,nao_nulos
caixa_001_2013_03___março_bases_relat_rio_executivo_28032013,siaci_valorsubsidio_ogu,nao_nulos
caixa_001_2013_03___março_bases_relat_rio_executivo_28032013,idregistro,nao_nulos
caixa_001_2013_03___março_bases_relat_rio_executivo_28032013,codapf,negocio
caixa_001_2013_03___março_bases_relat_rio_executivo_28032013,codapf,nao_nulos
caixa_001_2013_03___março_bases_relat_rio_executivo_28032013,nomeempreendimento,nao_nulos
caixa_001_2013_03___março_bases_relat_rio_executivo_28032013,endereco_do_empreendimento,nao_nulos
caixa_001_2013_03___março_bases_relat_rio_executivo_28032013,construtora,nao_nulos
caixa_001_2013_03___março_bases_relat_rio_executivo_28032013,cnpj,nao_nulos
caixa_001_2013_03___março_bases_relat_rio_executivo_28032013,administracao_por_condominio,nao_nulos
caixa_001_2013_03___março_bases_relat_rio_executivo_28032013,trabalho_tecnico_social_tts,nao_nulos
caixa_001_2013_03___março_bases_relat_rio_executivo_28032013,dataprevistasr,nao_nulos
caixa_001_2013_03___março_bases_relat_rio_executivo_28032013,valor_total_liberado,nao_nulos
caixa_001_2013_03___março_bases_relat_rio_executivo_28032013,de_obra_executada,nao_nulos
caixa_001_2013_03___março_bases_relat_rio_executivo_28032013,unidades_concluidas,nao_nulos
caixa_001_2013_03___março_bases_relat_rio_executivo_28032013,unidades_em_obras,nao_nulos
caixa_001_2013_03___março_bases_relat_rio_executivo_28032013,faixa_perc,nao_nulos
caixa_001_2013_03___março_bases_relat_rio_executivo_28032013,unidades_entregues,nao_nulos
caixa_001_2013_03___março_bases_relat_rio_executivo_28032013,ano,nao_nulos
caixa_001_2013_03___março_bases_relat_rio_executivo_28032013,id_mcmv,nao_nulos
caixa_001_2013_03___março_bases_relat_rio_executivo_28032013,report_date,negocio
caixa_001_2013_03___março_bases_relat_rio_executivo_28032013,report_date,nao_nulos
caixa_001_2013_04___abril_bases_relatório_executivo_30042013,uf,nao_nulos
caixa_001_2013_04___abril_bases_relatório_executivo_30042013,codmunicibge,nao_nulos
caixa_001_2013_04___abril_bases_relatório_executivo_30042013,municipio,nao_nulos
caixa_001_2013_04___abril_bases_relatório_executivo_30042013,recortes_territoriais,nao_nulos
caixa_001_2013_04___abril_bases_relatório_executivo_30042013,produto,nao_nulos
caixa_001_2013_04___abril_bases_relatório_executivo_30042013,faixa,nao_nulos
caixa_001_2013_04___abril_bases_relatório_executivo_30042013,faixa_divisao,nao_nulos
caixa_001_2013_04___abril_bases_relatório_executivo_30042013,unidades,nao_nulos
caixa_001_2013_04___abril_bases_relatório_executivo_30042013,comercializadas,nao_nulos
caixa_001_2013_04___abril_bases_relatório_executivo_30042013,valor_do_emprestimo,nao_nulos
caixa_001_2013_04___abril_bases_relatório_executivo_30042013,valor_da_contrapartida_do_poder_publico,nao_nulos
caixa_001_2013_04___abril_bases_relatório_executivo_30042013,valor_total_do_investimento,nao_nulos
caixa_001_2013_04___abril_bases_relatório_executivo_30042013,siaci_valorsubsidio_fgts,nao_nulos
caixa_001_2013_04___abril_bases_relatório_executivo_30042013,siaci_valorsubsidio_ogu,nao_nulos
caixa_001_2013_04___abril_bases_relatório_executivo_30042013,idregistro,nao_nulos
caixa_001_2013_04___abril_bases_relatório_executivo_30042013,codapf,negocio
caixa_001_2013_04___abril_bases_relatório_executivo_30042013,codapf,nao_nulos
caixa_001_2013_04___abril_bases_relatório_executivo_30042013,nomeempreendimento,nao_nulos
caixa_001_2013_04___abril_bases_relatório_executivo_30042013,endereco_do_empreendimento,nao_nulos
caixa_001_2013_04___abril_bases_relatório_executivo_30042013,construtora,nao_nulos
caixa_001_2013_04___abril_bases_relatório_executivo_30042013,cnpj,nao_nulos
caixa_001_2013_04___abril_bases_relatório_executivo_30042013,administracao_por_condominio,nao_nulos
caixa_001_2013_04___abril_bases_relatório_executivo_30042013,trabalho_tecnico_social_tts,nao_nulos
caixa_001_2013_04___abril_bases_relatório_executivo_30042013,dataprevistasr,nao_nulos
caixa_001_2013_04___abril_bases_relatório_executivo_30042013,valor_total_liberado,nao_nulos
caixa_001_2013_04___abril_bases_relatório_executivo_30042013,de_obra_executada,nao_nulos
caixa_001_2013_04___abril_bases_relatório_executivo_30042013,unidades_concluidas,nao_nulos
caixa_001_2013_04___abril_bases_relatório_executivo_30042013,unidades_em_obras,nao_nulos
caixa_001_2013_04___abril_bases_relatório_executivo_30042013,faixa_perc,nao_nulos
caixa_001_2013_04___abril_bases_relatório_executivo_30042013,data_prevista_termino_obra,nao_nulos
caixa_001_2013_04___abril_bases_relatório_executivo_30042013,unidades_entregues,nao_nulos
caixa_001_2013_04___abril_bases_relatório_executivo_30042013,ano,nao_nulos
caixa_001_2013_04___abril_bases_relatório_executivo_30042013,id_mcmv,nao_nulos
caixa_001_2013_04___abril_bases_relatório_executivo_30042013,report_date,negocio
caixa_001_2013_04___abril_bases_relatório_executivo_30042013,report_date,nao_nulos
caixa_001_2013_05___maio_bases_relat_rio_executivo_150513,uf,nao_nulos
caixa_001_2013_05___maio_bases_relat_rio_executivo_150513,codmunicibge,nao_nulos
caixa_001_2013_05___maio_bases_relat_rio_executivo_150513,municipio,nao_nulos
caixa_001_2013_05___maio_bases_relat_rio_executivo_150513,recortes_territoriais,nao_nulos
caixa_001_2013_05___maio_bases_relat_rio_executivo_150513,produto,nao_nulos
caixa_001_2013_05___maio_bases_relat_rio_executivo_150513,faixa,nao_nulos
caixa_001_2013_05___maio_bases_relat_rio_executivo_150513,faixa_divisao,nao_nulos
caixa_001_2013_05___maio_bases_relat_rio_executivo_150513,unidades,nao_nulos
caixa_001_2013_05___maio_bases_relat_rio_executivo_150513,comercializadas,nao_nulos
caixa_001_2013_05___maio_bases_relat_rio_executivo_150513,valor_do_emprestimo,nao_nulos
caixa_001_2013_05___maio_bases_relat_rio_executivo_150513,valor_da_contrapartida_do_poder_publico,nao_nulos
caixa_001_2013_05___maio_bases_relat_rio_executivo_150513,valor_total_do_investimento,nao_nulos
caixa_001_2013_05___maio_bases_relat_rio_executivo_150513,siaci_valorsubsidio_fgts,nao_nulos
caixa_001_2013_05___maio_bases_relat_rio_executivo_150513,siaci_valorsubsidio_ogu,nao_nulos
caixa_001_2013_05___maio_bases_relat_rio_executivo_150513,idregistro,nao_nulos
caixa_001_2013_05___maio_bases_relat_rio_executivo_150513,codapf,negocio
caixa_001_2013_05___maio_bases_relat_rio_executivo_150513,codapf,nao_nulos
caixa_001_2013_05___maio_bases_relat_rio_executivo_150513,nomeempreendimento,nao_nulos
caixa_001_2013_05___maio_bases_relat_rio_executivo_150513,endereco_do_empreendimento,nao_nulos
caixa_001_2013_05___maio_bases_relat_rio_executivo_150513,construtora,nao_nulos
caixa_001_2013_05___maio_bases_relat_rio_executivo_150513,cnpj,nao_nulos
caixa_001_2013_05___maio_bases_relat_rio_executivo_150513,administracao_por_condominio,nao_nulos
caixa_001_2013_05___maio_bases_relat_rio_executivo_150513,trabalho_tecnico_social_tts,nao_nulos
caixa_001_2013_05___maio_bases_relat_rio_executivo_150513,dataprevistasr,nao_nulos
caixa_001_2013_05___maio_bases_relat_rio_executivo_150513,valor_total_liberado,nao_nulos
caixa_001_2013_05___maio_bases_relat_rio_executivo_150513,de_obra_executada,nao_nulos
caixa_001_2013_05___maio_bases_relat_rio_executivo_150513,cronograma_datatermino,nao_nulos
caixa_001_2013_05___maio_bases_relat_rio_executivo_150513,unidades_concluidas,nao_nulos
caixa_001_2013_05___maio_bases_relat_rio_executivo_150513,unidades_em_obras,nao_nulos
caixa_001_2013_05___maio_bases_relat_rio_executivo_150513,faixa_perc,nao_nulos
caixa_001_2013_05___maio_bases_relat_rio_executivo_150513,data_prevista_termino_obra,nao_nulos
caixa_001_2013_05___maio_bases_relat_rio_executivo_150513,unidades_entregues,nao_nulos
caixa_001_2013_05___maio_bases_relat_rio_executivo_150513,ano,nao_nulos
caixa_001_2013_05___maio_bases_relat_rio_executivo_150513,id_mcmv,nao_nulos
caixa_001_2013_05___maio_bases_relat_rio_executivo_150513,report_date,negocio
caixa_001_2013_05___maio_bases_relat_rio_executivo_150513,report_date,nao_nulos
caixa_001_2013_12___dezembro_bases_relat_rio_executivo,uf,nao_nulos
caixa_001_2013_12___dezembro_bases_relat_rio_executivo,codmunicibge,nao_nulos
caixa_001_2013_12___dezembro_bases_relat_rio_executivo,municipio,nao_nulos
caixa_001_2013_12___dezembro_bases_relat_rio_executivo,recortes_territoriais,nao_nulos
caixa_001_2013_12___dezembro_bases_relat_rio_executivo,produto,nao_nulos
caixa_001_2013_12___dezembro_bases_relat_rio_executivo,faixa,nao_nulos
caixa_001_2013_12___dezembro_bases_relat_rio_executivo,faixa_divisao,nao_nulos
caixa_001_2013_12___dezembro_bases_relat_rio_executivo,unidades,nao_nulos
caixa_001_2013_12___dezembro_bases_relat_rio_executivo,comercializadas,nao_nulos
caixa_001_2013_12___dezembro_bases_relat_rio_executivo,valor_do_emprestimo,nao_nulos
caixa_001_2013_12___dezembro_bases_relat_rio_executivo,valor_da_contrapartida_do_poder_publico,nao_nulos
caixa_001_2013_12___dezembro_bases_relat_rio_executivo,valor_total_do_investimento,nao_nulos
caixa_001_2013_12___dezembro_bases_relat_rio_executivo,siaci_valorsubsidio_fgts,nao_nulos
caixa_001_2013_12___dezembro_bases_relat_rio_executivo,siaci_valorsubsidio_ogu,nao_nulos
caixa_001_2013_12___dezembro_bases_relat_rio_executivo,idregistro,nao_nulos
caixa_001_2013_12___dezembro_bases_relat_rio_executivo,codapf,negocio
caixa_001_2013_12___dezembro_bases_relat_rio_executivo,codapf,nao_nulos
caixa_001_2013_12___dezembro_bases_relat_rio_executivo,nomeempreendimento,nao_nulos
caixa_001_2013_12___dezembro_bases_relat_rio_executivo,endereco_do_empreendimento,nao_nulos
caixa_001_2013_12___dezembro_bases_relat_rio_executivo,construtora,nao_nulos
caixa_001_2013_12___dezembro_bases_relat_rio_executivo,cnpj,nao_nulos
caixa_001_2013_12___dezembro_bases_relat_rio_executivo,administracao_por_condominio,nao_nulos
caixa_001_2013_12___dezembro_bases_relat_rio_executivo,trabalho_tecnico_social_tts,nao_nulos
caixa_001_2013_12___dezembro_bases_relat_rio_executivo,dataprevistasr,nao_nulos
caixa_001_2013_12___dezembro_bases_relat_rio_executivo,valor_total_liberado,nao_nulos
caixa_001_2013_12___dezembro_bases_relat_rio_executivo,de_obra_executada,nao_nulos
caixa_001_2013_12___dezembro_bases_relat_rio_executivo,unidades_concluidas,nao_nulos
caixa_001_2013_12___dezembro_bases_relat_rio_executivo,unidades_em_obras,nao_nulos
caixa_001_2013_12___dezembro_bases_relat_rio_executivo,faixa_perc,nao_nulos
caixa_001_2013_12___dezembro_bases_relat_rio_executivo,data_prevista_termino_obra,nao_nulos
caixa_001_2013_12___dezembro_bases_relat_rio_executivo,unidades_entregues,nao_nulos
caixa_001_2013_12___dezembro_bases_relat_rio_executivo,ano,nao_nulos
caixa_001_2013_12___dezembro_bases_relat_rio_executivo,id_mcmv,nao_nulos
caixa_001_2013_12___dezembro_bases_relat_rio_executivo,report_date,negocio
caixa_001_2013_12___dezembro_bases_relat_rio_executivo,report_date,nao_nulos
caixa_001_2014_11_novembro_bases_relatório_executivo_15112014,uf,nao_nulos
caixa_001_2014_11_novembro_bases_relatório_executivo_15112014,codmunicibge,nao_nulos
caixa_001_2014_11_novembro_bases_relatório_executivo_15112014,municipio,nao_nulos
caixa_001_2014_11_novembro_bases_relatório_executivo_15112014,recortes_territoriais,nao_nulos
caixa_001_2014_11_novembro_bases_relatório_executivo_15112014,produto,nao_nulos
caixa_001_2014_11_novembro_bases_relatório_executivo_15112014,faixa,nao_nulos
caixa_001_2014_11_novembro_bases_relatório_executivo_15112014,faixa_divisao,nao_nulos
caixa_001_2014_11_novembro_bases_relatório_executivo_15112014,unidades,nao_nulos
caixa_001_2014_11_novembro_bases_relatório_executivo_15112014,comercializadas,nao_nulos
caixa_001_2014_11_novembro_bases_relatório_executivo_15112014,valor_do_emprestimo,nao_nulos
caixa_001_2014_11_novembro_bases_relatório_executivo_15112014,valor_da_contrapartida_do_poder_publico,nao_nulos
caixa_001_2014_11_novembro_bases_relatório_executivo_15112014,valor_total_do_investimento,nao_nulos
caixa_001_2014_11_novembro_bases_relatório_executivo_15112014,siaci_valorsubsidio_fgts,nao_nulos
caixa_001_2014_11_novembro_bases_relatório_executivo_15112014,siaci_valorsubsidio_ogu,nao_nulos
caixa_001_2014_11_novembro_bases_relatório_executivo_15112014,idregistro,nao_nulos
caixa_001_2014_11_novembro_bases_relatório_executivo_15112014,codapf,negocio
caixa_001_2014_11_novembro_bases_relatório_executivo_15112014,codapf,nao_nulos
caixa_001_2014_11_novembro_bases_relatório_executivo_15112014,nomeempreendimento,nao_nulos
caixa_001_2014_11_novembro_bases_relatório_executivo_15112014,endereco_do_empreendimento,nao_nulos
caixa_001_2014_11_novembro_bases_relatório_executivo_15112014,construtora,nao_nulos
caixa_001_2014_11_novembro_bases_relatório_executivo_15112014,cnpj,nao_nulos
caixa_001_2014_11_novembro_bases_relatório_executivo_15112014,administracao_por_condominio,nao_nulos
caixa_001_2014_11_novembro_bases_relatório_executivo_15112014,trabalho_tecnico_social_tts,nao_nulos
caixa_001_2014_11_novembro_bases_relatório_executivo_15112014,dataprevistasr,nao_nulos
caixa_001_2014_11_novembro_bases_relatório_executivo_15112014,valor_total_liberado,nao_nulos
caixa_001_2014_11_novembro_bases_relatório_executivo_15112014,de_obra_executada,nao_nulos
caixa_001_2014_11_novembro_bases_relatório_executivo_15112014,unidades_concluidas,nao_nulos
caixa_001_2014_11_novembro_bases_relatório_executivo_15112014,unidades_em_obras,nao_nulos
caixa_001_2014_11_novembro_bases_relatório_executivo_15112014,faixa_perc,nao_nulos
caixa_001_2014_11_novembro_bases_relatório_executivo_15112014,data_prevista_termino_obra,nao_nulos
caixa_001_2014_11_novembro_bases_relatório_executivo_15112014,unidades_entregues,nao_nulos
caixa_001_2014_11_novembro_bases_relatório_executivo_15112014,ano,nao_nulos
caixa_001_2014_11_novembro_bases_relatório_executivo_15112014,id_mcmv,nao_nulos
caixa_001_2014_11_novembro_bases_relatório_executivo_15112014,report_date,negocio
caixa_001_2014_11_novembro_bases_relatório_executivo_15112014,report_date,nao_nulos
caixa_001_2014_11_novembro_bases_relatório_executivo_30112014,uf,nao_nulos
caixa_001_2014_11_novembro_bases_relatório_executivo_30112014,codmunicibge,nao_nulos
caixa_001_2014_11_novembro_bases_relatório_executivo_30112014,municipio,nao_nulos
caixa_001_2014_11_novembro_bases_relatório_executivo_30112014,recortes_territoriais,nao_nulos
caixa_001_2014_11_novembro_bases_relatório_executivo_30112014,produto,nao_nulos
caixa_001_2014_11_novembro_bases_relatório_executivo_30112014,faixa,nao_nulos
caixa_001_2014_11_novembro_bases_relatório_executivo_30112014,faixa_divisao,nao_nulos
caixa_001_2014_11_novembro_bases_relatório_executivo_30112014,unidades,nao_nulos
caixa_001_2014_11_novembro_bases_relatório_executivo_30112014,comercializadas,nao_nulos
caixa_001_2014_11_novembro_bases_relatório_executivo_30112014,valor_do_emprestimo,nao_nulos
caixa_001_2014_11_novembro_bases_relatório_executivo_30112014,valor_da_contrapartida_do_poder_publico,nao_nulos
caixa_001_2014_11_novembro_bases_relatório_executivo_30112014,valor_total_do_investimento,nao_nulos
caixa_001_2014_11_novembro_bases_relatório_executivo_30112014,siaci_valorsubsidio_fgts,nao_nulos
caixa_001_2014_11_novembro_bases_relatório_executivo_30112014,siaci_valorsubsidio_ogu,nao_nulos
caixa_001_2014_11_novembro_bases_relatório_executivo_30112014,idregistro,nao_nulos
caixa_001_2014_11_novembro_bases_relatório_executivo_30112014,codapf,negocio
caixa_001_2014_11_novembro_bases_relatório_executivo_30112014,codapf,nao_nulos
caixa_001_2014_11_novembro_bases_relatório_executivo_30112014,construtora,nao_nulos
caixa_001_2014_11_novembro_bases_relatório_executivo_30112014,cnpj,nao_nulos
caixa_001_2014_11_novembro_bases_relatório_executivo_30112014,administracao_por_condominio,nao_nulos
caixa_001_2014_11_novembro_bases_relatório_executivo_30112014,trabalho_tecnico_social_tts,nao_nulos
caixa_001_2014_11_novembro_bases_relatório_executivo_30112014,dataprevistasr,nao_nulos
caixa_001_2014_11_novembro_bases_relatório_executivo_30112014,valor_total_liberado,nao_nulos
caixa_001_2014_11_novembro_bases_relatório_executivo_30112014,de_obra_executada,nao_nulos
caixa_001_2014_11_novembro_bases_relatório_executivo_30112014,unidades_concluidas,nao_nulos
caixa_001_2014_11_novembro_bases_relatório_executivo_30112014,unidades_em_obras,nao_nulos
caixa_001_2014_11_novembro_bases_relatório_executivo_30112014,faixa_perc,nao_nulos
caixa_001_2014_11_novembro_bases_relatório_executivo_30112014,data_prevista_termino_obra,nao_nulos
caixa_001_2014_11_novembro_bases_relatório_executivo_30112014,unidades_entregues,nao_nulos
caixa_001_2014_11_novembro_bases_relatório_executivo_30112014,ano,nao_nulos
caixa_001_2014_11_novembro_bases_relatório_executivo_30112014,id_mcmv,nao_nulos
caixa_001_2014_11_novembro_bases_relatório_executivo_30112014,report_date,negocio
caixa_001_2014_11_novembro_bases_relatório_executivo_30112014,report_date,nao_nulos
caixa_001_2015_01_janeiro_bases_relatório_executivo_31012015,cmcmv,nao_nulos
caixa_001_2015_01_janeiro_bases_relatório_executivo_31012015,uf,nao_nulos
caixa_001_2015_01_janeiro_bases_relatório_executivo_31012015,municipio,nao_nulos
caixa_001_2015_01_janeiro_bases_relatório_executivo_31012015,cod_munic_ibge,nao_nulos
caixa_001_2015_01_janeiro_bases_relatório_executivo_31012015,recortes_territoriais,nao_nulos
caixa_001_2015_01_janeiro_bases_relatório_executivo_31012015,produto,nao_nulos
caixa_001_2015_01_janeiro_bases_relatório_executivo_31012015,faixa,nao_nulos
caixa_001_2015_01_janeiro_bases_relatório_executivo_31012015,faixa_divisao,nao_nulos
caixa_001_2015_01_janeiro_bases_relatório_executivo_31012015,iregistro,nao_nulos
caixa_001_2015_01_janeiro_bases_relatório_executivo_31012015,cod_apf,negocio
caixa_001_2015_01_janeiro_bases_relatório_executivo_31012015,cod_apf,nao_nulos
caixa_001_2015_01_janeiro_bases_relatório_executivo_31012015,vnome_empreendimento,nao_nulos
caixa_001_2015_01_janeiro_bases_relatório_executivo_31012015,endereco_do_empreendimento,nao_nulos
caixa_001_2015_01_janeiro_bases_relatório_executivo_31012015,vnome_construtora,nao_nulos
caixa_001_2015_01_janeiro_bases_relatório_executivo_31012015,inumero_cnpj,nao_nulos
caixa_001_2015_01_janeiro_bases_relatório_executivo_31012015,uh,nao_nulos
caixa_001_2015_01_janeiro_bases_relatório_executivo_31012015,iqde_unidades_entregues,nao_nulos
caixa_001_2015_01_janeiro_bases_relatório_executivo_31012015,uh_concluidas,nao_nulos
caixa_001_2015_01_janeiro_bases_relatório_executivo_31012015,uh_em_obras,nao_nulos
caixa_001_2015_01_janeiro_bases_relatório_executivo_31012015,uh_comercializadas,nao_nulos
caixa_001_2015_01_janeiro_bases_relatório_executivo_31012015,valor_do_emprestimo,nao_nulos
caixa_001_2015_01_janeiro_bases_relatório_executivo_31012015,valor_contrapartida_poder_publico,nao_nulos
caixa_001_2015_01_janeiro_bases_relatório_executivo_31012015,valor_total_do_investimento,nao_nulos
caixa_001_2015_01_janeiro_bases_relatório_executivo_31012015,subsidio_fgts,nao_nulos
caixa_001_2015_01_janeiro_bases_relatório_executivo_31012015,subsidio_ogu,nao_nulos
caixa_001_2015_01_janeiro_bases_relatório_executivo_31012015,valor_total_liberado,nao_nulos
caixa_001_2015_01_janeiro_bases_relatório_executivo_31012015,valor_gestao_condominial,nao_nulos
caixa_001_2015_01_janeiro_bases_relatório_executivo_31012015,obra_executada,nao_nulos
caixa_001_2015_01_janeiro_bases_relatório_executivo_31012015,vfaixa_percentual,nao_nulos
caixa_001_2015_01_janeiro_bases_relatório_executivo_31012015,ano_contratacao,nao_nulos
caixa_001_2015_01_janeiro_bases_relatório_executivo_31012015,data_prevista_termino_obra,nao_nulos
caixa_001_2015_01_janeiro_bases_relatório_executivo_31012015,report_date,negocio
caixa_001_2015_01_janeiro_bases_relatório_executivo_31012015,report_date,nao_nulos
caixa_001_2015_02_fevereiro_bases_relatório_executivo_28022015,cmcmv,nao_nulos
caixa_001_2015_02_fevereiro_bases_relatório_executivo_28022015,uf,nao_nulos
caixa_001_2015_02_fevereiro_bases_relatório_executivo_28022015,municipio,nao_nulos
caixa_001_2015_02_fevereiro_bases_relatório_executivo_28022015,cod_munic_ibge,nao_nulos
caixa_001_2015_02_fevereiro_bases_relatório_executivo_28022015,recortes_territoriais,nao_nulos
caixa_001_2015_02_fevereiro_bases_relatório_executivo_28022015,produto,nao_nulos
caixa_001_2015_02_fevereiro_bases_relatório_executivo_28022015,faixa,nao_nulos
caixa_001_2015_02_fevereiro_bases_relatório_executivo_28022015,faixa_divisao,nao_nulos
caixa_001_2015_02_fevereiro_bases_relatório_executivo_28022015,iregistro,nao_nulos
caixa_001_2015_02_fevereiro_bases_relatório_executivo_28022015,cod_apf,negocio
caixa_001_2015_02_fevereiro_bases_relatório_executivo_28022015,cod_apf,nao_nulos
caixa_001_2015_02_fevereiro_bases_relatório_executivo_28022015,vnome_empreendimento,nao_nulos
caixa_001_2015_02_fevereiro_bases_relatório_executivo_28022015,endereco_do_empreendimento,nao_nulos
caixa_001_2015_02_fevereiro_bases_relatório_executivo_28022015,vnome_construtora,nao_nulos
caixa_001_2015_02_fevereiro_bases_relatório_executivo_28022015,inumero_cnpj,nao_nulos
caixa_001_2015_02_fevereiro_bases_relatório_executivo_28022015,uh,nao_nulos
caixa_001_2015_02_fevereiro_bases_relatório_executivo_28022015,iqde_unidades_entregues,nao_nulos
caixa_001_2015_02_fevereiro_bases_relatório_executivo_28022015,uh_concluidas,nao_nulos
caixa_001_2015_02_fevereiro_bases_relatório_executivo_28022015,uh_em_obras,nao_nulos
caixa_001_2015_02_fevereiro_bases_relatório_executivo_28022015,uh_comercializadas,nao_nulos
caixa_001_2015_02_fevereiro_bases_relatório_executivo_28022015,valor_do_emprestimo,nao_nulos
caixa_001_2015_02_fevereiro_bases_relatório_executivo_28022015,valor_contrapartida_poder_publico,nao_nulos
caixa_001_2015_02_fevereiro_bases_relatório_executivo_28022015,valor_total_do_investimento,nao_nulos
caixa_001_2015_02_fevereiro_bases_relatório_executivo_28022015,subsidio_fgts,nao_nulos
caixa_001_2015_02_fevereiro_bases_relatório_executivo_28022015,subsidio_ogu,nao_nulos
caixa_001_2015_02_fevereiro_bases_relatório_executivo_28022015,valor_total_liberado,nao_nulos
caixa_001_2015_02_fevereiro_bases_relatório_executivo_28022015,valor_gestao_condominial,nao_nulos
caixa_001_2015_02_fevereiro_bases_relatório_executivo_28022015,obra_executada,nao_nulos
caixa_001_2015_02_fevereiro_bases_relatório_executivo_28022015,vfaixa_percentual,nao_nulos
caixa_001_2015_02_fevereiro_bases_relatório_executivo_28022015,ano_contratacao,nao_nulos
caixa_001_2015_02_fevereiro_bases_relatório_executivo_28022015,data_prevista_termino_obra,nao_nulos
caixa_001_2015_02_fevereiro_bases_relatório_executivo_28022015,report_date,negocio
caixa_001_2015_02_fevereiro_bases_relatório_executivo_28022015,report_date,nao_nulos
caixa_001_2015_03_marco_bases_relatório_executivo_31032015,cmcmv,nao_nulos
caixa_001_2015_03_marco_bases_relatório_executivo_31032015,uf,nao_nulos
caixa_001_2015_03_marco_bases_relatório_executivo_31032015,municipio,nao_nulos
caixa_001_2015_03_marco_bases_relatório_executivo_31032015,cod_munic_ibge,nao_nulos
caixa_001_2015_03_marco_bases_relatório_executivo_31032015,recortes_territoriais,nao_nulos
caixa_001_2015_03_marco_bases_relatório_executivo_31032015,produto,nao_nulos
caixa_001_2015_03_marco_bases_relatório_executivo_31032015,faixa,nao_nulos
caixa_001_2015_03_marco_bases_relatório_executivo_31032015,faixa_divisao,nao_nulos
caixa_001_2015_03_marco_bases_relatório_executivo_31032015,iregistro,nao_nulos
caixa_001_2015_03_marco_bases_relatório_executivo_31032015,cod_apf,negocio
caixa_001_2015_03_marco_bases_relatório_executivo_31032015,cod_apf,nao_nulos
caixa_001_2015_03_marco_bases_relatório_executivo_31032015,vnome_empreendimento,nao_nulos
caixa_001_2015_03_marco_bases_relatório_executivo_31032015,endereco_do_empreendimento,nao_nulos
caixa_001_2015_03_marco_bases_relatório_executivo_31032015,vnome_construtora,nao_nulos
caixa_001_2015_03_marco_bases_relatório_executivo_31032015,inumero_cnpj,nao_nulos
caixa_001_2015_03_marco_bases_relatório_executivo_31032015,uh,nao_nulos
caixa_001_2015_03_marco_bases_relatório_executivo_31032015,iqde_unidades_entregues,nao_nulos
caixa_001_2015_03_marco_bases_relatório_executivo_31032015,uh_concluidas,nao_nulos
caixa_001_2015_03_marco_bases_relatório_executivo_31032015,uh_em_obras,nao_nulos
caixa_001_2015_03_marco_bases_relatório_executivo_31032015,uh_comercializadas,nao_nulos
caixa_001_2015_03_marco_bases_relatório_executivo_31032015,valor_do_emprestimo,nao_nulos
caixa_001_2015_03_marco_bases_relatório_executivo_31032015,valor_contrapartida_poder_publico,nao_nulos
caixa_001_2015_03_marco_bases_relatório_executivo_31032015,valor_total_do_investimento,nao_nulos
caixa_001_2015_03_marco_bases_relatório_executivo_31032015,subsidio_fgts,nao_nulos
caixa_001_2015_03_marco_bases_relatório_executivo_31032015,subsidio_ogu,nao_nulos
caixa_001_2015_03_marco_bases_relatório_executivo_31032015,valor_total_liberado,nao_nulos
caixa_001_2015_03_marco_bases_relatório_executivo_31032015,valor_gestao_condominial,nao_nulos
caixa_001_2015_03_marco_bases_relatório_executivo_31032015,obra_executada,nao_nulos
caixa_001_2015_03_marco_bases_relatório_executivo_31032015,vfaixa_percentual,nao_nulos
caixa_001_2015_03_marco_bases_relatório_executivo_31032015,ano_contratacao,nao_nulos
caixa_001_2015_03_marco_bases_relatório_executivo_31032015,data_prevista_termino_obra,nao_nulos
caixa_001_2015_03_marco_bases_relatório_executivo_31032015,report_date,negocio
caixa_001_2015_03_marco_bases_relatório_executivo_31032015,report_date,nao_nulos
caixa_001_2015_04_abril_bases_relatório_executivo_30042015,cmcmv,nao_nulos
caixa_001_2015_04_abril_bases_relatório_executivo_30042015,uf,nao_nulos
caixa_001_2015_04_abril_bases_relatório_executivo_30042015,municipio,nao_nulos
caixa_001_2015_04_abril_bases_relatório_executivo_30042015,cod_munic_ibge,nao_nulos
caixa_001_2015_04_abril_bases_relatório_executivo_30042015,recortes_territoriais,nao_nulos
caixa_001_2015_04_abril_bases_relatório_executivo_30042015,produto,nao_nulos
caixa_001_2015_04_abril_bases_relatório_executivo_30042015,faixa,nao_nulos
caixa_001_2015_04_abril_bases_relatório_executivo_30042015,faixa_divisao,nao_nulos
caixa_001_2015_04_abril_bases_relatório_executivo_30042015,cod_apf,negocio
caixa_001_2015_04_abril_bases_relatório_executivo_30042015,cod_apf,nao_nulos
caixa_001_2015_04_abril_bases_relatório_executivo_30042015,vnome_empreendimento,nao_nulos
caixa_001_2015_04_abril_bases_relatório_executivo_30042015,endereco_do_empreendimento,nao_nulos
caixa_001_2015_04_abril_bases_relatório_executivo_30042015,vnome_construtora,nao_nulos
caixa_001_2015_04_abril_bases_relatório_executivo_30042015,inumero_cnpj,nao_nulos
caixa_001_2015_04_abril_bases_relatório_executivo_30042015,uh,nao_nulos
caixa_001_2015_04_abril_bases_relatório_executivo_30042015,iqde_unidades_entregues,nao_nulos
caixa_001_2015_04_abril_bases_relatório_executivo_30042015,uh_concluidas,nao_nulos
caixa_001_2015_04_abril_bases_relatório_executivo_30042015,uh_em_obras,nao_nulos
caixa_001_2015_04_abril_bases_relatório_executivo_30042015,uh_comercializadas,nao_nulos
caixa_001_2015_04_abril_bases_relatório_executivo_30042015,valor_do_emprestimo,nao_nulos
caixa_001_2015_04_abril_bases_relatório_executivo_30042015,valor_contrapartida_poder_publico,nao_nulos
caixa_001_2015_04_abril_bases_relatório_executivo_30042015,valor_total_do_investimento,nao_nulos
caixa_001_2015_04_abril_bases_relatório_executivo_30042015,subsidio_fgts,nao_nulos
caixa_001_2015_04_abril_bases_relatório_executivo_30042015,subsidio_ogu,nao_nulos
caixa_001_2015_04_abril_bases_relatório_executivo_30042015,valor_total_liberado,nao_nulos
caixa_001_2015_04_abril_bases_relatório_executivo_30042015,valor_gestao_condominial,nao_nulos
caixa_001_2015_04_abril_bases_relatório_executivo_30042015,obra_executada,nao_nulos
caixa_001_2015_04_abril_bases_relatório_executivo_30042015,vfaixa_percentual,nao_nulos
caixa_001_2015_04_abril_bases_relatório_executivo_30042015,data_contratacao,nao_nulos
caixa_001_2015_04_abril_bases_relatório_executivo_30042015,ano_contratacao,nao_nulos
caixa_001_2015_04_abril_bases_relatório_executivo_30042015,report_date,negocio
caixa_001_2015_04_abril_bases_relatório_executivo_30042015,report_date,nao_nulos
caixa_001_2015_04_abril_bases_relatório_executivo_30042015_v2,cmcmv,nao_nulos
caixa_001_2015_04_abril_bases_relatório_executivo_30042015_v2,uf,nao_nulos
caixa_001_2015_04_abril_bases_relatório_executivo_30042015_v2,municipio,nao_nulos
caixa_001_2015_04_abril_bases_relatório_executivo_30042015_v2,cod_munic_ibge,nao_nulos
caixa_001_2015_04_abril_bases_relatório_executivo_30042015_v2,recortes_territoriais,nao_nulos
caixa_001_2015_04_abril_bases_relatório_executivo_30042015_v2,produto,nao_nulos
caixa_001_2015_04_abril_bases_relatório_executivo_30042015_v2,faixa,nao_nulos
caixa_001_2015_04_abril_bases_relatório_executivo_30042015_v2,faixa_divisao,nao_nulos
caixa_001_2015_04_abril_bases_relatório_executivo_30042015_v2,cod_apf,negocio
caixa_001_2015_04_abril_bases_relatório_executivo_30042015_v2,cod_apf,nao_nulos
caixa_001_2015_04_abril_bases_relatório_executivo_30042015_v2,vnome_empreendimento,nao_nulos
caixa_001_2015_04_abril_bases_relatório_executivo_30042015_v2,endereco_do_empreendimento,nao_nulos
caixa_001_2015_04_abril_bases_relatório_executivo_30042015_v2,vnome_construtora,nao_nulos
caixa_001_2015_04_abril_bases_relatório_executivo_30042015_v2,inumero_cnpj,nao_nulos
caixa_001_2015_04_abril_bases_relatório_executivo_30042015_v2,uh,nao_nulos
caixa_001_2015_04_abril_bases_relatório_executivo_30042015_v2,iqde_unidades_entregues,nao_nulos
caixa_001_2015_04_abril_bases_relatório_executivo_30042015_v2,uh_concluidas,nao_nulos
caixa_001_2015_04_abril_bases_relatório_executivo_30042015_v2,uh_em_obras,nao_nulos
caixa_001_2015_04_abril_bases_relatório_executivo_30042015_v2,uh_comercializadas,nao_nulos
caixa_001_2015_04_abril_bases_relatório_executivo_30042015_v2,valor_do_emprestimo,nao_nulos
caixa_001_2015_04_abril_bases_relatório_executivo_30042015_v2,valor_contrapartida_poder_publico,nao_nulos
caixa_001_2015_04_abril_bases_relatório_executivo_30042015_v2,valor_total_do_investimento,nao_nulos
caixa_001_2015_04_abril_bases_relatório_executivo_30042015_v2,subsidio_fgts,nao_nulos
caixa_001_2015_04_abril_bases_relatório_executivo_30042015_v2,subsidio_ogu,nao_nulos
caixa_001_2015_04_abril_bases_relatório_executivo_30042015_v2,valor_total_liberado,nao_nulos
caixa_001_2015_04_abril_bases_relatório_executivo_30042015_v2,valor_gestao_condominial,nao_nulos
caixa_001_2015_04_abril_bases_relatório_executivo_30042015_v2,obra_executada,nao_nulos
caixa_001_2015_04_abril_bases_relatório_executivo_30042015_v2,vfaixa_percentual,nao_nulos
caixa_001_2015_04_abril_bases_relatório_executivo_30042015_v2,data_contratacao,nao_nulos
caixa_001_2015_04_abril_bases_relatório_executivo_30042015_v2,ano_contratacao,nao_nulos
caixa_001_2015_04_abril_bases_relatório_executivo_30042015_v2,report_date,negocio
caixa_001_2015_04_abril_bases_relatório_executivo_30042015_v2,report_date,nao_nulos
caixa_001_2015_05_maio_bases_relat_rio_executivo_31052015,cmcmv,nao_nulos
caixa_001_2015_05_maio_bases_relat_rio_executivo_31052015,uf,nao_nulos
caixa_001_2015_05_maio_bases_relat_rio_executivo_31052015,municipio,nao_nulos
caixa_001_2015_05_maio_bases_relat_rio_executivo_31052015,cod_munic_ibge,nao_nulos
caixa_001_2015_05_maio_bases_relat_rio_executivo_31052015,recortes_territoriais,nao_nulos
caixa_001_2015_05_maio_bases_relat_rio_executivo_31052015,produto,nao_nulos
caixa_001_2015_05_maio_bases_relat_rio_executivo_31052015,faixa,nao_nulos
caixa_001_2015_05_maio_bases_relat_rio_executivo_31052015,faixa_divisao,nao_nulos
caixa_001_2015_05_maio_bases_relat_rio_executivo_31052015,cod_apf,negocio
caixa_001_2015_05_maio_bases_relat_rio_executivo_31052015,cod_apf,nao_nulos
caixa_001_2015_05_maio_bases_relat_rio_executivo_31052015,vnome_empreendimento,nao_nulos
caixa_001_2015_05_maio_bases_relat_rio_executivo_31052015,endereco_do_empreendimento,nao_nulos
caixa_001_2015_05_maio_bases_relat_rio_executivo_31052015,vnome_construtora,nao_nulos
caixa_001_2015_05_maio_bases_relat_rio_executivo_31052015,inumero_cnpj,nao_nulos
caixa_001_2015_05_maio_bases_relat_rio_executivo_31052015,uh,nao_nulos
caixa_001_2015_05_maio_bases_relat_rio_executivo_31052015,iqde_unidades_entregues,nao_nulos
caixa_001_2015_05_maio_bases_relat_rio_executivo_31052015,uh_concluidas,nao_nulos
caixa_001_2015_05_maio_bases_relat_rio_executivo_31052015,uh_em_obras,nao_nulos
caixa_001_2015_05_maio_bases_relat_rio_executivo_31052015,uh_comercializadas,nao_nulos
caixa_001_2015_05_maio_bases_relat_rio_executivo_31052015,valor_do_emprestimo,nao_nulos
caixa_001_2015_05_maio_bases_relat_rio_executivo_31052015,valor_contrapartida_poder_publico,nao_nulos
caixa_001_2015_05_maio_bases_relat_rio_executivo_31052015,valor_total_do_investimento,nao_nulos
caixa_001_2015_05_maio_bases_relat_rio_executivo_31052015,subsidio_fgts,nao_nulos
caixa_001_2015_05_maio_bases_relat_rio_executivo_31052015,subsidio_ogu,nao_nulos
caixa_001_2015_05_maio_bases_relat_rio_executivo_31052015,valor_total_liberado,nao_nulos
caixa_001_2015_05_maio_bases_relat_rio_executivo_31052015,valor_gestao_condominial,nao_nulos
caixa_001_2015_05_maio_bases_relat_rio_executivo_31052015,obra_executada,nao_nulos
caixa_001_2015_05_maio_bases_relat_rio_executivo_31052015,vfaixa_percentual,nao_nulos
caixa_001_2015_05_maio_bases_relat_rio_executivo_31052015,data_contratacao,nao_nulos
caixa_001_2015_05_maio_bases_relat_rio_executivo_31052015,ano_contratacao,nao_nulos
caixa_001_2015_05_maio_bases_relat_rio_executivo_31052015,report_date,negocio
caixa_001_2015_05_maio_bases_relat_rio_executivo_31052015,report_date,nao_nulos
caixa_001_2015_06_junho_bases_relatório_executivo_30062015,cmcmv,nao_nulos
caixa_001_2015_06_junho_bases_relatório_executivo_30062015,uf,nao_nulos
caixa_001_2015_06_junho_bases_relatório_executivo_30062015,municipio,nao_nulos
caixa_001_2015_06_junho_bases_relatório_executivo_30062015,cod_munic_ibge,nao_nulos
caixa_001_2015_06_junho_bases_relatório_executivo_30062015,recortes_territoriais,nao_nulos
caixa_001_2015_06_junho_bases_relatório_executivo_30062015,produto,nao_nulos
caixa_001_2015_06_junho_bases_relatório_executivo_30062015,faixa,nao_nulos
caixa_001_2015_06_junho_bases_relatório_executivo_30062015,faixa_divisao,nao_nulos
caixa_001_2015_06_junho_bases_relatório_executivo_30062015,cod_apf,negocio
caixa_001_2015_06_junho_bases_relatório_executivo_30062015,cod_apf,nao_nulos
caixa_001_2015_06_junho_bases_relatório_executivo_30062015,vnome_empreendimento,nao_nulos
caixa_001_2015_06_junho_bases_relatório_executivo_30062015,endereco_do_empreendimento,nao_nulos
caixa_001_2015_06_junho_bases_relatório_executivo_30062015,vnome_construtora,nao_nulos
caixa_001_2015_06_junho_bases_relatório_executivo_30062015,inumero_cnpj,nao_nulos
caixa_001_2015_06_junho_bases_relatório_executivo_30062015,uh,nao_nulos
caixa_001_2015_06_junho_bases_relatório_executivo_30062015,iqde_unidades_entregues,nao_nulos
caixa_001_2015_06_junho_bases_relatório_executivo_30062015,uh_concluidas,nao_nulos
caixa_001_2015_06_junho_bases_relatório_executivo_30062015,uh_em_obras,nao_nulos
caixa_001_2015_06_junho_bases_relatório_executivo_30062015,uh_comercializadas,nao_nulos
caixa_001_2015_06_junho_bases_relatório_executivo_30062015,valor_do_emprestimo,nao_nulos
caixa_001_2015_06_junho_bases_relatório_executivo_30062015,valor_contrapartida_poder_publico,nao_nulos
caixa_001_2015_06_junho_bases_relatório_executivo_30062015,valor_total_do_investimento,nao_nulos
caixa_001_2015_06_junho_bases_relatório_executivo_30062015,subsidio_fgts,nao_nulos
caixa_001_2015_06_junho_bases_relatório_executivo_30062015,subsidio_ogu,nao_nulos
caixa_001_2015_06_junho_bases_relatório_executivo_30062015,valor_total_liberado,nao_nulos
caixa_001_2015_06_junho_bases_relatório_executivo_30062015,valor_gestao_condominial,nao_nulos
caixa_001_2015_06_junho_bases_relatório_executivo_30062015,obra_executada,nao_nulos
caixa_001_2015_06_junho_bases_relatório_executivo_30062015,vfaixa_percentual,nao_nulos
caixa_001_2015_06_junho_bases_relatório_executivo_30062015,data_contratacao,nao_nulos
caixa_001_2015_06_junho_bases_relatório_executivo_30062015,ano_contratacao,nao_nulos
caixa_001_2015_06_junho_bases_relatório_executivo_30062015,report_date,negocio
caixa_001_2015_06_junho_bases_relatório_executivo_30062015,report_date,nao_nulos
caixa_001_2015_06_junho_bext_30062015,icodigo_empreendimento,nao_nulos
caixa_001_2015_06_junho_bext_30062015,vinstituicao,nao_nulos
caixa_001_2015_06_junho_bext_30062015,iprograma_mcmv,nao_nulos
caixa_001_2015_06_junho_bext_30062015,csigla_origem,nao_nulos
caixa_001_2015_06_junho_bext_30062015,cfaixa,nao_nulos
caixa_001_2015_06_junho_bext_30062015,csigla_uf,nao_nulos
caixa_001_2015_06_junho_bext_30062015,icodigo_municipio_ibge_sem_dv,nao_nulos
caixa_001_2015_06_junho_bext_30062015,vnome_municipio,nao_nulos
caixa_001_2015_06_junho_bext_30062015,vporte_municipio,nao_nulos
caixa_001_2015_06_junho_bext_30062015,mvalor_emprestimo,nao_nulos
caixa_001_2015_06_junho_bext_30062015,mvalor_investimento,nao_nulos
caixa_001_2015_06_junho_bext_30062015,mvalor_contrapartida_poder_publico,nao_nulos
caixa_001_2015_06_junho_bext_30062015,iqde_uh,nao_nulos
caixa_001_2015_06_junho_bext_30062015,vfaixa_perc_obra,nao_nulos
caixa_001_2015_06_junho_bext_30062015,iqde_uh_entregues,nao_nulos
caixa_001_2015_06_junho_bext_30062015,iqde_uh_em_obras,nao_nulos
caixa_001_2015_06_junho_bext_30062015,iqde_uh_concluidas,nao_nulos
caixa_001_2015_06_junho_bext_30062015,iano_mes,nao_nulos
caixa_001_2015_06_junho_bext_30062015,vnome_produto,nao_nulos
caixa_001_2015_06_junho_bext_30062015,mvalor_desembolso,nao_nulos
caixa_001_2015_06_junho_bext_30062015,mvalor_subsidio,nao_nulos
caixa_001_2015_06_junho_bext_30062015,mvalor_financiamento,nao_nulos
caixa_001_2015_06_junho_bext_30062015,report_date,negocio
caixa_001_2015_06_junho_bext_30062015,report_date,nao_nulos
caixa_001_2015_07_julho_bases_relatório_executivo_31072015,cmcmv,nao_nulos
caixa_001_2015_07_julho_bases_relatório_executivo_31072015,uf,nao_nulos
caixa_001_2015_07_julho_bases_relatório_executivo_31072015,municipio,nao_nulos
caixa_001_2015_07_julho_bases_relatório_executivo_31072015,cod_munic_ibge,nao_nulos
caixa_001_2015_07_julho_bases_relatório_executivo_31072015,recortes_territoriais,nao_nulos
caixa_001_2015_07_julho_bases_relatório_executivo_31072015,produto,nao_nulos
caixa_001_2015_07_julho_bases_relatório_executivo_31072015,faixa,nao_nulos
caixa_001_2015_07_julho_bases_relatório_executivo_31072015,faixa_divisao,nao_nulos
caixa_001_2015_07_julho_bases_relatório_executivo_31072015,cod_apf,negocio
caixa_001_2015_07_julho_bases_relatório_executivo_31072015,cod_apf,nao_nulos
caixa_001_2015_07_julho_bases_relatório_executivo_31072015,vnome_empreendimento,nao_nulos
caixa_001_2015_07_julho_bases_relatório_executivo_31072015,endereco_do_empreendimento,nao_nulos
caixa_001_2015_07_julho_bases_relatório_executivo_31072015,vnome_construtora,nao_nulos
caixa_001_2015_07_julho_bases_relatório_executivo_31072015,inumero_cnpj,nao_nulos
caixa_001_2015_07_julho_bases_relatório_executivo_31072015,uh,nao_nulos
caixa_001_2015_07_julho_bases_relatório_executivo_31072015,iqde_unidades_entregues,nao_nulos
caixa_001_2015_07_julho_bases_relatório_executivo_31072015,uh_concluidas,nao_nulos
caixa_001_2015_07_julho_bases_relatório_executivo_31072015,uh_em_obras,nao_nulos
caixa_001_2015_07_julho_bases_relatório_executivo_31072015,uh_comercializadas,nao_nulos
caixa_001_2015_07_julho_bases_relatório_executivo_31072015,valor_do_emprestimo,nao_nulos
caixa_001_2015_07_julho_bases_relatório_executivo_31072015,valor_contrapartida_poder_publico,nao_nulos
caixa_001_2015_07_julho_bases_relatório_executivo_31072015,valor_total_do_investimento,nao_nulos
caixa_001_2015_07_julho_bases_relatório_executivo_31072015,subsidio_fgts,nao_nulos
caixa_001_2015_07_julho_bases_relatório_executivo_31072015,subsidio_ogu,nao_nulos
caixa_001_2015_07_julho_bases_relatório_executivo_31072015,valor_total_liberado,nao_nulos
caixa_001_2015_07_julho_bases_relatório_executivo_31072015,valor_gestao_condominial,nao_nulos
caixa_001_2015_07_julho_bases_relatório_executivo_31072015,obra_executada,nao_nulos
caixa_001_2015_07_julho_bases_relatório_executivo_31072015,vfaixa_percentual,nao_nulos
caixa_001_2015_07_julho_bases_relatório_executivo_31072015,ano_contratacao,nao_nulos
caixa_001_2015_07_julho_bases_relatório_executivo_31072015,report_date,negocio
caixa_001_2015_07_julho_bases_relatório_executivo_31072015,report_date,nao_nulos
caixa_001_2015_07_julho_min_cidades_pf_pf,cod_contrato,negocio
caixa_001_2015_07_julho_min_cidades_pf_pf,cod_contrato,nao_nulos
caixa_001_2015_07_julho_min_cidades_pf_pf,cod_municipio,negocio
caixa_001_2015_07_julho_min_cidades_pf_pf,cod_municipio,nao_nulos
caixa_001_2015_07_julho_min_cidades_pf_pf,num_programa,nao_nulos
caixa_001_2015_07_julho_min_cidades_pf_pf,num_faixa,nao_nulos
caixa_001_2015_07_julho_min_cidades_pf_pf,qtd_uh,nao_nulos
caixa_001_2015_07_julho_min_cidades_pf_pf,vlr_financiamento,nao_nulos
caixa_001_2015_07_julho_min_cidades_pf_pf,vlr_subsidio_fgts,nao_nulos
caixa_001_2015_07_julho_min_cidades_pf_pf,vlr_subsidio_ogu,nao_nulos
caixa_001_2015_07_julho_min_cidades_pf_pf,qtd_entregue,nao_nulos
caixa_001_2015_07_julho_min_cidades_pf_pf,fase_mcmv,nao_nulos
caixa_001_2015_07_julho_min_cidades_pf_pf,qtd_concluida,nao_nulos
caixa_001_2015_07_julho_min_cidades_pf_pf,dat_contratacao,negocio
caixa_001_2015_07_julho_min_cidades_pf_pf,vlr_recurso_proprio,nao_nulos
caixa_001_2015_07_julho_min_cidades_pf_pf,vlr_sacado_fgts,nao_nulos
caixa_001_2015_07_julho_min_cidades_pf_pf,dat_atualizacao,negocio
caixa_001_2015_07_julho_min_cidades_pf_pf,dat_atualizacao,nao_nulos
caixa_001_2015_07_julho_min_cidades_pf_pf,report_date,negocio
caixa_001_2015_07_julho_min_cidades_pf_pf,report_date,nao_nulos
caixa_001_2015_07_julho_min_cidades_pj,cod_empreendimento,nao_nulos
caixa_001_2015_07_julho_min_cidades_pj,cod_municipio,negocio
caixa_001_2015_07_julho_min_cidades_pj,cod_municipio,nao_nulos
caixa_001_2015_07_julho_min_cidades_pj,num_faixa,nao_nulos
caixa_001_2015_07_julho_min_cidades_pj,modalidade,nao_nulos
caixa_001_2015_07_julho_min_cidades_pj,qtd_unidade_habitacional,nao_nulos
caixa_001_2015_07_julho_min_cidades_pj,vlr_emprestimo,nao_nulos
caixa_001_2015_07_julho_min_cidades_pj,num_programa,nao_nulos
caixa_001_2015_07_julho_min_cidades_pj,prc_execucao_obra,nao_nulos
caixa_001_2015_07_julho_min_cidades_pj,vlr_contrapartida,nao_nulos
caixa_001_2015_07_julho_min_cidades_pj,dsc_empreendimento,nao_nulos
caixa_001_2015_07_julho_min_cidades_pj,dsc_endereco,nao_nulos
caixa_001_2015_07_julho_min_cidades_pj,nom_proponente,nao_nulos
caixa_001_2015_07_julho_min_cidades_pj,cod_cnpj_proponente,nao_nulos
caixa_001_2015_07_julho_min_cidades_pj,dat_contratacao,negocio
caixa_001_2015_07_julho_min_cidades_pj,dat_contratacao,nao_nulos
caixa_001_2015_07_julho_min_cidades_pj,vlr_total_liberado,nao_nulos
caixa_001_2015_07_julho_min_cidades_pj,dat_prevista_termino,nao_nulos
caixa_001_2015_07_julho_min_cidades_pj,qtd_comercializadas,nao_nulos
caixa_001_2015_07_julho_min_cidades_pj,qtd_unidade_concluida,nao_nulos
caixa_001_2015_07_julho_min_cidades_pj,qtd_unidade_entregue,nao_nulos
caixa_001_2015_07_julho_min_cidades_pj,dat_atualizacao,negocio
caixa_001_2015_07_julho_min_cidades_pj,dat_atualizacao,nao_nulos
caixa_001_2015_07_julho_min_cidades_pj,report_date,negocio
caixa_001_2015_07_julho_min_cidades_pj,report_date,nao_nulos
caixa_001_2015_07_julho_min_cidades_pj_pf,nr_prpt,nao_nulos
caixa_001_2015_07_julho_min_cidades_pj_pf,cod_contrato,negocio
caixa_001_2015_07_julho_min_cidades_pj_pf,cod_contrato,nao_nulos
caixa_001_2015_07_julho_min_cidades_pj_pf,cod_municipio,negocio
caixa_001_2015_07_julho_min_cidades_pj_pf,cod_municipio,nao_nulos
caixa_001_2015_07_julho_min_cidades_pj_pf,num_programa,nao_nulos
caixa_001_2015_07_julho_min_cidades_pj_pf,num_faixa,nao_nulos
caixa_001_2015_07_julho_min_cidades_pj_pf,vlr_financiamento,nao_nulos
caixa_001_2015_07_julho_min_cidades_pj_pf,vlr_sacado_fgts,nao_nulos
caixa_001_2015_07_julho_min_cidades_pj_pf,vlr_subsidio_fgts,nao_nulos
caixa_001_2015_07_julho_min_cidades_pj_pf,vlr_subsidio_ogu,nao_nulos
caixa_001_2015_07_julho_min_cidades_pj_pf,dat_contratacao,negocio
caixa_001_2015_07_julho_min_cidades_pj_pf,dat_contratacao,nao_nulos
caixa_001_2015_07_julho_min_cidades_pj_pf,vlr_recurso_proprio,nao_nulos
caixa_001_2015_07_julho_min_cidades_pj_pf,vlr_total_operacao,nao_nulos
caixa_001_2015_07_julho_min_cidades_pj_pf,dat_atualizacao,negocio
caixa_001_2015_07_julho_min_cidades_pj_pf,dat_atualizacao,nao_nulos
caixa_001_2015_07_julho_min_cidades_pj_pf,report_date,negocio
caixa_001_2015_07_julho_min_cidades_pj_pf,report_date,nao_nulos
caixa_001_2015_10_outubro_bases_relatório_executivo_31102015,cmcmv,nao_nulos
caixa_001_2015_10_outubro_bases_relatório_executivo_31102015,uf,nao_nulos
caixa_001_2015_10_outubro_bases_relatório_executivo_31102015,municipio,nao_nulos
caixa_001_2015_10_outubro_bases_relatório_executivo_31102015,cod_munic_ibge,nao_nulos
caixa_001_2015_10_outubro_bases_relatório_executivo_31102015,recortes_territoriais,nao_nulos
caixa_001_2015_10_outubro_bases_relatório_executivo_31102015,produto,nao_nulos
caixa_001_2015_10_outubro_bases_relatório_executivo_31102015,faixa,nao_nulos
caixa_001_2015_10_outubro_bases_relatório_executivo_31102015,faixa_divisao,nao_nulos
caixa_001_2015_10_outubro_bases_relatório_executivo_31102015,cod_apf,negocio
caixa_001_2015_10_outubro_bases_relatório_executivo_31102015,cod_apf,nao_nulos
caixa_001_2015_10_outubro_bases_relatório_executivo_31102015,vnome_empreendimento,nao_nulos
caixa_001_2015_10_outubro_bases_relatório_executivo_31102015,endereco_do_empreendimento,nao_nulos
caixa_001_2015_10_outubro_bases_relatório_executivo_31102015,vnome_construtora,nao_nulos
caixa_001_2015_10_outubro_bases_relatório_executivo_31102015,inumero_cnpj,nao_nulos
caixa_001_2015_10_outubro_bases_relatório_executivo_31102015,uh,nao_nulos
caixa_001_2015_10_outubro_bases_relatório_executivo_31102015,iqde_unidades_entregues,nao_nulos
caixa_001_2015_10_outubro_bases_relatório_executivo_31102015,uh_concluidas,nao_nulos
caixa_001_2015_10_outubro_bases_relatório_executivo_31102015,uh_em_obras,nao_nulos
caixa_001_2015_10_outubro_bases_relatório_executivo_31102015,uh_comercializadas,nao_nulos
caixa_001_2015_10_outubro_bases_relatório_executivo_31102015,valor_do_emprestimo,nao_nulos
caixa_001_2015_10_outubro_bases_relatório_executivo_31102015,valor_contrapartida_poder_publico,nao_nulos
caixa_001_2015_10_outubro_bases_relatório_executivo_31102015,valor_total_do_investimento,nao_nulos
caixa_001_2015_10_outubro_bases_relatório_executivo_31102015,subsidio_fgts,nao_nulos
caixa_001_2015_10_outubro_bases_relatório_executivo_31102015,subsidio_ogu,nao_nulos
caixa_001_2015_10_outubro_bases_relatório_executivo_31102015,valor_total_liberado,nao_nulos
caixa_001_2015_10_outubro_bases_relatório_executivo_31102015,valor_gestao_condominial,nao_nulos
caixa_001_2015_10_outubro_bases_relatório_executivo_31102015,obra_executada,nao_nulos
caixa_001_2015_10_outubro_bases_relatório_executivo_31102015,vfaixa_percentual,nao_nulos
caixa_001_2015_10_outubro_bases_relatório_executivo_31102015,ano_contratacao,nao_nulos
caixa_001_2015_10_outubro_bases_relatório_executivo_31102015,situacao_de_obra,nao_nulos
caixa_001_2015_10_outubro_bases_relatório_executivo_31102015,report_date,negocio
caixa_001_2015_10_outubro_bases_relatório_executivo_31102015,report_date,nao_nulos
caixa_001_2015_10_outubro_bext_31102015,icodigo_empreendimento,nao_nulos
caixa_001_2015_10_outubro_bext_31102015,vinstituicao,nao_nulos
caixa_001_2015_10_outubro_bext_31102015,iprograma_mcmv,nao_nulos
caixa_001_2015_10_outubro_bext_31102015,csigla_origem,nao_nulos
caixa_001_2015_10_outubro_bext_31102015,cfaixa,nao_nulos
caixa_001_2015_10_outubro_bext_31102015,csigla_uf,nao_nulos
caixa_001_2015_10_outubro_bext_31102015,icodigo_municipio_ibge_sem_dv,nao_nulos
caixa_001_2015_10_outubro_bext_31102015,vnome_municipio,nao_nulos
caixa_001_2015_10_outubro_bext_31102015,vporte_municipio,nao_nulos
caixa_001_2015_10_outubro_bext_31102015,mvalor_emprestimo,nao_nulos
caixa_001_2015_10_outubro_bext_31102015,mvalor_investimento,nao_nulos
caixa_001_2015_10_outubro_bext_31102015,mvalor_contrapartida_poder_publico,nao_nulos
caixa_001_2015_10_outubro_bext_31102015,iqde_uh,nao_nulos
caixa_001_2015_10_outubro_bext_31102015,vfaixa_perc_obra,nao_nulos
caixa_001_2015_10_outubro_bext_31102015,iqde_uh_entregues,nao_nulos
caixa_001_2015_10_outubro_bext_31102015,iqde_uh_em_obras,nao_nulos
caixa_001_2015_10_outubro_bext_31102015,iqde_uh_concluidas,nao_nulos
caixa_001_2015_10_outubro_bext_31102015,iano_mes,nao_nulos
caixa_001_2015_10_outubro_bext_31102015,vnome_produto,nao_nulos
caixa_001_2015_10_outubro_bext_31102015,mvalor_desembolso,nao_nulos
caixa_001_2015_10_outubro_bext_31102015,mvalor_subsidio,nao_nulos
caixa_001_2015_10_outubro_bext_31102015,mvalor_financiamento,nao_nulos
caixa_001_2015_10_outubro_bext_31102015,report_date,negocio
caixa_001_2015_10_outubro_bext_31102015,report_date,nao_nulos
caixa_001_2015_11_novembro_bases_relatório_executivo_30112015,cmcmv,nao_nulos
caixa_001_2015_11_novembro_bases_relatório_executivo_30112015,uf,nao_nulos
caixa_001_2015_11_novembro_bases_relatório_executivo_30112015,municipio,nao_nulos
caixa_001_2015_11_novembro_bases_relatório_executivo_30112015,cod_munic_ibge,nao_nulos
caixa_001_2015_11_novembro_bases_relatório_executivo_30112015,recortes_territoriais,nao_nulos
caixa_001_2015_11_novembro_bases_relatório_executivo_30112015,produto,nao_nulos
caixa_001_2015_11_novembro_bases_relatório_executivo_30112015,faixa,nao_nulos
caixa_001_2015_11_novembro_bases_relatório_executivo_30112015,faixa_divisao,nao_nulos
caixa_001_2015_11_novembro_bases_relatório_executivo_30112015,cod_apf,negocio
caixa_001_2015_11_novembro_bases_relatório_executivo_30112015,cod_apf,nao_nulos
caixa_001_2015_11_novembro_bases_relatório_executivo_30112015,vnome_empreendimento,nao_nulos
caixa_001_2015_11_novembro_bases_relatório_executivo_30112015,endereco_do_empreendimento,nao_nulos
caixa_001_2015_11_novembro_bases_relatório_executivo_30112015,vnome_construtora,nao_nulos
caixa_001_2015_11_novembro_bases_relatório_executivo_30112015,inumero_cnpj,nao_nulos
caixa_001_2015_11_novembro_bases_relatório_executivo_30112015,uh,nao_nulos
caixa_001_2015_11_novembro_bases_relatório_executivo_30112015,iqde_unidades_entregues,nao_nulos
caixa_001_2015_11_novembro_bases_relatório_executivo_30112015,uh_concluidas,nao_nulos
caixa_001_2015_11_novembro_bases_relatório_executivo_30112015,uh_em_obras,nao_nulos
caixa_001_2015_11_novembro_bases_relatório_executivo_30112015,uh_comercializadas,nao_nulos
caixa_001_2015_11_novembro_bases_relatório_executivo_30112015,valor_do_emprestimo,nao_nulos
caixa_001_2015_11_novembro_bases_relatório_executivo_30112015,valor_contrapartida_poder_publico,nao_nulos
caixa_001_2015_11_novembro_bases_relatório_executivo_30112015,valor_total_do_investimento,nao_nulos
caixa_001_2015_11_novembro_bases_relatório_executivo_30112015,subsidio_fgts,nao_nulos
caixa_001_2015_11_novembro_bases_relatório_executivo_30112015,subsidio_ogu,nao_nulos
caixa_001_2015_11_novembro_bases_relatório_executivo_30112015,valor_total_liberado,nao_nulos
caixa_001_2015_11_novembro_bases_relatório_executivo_30112015,valor_gestao_condominial,nao_nulos
caixa_001_2015_11_novembro_bases_relatório_executivo_30112015,obra_executada,nao_nulos
caixa_001_2015_11_novembro_bases_relatório_executivo_30112015,vfaixa_percentual,nao_nulos
caixa_001_2015_11_novembro_bases_relatório_executivo_30112015,data_contratacao,nao_nulos
caixa_001_2015_11_novembro_bases_relatório_executivo_30112015,ano_contratacao,nao_nulos
caixa_001_2015_11_novembro_bases_relatório_executivo_30112015,situacao_de_obra,nao_nulos
caixa_001_2015_11_novembro_bases_relatório_executivo_30112015,report_date,negocio
caixa_001_2015_11_novembro_bases_relatório_executivo_30112015,report_date,nao_nulos
caixa_001_2015_datas_entregas_pj_mcmv_30062015,col,nao_nulos
caixa_001_2015_datas_entregas_pj_mcmv_30062015,2013_05_16_00_00_00_2013_04_29_00_00_00,nao_nulos
caixa_001_2015_datas_entregas_pj_mcmv_30062015,report_date,negocio
caixa_001_2016_02_fevereiro_relatorio_cidades_20160229_v2,cod_empreendimento,nao_nulos
caixa_001_2016_02_fevereiro_relatorio_cidades_20160229_v2,inst,nao_nulos
caixa_001_2016_02_fevereiro_relatorio_cidades_20160229_v2,pmcmv,nao_nulos
caixa_001_2016_02_fevereiro_relatorio_cidades_20160229_v2,origem,nao_nulos
caixa_001_2016_02_fevereiro_relatorio_cidades_20160229_v2,faixa,nao_nulos
caixa_001_2016_02_fevereiro_relatorio_cidades_20160229_v2,uf,nao_nulos
caixa_001_2016_02_fevereiro_relatorio_cidades_20160229_v2,codigo_ibge,negocio
caixa_001_2016_02_fevereiro_relatorio_cidades_20160229_v2,codigo_ibge,nao_nulos
caixa_001_2016_02_fevereiro_relatorio_cidades_20160229_v2,nome_do_municipio,nao_nulos
caixa_001_2016_02_fevereiro_relatorio_cidades_20160229_v2,porte_de_municipio,nao_nulos
caixa_001_2016_02_fevereiro_relatorio_cidades_20160229_v2,valor_do_emprestimo,nao_nulos
caixa_001_2016_02_fevereiro_relatorio_cidades_20160229_v2,valor_do_investimento,nao_nulos
caixa_001_2016_02_fevereiro_relatorio_cidades_20160229_v2,contrapartida_poder_publico,nao_nulos
caixa_001_2016_02_fevereiro_relatorio_cidades_20160229_v2,uh,nao_nulos
caixa_001_2016_02_fevereiro_relatorio_cidades_20160229_v2,obra,nao_nulos
caixa_001_2016_02_fevereiro_relatorio_cidades_20160229_v2,entregues,nao_nulos
caixa_001_2016_02_fevereiro_relatorio_cidades_20160229_v2,uh_em_obras,nao_nulos
caixa_001_2016_02_fevereiro_relatorio_cidades_20160229_v2,uh_concluidos,nao_nulos
caixa_001_2016_02_fevereiro_relatorio_cidades_20160229_v2,anomes,nao_nulos
caixa_001_2016_02_fevereiro_relatorio_cidades_20160229_v2,produto,nao_nulos
caixa_001_2016_02_fevereiro_relatorio_cidades_20160229_v2,valor_desembolsado,nao_nulos
caixa_001_2016_02_fevereiro_relatorio_cidades_20160229_v2,valor_subsidio,nao_nulos
caixa_001_2016_02_fevereiro_relatorio_cidades_20160229_v2,valor_financiamento,nao_nulos
caixa_001_2016_02_fevereiro_relatorio_cidades_20160229_v2,report_date,negocio
caixa_001_2016_02_fevereiro_relatorio_cidades_20160229_v2,report_date,nao_nulos
caixa_001_2016_bases_relatório_executivo_30042016,cmcmv,nao_nulos
caixa_001_2016_bases_relatório_executivo_30042016,uf,nao_nulos
caixa_001_2016_bases_relatório_executivo_30042016,municipio,nao_nulos
caixa_001_2016_bases_relatório_executivo_30042016,cod_munic_ibge,nao_nulos
caixa_001_2016_bases_relatório_executivo_30042016,recortes_territoriais,nao_nulos
caixa_001_2016_bases_relatório_executivo_30042016,produto,nao_nulos
caixa_001_2016_bases_relatório_executivo_30042016,faixa,nao_nulos
caixa_001_2016_bases_relatório_executivo_30042016,faixa_divisao,nao_nulos
caixa_001_2016_bases_relatório_executivo_30042016,cod_apf,negocio
caixa_001_2016_bases_relatório_executivo_30042016,cod_apf,nao_nulos
caixa_001_2016_bases_relatório_executivo_30042016,vnome_empreendimento,nao_nulos
caixa_001_2016_bases_relatório_executivo_30042016,vnome_construtora,nao_nulos
caixa_001_2016_bases_relatório_executivo_30042016,inumero_cnpj,nao_nulos
caixa_001_2016_bases_relatório_executivo_30042016,uh,nao_nulos
caixa_001_2016_bases_relatório_executivo_30042016,iqde_unidades_entregues,nao_nulos
caixa_001_2016_bases_relatório_executivo_30042016,uh_concluidas,nao_nulos
caixa_001_2016_bases_relatório_executivo_30042016,uh_em_obras,nao_nulos
caixa_001_2016_bases_relatório_executivo_30042016,uh_comercializadas,nao_nulos
caixa_001_2016_bases_relatório_executivo_30042016,valor_do_emprestimo,nao_nulos
caixa_001_2016_bases_relatório_executivo_30042016,valor_contrapartida_poder_publico,nao_nulos
caixa_001_2016_bases_relatório_executivo_30042016,valor_total_do_investimento,nao_nulos
caixa_001_2016_bases_relatório_executivo_30042016,subsidio_fgts,nao_nulos
caixa_001_2016_bases_relatório_executivo_30042016,subsidio_ogu,nao_nulos
caixa_001_2016_bases_relatório_executivo_30042016,valor_total_liberado,nao_nulos
caixa_001_2016_bases_relatório_executivo_30042016,valor_gestao_condominial,nao_nulos
caixa_001_2016_bases_relatório_executivo_30042016,obra_executada,nao_nulos
caixa_001_2016_bases_relatório_executivo_30042016,vfaixa_percentual,nao_nulos
caixa_001_2016_bases_relatório_executivo_30042016,data_contratacao,nao_nulos
caixa_001_2016_bases_relatório_executivo_30042016,ano_contratacao,nao_nulos
caixa_001_2016_bases_relatório_executivo_30042016,situacao_de_obra,nao_nulos
caixa_001_2016_bases_relatório_executivo_30042016,instituicao,nao_nulos
caixa_001_2016_bases_relatório_executivo_30042016,report_date,negocio
caixa_001_2016_bext_30042016,icodigo_empreendimento,nao_nulos
caixa_001_2016_bext_30042016,vinstituicao,nao_nulos
caixa_001_2016_bext_30042016,iprograma_mcmv,nao_nulos
caixa_001_2016_bext_30042016,csigla_origem,nao_nulos
caixa_001_2016_bext_30042016,cfaixa,nao_nulos
caixa_001_2016_bext_30042016,csigla_uf,nao_nulos
caixa_001_2016_bext_30042016,icodigo_municipio_ibge_sem_dv,nao_nulos
caixa_001_2016_bext_30042016,vnome_municipio,nao_nulos
caixa_001_2016_bext_30042016,vporte_municipio,nao_nulos
caixa_001_2016_bext_30042016,mvalor_emprestimo,nao_nulos
caixa_001_2016_bext_30042016,mvalor_investimento,nao_nulos
caixa_001_2016_bext_30042016,mvalor_contrapartida_poder_publico,nao_nulos
caixa_001_2016_bext_30042016,iqde_uh,nao_nulos
caixa_001_2016_bext_30042016,vfaixa_perc_obra,nao_nulos
caixa_001_2016_bext_30042016,iqde_uh_entregues,nao_nulos
caixa_001_2016_bext_30042016,iqde_uh_em_obras,nao_nulos
caixa_001_2016_bext_30042016,iqde_uh_concluidas,nao_nulos
caixa_001_2016_bext_30042016,iano_mes,nao_nulos
caixa_001_2016_bext_30042016,vnome_produto,nao_nulos
caixa_001_2016_bext_30042016,mvalor_desembolso,nao_nulos
caixa_001_2016_bext_30042016,mvalor_subsidio,nao_nulos
caixa_001_2016_bext_30042016,mvalor_financiamento,nao_nulos
caixa_001_2016_bext_30042016,report_date,negocio
caixa_001_2016_grafico_mcmv_31082016,4417483_0,nao_nulos
caixa_001_2016_grafico_mcmv_31082016,contratado,nao_nulos
caixa_001_2016_grafico_mcmv_31082016,report_date,negocio
caixa_001_2017_contratação_por_uf_nov_2017,uf,nao_nulos
caixa_001_2017_contratação_por_uf_nov_2017,faixa,nao_nulos
caixa_001_2017_contratação_por_uf_nov_2017,uh_contratadas,nao_nulos
caixa_001_2017_contratação_por_uf_nov_2017,valor,nao_nulos
caixa_001_2017_contratação_por_uf_nov_2017,uh_concluidas,nao_nulos
caixa_001_2017_contratação_por_uf_nov_2017,uh_entregues,nao_nulos
caixa_001_2017_contratação_por_uf_nov_2017,instituicao,nao_nulos
caixa_001_2017_contratação_por_uf_nov_2017,pmcmv,nao_nulos
caixa_001_2017_contratação_por_uf_nov_2017,report_date,negocio
caixa_002_2015_07_julho_bext_31072015,icodigo_empreendimento,nao_nulos
caixa_002_2015_07_julho_bext_31072015,vinstituicao,nao_nulos
caixa_002_2015_07_julho_bext_31072015,iprograma_mcmv,nao_nulos
caixa_002_2015_07_julho_bext_31072015,csigla_origem,nao_nulos
caixa_002_2015_07_julho_bext_31072015,cfaixa,nao_nulos
caixa_002_2015_07_julho_bext_31072015,csigla_uf,nao_nulos
caixa_002_2015_07_julho_bext_31072015,icodigo_municipio_ibge_sem_dv,nao_nulos
caixa_002_2015_07_julho_bext_31072015,vnome_municipio,nao_nulos
caixa_002_2015_07_julho_bext_31072015,vporte_municipio,nao_nulos
caixa_002_2015_07_julho_bext_31072015,mvalor_emprestimo,nao_nulos
caixa_002_2015_07_julho_bext_31072015,mvalor_investimento,nao_nulos
caixa_002_2015_07_julho_bext_31072015,mvalor_contrapartida_poder_publico,nao_nulos
caixa_002_2015_07_julho_bext_31072015,iqde_uh,nao_nulos
caixa_002_2015_07_julho_bext_31072015,vfaixa_perc_obra,nao_nulos
caixa_002_2015_07_julho_bext_31072015,iqde_uh_entregues,nao_nulos
caixa_002_2015_07_julho_bext_31072015,iqde_uh_em_obras,nao_nulos
caixa_002_2015_07_julho_bext_31072015,iqde_uh_concluidas,nao_nulos
caixa_002_2015_07_julho_bext_31072015,iano_mes,nao_nulos
caixa_002_2015_07_julho_bext_31072015,vnome_produto,nao_nulos
caixa_002_2015_07_julho_bext_31072015,mvalor_desembolso,nao_nulos
caixa_002_2015_07_julho_bext_31072015,mvalor_subsidio,nao_nulos
caixa_002_2015_07_julho_bext_31072015,mvalor_financiamento,nao_nulos
caixa_002_2015_07_julho_bext_31072015,report_date,negocio
caixa_002_2015_07_julho_bext_31072015,report_date,nao_nulos
caixa_002_2015_08_agosto_bases_relatório_executivo_12082015,cmcmv,nao_nulos
caixa_002_2015_08_agosto_bases_relatório_executivo_12082015,uf,nao_nulos
caixa_002_2015_08_agosto_bases_relatório_executivo_12082015,municipio,nao_nulos
caixa_002_2015_08_agosto_bases_relatório_executivo_12082015,cod_munic_ibge,nao_nulos
caixa_002_2015_08_agosto_bases_relatório_executivo_12082015,recortes_territoriais,nao_nulos
caixa_002_2015_08_agosto_bases_relatório_executivo_12082015,produto,nao_nulos
caixa_002_2015_08_agosto_bases_relatório_executivo_12082015,faixa,nao_nulos
caixa_002_2015_08_agosto_bases_relatório_executivo_12082015,faixa_divisao,nao_nulos
caixa_002_2015_08_agosto_bases_relatório_executivo_12082015,cod_apf,negocio
caixa_002_2015_08_agosto_bases_relatório_executivo_12082015,cod_apf,nao_nulos
caixa_002_2015_08_agosto_bases_relatório_executivo_12082015,vnome_construtora,nao_nulos
caixa_002_2015_08_agosto_bases_relatório_executivo_12082015,inumero_cnpj,nao_nulos
caixa_002_2015_08_agosto_bases_relatório_executivo_12082015,uh,nao_nulos
caixa_002_2015_08_agosto_bases_relatório_executivo_12082015,iqde_unidades_entregues,nao_nulos
caixa_002_2015_08_agosto_bases_relatório_executivo_12082015,uh_concluidas,nao_nulos
caixa_002_2015_08_agosto_bases_relatório_executivo_12082015,uh_em_obras,nao_nulos
caixa_002_2015_08_agosto_bases_relatório_executivo_12082015,uh_comercializadas,nao_nulos
caixa_002_2015_08_agosto_bases_relatório_executivo_12082015,valor_do_emprestimo,nao_nulos
caixa_002_2015_08_agosto_bases_relatório_executivo_12082015,valor_contrapartida_poder_publico,nao_nulos
caixa_002_2015_08_agosto_bases_relatório_executivo_12082015,valor_total_do_investimento,nao_nulos
caixa_002_2015_08_agosto_bases_relatório_executivo_12082015,subsidio_fgts,nao_nulos
caixa_002_2015_08_agosto_bases_relatório_executivo_12082015,subsidio_ogu,nao_nulos
caixa_002_2015_08_agosto_bases_relatório_executivo_12082015,valor_total_liberado,nao_nulos
caixa_002_2015_08_agosto_bases_relatório_executivo_12082015,valor_gestao_condominial,nao_nulos
caixa_002_2015_08_agosto_bases_relatório_executivo_12082015,obra_executada,nao_nulos
caixa_002_2015_08_agosto_bases_relatório_executivo_12082015,vfaixa_percentual,nao_nulos
caixa_002_2015_08_agosto_bases_relatório_executivo_12082015,data_contratacao,nao_nulos
caixa_002_2015_08_agosto_bases_relatório_executivo_12082015,ano_contratacao,nao_nulos
caixa_002_2015_08_agosto_bases_relatório_executivo_12082015,report_date,negocio
caixa_002_2015_08_agosto_bases_relatório_executivo_12082015,report_date,nao_nulos
caixa_002_2015_08_agosto_bases_relatório_executivo_31082015,cmcmv,nao_nulos
caixa_002_2015_08_agosto_bases_relatório_executivo_31082015,uf,nao_nulos
caixa_002_2015_08_agosto_bases_relatório_executivo_31082015,municipio,nao_nulos
caixa_002_2015_08_agosto_bases_relatório_executivo_31082015,cod_munic_ibge,nao_nulos
caixa_002_2015_08_agosto_bases_relatório_executivo_31082015,recortes_territoriais,nao_nulos
caixa_002_2015_08_agosto_bases_relatório_executivo_31082015,produto,nao_nulos
caixa_002_2015_08_agosto_bases_relatório_executivo_31082015,faixa,nao_nulos
caixa_002_2015_08_agosto_bases_relatório_executivo_31082015,faixa_divisao,nao_nulos
caixa_002_2015_08_agosto_bases_relatório_executivo_31082015,cod_apf,negocio
caixa_002_2015_08_agosto_bases_relatório_executivo_31082015,cod_apf,nao_nulos
caixa_002_2015_08_agosto_bases_relatório_executivo_31082015,vnome_empreendimento,nao_nulos
caixa_002_2015_08_agosto_bases_relatório_executivo_31082015,endereco_do_empreendimento,nao_nulos
caixa_002_2015_08_agosto_bases_relatório_executivo_31082015,vnome_construtora,nao_nulos
caixa_002_2015_08_agosto_bases_relatório_executivo_31082015,inumero_cnpj,nao_nulos
caixa_002_2015_08_agosto_bases_relatório_executivo_31082015,uh,nao_nulos
caixa_002_2015_08_agosto_bases_relatório_executivo_31082015,iqde_unidades_entregues,nao_nulos
caixa_002_2015_08_agosto_bases_relatório_executivo_31082015,uh_concluidas,nao_nulos
caixa_002_2015_08_agosto_bases_relatório_executivo_31082015,uh_em_obras,nao_nulos
caixa_002_2015_08_agosto_bases_relatório_executivo_31082015,uh_comercializadas,nao_nulos
caixa_002_2015_08_agosto_bases_relatório_executivo_31082015,valor_do_emprestimo,nao_nulos
caixa_002_2015_08_agosto_bases_relatório_executivo_31082015,valor_contrapartida_poder_publico,nao_nulos
caixa_002_2015_08_agosto_bases_relatório_executivo_31082015,valor_total_do_investimento,nao_nulos
caixa_002_2015_08_agosto_bases_relatório_executivo_31082015,subsidio_fgts,nao_nulos
caixa_002_2015_08_agosto_bases_relatório_executivo_31082015,subsidio_ogu,nao_nulos
caixa_002_2015_08_agosto_bases_relatório_executivo_31082015,valor_total_liberado,nao_nulos
caixa_002_2015_08_agosto_bases_relatório_executivo_31082015,valor_gestao_condominial,nao_nulos
caixa_002_2015_08_agosto_bases_relatório_executivo_31082015,obra_executada,nao_nulos
caixa_002_2015_08_agosto_bases_relatório_executivo_31082015,vfaixa_percentual,nao_nulos
caixa_002_2015_08_agosto_bases_relatório_executivo_31082015,data_contratacao,nao_nulos
caixa_002_2015_08_agosto_bases_relatório_executivo_31082015,ano_contratacao,nao_nulos
caixa_002_2015_08_agosto_bases_relatório_executivo_31082015,report_date,negocio
caixa_002_2015_08_agosto_bases_relatório_executivo_31082015,report_date,nao_nulos
caixa_002_2015_12_dezembro_bases_relatório_executivo_31122015,cmcmv,nao_nulos
caixa_002_2015_12_dezembro_bases_relatório_executivo_31122015,uf,nao_nulos
caixa_002_2015_12_dezembro_bases_relatório_executivo_31122015,municipio,nao_nulos
caixa_002_2015_12_dezembro_bases_relatório_executivo_31122015,cod_munic_ibge,nao_nulos
caixa_002_2015_12_dezembro_bases_relatório_executivo_31122015,recortes_territoriais,nao_nulos
caixa_002_2015_12_dezembro_bases_relatório_executivo_31122015,produto,nao_nulos
caixa_002_2015_12_dezembro_bases_relatório_executivo_31122015,faixa,nao_nulos
caixa_002_2015_12_dezembro_bases_relatório_executivo_31122015,faixa_divisao,nao_nulos
caixa_002_2015_12_dezembro_bases_relatório_executivo_31122015,cod_apf,negocio
caixa_002_2015_12_dezembro_bases_relatório_executivo_31122015,cod_apf,nao_nulos
caixa_002_2015_12_dezembro_bases_relatório_executivo_31122015,vnome_empreendimento,nao_nulos
caixa_002_2015_12_dezembro_bases_relatório_executivo_31122015,endereco_do_empreendimento,nao_nulos
caixa_002_2015_12_dezembro_bases_relatório_executivo_31122015,vnome_construtora,nao_nulos
caixa_002_2015_12_dezembro_bases_relatório_executivo_31122015,inumero_cnpj,nao_nulos
caixa_002_2015_12_dezembro_bases_relatório_executivo_31122015,uh,nao_nulos
caixa_002_2015_12_dezembro_bases_relatório_executivo_31122015,iqde_unidades_entregues,nao_nulos
caixa_002_2015_12_dezembro_bases_relatório_executivo_31122015,uh_concluidas,nao_nulos
caixa_002_2015_12_dezembro_bases_relatório_executivo_31122015,uh_em_obras,nao_nulos
caixa_002_2015_12_dezembro_bases_relatório_executivo_31122015,uh_comercializadas,nao_nulos
caixa_002_2015_12_dezembro_bases_relatório_executivo_31122015,valor_do_emprestimo,nao_nulos
caixa_002_2015_12_dezembro_bases_relatório_executivo_31122015,valor_contrapartida_poder_publico,nao_nulos
caixa_002_2015_12_dezembro_bases_relatório_executivo_31122015,valor_total_do_investimento,nao_nulos
caixa_002_2015_12_dezembro_bases_relatório_executivo_31122015,subsidio_fgts,nao_nulos
caixa_002_2015_12_dezembro_bases_relatório_executivo_31122015,subsidio_ogu,nao_nulos
caixa_002_2015_12_dezembro_bases_relatório_executivo_31122015,valor_total_liberado,nao_nulos
caixa_002_2015_12_dezembro_bases_relatório_executivo_31122015,valor_gestao_condominial,nao_nulos
caixa_002_2015_12_dezembro_bases_relatório_executivo_31122015,obra_executada,nao_nulos
caixa_002_2015_12_dezembro_bases_relatório_executivo_31122015,vfaixa_percentual,nao_nulos
caixa_002_2015_12_dezembro_bases_relatório_executivo_31122015,ano_contratacao,nao_nulos
caixa_002_2015_12_dezembro_bases_relatório_executivo_31122015,report_date,negocio
caixa_002_2015_12_dezembro_bases_relatório_executivo_31122015,report_date,nao_nulos
caixa_002_2015_12_dezembro_bext_31122015,icodigo_empreendimento,nao_nulos
caixa_002_2015_12_dezembro_bext_31122015,vinstituicao,nao_nulos
caixa_002_2015_12_dezembro_bext_31122015,iprograma_mcmv,nao_nulos
caixa_002_2015_12_dezembro_bext_31122015,csigla_origem,nao_nulos
caixa_002_2015_12_dezembro_bext_31122015,cfaixa,nao_nulos
caixa_002_2015_12_dezembro_bext_31122015,csigla_uf,nao_nulos
caixa_002_2015_12_dezembro_bext_31122015,icodigo_municipio_ibge_sem_dv,nao_nulos
caixa_002_2015_12_dezembro_bext_31122015,vnome_municipio,nao_nulos
caixa_002_2015_12_dezembro_bext_31122015,vporte_municipio,nao_nulos
caixa_002_2015_12_dezembro_bext_31122015,mvalor_emprestimo,nao_nulos
caixa_002_2015_12_dezembro_bext_31122015,mvalor_investimento,nao_nulos
caixa_002_2015_12_dezembro_bext_31122015,mvalor_contrapartida_poder_publico,nao_nulos
caixa_002_2015_12_dezembro_bext_31122015,iqde_uh,nao_nulos
caixa_002_2015_12_dezembro_bext_31122015,vfaixa_perc_obra,nao_nulos
caixa_002_2015_12_dezembro_bext_31122015,iqde_uh_entregues,nao_nulos
caixa_002_2015_12_dezembro_bext_31122015,iqde_uh_em_obras,nao_nulos
caixa_002_2015_12_dezembro_bext_31122015,iqde_uh_concluidas,nao_nulos
caixa_002_2015_12_dezembro_bext_31122015,iano_mes,nao_nulos
caixa_002_2015_12_dezembro_bext_31122015,vnome_produto,nao_nulos
caixa_002_2015_12_dezembro_bext_31122015,mvalor_desembolso,nao_nulos
caixa_002_2015_12_dezembro_bext_31122015,mvalor_subsidio,nao_nulos
caixa_002_2015_12_dezembro_bext_31122015,mvalor_financiamento,nao_nulos
caixa_002_2015_12_dezembro_bext_31122015,report_date,negocio
caixa_002_2015_12_dezembro_bext_31122015,report_date,nao_nulos
caixa_002_2016_08_agosto_bases_relatório_executivo_31082016,cmcmv,nao_nulos
caixa_002_2016_08_agosto_bases_relatório_executivo_31082016,uf,nao_nulos
caixa_002_2016_08_agosto_bases_relatório_executivo_31082016,municipio,nao_nulos
caixa_002_2016_08_agosto_bases_relatório_executivo_31082016,cod_munic_ibge,nao_nulos
caixa_002_2016_08_agosto_bases_relatório_executivo_31082016,recortes_territoriais,nao_nulos
caixa_002_2016_08_agosto_bases_relatório_executivo_31082016,produto,nao_nulos
caixa_002_2016_08_agosto_bases_relatório_executivo_31082016,faixa,nao_nulos
caixa_002_2016_08_agosto_bases_relatório_executivo_31082016,faixa_divisao,nao_nulos
caixa_002_2016_08_agosto_bases_relatório_executivo_31082016,cod_apf,negocio
caixa_002_2016_08_agosto_bases_relatório_executivo_31082016,cod_apf,nao_nulos
caixa_002_2016_08_agosto_bases_relatório_executivo_31082016,vnome_empreendimento,nao_nulos
caixa_002_2016_08_agosto_bases_relatório_executivo_31082016,endereco_do_empreendimento,nao_nulos
caixa_002_2016_08_agosto_bases_relatório_executivo_31082016,vnome_construtora,nao_nulos
caixa_002_2016_08_agosto_bases_relatório_executivo_31082016,inumero_cnpj,nao_nulos
caixa_002_2016_08_agosto_bases_relatório_executivo_31082016,uh,nao_nulos
caixa_002_2016_08_agosto_bases_relatório_executivo_31082016,iqde_unidades_entregues,nao_nulos
caixa_002_2016_08_agosto_bases_relatório_executivo_31082016,uh_concluidas,nao_nulos
caixa_002_2016_08_agosto_bases_relatório_executivo_31082016,uh_em_obras,nao_nulos
caixa_002_2016_08_agosto_bases_relatório_executivo_31082016,uh_comercializadas,nao_nulos
caixa_002_2016_08_agosto_bases_relatório_executivo_31082016,valor_do_emprestimo,nao_nulos
caixa_002_2016_08_agosto_bases_relatório_executivo_31082016,valor_contrapartida_poder_publico,nao_nulos
caixa_002_2016_08_agosto_bases_relatório_executivo_31082016,valor_total_do_investimento,nao_nulos
caixa_002_2016_08_agosto_bases_relatório_executivo_31082016,subsidio_fgts,nao_nulos
caixa_002_2016_08_agosto_bases_relatório_executivo_31082016,subsidio_ogu,nao_nulos
caixa_002_2016_08_agosto_bases_relatório_executivo_31082016,valor_total_liberado,nao_nulos
caixa_002_2016_08_agosto_bases_relatório_executivo_31082016,valor_gestao_condominial,nao_nulos
caixa_002_2016_08_agosto_bases_relatório_executivo_31082016,obra_executada,nao_nulos
caixa_002_2016_08_agosto_bases_relatório_executivo_31082016,vfaixa_percentual,nao_nulos
caixa_002_2016_08_agosto_bases_relatório_executivo_31082016,data_contratacao,nao_nulos
caixa_002_2016_08_agosto_bases_relatório_executivo_31082016,ano_contratacao,nao_nulos
caixa_002_2016_08_agosto_bases_relatório_executivo_31082016,situacao_de_obra,nao_nulos
caixa_002_2016_08_agosto_bases_relatório_executivo_31082016,instituicao,nao_nulos
caixa_002_2016_08_agosto_bases_relatório_executivo_31082016,report_date,negocio
caixa_002_2016_08_agosto_bases_relatório_executivo_31082016,report_date,nao_nulos
caixa_002_2016_bases_relatório_executivo_31122016,cmcmv,nao_nulos
caixa_002_2016_bases_relatório_executivo_31122016,uf,nao_nulos
caixa_002_2016_bases_relatório_executivo_31122016,municipio,nao_nulos
caixa_002_2016_bases_relatório_executivo_31122016,cod_munic_ibge,nao_nulos
caixa_002_2016_bases_relatório_executivo_31122016,recortes_territoriais,nao_nulos
caixa_002_2016_bases_relatório_executivo_31122016,produto,nao_nulos
caixa_002_2016_bases_relatório_executivo_31122016,faixa,nao_nulos
caixa_002_2016_bases_relatório_executivo_31122016,faixa_divisao,nao_nulos
caixa_002_2016_bases_relatório_executivo_31122016,cod_apf,negocio
caixa_002_2016_bases_relatório_executivo_31122016,cod_apf,nao_nulos
caixa_002_2016_bases_relatório_executivo_31122016,vnome_empreendimento,nao_nulos
caixa_002_2016_bases_relatório_executivo_31122016,endereco_do_empreendimento,nao_nulos
caixa_002_2016_bases_relatório_executivo_31122016,vnome_construtora,nao_nulos
caixa_002_2016_bases_relatório_executivo_31122016,inumero_cnpj,nao_nulos
caixa_002_2016_bases_relatório_executivo_31122016,uh,nao_nulos
caixa_002_2016_bases_relatório_executivo_31122016,iqde_unidades_entregues,nao_nulos
caixa_002_2016_bases_relatório_executivo_31122016,uh_concluidas,nao_nulos
caixa_002_2016_bases_relatório_executivo_31122016,uh_em_obras,nao_nulos
caixa_002_2016_bases_relatório_executivo_31122016,uh_comercializadas,nao_nulos
caixa_002_2016_bases_relatório_executivo_31122016,valor_do_emprestimo,nao_nulos
caixa_002_2016_bases_relatório_executivo_31122016,valor_contrapartida_poder_publico,nao_nulos
caixa_002_2016_bases_relatório_executivo_31122016,valor_total_do_investimento,nao_nulos
caixa_002_2016_bases_relatório_executivo_31122016,subsidio_fgts,nao_nulos
caixa_002_2016_bases_relatório_executivo_31122016,subsidio_ogu,nao_nulos
caixa_002_2016_bases_relatório_executivo_31122016,valor_total_liberado,nao_nulos
caixa_002_2016_bases_relatório_executivo_31122016,valor_gestao_condominial,nao_nulos
caixa_002_2016_bases_relatório_executivo_31122016,obra_executada,nao_nulos
caixa_002_2016_bases_relatório_executivo_31122016,vfaixa_percentual,nao_nulos
caixa_002_2016_bases_relatório_executivo_31122016,data_contratacao,nao_nulos
caixa_002_2016_bases_relatório_executivo_31122016,ano_contratacao,nao_nulos
caixa_002_2016_bases_relatório_executivo_31122016,instituicao,nao_nulos
caixa_002_2016_bases_relatório_executivo_31122016,report_date,negocio
caixa_002_2016_bext_31122016,icodigo_empreendimento,nao_nulos
caixa_002_2016_bext_31122016,vinstituicao,nao_nulos
caixa_002_2016_bext_31122016,iprograma_mcmv,nao_nulos
caixa_002_2016_bext_31122016,csigla_origem,nao_nulos
caixa_002_2016_bext_31122016,cfaixa,nao_nulos
caixa_002_2016_bext_31122016,csigla_uf,nao_nulos
caixa_002_2016_bext_31122016,icodigo_municipio_ibge_sem_dv,nao_nulos
caixa_002_2016_bext_31122016,vnome_municipio,nao_nulos
caixa_002_2016_bext_31122016,vporte_municipio,nao_nulos
caixa_002_2016_bext_31122016,mvalor_emprestimo,nao_nulos
caixa_002_2016_bext_31122016,mvalor_investimento,nao_nulos
caixa_002_2016_bext_31122016,mvalor_contrapartida_poder_publico,nao_nulos
caixa_002_2016_bext_31122016,iqde_uh,nao_nulos
caixa_002_2016_bext_31122016,vfaixa_perc_obra,nao_nulos
caixa_002_2016_bext_31122016,iqde_uh_entregues,nao_nulos
caixa_002_2016_bext_31122016,iqde_uh_em_obras,nao_nulos
caixa_002_2016_bext_31122016,iqde_uh_concluidas,nao_nulos
caixa_002_2016_bext_31122016,iano_mes,nao_nulos
caixa_002_2016_bext_31122016,vnome_produto,nao_nulos
caixa_002_2016_bext_31122016,mvalor_desembolso,nao_nulos
caixa_002_2016_bext_31122016,mvalor_subsidio,nao_nulos
caixa_002_2016_bext_31122016,mvalor_financiamento,nao_nulos
caixa_002_2016_bext_31122016,report_date,negocio
caixa_002_2017_bases_relat_rio_executivo_abr2017,cmcmv,nao_nulos
caixa_002_2017_bases_relat_rio_executivo_abr2017,uf,nao_nulos
caixa_002_2017_bases_relat_rio_executivo_abr2017,municipio,nao_nulos
caixa_002_2017_bases_relat_rio_executivo_abr2017,cod_munic_ibge,nao_nulos
caixa_002_2017_bases_relat_rio_executivo_abr2017,recortes_territoriais,nao_nulos
caixa_002_2017_bases_relat_rio_executivo_abr2017,produto,nao_nulos
caixa_002_2017_bases_relat_rio_executivo_abr2017,faixa,nao_nulos
caixa_002_2017_bases_relat_rio_executivo_abr2017,faixa_divisao,nao_nulos
caixa_002_2017_bases_relat_rio_executivo_abr2017,cod_apf,negocio
caixa_002_2017_bases_relat_rio_executivo_abr2017,cod_apf,nao_nulos
caixa_002_2017_bases_relat_rio_executivo_abr2017,vnome_empreendimento,nao_nulos
caixa_002_2017_bases_relat_rio_executivo_abr2017,endereco_do_empreendimento,nao_nulos
caixa_002_2017_bases_relat_rio_executivo_abr2017,vnome_construtora,nao_nulos
caixa_002_2017_bases_relat_rio_executivo_abr2017,inumero_cnpj,nao_nulos
caixa_002_2017_bases_relat_rio_executivo_abr2017,uh,nao_nulos
caixa_002_2017_bases_relat_rio_executivo_abr2017,iqde_unidades_entregues,nao_nulos
caixa_002_2017_bases_relat_rio_executivo_abr2017,uh_concluidas,nao_nulos
caixa_002_2017_bases_relat_rio_executivo_abr2017,uh_em_obras,nao_nulos
caixa_002_2017_bases_relat_rio_executivo_abr2017,uh_comercializadas,nao_nulos
caixa_002_2017_bases_relat_rio_executivo_abr2017,valor_do_emprestimo,nao_nulos
caixa_002_2017_bases_relat_rio_executivo_abr2017,valor_contrapartida_poder_publico,nao_nulos
caixa_002_2017_bases_relat_rio_executivo_abr2017,valor_total_do_investimento,nao_nulos
caixa_002_2017_bases_relat_rio_executivo_abr2017,subsidio_fgts,nao_nulos
caixa_002_2017_bases_relat_rio_executivo_abr2017,subsidio_ogu,nao_nulos
caixa_002_2017_bases_relat_rio_executivo_abr2017,valor_total_liberado,nao_nulos
caixa_002_2017_bases_relat_rio_executivo_abr2017,valor_gestao_condominial,nao_nulos
caixa_002_2017_bases_relat_rio_executivo_abr2017,obra_executada,nao_nulos
caixa_002_2017_bases_relat_rio_executivo_abr2017,vfaixa_percentual,nao_nulos
caixa_002_2017_bases_relat_rio_executivo_abr2017,data_contratacao,nao_nulos
caixa_002_2017_bases_relat_rio_executivo_abr2017,ano_contratacao,nao_nulos
caixa_002_2017_bases_relat_rio_executivo_abr2017,situacao_de_obra,nao_nulos
caixa_002_2017_bases_relat_rio_executivo_abr2017,instituicao,nao_nulos
caixa_002_2017_bases_relat_rio_executivo_abr2017,report_date,negocio
caixa_002_2017_bases_relat_rio_executivo_ago2017,cmcmv,nao_nulos
caixa_002_2017_bases_relat_rio_executivo_ago2017,uf,nao_nulos
caixa_002_2017_bases_relat_rio_executivo_ago2017,municipio,nao_nulos
caixa_002_2017_bases_relat_rio_executivo_ago2017,cod_munic_ibge,nao_nulos
caixa_002_2017_bases_relat_rio_executivo_ago2017,recortes_territoriais,nao_nulos
caixa_002_2017_bases_relat_rio_executivo_ago2017,produto,nao_nulos
caixa_002_2017_bases_relat_rio_executivo_ago2017,faixa,nao_nulos
caixa_002_2017_bases_relat_rio_executivo_ago2017,faixa_divisao,nao_nulos
caixa_002_2017_bases_relat_rio_executivo_ago2017,cod_apf,negocio
caixa_002_2017_bases_relat_rio_executivo_ago2017,cod_apf,nao_nulos
caixa_002_2017_bases_relat_rio_executivo_ago2017,vnome_empreendimento,nao_nulos
caixa_002_2017_bases_relat_rio_executivo_ago2017,endereco_do_empreendimento,nao_nulos
caixa_002_2017_bases_relat_rio_executivo_ago2017,vnome_construtora,nao_nulos
caixa_002_2017_bases_relat_rio_executivo_ago2017,inumero_cnpj,nao_nulos
caixa_002_2017_bases_relat_rio_executivo_ago2017,uh,nao_nulos
caixa_002_2017_bases_relat_rio_executivo_ago2017,iqde_unidades_entregues,nao_nulos
caixa_002_2017_bases_relat_rio_executivo_ago2017,uh_concluidas,nao_nulos
caixa_002_2017_bases_relat_rio_executivo_ago2017,uh_em_obras,nao_nulos
caixa_002_2017_bases_relat_rio_executivo_ago2017,uh_comercializadas,nao_nulos
caixa_002_2017_bases_relat_rio_executivo_ago2017,valor_do_emprestimo,nao_nulos
caixa_002_2017_bases_relat_rio_executivo_ago2017,valor_contrapartida_poder_publico,nao_nulos
caixa_002_2017_bases_relat_rio_executivo_ago2017,valor_total_do_investimento,nao_nulos
caixa_002_2017_bases_relat_rio_executivo_ago2017,subsidio_fgts,nao_nulos
caixa_002_2017_bases_relat_rio_executivo_ago2017,subsidio_ogu,nao_nulos
caixa_002_2017_bases_relat_rio_executivo_ago2017,valor_total_liberado,nao_nulos
caixa_002_2017_bases_relat_rio_executivo_ago2017,valor_gestao_condominial,nao_nulos
caixa_002_2017_bases_relat_rio_executivo_ago2017,obra_executada,nao_nulos
caixa_002_2017_bases_relat_rio_executivo_ago2017,vfaixa_percentual,nao_nulos
caixa_002_2017_bases_relat_rio_executivo_ago2017,data_contratacao,nao_nulos
caixa_002_2017_bases_relat_rio_executivo_ago2017,ano_contratacao,nao_nulos
caixa_002_2017_bases_relat_rio_executivo_ago2017,situacao_de_obra,nao_nulos
caixa_002_2017_bases_relat_rio_executivo_ago2017,instituicao,nao_nulos
caixa_002_2017_bases_relat_rio_executivo_ago2017,report_date,negocio
caixa_002_2017_bases_relatório_executivo_dez17,cmcmv,nao_nulos
caixa_002_2017_bases_relatório_executivo_dez17,uf,nao_nulos
caixa_002_2017_bases_relatório_executivo_dez17,municipio,nao_nulos
caixa_002_2017_bases_relatório_executivo_dez17,cod_munic_ibge,nao_nulos
caixa_002_2017_bases_relatório_executivo_dez17,recortes_territoriais,nao_nulos
caixa_002_2017_bases_relatório_executivo_dez17,produto,nao_nulos
caixa_002_2017_bases_relatório_executivo_dez17,faixa,nao_nulos
caixa_002_2017_bases_relatório_executivo_dez17,faixa_divisao,nao_nulos
caixa_002_2017_bases_relatório_executivo_dez17,cod_apf,negocio
caixa_002_2017_bases_relatório_executivo_dez17,cod_apf,nao_nulos
caixa_002_2017_bases_relatório_executivo_dez17,vnome_empreendimento,nao_nulos
caixa_002_2017_bases_relatório_executivo_dez17,endereco_do_empreendimento,nao_nulos
caixa_002_2017_bases_relatório_executivo_dez17,vnome_construtora,nao_nulos
caixa_002_2017_bases_relatório_executivo_dez17,inumero_cnpj,nao_nulos
caixa_002_2017_bases_relatório_executivo_dez17,uh,nao_nulos
caixa_002_2017_bases_relatório_executivo_dez17,iqde_unidades_entregues,nao_nulos
caixa_002_2017_bases_relatório_executivo_dez17,uh_concluidas,nao_nulos
caixa_002_2017_bases_relatório_executivo_dez17,uh_em_obras,nao_nulos
caixa_002_2017_bases_relatório_executivo_dez17,uh_comercializadas,nao_nulos
caixa_002_2017_bases_relatório_executivo_dez17,valor_do_emprestimo,nao_nulos
caixa_002_2017_bases_relatório_executivo_dez17,valor_contrapartida_poder_publico,nao_nulos
caixa_002_2017_bases_relatório_executivo_dez17,valor_total_do_investimento,nao_nulos
caixa_002_2017_bases_relatório_executivo_dez17,subsidio_fgts,nao_nulos
caixa_002_2017_bases_relatório_executivo_dez17,subsidio_ogu,nao_nulos
caixa_002_2017_bases_relatório_executivo_dez17,valor_total_liberado,nao_nulos
caixa_002_2017_bases_relatório_executivo_dez17,valor_gestao_condominial,nao_nulos
caixa_002_2017_bases_relatório_executivo_dez17,obra_executada,nao_nulos
caixa_002_2017_bases_relatório_executivo_dez17,vfaixa_percentual,nao_nulos
caixa_002_2017_bases_relatório_executivo_dez17,data_contratacao,nao_nulos
caixa_002_2017_bases_relatório_executivo_dez17,ano_contratacao,nao_nulos
caixa_002_2017_bases_relatório_executivo_dez17,situacao_de_obra,nao_nulos
caixa_002_2017_bases_relatório_executivo_dez17,instituicao,nao_nulos
caixa_002_2017_bases_relatório_executivo_dez17,report_date,negocio
caixa_002_2017_bases_relat_rio_executivo_fev2017,cmcmv,nao_nulos
caixa_002_2017_bases_relat_rio_executivo_fev2017,uf,nao_nulos
caixa_002_2017_bases_relat_rio_executivo_fev2017,municipio,nao_nulos
caixa_002_2017_bases_relat_rio_executivo_fev2017,cod_munic_ibge,nao_nulos
caixa_002_2017_bases_relat_rio_executivo_fev2017,recortes_territoriais,nao_nulos
caixa_002_2017_bases_relat_rio_executivo_fev2017,produto,nao_nulos
caixa_002_2017_bases_relat_rio_executivo_fev2017,faixa,nao_nulos
caixa_002_2017_bases_relat_rio_executivo_fev2017,faixa_divisao,nao_nulos
caixa_002_2017_bases_relat_rio_executivo_fev2017,cod_apf,negocio
caixa_002_2017_bases_relat_rio_executivo_fev2017,cod_apf,nao_nulos
caixa_002_2017_bases_relat_rio_executivo_fev2017,vnome_empreendimento,nao_nulos
caixa_002_2017_bases_relat_rio_executivo_fev2017,endereco_do_empreendimento,nao_nulos
caixa_002_2017_bases_relat_rio_executivo_fev2017,vnome_construtora,nao_nulos
caixa_002_2017_bases_relat_rio_executivo_fev2017,inumero_cnpj,nao_nulos
caixa_002_2017_bases_relat_rio_executivo_fev2017,uh,nao_nulos
caixa_002_2017_bases_relat_rio_executivo_fev2017,iqde_unidades_entregues,nao_nulos
caixa_002_2017_bases_relat_rio_executivo_fev2017,uh_concluidas,nao_nulos
caixa_002_2017_bases_relat_rio_executivo_fev2017,uh_em_obras,nao_nulos
caixa_002_2017_bases_relat_rio_executivo_fev2017,uh_comercializadas,nao_nulos
caixa_002_2017_bases_relat_rio_executivo_fev2017,valor_do_emprestimo,nao_nulos
caixa_002_2017_bases_relat_rio_executivo_fev2017,valor_contrapartida_poder_publico,nao_nulos
caixa_002_2017_bases_relat_rio_executivo_fev2017,valor_total_do_investimento,nao_nulos
caixa_002_2017_bases_relat_rio_executivo_fev2017,subsidio_fgts,nao_nulos
caixa_002_2017_bases_relat_rio_executivo_fev2017,subsidio_ogu,nao_nulos
caixa_002_2017_bases_relat_rio_executivo_fev2017,valor_total_liberado,nao_nulos
caixa_002_2017_bases_relat_rio_executivo_fev2017,valor_gestao_condominial,nao_nulos
caixa_002_2017_bases_relat_rio_executivo_fev2017,obra_executada,nao_nulos
caixa_002_2017_bases_relat_rio_executivo_fev2017,vfaixa_percentual,nao_nulos
caixa_002_2017_bases_relat_rio_executivo_fev2017,data_contratacao,nao_nulos
caixa_002_2017_bases_relat_rio_executivo_fev2017,ano_contratacao,nao_nulos
caixa_002_2017_bases_relat_rio_executivo_fev2017,instituicao,nao_nulos
caixa_002_2017_bases_relat_rio_executivo_fev2017,report_date,negocio
caixa_002_2017_bext_abr2017,icodigo_empreendimento,nao_nulos
caixa_002_2017_bext_abr2017,vinstituicao,nao_nulos
caixa_002_2017_bext_abr2017,iprograma_mcmv,nao_nulos
caixa_002_2017_bext_abr2017,csigla_origem,nao_nulos
caixa_002_2017_bext_abr2017,cfaixa,nao_nulos
caixa_002_2017_bext_abr2017,csigla_uf,nao_nulos
caixa_002_2017_bext_abr2017,icodigo_municipio_ibge_sem_dv,nao_nulos
caixa_002_2017_bext_abr2017,vnome_municipio,nao_nulos
caixa_002_2017_bext_abr2017,vporte_municipio,nao_nulos
caixa_002_2017_bext_abr2017,mvalor_emprestimo,nao_nulos
caixa_002_2017_bext_abr2017,mvalor_investimento,nao_nulos
caixa_002_2017_bext_abr2017,mvalor_contrapartida_poder_publico,nao_nulos
caixa_002_2017_bext_abr2017,iqde_uh,nao_nulos
caixa_002_2017_bext_abr2017,vfaixa_perc_obra,nao_nulos
caixa_002_2017_bext_abr2017,iqde_uh_entregues,nao_nulos
caixa_002_2017_bext_abr2017,iqde_uh_em_obras,nao_nulos
caixa_002_2017_bext_abr2017,iqde_uh_concluidas,nao_nulos
caixa_002_2017_bext_abr2017,iano_mes,nao_nulos
caixa_002_2017_bext_abr2017,vnome_produto,nao_nulos
caixa_002_2017_bext_abr2017,mvalor_desembolso,nao_nulos
caixa_002_2017_bext_abr2017,mvalor_subsidio,nao_nulos
caixa_002_2017_bext_abr2017,mvalor_financiamento,nao_nulos
caixa_002_2017_bext_abr2017,report_date,negocio
caixa_002_2017_bext_ago2017,icodigo_empreendimento,nao_nulos
caixa_002_2017_bext_ago2017,vinstituicao,nao_nulos
caixa_002_2017_bext_ago2017,iprograma_mcmv,nao_nulos
caixa_002_2017_bext_ago2017,csigla_origem,nao_nulos
caixa_002_2017_bext_ago2017,cfaixa,nao_nulos
caixa_002_2017_bext_ago2017,csigla_uf,nao_nulos
caixa_002_2017_bext_ago2017,icodigo_municipio_ibge_sem_dv,nao_nulos
caixa_002_2017_bext_ago2017,vnome_municipio,nao_nulos
caixa_002_2017_bext_ago2017,vporte_municipio,nao_nulos
caixa_002_2017_bext_ago2017,mvalor_emprestimo,nao_nulos
caixa_002_2017_bext_ago2017,mvalor_investimento,nao_nulos
caixa_002_2017_bext_ago2017,mvalor_contrapartida_poder_publico,nao_nulos
caixa_002_2017_bext_ago2017,iqde_uh,nao_nulos
caixa_002_2017_bext_ago2017,vfaixa_perc_obra,nao_nulos
caixa_002_2017_bext_ago2017,iqde_uh_entregues,nao_nulos
caixa_002_2017_bext_ago2017,iqde_uh_em_obras,nao_nulos
caixa_002_2017_bext_ago2017,iqde_uh_concluidas,nao_nulos
caixa_002_2017_bext_ago2017,iano_mes,nao_nulos
caixa_002_2017_bext_ago2017,vnome_produto,nao_nulos
caixa_002_2017_bext_ago2017,mvalor_desembolso,nao_nulos
caixa_002_2017_bext_ago2017,mvalor_subsidio,nao_nulos
caixa_002_2017_bext_ago2017,mvalor_financiamento,nao_nulos
caixa_002_2017_bext_ago2017,report_date,negocio
caixa_002_2017_bext_dez17,icodigo_empreendimento,nao_nulos
caixa_002_2017_bext_dez17,vinstituicao,nao_nulos
caixa_002_2017_bext_dez17,iprograma_mcmv,nao_nulos
caixa_002_2017_bext_dez17,csigla_origem,nao_nulos
caixa_002_2017_bext_dez17,cfaixa,nao_nulos
caixa_002_2017_bext_dez17,csigla_uf,nao_nulos
caixa_002_2017_bext_dez17,icodigo_municipio_ibge_sem_dv,nao_nulos
caixa_002_2017_bext_dez17,vnome_municipio,nao_nulos
caixa_002_2017_bext_dez17,vporte_municipio,nao_nulos
caixa_002_2017_bext_dez17,mvalor_emprestimo,nao_nulos
caixa_002_2017_bext_dez17,mvalor_investimento,nao_nulos
caixa_002_2017_bext_dez17,mvalor_contrapartida_poder_publico,nao_nulos
caixa_002_2017_bext_dez17,iqde_uh,nao_nulos
caixa_002_2017_bext_dez17,vfaixa_perc_obra,nao_nulos
caixa_002_2017_bext_dez17,iqde_uh_entregues,nao_nulos
caixa_002_2017_bext_dez17,iqde_uh_em_obras,nao_nulos
caixa_002_2017_bext_dez17,iqde_uh_concluidas,nao_nulos
caixa_002_2017_bext_dez17,iano_mes,nao_nulos
caixa_002_2017_bext_dez17,vnome_produto,nao_nulos
caixa_002_2017_bext_dez17,mvalor_desembolso,nao_nulos
caixa_002_2017_bext_dez17,mvalor_subsidio,nao_nulos
caixa_002_2017_bext_dez17,mvalor_financiamento,nao_nulos
caixa_002_2017_bext_dez17,report_date,negocio
caixa_002_2017_bext_fev2017,icodigo_empreendimento,nao_nulos
caixa_002_2017_bext_fev2017,vinstituicao,nao_nulos
caixa_002_2017_bext_fev2017,iprograma_mcmv,nao_nulos
caixa_002_2017_bext_fev2017,csigla_origem,nao_nulos
caixa_002_2017_bext_fev2017,cfaixa,nao_nulos
caixa_002_2017_bext_fev2017,csigla_uf,nao_nulos
caixa_002_2017_bext_fev2017,icodigo_municipio_ibge_sem_dv,nao_nulos
caixa_002_2017_bext_fev2017,vnome_municipio,nao_nulos
caixa_002_2017_bext_fev2017,vporte_municipio,nao_nulos
caixa_002_2017_bext_fev2017,mvalor_emprestimo,nao_nulos
caixa_002_2017_bext_fev2017,mvalor_investimento,nao_nulos
caixa_002_2017_bext_fev2017,mvalor_contrapartida_poder_publico,nao_nulos
caixa_002_2017_bext_fev2017,iqde_uh,nao_nulos
caixa_002_2017_bext_fev2017,vfaixa_perc_obra,nao_nulos
caixa_002_2017_bext_fev2017,iqde_uh_entregues,nao_nulos
caixa_002_2017_bext_fev2017,iqde_uh_em_obras,nao_nulos
caixa_002_2017_bext_fev2017,iqde_uh_concluidas,nao_nulos
caixa_002_2017_bext_fev2017,iano_mes,nao_nulos
caixa_002_2017_bext_fev2017,vnome_produto,nao_nulos
caixa_002_2017_bext_fev2017,mvalor_desembolso,nao_nulos
caixa_002_2017_bext_fev2017,mvalor_subsidio,nao_nulos
caixa_002_2017_bext_fev2017,mvalor_financiamento,nao_nulos
caixa_002_2017_bext_fev2017,report_date,negocio
caixa_002_2018_bases_relat_rio_executivo_abr2018,cmcmv,nao_nulos
caixa_002_2018_bases_relat_rio_executivo_abr2018,uf,nao_nulos
caixa_002_2018_bases_relat_rio_executivo_abr2018,municipio,nao_nulos
caixa_002_2018_bases_relat_rio_executivo_abr2018,cod_munic_ibge,nao_nulos
caixa_002_2018_bases_relat_rio_executivo_abr2018,recortes_territoriais,nao_nulos
caixa_002_2018_bases_relat_rio_executivo_abr2018,produto,nao_nulos
caixa_002_2018_bases_relat_rio_executivo_abr2018,faixa,nao_nulos
caixa_002_2018_bases_relat_rio_executivo_abr2018,faixa_divisao,nao_nulos
caixa_002_2018_bases_relat_rio_executivo_abr2018,cod_apf,negocio
caixa_002_2018_bases_relat_rio_executivo_abr2018,cod_apf,nao_nulos
caixa_002_2018_bases_relat_rio_executivo_abr2018,vnome_construtora,nao_nulos
caixa_002_2018_bases_relat_rio_executivo_abr2018,inumero_cnpj,nao_nulos
caixa_002_2018_bases_relat_rio_executivo_abr2018,uh,nao_nulos
caixa_002_2018_bases_relat_rio_executivo_abr2018,iqde_unidades_entregues,nao_nulos
caixa_002_2018_bases_relat_rio_executivo_abr2018,uh_concluidas,nao_nulos
caixa_002_2018_bases_relat_rio_executivo_abr2018,uh_em_obras,nao_nulos
caixa_002_2018_bases_relat_rio_executivo_abr2018,uh_comercializadas,nao_nulos
caixa_002_2018_bases_relat_rio_executivo_abr2018,valor_do_emprestimo,nao_nulos
caixa_002_2018_bases_relat_rio_executivo_abr2018,valor_contrapartida_poder_publico,nao_nulos
caixa_002_2018_bases_relat_rio_executivo_abr2018,valor_total_do_investimento,nao_nulos
caixa_002_2018_bases_relat_rio_executivo_abr2018,subsidio_fgts,nao_nulos
caixa_002_2018_bases_relat_rio_executivo_abr2018,subsidio_ogu,nao_nulos
caixa_002_2018_bases_relat_rio_executivo_abr2018,valor_total_liberado,nao_nulos
caixa_002_2018_bases_relat_rio_executivo_abr2018,valor_gestao_condominial,nao_nulos
caixa_002_2018_bases_relat_rio_executivo_abr2018,obra_executada,nao_nulos
caixa_002_2018_bases_relat_rio_executivo_abr2018,vfaixa_percentual,nao_nulos
caixa_002_2018_bases_relat_rio_executivo_abr2018,data_contratacao,nao_nulos
caixa_002_2018_bases_relat_rio_executivo_abr2018,ano_contratacao,nao_nulos
caixa_002_2018_bases_relat_rio_executivo_abr2018,instituicao,nao_nulos
caixa_002_2018_bases_relat_rio_executivo_abr2018,report_date,negocio
caixa_002_2018_bases_relat_rio_executivo_abr2018_v2,cmcmv,nao_nulos
caixa_002_2018_bases_relat_rio_executivo_abr2018_v2,uf,nao_nulos
caixa_002_2018_bases_relat_rio_executivo_abr2018_v2,municipio,nao_nulos
caixa_002_2018_bases_relat_rio_executivo_abr2018_v2,cod_munic_ibge,nao_nulos
caixa_002_2018_bases_relat_rio_executivo_abr2018_v2,recortes_territoriais,nao_nulos
caixa_002_2018_bases_relat_rio_executivo_abr2018_v2,produto,nao_nulos
caixa_002_2018_bases_relat_rio_executivo_abr2018_v2,faixa,nao_nulos
caixa_002_2018_bases_relat_rio_executivo_abr2018_v2,faixa_divisao,nao_nulos
caixa_002_2018_bases_relat_rio_executivo_abr2018_v2,cod_apf,negocio
caixa_002_2018_bases_relat_rio_executivo_abr2018_v2,cod_apf,nao_nulos
caixa_002_2018_bases_relat_rio_executivo_abr2018_v2,vnome_construtora,nao_nulos
caixa_002_2018_bases_relat_rio_executivo_abr2018_v2,inumero_cnpj,nao_nulos
caixa_002_2018_bases_relat_rio_executivo_abr2018_v2,uh,nao_nulos
caixa_002_2018_bases_relat_rio_executivo_abr2018_v2,iqde_unidades_entregues,nao_nulos
caixa_002_2018_bases_relat_rio_executivo_abr2018_v2,uh_concluidas,nao_nulos
caixa_002_2018_bases_relat_rio_executivo_abr2018_v2,uh_em_obras,nao_nulos
caixa_002_2018_bases_relat_rio_executivo_abr2018_v2,uh_comercializadas,nao_nulos
caixa_002_2018_bases_relat_rio_executivo_abr2018_v2,valor_do_emprestimo,nao_nulos
caixa_002_2018_bases_relat_rio_executivo_abr2018_v2,valor_contrapartida_poder_publico,nao_nulos
caixa_002_2018_bases_relat_rio_executivo_abr2018_v2,valor_total_do_investimento,nao_nulos
caixa_002_2018_bases_relat_rio_executivo_abr2018_v2,subsidio_fgts,nao_nulos
caixa_002_2018_bases_relat_rio_executivo_abr2018_v2,subsidio_ogu,nao_nulos
caixa_002_2018_bases_relat_rio_executivo_abr2018_v2,valor_total_liberado,nao_nulos
caixa_002_2018_bases_relat_rio_executivo_abr2018_v2,valor_gestao_condominial,nao_nulos
caixa_002_2018_bases_relat_rio_executivo_abr2018_v2,obra_executada,nao_nulos
caixa_002_2018_bases_relat_rio_executivo_abr2018_v2,vfaixa_percentual,nao_nulos
caixa_002_2018_bases_relat_rio_executivo_abr2018_v2,data_contratacao,nao_nulos
caixa_002_2018_bases_relat_rio_executivo_abr2018_v2,ano_contratacao,nao_nulos
caixa_002_2018_bases_relat_rio_executivo_abr2018_v2,instituicao,nao_nulos
caixa_002_2018_bases_relat_rio_executivo_abr2018_v2,report_date,negocio
caixa_002_2018_bases_relatório_executivo_ago2018,cmcmv,nao_nulos
caixa_002_2018_bases_relatório_executivo_ago2018,uf,nao_nulos
caixa_002_2018_bases_relatório_executivo_ago2018,municipio,nao_nulos
caixa_002_2018_bases_relatório_executivo_ago2018,cod_munic_ibge,nao_nulos
caixa_002_2018_bases_relatório_executivo_ago2018,recortes_territoriais,nao_nulos
caixa_002_2018_bases_relatório_executivo_ago2018,produto,nao_nulos
caixa_002_2018_bases_relatório_executivo_ago2018,faixa,nao_nulos
caixa_002_2018_bases_relatório_executivo_ago2018,faixa_divisao,nao_nulos
caixa_002_2018_bases_relatório_executivo_ago2018,cod_apf,negocio
caixa_002_2018_bases_relatório_executivo_ago2018,cod_apf,nao_nulos
caixa_002_2018_bases_relatório_executivo_ago2018,vnome_construtora,nao_nulos
caixa_002_2018_bases_relatório_executivo_ago2018,inumero_cnpj,nao_nulos
caixa_002_2018_bases_relatório_executivo_ago2018,uh,nao_nulos
caixa_002_2018_bases_relatório_executivo_ago2018,iqde_unidades_entregues,nao_nulos
caixa_002_2018_bases_relatório_executivo_ago2018,uh_concluidas,nao_nulos
caixa_002_2018_bases_relatório_executivo_ago2018,uh_em_obras,nao_nulos
caixa_002_2018_bases_relatório_executivo_ago2018,uh_comercializadas,nao_nulos
caixa_002_2018_bases_relatório_executivo_ago2018,valor_do_emprestimo,nao_nulos
caixa_002_2018_bases_relatório_executivo_ago2018,valor_contrapartida_poder_publico,nao_nulos
caixa_002_2018_bases_relatório_executivo_ago2018,valor_total_do_investimento,nao_nulos
caixa_002_2018_bases_relatório_executivo_ago2018,subsidio_fgts,nao_nulos
caixa_002_2018_bases_relatório_executivo_ago2018,subsidio_ogu,nao_nulos
caixa_002_2018_bases_relatório_executivo_ago2018,valor_total_liberado,nao_nulos
caixa_002_2018_bases_relatório_executivo_ago2018,valor_gestao_condominial,nao_nulos
caixa_002_2018_bases_relatório_executivo_ago2018,obra_executada,nao_nulos
caixa_002_2018_bases_relatório_executivo_ago2018,vfaixa_percentual,nao_nulos
caixa_002_2018_bases_relatório_executivo_ago2018,data_contratacao,nao_nulos
caixa_002_2018_bases_relatório_executivo_ago2018,ano_contratacao,nao_nulos
caixa_002_2018_bases_relatório_executivo_ago2018,instituicao,nao_nulos
caixa_002_2018_bases_relatório_executivo_ago2018,report_date,negocio
caixa_002_2018_bases_relat_rio_executivo_jun2018,cmcmv,nao_nulos
caixa_002_2018_bases_relat_rio_executivo_jun2018,uf,nao_nulos
caixa_002_2018_bases_relat_rio_executivo_jun2018,municipio,nao_nulos
caixa_002_2018_bases_relat_rio_executivo_jun2018,cod_munic_ibge,nao_nulos
caixa_002_2018_bases_relat_rio_executivo_jun2018,recortes_territoriais,nao_nulos
caixa_002_2018_bases_relat_rio_executivo_jun2018,produto,nao_nulos
caixa_002_2018_bases_relat_rio_executivo_jun2018,faixa,nao_nulos
caixa_002_2018_bases_relat_rio_executivo_jun2018,faixa_divisao,nao_nulos
caixa_002_2018_bases_relat_rio_executivo_jun2018,cod_apf,negocio
caixa_002_2018_bases_relat_rio_executivo_jun2018,cod_apf,nao_nulos
caixa_002_2018_bases_relat_rio_executivo_jun2018,vnome_empreendimento,nao_nulos
caixa_002_2018_bases_relat_rio_executivo_jun2018,endereco_do_empreendimento,nao_nulos
caixa_002_2018_bases_relat_rio_executivo_jun2018,vnome_construtora,nao_nulos
caixa_002_2018_bases_relat_rio_executivo_jun2018,inumero_cnpj,nao_nulos
caixa_002_2018_bases_relat_rio_executivo_jun2018,uh,nao_nulos
caixa_002_2018_bases_relat_rio_executivo_jun2018,iqde_unidades_entregues,nao_nulos
caixa_002_2018_bases_relat_rio_executivo_jun2018,uh_concluidas,nao_nulos
caixa_002_2018_bases_relat_rio_executivo_jun2018,uh_em_obras,nao_nulos
caixa_002_2018_bases_relat_rio_executivo_jun2018,uh_comercializadas,nao_nulos
caixa_002_2018_bases_relat_rio_executivo_jun2018,valor_do_emprestimo,nao_nulos
caixa_002_2018_bases_relat_rio_executivo_jun2018,valor_contrapartida_poder_publico,nao_nulos
caixa_002_2018_bases_relat_rio_executivo_jun2018,valor_total_do_investimento,nao_nulos
caixa_002_2018_bases_relat_rio_executivo_jun2018,subsidio_fgts,nao_nulos
caixa_002_2018_bases_relat_rio_executivo_jun2018,subsidio_ogu,nao_nulos
caixa_002_2018_bases_relat_rio_executivo_jun2018,valor_total_liberado,nao_nulos
caixa_002_2018_bases_relat_rio_executivo_jun2018,valor_gestao_condominial,nao_nulos
caixa_002_2018_bases_relat_rio_executivo_jun2018,obra_executada,nao_nulos
caixa_002_2018_bases_relat_rio_executivo_jun2018,vfaixa_percentual,nao_nulos
caixa_002_2018_bases_relat_rio_executivo_jun2018,data_contratacao,nao_nulos
caixa_002_2018_bases_relat_rio_executivo_jun2018,ano_contratacao,nao_nulos
caixa_002_2018_bases_relat_rio_executivo_jun2018,instituicao,nao_nulos
caixa_002_2018_bases_relat_rio_executivo_jun2018,report_date,negocio
caixa_002_2018_bases_relat_rio_executivo_mai2018,cmcmv,nao_nulos
caixa_002_2018_bases_relat_rio_executivo_mai2018,uf,nao_nulos
caixa_002_2018_bases_relat_rio_executivo_mai2018,municipio,nao_nulos
caixa_002_2018_bases_relat_rio_executivo_mai2018,cod_munic_ibge,nao_nulos
caixa_002_2018_bases_relat_rio_executivo_mai2018,recortes_territoriais,nao_nulos
caixa_002_2018_bases_relat_rio_executivo_mai2018,produto,nao_nulos
caixa_002_2018_bases_relat_rio_executivo_mai2018,faixa,nao_nulos
caixa_002_2018_bases_relat_rio_executivo_mai2018,faixa_divisao,nao_nulos
caixa_002_2018_bases_relat_rio_executivo_mai2018,cod_apf,negocio
caixa_002_2018_bases_relat_rio_executivo_mai2018,cod_apf,nao_nulos
caixa_002_2018_bases_relat_rio_executivo_mai2018,vnome_construtora,nao_nulos
caixa_002_2018_bases_relat_rio_executivo_mai2018,inumero_cnpj,nao_nulos
caixa_002_2018_bases_relat_rio_executivo_mai2018,uh,nao_nulos
caixa_002_2018_bases_relat_rio_executivo_mai2018,iqde_unidades_entregues,nao_nulos
caixa_002_2018_bases_relat_rio_executivo_mai2018,uh_concluidas,nao_nulos
caixa_002_2018_bases_relat_rio_executivo_mai2018,uh_em_obras,nao_nulos
caixa_002_2018_bases_relat_rio_executivo_mai2018,uh_comercializadas,nao_nulos
caixa_002_2018_bases_relat_rio_executivo_mai2018,valor_do_emprestimo,nao_nulos
caixa_002_2018_bases_relat_rio_executivo_mai2018,valor_contrapartida_poder_publico,nao_nulos
caixa_002_2018_bases_relat_rio_executivo_mai2018,valor_total_do_investimento,nao_nulos
caixa_002_2018_bases_relat_rio_executivo_mai2018,subsidio_fgts,nao_nulos
caixa_002_2018_bases_relat_rio_executivo_mai2018,subsidio_ogu,nao_nulos
caixa_002_2018_bases_relat_rio_executivo_mai2018,valor_total_liberado,nao_nulos
caixa_002_2018_bases_relat_rio_executivo_mai2018,valor_gestao_condominial,nao_nulos
caixa_002_2018_bases_relat_rio_executivo_mai2018,obra_executada,nao_nulos
caixa_002_2018_bases_relat_rio_executivo_mai2018,vfaixa_percentual,nao_nulos
caixa_002_2018_bases_relat_rio_executivo_mai2018,data_contratacao,nao_nulos
caixa_002_2018_bases_relat_rio_executivo_mai2018,ano_contratacao,nao_nulos
caixa_002_2018_bases_relat_rio_executivo_mai2018,instituicao,nao_nulos
caixa_002_2018_bases_relat_rio_executivo_mai2018,report_date,negocio
caixa_002_2018_bases_relat_rio_executivo_mar18,cmcmv,nao_nulos
caixa_002_2018_bases_relat_rio_executivo_mar18,uf,nao_nulos
caixa_002_2018_bases_relat_rio_executivo_mar18,municipio,nao_nulos
caixa_002_2018_bases_relat_rio_executivo_mar18,cod_munic_ibge,nao_nulos
caixa_002_2018_bases_relat_rio_executivo_mar18,recortes_territoriais,nao_nulos
caixa_002_2018_bases_relat_rio_executivo_mar18,produto,nao_nulos
caixa_002_2018_bases_relat_rio_executivo_mar18,faixa,nao_nulos
caixa_002_2018_bases_relat_rio_executivo_mar18,faixa_divisao,nao_nulos
caixa_002_2018_bases_relat_rio_executivo_mar18,cod_apf,negocio
caixa_002_2018_bases_relat_rio_executivo_mar18,cod_apf,nao_nulos
caixa_002_2018_bases_relat_rio_executivo_mar18,vnome_empreendimento,nao_nulos
caixa_002_2018_bases_relat_rio_executivo_mar18,endereco_do_empreendimento,nao_nulos
caixa_002_2018_bases_relat_rio_executivo_mar18,vnome_construtora,nao_nulos
caixa_002_2018_bases_relat_rio_executivo_mar18,inumero_cnpj,nao_nulos
caixa_002_2018_bases_relat_rio_executivo_mar18,uh,nao_nulos
caixa_002_2018_bases_relat_rio_executivo_mar18,iqde_unidades_entregues,nao_nulos
caixa_002_2018_bases_relat_rio_executivo_mar18,uh_concluidas,nao_nulos
caixa_002_2018_bases_relat_rio_executivo_mar18,uh_em_obras,nao_nulos
caixa_002_2018_bases_relat_rio_executivo_mar18,uh_comercializadas,nao_nulos
caixa_002_2018_bases_relat_rio_executivo_mar18,valor_do_emprestimo,nao_nulos
caixa_002_2018_bases_relat_rio_executivo_mar18,valor_contrapartida_poder_publico,nao_nulos
caixa_002_2018_bases_relat_rio_executivo_mar18,valor_total_do_investimento,nao_nulos
caixa_002_2018_bases_relat_rio_executivo_mar18,subsidio_fgts,nao_nulos
caixa_002_2018_bases_relat_rio_executivo_mar18,subsidio_ogu,nao_nulos
caixa_002_2018_bases_relat_rio_executivo_mar18,valor_total_liberado,nao_nulos
caixa_002_2018_bases_relat_rio_executivo_mar18,valor_gestao_condominial,nao_nulos
caixa_002_2018_bases_relat_rio_executivo_mar18,obra_executada,nao_nulos
caixa_002_2018_bases_relat_rio_executivo_mar18,vfaixa_percentual,nao_nulos
caixa_002_2018_bases_relat_rio_executivo_mar18,data_contratacao,nao_nulos
caixa_002_2018_bases_relat_rio_executivo_mar18,ano_contratacao,nao_nulos
caixa_002_2018_bases_relat_rio_executivo_mar18,instituicao,nao_nulos
caixa_002_2018_bases_relat_rio_executivo_mar18,report_date,negocio
caixa_002_2018_bext_abr18,icodigo_empreendimento,nao_nulos
caixa_002_2018_bext_abr18,vinstituicao,nao_nulos
caixa_002_2018_bext_abr18,iprograma_mcmv,nao_nulos
caixa_002_2018_bext_abr18,csigla_origem,nao_nulos
caixa_002_2018_bext_abr18,cfaixa,nao_nulos
caixa_002_2018_bext_abr18,csigla_uf,nao_nulos
caixa_002_2018_bext_abr18,icodigo_municipio_ibge_sem_dv,nao_nulos
caixa_002_2018_bext_abr18,vnome_municipio,nao_nulos
caixa_002_2018_bext_abr18,vporte_municipio,nao_nulos
caixa_002_2018_bext_abr18,mvalor_emprestimo,nao_nulos
caixa_002_2018_bext_abr18,mvalor_investimento,nao_nulos
caixa_002_2018_bext_abr18,mvalor_contrapartida_poder_publico,nao_nulos
caixa_002_2018_bext_abr18,iqde_uh,nao_nulos
caixa_002_2018_bext_abr18,vfaixa_perc_obra,nao_nulos
caixa_002_2018_bext_abr18,iqde_uh_entregues,nao_nulos
caixa_002_2018_bext_abr18,iqde_uh_em_obras,nao_nulos
caixa_002_2018_bext_abr18,iqde_uh_concluidas,nao_nulos
caixa_002_2018_bext_abr18,iano_mes,nao_nulos
caixa_002_2018_bext_abr18,vnome_produto,nao_nulos
caixa_002_2018_bext_abr18,mvalor_desembolso,nao_nulos
caixa_002_2018_bext_abr18,mvalor_subsidio,nao_nulos
caixa_002_2018_bext_abr18,mvalor_financiamento,nao_nulos
caixa_002_2018_bext_abr18,report_date,negocio
caixa_002_2018_bext_ago18,icodigo_empreendimento,nao_nulos
caixa_002_2018_bext_ago18,vinstituicao,nao_nulos
caixa_002_2018_bext_ago18,iprograma_mcmv,nao_nulos
caixa_002_2018_bext_ago18,csigla_origem,nao_nulos
caixa_002_2018_bext_ago18,cfaixa,nao_nulos
caixa_002_2018_bext_ago18,csigla_uf,nao_nulos
caixa_002_2018_bext_ago18,icodigo_municipio_ibge_sem_dv,nao_nulos
caixa_002_2018_bext_ago18,vnome_municipio,nao_nulos
caixa_002_2018_bext_ago18,vporte_municipio,nao_nulos
caixa_002_2018_bext_ago18,mvalor_emprestimo,nao_nulos
caixa_002_2018_bext_ago18,mvalor_investimento,nao_nulos
caixa_002_2018_bext_ago18,mvalor_contrapartida_poder_publico,nao_nulos
caixa_002_2018_bext_ago18,iqde_uh,nao_nulos
caixa_002_2018_bext_ago18,vfaixa_perc_obra,nao_nulos
caixa_002_2018_bext_ago18,iqde_uh_entregues,nao_nulos
caixa_002_2018_bext_ago18,iqde_uh_em_obras,nao_nulos
caixa_002_2018_bext_ago18,iqde_uh_concluidas,nao_nulos
caixa_002_2018_bext_ago18,iano_mes,nao_nulos
caixa_002_2018_bext_ago18,vnome_produto,nao_nulos
caixa_002_2018_bext_ago18,mvalor_desembolso,nao_nulos
caixa_002_2018_bext_ago18,mvalor_subsidio,nao_nulos
caixa_002_2018_bext_ago18,mvalor_financiamento,nao_nulos
caixa_002_2018_bext_ago18,report_date,negocio
caixa_002_2018_bext_jun18,icodigo_empreendimento,nao_nulos
caixa_002_2018_bext_jun18,vinstituicao,nao_nulos
caixa_002_2018_bext_jun18,iprograma_mcmv,nao_nulos
caixa_002_2018_bext_jun18,csigla_origem,nao_nulos
caixa_002_2018_bext_jun18,cfaixa,nao_nulos
caixa_002_2018_bext_jun18,csigla_uf,nao_nulos
caixa_002_2018_bext_jun18,icodigo_municipio_ibge_sem_dv,nao_nulos
caixa_002_2018_bext_jun18,vnome_municipio,nao_nulos
caixa_002_2018_bext_jun18,vporte_municipio,nao_nulos
caixa_002_2018_bext_jun18,mvalor_emprestimo,nao_nulos
caixa_002_2018_bext_jun18,mvalor_investimento,nao_nulos
caixa_002_2018_bext_jun18,mvalor_contrapartida_poder_publico,nao_nulos
caixa_002_2018_bext_jun18,iqde_uh,nao_nulos
caixa_002_2018_bext_jun18,vfaixa_perc_obra,nao_nulos
caixa_002_2018_bext_jun18,iqde_uh_entregues,nao_nulos
caixa_002_2018_bext_jun18,iqde_uh_em_obras,nao_nulos
caixa_002_2018_bext_jun18,iqde_uh_concluidas,nao_nulos
caixa_002_2018_bext_jun18,iano_mes,nao_nulos
caixa_002_2018_bext_jun18,vnome_produto,nao_nulos
caixa_002_2018_bext_jun18,mvalor_desembolso,nao_nulos
caixa_002_2018_bext_jun18,mvalor_subsidio,nao_nulos
caixa_002_2018_bext_jun18,mvalor_financiamento,nao_nulos
caixa_002_2018_bext_jun18,report_date,negocio
caixa_002_2018_bext_mai18,icodigo_empreendimento,nao_nulos
caixa_002_2018_bext_mai18,vinstituicao,nao_nulos
caixa_002_2018_bext_mai18,iprograma_mcmv,nao_nulos
caixa_002_2018_bext_mai18,csigla_origem,nao_nulos
caixa_002_2018_bext_mai18,cfaixa,nao_nulos
caixa_002_2018_bext_mai18,csigla_uf,nao_nulos
caixa_002_2018_bext_mai18,icodigo_municipio_ibge_sem_dv,nao_nulos
caixa_002_2018_bext_mai18,vnome_municipio,nao_nulos
caixa_002_2018_bext_mai18,vporte_municipio,nao_nulos
caixa_002_2018_bext_mai18,mvalor_emprestimo,nao_nulos
caixa_002_2018_bext_mai18,mvalor_investimento,nao_nulos
caixa_002_2018_bext_mai18,mvalor_contrapartida_poder_publico,nao_nulos
caixa_002_2018_bext_mai18,iqde_uh,nao_nulos
caixa_002_2018_bext_mai18,vfaixa_perc_obra,nao_nulos
caixa_002_2018_bext_mai18,iqde_uh_entregues,nao_nulos
caixa_002_2018_bext_mai18,iqde_uh_em_obras,nao_nulos
caixa_002_2018_bext_mai18,iqde_uh_concluidas,nao_nulos
caixa_002_2018_bext_mai18,iano_mes,nao_nulos
caixa_002_2018_bext_mai18,vnome_produto,nao_nulos
caixa_002_2018_bext_mai18,mvalor_desembolso,nao_nulos
caixa_002_2018_bext_mai18,mvalor_subsidio,nao_nulos
caixa_002_2018_bext_mai18,mvalor_financiamento,nao_nulos
caixa_002_2018_bext_mai18,report_date,negocio
caixa_002_2018_bext_mar18,icodigo_empreendimento,nao_nulos
caixa_002_2018_bext_mar18,vinstituicao,nao_nulos
caixa_002_2018_bext_mar18,iprograma_mcmv,nao_nulos
caixa_002_2018_bext_mar18,csigla_origem,nao_nulos
caixa_002_2018_bext_mar18,cfaixa,nao_nulos
caixa_002_2018_bext_mar18,csigla_uf,nao_nulos
caixa_002_2018_bext_mar18,icodigo_municipio_ibge_sem_dv,nao_nulos
caixa_002_2018_bext_mar18,vnome_municipio,nao_nulos
caixa_002_2018_bext_mar18,vporte_municipio,nao_nulos
caixa_002_2018_bext_mar18,mvalor_emprestimo,nao_nulos
caixa_002_2018_bext_mar18,mvalor_investimento,nao_nulos
caixa_002_2018_bext_mar18,mvalor_contrapartida_poder_publico,nao_nulos
caixa_002_2018_bext_mar18,iqde_uh,nao_nulos
caixa_002_2018_bext_mar18,vfaixa_perc_obra,nao_nulos
caixa_002_2018_bext_mar18,iqde_uh_entregues,nao_nulos
caixa_002_2018_bext_mar18,iqde_uh_em_obras,nao_nulos
caixa_002_2018_bext_mar18,iqde_uh_concluidas,nao_nulos
caixa_002_2018_bext_mar18,iano_mes,nao_nulos
caixa_002_2018_bext_mar18,vnome_produto,nao_nulos
caixa_002_2018_bext_mar18,mvalor_desembolso,nao_nulos
caixa_002_2018_bext_mar18,mvalor_subsidio,nao_nulos
caixa_002_2018_bext_mar18,mvalor_financiamento,nao_nulos
caixa_002_2018_bext_mar18,report_date,negocio
caixa_003_2017_bases_relat_rio_executivo_31012017,cmcmv,nao_nulos
caixa_003_2017_bases_relat_rio_executivo_31012017,uf,nao_nulos
caixa_003_2017_bases_relat_rio_executivo_31012017,municipio,nao_nulos
caixa_003_2017_bases_relat_rio_executivo_31012017,cod_munic_ibge,nao_nulos
caixa_003_2017_bases_relat_rio_executivo_31012017,recortes_territoriais,nao_nulos
caixa_003_2017_bases_relat_rio_executivo_31012017,produto,nao_nulos
caixa_003_2017_bases_relat_rio_executivo_31012017,faixa,nao_nulos
caixa_003_2017_bases_relat_rio_executivo_31012017,faixa_divisao,nao_nulos
caixa_003_2017_bases_relat_rio_executivo_31012017,cod_apf,negocio
caixa_003_2017_bases_relat_rio_executivo_31012017,cod_apf,nao_nulos
caixa_003_2017_bases_relat_rio_executivo_31012017,vnome_empreendimento,nao_nulos
caixa_003_2017_bases_relat_rio_executivo_31012017,endereco_do_empreendimento,nao_nulos
caixa_003_2017_bases_relat_rio_executivo_31012017,vnome_construtora,nao_nulos
caixa_003_2017_bases_relat_rio_executivo_31012017,inumero_cnpj,nao_nulos
caixa_003_2017_bases_relat_rio_executivo_31012017,uh,nao_nulos
caixa_003_2017_bases_relat_rio_executivo_31012017,iqde_unidades_entregues,nao_nulos
caixa_003_2017_bases_relat_rio_executivo_31012017,uh_concluidas,nao_nulos
caixa_003_2017_bases_relat_rio_executivo_31012017,uh_em_obras,nao_nulos
caixa_003_2017_bases_relat_rio_executivo_31012017,uh_comercializadas,nao_nulos
caixa_003_2017_bases_relat_rio_executivo_31012017,valor_do_emprestimo,nao_nulos
caixa_003_2017_bases_relat_rio_executivo_31012017,valor_contrapartida_poder_publico,nao_nulos
caixa_003_2017_bases_relat_rio_executivo_31012017,valor_total_do_investimento,nao_nulos
caixa_003_2017_bases_relat_rio_executivo_31012017,subsidio_fgts,nao_nulos
caixa_003_2017_bases_relat_rio_executivo_31012017,subsidio_ogu,nao_nulos
caixa_003_2017_bases_relat_rio_executivo_31012017,valor_total_liberado,nao_nulos
caixa_003_2017_bases_relat_rio_executivo_31012017,valor_gestao_condominial,nao_nulos
caixa_003_2017_bases_relat_rio_executivo_31012017,obra_executada,nao_nulos
caixa_003_2017_bases_relat_rio_executivo_31012017,vfaixa_percentual,nao_nulos
caixa_003_2017_bases_relat_rio_executivo_31012017,data_contratacao,nao_nulos
caixa_003_2017_bases_relat_rio_executivo_31012017,ano_contratacao,nao_nulos
caixa_003_2017_bases_relat_rio_executivo_31012017,instituicao,nao_nulos
caixa_003_2017_bases_relat_rio_executivo_31012017,report_date,negocio
caixa_003_2017_bases_relat_rio_executivo_jul2017,cmcmv,nao_nulos
caixa_003_2017_bases_relat_rio_executivo_jul2017,uf,nao_nulos
caixa_003_2017_bases_relat_rio_executivo_jul2017,municipio,nao_nulos
caixa_003_2017_bases_relat_rio_executivo_jul2017,cod_munic_ibge,nao_nulos
caixa_003_2017_bases_relat_rio_executivo_jul2017,recortes_territoriais,nao_nulos
caixa_003_2017_bases_relat_rio_executivo_jul2017,produto,nao_nulos
caixa_003_2017_bases_relat_rio_executivo_jul2017,faixa,nao_nulos
caixa_003_2017_bases_relat_rio_executivo_jul2017,faixa_divisao,nao_nulos
caixa_003_2017_bases_relat_rio_executivo_jul2017,cod_apf,negocio
caixa_003_2017_bases_relat_rio_executivo_jul2017,cod_apf,nao_nulos
caixa_003_2017_bases_relat_rio_executivo_jul2017,vnome_empreendimento,nao_nulos
caixa_003_2017_bases_relat_rio_executivo_jul2017,endereco_do_empreendimento,nao_nulos
caixa_003_2017_bases_relat_rio_executivo_jul2017,vnome_construtora,nao_nulos
caixa_003_2017_bases_relat_rio_executivo_jul2017,inumero_cnpj,nao_nulos
caixa_003_2017_bases_relat_rio_executivo_jul2017,uh,nao_nulos
caixa_003_2017_bases_relat_rio_executivo_jul2017,iqde_unidades_entregues,nao_nulos
caixa_003_2017_bases_relat_rio_executivo_jul2017,uh_concluidas,nao_nulos
caixa_003_2017_bases_relat_rio_executivo_jul2017,uh_em_obras,nao_nulos
caixa_003_2017_bases_relat_rio_executivo_jul2017,uh_comercializadas,nao_nulos
caixa_003_2017_bases_relat_rio_executivo_jul2017,valor_do_emprestimo,nao_nulos
caixa_003_2017_bases_relat_rio_executivo_jul2017,valor_contrapartida_poder_publico,nao_nulos
caixa_003_2017_bases_relat_rio_executivo_jul2017,valor_total_do_investimento,nao_nulos
caixa_003_2017_bases_relat_rio_executivo_jul2017,subsidio_fgts,nao_nulos
caixa_003_2017_bases_relat_rio_executivo_jul2017,subsidio_ogu,nao_nulos
caixa_003_2017_bases_relat_rio_executivo_jul2017,valor_total_liberado,nao_nulos
caixa_003_2017_bases_relat_rio_executivo_jul2017,valor_gestao_condominial,nao_nulos
caixa_003_2017_bases_relat_rio_executivo_jul2017,obra_executada,nao_nulos
caixa_003_2017_bases_relat_rio_executivo_jul2017,vfaixa_percentual,nao_nulos
caixa_003_2017_bases_relat_rio_executivo_jul2017,data_contratacao,nao_nulos
caixa_003_2017_bases_relat_rio_executivo_jul2017,ano_contratacao,nao_nulos
caixa_003_2017_bases_relat_rio_executivo_jul2017,instituicao,nao_nulos
caixa_003_2017_bases_relat_rio_executivo_jul2017,report_date,negocio
caixa_003_2017_bases_relat_rio_executivo_jun2017,cmcmv,nao_nulos
caixa_003_2017_bases_relat_rio_executivo_jun2017,uf,nao_nulos
caixa_003_2017_bases_relat_rio_executivo_jun2017,municipio,nao_nulos
caixa_003_2017_bases_relat_rio_executivo_jun2017,cod_munic_ibge,nao_nulos
caixa_003_2017_bases_relat_rio_executivo_jun2017,recortes_territoriais,nao_nulos
caixa_003_2017_bases_relat_rio_executivo_jun2017,produto,nao_nulos
caixa_003_2017_bases_relat_rio_executivo_jun2017,faixa,nao_nulos
caixa_003_2017_bases_relat_rio_executivo_jun2017,faixa_divisao,nao_nulos
caixa_003_2017_bases_relat_rio_executivo_jun2017,cod_apf,negocio
caixa_003_2017_bases_relat_rio_executivo_jun2017,cod_apf,nao_nulos
caixa_003_2017_bases_relat_rio_executivo_jun2017,vnome_empreendimento,nao_nulos
caixa_003_2017_bases_relat_rio_executivo_jun2017,endereco_do_empreendimento,nao_nulos
caixa_003_2017_bases_relat_rio_executivo_jun2017,vnome_construtora,nao_nulos
caixa_003_2017_bases_relat_rio_executivo_jun2017,inumero_cnpj,nao_nulos
caixa_003_2017_bases_relat_rio_executivo_jun2017,uh,nao_nulos
caixa_003_2017_bases_relat_rio_executivo_jun2017,iqde_unidades_entregues,nao_nulos
caixa_003_2017_bases_relat_rio_executivo_jun2017,uh_concluidas,nao_nulos
caixa_003_2017_bases_relat_rio_executivo_jun2017,uh_em_obras,nao_nulos
caixa_003_2017_bases_relat_rio_executivo_jun2017,uh_comercializadas,nao_nulos
caixa_003_2017_bases_relat_rio_executivo_jun2017,valor_do_emprestimo,nao_nulos
caixa_003_2017_bases_relat_rio_executivo_jun2017,valor_contrapartida_poder_publico,nao_nulos
caixa_003_2017_bases_relat_rio_executivo_jun2017,valor_total_do_investimento,nao_nulos
caixa_003_2017_bases_relat_rio_executivo_jun2017,subsidio_fgts,nao_nulos
caixa_003_2017_bases_relat_rio_executivo_jun2017,subsidio_ogu,nao_nulos
caixa_003_2017_bases_relat_rio_executivo_jun2017,valor_total_liberado,nao_nulos
caixa_003_2017_bases_relat_rio_executivo_jun2017,valor_gestao_condominial,nao_nulos
caixa_003_2017_bases_relat_rio_executivo_jun2017,obra_executada,nao_nulos
caixa_003_2017_bases_relat_rio_executivo_jun2017,vfaixa_percentual,nao_nulos
caixa_003_2017_bases_relat_rio_executivo_jun2017,data_contratacao,nao_nulos
caixa_003_2017_bases_relat_rio_executivo_jun2017,ano_contratacao,nao_nulos
caixa_003_2017_bases_relat_rio_executivo_jun2017,instituicao,nao_nulos
caixa_003_2017_bases_relat_rio_executivo_jun2017,report_date,negocio
caixa_003_2017_bases_relat_rio_executivo_mai2017,cmcmv,nao_nulos
caixa_003_2017_bases_relat_rio_executivo_mai2017,uf,nao_nulos
caixa_003_2017_bases_relat_rio_executivo_mai2017,municipio,nao_nulos
caixa_003_2017_bases_relat_rio_executivo_mai2017,cod_munic_ibge,nao_nulos
caixa_003_2017_bases_relat_rio_executivo_mai2017,recortes_territoriais,nao_nulos
caixa_003_2017_bases_relat_rio_executivo_mai2017,produto,nao_nulos
caixa_003_2017_bases_relat_rio_executivo_mai2017,faixa,nao_nulos
caixa_003_2017_bases_relat_rio_executivo_mai2017,faixa_divisao,nao_nulos
caixa_003_2017_bases_relat_rio_executivo_mai2017,cod_apf,negocio
caixa_003_2017_bases_relat_rio_executivo_mai2017,cod_apf,nao_nulos
caixa_003_2017_bases_relat_rio_executivo_mai2017,vnome_construtora,nao_nulos
caixa_003_2017_bases_relat_rio_executivo_mai2017,inumero_cnpj,nao_nulos
caixa_003_2017_bases_relat_rio_executivo_mai2017,uh,nao_nulos
caixa_003_2017_bases_relat_rio_executivo_mai2017,iqde_unidades_entregues,nao_nulos
caixa_003_2017_bases_relat_rio_executivo_mai2017,uh_concluidas,nao_nulos
caixa_003_2017_bases_relat_rio_executivo_mai2017,uh_em_obras,nao_nulos
caixa_003_2017_bases_relat_rio_executivo_mai2017,uh_comercializadas,nao_nulos
caixa_003_2017_bases_relat_rio_executivo_mai2017,valor_do_emprestimo,nao_nulos
caixa_003_2017_bases_relat_rio_executivo_mai2017,valor_contrapartida_poder_publico,nao_nulos
caixa_003_2017_bases_relat_rio_executivo_mai2017,valor_total_do_investimento,nao_nulos
caixa_003_2017_bases_relat_rio_executivo_mai2017,subsidio_fgts,nao_nulos
caixa_003_2017_bases_relat_rio_executivo_mai2017,subsidio_ogu,nao_nulos
caixa_003_2017_bases_relat_rio_executivo_mai2017,valor_total_liberado,nao_nulos
caixa_003_2017_bases_relat_rio_executivo_mai2017,valor_gestao_condominial,nao_nulos
caixa_003_2017_bases_relat_rio_executivo_mai2017,obra_executada,nao_nulos
caixa_003_2017_bases_relat_rio_executivo_mai2017,vfaixa_percentual,nao_nulos
caixa_003_2017_bases_relat_rio_executivo_mai2017,data_contratacao,nao_nulos
caixa_003_2017_bases_relat_rio_executivo_mai2017,ano_contratacao,nao_nulos
caixa_003_2017_bases_relat_rio_executivo_mai2017,instituicao,nao_nulos
caixa_003_2017_bases_relat_rio_executivo_mai2017,report_date,negocio
caixa_003_2017_bases_relat_rio_executivo_mar2017,cmcmv,nao_nulos
caixa_003_2017_bases_relat_rio_executivo_mar2017,uf,nao_nulos
caixa_003_2017_bases_relat_rio_executivo_mar2017,municipio,nao_nulos
caixa_003_2017_bases_relat_rio_executivo_mar2017,cod_munic_ibge,nao_nulos
caixa_003_2017_bases_relat_rio_executivo_mar2017,recortes_territoriais,nao_nulos
caixa_003_2017_bases_relat_rio_executivo_mar2017,produto,nao_nulos
caixa_003_2017_bases_relat_rio_executivo_mar2017,faixa,nao_nulos
caixa_003_2017_bases_relat_rio_executivo_mar2017,faixa_divisao,nao_nulos
caixa_003_2017_bases_relat_rio_executivo_mar2017,cod_apf,negocio
caixa_003_2017_bases_relat_rio_executivo_mar2017,cod_apf,nao_nulos
caixa_003_2017_bases_relat_rio_executivo_mar2017,vnome_empreendimento,nao_nulos
caixa_003_2017_bases_relat_rio_executivo_mar2017,endereco_do_empreendimento,nao_nulos
caixa_003_2017_bases_relat_rio_executivo_mar2017,vnome_construtora,nao_nulos
caixa_003_2017_bases_relat_rio_executivo_mar2017,inumero_cnpj,nao_nulos
caixa_003_2017_bases_relat_rio_executivo_mar2017,uh,nao_nulos
caixa_003_2017_bases_relat_rio_executivo_mar2017,iqde_unidades_entregues,nao_nulos
caixa_003_2017_bases_relat_rio_executivo_mar2017,uh_concluidas,nao_nulos
caixa_003_2017_bases_relat_rio_executivo_mar2017,uh_em_obras,nao_nulos
caixa_003_2017_bases_relat_rio_executivo_mar2017,uh_comercializadas,nao_nulos
caixa_003_2017_bases_relat_rio_executivo_mar2017,valor_do_emprestimo,nao_nulos
caixa_003_2017_bases_relat_rio_executivo_mar2017,valor_contrapartida_poder_publico,nao_nulos
caixa_003_2017_bases_relat_rio_executivo_mar2017,valor_total_do_investimento,nao_nulos
caixa_003_2017_bases_relat_rio_executivo_mar2017,subsidio_fgts,nao_nulos
caixa_003_2017_bases_relat_rio_executivo_mar2017,subsidio_ogu,nao_nulos
caixa_003_2017_bases_relat_rio_executivo_mar2017,valor_total_liberado,nao_nulos
caixa_003_2017_bases_relat_rio_executivo_mar2017,valor_gestao_condominial,nao_nulos
caixa_003_2017_bases_relat_rio_executivo_mar2017,obra_executada,nao_nulos
caixa_003_2017_bases_relat_rio_executivo_mar2017,vfaixa_percentual,nao_nulos
caixa_003_2017_bases_relat_rio_executivo_mar2017,data_contratacao,nao_nulos
caixa_003_2017_bases_relat_rio_executivo_mar2017,ano_contratacao,nao_nulos
caixa_003_2017_bases_relat_rio_executivo_mar2017,situacao_de_obra,nao_nulos
caixa_003_2017_bases_relat_rio_executivo_mar2017,instituicao,nao_nulos
caixa_003_2017_bases_relat_rio_executivo_mar2017,report_date,negocio
caixa_003_2017_bases_relat_rio_executivo_nov17,cmcmv,nao_nulos
caixa_003_2017_bases_relat_rio_executivo_nov17,uf,nao_nulos
caixa_003_2017_bases_relat_rio_executivo_nov17,municipio,nao_nulos
caixa_003_2017_bases_relat_rio_executivo_nov17,cod_munic_ibge,nao_nulos
caixa_003_2017_bases_relat_rio_executivo_nov17,recortes_territoriais,nao_nulos
caixa_003_2017_bases_relat_rio_executivo_nov17,produto,nao_nulos
caixa_003_2017_bases_relat_rio_executivo_nov17,faixa,nao_nulos
caixa_003_2017_bases_relat_rio_executivo_nov17,faixa_divisao,nao_nulos
caixa_003_2017_bases_relat_rio_executivo_nov17,cod_apf,negocio
caixa_003_2017_bases_relat_rio_executivo_nov17,cod_apf,nao_nulos
caixa_003_2017_bases_relat_rio_executivo_nov17,vnome_empreendimento,nao_nulos
caixa_003_2017_bases_relat_rio_executivo_nov17,endereco_do_empreendimento,nao_nulos
caixa_003_2017_bases_relat_rio_executivo_nov17,vnome_construtora,nao_nulos
caixa_003_2017_bases_relat_rio_executivo_nov17,inumero_cnpj,nao_nulos
caixa_003_2017_bases_relat_rio_executivo_nov17,uh,nao_nulos
caixa_003_2017_bases_relat_rio_executivo_nov17,iqde_unidades_entregues,nao_nulos
caixa_003_2017_bases_relat_rio_executivo_nov17,uh_concluidas,nao_nulos
caixa_003_2017_bases_relat_rio_executivo_nov17,uh_em_obras,nao_nulos
caixa_003_2017_bases_relat_rio_executivo_nov17,uh_comercializadas,nao_nulos
caixa_003_2017_bases_relat_rio_executivo_nov17,valor_do_emprestimo,nao_nulos
caixa_003_2017_bases_relat_rio_executivo_nov17,valor_contrapartida_poder_publico,nao_nulos
caixa_003_2017_bases_relat_rio_executivo_nov17,valor_total_do_investimento,nao_nulos
caixa_003_2017_bases_relat_rio_executivo_nov17,subsidio_fgts,nao_nulos
caixa_003_2017_bases_relat_rio_executivo_nov17,subsidio_ogu,nao_nulos
caixa_003_2017_bases_relat_rio_executivo_nov17,valor_total_liberado,nao_nulos
caixa_003_2017_bases_relat_rio_executivo_nov17,valor_gestao_condominial,nao_nulos
caixa_003_2017_bases_relat_rio_executivo_nov17,obra_executada,nao_nulos
caixa_003_2017_bases_relat_rio_executivo_nov17,vfaixa_percentual,nao_nulos
caixa_003_2017_bases_relat_rio_executivo_nov17,data_contratacao,nao_nulos
caixa_003_2017_bases_relat_rio_executivo_nov17,ano_contratacao,nao_nulos
caixa_003_2017_bases_relat_rio_executivo_nov17,instituicao,nao_nulos
caixa_003_2017_bases_relat_rio_executivo_nov17,report_date,negocio
caixa_003_2017_bext_jan_2017,icodigo_empreendimento,nao_nulos
caixa_003_2017_bext_jan_2017,vinstituicao,nao_nulos
caixa_003_2017_bext_jan_2017,iprograma_mcmv,nao_nulos
caixa_003_2017_bext_jan_2017,csigla_origem,nao_nulos
caixa_003_2017_bext_jan_2017,cfaixa,nao_nulos
caixa_003_2017_bext_jan_2017,csigla_uf,nao_nulos
caixa_003_2017_bext_jan_2017,icodigo_municipio_ibge_sem_dv,nao_nulos
caixa_003_2017_bext_jan_2017,vnome_municipio,nao_nulos
caixa_003_2017_bext_jan_2017,vporte_municipio,nao_nulos
caixa_003_2017_bext_jan_2017,mvalor_emprestimo,nao_nulos
caixa_003_2017_bext_jan_2017,mvalor_investimento,nao_nulos
caixa_003_2017_bext_jan_2017,mvalor_contrapartida_poder_publico,nao_nulos
caixa_003_2017_bext_jan_2017,iqde_uh,nao_nulos
caixa_003_2017_bext_jan_2017,vfaixa_perc_obra,nao_nulos
caixa_003_2017_bext_jan_2017,iqde_uh_entregues,nao_nulos
caixa_003_2017_bext_jan_2017,iqde_uh_em_obras,nao_nulos
caixa_003_2017_bext_jan_2017,iqde_uh_concluidas,nao_nulos
caixa_003_2017_bext_jan_2017,iano_mes,nao_nulos
caixa_003_2017_bext_jan_2017,vnome_produto,nao_nulos
caixa_003_2017_bext_jan_2017,mvalor_desembolso,nao_nulos
caixa_003_2017_bext_jan_2017,mvalor_subsidio,nao_nulos
caixa_003_2017_bext_jan_2017,mvalor_financiamento,nao_nulos
caixa_003_2017_bext_jan_2017,report_date,negocio
caixa_003_2017_bext_jul2017,icodigo_empreendimento,nao_nulos
caixa_003_2017_bext_jul2017,vinstituicao,nao_nulos
caixa_003_2017_bext_jul2017,iprograma_mcmv,nao_nulos
caixa_003_2017_bext_jul2017,csigla_origem,nao_nulos
caixa_003_2017_bext_jul2017,cfaixa,nao_nulos
caixa_003_2017_bext_jul2017,csigla_uf,nao_nulos
caixa_003_2017_bext_jul2017,icodigo_municipio_ibge_sem_dv,nao_nulos
caixa_003_2017_bext_jul2017,vnome_municipio,nao_nulos
caixa_003_2017_bext_jul2017,vporte_municipio,nao_nulos
caixa_003_2017_bext_jul2017,mvalor_emprestimo,nao_nulos
caixa_003_2017_bext_jul2017,mvalor_investimento,nao_nulos
caixa_003_2017_bext_jul2017,mvalor_contrapartida_poder_publico,nao_nulos
caixa_003_2017_bext_jul2017,iqde_uh,nao_nulos
caixa_003_2017_bext_jul2017,vfaixa_perc_obra,nao_nulos
caixa_003_2017_bext_jul2017,iqde_uh_entregues,nao_nulos
caixa_003_2017_bext_jul2017,iqde_uh_em_obras,nao_nulos
caixa_003_2017_bext_jul2017,iqde_uh_concluidas,nao_nulos
caixa_003_2017_bext_jul2017,iano_mes,nao_nulos
caixa_003_2017_bext_jul2017,vnome_produto,nao_nulos
caixa_003_2017_bext_jul2017,mvalor_desembolso,nao_nulos
caixa_003_2017_bext_jul2017,mvalor_subsidio,nao_nulos
caixa_003_2017_bext_jul2017,mvalor_financiamento,nao_nulos
caixa_003_2017_bext_jul2017,report_date,negocio
caixa_003_2017_bext_mai2017,icodigo_empreendimento,nao_nulos
caixa_003_2017_bext_mai2017,vinstituicao,nao_nulos
caixa_003_2017_bext_mai2017,iprograma_mcmv,nao_nulos
caixa_003_2017_bext_mai2017,csigla_origem,nao_nulos
caixa_003_2017_bext_mai2017,cfaixa,nao_nulos
caixa_003_2017_bext_mai2017,csigla_uf,nao_nulos
caixa_003_2017_bext_mai2017,icodigo_municipio_ibge_sem_dv,nao_nulos
caixa_003_2017_bext_mai2017,vnome_municipio,nao_nulos
caixa_003_2017_bext_mai2017,vporte_municipio,nao_nulos
caixa_003_2017_bext_mai2017,mvalor_emprestimo,nao_nulos
caixa_003_2017_bext_mai2017,mvalor_investimento,nao_nulos
caixa_003_2017_bext_mai2017,mvalor_contrapartida_poder_publico,nao_nulos
caixa_003_2017_bext_mai2017,iqde_uh,nao_nulos
caixa_003_2017_bext_mai2017,vfaixa_perc_obra,nao_nulos
caixa_003_2017_bext_mai2017,iqde_uh_entregues,nao_nulos
caixa_003_2017_bext_mai2017,iqde_uh_em_obras,nao_nulos
caixa_003_2017_bext_mai2017,iqde_uh_concluidas,nao_nulos
caixa_003_2017_bext_mai2017,iano_mes,nao_nulos
caixa_003_2017_bext_mai2017,vnome_produto,nao_nulos
caixa_003_2017_bext_mai2017,mvalor_desembolso,nao_nulos
caixa_003_2017_bext_mai2017,mvalor_subsidio,nao_nulos
caixa_003_2017_bext_mai2017,mvalor_financiamento,nao_nulos
caixa_003_2017_bext_mai2017,report_date,negocio
caixa_003_2017_bext_mar2017,icodigo_empreendimento,nao_nulos
caixa_003_2017_bext_mar2017,vinstituicao,nao_nulos
caixa_003_2017_bext_mar2017,iprograma_mcmv,nao_nulos
caixa_003_2017_bext_mar2017,csigla_origem,nao_nulos
caixa_003_2017_bext_mar2017,cfaixa,nao_nulos
caixa_003_2017_bext_mar2017,csigla_uf,nao_nulos
caixa_003_2017_bext_mar2017,icodigo_municipio_ibge_sem_dv,nao_nulos
caixa_003_2017_bext_mar2017,vnome_municipio,nao_nulos
caixa_003_2017_bext_mar2017,vporte_municipio,nao_nulos
caixa_003_2017_bext_mar2017,mvalor_emprestimo,nao_nulos
caixa_003_2017_bext_mar2017,mvalor_investimento,nao_nulos
caixa_003_2017_bext_mar2017,mvalor_contrapartida_poder_publico,nao_nulos
caixa_003_2017_bext_mar2017,iqde_uh,nao_nulos
caixa_003_2017_bext_mar2017,vfaixa_perc_obra,nao_nulos
caixa_003_2017_bext_mar2017,iqde_uh_entregues,nao_nulos
caixa_003_2017_bext_mar2017,iqde_uh_em_obras,nao_nulos
caixa_003_2017_bext_mar2017,iqde_uh_concluidas,nao_nulos
caixa_003_2017_bext_mar2017,iano_mes,nao_nulos
caixa_003_2017_bext_mar2017,vnome_produto,nao_nulos
caixa_003_2017_bext_mar2017,mvalor_desembolso,nao_nulos
caixa_003_2017_bext_mar2017,mvalor_subsidio,nao_nulos
caixa_003_2017_bext_mar2017,mvalor_financiamento,nao_nulos
caixa_003_2017_bext_mar2017,report_date,negocio
caixa_003_2017_bext_out2017,icodigo_empreendimento,nao_nulos
caixa_003_2017_bext_out2017,vinstituicao,nao_nulos
caixa_003_2017_bext_out2017,iprograma_mcmv,nao_nulos
caixa_003_2017_bext_out2017,csigla_origem,nao_nulos
caixa_003_2017_bext_out2017,cfaixa,nao_nulos
caixa_003_2017_bext_out2017,csigla_uf,nao_nulos
caixa_003_2017_bext_out2017,icodigo_municipio_ibge_sem_dv,nao_nulos
caixa_003_2017_bext_out2017,vnome_municipio,nao_nulos
caixa_003_2017_bext_out2017,vporte_municipio,nao_nulos
caixa_003_2017_bext_out2017,mvalor_emprestimo,nao_nulos
caixa_003_2017_bext_out2017,mvalor_investimento,nao_nulos
caixa_003_2017_bext_out2017,mvalor_contrapartida_poder_publico,nao_nulos
caixa_003_2017_bext_out2017,iqde_uh,nao_nulos
caixa_003_2017_bext_out2017,vfaixa_perc_obra,nao_nulos
caixa_003_2017_bext_out2017,iqde_uh_entregues,nao_nulos
caixa_003_2017_bext_out2017,iqde_uh_em_obras,nao_nulos
caixa_003_2017_bext_out2017,iqde_uh_concluidas,nao_nulos
caixa_003_2017_bext_out2017,iano_mes,nao_nulos
caixa_003_2017_bext_out2017,vnome_produto,nao_nulos
caixa_003_2017_bext_out2017,mvalor_desembolso,nao_nulos
caixa_003_2017_bext_out2017,mvalor_subsidio,nao_nulos
caixa_003_2017_bext_out2017,mvalor_financiamento,nao_nulos
caixa_003_2017_bext_out2017,report_date,negocio
ecente_2024_07_snh_pmcmv_dados_prioritarios_af_bb_vs02_correcao,data_de_movimento,nao_nulos
ecente_2024_07_snh_pmcmv_dados_prioritarios_af_bb_vs02_correcao,agente_financeiro,nao_nulos
ecente_2024_07_snh_pmcmv_dados_prioritarios_af_bb_vs02_correcao,apf,negocio
ecente_2024_07_snh_pmcmv_dados_prioritarios_af_bb_vs02_correcao,apf,nao_nulos
ecente_2024_07_snh_pmcmv_dados_prioritarios_af_bb_vs02_correcao,uf,nao_nulos
ecente_2024_07_snh_pmcmv_dados_prioritarios_af_bb_vs02_correcao,municipio,nao_nulos
ecente_2024_07_snh_pmcmv_dados_prioritarios_af_bb_vs02_correcao,codigo_ibge_do_municipio,negocio
ecente_2024_07_snh_pmcmv_dados_prioritarios_af_bb_vs02_correcao,codigo_ibge_do_municipio,nao_nulos
ecente_2024_07_snh_pmcmv_dados_prioritarios_af_bb_vs02_correcao,nome_empreendimento,nao_nulos
ecente_2024_07_snh_pmcmv_dados_prioritarios_af_bb_vs02_correcao,modalidade,nao_nulos
ecente_2024_07_snh_pmcmv_dados_prioritarios_af_bb_vs02_correcao,situacao_do_empreendimento,nao_nulos
ecente_2024_07_snh_pmcmv_dados_prioritarios_af_bb_vs02_correcao,detalhamento_da_situacao_do_empreendimento,nao_nulos
ecente_2024_07_snh_pmcmv_dados_prioritarios_af_bb_vs02_correcao,data_de_contratacao,nao_nulos
ecente_2024_07_snh_pmcmv_dados_prioritarios_af_bb_vs02_correcao,exec,nao_nulos
ecente_2024_07_snh_pmcmv_dados_prioritarios_af_bb_vs02_correcao,valor_contratado,nao_nulos
ecente_2024_07_snh_pmcmv_dados_prioritarios_af_bb_vs02_correcao,valor_desembolsado,nao_nulos
ecente_2024_07_snh_pmcmv_dados_prioritarios_af_bb_vs02_correcao,uhs_contratadas,nao_nulos
ecente_2024_07_snh_pmcmv_dados_prioritarios_af_bb_vs02_correcao,uhs_entregues,nao_nulos
ecente_2024_07_snh_pmcmv_dados_prioritarios_af_bb_vs02_correcao,uhs_vigentes,nao_nulos
ecente_2024_07_snh_pmcmv_dados_prioritarios_af_bb_vs02_correcao,quantidade_de_uhs_vigentes_em_janeiro_do_ano_de_referencia,nao_nulos
ecente_2024_07_snh_pmcmv_dados_prioritarios_af_bb_vs02_correcao,quantidade_de_uhs_entregues_do_ano_de_referencia,nao_nulos
ecente_2024_07_snh_pmcmv_dados_prioritarios_af_bb_vs02_correcao,situacao_do_empreendimento_em_janeiro_do_ano_de_referencia,nao_nulos
ecente_2024_07_snh_pmcmv_dados_prioritarios_af_bb_vs02_correcao,detalhamento_da_situacao_do_empreendimento_em_janeiro_do_ano,nao_nulos
ecente_2024_07_snh_pmcmv_dados_prioritarios_af_bb_vs02_correcao,quantidade_de_uhs_contratadas_em_janeiro_do_ano_de_referencia,nao_nulos
ecente_2024_07_snh_pmcmv_dados_prioritarios_af_bb_vs02_correcao,quantidade_de_uhs_contratadas_do_ano_de_referencia,nao_nulos
ecente_2024_07_snh_pmcmv_dados_prioritarios_af_bb_vs02_correcao,quantidade_de_uhs_entregues_em_janeiro_do_ano_de_referencia,nao_nulos
ecente_2024_07_snh_pmcmv_dados_prioritarios_af_bb_vs02_correcao,quantidade_de_uhs_vigentes_do_ano_de_referencia,nao_nulos
ecente_2024_07_snh_pmcmv_dados_prioritarios_af_bb_vs02_correcao,quantidade_de_uhs_distratadas,nao_nulos
ecente_2024_07_snh_pmcmv_dados_prioritarios_af_bb_vs02_correcao,quantidade_de_uhs_distratadas_em_janeiro_do_ano_de_referencia,nao_nulos
ecente_2024_07_snh_pmcmv_dados_prioritarios_af_bb_vs02_correcao,quantidade_de_uhs_distratadas_do_ano_de_referencia,nao_nulos
ecente_2024_07_snh_pmcmv_dados_prioritarios_af_bb_vs02_correcao,report_date,negocio
ecente_2024_07_snh_pmcmv_dados_prioritarios_af_bb_vs02_correcao,report_date,nao_nulos
elatorio_executivo_31102014_bases_relatório_executivo_31102014,uf,nao_nulos
elatorio_executivo_31102014_bases_relatório_executivo_31102014,codmunicibge,nao_nulos
elatorio_executivo_31102014_bases_relatório_executivo_31102014,municipio,nao_nulos
elatorio_executivo_31102014_bases_relatório_executivo_31102014,recortes_territoriais,nao_nulos
elatorio_executivo_31102014_bases_relatório_executivo_31102014,produto,nao_nulos
elatorio_executivo_31102014_bases_relatório_executivo_31102014,faixa,nao_nulos
elatorio_executivo_31102014_bases_relatório_executivo_31102014,faixa_divisao,nao_nulos
elatorio_executivo_31102014_bases_relatório_executivo_31102014,unidades,nao_nulos
elatorio_executivo_31102014_bases_relatório_executivo_31102014,comercializadas,nao_nulos
elatorio_executivo_31102014_bases_relatório_executivo_31102014,valor_do_emprestimo,nao_nulos
elatorio_executivo_31102014_bases_relatório_executivo_31102014,valor_da_contrapartida_do_poder_publico,nao_nulos
elatorio_executivo_31102014_bases_relatório_executivo_31102014,valor_total_do_investimento,nao_nulos
elatorio_executivo_31102014_bases_relatório_executivo_31102014,siaci_valorsubsidio_fgts,nao_nulos
elatorio_executivo_31102014_bases_relatório_executivo_31102014,siaci_valorsubsidio_ogu,nao_nulos
elatorio_executivo_31102014_bases_relatório_executivo_31102014,idregistro,nao_nulos
elatorio_executivo_31102014_bases_relatório_executivo_31102014,codapf,negocio
elatorio_executivo_31102014_bases_relatório_executivo_31102014,codapf,nao_nulos
elatorio_executivo_31102014_bases_relatório_executivo_31102014,nomeempreendimento,nao_nulos
elatorio_executivo_31102014_bases_relatório_executivo_31102014,endereco_do_empreendimento,nao_nulos
elatorio_executivo_31102014_bases_relatório_executivo_31102014,construtora,nao_nulos
elatorio_executivo_31102014_bases_relatório_executivo_31102014,cnpj,nao_nulos
elatorio_executivo_31102014_bases_relatório_executivo_31102014,administracao_por_condominio,nao_nulos
elatorio_executivo_31102014_bases_relatório_executivo_31102014,trabalho_tecnico_social_tts,nao_nulos
elatorio_executivo_31102014_bases_relatório_executivo_31102014,dataprevistasr,nao_nulos
elatorio_executivo_31102014_bases_relatório_executivo_31102014,valor_total_liberado,nao_nulos
elatorio_executivo_31102014_bases_relatório_executivo_31102014,de_obra_executada,nao_nulos
elatorio_executivo_31102014_bases_relatório_executivo_31102014,unidades_concluidas,nao_nulos
elatorio_executivo_31102014_bases_relatório_executivo_31102014,unidades_em_obras,nao_nulos
elatorio_executivo_31102014_bases_relatório_executivo_31102014,faixa_perc,nao_nulos
elatorio_executivo_31102014_bases_relatório_executivo_31102014,data_prevista_termino_obra,nao_nulos
elatorio_executivo_31102014_bases_relatório_executivo_31102014,unidades_entregues,nao_nulos
elatorio_executivo_31102014_bases_relatório_executivo_31102014,ano,nao_nulos
elatorio_executivo_31102014_bases_relatório_executivo_31102014,id_mcmv,nao_nulos
elatorio_executivo_31102014_bases_relatório_executivo_31102014,report_date,negocio
historico_recente_202406_snh_pmcmv_dados_prioritarios_af_bb,data_de_movimento,nao_nulos
historico_recente_202406_snh_pmcmv_dados_prioritarios_af_bb,agente_financeiro,nao_nulos
historico_recente_202406_snh_pmcmv_dados_prioritarios_af_bb,apf,negocio
historico_recente_202406_snh_pmcmv_dados_prioritarios_af_bb,apf,nao_nulos
historico_recente_202406_snh_pmcmv_dados_prioritarios_af_bb,uf,nao_nulos
historico_recente_202406_snh_pmcmv_dados_prioritarios_af_bb,municipio,nao_nulos
historico_recente_202406_snh_pmcmv_dados_prioritarios_af_bb,codigo_ibge_do_municipio,negocio
historico_recente_202406_snh_pmcmv_dados_prioritarios_af_bb,codigo_ibge_do_municipio,nao_nulos
historico_recente_202406_snh_pmcmv_dados_prioritarios_af_bb,nome_empreendimento,nao_nulos
historico_recente_202406_snh_pmcmv_dados_prioritarios_af_bb,modalidade,nao_nulos
historico_recente_202406_snh_pmcmv_dados_prioritarios_af_bb,situacao_do_empreendimento,nao_nulos
historico_recente_202406_snh_pmcmv_dados_prioritarios_af_bb,detalhamento_da_situacao_do_empreendimento,nao_nulos
historico_recente_202406_snh_pmcmv_dados_prioritarios_af_bb,data_de_contratacao,nao_nulos
historico_recente_202406_snh_pmcmv_dados_prioritarios_af_bb,exec,nao_nulos
historico_recente_202406_snh_pmcmv_dados_prioritarios_af_bb,valor_contratado,nao_nulos
historico_recente_202406_snh_pmcmv_dados_prioritarios_af_bb,valor_desembolsado,nao_nulos
historico_recente_202406_snh_pmcmv_dados_prioritarios_af_bb,uhs_contratadas,nao_nulos
historico_recente_202406_snh_pmcmv_dados_prioritarios_af_bb,uhs_entregues,nao_nulos
historico_recente_202406_snh_pmcmv_dados_prioritarios_af_bb,uhs_vigentes,nao_nulos
historico_recente_202406_snh_pmcmv_dados_prioritarios_af_bb,quantidade_de_uhs_vigentes_em_janeiro_do_ano_de_referencia,nao_nulos
historico_recente_202406_snh_pmcmv_dados_prioritarios_af_bb,quantidade_de_uhs_entregues_do_ano_de_referencia,nao_nulos
historico_recente_202406_snh_pmcmv_dados_prioritarios_af_bb,situacao_do_empreendimento_em_janeiro_do_ano_de_referencia,nao_nulos
historico_recente_202406_snh_pmcmv_dados_prioritarios_af_bb,detalhamento_da_situacao_do_empreendimento_em_janeiro_do_ano,nao_nulos
historico_recente_202406_snh_pmcmv_dados_prioritarios_af_bb,quantidade_de_uhs_contratadas_em_janeiro_do_ano_de_referencia,nao_nulos
historico_recente_202406_snh_pmcmv_dados_prioritarios_af_bb,quantidade_de_uhs_contratadas_do_ano_de_referencia,nao_nulos
historico_recente_202406_snh_pmcmv_dados_prioritarios_af_bb,quantidade_de_uhs_entregues_em_janeiro_do_ano_de_referencia,nao_nulos
historico_recente_202406_snh_pmcmv_dados_prioritarios_af_bb,quantidade_de_uhs_vigentes_do_ano_de_referencia,nao_nulos
historico_recente_202406_snh_pmcmv_dados_prioritarios_af_bb,quantidade_de_uhs_distratadas,nao_nulos
historico_recente_202406_snh_pmcmv_dados_prioritarios_af_bb,quantidade_de_uhs_distratadas_em_janeiro_do_ano_de_referencia,nao_nulos
historico_recente_202406_snh_pmcmv_dados_prioritarios_af_bb,quantidade_de_uhs_distratadas_do_ano_de_referencia,nao_nulos
historico_recente_202406_snh_pmcmv_dados_prioritarios_af_bb,report_date,negocio
historico_recente_202406_snh_pmcmv_dados_prioritarios_af_caixa,data_de_movimento,nao_nulos
historico_recente_202406_snh_pmcmv_dados_prioritarios_af_caixa,agente_financeiro,nao_nulos
historico_recente_202406_snh_pmcmv_dados_prioritarios_af_caixa,apf,negocio
historico_recente_202406_snh_pmcmv_dados_prioritarios_af_caixa,apf,nao_nulos
historico_recente_202406_snh_pmcmv_dados_prioritarios_af_caixa,uf,nao_nulos
historico_recente_202406_snh_pmcmv_dados_prioritarios_af_caixa,municipio,nao_nulos
historico_recente_202406_snh_pmcmv_dados_prioritarios_af_caixa,codigo_ibge_do_municipio,negocio
historico_recente_202406_snh_pmcmv_dados_prioritarios_af_caixa,codigo_ibge_do_municipio,nao_nulos
historico_recente_202406_snh_pmcmv_dados_prioritarios_af_caixa,nome_empreendimento,nao_nulos
historico_recente_202406_snh_pmcmv_dados_prioritarios_af_caixa,modalidade,nao_nulos
historico_recente_202406_snh_pmcmv_dados_prioritarios_af_caixa,situacao_do_empreendimento,nao_nulos
historico_recente_202406_snh_pmcmv_dados_prioritarios_af_caixa,data_de_contratacao,nao_nulos
historico_recente_202406_snh_pmcmv_dados_prioritarios_af_caixa,exec,nao_nulos
historico_recente_202406_snh_pmcmv_dados_prioritarios_af_caixa,uh_contratadas,nao_nulos
historico_recente_202406_snh_pmcmv_dados_prioritarios_af_caixa,uh_entregues,nao_nulos
historico_recente_202406_snh_pmcmv_dados_prioritarios_af_caixa,uh_vigentes,nao_nulos
historico_recente_202406_snh_pmcmv_dados_prioritarios_af_caixa,mcmv_ogu_27_qtd_vigentes_janeiro_ano_dt_referencia,nao_nulos
historico_recente_202406_snh_pmcmv_dados_prioritarios_af_caixa,mcmv_ogu_28_qtd_entregues_ano_dt_referencia,nao_nulos
historico_recente_202406_snh_pmcmv_dados_prioritarios_af_caixa,report_date,negocio
historico_recente_202407_snh_pmcmv_dados_prioritarios_af_caixa,data_de_movimento,nao_nulos
historico_recente_202407_snh_pmcmv_dados_prioritarios_af_caixa,agente_financeiro,nao_nulos
historico_recente_202407_snh_pmcmv_dados_prioritarios_af_caixa,apf,negocio
historico_recente_202407_snh_pmcmv_dados_prioritarios_af_caixa,apf,nao_nulos
historico_recente_202407_snh_pmcmv_dados_prioritarios_af_caixa,uf,nao_nulos
historico_recente_202407_snh_pmcmv_dados_prioritarios_af_caixa,municipio,nao_nulos
historico_recente_202407_snh_pmcmv_dados_prioritarios_af_caixa,codigo_ibge_do_municipio,negocio
historico_recente_202407_snh_pmcmv_dados_prioritarios_af_caixa,codigo_ibge_do_municipio,nao_nulos
historico_recente_202407_snh_pmcmv_dados_prioritarios_af_caixa,nome_empreendimento,nao_nulos
historico_recente_202407_snh_pmcmv_dados_prioritarios_af_caixa,modalidade,nao_nulos
historico_recente_202407_snh_pmcmv_dados_prioritarios_af_caixa,situacao_do_empreendimento,nao_nulos
historico_recente_202407_snh_pmcmv_dados_prioritarios_af_caixa,data_de_contratacao,nao_nulos
historico_recente_202407_snh_pmcmv_dados_prioritarios_af_caixa,exec,nao_nulos
historico_recente_202407_snh_pmcmv_dados_prioritarios_af_caixa,uh_contratadas,nao_nulos
historico_recente_202407_snh_pmcmv_dados_prioritarios_af_caixa,uh_entregues,nao_nulos
historico_recente_202407_snh_pmcmv_dados_prioritarios_af_caixa,uh_vigentes,nao_nulos
historico_recente_202407_snh_pmcmv_dados_prioritarios_af_caixa,mcmv_ogu_27_qtd_vigentes_janeiro_ano_dt_referencia,nao_nulos
historico_recente_202407_snh_pmcmv_dados_prioritarios_af_caixa,mcmv_ogu_28_qtd_entregues_ano_dt_referencia,nao_nulos
historico_recente_202407_snh_pmcmv_dados_prioritarios_af_caixa,report_date,negocio
historico_recente_202409_snh_pmcmv_dados_prioritarios_af_caixa,data_de_movimento,nao_nulos
historico_recente_202409_snh_pmcmv_dados_prioritarios_af_caixa,agente_financeiro,nao_nulos
historico_recente_202409_snh_pmcmv_dados_prioritarios_af_caixa,apf,negocio
historico_recente_202409_snh_pmcmv_dados_prioritarios_af_caixa,apf,nao_nulos
historico_recente_202409_snh_pmcmv_dados_prioritarios_af_caixa,uf,nao_nulos
historico_recente_202409_snh_pmcmv_dados_prioritarios_af_caixa,municipio,nao_nulos
historico_recente_202409_snh_pmcmv_dados_prioritarios_af_caixa,codigo_ibge_do_municipio,negocio
historico_recente_202409_snh_pmcmv_dados_prioritarios_af_caixa,codigo_ibge_do_municipio,nao_nulos
historico_recente_202409_snh_pmcmv_dados_prioritarios_af_caixa,nome_empreendimento,nao_nulos
historico_recente_202409_snh_pmcmv_dados_prioritarios_af_caixa,modalidade,nao_nulos
historico_recente_202409_snh_pmcmv_dados_prioritarios_af_caixa,situacao_do_empreendimento,nao_nulos
historico_recente_202409_snh_pmcmv_dados_prioritarios_af_caixa,classificacao_dos_paralisados,nao_nulos
historico_recente_202409_snh_pmcmv_dados_prioritarios_af_caixa,data_de_contratacao,nao_nulos
historico_recente_202409_snh_pmcmv_dados_prioritarios_af_caixa,exec,nao_nulos
historico_recente_202409_snh_pmcmv_dados_prioritarios_af_caixa,uh_contratadas,nao_nulos
historico_recente_202409_snh_pmcmv_dados_prioritarios_af_caixa,uh_entregues,nao_nulos
historico_recente_202409_snh_pmcmv_dados_prioritarios_af_caixa,uh_vigentes,nao_nulos
historico_recente_202409_snh_pmcmv_dados_prioritarios_af_caixa,mcmv_ogu_27_qtd_vigentes_janeiro_ano_dt_referencia,nao_nulos
historico_recente_202409_snh_pmcmv_dados_prioritarios_af_caixa,mcmv_ogu_28_qtd_entregues_ano_dt_referencia,nao_nulos
historico_recente_202409_snh_pmcmv_dados_prioritarios_af_caixa,mcmv_ogu_31_txt_detalha_situacao_empreendimento_janeiro_ano_dt,nao_nulos
historico_recente_202409_snh_pmcmv_dados_prioritarios_af_caixa,report_date,negocio
historico_recente_202410_snh_pmcmv_dados_prioritarios_af_caixa,data_de_movimento,nao_nulos
historico_recente_202410_snh_pmcmv_dados_prioritarios_af_caixa,agente_financeiro,nao_nulos
historico_recente_202410_snh_pmcmv_dados_prioritarios_af_caixa,apf,negocio
historico_recente_202410_snh_pmcmv_dados_prioritarios_af_caixa,apf,nao_nulos
historico_recente_202410_snh_pmcmv_dados_prioritarios_af_caixa,uf,nao_nulos
historico_recente_202410_snh_pmcmv_dados_prioritarios_af_caixa,municipio,nao_nulos
historico_recente_202410_snh_pmcmv_dados_prioritarios_af_caixa,codigo_ibge_do_municipio,negocio
historico_recente_202410_snh_pmcmv_dados_prioritarios_af_caixa,codigo_ibge_do_municipio,nao_nulos
historico_recente_202410_snh_pmcmv_dados_prioritarios_af_caixa,nome_empreendimento,nao_nulos
historico_recente_202410_snh_pmcmv_dados_prioritarios_af_caixa,modalidade,nao_nulos
historico_recente_202410_snh_pmcmv_dados_prioritarios_af_caixa,situacao_do_empreendimento,nao_nulos
historico_recente_202410_snh_pmcmv_dados_prioritarios_af_caixa,detalhamento_da_situacao_do_empreendimento,nao_nulos
historico_recente_202410_snh_pmcmv_dados_prioritarios_af_caixa,data_de_contratacao,nao_nulos
historico_recente_202410_snh_pmcmv_dados_prioritarios_af_caixa,exec,nao_nulos
historico_recente_202410_snh_pmcmv_dados_prioritarios_af_caixa,valor_desembolsado,nao_nulos
historico_recente_202410_snh_pmcmv_dados_prioritarios_af_caixa,uh_contratadas,nao_nulos
historico_recente_202410_snh_pmcmv_dados_prioritarios_af_caixa,uh_entregues,nao_nulos
historico_recente_202410_snh_pmcmv_dados_prioritarios_af_caixa,uh_vigentes,nao_nulos
historico_recente_202410_snh_pmcmv_dados_prioritarios_af_caixa,mcmv_ogu_27_qtd_vigentes_janeiro_ano_dt_referencia,nao_nulos
historico_recente_202410_snh_pmcmv_dados_prioritarios_af_caixa,mcmv_ogu_28_qtd_entregues_ano_dt_referencia,nao_nulos
historico_recente_202410_snh_pmcmv_dados_prioritarios_af_caixa,quantidade_de_uhs_contratadas_em_janeiro_do_ano_de_referencia,nao_nulos
historico_recente_202410_snh_pmcmv_dados_prioritarios_af_caixa,quantidade_de_uhs_contratadas_do_ano_de_referencia,nao_nulos
historico_recente_202410_snh_pmcmv_dados_prioritarios_af_caixa,quantidade_de_uhs_entregues_em_janeiro_do_ano_de_referencia,nao_nulos
historico_recente_202410_snh_pmcmv_dados_prioritarios_af_caixa,quantidade_de_uhs_vigentes_do_ano_de_referencia,nao_nulos
historico_recente_202410_snh_pmcmv_dados_prioritarios_af_caixa,quantidade_de_uhs_distratadas,nao_nulos
historico_recente_202410_snh_pmcmv_dados_prioritarios_af_caixa,quantidade_de_uhs_distratadas_em_janeiro_do_ano_de_referencia,nao_nulos
historico_recente_202410_snh_pmcmv_dados_prioritarios_af_caixa,quantidade_de_uhs_distratadas_do_ano_de_referencia,nao_nulos
historico_recente_202410_snh_pmcmv_dados_prioritarios_af_caixa,report_date,negocio
historico_recente_202411_snh_pmcmv_dados_prioritarios_af_bb,data_de_movimento,nao_nulos
historico_recente_202411_snh_pmcmv_dados_prioritarios_af_bb,agente_financeiro,nao_nulos
historico_recente_202411_snh_pmcmv_dados_prioritarios_af_bb,apf,negocio
historico_recente_202411_snh_pmcmv_dados_prioritarios_af_bb,apf,nao_nulos
historico_recente_202411_snh_pmcmv_dados_prioritarios_af_bb,uf,nao_nulos
historico_recente_202411_snh_pmcmv_dados_prioritarios_af_bb,municipio,nao_nulos
historico_recente_202411_snh_pmcmv_dados_prioritarios_af_bb,codigo_ibge_do_municipio,negocio
historico_recente_202411_snh_pmcmv_dados_prioritarios_af_bb,codigo_ibge_do_municipio,nao_nulos
historico_recente_202411_snh_pmcmv_dados_prioritarios_af_bb,nome_empreendimento,nao_nulos
historico_recente_202411_snh_pmcmv_dados_prioritarios_af_bb,modalidade,nao_nulos
historico_recente_202411_snh_pmcmv_dados_prioritarios_af_bb,situacao_do_empreendimento,nao_nulos
historico_recente_202411_snh_pmcmv_dados_prioritarios_af_bb,detalhamento_da_situacao_do_empreendimento,nao_nulos
historico_recente_202411_snh_pmcmv_dados_prioritarios_af_bb,data_de_contratacao,nao_nulos
historico_recente_202411_snh_pmcmv_dados_prioritarios_af_bb,exec,nao_nulos
historico_recente_202411_snh_pmcmv_dados_prioritarios_af_bb,valor_contratado,nao_nulos
historico_recente_202411_snh_pmcmv_dados_prioritarios_af_bb,uhs_contratadas,nao_nulos
historico_recente_202411_snh_pmcmv_dados_prioritarios_af_bb,uhs_entregues,nao_nulos
historico_recente_202411_snh_pmcmv_dados_prioritarios_af_bb,uhs_vigentes,nao_nulos
historico_recente_202411_snh_pmcmv_dados_prioritarios_af_bb,quantidade_de_uhs_vigentes_em_janeiro_do_ano_de_referencia,nao_nulos
historico_recente_202411_snh_pmcmv_dados_prioritarios_af_bb,quantidade_de_uhs_entregues_do_ano_de_referencia,nao_nulos
historico_recente_202411_snh_pmcmv_dados_prioritarios_af_bb,situacao_do_empreendimento_em_janeiro_do_ano_de_referencia,nao_nulos
historico_recente_202411_snh_pmcmv_dados_prioritarios_af_bb,detalhamento_da_situacao_do_empreendimento_em_janeiro_do_ano,nao_nulos
historico_recente_202411_snh_pmcmv_dados_prioritarios_af_bb,quantidade_de_uhs_contratadas_em_janeiro_do_ano_de_referencia,nao_nulos
historico_recente_202411_snh_pmcmv_dados_prioritarios_af_bb,quantidade_de_uhs_contratadas_do_ano_de_referencia,nao_nulos
historico_recente_202411_snh_pmcmv_dados_prioritarios_af_bb,quantidade_de_uhs_entregues_em_janeiro_do_ano_de_referencia,nao_nulos
historico_recente_202411_snh_pmcmv_dados_prioritarios_af_bb,quantidade_de_uhs_vigentes_do_ano_de_referencia,nao_nulos
historico_recente_202411_snh_pmcmv_dados_prioritarios_af_bb,quantidade_de_uhs_distratadas,nao_nulos
historico_recente_202411_snh_pmcmv_dados_prioritarios_af_bb,quantidade_de_uhs_distratadas_em_janeiro_do_ano_de_referencia,nao_nulos
historico_recente_202411_snh_pmcmv_dados_prioritarios_af_bb,quantidade_de_uhs_distratadas_do_ano_de_referencia,nao_nulos
historico_recente_202411_snh_pmcmv_dados_prioritarios_af_bb,latitude_do_imovel,nao_nulos
historico_recente_202411_snh_pmcmv_dados_prioritarios_af_bb,longitude_do_imovel,nao_nulos
historico_recente_202411_snh_pmcmv_dados_prioritarios_af_bb,report_date,negocio
historico_recente_202411_snh_pmcmv_dados_prioritarios_af_caixa,data_de_movimento,nao_nulos
historico_recente_202411_snh_pmcmv_dados_prioritarios_af_caixa,agente_financeiro,nao_nulos
historico_recente_202411_snh_pmcmv_dados_prioritarios_af_caixa,apf,negocio
historico_recente_202411_snh_pmcmv_dados_prioritarios_af_caixa,apf,nao_nulos
historico_recente_202411_snh_pmcmv_dados_prioritarios_af_caixa,uf,nao_nulos
historico_recente_202411_snh_pmcmv_dados_prioritarios_af_caixa,municipio,nao_nulos
historico_recente_202411_snh_pmcmv_dados_prioritarios_af_caixa,codigo_ibge_do_municipio,negocio
historico_recente_202411_snh_pmcmv_dados_prioritarios_af_caixa,codigo_ibge_do_municipio,nao_nulos
historico_recente_202411_snh_pmcmv_dados_prioritarios_af_caixa,nome_empreendimento,nao_nulos
historico_recente_202411_snh_pmcmv_dados_prioritarios_af_caixa,modalidade,nao_nulos
historico_recente_202411_snh_pmcmv_dados_prioritarios_af_caixa,situacao_do_empreendimento,nao_nulos
historico_recente_202411_snh_pmcmv_dados_prioritarios_af_caixa,detalhamento_da_situacao_do_empreendimento,nao_nulos
historico_recente_202411_snh_pmcmv_dados_prioritarios_af_caixa,data_de_contratacao,nao_nulos
historico_recente_202411_snh_pmcmv_dados_prioritarios_af_caixa,exec,nao_nulos
historico_recente_202411_snh_pmcmv_dados_prioritarios_af_caixa,valor_aporte_adicional,nao_nulos
historico_recente_202411_snh_pmcmv_dados_prioritarios_af_caixa,valor_desembolsado,nao_nulos
historico_recente_202411_snh_pmcmv_dados_prioritarios_af_caixa,uh_contratadas,nao_nulos
historico_recente_202411_snh_pmcmv_dados_prioritarios_af_caixa,uh_entregues,nao_nulos
historico_recente_202411_snh_pmcmv_dados_prioritarios_af_caixa,uh_vigentes,nao_nulos
historico_recente_202411_snh_pmcmv_dados_prioritarios_af_caixa,quantidade_de_uhs_vigentes_em_janeiro_do_ano_de_referencia,nao_nulos
historico_recente_202411_snh_pmcmv_dados_prioritarios_af_caixa,quantidade_de_uhs_entregues_do_ano_de_referencia,nao_nulos
historico_recente_202411_snh_pmcmv_dados_prioritarios_af_caixa,situacao_do_empreendimento_em_janeiro_do_ano_de_referencia,nao_nulos
historico_recente_202411_snh_pmcmv_dados_prioritarios_af_caixa,valor_desembolsado_do_ano_de_referencia,nao_nulos
historico_recente_202411_snh_pmcmv_dados_prioritarios_af_caixa,detalhamento_da_situacao_do_empreendimento_em_janeiro_do_ano,nao_nulos
historico_recente_202411_snh_pmcmv_dados_prioritarios_af_caixa,quantidade_de_uhs_contratadas_em_janeiro_do_ano_de_referencia,nao_nulos
historico_recente_202411_snh_pmcmv_dados_prioritarios_af_caixa,quantidade_de_uhs_contratadas_do_ano_de_referencia,nao_nulos
historico_recente_202411_snh_pmcmv_dados_prioritarios_af_caixa,quantidade_de_uhs_entregues_em_janeiro_do_ano_de_referencia,nao_nulos
historico_recente_202411_snh_pmcmv_dados_prioritarios_af_caixa,quantidade_de_uhs_vigentes_do_ano_de_referencia,nao_nulos
historico_recente_202411_snh_pmcmv_dados_prioritarios_af_caixa,quantidade_de_uhs_distratadas,nao_nulos
historico_recente_202411_snh_pmcmv_dados_prioritarios_af_caixa,quantidade_de_uhs_distratadas_em_janeiro_do_ano_de_referencia,nao_nulos
historico_recente_202411_snh_pmcmv_dados_prioritarios_af_caixa,quantidade_de_uhs_distratadas_do_ano_de_referencia,nao_nulos
historico_recente_202411_snh_pmcmv_dados_prioritarios_af_caixa,logradouro_do_imovel,nao_nulos
historico_recente_202411_snh_pmcmv_dados_prioritarios_af_caixa,numero_do_imovel,nao_nulos
historico_recente_202411_snh_pmcmv_dados_prioritarios_af_caixa,complemento_do_endereco_do_imovel,nao_nulos
historico_recente_202411_snh_pmcmv_dados_prioritarios_af_caixa,bairro_do_imovel,nao_nulos
historico_recente_202411_snh_pmcmv_dados_prioritarios_af_caixa,cep_do_imovel,nao_nulos
historico_recente_202411_snh_pmcmv_dados_prioritarios_af_caixa,latitude_do_imovel,nao_nulos
historico_recente_202411_snh_pmcmv_dados_prioritarios_af_caixa,longitude_do_imovel,nao_nulos
historico_recente_202411_snh_pmcmv_dados_prioritarios_af_caixa,report_date,negocio
historico_recente_202412_snh_pmcmv_dados_prioritarios_af_caixa,data_de_movimento,nao_nulos
historico_recente_202412_snh_pmcmv_dados_prioritarios_af_caixa,agente_financeiro,nao_nulos
historico_recente_202412_snh_pmcmv_dados_prioritarios_af_caixa,apf,negocio
historico_recente_202412_snh_pmcmv_dados_prioritarios_af_caixa,apf,nao_nulos
historico_recente_202412_snh_pmcmv_dados_prioritarios_af_caixa,uf,nao_nulos
historico_recente_202412_snh_pmcmv_dados_prioritarios_af_caixa,municipio,nao_nulos
historico_recente_202412_snh_pmcmv_dados_prioritarios_af_caixa,codigo_ibge_do_municipio,negocio
historico_recente_202412_snh_pmcmv_dados_prioritarios_af_caixa,codigo_ibge_do_municipio,nao_nulos
historico_recente_202412_snh_pmcmv_dados_prioritarios_af_caixa,nome_empreendimento,nao_nulos
historico_recente_202412_snh_pmcmv_dados_prioritarios_af_caixa,modalidade,nao_nulos
historico_recente_202412_snh_pmcmv_dados_prioritarios_af_caixa,situacao_do_empreendimento,nao_nulos
historico_recente_202412_snh_pmcmv_dados_prioritarios_af_caixa,detalhamento_da_situacao_do_empreendimento,nao_nulos
historico_recente_202412_snh_pmcmv_dados_prioritarios_af_caixa,data_de_contratacao,nao_nulos
historico_recente_202412_snh_pmcmv_dados_prioritarios_af_caixa,exec,nao_nulos
historico_recente_202412_snh_pmcmv_dados_prioritarios_af_caixa,valor_contratado,nao_nulos
historico_recente_202412_snh_pmcmv_dados_prioritarios_af_caixa,valor_aporte_adicional,nao_nulos
historico_recente_202412_snh_pmcmv_dados_prioritarios_af_caixa,valor_desembolsado,nao_nulos
historico_recente_202412_snh_pmcmv_dados_prioritarios_af_caixa,uh_contratadas,nao_nulos
historico_recente_202412_snh_pmcmv_dados_prioritarios_af_caixa,uh_entregues,nao_nulos
historico_recente_202412_snh_pmcmv_dados_prioritarios_af_caixa,uh_vigentes,nao_nulos
historico_recente_202412_snh_pmcmv_dados_prioritarios_af_caixa,quantidade_de_uhs_vigentes_em_janeiro_do_ano_de_referencia,nao_nulos
historico_recente_202412_snh_pmcmv_dados_prioritarios_af_caixa,quantidade_de_uhs_entregues_do_ano_de_referencia,nao_nulos
historico_recente_202412_snh_pmcmv_dados_prioritarios_af_caixa,situacao_do_empreendimento_em_janeiro_do_ano_de_referencia,nao_nulos
historico_recente_202412_snh_pmcmv_dados_prioritarios_af_caixa,valor_desembolsado_do_ano_de_referencia,nao_nulos
historico_recente_202412_snh_pmcmv_dados_prioritarios_af_caixa,quantidade_de_uhs_contratadas_em_janeiro_do_ano_de_referencia,nao_nulos
historico_recente_202412_snh_pmcmv_dados_prioritarios_af_caixa,quantidade_de_uhs_contratadas_do_ano_de_referencia,nao_nulos
historico_recente_202412_snh_pmcmv_dados_prioritarios_af_caixa,quantidade_de_uhs_entregues_em_janeiro_do_ano_de_referencia,nao_nulos
historico_recente_202412_snh_pmcmv_dados_prioritarios_af_caixa,quantidade_de_uhs_vigentes_do_ano_de_referencia,nao_nulos
historico_recente_202412_snh_pmcmv_dados_prioritarios_af_caixa,quantidade_de_uhs_distratadas,nao_nulos
historico_recente_202412_snh_pmcmv_dados_prioritarios_af_caixa,quantidade_de_uhs_distratadas_em_janeiro_do_ano_de_referencia,nao_nulos
historico_recente_202412_snh_pmcmv_dados_prioritarios_af_caixa,quantidade_de_uhs_distratadas_do_ano_de_referencia,nao_nulos
historico_recente_202412_snh_pmcmv_dados_prioritarios_af_caixa,logradouro_do_imovel,nao_nulos
historico_recente_202412_snh_pmcmv_dados_prioritarios_af_caixa,numero_do_imovel,nao_nulos
historico_recente_202412_snh_pmcmv_dados_prioritarios_af_caixa,complemento_do_endereco_do_imovel,nao_nulos
historico_recente_202412_snh_pmcmv_dados_prioritarios_af_caixa,bairro_do_imovel,nao_nulos
historico_recente_202412_snh_pmcmv_dados_prioritarios_af_caixa,cep_do_imovel,nao_nulos
historico_recente_202412_snh_pmcmv_dados_prioritarios_af_caixa,report_date,negocio
historico_recente_2024_10_snh_pmcmv_dados_prioritarios_af_bb,data_de_movimento,nao_nulos
historico_recente_2024_10_snh_pmcmv_dados_prioritarios_af_bb,agente_financeiro,nao_nulos
historico_recente_2024_10_snh_pmcmv_dados_prioritarios_af_bb,apf,negocio
historico_recente_2024_10_snh_pmcmv_dados_prioritarios_af_bb,apf,nao_nulos
historico_recente_2024_10_snh_pmcmv_dados_prioritarios_af_bb,uf,nao_nulos
historico_recente_2024_10_snh_pmcmv_dados_prioritarios_af_bb,municipio,nao_nulos
historico_recente_2024_10_snh_pmcmv_dados_prioritarios_af_bb,codigo_ibge_do_municipio,negocio
historico_recente_2024_10_snh_pmcmv_dados_prioritarios_af_bb,codigo_ibge_do_municipio,nao_nulos
historico_recente_2024_10_snh_pmcmv_dados_prioritarios_af_bb,nome_empreendimento,nao_nulos
historico_recente_2024_10_snh_pmcmv_dados_prioritarios_af_bb,modalidade,nao_nulos
historico_recente_2024_10_snh_pmcmv_dados_prioritarios_af_bb,situacao_do_empreendimento,nao_nulos
historico_recente_2024_10_snh_pmcmv_dados_prioritarios_af_bb,detalhamento_da_situacao_do_empreendimento,nao_nulos
historico_recente_2024_10_snh_pmcmv_dados_prioritarios_af_bb,data_de_contratacao,nao_nulos
historico_recente_2024_10_snh_pmcmv_dados_prioritarios_af_bb,exec,nao_nulos
historico_recente_2024_10_snh_pmcmv_dados_prioritarios_af_bb,valor_contratado,nao_nulos
historico_recente_2024_10_snh_pmcmv_dados_prioritarios_af_bb,uhs_contratadas,nao_nulos
historico_recente_2024_10_snh_pmcmv_dados_prioritarios_af_bb,uhs_entregues,nao_nulos
historico_recente_2024_10_snh_pmcmv_dados_prioritarios_af_bb,uhs_vigentes,nao_nulos
historico_recente_2024_10_snh_pmcmv_dados_prioritarios_af_bb,quantidade_de_uhs_vigentes_em_janeiro_do_ano_de_referencia,nao_nulos
historico_recente_2024_10_snh_pmcmv_dados_prioritarios_af_bb,quantidade_de_uhs_entregues_do_ano_de_referencia,nao_nulos
historico_recente_2024_10_snh_pmcmv_dados_prioritarios_af_bb,situacao_do_empreendimento_em_janeiro_do_ano_de_referencia,nao_nulos
historico_recente_2024_10_snh_pmcmv_dados_prioritarios_af_bb,detalhamento_da_situacao_do_empreendimento_em_janeiro_do_ano,nao_nulos
historico_recente_2024_10_snh_pmcmv_dados_prioritarios_af_bb,quantidade_de_uhs_contratadas_em_janeiro_do_ano_de_referencia,nao_nulos
historico_recente_2024_10_snh_pmcmv_dados_prioritarios_af_bb,quantidade_de_uhs_contratadas_do_ano_de_referencia,nao_nulos
historico_recente_2024_10_snh_pmcmv_dados_prioritarios_af_bb,quantidade_de_uhs_entregues_em_janeiro_do_ano_de_referencia,nao_nulos
historico_recente_2024_10_snh_pmcmv_dados_prioritarios_af_bb,quantidade_de_uhs_vigentes_do_ano_de_referencia,nao_nulos
historico_recente_2024_10_snh_pmcmv_dados_prioritarios_af_bb,quantidade_de_uhs_distratadas,nao_nulos
historico_recente_2024_10_snh_pmcmv_dados_prioritarios_af_bb,quantidade_de_uhs_distratadas_em_janeiro_do_ano_de_referencia,nao_nulos
historico_recente_2024_10_snh_pmcmv_dados_prioritarios_af_bb,quantidade_de_uhs_distratadas_do_ano_de_referencia,nao_nulos
historico_recente_2024_10_snh_pmcmv_dados_prioritarios_af_bb,report_date,negocio
historico_recente_2024_10_snh_pmcmv_dados_prioritarios_af_bb,report_date,nao_nulos
historico_recente_202501_snh_pmcmv_dados_prioritarios_af_caixa,data_de_movimento,nao_nulos
historico_recente_202501_snh_pmcmv_dados_prioritarios_af_caixa,agente_financeiro,nao_nulos
historico_recente_202501_snh_pmcmv_dados_prioritarios_af_caixa,apf,negocio
historico_recente_202501_snh_pmcmv_dados_prioritarios_af_caixa,apf,nao_nulos
historico_recente_202501_snh_pmcmv_dados_prioritarios_af_caixa,uf,nao_nulos
historico_recente_202501_snh_pmcmv_dados_prioritarios_af_caixa,municipio,nao_nulos
historico_recente_202501_snh_pmcmv_dados_prioritarios_af_caixa,codigo_ibge_do_municipio,negocio
historico_recente_202501_snh_pmcmv_dados_prioritarios_af_caixa,codigo_ibge_do_municipio,nao_nulos
historico_recente_202501_snh_pmcmv_dados_prioritarios_af_caixa,nome_empreendimento,nao_nulos
historico_recente_202501_snh_pmcmv_dados_prioritarios_af_caixa,modalidade,nao_nulos
historico_recente_202501_snh_pmcmv_dados_prioritarios_af_caixa,situacao_do_empreendimento,nao_nulos
historico_recente_202501_snh_pmcmv_dados_prioritarios_af_caixa,detalhamento_da_situacao_do_empreendimento,nao_nulos
historico_recente_202501_snh_pmcmv_dados_prioritarios_af_caixa,data_de_contratacao,nao_nulos
historico_recente_202501_snh_pmcmv_dados_prioritarios_af_caixa,exec,nao_nulos
historico_recente_202501_snh_pmcmv_dados_prioritarios_af_caixa,valor_aporte_adicional,nao_nulos
historico_recente_202501_snh_pmcmv_dados_prioritarios_af_caixa,uh_contratadas,nao_nulos
historico_recente_202501_snh_pmcmv_dados_prioritarios_af_caixa,uh_entregues,nao_nulos
historico_recente_202501_snh_pmcmv_dados_prioritarios_af_caixa,uh_vigentes,nao_nulos
historico_recente_202501_snh_pmcmv_dados_prioritarios_af_caixa,quantidade_de_uhs_vigentes_em_janeiro_do_ano_de_referencia,nao_nulos
historico_recente_202501_snh_pmcmv_dados_prioritarios_af_caixa,quantidade_de_uhs_entregues_do_ano_de_referencia,nao_nulos
historico_recente_202501_snh_pmcmv_dados_prioritarios_af_caixa,situacao_do_empreendimento_em_janeiro_do_ano_de_referencia,nao_nulos
historico_recente_202501_snh_pmcmv_dados_prioritarios_af_caixa,valor_desembolsado_do_ano_de_referencia,nao_nulos
historico_recente_202501_snh_pmcmv_dados_prioritarios_af_caixa,detalhamento_da_situacao_do_empreendimento_em_janeiro_do_ano,nao_nulos
historico_recente_202501_snh_pmcmv_dados_prioritarios_af_caixa,quantidade_de_uhs_contratadas_em_janeiro_do_ano_de_referencia,nao_nulos
historico_recente_202501_snh_pmcmv_dados_prioritarios_af_caixa,quantidade_de_uhs_contratadas_do_ano_de_referencia,nao_nulos
historico_recente_202501_snh_pmcmv_dados_prioritarios_af_caixa,quantidade_de_uhs_entregues_em_janeiro_do_ano_de_referencia,nao_nulos
historico_recente_202501_snh_pmcmv_dados_prioritarios_af_caixa,quantidade_de_uhs_vigentes_do_ano_de_referencia,nao_nulos
historico_recente_202501_snh_pmcmv_dados_prioritarios_af_caixa,quantidade_de_uhs_distratadas,nao_nulos
historico_recente_202501_snh_pmcmv_dados_prioritarios_af_caixa,quantidade_de_uhs_distratadas_em_janeiro_do_ano_de_referencia,nao_nulos
historico_recente_202501_snh_pmcmv_dados_prioritarios_af_caixa,quantidade_de_uhs_distratadas_do_ano_de_referencia,nao_nulos
historico_recente_202501_snh_pmcmv_dados_prioritarios_af_caixa,logradouro_do_imovel,nao_nulos
historico_recente_202501_snh_pmcmv_dados_prioritarios_af_caixa,numero_do_imovel,nao_nulos
historico_recente_202501_snh_pmcmv_dados_prioritarios_af_caixa,complemento_do_endereco_do_imovel,nao_nulos
historico_recente_202501_snh_pmcmv_dados_prioritarios_af_caixa,bairro_do_imovel,nao_nulos
historico_recente_202501_snh_pmcmv_dados_prioritarios_af_caixa,cep_do_imovel,nao_nulos
historico_recente_202501_snh_pmcmv_dados_prioritarios_af_caixa,report_date,negocio
historico_recente_202502_snh_pmcmv_dados_prioritarios_af_caixa,data_de_movimento,nao_nulos
historico_recente_202502_snh_pmcmv_dados_prioritarios_af_caixa,agente_financeiro,nao_nulos
historico_recente_202502_snh_pmcmv_dados_prioritarios_af_caixa,apf,negocio
historico_recente_202502_snh_pmcmv_dados_prioritarios_af_caixa,apf,nao_nulos
historico_recente_202502_snh_pmcmv_dados_prioritarios_af_caixa,uf,nao_nulos
historico_recente_202502_snh_pmcmv_dados_prioritarios_af_caixa,municipio,nao_nulos
historico_recente_202502_snh_pmcmv_dados_prioritarios_af_caixa,codigo_ibge_do_municipio,negocio
historico_recente_202502_snh_pmcmv_dados_prioritarios_af_caixa,codigo_ibge_do_municipio,nao_nulos
historico_recente_202502_snh_pmcmv_dados_prioritarios_af_caixa,nome_empreendimento,nao_nulos
historico_recente_202502_snh_pmcmv_dados_prioritarios_af_caixa,modalidade,nao_nulos
historico_recente_202502_snh_pmcmv_dados_prioritarios_af_caixa,situacao_do_empreendimento,nao_nulos
historico_recente_202502_snh_pmcmv_dados_prioritarios_af_caixa,detalhamento_da_situacao_do_empreendimento,nao_nulos
historico_recente_202502_snh_pmcmv_dados_prioritarios_af_caixa,data_de_contratacao,nao_nulos
historico_recente_202502_snh_pmcmv_dados_prioritarios_af_caixa,exec,nao_nulos
historico_recente_202502_snh_pmcmv_dados_prioritarios_af_caixa,valor_aporte_adicional,nao_nulos
historico_recente_202502_snh_pmcmv_dados_prioritarios_af_caixa,uh_contratadas,nao_nulos
historico_recente_202502_snh_pmcmv_dados_prioritarios_af_caixa,uh_entregues,nao_nulos
historico_recente_202502_snh_pmcmv_dados_prioritarios_af_caixa,uh_vigentes,nao_nulos
historico_recente_202502_snh_pmcmv_dados_prioritarios_af_caixa,quantidade_de_uhs_vigentes_em_janeiro_do_ano_de_referencia,nao_nulos
historico_recente_202502_snh_pmcmv_dados_prioritarios_af_caixa,quantidade_de_uhs_entregues_do_ano_de_referencia,nao_nulos
historico_recente_202502_snh_pmcmv_dados_prioritarios_af_caixa,situacao_do_empreendimento_em_janeiro_do_ano_de_referencia,nao_nulos
historico_recente_202502_snh_pmcmv_dados_prioritarios_af_caixa,valor_desembolsado_do_ano_de_referencia,nao_nulos
historico_recente_202502_snh_pmcmv_dados_prioritarios_af_caixa,detalhamento_da_situacao_do_empreendimento_em_janeiro_do_ano,nao_nulos
historico_recente_202502_snh_pmcmv_dados_prioritarios_af_caixa,quantidade_de_uhs_contratadas_em_janeiro_do_ano_de_referencia,nao_nulos
historico_recente_202502_snh_pmcmv_dados_prioritarios_af_caixa,quantidade_de_uhs_contratadas_do_ano_de_referencia,nao_nulos
historico_recente_202502_snh_pmcmv_dados_prioritarios_af_caixa,quantidade_de_uhs_entregues_em_janeiro_do_ano_de_referencia,nao_nulos
historico_recente_202502_snh_pmcmv_dados_prioritarios_af_caixa,quantidade_de_uhs_vigentes_do_ano_de_referencia,nao_nulos
historico_recente_202502_snh_pmcmv_dados_prioritarios_af_caixa,quantidade_de_uhs_distratadas,nao_nulos
historico_recente_202502_snh_pmcmv_dados_prioritarios_af_caixa,quantidade_de_uhs_distratadas_em_janeiro_do_ano_de_referencia,nao_nulos
historico_recente_202502_snh_pmcmv_dados_prioritarios_af_caixa,quantidade_de_uhs_distratadas_do_ano_de_referencia,nao_nulos
historico_recente_202502_snh_pmcmv_dados_prioritarios_af_caixa,logradouro_do_imovel,nao_nulos
historico_recente_202502_snh_pmcmv_dados_prioritarios_af_caixa,numero_do_imovel,nao_nulos
historico_recente_202502_snh_pmcmv_dados_prioritarios_af_caixa,complemento_do_endereco_do_imovel,nao_nulos
historico_recente_202502_snh_pmcmv_dados_prioritarios_af_caixa,bairro_do_imovel,nao_nulos
historico_recente_202502_snh_pmcmv_dados_prioritarios_af_caixa,cep_do_imovel,nao_nulos
historico_recente_202502_snh_pmcmv_dados_prioritarios_af_caixa,report_date,negocio
historico_recente_202503_snh_pmcmv_dados_prioritarios_af_bb,data_de_movimento,nao_nulos
historico_recente_202503_snh_pmcmv_dados_prioritarios_af_bb,agente_financeiro,nao_nulos
historico_recente_202503_snh_pmcmv_dados_prioritarios_af_bb,apf,negocio
historico_recente_202503_snh_pmcmv_dados_prioritarios_af_bb,apf,nao_nulos
historico_recente_202503_snh_pmcmv_dados_prioritarios_af_bb,uf,nao_nulos
historico_recente_202503_snh_pmcmv_dados_prioritarios_af_bb,municipio,nao_nulos
historico_recente_202503_snh_pmcmv_dados_prioritarios_af_bb,codigo_ibge_do_municipio,negocio
historico_recente_202503_snh_pmcmv_dados_prioritarios_af_bb,codigo_ibge_do_municipio,nao_nulos
historico_recente_202503_snh_pmcmv_dados_prioritarios_af_bb,nome_empreendimento,nao_nulos
historico_recente_202503_snh_pmcmv_dados_prioritarios_af_bb,modalidade,nao_nulos
historico_recente_202503_snh_pmcmv_dados_prioritarios_af_bb,situacao_do_empreendimento,nao_nulos
historico_recente_202503_snh_pmcmv_dados_prioritarios_af_bb,detalhamento_da_situacao_do_empreendimento,nao_nulos
historico_recente_202503_snh_pmcmv_dados_prioritarios_af_bb,data_de_contratacao,nao_nulos
historico_recente_202503_snh_pmcmv_dados_prioritarios_af_bb,exec,nao_nulos
historico_recente_202503_snh_pmcmv_dados_prioritarios_af_bb,valor_contratado,nao_nulos
historico_recente_202503_snh_pmcmv_dados_prioritarios_af_bb,uh_contratadas,nao_nulos
historico_recente_202503_snh_pmcmv_dados_prioritarios_af_bb,uh_entregues,nao_nulos
historico_recente_202503_snh_pmcmv_dados_prioritarios_af_bb,uh_vigentes,nao_nulos
historico_recente_202503_snh_pmcmv_dados_prioritarios_af_bb,quantidade_de_uhs_vigentes_em_janeiro_do_ano_de_referencia,nao_nulos
historico_recente_202503_snh_pmcmv_dados_prioritarios_af_bb,quantidade_de_uhs_entregues_do_ano_de_referencia,nao_nulos
historico_recente_202503_snh_pmcmv_dados_prioritarios_af_bb,situacao_do_empreendimento_em_janeiro_do_ano_de_referencia,nao_nulos
historico_recente_202503_snh_pmcmv_dados_prioritarios_af_bb,detalhamento_da_situacao_do_empreendimento_em_janeiro_do_ano,nao_nulos
historico_recente_202503_snh_pmcmv_dados_prioritarios_af_bb,quantidade_de_uhs_contratadas_em_janeiro_do_ano_de_referencia,nao_nulos
historico_recente_202503_snh_pmcmv_dados_prioritarios_af_bb,quantidade_de_uhs_contratadas_do_ano_de_referencia,nao_nulos
historico_recente_202503_snh_pmcmv_dados_prioritarios_af_bb,quantidade_de_uhs_entregues_em_janeiro_do_ano_de_referencia,nao_nulos
historico_recente_202503_snh_pmcmv_dados_prioritarios_af_bb,quantidade_de_uhs_vigentes_do_ano_de_referencia,nao_nulos
historico_recente_202503_snh_pmcmv_dados_prioritarios_af_bb,quantidade_de_uhs_distratadas,nao_nulos
historico_recente_202503_snh_pmcmv_dados_prioritarios_af_bb,quantidade_de_uhs_distratadas_em_janeiro_do_ano_de_referencia,nao_nulos
historico_recente_202503_snh_pmcmv_dados_prioritarios_af_bb,quantidade_de_uhs_distratadas_do_ano_de_referencia,nao_nulos
historico_recente_202503_snh_pmcmv_dados_prioritarios_af_bb,latitude_do_imovel,nao_nulos
historico_recente_202503_snh_pmcmv_dados_prioritarios_af_bb,longitude_do_imovel,nao_nulos
historico_recente_202503_snh_pmcmv_dados_prioritarios_af_bb,report_date,negocio
historico_recente_202503_snh_pmcmv_dados_prioritarios_af_caixa,data_de_movimento,nao_nulos
historico_recente_202503_snh_pmcmv_dados_prioritarios_af_caixa,agente_financeiro,nao_nulos
historico_recente_202503_snh_pmcmv_dados_prioritarios_af_caixa,apf,negocio
historico_recente_202503_snh_pmcmv_dados_prioritarios_af_caixa,apf,nao_nulos
historico_recente_202503_snh_pmcmv_dados_prioritarios_af_caixa,uf,nao_nulos
historico_recente_202503_snh_pmcmv_dados_prioritarios_af_caixa,municipio,nao_nulos
historico_recente_202503_snh_pmcmv_dados_prioritarios_af_caixa,codigo_ibge_do_municipio,negocio
historico_recente_202503_snh_pmcmv_dados_prioritarios_af_caixa,codigo_ibge_do_municipio,nao_nulos
historico_recente_202503_snh_pmcmv_dados_prioritarios_af_caixa,nome_empreendimento,nao_nulos
historico_recente_202503_snh_pmcmv_dados_prioritarios_af_caixa,modalidade,nao_nulos
historico_recente_202503_snh_pmcmv_dados_prioritarios_af_caixa,situacao_do_empreendimento,nao_nulos
historico_recente_202503_snh_pmcmv_dados_prioritarios_af_caixa,detalhamento_da_situacao_do_empreendimento,nao_nulos
historico_recente_202503_snh_pmcmv_dados_prioritarios_af_caixa,data_de_contratacao,nao_nulos
historico_recente_202503_snh_pmcmv_dados_prioritarios_af_caixa,exec,nao_nulos
historico_recente_202503_snh_pmcmv_dados_prioritarios_af_caixa,valor_aporte_adicional,nao_nulos
historico_recente_202503_snh_pmcmv_dados_prioritarios_af_caixa,uh_contratadas,nao_nulos
historico_recente_202503_snh_pmcmv_dados_prioritarios_af_caixa,uh_entregues,nao_nulos
historico_recente_202503_snh_pmcmv_dados_prioritarios_af_caixa,uh_vigentes,nao_nulos
historico_recente_202503_snh_pmcmv_dados_prioritarios_af_caixa,quantidade_de_uhs_vigentes_em_janeiro_do_ano_de_referencia,nao_nulos
historico_recente_202503_snh_pmcmv_dados_prioritarios_af_caixa,quantidade_de_uhs_entregues_do_ano_de_referencia,nao_nulos
historico_recente_202503_snh_pmcmv_dados_prioritarios_af_caixa,situacao_do_empreendimento_em_janeiro_do_ano_de_referencia,nao_nulos
historico_recente_202503_snh_pmcmv_dados_prioritarios_af_caixa,valor_desembolsado_do_ano_de_referencia,nao_nulos
historico_recente_202503_snh_pmcmv_dados_prioritarios_af_caixa,detalhamento_da_situacao_do_empreendimento_em_janeiro_do_ano,nao_nulos
historico_recente_202503_snh_pmcmv_dados_prioritarios_af_caixa,quantidade_de_uhs_contratadas_em_janeiro_do_ano_de_referencia,nao_nulos
historico_recente_202503_snh_pmcmv_dados_prioritarios_af_caixa,quantidade_de_uhs_contratadas_do_ano_de_referencia,nao_nulos
historico_recente_202503_snh_pmcmv_dados_prioritarios_af_caixa,quantidade_de_uhs_entregues_em_janeiro_do_ano_de_referencia,nao_nulos
historico_recente_202503_snh_pmcmv_dados_prioritarios_af_caixa,quantidade_de_uhs_vigentes_do_ano_de_referencia,nao_nulos
historico_recente_202503_snh_pmcmv_dados_prioritarios_af_caixa,quantidade_de_uhs_distratadas,nao_nulos
historico_recente_202503_snh_pmcmv_dados_prioritarios_af_caixa,quantidade_de_uhs_distratadas_em_janeiro_do_ano_de_referencia,nao_nulos
historico_recente_202503_snh_pmcmv_dados_prioritarios_af_caixa,quantidade_de_uhs_distratadas_do_ano_de_referencia,nao_nulos
historico_recente_202503_snh_pmcmv_dados_prioritarios_af_caixa,logradouro_do_imovel,nao_nulos
historico_recente_202503_snh_pmcmv_dados_prioritarios_af_caixa,numero_do_imovel,nao_nulos
historico_recente_202503_snh_pmcmv_dados_prioritarios_af_caixa,complemento_do_endereco_do_imovel,nao_nulos
historico_recente_202503_snh_pmcmv_dados_prioritarios_af_caixa,bairro_do_imovel,nao_nulos
historico_recente_202503_snh_pmcmv_dados_prioritarios_af_caixa,cep_do_imovel,nao_nulos
historico_recente_202503_snh_pmcmv_dados_prioritarios_af_caixa,report_date,negocio
historico_recente_202504_snh_pmcmv_dados_prioritarios_af_caixa,data_de_movimento,nao_nulos
historico_recente_202504_snh_pmcmv_dados_prioritarios_af_caixa,agente_financeiro,nao_nulos
historico_recente_202504_snh_pmcmv_dados_prioritarios_af_caixa,apf,negocio
historico_recente_202504_snh_pmcmv_dados_prioritarios_af_caixa,apf,nao_nulos
historico_recente_202504_snh_pmcmv_dados_prioritarios_af_caixa,uf,nao_nulos
historico_recente_202504_snh_pmcmv_dados_prioritarios_af_caixa,municipio,nao_nulos
historico_recente_202504_snh_pmcmv_dados_prioritarios_af_caixa,codigo_ibge_do_municipio,negocio
historico_recente_202504_snh_pmcmv_dados_prioritarios_af_caixa,codigo_ibge_do_municipio,nao_nulos
historico_recente_202504_snh_pmcmv_dados_prioritarios_af_caixa,nome_empreendimento,nao_nulos
historico_recente_202504_snh_pmcmv_dados_prioritarios_af_caixa,modalidade,nao_nulos
historico_recente_202504_snh_pmcmv_dados_prioritarios_af_caixa,situacao_do_empreendimento,nao_nulos
historico_recente_202504_snh_pmcmv_dados_prioritarios_af_caixa,detalhamento_da_situacao_do_empreendimento,nao_nulos
historico_recente_202504_snh_pmcmv_dados_prioritarios_af_caixa,data_de_contratacao,nao_nulos
historico_recente_202504_snh_pmcmv_dados_prioritarios_af_caixa,exec,nao_nulos
historico_recente_202504_snh_pmcmv_dados_prioritarios_af_caixa,valor_aporte_adicional,nao_nulos
historico_recente_202504_snh_pmcmv_dados_prioritarios_af_caixa,uh_contratadas,nao_nulos
historico_recente_202504_snh_pmcmv_dados_prioritarios_af_caixa,uh_entregues,nao_nulos
historico_recente_202504_snh_pmcmv_dados_prioritarios_af_caixa,uh_vigentes,nao_nulos
historico_recente_202504_snh_pmcmv_dados_prioritarios_af_caixa,quantidade_de_uhs_vigentes_em_janeiro_do_ano_de_referencia,nao_nulos
historico_recente_202504_snh_pmcmv_dados_prioritarios_af_caixa,quantidade_de_uhs_entregues_do_ano_de_referencia,nao_nulos
historico_recente_202504_snh_pmcmv_dados_prioritarios_af_caixa,situacao_do_empreendimento_em_janeiro_do_ano_de_referencia,nao_nulos
historico_recente_202504_snh_pmcmv_dados_prioritarios_af_caixa,valor_desembolsado_do_ano_de_referencia,nao_nulos
historico_recente_202504_snh_pmcmv_dados_prioritarios_af_caixa,detalhamento_da_situacao_do_empreendimento_em_janeiro_do_ano,nao_nulos
historico_recente_202504_snh_pmcmv_dados_prioritarios_af_caixa,quantidade_de_uhs_contratadas_em_janeiro_do_ano_de_referencia,nao_nulos
historico_recente_202504_snh_pmcmv_dados_prioritarios_af_caixa,quantidade_de_uhs_contratadas_do_ano_de_referencia,nao_nulos
historico_recente_202504_snh_pmcmv_dados_prioritarios_af_caixa,quantidade_de_uhs_entregues_em_janeiro_do_ano_de_referencia,nao_nulos
historico_recente_202504_snh_pmcmv_dados_prioritarios_af_caixa,quantidade_de_uhs_vigentes_do_ano_de_referencia,nao_nulos
historico_recente_202504_snh_pmcmv_dados_prioritarios_af_caixa,quantidade_de_uhs_distratadas,nao_nulos
historico_recente_202504_snh_pmcmv_dados_prioritarios_af_caixa,quantidade_de_uhs_distratadas_em_janeiro_do_ano_de_referencia,nao_nulos
historico_recente_202504_snh_pmcmv_dados_prioritarios_af_caixa,quantidade_de_uhs_distratadas_do_ano_de_referencia,nao_nulos
historico_recente_202504_snh_pmcmv_dados_prioritarios_af_caixa,logradouro_do_imovel,nao_nulos
historico_recente_202504_snh_pmcmv_dados_prioritarios_af_caixa,numero_do_imovel,nao_nulos
historico_recente_202504_snh_pmcmv_dados_prioritarios_af_caixa,complemento_do_endereco_do_imovel,nao_nulos
historico_recente_202504_snh_pmcmv_dados_prioritarios_af_caixa,bairro_do_imovel,nao_nulos
historico_recente_202504_snh_pmcmv_dados_prioritarios_af_caixa,cep_do_imovel,nao_nulos
historico_recente_202504_snh_pmcmv_dados_prioritarios_af_caixa,report_date,negocio
historico_recente_202505_snh_pmcmv_dados_prioritarios_af_bb,data_de_movimento,nao_nulos
historico_recente_202505_snh_pmcmv_dados_prioritarios_af_bb,agente_financeiro,nao_nulos
historico_recente_202505_snh_pmcmv_dados_prioritarios_af_bb,apf,negocio
historico_recente_202505_snh_pmcmv_dados_prioritarios_af_bb,apf,nao_nulos
historico_recente_202505_snh_pmcmv_dados_prioritarios_af_bb,uf,nao_nulos
historico_recente_202505_snh_pmcmv_dados_prioritarios_af_bb,municipio,nao_nulos
historico_recente_202505_snh_pmcmv_dados_prioritarios_af_bb,codigo_ibge_do_municipio,negocio
historico_recente_202505_snh_pmcmv_dados_prioritarios_af_bb,codigo_ibge_do_municipio,nao_nulos
historico_recente_202505_snh_pmcmv_dados_prioritarios_af_bb,nome_empreendimento,nao_nulos
historico_recente_202505_snh_pmcmv_dados_prioritarios_af_bb,modalidade,nao_nulos
historico_recente_202505_snh_pmcmv_dados_prioritarios_af_bb,situacao_do_empreendimento,nao_nulos
historico_recente_202505_snh_pmcmv_dados_prioritarios_af_bb,detalhamento_da_situacao_do_empreendimento,nao_nulos
historico_recente_202505_snh_pmcmv_dados_prioritarios_af_bb,data_de_contratacao,nao_nulos
historico_recente_202505_snh_pmcmv_dados_prioritarios_af_bb,exec,nao_nulos
historico_recente_202505_snh_pmcmv_dados_prioritarios_af_bb,valor_contratado,nao_nulos
historico_recente_202505_snh_pmcmv_dados_prioritarios_af_bb,uh_contratadas,nao_nulos
historico_recente_202505_snh_pmcmv_dados_prioritarios_af_bb,uh_entregues,nao_nulos
historico_recente_202505_snh_pmcmv_dados_prioritarios_af_bb,uh_vigentes,nao_nulos
historico_recente_202505_snh_pmcmv_dados_prioritarios_af_bb,quantidade_de_uhs_vigentes_em_janeiro_do_ano_de_referencia,nao_nulos
historico_recente_202505_snh_pmcmv_dados_prioritarios_af_bb,quantidade_de_uhs_entregues_do_ano_de_referencia,nao_nulos
historico_recente_202505_snh_pmcmv_dados_prioritarios_af_bb,situacao_do_empreendimento_em_janeiro_do_ano_de_referencia,nao_nulos
historico_recente_202505_snh_pmcmv_dados_prioritarios_af_bb,detalhamento_da_situacao_do_empreendimento_em_janeiro_do_ano,nao_nulos
historico_recente_202505_snh_pmcmv_dados_prioritarios_af_bb,quantidade_de_uhs_contratadas_em_janeiro_do_ano_de_referencia,nao_nulos
historico_recente_202505_snh_pmcmv_dados_prioritarios_af_bb,quantidade_de_uhs_contratadas_do_ano_de_referencia,nao_nulos
historico_recente_202505_snh_pmcmv_dados_prioritarios_af_bb,quantidade_de_uhs_entregues_em_janeiro_do_ano_de_referencia,nao_nulos
historico_recente_202505_snh_pmcmv_dados_prioritarios_af_bb,quantidade_de_uhs_vigentes_do_ano_de_referencia,nao_nulos
historico_recente_202505_snh_pmcmv_dados_prioritarios_af_bb,quantidade_de_uhs_distratadas,nao_nulos
historico_recente_202505_snh_pmcmv_dados_prioritarios_af_bb,quantidade_de_uhs_distratadas_em_janeiro_do_ano_de_referencia,nao_nulos
historico_recente_202505_snh_pmcmv_dados_prioritarios_af_bb,quantidade_de_uhs_distratadas_do_ano_de_referencia,nao_nulos
historico_recente_202505_snh_pmcmv_dados_prioritarios_af_bb,latitude_do_imovel,nao_nulos
historico_recente_202505_snh_pmcmv_dados_prioritarios_af_bb,longitude_do_imovel,nao_nulos
historico_recente_202505_snh_pmcmv_dados_prioritarios_af_bb,report_date,negocio
historico_recente_202505_snh_pmcmv_dados_prioritarios_af_caixa,data_de_movimento,nao_nulos
historico_recente_202505_snh_pmcmv_dados_prioritarios_af_caixa,agente_financeiro,nao_nulos
historico_recente_202505_snh_pmcmv_dados_prioritarios_af_caixa,apf,negocio
historico_recente_202505_snh_pmcmv_dados_prioritarios_af_caixa,apf,nao_nulos
historico_recente_202505_snh_pmcmv_dados_prioritarios_af_caixa,uf,nao_nulos
historico_recente_202505_snh_pmcmv_dados_prioritarios_af_caixa,municipio,nao_nulos
historico_recente_202505_snh_pmcmv_dados_prioritarios_af_caixa,codigo_ibge_do_municipio,negocio
historico_recente_202505_snh_pmcmv_dados_prioritarios_af_caixa,codigo_ibge_do_municipio,nao_nulos
historico_recente_202505_snh_pmcmv_dados_prioritarios_af_caixa,nome_empreendimento,nao_nulos
historico_recente_202505_snh_pmcmv_dados_prioritarios_af_caixa,modalidade,nao_nulos
historico_recente_202505_snh_pmcmv_dados_prioritarios_af_caixa,situacao_do_empreendimento,nao_nulos
historico_recente_202505_snh_pmcmv_dados_prioritarios_af_caixa,detalhamento_da_situacao_do_empreendimento,nao_nulos
historico_recente_202505_snh_pmcmv_dados_prioritarios_af_caixa,data_de_contratacao,nao_nulos
historico_recente_202505_snh_pmcmv_dados_prioritarios_af_caixa,exec,nao_nulos
historico_recente_202505_snh_pmcmv_dados_prioritarios_af_caixa,valor_aporte_adicional,nao_nulos
historico_recente_202505_snh_pmcmv_dados_prioritarios_af_caixa,uh_contratadas,nao_nulos
historico_recente_202505_snh_pmcmv_dados_prioritarios_af_caixa,uh_entregues,nao_nulos
historico_recente_202505_snh_pmcmv_dados_prioritarios_af_caixa,uh_vigentes,nao_nulos
historico_recente_202505_snh_pmcmv_dados_prioritarios_af_caixa,quantidade_de_uhs_vigentes_em_janeiro_do_ano_de_referencia,nao_nulos
historico_recente_202505_snh_pmcmv_dados_prioritarios_af_caixa,quantidade_de_uhs_entregues_do_ano_de_referencia,nao_nulos
historico_recente_202505_snh_pmcmv_dados_prioritarios_af_caixa,situacao_do_empreendimento_em_janeiro_do_ano_de_referencia,nao_nulos
historico_recente_202505_snh_pmcmv_dados_prioritarios_af_caixa,valor_desembolsado_do_ano_de_referencia,nao_nulos
historico_recente_202505_snh_pmcmv_dados_prioritarios_af_caixa,detalhamento_da_situacao_do_empreendimento_em_janeiro_do_ano,nao_nulos
historico_recente_202505_snh_pmcmv_dados_prioritarios_af_caixa,quantidade_de_uhs_contratadas_em_janeiro_do_ano_de_referencia,nao_nulos
historico_recente_202505_snh_pmcmv_dados_prioritarios_af_caixa,quantidade_de_uhs_contratadas_do_ano_de_referencia,nao_nulos
historico_recente_202505_snh_pmcmv_dados_prioritarios_af_caixa,quantidade_de_uhs_entregues_em_janeiro_do_ano_de_referencia,nao_nulos
historico_recente_202505_snh_pmcmv_dados_prioritarios_af_caixa,quantidade_de_uhs_vigentes_do_ano_de_referencia,nao_nulos
historico_recente_202505_snh_pmcmv_dados_prioritarios_af_caixa,quantidade_de_uhs_distratadas,nao_nulos
historico_recente_202505_snh_pmcmv_dados_prioritarios_af_caixa,quantidade_de_uhs_distratadas_em_janeiro_do_ano_de_referencia,nao_nulos
historico_recente_202505_snh_pmcmv_dados_prioritarios_af_caixa,quantidade_de_uhs_distratadas_do_ano_de_referencia,nao_nulos
historico_recente_202505_snh_pmcmv_dados_prioritarios_af_caixa,logradouro_do_imovel,nao_nulos
historico_recente_202505_snh_pmcmv_dados_prioritarios_af_caixa,numero_do_imovel,nao_nulos
historico_recente_202505_snh_pmcmv_dados_prioritarios_af_caixa,complemento_do_endereco_do_imovel,nao_nulos
historico_recente_202505_snh_pmcmv_dados_prioritarios_af_caixa,bairro_do_imovel,nao_nulos
historico_recente_202505_snh_pmcmv_dados_prioritarios_af_caixa,cep_do_imovel,nao_nulos
historico_recente_202505_snh_pmcmv_dados_prioritarios_af_caixa,latitude_do_imovel,nao_nulos
historico_recente_202505_snh_pmcmv_dados_prioritarios_af_caixa,longitude_do_imovel,nao_nulos
historico_recente_202505_snh_pmcmv_dados_prioritarios_af_caixa,report_date,negocio
historico_recente_202506_snh_pmcmv_dados_prioritarios_af_bb,data_de_movimento,nao_nulos
historico_recente_202506_snh_pmcmv_dados_prioritarios_af_bb,agente_financeiro,nao_nulos
historico_recente_202506_snh_pmcmv_dados_prioritarios_af_bb,apf,negocio
historico_recente_202506_snh_pmcmv_dados_prioritarios_af_bb,apf,nao_nulos
historico_recente_202506_snh_pmcmv_dados_prioritarios_af_bb,uf,nao_nulos
historico_recente_202506_snh_pmcmv_dados_prioritarios_af_bb,municipio,nao_nulos
historico_recente_202506_snh_pmcmv_dados_prioritarios_af_bb,codigo_ibge_do_municipio,negocio
historico_recente_202506_snh_pmcmv_dados_prioritarios_af_bb,codigo_ibge_do_municipio,nao_nulos
historico_recente_202506_snh_pmcmv_dados_prioritarios_af_bb,nome_empreendimento,nao_nulos
historico_recente_202506_snh_pmcmv_dados_prioritarios_af_bb,modalidade,nao_nulos
historico_recente_202506_snh_pmcmv_dados_prioritarios_af_bb,situacao_do_empreendimento,nao_nulos
historico_recente_202506_snh_pmcmv_dados_prioritarios_af_bb,detalhamento_da_situacao_do_empreendimento,nao_nulos
historico_recente_202506_snh_pmcmv_dados_prioritarios_af_bb,data_de_contratacao,nao_nulos
historico_recente_202506_snh_pmcmv_dados_prioritarios_af_bb,exec,nao_nulos
historico_recente_202506_snh_pmcmv_dados_prioritarios_af_bb,valor_contratado,nao_nulos
historico_recente_202506_snh_pmcmv_dados_prioritarios_af_bb,uh_contratadas,nao_nulos
historico_recente_202506_snh_pmcmv_dados_prioritarios_af_bb,uh_entregues,nao_nulos
historico_recente_202506_snh_pmcmv_dados_prioritarios_af_bb,uh_vigentes,nao_nulos
historico_recente_202506_snh_pmcmv_dados_prioritarios_af_bb,quantidade_de_uhs_vigentes_em_janeiro_do_ano_de_referencia,nao_nulos
historico_recente_202506_snh_pmcmv_dados_prioritarios_af_bb,quantidade_de_uhs_entregues_do_ano_de_referencia,nao_nulos
historico_recente_202506_snh_pmcmv_dados_prioritarios_af_bb,situacao_do_empreendimento_em_janeiro_do_ano_de_referencia,nao_nulos
historico_recente_202506_snh_pmcmv_dados_prioritarios_af_bb,detalhamento_da_situacao_do_empreendimento_em_janeiro_do_ano,nao_nulos
historico_recente_202506_snh_pmcmv_dados_prioritarios_af_bb,quantidade_de_uhs_contratadas_em_janeiro_do_ano_de_referencia,nao_nulos
historico_recente_202506_snh_pmcmv_dados_prioritarios_af_bb,quantidade_de_uhs_contratadas_do_ano_de_referencia,nao_nulos
historico_recente_202506_snh_pmcmv_dados_prioritarios_af_bb,quantidade_de_uhs_entregues_em_janeiro_do_ano_de_referencia,nao_nulos
historico_recente_202506_snh_pmcmv_dados_prioritarios_af_bb,quantidade_de_uhs_vigentes_do_ano_de_referencia,nao_nulos
historico_recente_202506_snh_pmcmv_dados_prioritarios_af_bb,quantidade_de_uhs_distratadas,nao_nulos
historico_recente_202506_snh_pmcmv_dados_prioritarios_af_bb,quantidade_de_uhs_distratadas_em_janeiro_do_ano_de_referencia,nao_nulos
historico_recente_202506_snh_pmcmv_dados_prioritarios_af_bb,quantidade_de_uhs_distratadas_do_ano_de_referencia,nao_nulos
historico_recente_202506_snh_pmcmv_dados_prioritarios_af_bb,latitude_do_imovel,nao_nulos
historico_recente_202506_snh_pmcmv_dados_prioritarios_af_bb,longitude_do_imovel,nao_nulos
historico_recente_202506_snh_pmcmv_dados_prioritarios_af_bb,report_date,negocio
historico_recente_202506_snh_pmcmv_dados_prioritarios_af_caixa,data_de_movimento,nao_nulos
historico_recente_202506_snh_pmcmv_dados_prioritarios_af_caixa,agente_financeiro,nao_nulos
historico_recente_202506_snh_pmcmv_dados_prioritarios_af_caixa,apf,negocio
historico_recente_202506_snh_pmcmv_dados_prioritarios_af_caixa,apf,nao_nulos
historico_recente_202506_snh_pmcmv_dados_prioritarios_af_caixa,uf,nao_nulos
historico_recente_202506_snh_pmcmv_dados_prioritarios_af_caixa,municipio,nao_nulos
historico_recente_202506_snh_pmcmv_dados_prioritarios_af_caixa,codigo_ibge_do_municipio,negocio
historico_recente_202506_snh_pmcmv_dados_prioritarios_af_caixa,codigo_ibge_do_municipio,nao_nulos
historico_recente_202506_snh_pmcmv_dados_prioritarios_af_caixa,nome_empreendimento,nao_nulos
historico_recente_202506_snh_pmcmv_dados_prioritarios_af_caixa,modalidade,nao_nulos
historico_recente_202506_snh_pmcmv_dados_prioritarios_af_caixa,situacao_do_empreendimento,nao_nulos
historico_recente_202506_snh_pmcmv_dados_prioritarios_af_caixa,detalhamento_da_situacao_do_empreendimento,nao_nulos
historico_recente_202506_snh_pmcmv_dados_prioritarios_af_caixa,data_de_contratacao,nao_nulos
historico_recente_202506_snh_pmcmv_dados_prioritarios_af_caixa,exec,nao_nulos
historico_recente_202506_snh_pmcmv_dados_prioritarios_af_caixa,valor_aporte_adicional,nao_nulos
historico_recente_202506_snh_pmcmv_dados_prioritarios_af_caixa,uh_contratadas,nao_nulos
historico_recente_202506_snh_pmcmv_dados_prioritarios_af_caixa,uh_entregues,nao_nulos
historico_recente_202506_snh_pmcmv_dados_prioritarios_af_caixa,uh_vigentes,nao_nulos
historico_recente_202506_snh_pmcmv_dados_prioritarios_af_caixa,quantidade_de_uhs_vigentes_em_janeiro_do_ano_de_referencia,nao_nulos
historico_recente_202506_snh_pmcmv_dados_prioritarios_af_caixa,quantidade_de_uhs_entregues_do_ano_de_referencia,nao_nulos
historico_recente_202506_snh_pmcmv_dados_prioritarios_af_caixa,situacao_do_empreendimento_em_janeiro_do_ano_de_referencia,nao_nulos
historico_recente_202506_snh_pmcmv_dados_prioritarios_af_caixa,valor_desembolsado_do_ano_de_referencia,nao_nulos
historico_recente_202506_snh_pmcmv_dados_prioritarios_af_caixa,detalhamento_da_situacao_do_empreendimento_em_janeiro_do_ano,nao_nulos
historico_recente_202506_snh_pmcmv_dados_prioritarios_af_caixa,quantidade_de_uhs_contratadas_em_janeiro_do_ano_de_referencia,nao_nulos
historico_recente_202506_snh_pmcmv_dados_prioritarios_af_caixa,quantidade_de_uhs_contratadas_do_ano_de_referencia,nao_nulos
historico_recente_202506_snh_pmcmv_dados_prioritarios_af_caixa,quantidade_de_uhs_entregues_em_janeiro_do_ano_de_referencia,nao_nulos
historico_recente_202506_snh_pmcmv_dados_prioritarios_af_caixa,quantidade_de_uhs_vigentes_do_ano_de_referencia,nao_nulos
historico_recente_202506_snh_pmcmv_dados_prioritarios_af_caixa,quantidade_de_uhs_distratadas,nao_nulos
historico_recente_202506_snh_pmcmv_dados_prioritarios_af_caixa,quantidade_de_uhs_distratadas_em_janeiro_do_ano_de_referencia,nao_nulos
historico_recente_202506_snh_pmcmv_dados_prioritarios_af_caixa,quantidade_de_uhs_distratadas_do_ano_de_referencia,nao_nulos
historico_recente_202506_snh_pmcmv_dados_prioritarios_af_caixa,logradouro_do_imovel,nao_nulos
historico_recente_202506_snh_pmcmv_dados_prioritarios_af_caixa,numero_do_imovel,nao_nulos
historico_recente_202506_snh_pmcmv_dados_prioritarios_af_caixa,complemento_do_endereco_do_imovel,nao_nulos
historico_recente_202506_snh_pmcmv_dados_prioritarios_af_caixa,bairro_do_imovel,nao_nulos
historico_recente_202506_snh_pmcmv_dados_prioritarios_af_caixa,cep_do_imovel,nao_nulos
historico_recente_202506_snh_pmcmv_dados_prioritarios_af_caixa,latitude_do_imovel,nao_nulos
historico_recente_202506_snh_pmcmv_dados_prioritarios_af_caixa,longitude_do_imovel,nao_nulos
historico_recente_202506_snh_pmcmv_dados_prioritarios_af_caixa,report_date,negocio
historico_recente_202507_snh_pmcmv_dados_prioritarios_af_bb,data_de_movimento,nao_nulos
historico_recente_202507_snh_pmcmv_dados_prioritarios_af_bb,agente_financeiro,nao_nulos
historico_recente_202507_snh_pmcmv_dados_prioritarios_af_bb,apf,negocio
historico_recente_202507_snh_pmcmv_dados_prioritarios_af_bb,apf,nao_nulos
historico_recente_202507_snh_pmcmv_dados_prioritarios_af_bb,uf,nao_nulos
historico_recente_202507_snh_pmcmv_dados_prioritarios_af_bb,municipio,nao_nulos
historico_recente_202507_snh_pmcmv_dados_prioritarios_af_bb,codigo_ibge_do_municipio,negocio
historico_recente_202507_snh_pmcmv_dados_prioritarios_af_bb,codigo_ibge_do_municipio,nao_nulos
historico_recente_202507_snh_pmcmv_dados_prioritarios_af_bb,nome_empreendimento,nao_nulos
historico_recente_202507_snh_pmcmv_dados_prioritarios_af_bb,modalidade,nao_nulos
historico_recente_202507_snh_pmcmv_dados_prioritarios_af_bb,situacao_do_empreendimento,nao_nulos
historico_recente_202507_snh_pmcmv_dados_prioritarios_af_bb,detalhamento_da_situacao_do_empreendimento,nao_nulos
historico_recente_202507_snh_pmcmv_dados_prioritarios_af_bb,data_de_contratacao,nao_nulos
historico_recente_202507_snh_pmcmv_dados_prioritarios_af_bb,exec,nao_nulos
historico_recente_202507_snh_pmcmv_dados_prioritarios_af_bb,valor_contratado,nao_nulos
historico_recente_202507_snh_pmcmv_dados_prioritarios_af_bb,uh_contratadas,nao_nulos
historico_recente_202507_snh_pmcmv_dados_prioritarios_af_bb,uh_entregues,nao_nulos
historico_recente_202507_snh_pmcmv_dados_prioritarios_af_bb,uh_vigentes,nao_nulos
historico_recente_202507_snh_pmcmv_dados_prioritarios_af_bb,quantidade_de_uhs_vigentes_em_janeiro_do_ano_de_referencia,nao_nulos
historico_recente_202507_snh_pmcmv_dados_prioritarios_af_bb,quantidade_de_uhs_entregues_do_ano_de_referencia,nao_nulos
historico_recente_202507_snh_pmcmv_dados_prioritarios_af_bb,situacao_do_empreendimento_em_janeiro_do_ano_de_referencia,nao_nulos
historico_recente_202507_snh_pmcmv_dados_prioritarios_af_bb,detalhamento_da_situacao_do_empreendimento_em_janeiro_do_ano,nao_nulos
historico_recente_202507_snh_pmcmv_dados_prioritarios_af_bb,quantidade_de_uhs_contratadas_em_janeiro_do_ano_de_referencia,nao_nulos
historico_recente_202507_snh_pmcmv_dados_prioritarios_af_bb,quantidade_de_uhs_contratadas_do_ano_de_referencia,nao_nulos
historico_recente_202507_snh_pmcmv_dados_prioritarios_af_bb,quantidade_de_uhs_entregues_em_janeiro_do_ano_de_referencia,nao_nulos
historico_recente_202507_snh_pmcmv_dados_prioritarios_af_bb,quantidade_de_uhs_vigentes_do_ano_de_referencia,nao_nulos
historico_recente_202507_snh_pmcmv_dados_prioritarios_af_bb,quantidade_de_uhs_distratadas,nao_nulos
historico_recente_202507_snh_pmcmv_dados_prioritarios_af_bb,quantidade_de_uhs_distratadas_em_janeiro_do_ano_de_referencia,nao_nulos
historico_recente_202507_snh_pmcmv_dados_prioritarios_af_bb,quantidade_de_uhs_distratadas_do_ano_de_referencia,nao_nulos
historico_recente_202507_snh_pmcmv_dados_prioritarios_af_bb,latitude_do_imovel,nao_nulos
historico_recente_202507_snh_pmcmv_dados_prioritarios_af_bb,longitude_do_imovel,nao_nulos
historico_recente_202507_snh_pmcmv_dados_prioritarios_af_bb,report_date,negocio
historico_recente_202507_snh_pmcmv_dados_prioritarios_af_caixa,data_de_movimento,nao_nulos
historico_recente_202507_snh_pmcmv_dados_prioritarios_af_caixa,agente_financeiro,nao_nulos
historico_recente_202507_snh_pmcmv_dados_prioritarios_af_caixa,apf,negocio
historico_recente_202507_snh_pmcmv_dados_prioritarios_af_caixa,apf,nao_nulos
historico_recente_202507_snh_pmcmv_dados_prioritarios_af_caixa,uf,nao_nulos
historico_recente_202507_snh_pmcmv_dados_prioritarios_af_caixa,municipio,nao_nulos
historico_recente_202507_snh_pmcmv_dados_prioritarios_af_caixa,codigo_ibge_do_municipio,negocio
historico_recente_202507_snh_pmcmv_dados_prioritarios_af_caixa,codigo_ibge_do_municipio,nao_nulos
historico_recente_202507_snh_pmcmv_dados_prioritarios_af_caixa,nome_empreendimento,nao_nulos
historico_recente_202507_snh_pmcmv_dados_prioritarios_af_caixa,modalidade,nao_nulos
historico_recente_202507_snh_pmcmv_dados_prioritarios_af_caixa,situacao_do_empreendimento,nao_nulos
historico_recente_202507_snh_pmcmv_dados_prioritarios_af_caixa,detalhamento_da_situacao_do_empreendimento,nao_nulos
historico_recente_202507_snh_pmcmv_dados_prioritarios_af_caixa,data_de_contratacao,nao_nulos
historico_recente_202507_snh_pmcmv_dados_prioritarios_af_caixa,exec,nao_nulos
historico_recente_202507_snh_pmcmv_dados_prioritarios_af_caixa,valor_aporte_adicional,nao_nulos
historico_recente_202507_snh_pmcmv_dados_prioritarios_af_caixa,uh_contratadas,nao_nulos
historico_recente_202507_snh_pmcmv_dados_prioritarios_af_caixa,uh_entregues,nao_nulos
historico_recente_202507_snh_pmcmv_dados_prioritarios_af_caixa,uh_vigentes,nao_nulos
historico_recente_202507_snh_pmcmv_dados_prioritarios_af_caixa,quantidade_de_uhs_vigentes_em_janeiro_do_ano_de_referencia,nao_nulos
historico_recente_202507_snh_pmcmv_dados_prioritarios_af_caixa,quantidade_de_uhs_entregues_do_ano_de_referencia,nao_nulos
historico_recente_202507_snh_pmcmv_dados_prioritarios_af_caixa,situacao_do_empreendimento_em_janeiro_do_ano_de_referencia,nao_nulos
historico_recente_202507_snh_pmcmv_dados_prioritarios_af_caixa,valor_desembolsado_do_ano_de_referencia,nao_nulos
historico_recente_202507_snh_pmcmv_dados_prioritarios_af_caixa,detalhamento_da_situacao_do_empreendimento_em_janeiro_do_ano,nao_nulos
historico_recente_202507_snh_pmcmv_dados_prioritarios_af_caixa,quantidade_de_uhs_contratadas_em_janeiro_do_ano_de_referencia,nao_nulos
historico_recente_202507_snh_pmcmv_dados_prioritarios_af_caixa,quantidade_de_uhs_contratadas_do_ano_de_referencia,nao_nulos
historico_recente_202507_snh_pmcmv_dados_prioritarios_af_caixa,quantidade_de_uhs_entregues_em_janeiro_do_ano_de_referencia,nao_nulos
historico_recente_202507_snh_pmcmv_dados_prioritarios_af_caixa,quantidade_de_uhs_vigentes_do_ano_de_referencia,nao_nulos
historico_recente_202507_snh_pmcmv_dados_prioritarios_af_caixa,quantidade_de_uhs_distratadas,nao_nulos
historico_recente_202507_snh_pmcmv_dados_prioritarios_af_caixa,quantidade_de_uhs_distratadas_em_janeiro_do_ano_de_referencia,nao_nulos
historico_recente_202507_snh_pmcmv_dados_prioritarios_af_caixa,quantidade_de_uhs_distratadas_do_ano_de_referencia,nao_nulos
historico_recente_202507_snh_pmcmv_dados_prioritarios_af_caixa,logradouro_do_imovel,nao_nulos
historico_recente_202507_snh_pmcmv_dados_prioritarios_af_caixa,numero_do_imovel,nao_nulos
historico_recente_202507_snh_pmcmv_dados_prioritarios_af_caixa,complemento_do_endereco_do_imovel,nao_nulos
historico_recente_202507_snh_pmcmv_dados_prioritarios_af_caixa,bairro_do_imovel,nao_nulos
historico_recente_202507_snh_pmcmv_dados_prioritarios_af_caixa,cep_do_imovel,nao_nulos
historico_recente_202507_snh_pmcmv_dados_prioritarios_af_caixa,latitude_do_imovel,nao_nulos
historico_recente_202507_snh_pmcmv_dados_prioritarios_af_caixa,longitude_do_imovel,nao_nulos
historico_recente_202507_snh_pmcmv_dados_prioritarios_af_caixa,report_date,negocio
historico_recente_202508_snh_pmcmv_dados_prioritarios_af_bb,data_de_movimento,nao_nulos
historico_recente_202508_snh_pmcmv_dados_prioritarios_af_bb,agente_financeiro,nao_nulos
historico_recente_202508_snh_pmcmv_dados_prioritarios_af_bb,apf,negocio
historico_recente_202508_snh_pmcmv_dados_prioritarios_af_bb,apf,nao_nulos
historico_recente_202508_snh_pmcmv_dados_prioritarios_af_bb,uf,nao_nulos
historico_recente_202508_snh_pmcmv_dados_prioritarios_af_bb,municipio,nao_nulos
historico_recente_202508_snh_pmcmv_dados_prioritarios_af_bb,codigo_ibge_do_municipio,negocio
historico_recente_202508_snh_pmcmv_dados_prioritarios_af_bb,codigo_ibge_do_municipio,nao_nulos
historico_recente_202508_snh_pmcmv_dados_prioritarios_af_bb,nome_empreendimento,nao_nulos
historico_recente_202508_snh_pmcmv_dados_prioritarios_af_bb,modalidade,nao_nulos
historico_recente_202508_snh_pmcmv_dados_prioritarios_af_bb,situacao_do_empreendimento,nao_nulos
historico_recente_202508_snh_pmcmv_dados_prioritarios_af_bb,detalhamento_da_situacao_do_empreendimento,nao_nulos
historico_recente_202508_snh_pmcmv_dados_prioritarios_af_bb,data_de_contratacao,nao_nulos
historico_recente_202508_snh_pmcmv_dados_prioritarios_af_bb,exec,nao_nulos
historico_recente_202508_snh_pmcmv_dados_prioritarios_af_bb,valor_contratado,nao_nulos
historico_recente_202508_snh_pmcmv_dados_prioritarios_af_bb,uh_contratadas,nao_nulos
historico_recente_202508_snh_pmcmv_dados_prioritarios_af_bb,uh_entregues,nao_nulos
historico_recente_202508_snh_pmcmv_dados_prioritarios_af_bb,uh_vigentes,nao_nulos
historico_recente_202508_snh_pmcmv_dados_prioritarios_af_bb,quantidade_de_uhs_vigentes_em_janeiro_do_ano_de_referencia,nao_nulos
historico_recente_202508_snh_pmcmv_dados_prioritarios_af_bb,quantidade_de_uhs_entregues_do_ano_de_referencia,nao_nulos
historico_recente_202508_snh_pmcmv_dados_prioritarios_af_bb,situacao_do_empreendimento_em_janeiro_do_ano_de_referencia,nao_nulos
historico_recente_202508_snh_pmcmv_dados_prioritarios_af_bb,detalhamento_da_situacao_do_empreendimento_em_janeiro_do_ano,nao_nulos
historico_recente_202508_snh_pmcmv_dados_prioritarios_af_bb,quantidade_de_uhs_contratadas_em_janeiro_do_ano_de_referencia,nao_nulos
historico_recente_202508_snh_pmcmv_dados_prioritarios_af_bb,quantidade_de_uhs_contratadas_do_ano_de_referencia,nao_nulos
historico_recente_202508_snh_pmcmv_dados_prioritarios_af_bb,quantidade_de_uhs_entregues_em_janeiro_do_ano_de_referencia,nao_nulos
historico_recente_202508_snh_pmcmv_dados_prioritarios_af_bb,quantidade_de_uhs_vigentes_do_ano_de_referencia,nao_nulos
historico_recente_202508_snh_pmcmv_dados_prioritarios_af_bb,quantidade_de_uhs_distratadas,nao_nulos
historico_recente_202508_snh_pmcmv_dados_prioritarios_af_bb,quantidade_de_uhs_distratadas_em_janeiro_do_ano_de_referencia,nao_nulos
historico_recente_202508_snh_pmcmv_dados_prioritarios_af_bb,quantidade_de_uhs_distratadas_do_ano_de_referencia,nao_nulos
historico_recente_202508_snh_pmcmv_dados_prioritarios_af_bb,latitude_do_imovel,nao_nulos
historico_recente_202508_snh_pmcmv_dados_prioritarios_af_bb,longitude_do_imovel,nao_nulos
historico_recente_202508_snh_pmcmv_dados_prioritarios_af_bb,report_date,negocio
historico_recente_202508_snh_pmcmv_dados_prioritarios_af_caixa,data_de_movimento,nao_nulos
historico_recente_202508_snh_pmcmv_dados_prioritarios_af_caixa,agente_financeiro,nao_nulos
historico_recente_202508_snh_pmcmv_dados_prioritarios_af_caixa,apf,negocio
historico_recente_202508_snh_pmcmv_dados_prioritarios_af_caixa,apf,nao_nulos
historico_recente_202508_snh_pmcmv_dados_prioritarios_af_caixa,uf,nao_nulos
historico_recente_202508_snh_pmcmv_dados_prioritarios_af_caixa,municipio,nao_nulos
historico_recente_202508_snh_pmcmv_dados_prioritarios_af_caixa,codigo_ibge_do_municipio,negocio
historico_recente_202508_snh_pmcmv_dados_prioritarios_af_caixa,codigo_ibge_do_municipio,nao_nulos
historico_recente_202508_snh_pmcmv_dados_prioritarios_af_caixa,nome_empreendimento,nao_nulos
historico_recente_202508_snh_pmcmv_dados_prioritarios_af_caixa,modalidade,nao_nulos
historico_recente_202508_snh_pmcmv_dados_prioritarios_af_caixa,situacao_do_empreendimento,nao_nulos
historico_recente_202508_snh_pmcmv_dados_prioritarios_af_caixa,detalhamento_da_situacao_do_empreendimento,nao_nulos
historico_recente_202508_snh_pmcmv_dados_prioritarios_af_caixa,data_de_contratacao,nao_nulos
historico_recente_202508_snh_pmcmv_dados_prioritarios_af_caixa,exec,nao_nulos
historico_recente_202508_snh_pmcmv_dados_prioritarios_af_caixa,valor_aporte_adicional,nao_nulos
historico_recente_202508_snh_pmcmv_dados_prioritarios_af_caixa,uh_contratadas,nao_nulos
historico_recente_202508_snh_pmcmv_dados_prioritarios_af_caixa,uh_entregues,nao_nulos
historico_recente_202508_snh_pmcmv_dados_prioritarios_af_caixa,uh_vigentes,nao_nulos
historico_recente_202508_snh_pmcmv_dados_prioritarios_af_caixa,quantidade_de_uhs_vigentes_em_janeiro_do_ano_de_referencia,nao_nulos
historico_recente_202508_snh_pmcmv_dados_prioritarios_af_caixa,quantidade_de_uhs_entregues_do_ano_de_referencia,nao_nulos
historico_recente_202508_snh_pmcmv_dados_prioritarios_af_caixa,situacao_do_empreendimento_em_janeiro_do_ano_de_referencia,nao_nulos
historico_recente_202508_snh_pmcmv_dados_prioritarios_af_caixa,valor_desembolsado_do_ano_de_referencia,nao_nulos
historico_recente_202508_snh_pmcmv_dados_prioritarios_af_caixa,detalhamento_da_situacao_do_empreendimento_em_janeiro_do_ano,nao_nulos
historico_recente_202508_snh_pmcmv_dados_prioritarios_af_caixa,quantidade_de_uhs_contratadas_em_janeiro_do_ano_de_referencia,nao_nulos
historico_recente_202508_snh_pmcmv_dados_prioritarios_af_caixa,quantidade_de_uhs_contratadas_do_ano_de_referencia,nao_nulos
historico_recente_202508_snh_pmcmv_dados_prioritarios_af_caixa,quantidade_de_uhs_entregues_em_janeiro_do_ano_de_referencia,nao_nulos
historico_recente_202508_snh_pmcmv_dados_prioritarios_af_caixa,quantidade_de_uhs_vigentes_do_ano_de_referencia,nao_nulos
historico_recente_202508_snh_pmcmv_dados_prioritarios_af_caixa,quantidade_de_uhs_distratadas,nao_nulos
historico_recente_202508_snh_pmcmv_dados_prioritarios_af_caixa,quantidade_de_uhs_distratadas_em_janeiro_do_ano_de_referencia,nao_nulos
historico_recente_202508_snh_pmcmv_dados_prioritarios_af_caixa,quantidade_de_uhs_distratadas_do_ano_de_referencia,nao_nulos
historico_recente_202508_snh_pmcmv_dados_prioritarios_af_caixa,logradouro_do_imovel,nao_nulos
historico_recente_202508_snh_pmcmv_dados_prioritarios_af_caixa,numero_do_imovel,nao_nulos
historico_recente_202508_snh_pmcmv_dados_prioritarios_af_caixa,complemento_do_endereco_do_imovel,nao_nulos
historico_recente_202508_snh_pmcmv_dados_prioritarios_af_caixa,bairro_do_imovel,nao_nulos
historico_recente_202508_snh_pmcmv_dados_prioritarios_af_caixa,cep_do_imovel,nao_nulos
historico_recente_202508_snh_pmcmv_dados_prioritarios_af_caixa,latitude_do_imovel,nao_nulos
historico_recente_202508_snh_pmcmv_dados_prioritarios_af_caixa,longitude_do_imovel,nao_nulos
historico_recente_202508_snh_pmcmv_dados_prioritarios_af_caixa,report_date,negocio
historico_recente_202509_snh_pmcmv_dados_prioritarios_af_bb,data_de_movimento,nao_nulos
historico_recente_202509_snh_pmcmv_dados_prioritarios_af_bb,agente_financeiro,nao_nulos
historico_recente_202509_snh_pmcmv_dados_prioritarios_af_bb,apf,negocio
historico_recente_202509_snh_pmcmv_dados_prioritarios_af_bb,apf,nao_nulos
historico_recente_202509_snh_pmcmv_dados_prioritarios_af_bb,uf,nao_nulos
historico_recente_202509_snh_pmcmv_dados_prioritarios_af_bb,municipio,nao_nulos
historico_recente_202509_snh_pmcmv_dados_prioritarios_af_bb,codigo_ibge_do_municipio,negocio
historico_recente_202509_snh_pmcmv_dados_prioritarios_af_bb,codigo_ibge_do_municipio,nao_nulos
historico_recente_202509_snh_pmcmv_dados_prioritarios_af_bb,nome_empreendimento,nao_nulos
historico_recente_202509_snh_pmcmv_dados_prioritarios_af_bb,modalidade,nao_nulos
historico_recente_202509_snh_pmcmv_dados_prioritarios_af_bb,situacao_do_empreendimento,nao_nulos
historico_recente_202509_snh_pmcmv_dados_prioritarios_af_bb,detalhamento_da_situacao_do_empreendimento,nao_nulos
historico_recente_202509_snh_pmcmv_dados_prioritarios_af_bb,data_de_contratacao,nao_nulos
historico_recente_202509_snh_pmcmv_dados_prioritarios_af_bb,exec,nao_nulos
historico_recente_202509_snh_pmcmv_dados_prioritarios_af_bb,valor_contratado,nao_nulos
historico_recente_202509_snh_pmcmv_dados_prioritarios_af_bb,uh_contratadas,nao_nulos
historico_recente_202509_snh_pmcmv_dados_prioritarios_af_bb,uh_entregues,nao_nulos
historico_recente_202509_snh_pmcmv_dados_prioritarios_af_bb,uh_vigentes,nao_nulos
historico_recente_202509_snh_pmcmv_dados_prioritarios_af_bb,quantidade_de_uhs_vigentes_em_janeiro_do_ano_de_referencia,nao_nulos
historico_recente_202509_snh_pmcmv_dados_prioritarios_af_bb,quantidade_de_uhs_entregues_do_ano_de_referencia,nao_nulos
historico_recente_202509_snh_pmcmv_dados_prioritarios_af_bb,situacao_do_empreendimento_em_janeiro_do_ano_de_referencia,nao_nulos
historico_recente_202509_snh_pmcmv_dados_prioritarios_af_bb,detalhamento_da_situacao_do_empreendimento_em_janeiro_do_ano,nao_nulos
historico_recente_202509_snh_pmcmv_dados_prioritarios_af_bb,quantidade_de_uhs_contratadas_em_janeiro_do_ano_de_referencia,nao_nulos
historico_recente_202509_snh_pmcmv_dados_prioritarios_af_bb,quantidade_de_uhs_contratadas_do_ano_de_referencia,nao_nulos
historico_recente_202509_snh_pmcmv_dados_prioritarios_af_bb,quantidade_de_uhs_entregues_em_janeiro_do_ano_de_referencia,nao_nulos
historico_recente_202509_snh_pmcmv_dados_prioritarios_af_bb,quantidade_de_uhs_vigentes_do_ano_de_referencia,nao_nulos
historico_recente_202509_snh_pmcmv_dados_prioritarios_af_bb,quantidade_de_uhs_distratadas,nao_nulos
historico_recente_202509_snh_pmcmv_dados_prioritarios_af_bb,quantidade_de_uhs_distratadas_em_janeiro_do_ano_de_referencia,nao_nulos
historico_recente_202509_snh_pmcmv_dados_prioritarios_af_bb,quantidade_de_uhs_distratadas_do_ano_de_referencia,nao_nulos
historico_recente_202509_snh_pmcmv_dados_prioritarios_af_bb,latitude_do_imovel,nao_nulos
historico_recente_202509_snh_pmcmv_dados_prioritarios_af_bb,longitude_do_imovel,nao_nulos
historico_recente_202509_snh_pmcmv_dados_prioritarios_af_bb,report_date,negocio
historico_recente_202509_snh_pmcmv_dados_prioritarios_af_caixa,data_de_movimento,nao_nulos
historico_recente_202509_snh_pmcmv_dados_prioritarios_af_caixa,agente_financeiro,nao_nulos
historico_recente_202509_snh_pmcmv_dados_prioritarios_af_caixa,apf,negocio
historico_recente_202509_snh_pmcmv_dados_prioritarios_af_caixa,apf,nao_nulos
historico_recente_202509_snh_pmcmv_dados_prioritarios_af_caixa,uf,nao_nulos
historico_recente_202509_snh_pmcmv_dados_prioritarios_af_caixa,municipio,nao_nulos
historico_recente_202509_snh_pmcmv_dados_prioritarios_af_caixa,codigo_ibge_do_municipio,negocio
historico_recente_202509_snh_pmcmv_dados_prioritarios_af_caixa,codigo_ibge_do_municipio,nao_nulos
historico_recente_202509_snh_pmcmv_dados_prioritarios_af_caixa,nome_empreendimento,nao_nulos
historico_recente_202509_snh_pmcmv_dados_prioritarios_af_caixa,modalidade,nao_nulos
historico_recente_202509_snh_pmcmv_dados_prioritarios_af_caixa,situacao_do_empreendimento,nao_nulos
historico_recente_202509_snh_pmcmv_dados_prioritarios_af_caixa,detalhamento_da_situacao_do_empreendimento,nao_nulos
historico_recente_202509_snh_pmcmv_dados_prioritarios_af_caixa,data_de_contratacao,nao_nulos
historico_recente_202509_snh_pmcmv_dados_prioritarios_af_caixa,exec,nao_nulos
historico_recente_202509_snh_pmcmv_dados_prioritarios_af_caixa,valor_aporte_adicional,nao_nulos
historico_recente_202509_snh_pmcmv_dados_prioritarios_af_caixa,uh_contratadas,nao_nulos
historico_recente_202509_snh_pmcmv_dados_prioritarios_af_caixa,uh_entregues,nao_nulos
historico_recente_202509_snh_pmcmv_dados_prioritarios_af_caixa,uh_vigentes,nao_nulos
historico_recente_202509_snh_pmcmv_dados_prioritarios_af_caixa,quantidade_de_uhs_vigentes_em_janeiro_do_ano_de_referencia,nao_nulos
historico_recente_202509_snh_pmcmv_dados_prioritarios_af_caixa,quantidade_de_uhs_entregues_do_ano_de_referencia,nao_nulos
historico_recente_202509_snh_pmcmv_dados_prioritarios_af_caixa,situacao_do_empreendimento_em_janeiro_do_ano_de_referencia,nao_nulos
historico_recente_202509_snh_pmcmv_dados_prioritarios_af_caixa,valor_desembolsado_do_ano_de_referencia,nao_nulos
historico_recente_202509_snh_pmcmv_dados_prioritarios_af_caixa,detalhamento_da_situacao_do_empreendimento_em_janeiro_do_ano,nao_nulos
historico_recente_202509_snh_pmcmv_dados_prioritarios_af_caixa,quantidade_de_uhs_contratadas_em_janeiro_do_ano_de_referencia,nao_nulos
historico_recente_202509_snh_pmcmv_dados_prioritarios_af_caixa,quantidade_de_uhs_contratadas_do_ano_de_referencia,nao_nulos
historico_recente_202509_snh_pmcmv_dados_prioritarios_af_caixa,quantidade_de_uhs_entregues_em_janeiro_do_ano_de_referencia,nao_nulos
historico_recente_202509_snh_pmcmv_dados_prioritarios_af_caixa,quantidade_de_uhs_vigentes_do_ano_de_referencia,nao_nulos
historico_recente_202509_snh_pmcmv_dados_prioritarios_af_caixa,quantidade_de_uhs_distratadas,nao_nulos
historico_recente_202509_snh_pmcmv_dados_prioritarios_af_caixa,quantidade_de_uhs_distratadas_em_janeiro_do_ano_de_referencia,nao_nulos
historico_recente_202509_snh_pmcmv_dados_prioritarios_af_caixa,quantidade_de_uhs_distratadas_do_ano_de_referencia,nao_nulos
historico_recente_202509_snh_pmcmv_dados_prioritarios_af_caixa,logradouro_do_imovel,nao_nulos
historico_recente_202509_snh_pmcmv_dados_prioritarios_af_caixa,numero_do_imovel,nao_nulos
historico_recente_202509_snh_pmcmv_dados_prioritarios_af_caixa,complemento_do_endereco_do_imovel,nao_nulos
historico_recente_202509_snh_pmcmv_dados_prioritarios_af_caixa,bairro_do_imovel,nao_nulos
historico_recente_202509_snh_pmcmv_dados_prioritarios_af_caixa,cep_do_imovel,nao_nulos
historico_recente_202509_snh_pmcmv_dados_prioritarios_af_caixa,latitude_do_imovel,nao_nulos
historico_recente_202509_snh_pmcmv_dados_prioritarios_af_caixa,longitude_do_imovel,nao_nulos
historico_recente_202509_snh_pmcmv_dados_prioritarios_af_caixa,report_date,negocio
historico_recente_202510_snh_pmcmv_dados_prioritarios_af_bb,data_de_movimento,nao_nulos
historico_recente_202510_snh_pmcmv_dados_prioritarios_af_bb,agente_financeiro,nao_nulos
historico_recente_202510_snh_pmcmv_dados_prioritarios_af_bb,apf,negocio
historico_recente_202510_snh_pmcmv_dados_prioritarios_af_bb,apf,nao_nulos
historico_recente_202510_snh_pmcmv_dados_prioritarios_af_bb,uf,nao_nulos
historico_recente_202510_snh_pmcmv_dados_prioritarios_af_bb,municipio,nao_nulos
historico_recente_202510_snh_pmcmv_dados_prioritarios_af_bb,codigo_ibge_do_municipio,negocio
historico_recente_202510_snh_pmcmv_dados_prioritarios_af_bb,codigo_ibge_do_municipio,nao_nulos
historico_recente_202510_snh_pmcmv_dados_prioritarios_af_bb,nome_empreendimento,nao_nulos
historico_recente_202510_snh_pmcmv_dados_prioritarios_af_bb,modalidade,nao_nulos
historico_recente_202510_snh_pmcmv_dados_prioritarios_af_bb,situacao_do_empreendimento,nao_nulos
historico_recente_202510_snh_pmcmv_dados_prioritarios_af_bb,detalhamento_da_situacao_do_empreendimento,nao_nulos
historico_recente_202510_snh_pmcmv_dados_prioritarios_af_bb,data_de_contratacao,nao_nulos
historico_recente_202510_snh_pmcmv_dados_prioritarios_af_bb,exec,nao_nulos
historico_recente_202510_snh_pmcmv_dados_prioritarios_af_bb,valor_contratado,nao_nulos
historico_recente_202510_snh_pmcmv_dados_prioritarios_af_bb,uh_contratadas,nao_nulos
historico_recente_202510_snh_pmcmv_dados_prioritarios_af_bb,uh_entregues,nao_nulos
historico_recente_202510_snh_pmcmv_dados_prioritarios_af_bb,uh_vigentes,nao_nulos
historico_recente_202510_snh_pmcmv_dados_prioritarios_af_bb,quantidade_de_uhs_vigentes_em_janeiro_do_ano_de_referencia,nao_nulos
historico_recente_202510_snh_pmcmv_dados_prioritarios_af_bb,quantidade_de_uhs_entregues_do_ano_de_referencia,nao_nulos
historico_recente_202510_snh_pmcmv_dados_prioritarios_af_bb,situacao_do_empreendimento_em_janeiro_do_ano_de_referencia,nao_nulos
historico_recente_202510_snh_pmcmv_dados_prioritarios_af_bb,detalhamento_da_situacao_do_empreendimento_em_janeiro_do_ano,nao_nulos
historico_recente_202510_snh_pmcmv_dados_prioritarios_af_bb,quantidade_de_uhs_contratadas_em_janeiro_do_ano_de_referencia,nao_nulos
historico_recente_202510_snh_pmcmv_dados_prioritarios_af_bb,quantidade_de_uhs_contratadas_do_ano_de_referencia,nao_nulos
historico_recente_202510_snh_pmcmv_dados_prioritarios_af_bb,quantidade_de_uhs_entregues_em_janeiro_do_ano_de_referencia,nao_nulos
historico_recente_202510_snh_pmcmv_dados_prioritarios_af_bb,quantidade_de_uhs_vigentes_do_ano_de_referencia,nao_nulos
historico_recente_202510_snh_pmcmv_dados_prioritarios_af_bb,quantidade_de_uhs_distratadas,nao_nulos
historico_recente_202510_snh_pmcmv_dados_prioritarios_af_bb,quantidade_de_uhs_distratadas_em_janeiro_do_ano_de_referencia,nao_nulos
historico_recente_202510_snh_pmcmv_dados_prioritarios_af_bb,quantidade_de_uhs_distratadas_do_ano_de_referencia,nao_nulos
historico_recente_202510_snh_pmcmv_dados_prioritarios_af_bb,latitude_do_imovel,nao_nulos
historico_recente_202510_snh_pmcmv_dados_prioritarios_af_bb,longitude_do_imovel,nao_nulos
historico_recente_202510_snh_pmcmv_dados_prioritarios_af_bb,report_date,negocio
historico_recente_202510_snh_pmcmv_dados_prioritarios_af_caixa,data_de_movimento,nao_nulos
historico_recente_202510_snh_pmcmv_dados_prioritarios_af_caixa,agente_financeiro,nao_nulos
historico_recente_202510_snh_pmcmv_dados_prioritarios_af_caixa,apf,negocio
historico_recente_202510_snh_pmcmv_dados_prioritarios_af_caixa,apf,nao_nulos
historico_recente_202510_snh_pmcmv_dados_prioritarios_af_caixa,uf,nao_nulos
historico_recente_202510_snh_pmcmv_dados_prioritarios_af_caixa,municipio,nao_nulos
historico_recente_202510_snh_pmcmv_dados_prioritarios_af_caixa,codigo_ibge_do_municipio,negocio
historico_recente_202510_snh_pmcmv_dados_prioritarios_af_caixa,codigo_ibge_do_municipio,nao_nulos
historico_recente_202510_snh_pmcmv_dados_prioritarios_af_caixa,nome_empreendimento,nao_nulos
historico_recente_202510_snh_pmcmv_dados_prioritarios_af_caixa,modalidade,nao_nulos
historico_recente_202510_snh_pmcmv_dados_prioritarios_af_caixa,situacao_do_empreendimento,nao_nulos
historico_recente_202510_snh_pmcmv_dados_prioritarios_af_caixa,detalhamento_da_situacao_do_empreendimento,nao_nulos
historico_recente_202510_snh_pmcmv_dados_prioritarios_af_caixa,data_de_contratacao,nao_nulos
historico_recente_202510_snh_pmcmv_dados_prioritarios_af_caixa,exec,nao_nulos
historico_recente_202510_snh_pmcmv_dados_prioritarios_af_caixa,valor_aporte_adicional,nao_nulos
historico_recente_202510_snh_pmcmv_dados_prioritarios_af_caixa,uh_contratadas,nao_nulos
historico_recente_202510_snh_pmcmv_dados_prioritarios_af_caixa,uh_entregues,nao_nulos
historico_recente_202510_snh_pmcmv_dados_prioritarios_af_caixa,uh_vigentes,nao_nulos
historico_recente_202510_snh_pmcmv_dados_prioritarios_af_caixa,quantidade_de_uhs_vigentes_em_janeiro_do_ano_de_referencia,nao_nulos
historico_recente_202510_snh_pmcmv_dados_prioritarios_af_caixa,quantidade_de_uhs_entregues_do_ano_de_referencia,nao_nulos
historico_recente_202510_snh_pmcmv_dados_prioritarios_af_caixa,situacao_do_empreendimento_em_janeiro_do_ano_de_referencia,nao_nulos
historico_recente_202510_snh_pmcmv_dados_prioritarios_af_caixa,valor_desembolsado_do_ano_de_referencia,nao_nulos
historico_recente_202510_snh_pmcmv_dados_prioritarios_af_caixa,detalhamento_da_situacao_do_empreendimento_em_janeiro_do_ano,nao_nulos
historico_recente_202510_snh_pmcmv_dados_prioritarios_af_caixa,quantidade_de_uhs_contratadas_em_janeiro_do_ano_de_referencia,nao_nulos
historico_recente_202510_snh_pmcmv_dados_prioritarios_af_caixa,quantidade_de_uhs_contratadas_do_ano_de_referencia,nao_nulos
historico_recente_202510_snh_pmcmv_dados_prioritarios_af_caixa,quantidade_de_uhs_entregues_em_janeiro_do_ano_de_referencia,nao_nulos
historico_recente_202510_snh_pmcmv_dados_prioritarios_af_caixa,quantidade_de_uhs_vigentes_do_ano_de_referencia,nao_nulos
historico_recente_202510_snh_pmcmv_dados_prioritarios_af_caixa,quantidade_de_uhs_distratadas,nao_nulos
historico_recente_202510_snh_pmcmv_dados_prioritarios_af_caixa,quantidade_de_uhs_distratadas_em_janeiro_do_ano_de_referencia,nao_nulos
historico_recente_202510_snh_pmcmv_dados_prioritarios_af_caixa,quantidade_de_uhs_distratadas_do_ano_de_referencia,nao_nulos
historico_recente_202510_snh_pmcmv_dados_prioritarios_af_caixa,logradouro_do_imovel,nao_nulos
historico_recente_202510_snh_pmcmv_dados_prioritarios_af_caixa,numero_do_imovel,nao_nulos
historico_recente_202510_snh_pmcmv_dados_prioritarios_af_caixa,complemento_do_endereco_do_imovel,nao_nulos
historico_recente_202510_snh_pmcmv_dados_prioritarios_af_caixa,bairro_do_imovel,nao_nulos
historico_recente_202510_snh_pmcmv_dados_prioritarios_af_caixa,cep_do_imovel,nao_nulos
historico_recente_202510_snh_pmcmv_dados_prioritarios_af_caixa,latitude_do_imovel,nao_nulos
historico_recente_202510_snh_pmcmv_dados_prioritarios_af_caixa,longitude_do_imovel,nao_nulos
historico_recente_202510_snh_pmcmv_dados_prioritarios_af_caixa,report_date,negocio
historico_recente_202511_snh_pmcmv_dados_prioritarios_af_caixa,data_de_movimento,nao_nulos
historico_recente_202511_snh_pmcmv_dados_prioritarios_af_caixa,agente_financeiro,nao_nulos
historico_recente_202511_snh_pmcmv_dados_prioritarios_af_caixa,apf,negocio
historico_recente_202511_snh_pmcmv_dados_prioritarios_af_caixa,apf,nao_nulos
historico_recente_202511_snh_pmcmv_dados_prioritarios_af_caixa,uf,nao_nulos
historico_recente_202511_snh_pmcmv_dados_prioritarios_af_caixa,municipio,nao_nulos
historico_recente_202511_snh_pmcmv_dados_prioritarios_af_caixa,codigo_ibge_do_municipio,negocio
historico_recente_202511_snh_pmcmv_dados_prioritarios_af_caixa,codigo_ibge_do_municipio,nao_nulos
historico_recente_202511_snh_pmcmv_dados_prioritarios_af_caixa,nome_empreendimento,nao_nulos
historico_recente_202511_snh_pmcmv_dados_prioritarios_af_caixa,modalidade,nao_nulos
historico_recente_202511_snh_pmcmv_dados_prioritarios_af_caixa,situacao_do_empreendimento,nao_nulos
historico_recente_202511_snh_pmcmv_dados_prioritarios_af_caixa,detalhamento_da_situacao_do_empreendimento,nao_nulos
historico_recente_202511_snh_pmcmv_dados_prioritarios_af_caixa,data_de_contratacao,nao_nulos
historico_recente_202511_snh_pmcmv_dados_prioritarios_af_caixa,exec,nao_nulos
historico_recente_202511_snh_pmcmv_dados_prioritarios_af_caixa,valor_aporte_adicional,nao_nulos
historico_recente_202511_snh_pmcmv_dados_prioritarios_af_caixa,uh_contratadas,nao_nulos
historico_recente_202511_snh_pmcmv_dados_prioritarios_af_caixa,uh_entregues,nao_nulos
historico_recente_202511_snh_pmcmv_dados_prioritarios_af_caixa,uh_vigentes,nao_nulos
historico_recente_202511_snh_pmcmv_dados_prioritarios_af_caixa,quantidade_de_uhs_vigentes_em_janeiro_do_ano_de_referencia,nao_nulos
historico_recente_202511_snh_pmcmv_dados_prioritarios_af_caixa,quantidade_de_uhs_entregues_do_ano_de_referencia,nao_nulos
historico_recente_202511_snh_pmcmv_dados_prioritarios_af_caixa,situacao_do_empreendimento_em_janeiro_do_ano_de_referencia,nao_nulos
historico_recente_202511_snh_pmcmv_dados_prioritarios_af_caixa,valor_desembolsado_do_ano_de_referencia,nao_nulos
historico_recente_202511_snh_pmcmv_dados_prioritarios_af_caixa,detalhamento_da_situacao_do_empreendimento_em_janeiro_do_ano,nao_nulos
historico_recente_202511_snh_pmcmv_dados_prioritarios_af_caixa,quantidade_de_uhs_contratadas_em_janeiro_do_ano_de_referencia,nao_nulos
historico_recente_202511_snh_pmcmv_dados_prioritarios_af_caixa,quantidade_de_uhs_contratadas_do_ano_de_referencia,nao_nulos
historico_recente_202511_snh_pmcmv_dados_prioritarios_af_caixa,quantidade_de_uhs_entregues_em_janeiro_do_ano_de_referencia,nao_nulos
historico_recente_202511_snh_pmcmv_dados_prioritarios_af_caixa,quantidade_de_uhs_vigentes_do_ano_de_referencia,nao_nulos
historico_recente_202511_snh_pmcmv_dados_prioritarios_af_caixa,quantidade_de_uhs_distratadas,nao_nulos
historico_recente_202511_snh_pmcmv_dados_prioritarios_af_caixa,quantidade_de_uhs_distratadas_em_janeiro_do_ano_de_referencia,nao_nulos
historico_recente_202511_snh_pmcmv_dados_prioritarios_af_caixa,quantidade_de_uhs_distratadas_do_ano_de_referencia,nao_nulos
historico_recente_202511_snh_pmcmv_dados_prioritarios_af_caixa,logradouro_do_imovel,nao_nulos
historico_recente_202511_snh_pmcmv_dados_prioritarios_af_caixa,numero_do_imovel,nao_nulos
historico_recente_202511_snh_pmcmv_dados_prioritarios_af_caixa,complemento_do_endereco_do_imovel,nao_nulos
historico_recente_202511_snh_pmcmv_dados_prioritarios_af_caixa,bairro_do_imovel,nao_nulos
historico_recente_202511_snh_pmcmv_dados_prioritarios_af_caixa,cep_do_imovel,nao_nulos
historico_recente_202511_snh_pmcmv_dados_prioritarios_af_caixa,latitude_do_imovel,nao_nulos
historico_recente_202511_snh_pmcmv_dados_prioritarios_af_caixa,longitude_do_imovel,nao_nulos
historico_recente_202511_snh_pmcmv_dados_prioritarios_af_caixa,report_date,negocio
historico_recente_202512_snh_pmcmv_dados_prioritarios_af_bb,data_de_movimento,nao_nulos
historico_recente_202512_snh_pmcmv_dados_prioritarios_af_bb,agente_financeiro,nao_nulos
historico_recente_202512_snh_pmcmv_dados_prioritarios_af_bb,apf,negocio
historico_recente_202512_snh_pmcmv_dados_prioritarios_af_bb,apf,nao_nulos
historico_recente_202512_snh_pmcmv_dados_prioritarios_af_bb,uf,nao_nulos
historico_recente_202512_snh_pmcmv_dados_prioritarios_af_bb,municipio,nao_nulos
historico_recente_202512_snh_pmcmv_dados_prioritarios_af_bb,codigo_ibge_do_municipio,negocio
historico_recente_202512_snh_pmcmv_dados_prioritarios_af_bb,codigo_ibge_do_municipio,nao_nulos
historico_recente_202512_snh_pmcmv_dados_prioritarios_af_bb,nome_empreendimento,nao_nulos
historico_recente_202512_snh_pmcmv_dados_prioritarios_af_bb,modalidade,nao_nulos
historico_recente_202512_snh_pmcmv_dados_prioritarios_af_bb,situacao_do_empreendimento,nao_nulos
historico_recente_202512_snh_pmcmv_dados_prioritarios_af_bb,detalhamento_da_situacao_do_empreendimento,nao_nulos
historico_recente_202512_snh_pmcmv_dados_prioritarios_af_bb,data_de_contratacao,nao_nulos
historico_recente_202512_snh_pmcmv_dados_prioritarios_af_bb,exec,nao_nulos
historico_recente_202512_snh_pmcmv_dados_prioritarios_af_bb,valor_contratado,nao_nulos
historico_recente_202512_snh_pmcmv_dados_prioritarios_af_bb,uh_contratadas,nao_nulos
historico_recente_202512_snh_pmcmv_dados_prioritarios_af_bb,uh_entregues,nao_nulos
historico_recente_202512_snh_pmcmv_dados_prioritarios_af_bb,uh_vigentes,nao_nulos
historico_recente_202512_snh_pmcmv_dados_prioritarios_af_bb,quantidade_de_uhs_vigentes_em_janeiro_do_ano_de_referencia,nao_nulos
historico_recente_202512_snh_pmcmv_dados_prioritarios_af_bb,quantidade_de_uhs_entregues_do_ano_de_referencia,nao_nulos
historico_recente_202512_snh_pmcmv_dados_prioritarios_af_bb,situacao_do_empreendimento_em_janeiro_do_ano_de_referencia,nao_nulos
historico_recente_202512_snh_pmcmv_dados_prioritarios_af_bb,detalhamento_da_situacao_do_empreendimento_em_janeiro_do_ano,nao_nulos
historico_recente_202512_snh_pmcmv_dados_prioritarios_af_bb,quantidade_de_uhs_contratadas_em_janeiro_do_ano_de_referencia,nao_nulos
historico_recente_202512_snh_pmcmv_dados_prioritarios_af_bb,quantidade_de_uhs_contratadas_do_ano_de_referencia,nao_nulos
historico_recente_202512_snh_pmcmv_dados_prioritarios_af_bb,quantidade_de_uhs_entregues_em_janeiro_do_ano_de_referencia,nao_nulos
historico_recente_202512_snh_pmcmv_dados_prioritarios_af_bb,quantidade_de_uhs_vigentes_do_ano_de_referencia,nao_nulos
historico_recente_202512_snh_pmcmv_dados_prioritarios_af_bb,quantidade_de_uhs_distratadas,nao_nulos
historico_recente_202512_snh_pmcmv_dados_prioritarios_af_bb,quantidade_de_uhs_distratadas_em_janeiro_do_ano_de_referencia,nao_nulos
historico_recente_202512_snh_pmcmv_dados_prioritarios_af_bb,quantidade_de_uhs_distratadas_do_ano_de_referencia,nao_nulos
historico_recente_202512_snh_pmcmv_dados_prioritarios_af_bb,latitude_do_imovel,nao_nulos
historico_recente_202512_snh_pmcmv_dados_prioritarios_af_bb,longitude_do_imovel,nao_nulos
historico_recente_202512_snh_pmcmv_dados_prioritarios_af_bb,report_date,negocio
historico_recente_202512_snh_pmcmv_dados_prioritarios_af_caixa,data_de_movimento,nao_nulos
historico_recente_202512_snh_pmcmv_dados_prioritarios_af_caixa,agente_financeiro,nao_nulos
historico_recente_202512_snh_pmcmv_dados_prioritarios_af_caixa,apf,negocio
historico_recente_202512_snh_pmcmv_dados_prioritarios_af_caixa,apf,nao_nulos
historico_recente_202512_snh_pmcmv_dados_prioritarios_af_caixa,uf,nao_nulos
historico_recente_202512_snh_pmcmv_dados_prioritarios_af_caixa,municipio,nao_nulos
historico_recente_202512_snh_pmcmv_dados_prioritarios_af_caixa,codigo_ibge_do_municipio,negocio
historico_recente_202512_snh_pmcmv_dados_prioritarios_af_caixa,codigo_ibge_do_municipio,nao_nulos
historico_recente_202512_snh_pmcmv_dados_prioritarios_af_caixa,nome_empreendimento,nao_nulos
historico_recente_202512_snh_pmcmv_dados_prioritarios_af_caixa,modalidade,nao_nulos
historico_recente_202512_snh_pmcmv_dados_prioritarios_af_caixa,situacao_do_empreendimento,nao_nulos
historico_recente_202512_snh_pmcmv_dados_prioritarios_af_caixa,detalhamento_da_situacao_do_empreendimento,nao_nulos
historico_recente_202512_snh_pmcmv_dados_prioritarios_af_caixa,data_de_contratacao,nao_nulos
historico_recente_202512_snh_pmcmv_dados_prioritarios_af_caixa,exec,nao_nulos
historico_recente_202512_snh_pmcmv_dados_prioritarios_af_caixa,valor_aporte_adicional,nao_nulos
historico_recente_202512_snh_pmcmv_dados_prioritarios_af_caixa,uh_contratadas,nao_nulos
historico_recente_202512_snh_pmcmv_dados_prioritarios_af_caixa,uh_entregues,nao_nulos
historico_recente_202512_snh_pmcmv_dados_prioritarios_af_caixa,uh_vigentes,nao_nulos
historico_recente_202512_snh_pmcmv_dados_prioritarios_af_caixa,quantidade_de_uhs_vigentes_em_janeiro_do_ano_de_referencia,nao_nulos
historico_recente_202512_snh_pmcmv_dados_prioritarios_af_caixa,quantidade_de_uhs_entregues_do_ano_de_referencia,nao_nulos
historico_recente_202512_snh_pmcmv_dados_prioritarios_af_caixa,situacao_do_empreendimento_em_janeiro_do_ano_de_referencia,nao_nulos
historico_recente_202512_snh_pmcmv_dados_prioritarios_af_caixa,valor_desembolsado_do_ano_de_referencia,nao_nulos
historico_recente_202512_snh_pmcmv_dados_prioritarios_af_caixa,detalhamento_da_situacao_do_empreendimento_em_janeiro_do_ano,nao_nulos
historico_recente_202512_snh_pmcmv_dados_prioritarios_af_caixa,quantidade_de_uhs_contratadas_em_janeiro_do_ano_de_referencia,nao_nulos
historico_recente_202512_snh_pmcmv_dados_prioritarios_af_caixa,quantidade_de_uhs_contratadas_do_ano_de_referencia,nao_nulos
historico_recente_202512_snh_pmcmv_dados_prioritarios_af_caixa,quantidade_de_uhs_entregues_em_janeiro_do_ano_de_referencia,nao_nulos
historico_recente_202512_snh_pmcmv_dados_prioritarios_af_caixa,quantidade_de_uhs_vigentes_do_ano_de_referencia,nao_nulos
historico_recente_202512_snh_pmcmv_dados_prioritarios_af_caixa,quantidade_de_uhs_distratadas,nao_nulos
historico_recente_202512_snh_pmcmv_dados_prioritarios_af_caixa,quantidade_de_uhs_distratadas_em_janeiro_do_ano_de_referencia,nao_nulos
historico_recente_202512_snh_pmcmv_dados_prioritarios_af_caixa,quantidade_de_uhs_distratadas_do_ano_de_referencia,nao_nulos
historico_recente_202512_snh_pmcmv_dados_prioritarios_af_caixa,unidades_habitacionais_a_serem_entregues,nao_nulos
historico_recente_202512_snh_pmcmv_dados_prioritarios_af_caixa,logradouro_do_imovel,nao_nulos
historico_recente_202512_snh_pmcmv_dados_prioritarios_af_caixa,numero_do_imovel,nao_nulos
historico_recente_202512_snh_pmcmv_dados_prioritarios_af_caixa,complemento_do_endereco_do_imovel,nao_nulos
historico_recente_202512_snh_pmcmv_dados_prioritarios_af_caixa,bairro_do_imovel,nao_nulos
historico_recente_202512_snh_pmcmv_dados_prioritarios_af_caixa,cep_do_imovel,nao_nulos
historico_recente_202512_snh_pmcmv_dados_prioritarios_af_caixa,latitude_do_imovel,nao_nulos
historico_recente_202512_snh_pmcmv_dados_prioritarios_af_caixa,longitude_do_imovel,nao_nulos
historico_recente_202512_snh_pmcmv_dados_prioritarios_af_caixa,report_date,negocio
historico_recente_2025_01_snh_pmcmv_dados_prioritarios_af_bb,data_de_movimento,nao_nulos
historico_recente_2025_01_snh_pmcmv_dados_prioritarios_af_bb,agente_financeiro,nao_nulos
historico_recente_2025_01_snh_pmcmv_dados_prioritarios_af_bb,apf,negocio
historico_recente_2025_01_snh_pmcmv_dados_prioritarios_af_bb,apf,nao_nulos
historico_recente_2025_01_snh_pmcmv_dados_prioritarios_af_bb,uf,nao_nulos
historico_recente_2025_01_snh_pmcmv_dados_prioritarios_af_bb,municipio,nao_nulos
historico_recente_2025_01_snh_pmcmv_dados_prioritarios_af_bb,codigo_ibge_do_municipio,negocio
historico_recente_2025_01_snh_pmcmv_dados_prioritarios_af_bb,codigo_ibge_do_municipio,nao_nulos
historico_recente_2025_01_snh_pmcmv_dados_prioritarios_af_bb,nome_empreendimento,nao_nulos
historico_recente_2025_01_snh_pmcmv_dados_prioritarios_af_bb,modalidade,nao_nulos
historico_recente_2025_01_snh_pmcmv_dados_prioritarios_af_bb,situacao_do_empreendimento,nao_nulos
historico_recente_2025_01_snh_pmcmv_dados_prioritarios_af_bb,detalhamento_da_situacao_do_empreendimento,nao_nulos
historico_recente_2025_01_snh_pmcmv_dados_prioritarios_af_bb,data_de_contratacao,nao_nulos
historico_recente_2025_01_snh_pmcmv_dados_prioritarios_af_bb,exec,nao_nulos
historico_recente_2025_01_snh_pmcmv_dados_prioritarios_af_bb,valor_contratado,nao_nulos
historico_recente_2025_01_snh_pmcmv_dados_prioritarios_af_bb,uhs_contratadas,nao_nulos
historico_recente_2025_01_snh_pmcmv_dados_prioritarios_af_bb,uhs_entregues,nao_nulos
historico_recente_2025_01_snh_pmcmv_dados_prioritarios_af_bb,uhs_vigentes,nao_nulos
historico_recente_2025_01_snh_pmcmv_dados_prioritarios_af_bb,quantidade_de_uhs_vigentes_em_janeiro_do_ano_de_referencia,nao_nulos
historico_recente_2025_01_snh_pmcmv_dados_prioritarios_af_bb,quantidade_de_uhs_entregues_do_ano_de_referencia,nao_nulos
historico_recente_2025_01_snh_pmcmv_dados_prioritarios_af_bb,situacao_do_empreendimento_em_janeiro_do_ano_de_referencia,nao_nulos
historico_recente_2025_01_snh_pmcmv_dados_prioritarios_af_bb,detalhamento_da_situacao_do_empreendimento_em_janeiro_do_ano,nao_nulos
historico_recente_2025_01_snh_pmcmv_dados_prioritarios_af_bb,quantidade_de_uhs_contratadas_em_janeiro_do_ano_de_referencia,nao_nulos
historico_recente_2025_01_snh_pmcmv_dados_prioritarios_af_bb,quantidade_de_uhs_contratadas_do_ano_de_referencia,nao_nulos
historico_recente_2025_01_snh_pmcmv_dados_prioritarios_af_bb,quantidade_de_uhs_entregues_em_janeiro_do_ano_de_referencia,nao_nulos
historico_recente_2025_01_snh_pmcmv_dados_prioritarios_af_bb,quantidade_de_uhs_vigentes_do_ano_de_referencia,nao_nulos
historico_recente_2025_01_snh_pmcmv_dados_prioritarios_af_bb,quantidade_de_uhs_distratadas,nao_nulos
historico_recente_2025_01_snh_pmcmv_dados_prioritarios_af_bb,quantidade_de_uhs_distratadas_em_janeiro_do_ano_de_referencia,nao_nulos
historico_recente_2025_01_snh_pmcmv_dados_prioritarios_af_bb,quantidade_de_uhs_distratadas_do_ano_de_referencia,nao_nulos
historico_recente_2025_01_snh_pmcmv_dados_prioritarios_af_bb,latitude_do_imovel,nao_nulos
historico_recente_2025_01_snh_pmcmv_dados_prioritarios_af_bb,longitude_do_imovel,nao_nulos
historico_recente_2025_01_snh_pmcmv_dados_prioritarios_af_bb,report_date,negocio
historico_recente_2025_01_snh_pmcmv_dados_prioritarios_af_bb,report_date,nao_nulos
historico_recente_202601_snh_pmcmv_dados_prioritarios_af_bb,data_de_movimento,nao_nulos
historico_recente_202601_snh_pmcmv_dados_prioritarios_af_bb,agente_financeiro,nao_nulos
historico_recente_202601_snh_pmcmv_dados_prioritarios_af_bb,apf,negocio
historico_recente_202601_snh_pmcmv_dados_prioritarios_af_bb,apf,nao_nulos
historico_recente_202601_snh_pmcmv_dados_prioritarios_af_bb,uf,nao_nulos
historico_recente_202601_snh_pmcmv_dados_prioritarios_af_bb,municipio,nao_nulos
historico_recente_202601_snh_pmcmv_dados_prioritarios_af_bb,codigo_ibge_do_municipio,negocio
historico_recente_202601_snh_pmcmv_dados_prioritarios_af_bb,codigo_ibge_do_municipio,nao_nulos
historico_recente_202601_snh_pmcmv_dados_prioritarios_af_bb,nome_empreendimento,nao_nulos
historico_recente_202601_snh_pmcmv_dados_prioritarios_af_bb,modalidade,nao_nulos
historico_recente_202601_snh_pmcmv_dados_prioritarios_af_bb,situacao_do_empreendimento,nao_nulos
historico_recente_202601_snh_pmcmv_dados_prioritarios_af_bb,detalhamento_da_situacao_do_empreendimento,nao_nulos
historico_recente_202601_snh_pmcmv_dados_prioritarios_af_bb,data_de_contratacao,nao_nulos
historico_recente_202601_snh_pmcmv_dados_prioritarios_af_bb,exec,nao_nulos
historico_recente_202601_snh_pmcmv_dados_prioritarios_af_bb,valor_contratado,nao_nulos
historico_recente_202601_snh_pmcmv_dados_prioritarios_af_bb,uh_contratadas,nao_nulos
historico_recente_202601_snh_pmcmv_dados_prioritarios_af_bb,uh_entregues,nao_nulos
historico_recente_202601_snh_pmcmv_dados_prioritarios_af_bb,uh_vigentes,nao_nulos
historico_recente_202601_snh_pmcmv_dados_prioritarios_af_bb,quantidade_de_uhs_vigentes_em_janeiro_do_ano_de_referencia,nao_nulos
historico_recente_202601_snh_pmcmv_dados_prioritarios_af_bb,quantidade_de_uhs_entregues_do_ano_de_referencia,nao_nulos
historico_recente_202601_snh_pmcmv_dados_prioritarios_af_bb,situacao_do_empreendimento_em_janeiro_do_ano_de_referencia,nao_nulos
historico_recente_202601_snh_pmcmv_dados_prioritarios_af_bb,detalhamento_da_situacao_do_empreendimento_em_janeiro_do_ano,nao_nulos
historico_recente_202601_snh_pmcmv_dados_prioritarios_af_bb,quantidade_de_uhs_contratadas_em_janeiro_do_ano_de_referencia,nao_nulos
historico_recente_202601_snh_pmcmv_dados_prioritarios_af_bb,quantidade_de_uhs_contratadas_do_ano_de_referencia,nao_nulos
historico_recente_202601_snh_pmcmv_dados_prioritarios_af_bb,quantidade_de_uhs_entregues_em_janeiro_do_ano_de_referencia,nao_nulos
historico_recente_202601_snh_pmcmv_dados_prioritarios_af_bb,quantidade_de_uhs_vigentes_do_ano_de_referencia,nao_nulos
historico_recente_202601_snh_pmcmv_dados_prioritarios_af_bb,quantidade_de_uhs_distratadas,nao_nulos
historico_recente_202601_snh_pmcmv_dados_prioritarios_af_bb,quantidade_de_uhs_distratadas_em_janeiro_do_ano_de_referencia,nao_nulos
historico_recente_202601_snh_pmcmv_dados_prioritarios_af_bb,quantidade_de_uhs_distratadas_do_ano_de_referencia,nao_nulos
historico_recente_202601_snh_pmcmv_dados_prioritarios_af_bb,latitude_do_imovel,nao_nulos
historico_recente_202601_snh_pmcmv_dados_prioritarios_af_bb,longitude_do_imovel,nao_nulos
historico_recente_202601_snh_pmcmv_dados_prioritarios_af_bb,report_date,negocio
historico_recente_202601_snh_pmcmv_dados_prioritarios_af_caixa,data_de_movimento,nao_nulos
historico_recente_202601_snh_pmcmv_dados_prioritarios_af_caixa,agente_financeiro,nao_nulos
historico_recente_202601_snh_pmcmv_dados_prioritarios_af_caixa,apf,negocio
historico_recente_202601_snh_pmcmv_dados_prioritarios_af_caixa,apf,nao_nulos
historico_recente_202601_snh_pmcmv_dados_prioritarios_af_caixa,uf,nao_nulos
historico_recente_202601_snh_pmcmv_dados_prioritarios_af_caixa,municipio,nao_nulos
historico_recente_202601_snh_pmcmv_dados_prioritarios_af_caixa,codigo_ibge_do_municipio,negocio
historico_recente_202601_snh_pmcmv_dados_prioritarios_af_caixa,codigo_ibge_do_municipio,nao_nulos
historico_recente_202601_snh_pmcmv_dados_prioritarios_af_caixa,nome_empreendimento,nao_nulos
historico_recente_202601_snh_pmcmv_dados_prioritarios_af_caixa,modalidade,nao_nulos
historico_recente_202601_snh_pmcmv_dados_prioritarios_af_caixa,situacao_do_empreendimento,nao_nulos
historico_recente_202601_snh_pmcmv_dados_prioritarios_af_caixa,detalhamento_da_situacao_do_empreendimento,nao_nulos
historico_recente_202601_snh_pmcmv_dados_prioritarios_af_caixa,data_de_contratacao,nao_nulos
historico_recente_202601_snh_pmcmv_dados_prioritarios_af_caixa,exec,nao_nulos
historico_recente_202601_snh_pmcmv_dados_prioritarios_af_caixa,valor_aporte_adicional,nao_nulos
historico_recente_202601_snh_pmcmv_dados_prioritarios_af_caixa,uh_contratadas,nao_nulos
historico_recente_202601_snh_pmcmv_dados_prioritarios_af_caixa,uh_entregues,nao_nulos
historico_recente_202601_snh_pmcmv_dados_prioritarios_af_caixa,uh_vigentes,nao_nulos
historico_recente_202601_snh_pmcmv_dados_prioritarios_af_caixa,quantidade_de_uhs_vigentes_em_janeiro_do_ano_de_referencia,nao_nulos
historico_recente_202601_snh_pmcmv_dados_prioritarios_af_caixa,quantidade_de_uhs_entregues_do_ano_de_referencia,nao_nulos
historico_recente_202601_snh_pmcmv_dados_prioritarios_af_caixa,situacao_do_empreendimento_em_janeiro_do_ano_de_referencia,nao_nulos
historico_recente_202601_snh_pmcmv_dados_prioritarios_af_caixa,valor_desembolsado_do_ano_de_referencia,nao_nulos
historico_recente_202601_snh_pmcmv_dados_prioritarios_af_caixa,detalhamento_da_situacao_do_empreendimento_em_janeiro_do_ano,nao_nulos
historico_recente_202601_snh_pmcmv_dados_prioritarios_af_caixa,quantidade_de_uhs_contratadas_em_janeiro_do_ano_de_referencia,nao_nulos
historico_recente_202601_snh_pmcmv_dados_prioritarios_af_caixa,quantidade_de_uhs_contratadas_do_ano_de_referencia,nao_nulos
historico_recente_202601_snh_pmcmv_dados_prioritarios_af_caixa,quantidade_de_uhs_entregues_em_janeiro_do_ano_de_referencia,nao_nulos
historico_recente_202601_snh_pmcmv_dados_prioritarios_af_caixa,quantidade_de_uhs_vigentes_do_ano_de_referencia,nao_nulos
historico_recente_202601_snh_pmcmv_dados_prioritarios_af_caixa,quantidade_de_uhs_distratadas,nao_nulos
historico_recente_202601_snh_pmcmv_dados_prioritarios_af_caixa,quantidade_de_uhs_distratadas_em_janeiro_do_ano_de_referencia,nao_nulos
historico_recente_202601_snh_pmcmv_dados_prioritarios_af_caixa,quantidade_de_uhs_distratadas_do_ano_de_referencia,nao_nulos
historico_recente_202601_snh_pmcmv_dados_prioritarios_af_caixa,unidades_habitacionais_a_serem_entregues,nao_nulos
historico_recente_202601_snh_pmcmv_dados_prioritarios_af_caixa,logradouro_do_imovel,nao_nulos
historico_recente_202601_snh_pmcmv_dados_prioritarios_af_caixa,numero_do_imovel,nao_nulos
historico_recente_202601_snh_pmcmv_dados_prioritarios_af_caixa,complemento_do_endereco_do_imovel,nao_nulos
historico_recente_202601_snh_pmcmv_dados_prioritarios_af_caixa,bairro_do_imovel,nao_nulos
historico_recente_202601_snh_pmcmv_dados_prioritarios_af_caixa,cep_do_imovel,nao_nulos
historico_recente_202601_snh_pmcmv_dados_prioritarios_af_caixa,latitude_do_imovel,nao_nulos
historico_recente_202601_snh_pmcmv_dados_prioritarios_af_caixa,longitude_do_imovel,nao_nulos
historico_recente_202601_snh_pmcmv_dados_prioritarios_af_caixa,report_date,negocio
historico_recente_202602_snh_pmcmv_dados_prioritarios_af_bb,data_de_movimento,nao_nulos
historico_recente_202602_snh_pmcmv_dados_prioritarios_af_bb,agente_financeiro,nao_nulos
historico_recente_202602_snh_pmcmv_dados_prioritarios_af_bb,apf,negocio
historico_recente_202602_snh_pmcmv_dados_prioritarios_af_bb,apf,nao_nulos
historico_recente_202602_snh_pmcmv_dados_prioritarios_af_bb,uf,nao_nulos
historico_recente_202602_snh_pmcmv_dados_prioritarios_af_bb,municipio,nao_nulos
historico_recente_202602_snh_pmcmv_dados_prioritarios_af_bb,codigo_ibge_do_municipio,negocio
historico_recente_202602_snh_pmcmv_dados_prioritarios_af_bb,codigo_ibge_do_municipio,nao_nulos
historico_recente_202602_snh_pmcmv_dados_prioritarios_af_bb,nome_empreendimento,nao_nulos
historico_recente_202602_snh_pmcmv_dados_prioritarios_af_bb,modalidade,nao_nulos
historico_recente_202602_snh_pmcmv_dados_prioritarios_af_bb,situacao_do_empreendimento,nao_nulos
historico_recente_202602_snh_pmcmv_dados_prioritarios_af_bb,detalhamento_da_situacao_do_empreendimento,nao_nulos
historico_recente_202602_snh_pmcmv_dados_prioritarios_af_bb,data_de_contratacao,nao_nulos
historico_recente_202602_snh_pmcmv_dados_prioritarios_af_bb,exec,nao_nulos
historico_recente_202602_snh_pmcmv_dados_prioritarios_af_bb,valor_contratado,nao_nulos
historico_recente_202602_snh_pmcmv_dados_prioritarios_af_bb,uh_contratadas,nao_nulos
historico_recente_202602_snh_pmcmv_dados_prioritarios_af_bb,uh_entregues,nao_nulos
historico_recente_202602_snh_pmcmv_dados_prioritarios_af_bb,uh_vigentes,nao_nulos
historico_recente_202602_snh_pmcmv_dados_prioritarios_af_bb,quantidade_de_uhs_vigentes_em_janeiro_do_ano_de_referencia,nao_nulos
historico_recente_202602_snh_pmcmv_dados_prioritarios_af_bb,quantidade_de_uhs_entregues_do_ano_de_referencia,nao_nulos
historico_recente_202602_snh_pmcmv_dados_prioritarios_af_bb,situacao_do_empreendimento_em_janeiro_do_ano_de_referencia,nao_nulos
historico_recente_202602_snh_pmcmv_dados_prioritarios_af_bb,detalhamento_da_situacao_do_empreendimento_em_janeiro_do_ano,nao_nulos
historico_recente_202602_snh_pmcmv_dados_prioritarios_af_bb,quantidade_de_uhs_contratadas_em_janeiro_do_ano_de_referencia,nao_nulos
historico_recente_202602_snh_pmcmv_dados_prioritarios_af_bb,quantidade_de_uhs_contratadas_do_ano_de_referencia,nao_nulos
historico_recente_202602_snh_pmcmv_dados_prioritarios_af_bb,quantidade_de_uhs_entregues_em_janeiro_do_ano_de_referencia,nao_nulos
historico_recente_202602_snh_pmcmv_dados_prioritarios_af_bb,quantidade_de_uhs_vigentes_do_ano_de_referencia,nao_nulos
historico_recente_202602_snh_pmcmv_dados_prioritarios_af_bb,quantidade_de_uhs_distratadas,nao_nulos
historico_recente_202602_snh_pmcmv_dados_prioritarios_af_bb,quantidade_de_uhs_distratadas_em_janeiro_do_ano_de_referencia,nao_nulos
historico_recente_202602_snh_pmcmv_dados_prioritarios_af_bb,quantidade_de_uhs_distratadas_do_ano_de_referencia,nao_nulos
historico_recente_202602_snh_pmcmv_dados_prioritarios_af_bb,latitude_do_imovel,nao_nulos
historico_recente_202602_snh_pmcmv_dados_prioritarios_af_bb,longitude_do_imovel,nao_nulos
historico_recente_202602_snh_pmcmv_dados_prioritarios_af_bb,report_date,negocio
historico_recente_202602_snh_pmcmv_dados_prioritarios_af_caixa,data_de_movimento,nao_nulos
historico_recente_202602_snh_pmcmv_dados_prioritarios_af_caixa,agente_financeiro,nao_nulos
historico_recente_202602_snh_pmcmv_dados_prioritarios_af_caixa,apf,negocio
historico_recente_202602_snh_pmcmv_dados_prioritarios_af_caixa,apf,nao_nulos
historico_recente_202602_snh_pmcmv_dados_prioritarios_af_caixa,uf,nao_nulos
historico_recente_202602_snh_pmcmv_dados_prioritarios_af_caixa,municipio,nao_nulos
historico_recente_202602_snh_pmcmv_dados_prioritarios_af_caixa,codigo_ibge_do_municipio,negocio
historico_recente_202602_snh_pmcmv_dados_prioritarios_af_caixa,codigo_ibge_do_municipio,nao_nulos
historico_recente_202602_snh_pmcmv_dados_prioritarios_af_caixa,nome_empreendimento,nao_nulos
historico_recente_202602_snh_pmcmv_dados_prioritarios_af_caixa,modalidade,nao_nulos
historico_recente_202602_snh_pmcmv_dados_prioritarios_af_caixa,situacao_do_empreendimento,nao_nulos
historico_recente_202602_snh_pmcmv_dados_prioritarios_af_caixa,detalhamento_da_situacao_do_empreendimento,nao_nulos
historico_recente_202602_snh_pmcmv_dados_prioritarios_af_caixa,data_de_contratacao,nao_nulos
historico_recente_202602_snh_pmcmv_dados_prioritarios_af_caixa,exec,nao_nulos
historico_recente_202602_snh_pmcmv_dados_prioritarios_af_caixa,valor_aporte_adicional,nao_nulos
historico_recente_202602_snh_pmcmv_dados_prioritarios_af_caixa,uh_contratadas,nao_nulos
historico_recente_202602_snh_pmcmv_dados_prioritarios_af_caixa,uh_entregues,nao_nulos
historico_recente_202602_snh_pmcmv_dados_prioritarios_af_caixa,uh_vigentes,nao_nulos
historico_recente_202602_snh_pmcmv_dados_prioritarios_af_caixa,quantidade_de_uhs_vigentes_em_janeiro_do_ano_de_referencia,nao_nulos
historico_recente_202602_snh_pmcmv_dados_prioritarios_af_caixa,quantidade_de_uhs_entregues_do_ano_de_referencia,nao_nulos
historico_recente_202602_snh_pmcmv_dados_prioritarios_af_caixa,situacao_do_empreendimento_em_janeiro_do_ano_de_referencia,nao_nulos
historico_recente_202602_snh_pmcmv_dados_prioritarios_af_caixa,valor_desembolsado_do_ano_de_referencia,nao_nulos
historico_recente_202602_snh_pmcmv_dados_prioritarios_af_caixa,detalhamento_da_situacao_do_empreendimento_em_janeiro_do_ano,nao_nulos
historico_recente_202602_snh_pmcmv_dados_prioritarios_af_caixa,quantidade_de_uhs_contratadas_em_janeiro_do_ano_de_referencia,nao_nulos
historico_recente_202602_snh_pmcmv_dados_prioritarios_af_caixa,quantidade_de_uhs_contratadas_do_ano_de_referencia,nao_nulos
historico_recente_202602_snh_pmcmv_dados_prioritarios_af_caixa,quantidade_de_uhs_entregues_em_janeiro_do_ano_de_referencia,nao_nulos
historico_recente_202602_snh_pmcmv_dados_prioritarios_af_caixa,quantidade_de_uhs_vigentes_do_ano_de_referencia,nao_nulos
historico_recente_202602_snh_pmcmv_dados_prioritarios_af_caixa,quantidade_de_uhs_distratadas,nao_nulos
historico_recente_202602_snh_pmcmv_dados_prioritarios_af_caixa,quantidade_de_uhs_distratadas_em_janeiro_do_ano_de_referencia,nao_nulos
historico_recente_202602_snh_pmcmv_dados_prioritarios_af_caixa,quantidade_de_uhs_distratadas_do_ano_de_referencia,nao_nulos
historico_recente_202602_snh_pmcmv_dados_prioritarios_af_caixa,unidades_habitacionais_a_serem_entregues,nao_nulos
historico_recente_202602_snh_pmcmv_dados_prioritarios_af_caixa,logradouro_do_imovel,nao_nulos
historico_recente_202602_snh_pmcmv_dados_prioritarios_af_caixa,numero_do_imovel,nao_nulos
historico_recente_202602_snh_pmcmv_dados_prioritarios_af_caixa,complemento_do_endereco_do_imovel,nao_nulos
historico_recente_202602_snh_pmcmv_dados_prioritarios_af_caixa,bairro_do_imovel,nao_nulos
historico_recente_202602_snh_pmcmv_dados_prioritarios_af_caixa,cep_do_imovel,nao_nulos
historico_recente_202602_snh_pmcmv_dados_prioritarios_af_caixa,latitude_do_imovel,nao_nulos
historico_recente_202602_snh_pmcmv_dados_prioritarios_af_caixa,longitude_do_imovel,nao_nulos
historico_recente_202602_snh_pmcmv_dados_prioritarios_af_caixa,report_date,negocio
historico_recente_202603_snh_pmcmv_dados_prioritarios_af_bb,data_de_movimento,nao_nulos
historico_recente_202603_snh_pmcmv_dados_prioritarios_af_bb,agente_financeiro,nao_nulos
historico_recente_202603_snh_pmcmv_dados_prioritarios_af_bb,apf,negocio
historico_recente_202603_snh_pmcmv_dados_prioritarios_af_bb,apf,nao_nulos
historico_recente_202603_snh_pmcmv_dados_prioritarios_af_bb,uf,nao_nulos
historico_recente_202603_snh_pmcmv_dados_prioritarios_af_bb,municipio,nao_nulos
historico_recente_202603_snh_pmcmv_dados_prioritarios_af_bb,codigo_ibge_do_municipio,negocio
historico_recente_202603_snh_pmcmv_dados_prioritarios_af_bb,codigo_ibge_do_municipio,nao_nulos
historico_recente_202603_snh_pmcmv_dados_prioritarios_af_bb,nome_empreendimento,nao_nulos
historico_recente_202603_snh_pmcmv_dados_prioritarios_af_bb,modalidade,nao_nulos
historico_recente_202603_snh_pmcmv_dados_prioritarios_af_bb,situacao_do_empreendimento,nao_nulos
historico_recente_202603_snh_pmcmv_dados_prioritarios_af_bb,detalhamento_da_situacao_do_empreendimento,nao_nulos
historico_recente_202603_snh_pmcmv_dados_prioritarios_af_bb,data_de_contratacao,nao_nulos
historico_recente_202603_snh_pmcmv_dados_prioritarios_af_bb,exec,nao_nulos
historico_recente_202603_snh_pmcmv_dados_prioritarios_af_bb,valor_contratado,nao_nulos
historico_recente_202603_snh_pmcmv_dados_prioritarios_af_bb,uh_contratadas,nao_nulos
historico_recente_202603_snh_pmcmv_dados_prioritarios_af_bb,uh_entregues,nao_nulos
historico_recente_202603_snh_pmcmv_dados_prioritarios_af_bb,uh_vigentes,nao_nulos
historico_recente_202603_snh_pmcmv_dados_prioritarios_af_bb,quantidade_de_uhs_vigentes_em_janeiro_do_ano_de_referencia,nao_nulos
historico_recente_202603_snh_pmcmv_dados_prioritarios_af_bb,quantidade_de_uhs_entregues_do_ano_de_referencia,nao_nulos
historico_recente_202603_snh_pmcmv_dados_prioritarios_af_bb,situacao_do_empreendimento_em_janeiro_do_ano_de_referencia,nao_nulos
historico_recente_202603_snh_pmcmv_dados_prioritarios_af_bb,detalhamento_da_situacao_do_empreendimento_em_janeiro_do_ano,nao_nulos
historico_recente_202603_snh_pmcmv_dados_prioritarios_af_bb,quantidade_de_uhs_contratadas_em_janeiro_do_ano_de_referencia,nao_nulos
historico_recente_202603_snh_pmcmv_dados_prioritarios_af_bb,quantidade_de_uhs_contratadas_do_ano_de_referencia,nao_nulos
historico_recente_202603_snh_pmcmv_dados_prioritarios_af_bb,quantidade_de_uhs_entregues_em_janeiro_do_ano_de_referencia,nao_nulos
historico_recente_202603_snh_pmcmv_dados_prioritarios_af_bb,quantidade_de_uhs_vigentes_do_ano_de_referencia,nao_nulos
historico_recente_202603_snh_pmcmv_dados_prioritarios_af_bb,quantidade_de_uhs_distratadas,nao_nulos
historico_recente_202603_snh_pmcmv_dados_prioritarios_af_bb,quantidade_de_uhs_distratadas_em_janeiro_do_ano_de_referencia,nao_nulos
historico_recente_202603_snh_pmcmv_dados_prioritarios_af_bb,quantidade_de_uhs_distratadas_do_ano_de_referencia,nao_nulos
historico_recente_202603_snh_pmcmv_dados_prioritarios_af_bb,latitude_do_imovel,nao_nulos
historico_recente_202603_snh_pmcmv_dados_prioritarios_af_bb,longitude_do_imovel,nao_nulos
historico_recente_202603_snh_pmcmv_dados_prioritarios_af_bb,report_date,negocio
historico_recente_202603_snh_pmcmv_dados_prioritarios_af_caixa,data_de_movimento,nao_nulos
historico_recente_202603_snh_pmcmv_dados_prioritarios_af_caixa,agente_financeiro,nao_nulos
historico_recente_202603_snh_pmcmv_dados_prioritarios_af_caixa,apf,negocio
historico_recente_202603_snh_pmcmv_dados_prioritarios_af_caixa,apf,nao_nulos
historico_recente_202603_snh_pmcmv_dados_prioritarios_af_caixa,uf,nao_nulos
historico_recente_202603_snh_pmcmv_dados_prioritarios_af_caixa,municipio,nao_nulos
historico_recente_202603_snh_pmcmv_dados_prioritarios_af_caixa,codigo_ibge_do_municipio,negocio
historico_recente_202603_snh_pmcmv_dados_prioritarios_af_caixa,codigo_ibge_do_municipio,nao_nulos
historico_recente_202603_snh_pmcmv_dados_prioritarios_af_caixa,nome_empreendimento,nao_nulos
historico_recente_202603_snh_pmcmv_dados_prioritarios_af_caixa,modalidade,nao_nulos
historico_recente_202603_snh_pmcmv_dados_prioritarios_af_caixa,situacao_do_empreendimento,nao_nulos
historico_recente_202603_snh_pmcmv_dados_prioritarios_af_caixa,detalhamento_da_situacao_do_empreendimento,nao_nulos
historico_recente_202603_snh_pmcmv_dados_prioritarios_af_caixa,data_de_contratacao,nao_nulos
historico_recente_202603_snh_pmcmv_dados_prioritarios_af_caixa,exec,nao_nulos
historico_recente_202603_snh_pmcmv_dados_prioritarios_af_caixa,valor_aporte_adicional,nao_nulos
historico_recente_202603_snh_pmcmv_dados_prioritarios_af_caixa,uh_contratadas,nao_nulos
historico_recente_202603_snh_pmcmv_dados_prioritarios_af_caixa,uh_entregues,nao_nulos
historico_recente_202603_snh_pmcmv_dados_prioritarios_af_caixa,uh_vigentes,nao_nulos
historico_recente_202603_snh_pmcmv_dados_prioritarios_af_caixa,quantidade_de_uhs_vigentes_em_janeiro_do_ano_de_referencia,nao_nulos
historico_recente_202603_snh_pmcmv_dados_prioritarios_af_caixa,quantidade_de_uhs_entregues_do_ano_de_referencia,nao_nulos
historico_recente_202603_snh_pmcmv_dados_prioritarios_af_caixa,situacao_do_empreendimento_em_janeiro_do_ano_de_referencia,nao_nulos
historico_recente_202603_snh_pmcmv_dados_prioritarios_af_caixa,valor_desembolsado_do_ano_de_referencia,nao_nulos
historico_recente_202603_snh_pmcmv_dados_prioritarios_af_caixa,detalhamento_da_situacao_do_empreendimento_em_janeiro_do_ano,nao_nulos
historico_recente_202603_snh_pmcmv_dados_prioritarios_af_caixa,quantidade_de_uhs_contratadas_em_janeiro_do_ano_de_referencia,nao_nulos
historico_recente_202603_snh_pmcmv_dados_prioritarios_af_caixa,quantidade_de_uhs_contratadas_do_ano_de_referencia,nao_nulos
historico_recente_202603_snh_pmcmv_dados_prioritarios_af_caixa,quantidade_de_uhs_entregues_em_janeiro_do_ano_de_referencia,nao_nulos
historico_recente_202603_snh_pmcmv_dados_prioritarios_af_caixa,quantidade_de_uhs_vigentes_do_ano_de_referencia,nao_nulos
historico_recente_202603_snh_pmcmv_dados_prioritarios_af_caixa,quantidade_de_uhs_distratadas,nao_nulos
historico_recente_202603_snh_pmcmv_dados_prioritarios_af_caixa,quantidade_de_uhs_distratadas_em_janeiro_do_ano_de_referencia,nao_nulos
historico_recente_202603_snh_pmcmv_dados_prioritarios_af_caixa,quantidade_de_uhs_distratadas_do_ano_de_referencia,nao_nulos
historico_recente_202603_snh_pmcmv_dados_prioritarios_af_caixa,unidades_habitacionais_a_serem_entregues,nao_nulos
historico_recente_202603_snh_pmcmv_dados_prioritarios_af_caixa,logradouro_do_imovel,nao_nulos
historico_recente_202603_snh_pmcmv_dados_prioritarios_af_caixa,numero_do_imovel,nao_nulos
historico_recente_202603_snh_pmcmv_dados_prioritarios_af_caixa,complemento_do_endereco_do_imovel,nao_nulos
historico_recente_202603_snh_pmcmv_dados_prioritarios_af_caixa,bairro_do_imovel,nao_nulos
historico_recente_202603_snh_pmcmv_dados_prioritarios_af_caixa,cep_do_imovel,nao_nulos
historico_recente_202603_snh_pmcmv_dados_prioritarios_af_caixa,latitude_do_imovel,nao_nulos
historico_recente_202603_snh_pmcmv_dados_prioritarios_af_caixa,longitude_do_imovel,nao_nulos
historico_recente_202603_snh_pmcmv_dados_prioritarios_af_caixa,report_date,negocio
ixa_001_2012_01_janeiro_pmcmv_relatorio_executivo_13012012_base,uf,nao_nulos
ixa_001_2012_01_janeiro_pmcmv_relatorio_executivo_13012012_base,municipio,nao_nulos
ixa_001_2012_01_janeiro_pmcmv_relatorio_executivo_13012012_base,nomeempreendimento,nao_nulos
ixa_001_2012_01_janeiro_pmcmv_relatorio_executivo_13012012_base,produto,nao_nulos
ixa_001_2012_01_janeiro_pmcmv_relatorio_executivo_13012012_base,faixa,nao_nulos
ixa_001_2012_01_janeiro_pmcmv_relatorio_executivo_13012012_base,unidades,nao_nulos
ixa_001_2012_01_janeiro_pmcmv_relatorio_executivo_13012012_base,valor,nao_nulos
ixa_001_2012_01_janeiro_pmcmv_relatorio_executivo_13012012_base,contratado,nao_nulos
ixa_001_2012_01_janeiro_pmcmv_relatorio_executivo_13012012_base,proposta_em_negociacao,nao_nulos
ixa_001_2012_01_janeiro_pmcmv_relatorio_executivo_13012012_base,report_date,negocio
ixa_001_2012_01_janeiro_pmcmv_relatorio_executivo_13012012_base,report_date,nao_nulos
ixa_001_2012_01_janeiro_pmcmv_relatorio_executivo_31012012_base,unnamed_0,nao_nulos
ixa_001_2012_01_janeiro_pmcmv_relatorio_executivo_31012012_base,municipio,nao_nulos
ixa_001_2012_01_janeiro_pmcmv_relatorio_executivo_31012012_base,nomeempreendimento,nao_nulos
ixa_001_2012_01_janeiro_pmcmv_relatorio_executivo_31012012_base,produto,nao_nulos
ixa_001_2012_01_janeiro_pmcmv_relatorio_executivo_31012012_base,faixa,nao_nulos
ixa_001_2012_01_janeiro_pmcmv_relatorio_executivo_31012012_base,unidades,nao_nulos
ixa_001_2012_01_janeiro_pmcmv_relatorio_executivo_31012012_base,valor,nao_nulos
ixa_001_2012_01_janeiro_pmcmv_relatorio_executivo_31012012_base,contratado,nao_nulos
ixa_001_2012_01_janeiro_pmcmv_relatorio_executivo_31012012_base,proposta_em_negociacao,nao_nulos
ixa_001_2012_01_janeiro_pmcmv_relatorio_executivo_31012012_base,report_date,negocio
ixa_001_2012_01_janeiro_pmcmv_relatorio_executivo_31012012_base,report_date,nao_nulos
mbro_2009_relatorio_automatizado_31dez09final_com_base_valor_mc,data_apf,negocio
mbro_2009_relatorio_automatizado_31dez09final_com_base_valor_mc,report_date,negocio
o_recente_202406_snh_pmcmv_dados_prioritarios_af_caixa_entregas,data_de_movimento,nao_nulos
o_recente_202406_snh_pmcmv_dados_prioritarios_af_caixa_entregas,agente_financeiro,nao_nulos
o_recente_202406_snh_pmcmv_dados_prioritarios_af_caixa_entregas,apf,negocio
o_recente_202406_snh_pmcmv_dados_prioritarios_af_caixa_entregas,apf,nao_nulos
o_recente_202406_snh_pmcmv_dados_prioritarios_af_caixa_entregas,dt_entrega,nao_nulos
o_recente_202406_snh_pmcmv_dados_prioritarios_af_caixa_entregas,qt_uh_entregues,nao_nulos
o_recente_202406_snh_pmcmv_dados_prioritarios_af_caixa_entregas,report_date,negocio
o_recente_202407_snh_pmcmv_dados_prioritarios_af_caixa_entregas,data_de_movimento,nao_nulos
o_recente_202407_snh_pmcmv_dados_prioritarios_af_caixa_entregas,agente_financeiro,nao_nulos
o_recente_202407_snh_pmcmv_dados_prioritarios_af_caixa_entregas,apf,negocio
o_recente_202407_snh_pmcmv_dados_prioritarios_af_caixa_entregas,apf,nao_nulos
o_recente_202407_snh_pmcmv_dados_prioritarios_af_caixa_entregas,dt_entrega,nao_nulos
o_recente_202407_snh_pmcmv_dados_prioritarios_af_caixa_entregas,qt_uh_entregues,nao_nulos
o_recente_202407_snh_pmcmv_dados_prioritarios_af_caixa_entregas,report_date,negocio
o_recente_202408_snh_pmcmv_dados_prioritarios_af_caixa_entregas,data_de_movimento,nao_nulos
o_recente_202408_snh_pmcmv_dados_prioritarios_af_caixa_entregas,agente_financeiro,nao_nulos
o_recente_202408_snh_pmcmv_dados_prioritarios_af_caixa_entregas,apf,negocio
o_recente_202408_snh_pmcmv_dados_prioritarios_af_caixa_entregas,apf,nao_nulos
o_recente_202408_snh_pmcmv_dados_prioritarios_af_caixa_entregas,dt_entrega,nao_nulos
o_recente_202408_snh_pmcmv_dados_prioritarios_af_caixa_entregas,qt_uh_entregues,nao_nulos
o_recente_202408_snh_pmcmv_dados_prioritarios_af_caixa_entregas,check,nao_nulos
o_recente_202408_snh_pmcmv_dados_prioritarios_af_caixa_entregas,report_date,negocio
o_recente_202409_snh_pmcmv_dados_prioritarios_af_caixa_entregas,data_de_movimento,nao_nulos
o_recente_202409_snh_pmcmv_dados_prioritarios_af_caixa_entregas,agente_financeiro,nao_nulos
o_recente_202409_snh_pmcmv_dados_prioritarios_af_caixa_entregas,apf,negocio
o_recente_202409_snh_pmcmv_dados_prioritarios_af_caixa_entregas,apf,nao_nulos
o_recente_202409_snh_pmcmv_dados_prioritarios_af_caixa_entregas,dt_entrega,nao_nulos
o_recente_202409_snh_pmcmv_dados_prioritarios_af_caixa_entregas,qt_uh_entregues,nao_nulos
o_recente_202409_snh_pmcmv_dados_prioritarios_af_caixa_entregas,report_date,negocio
o_recente_202410_snh_pmcmv_dados_prioritarios_af_caixa_entregas,data_de_movimento,nao_nulos
o_recente_202410_snh_pmcmv_dados_prioritarios_af_caixa_entregas,agente_financeiro,nao_nulos
o_recente_202410_snh_pmcmv_dados_prioritarios_af_caixa_entregas,apf,negocio
o_recente_202410_snh_pmcmv_dados_prioritarios_af_caixa_entregas,apf,nao_nulos
o_recente_202410_snh_pmcmv_dados_prioritarios_af_caixa_entregas,dt_entrega,nao_nulos
o_recente_202410_snh_pmcmv_dados_prioritarios_af_caixa_entregas,qt_uh_entregues,nao_nulos
o_recente_202410_snh_pmcmv_dados_prioritarios_af_caixa_entregas,report_date,negocio
o_recente_202411_snh_pmcmv_dados_prioritarios_af_caixa_entregas,data_de_movimento,nao_nulos
o_recente_202411_snh_pmcmv_dados_prioritarios_af_caixa_entregas,agente_financeiro,nao_nulos
o_recente_202411_snh_pmcmv_dados_prioritarios_af_caixa_entregas,apf,negocio
o_recente_202411_snh_pmcmv_dados_prioritarios_af_caixa_entregas,apf,nao_nulos
o_recente_202411_snh_pmcmv_dados_prioritarios_af_caixa_entregas,dt_entrega,nao_nulos
o_recente_202411_snh_pmcmv_dados_prioritarios_af_caixa_entregas,qt_uh_entregues,nao_nulos
o_recente_202411_snh_pmcmv_dados_prioritarios_af_caixa_entregas,report_date,negocio
o_recente_202412_snh_pmcmv_dados_prioritarios_af_caixa_entregas,data_de_movimento,nao_nulos
o_recente_202412_snh_pmcmv_dados_prioritarios_af_caixa_entregas,agente_financeiro,nao_nulos
o_recente_202412_snh_pmcmv_dados_prioritarios_af_caixa_entregas,apf,negocio
o_recente_202412_snh_pmcmv_dados_prioritarios_af_caixa_entregas,apf,nao_nulos
o_recente_202412_snh_pmcmv_dados_prioritarios_af_caixa_entregas,dt_entrega,nao_nulos
o_recente_202412_snh_pmcmv_dados_prioritarios_af_caixa_entregas,qt_uh_entregues,nao_nulos
o_recente_202412_snh_pmcmv_dados_prioritarios_af_caixa_entregas,report_date,negocio
o_recente_202501_snh_pmcmv_dados_prioritarios_af_caixa_entregas,data_de_movimento,nao_nulos
o_recente_202501_snh_pmcmv_dados_prioritarios_af_caixa_entregas,agente_financeiro,nao_nulos
o_recente_202501_snh_pmcmv_dados_prioritarios_af_caixa_entregas,apf,negocio
o_recente_202501_snh_pmcmv_dados_prioritarios_af_caixa_entregas,apf,nao_nulos
o_recente_202501_snh_pmcmv_dados_prioritarios_af_caixa_entregas,dt_entrega,nao_nulos
o_recente_202501_snh_pmcmv_dados_prioritarios_af_caixa_entregas,qt_uh_entregues,nao_nulos
o_recente_202501_snh_pmcmv_dados_prioritarios_af_caixa_entregas,report_date,negocio
o_recente_202502_snh_pmcmv_dados_prioritarios_af_caixa_entregas,data_de_movimento,nao_nulos
o_recente_202502_snh_pmcmv_dados_prioritarios_af_caixa_entregas,agente_financeiro,nao_nulos
o_recente_202502_snh_pmcmv_dados_prioritarios_af_caixa_entregas,apf,negocio
o_recente_202502_snh_pmcmv_dados_prioritarios_af_caixa_entregas,apf,nao_nulos
o_recente_202502_snh_pmcmv_dados_prioritarios_af_caixa_entregas,dt_entrega,nao_nulos
o_recente_202502_snh_pmcmv_dados_prioritarios_af_caixa_entregas,qt_uh_entregues,nao_nulos
o_recente_202502_snh_pmcmv_dados_prioritarios_af_caixa_entregas,report_date,negocio
o_recente_202504_snh_pmcmv_dados_prioritarios_af_caixa_entregas,data_de_movimento,nao_nulos
o_recente_202504_snh_pmcmv_dados_prioritarios_af_caixa_entregas,agente_financeiro,nao_nulos
o_recente_202504_snh_pmcmv_dados_prioritarios_af_caixa_entregas,apf,negocio
o_recente_202504_snh_pmcmv_dados_prioritarios_af_caixa_entregas,apf,nao_nulos
o_recente_202504_snh_pmcmv_dados_prioritarios_af_caixa_entregas,dt_entrega,nao_nulos
o_recente_202504_snh_pmcmv_dados_prioritarios_af_caixa_entregas,qt_uh_entregues,nao_nulos
o_recente_202504_snh_pmcmv_dados_prioritarios_af_caixa_entregas,report_date,negocio
o_recente_202505_snh_pmcmv_dados_prioritarios_af_caixa_entregas,data_de_movimento,nao_nulos
o_recente_202505_snh_pmcmv_dados_prioritarios_af_caixa_entregas,agente_financeiro,nao_nulos
o_recente_202505_snh_pmcmv_dados_prioritarios_af_caixa_entregas,apf,negocio
o_recente_202505_snh_pmcmv_dados_prioritarios_af_caixa_entregas,apf,nao_nulos
o_recente_202505_snh_pmcmv_dados_prioritarios_af_caixa_entregas,dt_entrega,nao_nulos
o_recente_202505_snh_pmcmv_dados_prioritarios_af_caixa_entregas,qt_uh_entregues,nao_nulos
o_recente_202505_snh_pmcmv_dados_prioritarios_af_caixa_entregas,report_date,negocio
o_recente_202506_snh_pmcmv_dados_prioritarios_af_caixa_entregas,data_de_movimento,nao_nulos
o_recente_202506_snh_pmcmv_dados_prioritarios_af_caixa_entregas,agente_financeiro,nao_nulos
o_recente_202506_snh_pmcmv_dados_prioritarios_af_caixa_entregas,apf,negocio
o_recente_202506_snh_pmcmv_dados_prioritarios_af_caixa_entregas,apf,nao_nulos
o_recente_202506_snh_pmcmv_dados_prioritarios_af_caixa_entregas,dt_entrega,nao_nulos
o_recente_202506_snh_pmcmv_dados_prioritarios_af_caixa_entregas,qt_uh_entregues,nao_nulos
o_recente_202506_snh_pmcmv_dados_prioritarios_af_caixa_entregas,report_date,negocio
o_recente_202507_snh_pmcmv_dados_prioritarios_af_caixa_entregas,data_de_movimento,nao_nulos
o_recente_202507_snh_pmcmv_dados_prioritarios_af_caixa_entregas,agente_financeiro,nao_nulos
o_recente_202507_snh_pmcmv_dados_prioritarios_af_caixa_entregas,apf,negocio
o_recente_202507_snh_pmcmv_dados_prioritarios_af_caixa_entregas,apf,nao_nulos
o_recente_202507_snh_pmcmv_dados_prioritarios_af_caixa_entregas,dt_entrega,nao_nulos
o_recente_202507_snh_pmcmv_dados_prioritarios_af_caixa_entregas,qt_uh_entregues,nao_nulos
o_recente_202507_snh_pmcmv_dados_prioritarios_af_caixa_entregas,report_date,negocio
o_recente_202508_snh_pmcmv_dados_prioritarios_af_caixa_entregas,data_de_movimento,nao_nulos
o_recente_202508_snh_pmcmv_dados_prioritarios_af_caixa_entregas,agente_financeiro,nao_nulos
o_recente_202508_snh_pmcmv_dados_prioritarios_af_caixa_entregas,apf,negocio
o_recente_202508_snh_pmcmv_dados_prioritarios_af_caixa_entregas,apf,nao_nulos
o_recente_202508_snh_pmcmv_dados_prioritarios_af_caixa_entregas,dt_entrega,nao_nulos
o_recente_202508_snh_pmcmv_dados_prioritarios_af_caixa_entregas,qt_uh_entregues,nao_nulos
o_recente_202508_snh_pmcmv_dados_prioritarios_af_caixa_entregas,report_date,negocio
o_recente_202509_snh_pmcmv_dados_prioritarios_af_caixa_entregas,data_de_movimento,nao_nulos
o_recente_202509_snh_pmcmv_dados_prioritarios_af_caixa_entregas,agente_financeiro,nao_nulos
o_recente_202509_snh_pmcmv_dados_prioritarios_af_caixa_entregas,apf,negocio
o_recente_202509_snh_pmcmv_dados_prioritarios_af_caixa_entregas,apf,nao_nulos
o_recente_202509_snh_pmcmv_dados_prioritarios_af_caixa_entregas,dt_entrega,nao_nulos
o_recente_202509_snh_pmcmv_dados_prioritarios_af_caixa_entregas,qt_uh_entregues,nao_nulos
o_recente_202509_snh_pmcmv_dados_prioritarios_af_caixa_entregas,report_date,negocio
o_recente_202510_snh_pmcmv_dados_prioritarios_af_caixa_entregas,data_de_movimento,nao_nulos
o_recente_202510_snh_pmcmv_dados_prioritarios_af_caixa_entregas,agente_financeiro,nao_nulos
o_recente_202510_snh_pmcmv_dados_prioritarios_af_caixa_entregas,apf,negocio
o_recente_202510_snh_pmcmv_dados_prioritarios_af_caixa_entregas,apf,nao_nulos
o_recente_202510_snh_pmcmv_dados_prioritarios_af_caixa_entregas,dt_entrega,nao_nulos
o_recente_202510_snh_pmcmv_dados_prioritarios_af_caixa_entregas,qt_uh_entregues,nao_nulos
o_recente_202510_snh_pmcmv_dados_prioritarios_af_caixa_entregas,report_date,negocio
o_recente_202511_snh_pmcmv_dados_prioritarios_af_caixa_entregas,data_de_movimento,nao_nulos
o_recente_202511_snh_pmcmv_dados_prioritarios_af_caixa_entregas,agente_financeiro,nao_nulos
o_recente_202511_snh_pmcmv_dados_prioritarios_af_caixa_entregas,apf,negocio
o_recente_202511_snh_pmcmv_dados_prioritarios_af_caixa_entregas,apf,nao_nulos
o_recente_202511_snh_pmcmv_dados_prioritarios_af_caixa_entregas,dt_entrega,nao_nulos
o_recente_202511_snh_pmcmv_dados_prioritarios_af_caixa_entregas,qt_uh_entregues,nao_nulos
o_recente_202511_snh_pmcmv_dados_prioritarios_af_caixa_entregas,report_date,negocio
o_recente_202512_snh_pmcmv_dados_prioritarios_af_caixa_entregas,data_de_movimento,nao_nulos
o_recente_202512_snh_pmcmv_dados_prioritarios_af_caixa_entregas,agente_financeiro,nao_nulos
o_recente_202512_snh_pmcmv_dados_prioritarios_af_caixa_entregas,apf,negocio
o_recente_202512_snh_pmcmv_dados_prioritarios_af_caixa_entregas,apf,nao_nulos
o_recente_202512_snh_pmcmv_dados_prioritarios_af_caixa_entregas,dt_entrega,nao_nulos
o_recente_202512_snh_pmcmv_dados_prioritarios_af_caixa_entregas,qt_uh_entregues,nao_nulos
o_recente_202512_snh_pmcmv_dados_prioritarios_af_caixa_entregas,report_date,negocio
o_recente_202601_snh_pmcmv_dados_prioritarios_af_caixa_entregas,data_de_movimento,nao_nulos
o_recente_202601_snh_pmcmv_dados_prioritarios_af_caixa_entregas,agente_financeiro,nao_nulos
o_recente_202601_snh_pmcmv_dados_prioritarios_af_caixa_entregas,apf,negocio
o_recente_202601_snh_pmcmv_dados_prioritarios_af_caixa_entregas,apf,nao_nulos
o_recente_202601_snh_pmcmv_dados_prioritarios_af_caixa_entregas,dt_entrega,nao_nulos
o_recente_202601_snh_pmcmv_dados_prioritarios_af_caixa_entregas,qt_uh_entregues,nao_nulos
o_recente_202601_snh_pmcmv_dados_prioritarios_af_caixa_entregas,report_date,negocio
o_recente_202602_snh_pmcmv_dados_prioritarios_af_caixa_entregas,data_de_movimento,nao_nulos
o_recente_202602_snh_pmcmv_dados_prioritarios_af_caixa_entregas,agente_financeiro,nao_nulos
o_recente_202602_snh_pmcmv_dados_prioritarios_af_caixa_entregas,apf,negocio
o_recente_202602_snh_pmcmv_dados_prioritarios_af_caixa_entregas,apf,nao_nulos
o_recente_202602_snh_pmcmv_dados_prioritarios_af_caixa_entregas,dt_entrega,nao_nulos
o_recente_202602_snh_pmcmv_dados_prioritarios_af_caixa_entregas,qt_uh_entregues,nao_nulos
o_recente_202602_snh_pmcmv_dados_prioritarios_af_caixa_entregas,report_date,negocio
o_recente_202603_snh_pmcmv_dados_prioritarios_af_caixa_entregas,data_de_movimento,nao_nulos
o_recente_202603_snh_pmcmv_dados_prioritarios_af_caixa_entregas,agente_financeiro,nao_nulos
o_recente_202603_snh_pmcmv_dados_prioritarios_af_caixa_entregas,apf,negocio
o_recente_202603_snh_pmcmv_dados_prioritarios_af_caixa_entregas,apf,nao_nulos
o_recente_202603_snh_pmcmv_dados_prioritarios_af_caixa_entregas,dt_entrega,nao_nulos
o_recente_202603_snh_pmcmv_dados_prioritarios_af_caixa_entregas,qt_uh_entregues,nao_nulos
o_recente_202603_snh_pmcmv_dados_prioritarios_af_caixa_entregas,report_date,negocio
storico_recente_2024_07_snh_pmcmv_dados_prioritarios_af_bb_vs02,data_de_movimento,nao_nulos
storico_recente_2024_07_snh_pmcmv_dados_prioritarios_af_bb_vs02,agente_financeiro,nao_nulos
storico_recente_2024_07_snh_pmcmv_dados_prioritarios_af_bb_vs02,apf,negocio
storico_recente_2024_07_snh_pmcmv_dados_prioritarios_af_bb_vs02,apf,nao_nulos
storico_recente_2024_07_snh_pmcmv_dados_prioritarios_af_bb_vs02,uf,nao_nulos
storico_recente_2024_07_snh_pmcmv_dados_prioritarios_af_bb_vs02,municipio,nao_nulos
storico_recente_2024_07_snh_pmcmv_dados_prioritarios_af_bb_vs02,codigo_ibge_do_municipio,negocio
storico_recente_2024_07_snh_pmcmv_dados_prioritarios_af_bb_vs02,codigo_ibge_do_municipio,nao_nulos
storico_recente_2024_07_snh_pmcmv_dados_prioritarios_af_bb_vs02,nome_empreendimento,nao_nulos
storico_recente_2024_07_snh_pmcmv_dados_prioritarios_af_bb_vs02,modalidade,nao_nulos
storico_recente_2024_07_snh_pmcmv_dados_prioritarios_af_bb_vs02,situacao_do_empreendimento,nao_nulos
storico_recente_2024_07_snh_pmcmv_dados_prioritarios_af_bb_vs02,detalhamento_da_situacao_do_empreendimento,nao_nulos
storico_recente_2024_07_snh_pmcmv_dados_prioritarios_af_bb_vs02,data_de_contratacao,nao_nulos
storico_recente_2024_07_snh_pmcmv_dados_prioritarios_af_bb_vs02,exec,nao_nulos
storico_recente_2024_07_snh_pmcmv_dados_prioritarios_af_bb_vs02,valor_contratado,nao_nulos
storico_recente_2024_07_snh_pmcmv_dados_prioritarios_af_bb_vs02,valor_desembolsado,nao_nulos
storico_recente_2024_07_snh_pmcmv_dados_prioritarios_af_bb_vs02,uhs_contratadas,nao_nulos
storico_recente_2024_07_snh_pmcmv_dados_prioritarios_af_bb_vs02,uhs_entregues,nao_nulos
storico_recente_2024_07_snh_pmcmv_dados_prioritarios_af_bb_vs02,uhs_vigentes,nao_nulos
storico_recente_2024_07_snh_pmcmv_dados_prioritarios_af_bb_vs02,quantidade_de_uhs_vigentes_em_janeiro_do_ano_de_referencia,nao_nulos
storico_recente_2024_07_snh_pmcmv_dados_prioritarios_af_bb_vs02,quantidade_de_uhs_entregues_do_ano_de_referencia,nao_nulos
storico_recente_2024_07_snh_pmcmv_dados_prioritarios_af_bb_vs02,situacao_do_empreendimento_em_janeiro_do_ano_de_referencia,nao_nulos
storico_recente_2024_07_snh_pmcmv_dados_prioritarios_af_bb_vs02,detalhamento_da_situacao_do_empreendimento_em_janeiro_do_ano,nao_nulos
storico_recente_2024_07_snh_pmcmv_dados_prioritarios_af_bb_vs02,quantidade_de_uhs_contratadas_em_janeiro_do_ano_de_referencia,nao_nulos
storico_recente_2024_07_snh_pmcmv_dados_prioritarios_af_bb_vs02,quantidade_de_uhs_contratadas_do_ano_de_referencia,nao_nulos
storico_recente_2024_07_snh_pmcmv_dados_prioritarios_af_bb_vs02,quantidade_de_uhs_entregues_em_janeiro_do_ano_de_referencia,nao_nulos
storico_recente_2024_07_snh_pmcmv_dados_prioritarios_af_bb_vs02,quantidade_de_uhs_vigentes_do_ano_de_referencia,nao_nulos
storico_recente_2024_07_snh_pmcmv_dados_prioritarios_af_bb_vs02,quantidade_de_uhs_distratadas,nao_nulos
storico_recente_2024_07_snh_pmcmv_dados_prioritarios_af_bb_vs02,quantidade_de_uhs_distratadas_em_janeiro_do_ano_de_referencia,nao_nulos
storico_recente_2024_07_snh_pmcmv_dados_prioritarios_af_bb_vs02,quantidade_de_uhs_distratadas_do_ano_de_referencia,nao_nulos
storico_recente_2024_07_snh_pmcmv_dados_prioritarios_af_bb_vs02,report_date,negocio
storico_recente_2024_07_snh_pmcmv_dados_prioritarios_af_bb_vs02,report_date,nao_nulos
xa_001_2012_04_abril_2012_04_18_5a_propostas_recebidas_18042012,uf,nao_nulos
xa_001_2012_04_abril_2012_04_18_5a_propostas_recebidas_18042012,municipio,nao_nulos
xa_001_2012_04_abril_2012_04_18_5a_propostas_recebidas_18042012,nomeempreendimento,nao_nulos
xa_001_2012_04_abril_2012_04_18_5a_propostas_recebidas_18042012,produto,nao_nulos
xa_001_2012_04_abril_2012_04_18_5a_propostas_recebidas_18042012,faixa,nao_nulos
xa_001_2012_04_abril_2012_04_18_5a_propostas_recebidas_18042012,unidades,nao_nulos
xa_001_2012_04_abril_2012_04_18_5a_propostas_recebidas_18042012,valor,nao_nulos
xa_001_2012_04_abril_2012_04_18_5a_propostas_recebidas_18042012,contratado,nao_nulos
xa_001_2012_04_abril_2012_04_18_5a_propostas_recebidas_18042012,proposta_em_negociacao,nao_nulos
xa_001_2012_04_abril_2012_04_18_5a_propostas_recebidas_18042012,report_date,negocio
xa_001_2012_04_abril_2012_04_18_5a_propostas_recebidas_18042012,report_date,nao_nulos
