tabela,nome_negocio,frente,instituicao,periodo_inicio,periodo_fim,fonte,chaves,responsavel,modelo_carga
001_2011_08_agosto_previsão_de_conclusão_e_entrega_far_modelo,001 previsão de conclusão e entrega far modelo,,unknown,,,sftp,,,
001_2012_02_fevereiro_base_pmcmv_relatorio_executivo_10_02_2012,001 base pmcmv relatorio executivo 02 2012,,unknown,2009-04-01,2009-06-01,sftp,,,
001_2012_03_marco_pmcmv_relatorio_executivo_27_03_2012___cópia,001 pmcmv relatorio executivo 03 2012 cópia,,,2012-03-01,,sftp,,,
001_2012_04_abril_cópia_de_pmcmv_relatorio_executivo_16_04_201,001 cópia de pmcmv relatorio executivo 04 201,,,2012-04-01,,sftp,,,
001_2012_10_outubro_20121009_bases_relatório_executivo_0910201,001 bases relatório executivo 1,"CCFGTS, FDS, FGTS, Rural",unknown,2009-04-17,2014-09-07,sftp,codmunicibge;idregistro;codapf;nomeempreendimento;endereco_do_empreendimento,,
001_2012_10_outubro_20121009_bases_relatório_executivo_1610201,001 bases relatório executivo 1,"CCFGTS, FDS, FGTS, Rural",unknown,2009-04-17,2014-09-07,sftp,codmunicibge;idregistro;codapf;nomeempreendimento;endereco_do_empreendimento,,
001_2012_10_outubro_20121009_pmcmv_relatório_executivo_0910201,001 pmcmv relatório executivo 1,,,2012-10-01,,sftp,,,
001_2014_12_dezembro_rel_executivo_resumo_31122014_reprocessado,001 rel executivo resumo reprocessado,,,2014-12-01,,sftp,,,
011_12_dezembro_pmcmv_relatorio_executivo_31122011_base___cópi,011 pmcmv relatorio executivo base cópi,"CCFGTS, FAR, FDS, FGTS, Rural",unknown,,,sftp,nomeempreendimento,,
018_int040_ministeriocidades_far_caixa_empreendimentos_20181001,018 int040 empreendimentos,FAR,caixa,2007-06-20,2018-10-01,sftp,cod_agente_financeiro;cod_municipio_ibge;nu_apf;no_empreendimento;cod_pendencia_obra;cod_situacao_contrato_pj;cod_regime_execucao;cod_tipo_contrato,,
01_2012_04_abril_cópia_de_pmcmv_relatorio_executivo_16_04_2012,01 cópia de pmcmv relatorio executivo 04 2012,,,2012-04-01,,sftp,,,
01_2012_05_maio_pmcmv_relatorio_executivo_31_05_2012__version_1,01 pmcmv relatorio executivo 05 2012 version 1,,,2012-05-01,,sftp,,,
01_2012_06_junho_pmcmv_relatorio_executivo_15_06_2012_corrigido,01 pmcmv relatorio executivo 06 2012 corrigido,,,2012-06-01,,sftp,,,
01_2012_10_outubro_20121009_bases_relatório_executivo_09102012,01 bases relatório executivo,,,2012-10-01,,sftp,codmunicibge;idregistro;codapf;nomeempreendimento;endereco_do_empreendimento,,
01_2012_10_outubro_20121009_bases_relatório_executivo_16102012,01 bases relatório executivo,,,2012-10-01,,sftp,codmunicibge;idregistro;codapf;nomeempreendimento;endereco_do_empreendimento,,
01_2012_10_outubro_20121009_pmcmv_relatório_executivo_09102012,01 pmcmv relatório executivo,,,2012-10-01,,sftp,,,
024_10_snh_pmcmv_dados_prioritarios_da_entrega_da_unidade_af_bb,024 pmcmv dados prioritarios da entrega da unidade af bb,FAR,unknown,2014-02-10,2024-10-31,sftp,apf,,
11_12_dezembro_pmcmv_relatorio_executivo_31122011_base___cópia,11 pmcmv relatorio executivo base cópia,,,,,sftp,nomeempreendimento,,
1_2012_04_abril_2012_04_18_pmcmv_relatorio_executivo_18_04_2012,1 pmcmv relatorio executivo 04 2012,,,2012-04-01,,sftp,,,
1_2018_int054_ministeriocidades_far_bb_empreendimentos_20180831,1 2018 int054 empreendimentos,FAR,unknown,2012-04-09,2018-08-31,sftp,cod_agente_financeiro;nu_apf;no_empreendimento;nu_empreendimento,,
202402_snh_pmcmv_dados_prioritarios_da_entrega_da_unidade_af_bb,pmcmv dados prioritarios da entrega da unidade af bb,FAR,unknown,2014-02-10,2025-02-28,sftp,apf,,
202406_snh_pmcmv_dados_prioritarios_da_entrega_da_unidade_af_bb,pmcmv dados prioritarios da entrega da unidade af bb,FAR,unknown,2014-02-10,2024-06-30,sftp,apf,,
202407_snh_pmcmv_dados_prioritarios_da_entrega_da_unidade_af_bb,pmcmv dados prioritarios da entrega da unidade af bb,FAR,unknown,2014-02-10,2024-07-31,sftp,apf,,
202408_snh_pmcmv_dados_prioritarios_da_entrega_da_unidade_af_bb,pmcmv dados prioritarios da entrega da unidade af bb,FAR,unknown,2014-02-10,2024-08-31,sftp,apf,,
202409_snh_pmcmv_dados_prioritarios_da_entrega_da_unidade_af_bb,pmcmv dados prioritarios da entrega da unidade af bb,FAR,unknown,2014-02-10,2024-09-30,sftp,apf,,
202411_snh_pmcmv_dados_prioritarios_da_entrega_da_unidade_af_bb,pmcmv dados prioritarios da entrega da unidade af bb,FAR,unknown,2014-02-10,2024-11-29,sftp,apf,,
202412_snh_pmcmv_dados_prioritarios_da_entrega_da_unidade_af_bb,pmcmv dados prioritarios da entrega da unidade af bb,FAR,unknown,2014-02-10,2024-12-31,sftp,apf,,
202501_snh_pmcmv_dados_prioritarios_da_entrega_da_unidade_af_bb,pmcmv dados prioritarios da entrega da unidade af bb,FAR,unknown,2023-03-08,2025-01-31,sftp,apf,,
202503_snh_pmcmv_dados_prioritarios_da_entrega_da_unidade_af_bb,pmcmv dados prioritarios da entrega da unidade af bb,FAR,unknown,2014-02-10,2025-03-31,sftp,apf,,
202504_snh_pmcmv_dados_prioritarios_da_entrega_da_unidade_af_bb,pmcmv dados prioritarios da entrega da unidade af bb,FAR,unknown,2014-02-10,2025-04-30,sftp,apf,,
202505_snh_pmcmv_dados_prioritarios_da_entrega_da_unidade_af_bb,pmcmv dados prioritarios da entrega da unidade af bb,FAR,unknown,2014-02-10,2025-05-31,sftp,apf,,
202506_snh_pmcmv_dados_prioritarios_da_entrega_da_unidade_af_bb,pmcmv dados prioritarios da entrega da unidade af bb,FAR,unknown,2014-02-10,2025-06-30,sftp,apf,,
202507_snh_pmcmv_dados_prioritarios_da_entrega_da_unidade_af_bb,pmcmv dados prioritarios da entrega da unidade af bb,FAR,unknown,2014-02-10,2025-07-31,sftp,apf,,
202508_snh_pmcmv_dados_prioritarios_da_entrega_da_unidade_af_bb,pmcmv dados prioritarios da entrega da unidade af bb,FAR,unknown,2014-02-10,2025-08-31,sftp,apf,,
202509_snh_pmcmv_dados_prioritarios_da_entrega_da_unidade_af_bb,pmcmv dados prioritarios da entrega da unidade af bb,FAR,unknown,2014-02-10,2025-09-30,sftp,apf,,
202510_snh_pmcmv_dados_prioritarios_da_entrega_da_unidade_af_bb,pmcmv dados prioritarios da entrega da unidade af bb,FAR,unknown,2014-02-10,2025-10-31,sftp,apf,,
202511_snh_pmcmv_dados_prioritarios_da_entrega_da_unidade_af_bb,pmcmv dados prioritarios da entrega da unidade af bb,FAR,unknown,2014-02-10,2025-11-30,sftp,apf,,
202512_snh_pmcmv_dados_prioritarios_da_entrega_da_unidade_af_bb,pmcmv dados prioritarios da entrega da unidade af bb,FAR,unknown,2014-02-10,2025-12-31,sftp,apf,,
202601_snh_pmcmv_dados_prioritarios_da_entrega_da_unidade_af_bb,pmcmv dados prioritarios da entrega da unidade af bb,FAR,unknown,2014-02-10,2026-01-31,sftp,apf,,
202602_snh_pmcmv_dados_prioritarios_da_entrega_da_unidade_af_bb,pmcmv dados prioritarios da entrega da unidade af bb,FAR,unknown,2014-02-10,2026-02-28,sftp,apf,,
202603_snh_pmcmv_dados_prioritarios_da_entrega_da_unidade_af_bb,pmcmv dados prioritarios da entrega da unidade af bb,FAR,unknown,2014-02-10,2026-03-31,sftp,apf,,
_001_2012_01_janeiro_pmcmv_relatorio_executivo_31012012_base_bd,001 pmcmv relatorio executivo base bd,"CCFGTS, FAR, FDS, FGTS, Rural",unknown,,,sftp,nomeempreendimento,,
_001_2012_03_marco_pmcmv_relatorio_executivo_27_03_2012___cópi,001 pmcmv relatorio executivo 03 2012 cópi,,,2012-03-01,,sftp,,,
_001_2012_04_abril_2012_04_18_5c_base_contratação_pf_18042012,001 5c base contratação pf,PF,unknown,,,sftp,,,
_001_2012_11_novembro_sintese_20121128_evento_1_milhao_entregas,001 sintese evento milhao entregas,,unknown,,,sftp,,,
_001_2013_01___janeiro_pmcmv_relatório_executivo__31__01__2013,001 pmcmv relatório executivo 2013,,,2013-01-01,,sftp,,,
_001_2015_01_janeiro_rel_executivo_resumo_31012015_reprocessado,001 rel executivo resumo reprocessado,,,2015-01-01,,sftp,,,
a_001_2010_09___setembro_2010_contratação_pf_total___06092010,a 001 2010 contratação pf total,PF,unknown,,,sftp,,,
a_001_2011_08_agosto_previsão_de_conclusão_e_entrega_far_mode,a 001 previsão de conclusão e entrega far mode,,,2011-08-01,,sftp,,,
a_001_2013_01___janeiro_pmcmv_relatório_executivo__31__01__201,a 001 pmcmv relatório executivo 201,,,2013-01-01,,sftp,,,
aixa_001_2012_02_fevereiro_pmcmv_relatorio_executivo_17_02_2012,aixa 001 pmcmv relatorio executivo 02 2012,,,2012-02-01,,sftp,,,
aixa_001_2012_02_fevereiro_pmcmv_relatorio_executivo_27_02_2012,aixa 001 pmcmv relatorio executivo 02 2012,,,2012-02-01,,sftp,,,
aixa_001_2012_02_fevereiro_pmcmv_relatorio_executivo_29_02_2012,aixa 001 pmcmv relatorio executivo 02 2012,,,2012-02-01,,sftp,,,
aixa_001_2013_02___fevereiro_bases_relatório_executivo_1502201,aixa 001 bases relatório executivo 1,"CCFGTS, FAR, FDS, FGTS, Rural",unknown,2009-04-17,2015-01-22,sftp,codmunicibge;idregistro;codapf;nomeempreendimento;endereco_do_empreendimento,,
aixa_001_2013_02___fevereiro_bases_relatório_executivo_2802201,aixa 001 bases relatório executivo 1,"CCFGTS, FAR, FDS, FGTS, Rural",unknown,2009-04-17,2015-01-22,sftp,codmunicibge;idregistro;codapf;nomeempreendimento;endereco_do_empreendimento,,
aixa_001_2013_02___fevereiro_pmcmv_relatório_executivo_1502201,aixa 001 pmcmv relatório executivo 1,,,2013-02-01,,sftp,,,
aixa_001_2013_02___fevereiro_pmcmv_relatório_executivo_2802201,aixa 001 pmcmv relatório executivo 1,,,2013-02-01,,sftp,,,
aixa_001_2014_12_dezembro_bases_relatório_executivo_31122014_v,aixa 001 bases relatório executivo v,"CCFGTS, FAR, FDS, FGTS",unknown,2000-01-01,2016-11-04,sftp,cod_munic_ibge;cod_apf;vnome_empreendimento;endereco_do_empreendimento,,
aixa_001_2015_02_fevereiro_pmcmv_3_relatório_executivo_2802201,aixa 001 pmcmv relatório executivo 1,,,2015-02-01,,sftp,,,
aixa_001_2015_11_novembro_pmcmv_3_relatório_executivo_30112015,aixa 001 pmcmv relatório executivo,,,2015-11-01,,sftp,,,
aixa_001_2015_12_dezembro_bases_relatório_executivo_31122015v2,aixa 001 bases relatório executivo v2,"CCFGTS, FAR, FDS, FGTS",unknown,2007-01-05,2018-01-06,sftp,cod_munic_ibge;cod_apf;vnome_empreendimento;endereco_do_empreendimento,,
aixa_001_2016_02_fevereiro_relatorio_cidades__entregas_20160229,aixa 001 relatorio cidades entregas,,unknown,2015-09-30,2015-10-31,sftp,cod_empreendimento,,
aixa_002_2015_12_dezembro_pmcmv_3_relatório_executivo_31122015,aixa 002 pmcmv relatório executivo,,,2015-12-01,,sftp,,,
atorio_executivo_30092012_v3_bases_relatório_executivo_3009201,atorio executivo v3 bases relatório executivo 1,"CCFGTS, FDS, FGTS, Rural",unknown,2009-04-17,2014-08-25,sftp,codmunicibge;idregistro;codapf;nomeempreendimento;endereco_do_empreendimento,,
atorio_executivo_30092012_v3_pmcmv_relatório_executivo_3009201,atorio executivo v3 pmcmv relatório executivo 1,,,,,sftp,,,
b_2012_04_abril_cópia_de_rel_min_cidades_valores_25_04_2012_bd,b cópia de rel min cidades valores 04 2012 bd,,unknown,,,sftp,,,
bb_2011_01_janeiro_rel_11jan2011,rel 11jan2011,,bb,,,dump,,,
bb_2011_01_janeiro_rel_25jan2011,rel 25jan2011,,bb,,,dump,,,
bb_2011_02_fevereiro_dados_22022011,dados 21,,bb,2010-04-01,2010-11-18,dump,codigo_do_munic_ibge;empreendimentos_contiguos_isolados;nome_do_empreendimento,,
bb_2011_02_fevereiro_relatório_mcmv_bb_01_02_2011,relatório mcmv bb 02 2011,,bb,,,dump,,,
bb_2011_02_fevereiro_relatório_mcmv_bb_08_02_2011,relatório mcmv bb 02 2011,,bb,,,dump,,,
bb_2011_02_fevereiro_relatório_mcmv_bb_16_02_2011,relatório mcmv bb 02 2011,,bb,,,dump,,,
bb_2011_03_março_relatorio_min_cidades___22mar11,relatorio min cidades 22mar11,,bb,,,dump,,,
bb_2011_04_abril_relatorio_min_cidades___18abr11,relatorio min cidades 18abr11,,bb,,,dump,,,
bb_2011_04_abril_relatorio_min_cidades___26abr11,relatorio min cidades 26abr11,,,2011-04-01,,dump,,,
bb_2011_05_maio_relatorio_min_cidades___03mai11,relatorio min cidades 03mai11,,,2011-05-01,,dump,,,
bb_2011_05_maio_relatorio_min_cidades___10mai11,relatorio min cidades 10mai11,,bb,,,dump,,,
bb_2011_05_maio_relatorio_min_cidades___17mai11,relatorio min cidades 17mai11,,bb,,,dump,,,
bb_2011_05_maio_relatorio_min_cidades___24mai11,relatorio min cidades 24mai11,,bb,,,dump,,,
bb_2011_06_junho_relatorio_min_cidades___07jun11,relatorio min cidades 07jun11,,bb,,,dump,,,
bb_2011_07_julho_relatorio_min__cidades_19jul11,relatorio min cidades 19jul11,,bb,,,dump,,,
bb_2011_07_julho_relatorio_min_cidades___12jul11,relatorio min cidades 12jul11,,bb,,,dump,,,
bb_2011_08_agosto_balanço_23_08_2011_min__planejamento,balanço 08 2011 min planejamento,,bb,,,dump,,,
bb_2011_08_agosto_relatorio_min__cidades_16ago11,relatorio min cidades 16ago11,,bb,,,dump,,,
bb_2011_08_agosto_relatorio_min__cidades_30ago11,relatorio min cidades 30ago11,,bb,,,dump,,,
bb_2011_09_setembro_relatorio_min__cidades_13set11_2,relatorio min cidades 13set11 2,,bb,,,dump,,,
bb_2011_10_outubro_relatorio_min__cidades_04out11,relatorio min cidades 04out11,,bb,,,dump,,,
bb_2011_10_outubro_relatorio_min__cidades_11out11,relatorio min cidades 11out11,,bb,,,dump,,,
bb_2011_10_outubro_relatorio_min__cidades_18out11,relatorio min cidades 18out11,,bb,,,dump,,,
bb_2011_10_outubro_relatorio_min__cidades_25out11,relatorio min cidades 25out11,,bb,,,dump,,,
bb_2012_01_janeiro_relatorio_min__cidades_17jan12,relatorio min cidades 17jan12,,bb,,,dump,,,
bb_2012_01_janeiro_relatorio_min__cidades_24jan12,relatorio min cidades 24jan12,,bb,,,dump,,,
bb_2012_01_janeiro_relatorio_min__cidades_31_01_2012,relatorio min cidades 01 2012,,bb,,,dump,,,
bb_2012_01_janeiro_relatorio_min_cidades_03_jan_12,relatorio min cidades jan 12,,bb,,,dump,,,
bb_2012_02_fevereiro_relatorio_min__cidades_06_02_2012,relatorio min cidades 02 2012,,bb,,,dump,,,
bb_2012_02_fevereiro_relatorio_min__cidades_28_02_2012,relatorio min cidades 02 2012,,bb,,,dump,,,
bb_2012_03_março_relatorio_min__cidades_06_03_2012,relatorio min cidades 03 2012,,bb,,,dump,,,
bb_2012_03_março_relatorio_min__cidades_13_03_2012,relatorio min cidades 03 2012,,bb,,,dump,,,
bb_2012_03_março_relatorio_min__cidades_20_03_2012,relatorio min cidades 03 2012,,bb,,,dump,,,
bb_2012_03_março_relatorio_min__cidades_27_03_2012,relatorio min cidades 03 2012,,bb,,,dump,,,
bb_2012_04_abril_cópia_de_rel_min_cidades_valores_25_04_2012_b,cópia de rel min cidades valores 04 2012 b,,,2012-04-01,,dump,,,
bb_2012_04_abril_rel_min_cidades_valores_25_04_2012,rel min cidades valores 04 2012,,,2012-04-01,,dump,,,
bb_2012_04_abril_rel_min_cidades_valores_25_04_2012_bd,rel min cidades valores 04 2012 bd,,,2012-04-01,,dump,,,
bb_2012_04_abril_relatorio_min__cidades_03_04_2012,relatorio min cidades 04 2012,,bb,,,dump,,,
bb_2012_05_maio_relatorio_min__cidades_08_05_2012,relatorio min cidades 05 2012,,bb,,,dump,,,
bb_2012_05_maio_relatorio_min__cidades_08_05_2012_bd,relatorio min cidades 05 2012 bd,,,2012-05-01,,dump,,,
bb_2012_05_maio_relatorio_min__cidades_15_05_2012,relatorio min cidades 05 2012,,bb,,,dump,,,
bb_2012_05_maio_relatorio_min__cidades_15_05_2012_bd,relatorio min cidades 05 2012 bd,,,2012-05-01,,dump,,,
bb_2012_05_maio_relatorio_min__cidades_21_05_2012,relatorio min cidades 05 2012,,bb,,,dump,,,
bb_2012_05_maio_relatorio_min__cidades_21_05_2012___bd,relatorio min cidades 05 2012 bd,,,2012-05-01,,dump,,,
bb_2012_05_maio_relatorio_min__cidades_28_05_2012,relatorio min cidades 05 2012,,bb,,,dump,,,
bb_2012_05_maio_relatorio_min__cidades_28_05_2012_ctr_caixa_bb,relatorio min cidades 05 2012 ctr caixa bb,,,2012-05-01,,dump,,,
bb_2012_05_maio_relatorio_min__cidades_31_05_2012,relatorio min cidades 05 2012,,,2012-05-01,,dump,,,
bb_2012_05_maio_relatorio_min__cidades_31_05_2012_bd,relatorio min cidades 05 2012 bd,,,2012-05-01,,dump,,,
bb_2012_05_maio_z_relatorio_caixa_3105,z relatorio caixa 3105,"CCFGTS, FGTS",bb,,,dump,,,
bb_2012_06_junho_relatorio_min__cidades_04_06_2012,relatorio min cidades 06 2012,,bb,,,dump,,,
bb_2012_06_junho_relatorio_min__cidades_18_06_2012,relatorio min cidades 06 2012,,bb,,,dump,,,
bb_2012_06_junho_relatorio_min__cidades_18_06_2012_ret,relatorio min cidades 06 2012 ret,,,2012-06-01,,dump,,,
bb_2012_06_junho_relatorio_min__cidades_26_06_2012,relatorio min cidades 06 2012,,bb,,,dump,,,
bb_2012_07_julho_relatorio_min__cidades_03_07_2012,relatorio min cidades 07 2012,,bb,,,dump,,,
bb_2012_07_julho_relatorio_min__cidades_09_07_2012,relatorio min cidades 07 2012,,bb,,,dump,,,
bb_2012_07_julho_relatorio_min__cidades_17_07_2012,relatorio min cidades 07 2012,,bb,,,dump,,,
bb_2012_07_julho_relatorio_min__cidades_24_07_2012,relatorio min cidades 07 2012,,bb,,,dump,,,
bb_2012_07_julho_relatorio_min__cidades_30_07_2012,relatorio min cidades 07 2012,,bb,,,dump,,,
bb_2012_08_agosto_relatorio_min__cidades_07_08_2012__1,relatorio min cidades 08 2012 1,,bb,,,dump,,,
bb_2012_08_agosto_relatorio_min__cidades_14_08_2012,relatorio min cidades 08 2012,,bb,,,dump,,,
bb_2012_08_agosto_relatorio_min__cidades_21_08_2012,relatorio min cidades 08 2012,,bb,,,dump,,,
bb_2012_08_agosto_relatorio_min__cidades_27_08_2012__1,relatorio min cidades 08 2012 1,,bb,,,dump,,,
bb_2012_08_agosto_relatorio_min__cidades_31_08_2012,relatorio min cidades 08 2012,,bb,,,dump,,,
bb_2012_09_setembro_relatorio_min__cidades_01_10_2012,relatorio min cidades 10 2012,,bb,,,dump,,,
bb_2012_09_setembro_relatorio_min__cidades_11_09_2012,relatorio min cidades 09 2012,,,2012-09-01,,dump,,,
bb_2012_10_outubro_entrada_bb_20121023,entrada bb,,bb,2010-05-04,2012-10-03,dump,codigo_empreendimento_bb;empreendimento;codigo_do_ibge;endereco_do_empreendimento;entrega_do_empreendimento,,
bb_2012_10_outubro_entrada_bb_20121031,entrada bb,,bb,2010-05-04,2012-10-31,dump,codigo_empreendimento_bb;empreendimento;codigo_do_ibge;endereco_do_empreendimento;entrega_do_empreendimento,,
bb_2012_10_outubro_entrada_bb_20121031_ajustada,entrada bb ajustada,,bb,2010-05-04,2012-10-31,dump,codigo_empreendimento_bb;empreendimento;codigo_do_ibge;endereco_do_empreendimento;entrega_do_empreendimento,,
bb_2012_10_outubro_relatorio_min__cidades_09_10_2012,relatorio min cidades 10 2012,,bb,,,dump,,,
bb_2012_10_outubro_relatorio_min__cidades_23_10_2012,relatorio min cidades 10 2012,,bb,,,dump,,,
bb_2012_11_novembro_entrada_bb_20121106,entrada bb,,bb,2010-05-04,2012-10-31,dump,codigo_empreendimento_bb;empreendimento;codigo_do_ibge;endereco_do_empreendimento;entrega_do_empreendimento,,
bb_2012_11_novembro_entrada_bb_20121113,entrada bb,,bb,2010-05-04,2012-10-31,dump,codigo_empreendimento_bb;empreendimento;codigo_do_ibge;endereco_do_empreendimento;entrega_do_empreendimento,,
bb_2012_11_novembro_entrada_bb_20121119,entrada bb,,bb,2010-05-04,2012-10-31,dump,codigo_empreendimento_bb;empreendimento;codigo_do_ibge;endereco_do_empreendimento;entrega_do_empreendimento,,
bb_2012_11_novembro_entrada_bb_20121127,entrada bb,,bb,2010-05-04,2012-11-16,dump,codigo_empreendimento_bb;empreendimento;codigo_do_ibge;endereco_do_empreendimento;entrega_do_empreendimento,,
bb_2012_11_novembro_entrada_bb_20121127v2,entrada bb v2,,bb,2010-05-04,2012-11-22,dump,codigo_empreendimento_bb;empreendimento;codigo_do_ibge;endereco_do_empreendimento;entrega_do_empreendimento,,
bb_2012_11_novembro_entrada_bb_20121130,entrada bb,,bb,2010-05-04,2012-11-30,dump,codigo_empreendimento_bb;empreendimento;codigo_do_ibge;endereco_do_empreendimento;entrega_do_empreendimento,,
bb_2012_12_dezembro_entrada_bb_20121210,entrada bb,,bb,2010-05-04,2012-11-30,dump,codigo_empreendimento_bb;empreendimento;codigo_do_ibge;endereco_do_empreendimento;entrega_do_empreendimento,,
bb_2012_12_dezembro_entrada_bb_20121217,entrada bb,,bb,2010-05-04,2012-12-17,dump,codigo_empreendimento_bb;empreendimento;codigo_do_ibge;endereco_do_empreendimento;entrega_do_empreendimento,,
bb_2012_12_dezembro_entrada_bb_20121228,entrada bb,,bb,2010-05-04,2012-12-28,dump,codigo_empreendimento_bb;empreendimento;codigo_do_ibge;endereco_do_empreendimento;entrega_do_empreendimento,,
bb_2013_01_janeiro_entrada_bb_20130107,entrada bb,,bb,2010-05-04,2013-01-04,dump,codigo_empreendimento_bb;empreendimento;codigo_do_ibge;endereco_do_empreendimento;entrega_do_empreendimento,,
bb_2013_01_janeiro_entrada_bb_20130113,entrada bb,,bb,2010-05-04,2013-01-04,dump,codigo_empreendimento_bb;empreendimento;codigo_do_ibge;endereco_do_empreendimento;entrega_do_empreendimento,,
bb_2013_01_janeiro_entrada_bb_20130121,entrada bb,,bb,2010-05-04,2013-01-17,dump,codigo_empreendimento_bb;empreendimento;codigo_do_ibge;endereco_do_empreendimento;entrega_do_empreendimento,,
bb_2013_01_janeiro_entrada_bb_20130128,entrada bb,,bb,2010-05-04,2013-01-17,dump,codigo_empreendimento_bb;empreendimento;codigo_do_ibge;endereco_do_empreendimento;entrega_do_empreendimento,,
bb_2013_02_fevereiro_entrada_bb_20130205,entrada bb,,bb,2010-05-04,2013-01-17,dump,codigo_empreendimento_bb;empreendimento;codigo_do_ibge;endereco_do_empreendimento;entrega_do_empreendimento,,
bb_2013_02_fevereiro_entrada_bb_20130219,entrada bb,,bb,2010-05-04,2013-02-15,dump,codigo_empreendimento_bb;empreendimento;codigo_do_ibge;endereco_do_empreendimento;entrega_do_empreendimento,,
bb_2013_02_fevereiro_entrada_bb_20130226,entrada bb,,bb,2010-05-04,2013-02-15,dump,codigo_empreendimento_bb;empreendimento;codigo_do_ibge;endereco_do_empreendimento;entrega_do_empreendimento,,
bb_2013_02_fevereiro_propostas_bb,propostas bb,,bb,,,dump,,,
bb_2013_03_marco_entrada_bb_20130305,entrada bb,,bb,2010-05-04,2013-03-04,dump,codigo_empreendimento_bb;empreendimento;codigo_do_ibge;endereco_do_empreendimento;entrega_do_empreendimento,,
bb_2013_03_marco_entrada_bb_20130318,entrada bb,,bb,2010-05-04,2013-03-04,dump,codigo_empreendimento_bb;empreendimento;codigo_do_ibge;endereco_do_empreendimento;entrega_do_empreendimento,,
bb_2013_03_marco_entrada_bb_20130401,entrada bb,,bb,2010-05-04,2013-03-27,dump,codigo_empreendimento_bb;empreendimento;codigo_do_ibge;endereco_do_empreendimento;entrega_do_empreendimento,,
bb_2013_03_marco_entrada_bb_20130415,entrada bb,,bb,2010-05-04,2013-04-11,dump,codigo_empreendimento_bb;empreendimento;codigo_do_ibge;endereco_do_empreendimento;entrega_do_empreendimento,,
bb_2013_04_abril_entrada_bb_20130429,entrada bb,,bb,2010-05-04,2013-04-25,dump,codigo_empreendimento_bb;empreendimento;codigo_do_ibge;endereco_do_empreendimento;entrega_do_empreendimento,,
bb_2013_05_maio_entrada_bb_20130506,entrada bb,,bb,2010-05-04,2013-04-25,dump,codigo_empreendimento_bb;empreendimento;codigo_do_ibge;endereco_do_empreendimento;entrega_do_empreendimento,,
bb_2013_05_maio_entrada_bb_20130513,entrada bb,,bb,2010-05-04,2013-04-25,dump,codigo_empreendimento_bb;empreendimento;codigo_do_ibge;endereco_do_empreendimento;entrega_do_empreendimento,,
bb_2013_06_junho_entrada_bb_20130604,entrada bb,,bb,2010-05-04,2013-05-29,dump,codigo_empreendimento_bb;empreendimento;codigo_do_ibge;endereco_do_empreendimento;entrega_do_empreendimento,,
bb_2013_06_junho_entrada_bb_20130618,entrada bb,,bb,2010-05-04,2013-06-04,dump,codigo_empreendimento_bb;empreendimento;codigo_do_ibge;endereco_do_empreendimento;entrega_do_empreendimento,,
bb_2013_06_junho_entrada_bb_20130630,entrada bb,,bb,2010-05-04,2013-06-27,dump,codigo_empreendimento_bb;empreendimento;codigo_do_ibge;endereco_do_empreendimento;entrega_do_empreendimento,,
bb_2013_06_junho_pmcmv_18062013_tab_andamento_obras,pmcmv tab andamento obras,,bb,,,dump,cod_operacaocod_sit_obracod_regime_construcaocod_pendencia_obra,,
bb_2013_06_junho_pmcmv_18062013_tab_arquivos_dados,pmcmv tab arquivos dados,,bb,,,dump,,,
bb_2013_06_junho_pmcmv_18062013_tab_beneficiarios_fgts,pmcmv tab beneficiarios fgts,,bb,,,dump,cod_cpf;cod_contrato_alien_pf_fgts;cod_gen_sexo;cod_estado_civil;cod_titularidade;cod_cor_raca_beneficiario,,
bb_2013_06_junho_pmcmv_18062013_tab_caracterizacoes_entornos,pmcmv tab caracterizacoes entornos,,bb,,,dump,cod_operacaobln_empreendimento_hisbln_rede_abast_aguabln_coleta,,
bb_2013_06_junho_pmcmv_18062013_tab_contratos_pf_fgts,pmcmv tab contratos pf fgts,PF,bb,,,dump,cod_contrato_alien_pf_fgts;cod_operacao;cod_subprograma;cod_tipologia_und;cod_grupo_mod_desc_fgts;cod_linha_aplicacao;cod_sit_contrato_pf;cod_cnpj_agente_finan;cod_insercao_municipio;cod_faixa_renda;cod_mun_ibge,,
bb_2013_06_junho_pmcmv_18062013_tab_contratos_pj,pmcmv tab contratos pj,PJ,bb,,,dump,cod_contrato_pjcod_operacaocod_sit_contrato_pjdte_assin_contrat,,
bb_2013_06_junho_pmcmv_18062013_tab_empreendimentos,pmcmv tab empreendimentos,,bb,,,dump,cod_empreendimento;txt_empreendimento,,
bb_2013_06_junho_pmcmv_18062013_tab_operacoes,pmcmv tab operacoes,,bb,,,dump,cod_operacao;cod_nat_operacao;cod_sit_operacao;cod_motivo_rejeicao;cod_subprograma;cod_linha_credito;cod_faixa_renda;cod_empreendimento;cod_tipo_etapa;cod_insercao_municipio;cod_comun_atendida;cod_cnpj_proponente;cod_cnpj_agente_finan;cod_fase_pmcmv;cod_mun_ibge,,
bb_2013_06_junho_pmcmv_18062013_tab_proponentes,pmcmv tab proponentes,,bb,,,dump,cod_cnpj_proponentecod_porte_construtorcod_nat_proponentetxt_ra,,
bb_2013_06_junho_pmcmv_18062013_tab_unidades_concluidas,pmcmv tab unidades concluidas,,bb,,,dump,cod_operacaodte_legalizacaocod_motivo_ociosidadedte_primeira_en,,
bb_2013_07_julho_entrada_bb_20130716,entrada bb,,bb,2010-05-04,2013-07-12,dump,codigo_empreendimento_bb;empreendimento;codigo_do_ibge;endereco_do_empreendimento;entrega_do_empreendimento,,
bb_2013_08_agosto_entrada_bb_20130802,entrada bb,,bb,2010-05-04,2013-07-12,dump,codigo_empreendimento_bb;empreendimento;codigo_do_ibge;endereco_do_empreendimento;entrega_do_empreendimento,,
bb_2013_08_agosto_entrada_bb_20130819,entrada bb,,bb,2010-05-04,2013-07-12,dump,codigo_empreendimento_bb;empreendimento;codigo_do_ibge;endereco_do_empreendimento;entrega_do_empreendimento,,
bb_2013_08_agosto_entrada_bb_20130904,entrada bb,,bb,2010-05-04,2013-08-23,dump,codigo_empreendimento_bb;empreendimento;codigo_do_ibge;endereco_do_empreendimento;entrega_do_empreendimento,,
bb_2013_10_outubro_entrada_bb_20131105,entrada bb,,bb,2010-05-04,2013-10-17,dump,codigo_empreendimento_bb;empreendimento;codigo_do_ibge;endereco_do_empreendimento;entrega_do_empreendimento,,
bb_2013_11_novembro_entrada_bb_20131120,entrada bb,,bb,2010-05-04,2013-10-22,dump,codigo_empreendimento_bb;empreendimento;codigo_do_ibge;endereco_do_empreendimento;entrega_do_empreendimento,,
bb_2013_11_novembro_entrada_bb_20131204,entrada bb,,bb,2010-05-04,2013-11-27,dump,codigo_empreendimento_bb;empreendimento;codigo_do_ibge;endereco_do_empreendimento;entrega_do_empreendimento,,
bb_2013_12_dezembro_entrada_bb_20131218,entrada bb,,bb,2010-05-04,2013-11-27,dump,codigo_empreendimento_bb;empreendimento;codigo_do_ibge;endereco_do_empreendimento;entrega_do_empreendimento,,
bb_2013_12_dezembro_entrada_bb_20131223__aux_bb_far,entrada bb aux bb far,FAR,bb,2012-01-25,2013-12-20,dump,endereco_do_empreendimento;codigo_do_empreendimento;codigo_do_ibge,,
bb_2013_12_dezembro_entrada_bb_20140102,entrada bb,,bb,2010-05-04,2013-11-27,dump,codigo_empreendimento_bb;empreendimento;codigo_do_ibge;endereco_do_empreendimento;entrega_do_empreendimento,,
bb_2014_01_janeiro_entrada_bb_20140116,entrada bb,,bb,2010-05-04,2013-11-27,dump,codigo_empreendimento_bb;empreendimento;codigo_do_ibge;endereco_do_empreendimento;entrega_do_empreendimento,,
bb_2014_02_fevereiro_entrada_bb_20140217,entrada bb,,bb,2010-05-04,2013-11-27,dump,codigo_empreendimento_bb;empreendimento;codigo_do_ibge;endereco_do_empreendimento;entrega_do_empreendimento,,
bb_2014_02_fevereiro_entrada_bb_20140306,entrada bb,,bb,2010-05-04,2013-11-27,dump,codigo_empreendimento_bb;empreendimento;codigo_do_ibge;endereco_do_empreendimento;entrega_do_empreendimento,,
bb_2014_03_marco_entrada_bb_20140401,entrada bb,,bb,2010-05-04,2013-06-04,dump,codigo_empreendimento_bb;empreendimento;codigo_do_ibge;endereco_do_empreendimento;entrega_do_empreendimento,,
bb_2014_04_abril_entrada_bb_20140415,entrada bb,,bb,2010-05-04,2013-06-04,dump,codigo_empreendimento_bb;empreendimento;codigo_do_ibge;endereco_do_empreendimento;entrega_do_empreendimento,,
bb_2014_04_abril_entrada_bb_20140430,entrada bb,,bb,2010-05-04,2013-06-04,dump,codigo_empreendimento_bb;empreendimento;codigo_do_ibge;endereco_do_empreendimento;entrega_do_empreendimento,,
bb_2014_05_maio_entrada_bb_20140516,entrada bb,,bb,2010-05-04,2013-06-04,dump,codigo_empreendimento_bb;empreendimento;codigo_do_ibge;endereco_do_empreendimento;entrega_do_empreendimento,,
bb_2014_05_maio_entrada_bb_20140530,entrada bb,,bb,2010-05-04,2013-06-04,dump,codigo_empreendimento_bb;empreendimento;codigo_do_ibge;endereco_do_empreendimento;entrega_do_empreendimento,,
bb_2014_06_junho_entrada_bb_20140615,entrada bb,,bb,2010-05-04,2013-06-04,dump,codigo_empreendimento_bb;empreendimento;codigo_do_ibge;endereco_do_empreendimento;entrega_do_empreendimento,,
bb_2014_06_junho_entrada_bb_20140625,entrada bb,,bb,2010-05-04,2013-06-04,dump,codigo_empreendimento_bb;empreendimento;codigo_do_ibge;endereco_do_empreendimento;entrega_do_empreendimento,,
bb_2014_06_junho_entrada_bb_20140701,entrada bb,,bb,2010-05-04,2013-06-04,dump,codigo_empreendimento_bb;empreendimento;codigo_do_ibge;endereco_do_empreendimento;entrega_do_empreendimento,,
bb_2014_07_julho_entrada_bb_20140731,entrada bb,,bb,2010-05-04,2013-06-04,dump,codigo_empreendimento_bb;empreendimento;codigo_do_ibge;endereco_do_empreendimento;entrega_do_empreendimento,,
bb_2014_08_agosto_entrada_bb_20140818_antigo,entrada bb antigo,,bb,2010-05-04,2013-06-04,dump,codigo_empreendimento_bb;empreendimento;codigo_do_ibge;endereco_do_empreendimento;entrega_do_empreendimento,,
bb_2014_08_agosto_entrada_bb_20140829_antigo,entrada bb antigo,,bb,2010-05-04,2013-06-04,dump,codigo_empreendimento_bb;empreendimento;codigo_do_ibge;endereco_do_empreendimento;entrega_do_empreendimento,,
bb_2014_09_setembro_entrada_bb_20140930,entrada bb,,bb,2010-05-04,2013-06-04,dump,codigo_empreendimento_bb;empreendimento;codigo_do_ibge;endereco_do_empreendimento;entrega_do_empreendimento,,
bb_2014_10_outubro_2014_10_30_min_cidades_pf_pf,min cidades pf pf,PF,bb,2012-11-14,2014-10-30,dump,cod_contrato;cod_municipio,,
bb_2014_10_outubro_2014_10_30_min_cidades_pj,min cidades pj,PJ,bb,2012-06-29,2016-03-26,dump,cod_empreendimento;cod_municipio;dsc_empreendimento;cod_cnpj_proponente,,
bb_2014_10_outubro_2014_10_30_min_cidades_pj_pf,min cidades pj pf,"PF, PJ",bb,2012-08-27,2014-10-30,dump,nr_prpt;cod_contrato;cod_municipio,,
bb_2014_10_outubro_2014_10_30_pnhr_30102014,pnhr,PNHR,bb,2012-08-29,2014-07-22,dump,nr_prpt;cod_eprd;nr_cnpj,,
bb_2014_11_novembro_3011_min_cidades_pf_pf,3011 min cidades pf pf,PF,bb,2012-11-14,2014-11-30,dump,cod_contrato;cod_municipio,,
bb_2014_11_novembro_3011_min_cidades_pj,3011 min cidades pj,PJ,bb,2012-06-29,2016-06-03,dump,cod_empreendimento;cod_municipio;dsc_empreendimento;cod_cnpj_proponente,,
bb_2014_11_novembro_3011_min_cidades_pj_pf,3011 min cidades pj pf,"PF, PJ",bb,2012-08-27,2014-11-30,dump,nr_prpt;cod_contrato;cod_municipio,,
bb_2014_11_novembro_3011_pnhr_30112014,3011 pnhr,PNHR,bb,2012-08-29,2014-07-22,dump,nr_prpt;cod_eprd;nr_cnpj,,
bb_2014_12_dezembro_min_cidades_pf_pf,min cidades pf pf,PF,bb,2012-11-14,2014-12-31,dump,cod_contrato;cod_municipio,,
bb_2014_12_dezembro_min_cidades_pj,min cidades pj,PJ,bb,2012-04-12,2016-07-22,dump,cod_empreendimento;cod_municipio;dsc_empreendimento;cod_cnpj_proponente,,
bb_2014_12_dezembro_min_cidades_pj_pf,min cidades pj pf,"PF, PJ",bb,2012-08-27,2014-12-31,dump,nr_prpt;cod_contrato;cod_municipio,,
bb_2014_12_dezembro_pnhr_15122014,pnhr,PNHR,bb,2012-08-29,2014-07-22,dump,nr_prpt;cod_eprd;nr_cnpj,,
bb_2014_12_dezembro_pnhr_20141231,pnhr,PNHR,bb,2012-08-29,2014-07-22,dump,nr_prpt;cod_eprd;nr_cnpj,,
bb_2015_01_janeiro_2015_01_15_min_cidades_pf_pf,min cidades pf pf,PF,bb,2012-11-14,2015-01-15,dump,cod_contrato;cod_municipio,,
bb_2015_01_janeiro_2015_01_15_min_cidades_pj,min cidades pj,PJ,bb,2012-04-12,2016-07-22,dump,cod_empreendimento;cod_municipio;dsc_empreendimento;cod_cnpj_proponente,,
bb_2015_01_janeiro_2015_01_15_min_cidades_pj_pf,min cidades pj pf,"PF, PJ",bb,2012-08-27,2015-01-15,dump,nr_prpt;cod_contrato;cod_municipio,,
bb_2015_01_janeiro_2015_01_15_pnhr_15012015,pnhr,PNHR,bb,2012-08-29,2014-07-22,dump,nr_prpt;cod_eprd;nr_cnpj,,
bb_2015_01_janeiro_2015_01_31_min_cidades_pf_pf,min cidades pf pf,PF,bb,2012-11-14,2015-01-31,dump,cod_contrato;cod_municipio,,
bb_2015_01_janeiro_2015_01_31_min_cidades_pj,min cidades pj,PJ,bb,2012-04-12,2016-07-22,dump,cod_empreendimento;cod_municipio;dsc_empreendimento;cod_cnpj_proponente,,
bb_2015_01_janeiro_2015_01_31_min_cidades_pj_pf,min cidades pj pf,"PF, PJ",bb,2012-08-27,2015-01-31,dump,nr_prpt;cod_contrato;cod_municipio,,
bb_2015_02_fevereiro_min_cidades_pf_pf,min cidades pf pf,PF,bb,2012-11-14,2015-02-28,dump,cod_contrato;cod_municipio,,
bb_2015_02_fevereiro_min_cidades_pj,min cidades pj,PJ,bb,2012-04-12,2016-07-22,dump,cod_empreendimento;cod_municipio;dsc_empreendimento;cod_cnpj_proponente,,
bb_2015_02_fevereiro_min_cidades_pj_2015_02,min cidades pj,PJ,bb,2012-04-12,2016-07-22,dump,cod_empreendimento;cod_municipio;dsc_empreendimento;cod_cnpj_proponente,,
bb_2015_02_fevereiro_min_cidades_pj_pf,min cidades pj pf,"PF, PJ",bb,2012-08-27,2015-02-28,dump,nr_prpt;cod_contrato;cod_municipio,,
bb_2015_02_fevereiro_pnhr_28022015,pnhr,PNHR,bb,2012-08-29,2014-07-22,dump,nr_prpt;cod_eprd;nr_cnpj,,
bb_2015_03_marco_min_cidades_pf_pf,min cidades pf pf,PF,bb,2012-11-14,2015-03-15,dump,cod_contrato;cod_municipio,,
bb_2015_03_marco_min_cidades_pj,min cidades pj,PJ,bb,2012-04-12,2016-07-22,dump,cod_empreendimento;cod_municipio;dsc_empreendimento;cod_cnpj_proponente,,
bb_2015_03_marco_min_cidades_pj_2015_03,min cidades pj,PJ,bb,2012-04-12,2016-07-22,dump,cod_empreendimento;cod_municipio;dsc_empreendimento;cod_cnpj_proponente,,
bb_2015_03_marco_min_cidades_pj_pf,min cidades pj pf,"PF, PJ",bb,2012-08-27,2015-03-15,dump,nr_prpt;cod_contrato;cod_municipio,,
bb_2015_03_marco_pnhr_15032015,pnhr,PNHR,bb,2012-08-29,2014-07-22,dump,nr_prpt;cod_eprd;nr_cnpj,,
bb_2015_03_marco_pnhr_31032015,pnhr,,bb,,,dump,nr_prpt;cod_eprd;nr_cnpj,,
bb_2015_04_abril_min_cidades_pf_pf,min cidades pf pf,PF,bb,2012-11-14,2015-04-30,dump,cod_contrato;cod_municipio,,
bb_2015_04_abril_min_cidades_pj,min cidades pj,PJ,bb,2012-04-12,2016-07-22,dump,cod_empreendimento;cod_municipio;dsc_empreendimento;cod_cnpj_proponente,,
bb_2015_04_abril_min_cidades_pj_pf,min cidades pj pf,"PF, PJ",bb,2012-08-27,2015-04-30,dump,nr_prpt;cod_contrato;cod_municipio,,
bb_2015_04_abril_pnhr_30042015,pnhr,PNHR,bb,2012-08-29,2014-07-22,dump,nr_prpt;cod_eprd;nr_cnpj,,
bb_2015_05_maio_2015_05_31_min_cidades_pf_pf,min cidades pf pf,PF,bb,2012-11-14,2015-05-31,dump,cod_contrato;cod_municipio,,
bb_2015_05_maio_2015_05_31_min_cidades_pj,min cidades pj,PJ,bb,2012-04-12,2016-07-22,dump,cod_empreendimento;cod_municipio;dsc_empreendimento;cod_cnpj_proponente,,
bb_2015_05_maio_2015_05_31_min_cidades_pj_pf,min cidades pj pf,"PF, PJ",bb,2012-08-27,2015-05-31,dump,nr_prpt;cod_contrato;cod_municipio,,
bb_2015_06_junho_min_cidades_pf_pf,min cidades pf pf,PF,bb,2012-11-14,2015-06-30,dump,cod_contrato;cod_municipio,,
bb_2015_06_junho_min_cidades_pj,min cidades pj,PJ,bb,2012-04-12,2016-07-22,dump,cod_empreendimento;cod_municipio;dsc_empreendimento;cod_cnpj_proponente,,
bb_2015_06_junho_min_cidades_pj_pf,min cidades pj pf,"PF, PJ",bb,2012-08-27,2015-06-30,dump,nr_prpt;cod_contrato;cod_municipio,,
bb_2015_08_agosto_loginfesta,loginfesta,,bb,,,dump,,,
bb_2015_08_agosto_min_cidades_pf_pf,min cidades pf pf,PF,bb,2012-11-14,2015-08-31,dump,cod_contrato;cod_municipio,,
bb_2015_08_agosto_min_cidades_pj,min cidades pj,PJ,bb,2012-04-12,2016-07-22,dump,cod_empreendimento;cod_municipio;dsc_empreendimento;cod_cnpj_proponente,,
bb_2015_08_agosto_min_cidades_pj_pf,min cidades pj pf,"PF, PJ",bb,2012-08-27,2015-08-31,dump,nr_prpt;cod_contrato;cod_municipio,,
bb_2015_08_agosto_min_cidades_pj_sem_aspas,min cidades pj sem aspas,PJ,bb,2012-04-12,2016-07-22,dump,cod_empreendimento;cod_municipio;dsc_empreendimento;cod_cnpj_proponente,,
bb_2015_09_setembro_min_cidades_pf_pf,min cidades pf pf,PF,bb,2012-11-14,2015-09-30,dump,cod_contrato;cod_municipio,,
bb_2015_09_setembro_min_cidades_pj,min cidades pj,PJ,bb,2012-04-12,2016-07-23,dump,cod_empreendimento;cod_municipio;dsc_empreendimento;cod_cnpj_proponente,,
bb_2015_09_setembro_min_cidades_pj_pf,min cidades pj pf,"PF, PJ",bb,2012-08-27,2015-09-30,dump,nr_prpt;cod_contrato;cod_municipio,,
bb_2015_09_setembro_pnhr_30092015,pnhr,PNHR,bb,2012-09-27,2014-05-20,dump,nr_prpt;cod_eprd;nr_cnpj;cod_mun_ibge,,
bb_2015_10_outubro_min_cidades_pf_pf,min cidades pf pf,PF,bb,2012-11-14,2015-10-31,dump,cod_contrato;cod_municipio,,
bb_2015_10_outubro_min_cidades_pj,min cidades pj,PJ,bb,2012-04-12,2016-07-23,dump,cod_empreendimento;cod_municipio;dsc_empreendimento;cod_cnpj_proponente,,
bb_2015_10_outubro_min_cidades_pj_pf,min cidades pj pf,"PF, PJ",bb,2012-08-27,2015-10-31,dump,nr_prpt;cod_contrato;cod_municipio,,
bb_2015_10_outubro_pnhr_31102015,pnhr,PNHR,bb,2012-08-29,2014-07-22,dump,nr_prpt;cod_eprd;nr_cnpj;cod_mun_ibge,,
bb_2015_12_dezembro_min_cidades_pf_pf,min cidades pf pf,PF,bb,2012-11-14,2015-12-31,dump,cod_contrato;cod_municipio,,
bb_2015_12_dezembro_min_cidades_pj,min cidades pj,PJ,bb,2012-04-10,2017-07-14,dump,cod_empreendimento;dsc_empreendimento;cod_municipio;cod_cnpj_proponente,,
bb_2015_12_dezembro_min_cidades_pj_pf,min cidades pj pf,"PF, PJ",bb,2012-08-27,2015-12-31,dump,nr_prpt;cod_contrato;cod_municipio,,
bb_2015_12_dezembro_pnhr_31122015,pnhr,PNHR,bb,2012-08-29,2014-07-22,dump,nr_prpt;cod_eprd;nr_cnpj;cod_mun_ibge,,
bb_2016_01_janeiro_2016_01_31_min_cidades_pf_pf,min cidades pf pf,PF,bb,2012-11-14,2016-01-31,dump,cod_contrato;cod_municipio,,
bb_2016_01_janeiro_2016_01_31_min_cidades_pj,min cidades pj,PJ,bb,2012-04-12,2017-07-14,dump,cod_empreendimento;cod_municipio;dsc_empreendimento;cod_cnpj_proponente,,
bb_2016_01_janeiro_2016_01_31_min_cidades_pj_pf,min cidades pj pf,"PF, PJ",bb,2012-08-27,2016-01-31,dump,nr_prpt;cod_contrato;cod_municipio,,
bb_2016_01_janeiro_pnhr_31012016,pnhr,PNHR,bb,2012-08-29,2014-07-22,dump,nr_prpt;cod_eprd;nr_cnpj;cod_mun_ibge,,
bb_2016_02_fevereiro_2016_02_29_min_cidades_pf_pf,min cidades pf pf,PF,bb,2012-11-14,2016-02-29,dump,cod_contrato;cod_municipio,,
bb_2016_02_fevereiro_2016_02_29_min_cidades_pj,min cidades pj,PJ,bb,2012-04-12,2017-07-14,dump,cod_empreendimento;cod_municipio;dsc_empreendimento;cod_cnpj_proponente,,
bb_2016_02_fevereiro_2016_02_29_min_cidades_pj_pf,min cidades pj pf,"PF, PJ",bb,2012-08-27,2016-02-29,dump,nr_prpt;cod_contrato;cod_municipio,,
bb_2016_02_fevereiro_pnhr_29022016,pnhr,PNHR,bb,2012-08-29,2014-07-22,dump,nr_prpt;cod_eprd;nr_cnpj;cod_mun_ibge,,
bb_2016_04_abril_min_cidades_pf_pf,min cidades pf pf,PF,bb,2012-11-14,2016-05-30,dump,cod_contrato;cod_municipio,,
bb_2016_04_abril_min_cidades_pj,min cidades pj,PJ,bb,2012-04-12,2017-07-14,dump,cod_empreendimento;cod_municipio;dsc_empreendimento;cod_cnpj_proponente,,
bb_2016_04_abril_min_cidades_pj_pf,min cidades pj pf,"PF, PJ",bb,2012-08-27,2016-05-30,dump,nr_prpt;cod_contrato;cod_municipio,,
bb_2016_04_abril_pnhr_30042016,pnhr,PNHR,bb,2012-08-29,2014-07-22,dump,nr_prpt;cod_eprd;nr_cnpj;cod_mun_ibge,,
bb_2016_05_maio_2016_05_31_min_cidades_pf_pf,min cidades pf pf,PF,bb,2012-11-14,2016-04-29,dump,cod_contrato;cod_municipio,,
bb_2016_05_maio_2016_05_31_min_cidades_pj,min cidades pj,PJ,bb,2012-04-12,2017-07-14,dump,cod_empreendimento;cod_municipio;dsc_empreendimento;cod_cnpj_proponente,,
bb_2016_05_maio_2016_05_31_min_cidades_pj_pf,min cidades pj pf,"PF, PJ",bb,2012-08-27,2014-09-26,dump,nr_prpt;cod_contrato;cod_municipio,,
bb_2016_05_maio_pnhr_31052016,pnhr,PNHR,bb,2012-08-29,2014-07-22,dump,nr_prpt;cod_eprd;nr_cnpj;cod_mun_ibge,,
bb_2016_06_junho_2016_06_30_min_cidades_pf_pf,min cidades pf pf,PF,bb,2012-11-14,2016-07-30,dump,cod_contrato;cod_municipio,,
bb_2016_06_junho_2016_06_30_min_cidades_pj,min cidades pj,PJ,bb,2012-04-12,2018-01-09,dump,cod_empreendimento;cod_municipio;dsc_empreendimento;cod_cnpj_proponente,,
bb_2016_06_junho_2016_06_30_min_cidades_pj_pf,min cidades pj pf,"PF, PJ",bb,2012-08-27,2016-07-30,dump,nr_prpt;cod_contrato;cod_municipio,,
bb_2016_06_junho_pnhr_30062016,pnhr,PNHR,bb,2012-08-29,2014-07-22,dump,nr_prpt;cod_eprd;nr_cnpj;cod_mun_ibge,,
bb_2016_07_julho_2016_07_31_min_cidades_pj,min cidades pj,PJ,bb,2012-04-12,2018-01-09,dump,cod_empreendimento;cod_municipio;dsc_empreendimento;cod_cnpj_proponente,,
bb_2016_07_julho_min_cidades_pf_pf,min cidades pf pf,PF,bb,2012-11-14,2016-08-31,dump,cod_contrato;cod_municipio,,
bb_2016_07_julho_min_cidades_pj_pf,min cidades pj pf,"PF, PJ",bb,2012-08-27,2016-08-31,dump,nr_prpt;cod_contrato;cod_municipio,,
bb_2016_07_julho_pnhr_31072016,pnhr,PNHR,bb,2012-08-29,2014-07-22,dump,nr_prpt;cod_eprd;nr_cnpj;cod_mun_ibge,,
bb_2018_2018_04_06_pf_pf,06 pf pf,PF,bb,2012-11-14,2018-04-30,dump,cod_contrato;cod_municipio,,
bb_2018_2018_04_06_pj,06 pj,PJ,bb,2012-04-12,2019-05-27,dump,cod_empreendimento;cod_municipio;dsc_empreendimento;cod_cnpj_proponente,,
bb_2018_2018_04_06_pj_pf,06 pj pf,"PF, PJ",bb,2012-08-27,2018-04-30,dump,nr_prpt;cod_contrato;cod_municipio,,
bb_2018_2018_05_10_pf_pf,10 pf pf,PF,bb,2012-11-14,2018-05-10,dump,cod_contrato;cod_municipio,,
bb_2018_2018_05_10_pj,10 pj,PJ,bb,2012-04-12,2019-05-27,dump,cod_empreendimento;cod_municipio;dsc_empreendimento;cod_cnpj_proponente,,
bb_2018_2018_05_10_pj_pf,10 pj pf,"PF, PJ",bb,2012-08-27,2018-05-10,dump,nr_prpt;cod_contrato;cod_municipio,,
bb_2018_2018_06_10_pf_pf,10 pf pf,PF,bb,2012-11-14,2018-05-31,dump,cod_contrato;cod_municipio,,
bb_2018_2018_06_10_pj,10 pj,PJ,bb,2012-04-12,2019-05-27,dump,cod_empreendimento;cod_municipio;dsc_empreendimento;cod_cnpj_proponente,,
bb_2018_2018_06_10_pj_pf,10 pj pf,"PF, PJ",bb,2012-08-27,2018-05-31,dump,nr_prpt;cod_contrato;cod_municipio,,
bb_2018_2018_07_03_pf_pf,03 pf pf,PF,bb,2012-11-14,2018-06-30,dump,cod_contrato;cod_municipio,,
bb_2018_2018_07_03_pj,03 pj,PJ,bb,2012-04-12,2019-05-27,dump,cod_empreendimento;cod_municipio;dsc_empreendimento;cod_cnpj_proponente,,
bb_2018_2018_07_03_pj_pf,03 pj pf,"PF, PJ",bb,2012-08-27,2018-06-30,dump,nr_prpt;cod_contrato;cod_municipio,,
bb_2018_2018_07_03_pnhr_04072018,03 pnhr,PNHR,bb,2012-08-29,2014-07-22,dump,nr_prpt;cod_eprd;nr_cnpj;cod_mun_ibge,,
bb_2018_2018_08_06_pf_pf,06 pf pf,PF,bb,2012-11-14,2018-07-31,dump,cod_contrato;cod_municipio,,
bb_2018_2018_08_06_pj,06 pj,PJ,bb,2012-04-12,2019-05-27,dump,cod_empreendimento;cod_municipio;dsc_empreendimento;cod_cnpj_proponente,,
bb_2018_2018_08_06_pj_pf,06 pj pf,"PF, PJ",bb,2012-08-27,2018-07-31,dump,nr_prpt;cod_contrato;cod_municipio,,
bb_2018_2018_09_10_pf_pf,10 pf pf,PF,bb,2012-11-14,2018-08-30,dump,cod_contrato;cod_municipio,,
bb_2018_2018_09_10_pj,10 pj,PJ,bb,2012-04-12,2019-05-27,dump,cod_empreendimento;cod_municipio;dsc_empreendimento;cod_cnpj_proponente,,
bb_2018_2018_09_10_pj_pf,10 pj pf,"PF, PJ",bb,2012-08-27,2018-08-31,dump,nr_prpt;cod_contrato;cod_municipio,,
bb_2018_2018_10_01_pf_pf,01 pf pf,PF,bb,2012-11-14,2018-09-30,dump,cod_contrato;cod_municipio,,
bb_2018_2018_10_01_pj,01 pj,PJ,bb,2012-04-12,2020-04-15,dump,cod_empreendimento;cod_municipio;dsc_empreendimento;cod_cnpj_proponente,,
bb_2018_2018_10_01_pj_pf,01 pj pf,"PF, PJ",bb,2012-08-27,2018-09-30,dump,nr_prpt;cod_contrato;cod_municipio,,
bb_2018_2018_10_30_pf_pf,30 pf pf,PF,bb,2012-11-14,2018-10-17,dump,cod_contrato;cod_municipio,,
bb_2018_2018_10_30_pj,30 pj,PJ,bb,2012-04-12,2020-04-15,dump,cod_empreendimento;cod_municipio;dsc_empreendimento;cod_cnpj_proponente,,
bb_2018_2018_10_30_pj_pf,30 pj pf,"PF, PJ",bb,2012-08-27,2014-09-26,dump,nr_prpt;cod_contrato;cod_municipio,,
bb_2019_2019_03_07_pf_pf,07 pf pf,PF,bb,2012-11-14,2019-02-28,dump,cod_contrato;cod_municipio,,
bb_2019_2019_03_07_pj_pf,07 pj pf,"PF, PJ",bb,2011-06-03,2020-07-28,dump,cod_empreendimento;cod_municipio;dsc_empreendimento;cod_cnpj_proponente,,
bb_2019_2019_05_07_2019_05_07_pj,07 pj,PJ,bb,2012-04-12,2020-07-28,dump,codigo_1;codigo_2;nome_empreendimento,,
bb_2019_2019_05_07_pf_pf,07 pf pf,PF,bb,2012-11-14,2019-05-30,dump,codigo_1,,
bb_2019_2019_05_07_pj_pf,07 pj pf,"PF, PJ",bb,2012-08-27,2019-05-31,dump,codigo_1;codigo_2,,
caixa_001_2009_06_junho_2009_pmcmv_09_06_09___caixa,001 2009 pmcmv 06 caixa,FAR,,2009-06-01,,dump,,,
caixa_001_2009_06_junho_2009_pmcmv_19_06_2009___caixa,001 2009 pmcmv 06 2009 caixa,FAR,,2009-06-01,,dump,,,
caixa_001_2009_06_junho_2009_pmcmv_26_06_2009___caixa,001 2009 pmcmv 06 2009 caixa,FAR,,2009-06-01,,dump,,,
caixa_001_2009_07_julho_2009_pmcmv_02_07_09___caixa,001 2009 pmcmv 07 caixa,FAR,,2009-07-01,,dump,,,
caixa_001_2009_07_julho_2009_pmcmv_10_07_2009___casa_civil,001 2009 pmcmv 07 2009 casa civil,FAR,,2009-07-01,,dump,,,
caixa_001_2009_07_julho_2009_pmcmv_17_07_2009___caixa,001 2009 pmcmv 07 2009 caixa,FAR,,2009-07-01,,dump,,,
caixa_001_2009_07_julho_2009_pmcmv_24_07_2009___caixa,001 2009 pmcmv 07 2009 caixa,FAR,,2009-07-01,,dump,,,
caixa_001_2009_07_julho_2009_pmcmv_31_07_2009___caixa,001 2009 pmcmv 07 2009 caixa,FAR,,2009-07-01,,dump,,,
caixa_001_2009_08_agosto_2009_pmcmv_07_08_2009___caixa,001 2009 pmcmv 08 2009 caixa,FAR,,2009-08-01,,dump,,,
caixa_001_2009_08_agosto_2009_pmcmv_14_08_2009___caixa,001 2009 pmcmv 08 2009 caixa,FAR,,2009-08-01,,dump,,,
caixa_001_2009_08_agosto_2009_pmcmv_20_08_2009___caixa,001 2009 pmcmv 08 2009 caixa,FAR,,2009-08-01,,dump,,,
caixa_001_2009_08_agosto_2009_pmcmv_28_08_2009___caixa,001 2009 pmcmv 08 2009 caixa,FAR,,2009-08-01,,dump,,,
caixa_001_2009_09_setembro_2009_pmcmv_04_09_2009___caixa,001 2009 pmcmv 09 2009 caixa,FAR,,2009-09-01,,dump,,,
caixa_001_2009_09_setembro_2009_pmcmv_11_09_2009___caixa,001 2009 pmcmv 09 2009 caixa,FAR,,2009-09-01,,dump,,,
caixa_001_2009_09_setembro_2009_pmcmv_17_09_2009___caixa,001 2009 pmcmv 09 2009 caixa,FAR,,2009-09-01,,dump,,,
caixa_001_2009_09_setembro_2009_pmcmv_25_09_2009___caixa,001 2009 pmcmv 09 2009 caixa,FAR,,2009-09-01,,dump,,,
caixa_001_2009_10_outubro_2009_pmcmv_08_10_2009___caixa,001 2009 pmcmv 10 2009 caixa,FAR,caixa,,,dump,,,
caixa_001_2009_10_outubro_2009_pmcmv_09_10_2009___caixa,001 2009 pmcmv 10 2009 caixa,FAR,,2009-10-01,,dump,,,
caixa_001_2009_10_outubro_2009_pmcmv_16_10_2009___caixa,001 2009 pmcmv 10 2009 caixa,FAR,,2009-10-01,,dump,,,
caixa_001_2009_10_outubro_2009_pmcmv_23_10_2009___caixa,001 2009 pmcmv 10 2009 caixa,FAR,,2009-10-01,,dump,,,
caixa_001_2009_10_outubro_2009_pmcmv_30_10_2009___caixa,001 2009 pmcmv 10 2009 caixa,FAR,,2009-10-01,,dump,,,
caixa_001_2009_10_outubro_2009_pmcmv_gráfico,001 2009 pmcmv gráfico,FAR,,2009-10-01,,dump,,,
caixa_001_2009_11_novembro_2009_pmcmv_06_11_2009___caixa,001 2009 pmcmv 11 2009 caixa,FAR,,2009-11-01,,dump,,,
caixa_001_2009_11_novembro_2009_pmcmv_16_11_2009,001 2009 pmcmv 11 2009,FAR,,2009-11-01,,dump,,,
caixa_001_2009_11_novembro_2009_pmcmv_20_11_2009___caixa,001 2009 pmcmv 11 2009 caixa,FAR,,2009-11-01,,dump,,,
caixa_001_2009_11_novembro_2009_pmcmv_30_11_2009___caixa,001 2009 pmcmv 11 2009 caixa,FAR,,2009-11-01,,dump,,,
caixa_001_2009_12_dezembro_2009_pmcmv_07_12_2009,001 2009 pmcmv 12 2009,FAR,,2009-12-01,,dump,,,
caixa_001_2009_12_dezembro_2009_pmcmv_14_12_2009,001 2009 pmcmv 12 2009,FAR,,2009-12-01,,dump,,,
caixa_001_2009_12_dezembro_2009_pmcmv_18_12_2009,001 2009 pmcmv 12 2009,FAR,,2009-12-01,,dump,,,
caixa_001_2009_12_dezembro_2009_pmcmv_20091207cc_análise,001 2009 pmcmv cc análise,FAR,,2009-12-01,,dump,,,
caixa_001_2009_12_dezembro_2009_pmcmv_24_12_2009_parte1,001 2009 pmcmv 12 2009 parte1,FAR,,2009-12-01,,dump,,,
caixa_001_2009_12_dezembro_2009_pmcmv_24_12_2009_parte2,001 2009 pmcmv 12 2009 parte2,"CCFGTS, FAR, FGTS, Rural",caixa,,,dump,nome_empreendimento;codigo_ibge,,
caixa_001_2009_12_dezembro_2009_pmcmv_31_12_2009,001 2009 pmcmv 12 2009,FAR,,2009-12-01,,dump,,,
caixa_001_2009_12_dezembro_2009_pmcmv_31_12_2009_2,001 2009 pmcmv 12 2009 2,FAR,,2009-12-01,,dump,,,
caixa_001_2009_pmcmv_31_12_2009,001 2009 pmcmv 12 2009,FAR,,,,dump,,,
caixa_001_2010_01__janeiro_2010_pmcmv_26_01_2010,001 2010 pmcmv 01 2010,FAR,,2010-01-01,,dump,,,
caixa_001_2010_02___fevereiro_2010_pmcmv_05_02_2010___caixa,001 2010 pmcmv 02 2010 caixa,FAR,,2010-02-01,,dump,,,
caixa_001_2010_02___fevereiro_2010_pmcmv_12_02_2010___caixa,001 2010 pmcmv 02 2010 caixa,FAR,,2010-02-01,,dump,,,
caixa_001_2010_02___fevereiro_2010_pmcmv_19_02_10_caixa,001 2010 pmcmv 02 caixa,FAR,,2010-02-01,,dump,,,
caixa_001_2010_02___fevereiro_2010_pmcmv_20100219,001 2010 pmcmv,FAR,,2010-02-01,,dump,,,
caixa_001_2010_02___fevereiro_2010_pmcmv_20100226,001 2010 pmcmv,FAR,,2010-02-01,,dump,,,
caixa_001_2010_03___marco_2010_pmcmv_20100305,001 2010 pmcmv,FAR,,2010-03-01,,dump,,,
caixa_001_2010_03___marco_2010_pmcmv_20100312_cc,001 2010 pmcmv cc,FAR,,2010-03-01,,dump,,,
caixa_001_2010_03___marco_2010_pmcmv_20100319_cc,001 2010 pmcmv cc,FAR,,2010-03-01,,dump,,,
caixa_001_2010_04___abril_2010_pmcmv_15_04_2010,001 2010 pmcmv 04 2010,FAR,,2010-04-01,,dump,,,
caixa_001_2010_04___abril_2010_pmcmv_20100430,001 2010 pmcmv,FAR,,2010-04-01,,dump,,,
caixa_001_2010_04___abril_2010_pmcmv_23_04_2010,001 2010 pmcmv 04 2010,FAR,,2010-04-01,,dump,,,
caixa_001_2010_05___maio_2010_pmcmv_20100507,001 2010 pmcmv,FAR,,2010-05-01,,dump,,,
caixa_001_2010_05___maio_2010_pmcmv_20100521,001 2010 pmcmv,FAR,,2010-05-01,,dump,,,
caixa_001_2010_05___maio_2010_pmcmv_20100527,001 2010 pmcmv,FAR,,2010-05-01,,dump,,,
caixa_001_2010_06___junho_2010_contratação30062010,001 2010 contratação,"CCFGTS, FAR, FDS, FGTS",caixa,,,dump,nome_empreendimento,,
caixa_001_2010_06___junho_2010_pmcmv30062010_1semde2010,001 2010 pmcmv 1semde2010,FAR,,2010-06-01,,dump,,,
caixa_001_2010_06___junho_2010_pmcmv_04062010,001 2010 pmcmv,FAR,,2010-06-01,,dump,,,
caixa_001_2010_06___junho_2010_pmcmv_11062010,001 2010 pmcmv,FAR,,2010-06-01,,dump,,,
caixa_001_2010_07___julho_2010_pmcmv23072010,001 2010 pmcmv,FAR,,2010-07-01,,dump,,,
caixa_001_2010_07___julho_2010_pmcmv30062010_1semde2010,001 2010 pmcmv 1semde2010,FAR,,2010-07-01,,dump,,,
caixa_001_2010_07___julho_2010_pmcmv30072010,001 2010 pmcmv,FAR,,2010-07-01,,dump,,,
caixa_001_2010_07___julho_2010_pmcmv_16_07_2010,001 2010 pmcmv 07 2010,FAR,,2010-07-01,,dump,,,
caixa_001_2010_07___julho_2010_pmcmv_30_07_2010,001 2010 pmcmv 07 2010,FAR,,2010-07-01,,dump,,,
caixa_001_2010_08___agosto_2010_municípios_contratados_1308,001 2010 municípios contratados 1308,FAR,caixa,,,dump,,,
caixa_001_2010_08___agosto_2010_pmcmv06082010,001 2010 pmcmv,FAR,,2010-08-01,,dump,,,
caixa_001_2010_08___agosto_2010_pmcmv13082010,001 2010 pmcmv,FAR,,2010-08-01,,dump,,,
caixa_001_2010_08___agosto_2010_pmcmv20082010,001 2010 pmcmv,FAR,,2010-08-01,,dump,,,
caixa_001_2010_08___agosto_2010_pmcmv30082010,001 2010 pmcmv,FAR,,2010-08-01,,dump,,,
caixa_001_2010_08___agosto_2010_pmcmv_06_08_2010,001 2010 pmcmv 08 2010,FAR,,2010-08-01,,dump,,,
caixa_001_2010_08___agosto_2010_pmcmv_13_08_2010,001 2010 pmcmv 08 2010,FAR,,2010-08-01,,dump,,,
caixa_001_2010_09___setembro_2010_pmcmv06092010,001 2010 pmcmv,FAR,,2010-09-01,,dump,,,
caixa_001_2010_09___setembro_2010_pmcmv06092010_desligados,001 2010 pmcmv desligados,"CCFGTS, FAR, FDS, FGTS",caixa,,,dump,nomeempreendimento,,
caixa_001_2010_09___setembro_2010_pmcmv10092010,001 2010 pmcmv,FAR,,2010-09-01,,dump,,,
caixa_001_2010_09___setembro_2010_pmcmv21092010,001 2010 pmcmv,FAR,,2010-09-01,,dump,,,
caixa_001_2010_09___setembro_2010_pmcmv24092010,001 2010 pmcmv,FAR,,2010-09-01,,dump,,,
caixa_001_2010_10___outubro_2010_pmcmv15102010v1,001 2010 pmcmvv1,FAR,,2010-10-01,,dump,,,
caixa_001_2010_10___outubro_2010_pmcmv25102010,001 2010 pmcmv,FAR,,2010-10-01,,dump,,,
caixa_001_2010_11___novembro_2010_pmcmv_19112010,001 2010 pmcmv,FAR,,2010-11-01,,dump,,,
caixa_001_2010_11___novembro_2010_pmcmv_26112010,001 2010 pmcmv,FAR,,2010-11-01,,dump,,,
caixa_001_2010_11___novembro_2010_pmcmv_automatizado03112010,001 2010 pmcmv automatizado,FAR,,2010-11-01,,dump,,,
caixa_001_2010_12___dezembro_2010_balanco_pmcmv_15122010,001 2010 balanco pmcmv,FAR,,2010-12-01,,dump,,,
caixa_001_2010_12___dezembro_2010_balanco_pmcmv_15_12_2010,001 2010 balanco pmcmv 12 2010,FAR,,2010-12-01,,dump,,,
caixa_001_2010_12___dezembro_2010_balanco_pmcmv_20122010,001 2010 balanco pmcmv,FAR,,2010-12-01,,dump,,,
caixa_001_2010_12___dezembro_2010_balanco_pmcmv_20_12_2010,001 2010 balanco pmcmv 12 2010,FAR,,2010-12-01,,dump,,,
caixa_001_2010_12___dezembro_2010_pmcmv_pj_07_12_2010,001 2010 pmcmv pj 12 2010,"FAR, PJ",,2010-12-01,,dump,,,
caixa_001_2011_03_março_pmcmv_14032011,001 pmcmv,FAR,,2011-03-01,,dump,,,
caixa_001_2011_04_abril_pmcmv_14042011,001 pmcmv,FAR,,2011-04-01,,dump,,,
caixa_001_2011_05_maio__pmcmv_presidencia_2,001 pmcmv presidencia 2,FAR,,2011-05-01,,dump,,,
caixa_001_2011_05_maio_pmcmv_20110531,001 pmcmv,FAR,,2011-05-01,,dump,,,
caixa_001_2011_05_maio_pmcmv_2_20110531,001 pmcmv,FAR,,2011-05-01,,dump,,,
caixa_001_2011_05_maio_pmcmv_acumulado,001 pmcmv acumulado,FAR,,2011-05-01,,dump,,,
caixa_001_2011_05_maio_presidencia,001 presidencia,FAR,,2011-05-01,,dump,,,
caixa_001_2011_05_maio_presidencia1__16_05_2011,001 presidencia1 05 2011,FAR,,2011-05-01,,dump,,,
caixa_001_2011_06_junho_pmcmv_20110624,001 pmcmv,FAR,,2011-06-01,,dump,,,
caixa_001_2011_06_junho_pmcmv_automatizado_continua_24062011,001 pmcmv automatizado continua,FAR,,2011-06-01,,dump,,,
caixa_001_2011_06_junho_presidencia,001 presidencia,FAR,caixa,,,dump,,,
caixa_001_2011_07_julho_pmcmv_20110722,001 pmcmv,FAR,,2011-07-01,,dump,,,
caixa_001_2011_07_julho_pmcmv_automatizado_continua_04072011,001 pmcmv automatizado continua,FAR,,2011-07-01,,dump,,,
caixa_001_2011_07_julho_pmcmv_automatizado_continua_15072011,001 pmcmv automatizado continua,FAR,,2011-07-01,,dump,,,
caixa_001_2011_07_julho_pmcmv_automatizado_continua_22072011,001 pmcmv automatizado continua 21,FAR,,2011-07-01,,dump,,,
caixa_001_2011_07_julho_pmcmv_automatizado_novo_01082011,001 pmcmv automatizado novo,FAR,,2011-07-01,,dump,,,
caixa_001_2011_07_julho_pmcmv_automatizado_novo_28072011,001 pmcmv automatizado novo,FAR,,2011-07-01,,dump,,,
caixa_001_2011_07_julho_presidencia_automatizado_01082011,001 presidencia automatizado,FAR,caixa,,,dump,,,
caixa_001_2011_07_julho_presidencia_automatizado_28072011,001 presidencia automatizado,FAR,,2011-07-01,,dump,,,
caixa_001_2011_08_agosto_demanda_mc_far_pmcmv,001 demanda mc far pmcmv,FAR,caixa,2010-12-23,2013-05-15,dump,ibge_codigo;codapf,,
caixa_001_2011_08_agosto_pmcmv_20110826,001 pmcmv,FAR,,2011-08-01,,dump,,,
caixa_001_2011_08_agosto_pmcmv_acumulado_09_08_2011,001 pmcmv acumulado 08 2011,FAR,,2011-08-01,,dump,,,
caixa_001_2011_08_agosto_pmcmv_automatizado_continua_09082011,001 pmcmv automatizado continua,FAR,,2011-08-01,,dump,,,
caixa_001_2011_08_agosto_pmcmv_automatizado_novo_01082011,001 pmcmv automatizado novo,FAR,,2011-08-01,,dump,,,
caixa_001_2011_08_agosto_pmcmv_automatizado_novo_09082011,001 pmcmv automatizado novo,FAR,,2011-08-01,,dump,,,
caixa_001_2011_08_agosto_pmcmv_automatizado_novo_15082011,001 pmcmv automatizado novo,FAR,,2011-08-01,,dump,,,
caixa_001_2011_08_agosto_pmcmv_automatizado_novo_19082011,001 pmcmv automatizado novo,FAR,,2011-08-01,,dump,,,
caixa_001_2011_08_agosto_pmcmv_automatizado_novo_26082011,001 pmcmv automatizado novo,FAR,,2011-08-01,,dump,,,
caixa_001_2011_08_agosto_pmcmv_ii_09_08_2011,001 pmcmv ii 08 2011,FAR,,2011-08-01,,dump,,,
caixa_001_2011_08_agosto_pmcmv_ii_15_08_2011,001 pmcmv ii 08 2011,FAR,,2011-08-01,,dump,,,
caixa_001_2011_08_agosto_pmcmv_ii_19_08_2011,001 pmcmv ii 08 2011,FAR,,2011-08-01,,dump,,,
caixa_001_2011_08_agosto_pmcmv_ii_26_08_2011,001 pmcmv ii 08 2011,FAR,,2011-08-01,,dump,,,
caixa_001_2011_08_agosto_presidencia_automatizado_01082011,001 presidencia automatizado,FAR,,2011-08-01,,dump,,,
caixa_001_2011_08_agosto_presidencia_automatizado_mcmvii_082011,001 presidencia automatizado mcmvii,FAR,caixa,,,dump,,,
caixa_001_2011_09_setembro_pmcmv_automatizado_novo_29092011,001 pmcmv automatizado novo,FAR,,2011-09-01,,dump,,,
caixa_001_2011_09_setembro_pmcmv_ii_09092011,001 pmcmv ii,FAR,,2011-09-01,,dump,,,
caixa_001_2011_09_setembro_pmcmv_ii_16092011,001 pmcmv ii,FAR,,2011-09-01,,dump,,,
caixa_001_2011_09_setembro_pmcmv_ii_23092011,001 pmcmv ii,FAR,,2011-09-01,,dump,,,
caixa_001_2011_09_setembro_pmcmv_ii_29092011,001 pmcmv ii,FAR,,2011-09-01,,dump,,,
caixa_001_2011_10_outubro_pmcmv_20111025,001 pmcmv,FAR,,2011-10-01,,dump,,,
caixa_001_2011_10_outubro_pmcmv_automatizado_novo_13102011,001 pmcmv automatizado novo,FAR,,2011-10-01,,dump,,,
caixa_001_2011_10_outubro_pmcmv_automatizado_novo_20102011,001 pmcmv automatizado novo,FAR,,2011-10-01,,dump,,,
caixa_001_2011_11_novembro_relat_rio_executivo_mcid_21_11_11,001 relat rio executivo mcid 11 11,"CCFGTS, FAR, FGTS, Rural",caixa,,,dump,,,
caixa_001_2011_11_novembro_relatório_executivo_mcid_21_11_11,001 relatório executivo mcid 11 11,FAR,,2011-11-01,,dump,,,
caixa_001_2012_01_janeiro_pmcmv_relatorio_executivo_23012012,001 pmcmv relatorio executivo,FAR,,2012-01-01,,dump,,,
caixa_001_2012_01_janeiro_pmcmv_relatorio_executivo_27012012,001 pmcmv relatorio executivo,FAR,,2012-01-01,,dump,,,
caixa_001_2012_01_janeiro_pmcmv_relatorio_executivo_31012012,001 pmcmv relatorio executivo,FAR,,2012-01-01,,dump,,,
caixa_001_2012_03_marco_pmcmv_relatorio_executivo_09_03_2012,001 pmcmv relatorio executivo 03 2012,FAR,,2012-03-01,,dump,,,
caixa_001_2012_03_marco_pmcmv_relatorio_executivo_16_03_2012,001 pmcmv relatorio executivo 03 2012,FAR,,2012-03-01,,dump,,,
caixa_001_2012_03_marco_pmcmv_relatorio_executivo_27_03_2012,001 pmcmv relatorio executivo 03 2012,FAR,,2012-03-01,,dump,,,
caixa_001_2012_03_marco_pmcmv_relatorio_executivo_31_03_2012,001 pmcmv relatorio executivo 03 2012,FAR,,2012-03-01,,dump,,,
caixa_001_2012_04_abril_2012_04_18_5b1_base_empreend_contratado,001 5b1 base empreend contratado,"CCFGTS, FAR, FDS, FGTS, Rural",caixa,2009-12-08,2012-10-15,dump,idregistro;codapf;nomeempreendimento;codmunicibge;endereco_do_empreendimento,,
caixa_001_2012_04_abril_2012_04_18_5b_empreend_contratado,001 5b empreend contratado,"CCFGTS, FAR, FDS, FGTS, Rural",caixa,2011-01-01,2014-03-03,dump,codmunicibge;idregistro;codapf;nomeempreendimento;endereco_do_empreendimento,,
caixa_001_2012_04_abril_2012_04_18_5c1__base_contrata__o_pf,001 5c1 base contrata o pf,"FAR, PF",caixa,,,dump,,,
caixa_001_2012_04_abril_2012_04_18_5c_base_contrata__o_pf,001 5c base contrata o pf,"FAR, PF",,2012-04-01,,dump,,,
caixa_001_2012_04_abril_2012_04_18_rural_18042012,001 rural,"FAR, Rural",caixa,,,dump,codapf,,
caixa_001_2012_04_abril_2012_04_30_ajustada_caixa_5d_base_bext,001 ajustada caixa 5d base bext,FAR,caixa,,,dump,,,
caixa_001_2012_04_abril_5b1_base_empreend_contratado,001 5b1 base empreend contratado,FAR,,2012-04-01,,dump,idregistro;codapf;nomeempreendimento;codmunicibge;endereco_do_empreendimento,,
caixa_001_2012_04_abril_pmcmv_relatorio_executivo_18_04_2012,001 pmcmv relatorio executivo 04 2012,FAR,,2012-04-01,,dump,,,
caixa_001_2012_04_abril_pmcmv_relatorio_executivo_24_04_2012,001 pmcmv relatorio executivo 04 2012,FAR,,2012-04-01,,dump,,,
caixa_001_2012_04_abril_pmcmv_relatorio_executivo_30_04_2012,001 pmcmv relatorio executivo 04 2012,FAR,,2012-04-01,,dump,,,
caixa_001_2012_04_abril_validacao_1604_1804,001 validacao 1604 1804,FAR,caixa,,,dump,codmunicibge,,
caixa_001_2012_05_maio_5b1__base_empreend_contratado,001 5b1 base empreend contratado,"CCFGTS, FAR, FGTS",caixa,2008-07-16,2010-09-09,dump,idregistro;codapf;nomeempreendimento;codmunicibge;endereco_do_empreendimento,,
caixa_001_2012_05_maio_pmcmv_relatorio_executivo_07_05_2012,001 pmcmv relatorio executivo 05 2012,FAR,,2012-05-01,,dump,,,
caixa_001_2012_05_maio_pmcmv_relatorio_executivo_14_05_2012,001 pmcmv relatorio executivo 05 2012,FAR,,2012-05-01,,dump,,,
caixa_001_2012_05_maio_pmcmv_relatorio_executivo_28_05_2012,001 pmcmv relatorio executivo 05 2012,FAR,,2012-05-01,,dump,,,
caixa_001_2012_05_maio_pmcmv_relatorio_executivo_31_05_2012,001 pmcmv relatorio executivo 05 2012,FAR,,2012-05-01,,dump,,,
caixa_001_2012_06_junho_pmcmv_relatorio_executivo_30_06_2012,001 pmcmv relatorio executivo 06 2012,FAR,,2012-06-01,,dump,,,
caixa_001_2012_06_junho_pmcmv_relatorio_executivo_30_06_2012v2,001 pmcmv relatorio executivo 06 2012v2,FAR,,2012-06-01,,dump,,,
caixa_001_2012_07_julho_bases_relatório_executivo_24_07_12,001 bases relatório executivo 07 12,FAR,caixa,,,dump,,,
caixa_001_2012_07_julho_bases_relatório_executivo_31072012_v2,001 bases relatório executivo v2,"CCFGTS, FAR, FDS, FGTS, Rural",caixa,2009-04-17,2014-05-22,dump,codmunicibge;idregistro;codapf;nomeempreendimento;endereco_do_empreendimento,,
caixa_001_2012_07_julho_bases_relatório_executivo_31_07_12,001 bases relatório executivo 07 12,"CCFGTS, FAR, FDS, FGTS, Rural",caixa,2009-04-17,2014-06-21,dump,codmunicibge;idregistro;codapf;nomeempreendimento;endereco_do_empreendimento,,
caixa_001_2012_07_julho_pmcmv_relatorio_executivo_11_07_2012,001 pmcmv relatorio executivo 07 2012,FAR,,2012-07-01,,dump,,,
caixa_001_2012_07_julho_pmcmv_relatorio_executivo_11_07_2012_bd,001 pmcmv relatorio executivo 07 2012 bd,FAR,,2012-07-01,,dump,,,
caixa_001_2012_07_julho_pmcmv_relatorio_executivo_15_07_2012,001 pmcmv relatorio executivo 07 2012,FAR,,2012-07-01,,dump,,,
caixa_001_2012_07_julho_pmcmv_relatório_executivo_24_07_12,001 pmcmv relatório executivo 07 12,FAR,,2012-07-01,,dump,,,
caixa_001_2012_07_julho_pmcmv_relatório_executivo_31072012_v2,001 pmcmv relatório executivo v2,FAR,,2012-07-01,,dump,,,
caixa_001_2012_07_julho_pmcmv_relatório_executivo_31_07_12,001 pmcmv relatório executivo 07 12,FAR,,2012-07-01,,dump,,,
caixa_001_2012_08_agosto_base_pf_e_pj_06_08_12,001 base pf e pj 08 12,"CCFGTS, FAR, FDS, FGTS, PF, PJ, Rural",caixa,2009-04-17,2014-07-22,dump,codmunicibge;idregistro;codapf;nomeempreendimento;endereco_do_empreendimento,,
caixa_001_2012_08_agosto_base_pf_e_pj_14_08_12,001 base pf e pj 08 12,"CCFGTS, FAR, FDS, FGTS, PF, PJ, Rural",caixa,2009-04-17,2014-07-28,dump,codmunicibge;idregistro;codapf;nomeempreendimento;endereco_do_empreendimento,,
caixa_001_2012_08_agosto_base_pf_e_pj_20_08_12,001 base pf e pj 08 12,"CCFGTS, FAR, FDS, FGTS, PF, PJ, Rural",caixa,2009-04-17,2014-07-29,dump,codmunicibge;idregistro;codapf;nomeempreendimento;endereco_do_empreendimento,,
caixa_001_2012_08_agosto_base_pf_e_pj_24_08_12,001 base pf e pj 08 12,"CCFGTS, FAR, FDS, FGTS, PF, PJ, Rural",caixa,2009-04-17,2014-08-06,dump,codmunicibge;idregistro;codapf;nomeempreendimento;endereco_do_empreendimento,,
caixa_001_2012_08_agosto_bases_relatório_executivo_31_08_12,001 bases relatório executivo 08 12,"CCFGTS, FAR, FDS, FGTS, Rural",caixa,2009-04-17,2014-07-29,dump,codmunicibge;idregistro;codapf;nomeempreendimento;endereco_do_empreendimento,,
caixa_001_2012_08_agosto_pmcmv_relatório_executivo_06_08_12,001 pmcmv relatório executivo 08 12,FAR,,2012-08-01,,dump,,,
caixa_001_2012_08_agosto_pmcmv_relatório_executivo_14_08_12,001 pmcmv relatório executivo 08 12,FAR,,2012-08-01,,dump,,,
caixa_001_2012_08_agosto_pmcmv_relatório_executivo_20_08_12,001 pmcmv relatório executivo 08 12,FAR,,2012-08-01,,dump,,,
caixa_001_2012_08_agosto_pmcmv_relatório_executivo_24_08_12,001 pmcmv relatório executivo 08 12,FAR,,2012-08-01,,dump,,,
caixa_001_2012_08_agosto_pmcmv_relatório_executivo_31_08_12,001 pmcmv relatório executivo 08 12,FAR,,2012-08-01,,dump,,,
caixa_001_2012_09_setembro_bases_relatório_executivo_10_09_12,001 bases relatório executivo 09 12,"CCFGTS, FAR, FDS, FGTS, Rural",caixa,2009-04-17,2014-07-29,dump,codmunicibge;idregistro;codapf;nomeempreendimento;endereco_do_empreendimento,,
caixa_001_2012_09_setembro_bases_relatório_executivo_15_09_12,001 bases relatório executivo 09 12,"CCFGTS, FAR, FDS, FGTS, Rural",caixa,2009-04-17,2014-08-22,dump,codmunicibge;idregistro;codapf;nomeempreendimento;endereco_do_empreendimento,,
caixa_001_2012_09_setembro_bases_relatório_executivo_26092012,001 bases relatório executivo,"CCFGTS, FAR, FDS, FGTS, Rural",caixa,2009-04-17,2014-08-22,dump,codmunicibge;idregistro;codapf;nomeempreendimento;endereco_do_empreendimento,,
caixa_001_2012_09_setembro_bases_relatório_executivo_30092012,001 bases relatório executivo,"CCFGTS, FAR, FDS, FGTS, Rural",caixa,2009-04-17,2014-08-22,dump,codmunicibge;idregistro;codapf;nomeempreendimento;endereco_do_empreendimento,,
caixa_001_2012_09_setembro_pmcmv_relatório_executivo_10_09_12,001 pmcmv relatório executivo 09 12,FAR,,2012-09-01,,dump,,,
caixa_001_2012_09_setembro_pmcmv_relatório_executivo_26092012,001 pmcmv relatório executivo,FAR,,2012-09-01,,dump,,,
caixa_001_2012_09_setembro_pmcmv_relatório_executivo_30092012,001 pmcmv relatório executivo,FAR,,2012-09-01,,dump,,,
caixa_001_2012_09_setembro_rel_executivo_resumo_15092012,001 rel executivo resumo,FAR,,2012-09-01,,dump,,,
caixa_001_2012_09_setembro_rel_executivo_resumo_26092012,001 rel executivo resumo,FAR,,2012-09-01,,dump,,,
caixa_001_2012_10_outubro_bases_relatório_executivo_31102012,001 bases relatório executivo,"CCFGTS, FAR, FDS, FGTS, Rural",caixa,2009-04-17,2014-09-25,dump,codmunicibge;idregistro;codapf;nomeempreendimento;endereco_do_empreendimento,,
caixa_001_2012_10_outubro_pmcmv_relatório_executivo_31102012,001 pmcmv relatório executivo,FAR,,2012-10-01,,dump,,,
caixa_001_2012_10_outubro_rel_executivo_resumo_31102012,001 rel executivo resumo,FAR,,2012-10-01,,dump,,,
caixa_001_2012_11_novembro_bases_relat_rio_executivo_12112012,001 bases relat rio executivo,"CCFGTS, FAR, FDS, FGTS, Rural",caixa,2009-04-17,2014-09-25,dump,codmunicibge;idregistro;codapf;nomeempreendimento;endereco_do_empreendimento,,
caixa_001_2012_11_novembro_bases_relatório_executivo_28112012,001 bases relatório executivo,"CCFGTS, FAR, FDS, FGTS, Rural",caixa,2008-07-22,2014-11-05,dump,codmunicibge;idregistro;codapf;nomeempreendimento;endereco_do_empreendimento,,
caixa_001_2012_11_novembro_pmcmv_relat_rio_executivo_12112012,001 pmcmv relat rio executivo,FAR,,2012-11-01,,dump,,,
caixa_001_2012_11_novembro_pmcmv_relatório_executivo_28112012,001 pmcmv relatório executivo,FAR,,2012-11-01,,dump,,,
caixa_001_2012_12_dezembro_bases_relatório_executivo_21122012,001 bases relatório executivo,"CCFGTS, FAR, FDS, FGTS, Rural",caixa,2009-04-17,2014-11-27,dump,codmunicibge;idregistro;codapf;nomeempreendimento;endereco_do_empreendimento,,
caixa_001_2012_12_dezembro_bases_relatório_executivo_31122012,001 bases relatório executivo,"CCFGTS, FAR, FDS, FGTS, Rural",caixa,2009-04-28,2014-11-27,dump,codmunicibge;idregistro;codapf;nomeempreendimento;endereco_do_empreendimento,,
caixa_001_2012_12_dezembro_pmcmv_relatório_executivo_21122012,001 pmcmv relatório executivo,FAR,,2012-12-01,,dump,,,
caixa_001_2012_12_dezembro_pmcmv_relatório_executivo_31122012,001 pmcmv relatório executivo,FAR,,2012-12-01,,dump,,,
caixa_001_2012_12_dezembro_rel_executivo_resumo_21122012,001 rel executivo resumo,FAR,,2012-12-01,,dump,,,
caixa_001_2013_01___janeiro_bases_relatório_executivo_31012013,001 bases relatório executivo,"CCFGTS, FAR, FDS, FGTS, Rural",caixa,2009-04-17,2014-12-25,dump,codmunicibge;idregistro;codapf;nomeempreendimento;endereco_do_empreendimento,,
caixa_001_2013_01___janeiro_pmcmv_relatório_executivo_31012013,001 pmcmv relatório executivo,FAR,,2013-01-01,,dump,,,
caixa_001_2013_01___janeiro_rel_executivo_resumo_31012013,001 rel executivo resumo,FAR,,2013-01-01,,dump,,,
caixa_001_2013_02___fevereiro_propostas_base_far,001 propostas base far,FAR,caixa,,,dump,,,
caixa_001_2013_02___fevereiro_rel_executivo_resumo_15022013,001 rel executivo resumo,FAR,,2013-02-01,,dump,,,
caixa_001_2013_02___fevereiro_rel_executivo_resumo_15022013_v2,001 rel executivo resumo v2,FAR,,2013-02-01,,dump,,,
caixa_001_2013_02___fevereiro_rel_executivo_resumo_28022013,001 rel executivo resumo,FAR,,2013-02-01,,dump,,,
caixa_001_2013_03___março_bases_relat_rio_executivo_28032013,001 bases relat rio executivo,"CCFGTS, FAR, FDS, FGTS, Rural",caixa,2009-04-17,2015-02-12,dump,codmunicibge;idregistro;codapf;nomeempreendimento;endereco_do_empreendimento,,
caixa_001_2013_03___março_bases_relatório_executivo_15032013,001 bases relatório executivo,"CCFGTS, FAR, FDS, FGTS, Rural",caixa,2009-04-17,2015-02-19,dump,codmunicibge;idregistro;codapf;nomeempreendimento;endereco_do_empreendimento,,
caixa_001_2013_03___março_bases_relatório_executivo_28032013,001 bases relatório executivo,FAR,,2013-03-01,,dump,codmunicibge;idregistro;codapf;nomeempreendimento;endereco_do_empreendimento,,
caixa_001_2013_03___março_pmcmv_relat_rio_executivo_28032013,001 pmcmv relat rio executivo,FAR,,2013-03-01,,dump,,,
caixa_001_2013_03___março_pmcmv_relatório_executivo_15032013,001 pmcmv relatório executivo,FAR,,2013-03-01,,dump,,,
caixa_001_2013_03___março_pmcmv_relatório_executivo_28032013,001 pmcmv relatório executivo,FAR,,2013-03-01,,dump,,,
caixa_001_2013_03___março_rel_executivo_resumo_15032013,001 rel executivo resumo,FAR,,2013-03-01,,dump,,,
caixa_001_2013_03___março_rel_executivo_resumo_28032013,001 rel executivo resumo,FAR,,2013-03-01,,dump,,,
caixa_001_2013_04___abril_bases_relatório_executivo_30042013,001 bases relatório executivo,"CCFGTS, FAR, FDS, FGTS, Rural",caixa,2009-04-17,2014-11-17,dump,codmunicibge;idregistro;codapf;nomeempreendimento;endereco_do_empreendimento,,
caixa_001_2013_04___abril_pmcmv_relat_rio_executivo_30042013,001 pmcmv relat rio executivo,FAR,,2013-04-01,,dump,,,
caixa_001_2013_04___abril_pmcmv_relatório_executivo_30042013,001 pmcmv relatório executivo,FAR,,2013-04-01,,dump,,,
caixa_001_2013_04___abril_rel_executivo_resumo_30042013,001 rel executivo resumo,FAR,,2013-04-01,,dump,,,
caixa_001_2013_04___abril_rel_executivo_resumo_30042013_v1,001 rel executivo resumo v1,FAR,,2013-04-01,,dump,,,
caixa_001_2013_05___maio_bases_relat_rio_executivo_150513,001 bases relat rio executivo,"CCFGTS, FAR, FDS, FGTS",caixa,2008-07-16,2015-03-11,dump,codmunicibge;idregistro;codapf;nomeempreendimento;endereco_do_empreendimento,,
caixa_001_2013_05___maio_pmcmv_relat_rio_executivo_150513,001 pmcmv relat rio executivo,FAR,,2013-05-01,,dump,,,
caixa_001_2013_05___maio_rel_executivo_resumo_150513,001 rel executivo resumo,FAR,,2013-05-01,,dump,,,
caixa_001_2013_12___dezembro_bases_relat_rio_executivo,001 bases relat rio executivo,"CCFGTS, FAR, FDS, FGTS",caixa,2000-01-01,2015-04-20,dump,codmunicibge;idregistro;codapf;nomeempreendimento;endereco_do_empreendimento,,
caixa_001_2013_12___dezembro_rel_executivo_resumo,001 rel executivo resumo,FAR,,2013-12-01,,dump,,,
caixa_001_2014_11_novembro_bases_relatório_executivo_15112014,001 bases relatório executivo,"CCFGTS, FAR, FDS, FGTS",caixa,2000-01-01,2016-11-04,dump,codmunicibge;idregistro;codapf;nomeempreendimento;endereco_do_empreendimento,,
caixa_001_2014_11_novembro_bases_relatório_executivo_30112014,001 bases relatório executivo,"CCFGTS, FAR, FDS, FGTS",caixa,2000-01-01,2016-11-04,dump,codmunicibge;idregistro;codapf;nomeempreendimento;endereco_do_empreendimento,,
caixa_001_2014_11_novembro_pmcmv_relatório_executivo_15112014,001 pmcmv relatório executivo,FAR,,2014-11-01,,dump,,,
caixa_001_2014_11_novembro_pmcmv_relatório_executivo_30112014,001 pmcmv relatório executivo,FAR,,2014-11-01,,dump,,,
caixa_001_2014_11_novembro_rel_executivo_resumo_15112014,001 rel executivo resumo,FAR,,2014-11-01,,dump,,,
caixa_001_2014_11_novembro_rel_executivo_resumo_comerc_30112014,001 rel executivo resumo comerc,FAR,,2014-11-01,,dump,,,
caixa_001_2014_12_dezembro_rel_executivo_resumo_31122014,001 rel executivo resumo,FAR,,2014-12-01,,dump,,,
caixa_001_2014_rel_executivo_resumo_28022015,001 2014 rel executivo resumo,FAR,,,,dump,,,
caixa_001_2014_rel_executivo_resumo_31012015,001 2014 rel executivo resumo,FAR,,,,dump,,,
caixa_001_2015_01_janeiro_bases_relatório_executivo_31012015,001 bases relatório executivo,"CCFGTS, FAR, FDS, FGTS",caixa,2000-01-01,2016-11-04,dump,cod_munic_ibge;cod_apf;vnome_empreendimento;endereco_do_empreendimento,,
caixa_001_2015_01_janeiro_pmcmv_3_relatório_executivo_31012015,001 pmcmv relatório executivo,FAR,,2015-01-01,,dump,,,
caixa_001_2015_02_fevereiro_bases_relatório_executivo_28022015,001 bases relatório executivo,"CCFGTS, FAR, FDS, FGTS",caixa,2000-01-01,2016-11-04,dump,cod_munic_ibge;cod_apf;vnome_empreendimento;endereco_do_empreendimento,,
caixa_001_2015_02_fevereiro_rel_executivo_resumo_28022015,001 rel executivo resumo,FAR,,2015-02-01,,dump,,,
caixa_001_2015_03_marco_bases_relatório_executivo_31032015,001 bases relatório executivo,"CCFGTS, FAR, FDS, FGTS",caixa,2000-01-01,2016-11-04,dump,cod_munic_ibge;cod_apf;vnome_empreendimento;endereco_do_empreendimento,,
caixa_001_2015_03_marco_bases_relatório_executivo_31032015v2,001 bases relatório executivo v2,FAR,,2015-03-01,,dump,contratacao_empreendimentos_mcmv_1_2_e_3_caixa,,
caixa_001_2015_03_marco_pmcmv_3_relatório_executivo_31032015,001 pmcmv relatório executivo,FAR,,2015-03-01,,dump,,,
caixa_001_2015_03_marco_rel_executivo_resumo_2015_31032015v2,001 rel executivo resumo 2015v2,FAR,,2015-03-01,,dump,,,
caixa_001_2015_03_marco_rel_executivo_resumo_31032015,001 rel executivo resumo,FAR,,2015-03-01,,dump,,,
caixa_001_2015_04_abril_bases_relatório_executivo_30042015,001 bases relatório executivo,"CCFGTS, FAR, FDS, FGTS, Rural",caixa,2008-01-07,2015-03-23,dump,cod_munic_ibge;cod_apf;vnome_empreendimento;endereco_do_empreendimento,,
caixa_001_2015_04_abril_bases_relatório_executivo_30042015_v2,001 bases relatório executivo v2,"CCFGTS, FAR, FDS, FGTS",caixa,2007-01-05,2015-01-09,dump,cod_munic_ibge;cod_apf;vnome_empreendimento;endereco_do_empreendimento,,
caixa_001_2015_04_abril_pmcmv_3_relatório_executivo_30042015,001 pmcmv relatório executivo,FAR,,2015-04-01,,dump,,,
caixa_001_2015_04_abril_rel_executivo_resumo_30042015,001 rel executivo resumo,FAR,,2015-04-01,,dump,,,
caixa_001_2015_05_maio_bases_relat_rio_executivo_31052015,001 bases relat rio executivo,"CCFGTS, FAR, FDS, FGTS",caixa,2007-01-05,2015-01-09,dump,cod_munic_ibge;cod_apf;vnome_empreendimento;endereco_do_empreendimento,,
caixa_001_2015_05_maio_pmcmv_3_relat_rio_executivo_31052015,001 pmcmv relat rio executivo,FAR,,2015-05-01,,dump,,,
caixa_001_2015_05_maio_rel_executivo_resumo_31052015,001 rel executivo resumo,FAR,,2015-05-01,,dump,,,
caixa_001_2015_06_junho_bases_relatório_executivo_30062015,001 bases relatório executivo,"CCFGTS, FAR, FDS, FGTS",caixa,2007-01-05,2015-01-09,dump,cod_munic_ibge;cod_apf;vnome_empreendimento;endereco_do_empreendimento,,
caixa_001_2015_06_junho_bext_30062015,001 bext,FAR,caixa,2010-04-01,2014-12-01,dump,icodigo_empreendimento;icodigo_municipio_ibge_sem_dv,,
caixa_001_2015_06_junho_pmcmv_3_relatório_executivo_30062015,001 pmcmv relatório executivo,FAR,,2015-06-01,,dump,,,
caixa_001_2015_06_junho_rel_executivo_resumo_30062015,001 rel executivo resumo,FAR,,2015-06-01,,dump,,,
caixa_001_2015_07_julho_bases_relatório_executivo_31072015,001 bases relatório executivo,"CCFGTS, FAR, FDS, FGTS, Rural",caixa,2008-01-07,2015-07-20,dump,cod_munic_ibge;cod_apf;vnome_empreendimento;endereco_do_empreendimento,,
caixa_001_2015_07_julho_min_cidades_pf_pf,001 min cidades pf pf,"FAR, PF",caixa,2012-11-14,2015-07-31,dump,cod_contrato;cod_municipio,,
caixa_001_2015_07_julho_min_cidades_pj,001 min cidades pj,"FAR, PJ",caixa,2012-04-12,2016-07-22,dump,cod_empreendimento;cod_municipio;dsc_empreendimento;cod_cnpj_proponente,,
caixa_001_2015_07_julho_min_cidades_pj_pf,001 min cidades pj pf,"FAR, PF, PJ",caixa,2012-08-27,2015-07-31,dump,nr_prpt;cod_contrato;cod_municipio,,
caixa_001_2015_07_julho_pmcmv_3_relatório_executivo_31072015,001 pmcmv relatório executivo,FAR,,2015-07-01,,dump,,,
caixa_001_2015_07_julho_rel_executivo_resumo_31072015,001 rel executivo resumo,FAR,,2015-07-01,,dump,,,
caixa_001_2015_10_outubro_bases_relatório_executivo_31102015,001 bases relatório executivo,"CCFGTS, FAR, FDS, FGTS, Rural",caixa,2007-01-05,2015-09-01,dump,cod_munic_ibge;cod_apf;vnome_empreendimento;endereco_do_empreendimento,,
caixa_001_2015_10_outubro_bext_31102015,001 bext,FAR,caixa,2013-10-01,2015-10-01,dump,icodigo_empreendimento;icodigo_municipio_ibge_sem_dv,,
caixa_001_2015_10_outubro_pmcmv_3_relatório_executivo31102015,001 pmcmv relatório executivo,FAR,,2015-10-01,,dump,,,
caixa_001_2015_10_outubro_pmcmv_3_relatório_executivo_31102015,001 pmcmv relatório executivo,FAR,,2015-10-01,,dump,,,
caixa_001_2015_11_novembro_bases_relatório_executivo_30112015,001 bases relatório executivo,"CCFGTS, FAR, FDS, FGTS",caixa,2007-01-05,2015-07-20,dump,cod_munic_ibge;cod_apf;vnome_empreendimento;endereco_do_empreendimento,,
caixa_001_2015_11_novembro_pmcmv_3_relatório_executivo_3011201,001 pmcmv relatório executivo 1,FAR,,2015-11-01,,dump,,,
caixa_001_2015_11_novembro_rel_executivo_resumo_30112015,001 rel executivo resumo,FAR,,2015-11-01,,dump,,,
caixa_001_2015_12_dezembro_bases_relatório_executivo_31122015v,001 bases relatório executivo v,FAR,,2015-12-01,,dump,contratacao_empreendimentos_mcmv_1_2_e_3_caixa,,
caixa_001_2015_12_dezembro_rel_executivo_resumo_31122015v2,001 rel executivo resumo v2,FAR,,2015-12-01,,dump,,,
caixa_001_2015_datas_entregas_pj_mcmv_30062015,001 2015 datas entregas pj mcmv,"FAR, PJ",caixa,,,dump,,,
caixa_001_2016_02_fevereiro_relatorio_cidades_20160229_v2,001 relatorio cidades v2,"CCFGTS, FAR, FGTS, PNHR",caixa,,,dump,cod_empreendimento;codigo_ibge,,
caixa_001_2016_bases_relatório_executivo_30042016,001 2016 bases relatório executivo,"CCFGTS, FAR, FDS, FGTS",caixa,2001-09-20,2018-01-06,dump,cod_munic_ibge;cod_apf;vnome_empreendimento;endereco_do_empreendimento,,
caixa_001_2016_bext_30042016,001 2016 bext,FAR,caixa,2010-04-01,2015-07-01,dump,icodigo_empreendimento;icodigo_municipio_ibge_sem_dv,,
caixa_001_2016_bext_31102016,001 2016 bext,FAR,caixa,,,dump,,,
caixa_001_2016_grafico_mcmv_31082016,001 2016 grafico mcmv,FAR,caixa,,,dump,,,
caixa_001_2016_pmcmv_3_relatório_executivo_30042016,001 2016 pmcmv relatório executivo,FAR,,,,dump,,,
caixa_001_2016_pmcmv_3_relatório_executivo_31122016,001 2016 pmcmv relatório executivo,FAR,,,,dump,,,
caixa_001_2016_rel_executivo_resumo_30042016,001 2016 rel executivo resumo,FAR,,,,dump,,,
caixa_001_2016_rel_executivo_resumo_31082016,001 2016 rel executivo resumo,FAR,,,,dump,,,
caixa_001_2016_rel_executivo_resumo_31122016,001 2016 rel executivo resumo,FAR,,,,dump,,,
caixa_001_2017_contratação_por_uf_nov_2017,001 2017 contratação por uf nov 2017,FAR,caixa,,,dump,,,
caixa_001_2017_rel_executivo_resumo_dez17,001 2017 rel executivo resumo dez17,FAR,,,,dump,,,
caixa_001_2018_pmcmv_3_relatório_executivo_ago2018,001 2018 pmcmv relatório executivo ago2018,FAR,,,,dump,,,
caixa_001_2018_rel_executivo_resumo_ago2018,001 2018 rel executivo resumo ago2018,FAR,,,,dump,,,
caixa_002_2015_07_julho_bext_31072015,002 bext,,caixa,2010-08-01,2015-07-01,dump,icodigo_empreendimento;icodigo_municipio_ibge_sem_dv,,
caixa_002_2015_08_agosto_bases_relatório_executivo_12082015,002 bases relatório executivo 15,"CCFGTS, FAR, FDS, FGTS, Rural",caixa,2008-01-07,2015-07-20,dump,cod_munic_ibge;cod_apf;vnome_empreendimento;endereco_do_empreendimento,,
caixa_002_2015_08_agosto_bases_relatório_executivo_31082015,002 bases relatório executivo,"CCFGTS, FAR, FDS, FGTS",caixa,2007-01-05,2015-07-20,dump,cod_munic_ibge;cod_apf;vnome_empreendimento;endereco_do_empreendimento,,
caixa_002_2015_08_agosto_pmcmv_3_relatório_executivo31082015,002 pmcmv relatório executivo,,,2015-08-01,,dump,,,
caixa_002_2015_08_agosto_pmcmv_3_relatório_executivo_12082015,002 pmcmv relatório executivo 15,,,2015-08-01,,dump,,,
caixa_002_2015_08_agosto_rel_executivo_resumo_12082015,002 rel executivo resumo 15,,,2015-08-01,,dump,,,
caixa_002_2015_08_agosto_rel_executivo_resumo_31082015,002 rel executivo resumo,,,2015-08-01,,dump,,,
caixa_002_2015_12_dezembro_bases_relatório_executivo_31122015,002 bases relatório executivo,"CCFGTS, FAR, FDS, FGTS",caixa,2007-01-05,2015-07-20,dump,cod_munic_ibge;cod_apf;vnome_empreendimento;endereco_do_empreendimento,,
caixa_002_2015_12_dezembro_bext_31122015,002 bext,,caixa,2010-04-01,2014-12-01,dump,icodigo_empreendimento;icodigo_municipio_ibge_sem_dv,,
caixa_002_2015_12_dezembro_pmcmv_3_relatório_executivo_3112201,002 pmcmv relatório executivo 1,,,2015-12-01,,dump,,,
caixa_002_2015_12_dezembro_rel_executivo_resumo_31122015,002 rel executivo resumo,,,2015-12-01,,dump,,,
caixa_002_2016_08_agosto_bases_relatório_executivo_31082016,002 bases relatório executivo,"CCFGTS, FAR, FDS, FGTS",caixa,2001-09-20,2018-01-06,dump,cod_munic_ibge;cod_apf;vnome_empreendimento;endereco_do_empreendimento,,
caixa_002_2016_bases_relatório_executivo_31122016,002 2016 bases relatório executivo,"CCFGTS, FAR, FDS, FGTS",caixa,2001-09-20,2018-01-06,dump,cod_munic_ibge;cod_apf;vnome_empreendimento;endereco_do_empreendimento,,
caixa_002_2016_bext_31122016,002 2016 bext,,caixa,2010-04-01,2015-07-01,dump,icodigo_empreendimento;icodigo_municipio_ibge_sem_dv,,
caixa_002_2017_bases_relat_rio_executivo_abr2017,002 2017 bases relat rio executivo abr2017,"CCFGTS, FAR, FDS, FGTS, Rural",caixa,2001-11-20,2017-01-04,dump,cod_munic_ibge;cod_apf;vnome_empreendimento;endereco_do_empreendimento,,
caixa_002_2017_bases_relat_rio_executivo_ago2017,002 2017 bases relat rio executivo ago2017,"CCFGTS, FAR, FDS, FGTS",caixa,2001-09-20,2018-01-06,dump,cod_munic_ibge;cod_apf;vnome_empreendimento;endereco_do_empreendimento,,
caixa_002_2017_bases_relat_rio_executivo_fev2017,002 2017 bases relat rio executivo fev2017,"CCFGTS, FAR, FDS, FGTS",caixa,2001-09-20,2018-01-06,dump,cod_munic_ibge;cod_apf;vnome_empreendimento;endereco_do_empreendimento,,
caixa_002_2017_bases_relatório_executivo_dez17,002 2017 bases relatório executivo dez17,"CCFGTS, FAR, FDS, FGTS",caixa,2001-09-20,2018-01-06,dump,cod_munic_ibge;cod_apf;vnome_empreendimento;endereco_do_empreendimento,,
caixa_002_2017_bext_abr2017,002 2017 bext abr2017,,caixa,2010-04-01,2015-07-01,dump,icodigo_empreendimento;icodigo_municipio_ibge_sem_dv,,
caixa_002_2017_bext_ago2017,002 2017 bext ago2017,,caixa,2010-04-01,2014-12-01,dump,icodigo_empreendimento;icodigo_municipio_ibge_sem_dv,,
caixa_002_2017_bext_dez17,002 2017 bext dez17,,caixa,2012-12-01,2017-08-01,dump,icodigo_empreendimento;icodigo_municipio_ibge_sem_dv,,
caixa_002_2017_bext_fev2017,002 2017 bext fev2017,,caixa,2010-04-01,2014-12-01,dump,icodigo_empreendimento;icodigo_municipio_ibge_sem_dv,,
caixa_002_2017_pmcmv_3_relat_rio_executivo_abr2017,002 2017 pmcmv relat rio executivo abr2017,,,,,dump,,,
caixa_002_2017_pmcmv_3_relat_rio_executivo_ago2017,002 2017 pmcmv relat rio executivo ago2017,,,,,dump,,,
caixa_002_2017_pmcmv_3_relat_rio_executivo_fev2017,002 2017 pmcmv relat rio executivo fev2017,,,,,dump,,,
caixa_002_2017_pmcmv_3_relatório_executivo_dez17,002 2017 pmcmv relatório executivo dez17,,,,,dump,,,
caixa_002_2017_rel_executivo_resumo_ago2017,002 2017 rel executivo resumo ago2017,,,,,dump,,,
caixa_002_2017_rel_executivo_resumo_fev2017,002 2017 rel executivo resumo fev2017,,,,,dump,,,
caixa_002_2018_bases_relat_rio_executivo_abr2018,002 2018 bases relat rio executivo abr2018,"CCFGTS, FAR, FDS, FGTS",caixa,2001-09-20,2018-01-06,dump,cod_munic_ibge;cod_apf;vnome_empreendimento;endereco_do_empreendimento,,
caixa_002_2018_bases_relat_rio_executivo_abr2018_v2,002 2018 bases relat rio executivo abr2018 v2,"CCFGTS, FAR, FDS, FGTS",caixa,2001-09-20,2018-01-06,dump,cod_munic_ibge;cod_apf;vnome_empreendimento;endereco_do_empreendimento,,
caixa_002_2018_bases_relat_rio_executivo_jun2018,002 2018 bases relat rio executivo jun2018,"CCFGTS, FAR, FDS, FGTS",caixa,2001-09-20,2018-01-06,dump,cod_munic_ibge;cod_apf;vnome_empreendimento;endereco_do_empreendimento,,
caixa_002_2018_bases_relat_rio_executivo_mai2018,002 2018 bases relat rio executivo mai2018,"CCFGTS, FAR, FDS, FGTS",caixa,2001-09-20,2018-01-06,dump,cod_munic_ibge;cod_apf;vnome_empreendimento;endereco_do_empreendimento,,
caixa_002_2018_bases_relat_rio_executivo_mar18,002 2018 bases relat rio executivo mar18,"CCFGTS, FAR, FDS, FGTS",caixa,2001-09-20,2018-01-06,dump,cod_munic_ibge;cod_apf;vnome_empreendimento;endereco_do_empreendimento,,
caixa_002_2018_bases_relatório_executivo_ago2018,002 2018 bases relatório executivo ago2018,"CCFGTS, FAR, FDS, FGTS, Rural",caixa,2001-11-20,2017-01-05,dump,cod_munic_ibge;cod_apf;vnome_empreendimento;endereco_do_empreendimento,,
caixa_002_2018_bext_abr18,002 2018 bext abr18,,caixa,2010-04-01,2013-09-01,dump,icodigo_empreendimento;icodigo_municipio_ibge_sem_dv,,
caixa_002_2018_bext_ago18,002 2018 bext ago18,,caixa,2010-04-01,2018-08-01,dump,icodigo_empreendimento;icodigo_municipio_ibge_sem_dv,,
caixa_002_2018_bext_jun18,002 2018 bext jun18,,caixa,2014-12-01,2018-04-01,dump,icodigo_empreendimento;icodigo_municipio_ibge_sem_dv,,
caixa_002_2018_bext_mai18,002 2018 bext mai18,,caixa,2014-12-01,2018-04-01,dump,icodigo_empreendimento;icodigo_municipio_ibge_sem_dv,,
caixa_002_2018_bext_mar18,002 2018 bext mar18,,caixa,2010-04-01,2015-07-01,dump,icodigo_empreendimento;icodigo_municipio_ibge_sem_dv,,
caixa_002_2018_novo_relat_rio_executivo,002 2018 novo relat rio executivo,,caixa,,,dump,,,
caixa_002_2018_novo_relat_rio_executivo_maio2018,002 2018 novo relat rio executivo 2018,,,,,dump,,,
caixa_002_2018_pmcmv_3_relat_rio_executivo_abr2018,002 2018 pmcmv relat rio executivo abr2018,,,,,dump,,,
caixa_002_2018_pmcmv_3_relat_rio_executivo_abr2018_v2,002 2018 pmcmv relat rio executivo abr2018 v2,,,,,dump,,,
caixa_002_2018_pmcmv_3_relat_rio_executivo_jun2018,002 2018 pmcmv relat rio executivo jun2018,,,,,dump,,,
caixa_002_2018_pmcmv_3_relat_rio_executivo_mai2018,002 2018 pmcmv relat rio executivo mai2018,,,,,dump,,,
caixa_002_2018_pmcmv_3_relat_rio_executivo_mar18,002 2018 pmcmv relat rio executivo mar18,,,,,dump,,,
caixa_002_2018_rel_executivo_resumo_abr2018,002 2018 rel executivo resumo abr2018,,,,,dump,,,
caixa_002_2018_rel_executivo_resumo_abr2018_v2,002 2018 rel executivo resumo abr2018 v2,,,,,dump,,,
caixa_002_2018_rel_executivo_resumo_jun2018,002 2018 rel executivo resumo jun2018,,,,,dump,,,
caixa_002_2018_rel_executivo_resumo_mai2018,002 2018 rel executivo resumo mai2018,,,,,dump,,,
caixa_002_2018_rel_executivo_resumo_mar2018,002 2018 rel executivo resumo mar2018,,,,,dump,,,
caixa_003_2017_bases_relat_rio_executivo_31012017,003 2017 bases relat rio executivo,"CCFGTS, FAR, FDS, FGTS",caixa,2001-09-20,2018-01-06,dump,cod_munic_ibge;cod_apf;vnome_empreendimento;endereco_do_empreendimento,,
caixa_003_2017_bases_relat_rio_executivo_jul2017,003 2017 bases relat rio executivo jul2017,"CCFGTS, FAR, FDS, FGTS",caixa,2001-09-20,2018-01-06,dump,cod_munic_ibge;cod_apf;vnome_empreendimento;endereco_do_empreendimento,,
caixa_003_2017_bases_relat_rio_executivo_jun2017,003 2017 bases relat rio executivo jun2017,"CCFGTS, FAR, FDS, FGTS",caixa,2001-09-20,2018-01-06,dump,cod_munic_ibge;cod_apf;vnome_empreendimento;endereco_do_empreendimento,,
caixa_003_2017_bases_relat_rio_executivo_mai2017,003 2017 bases relat rio executivo mai2017,"CCFGTS, FAR, FDS, FGTS",caixa,2001-09-20,2018-01-06,dump,cod_munic_ibge;cod_apf;vnome_empreendimento;endereco_do_empreendimento,,
caixa_003_2017_bases_relat_rio_executivo_mar2017,003 2017 bases relat rio executivo mar2017,"CCFGTS, FAR, FDS, FGTS",caixa,2001-09-20,2018-01-07,dump,cod_munic_ibge;cod_apf;vnome_empreendimento;endereco_do_empreendimento,,
caixa_003_2017_bases_relat_rio_executivo_nov17,003 2017 bases relat rio executivo nov17,,,,,dump,cod_munic_ibge;cod_apf;vnome_empreendimento;endereco_do_empreendimento,,
caixa_003_2017_bext_jan_2017,003 2017 bext jan 2017,,caixa,2010-04-01,2013-04-01,dump,icodigo_empreendimento;icodigo_municipio_ibge_sem_dv,,
caixa_003_2017_bext_jul2017,003 2017 bext jul2017,,caixa,2010-04-01,2015-07-01,dump,icodigo_empreendimento;icodigo_municipio_ibge_sem_dv,,
caixa_003_2017_bext_mai2017,003 2017 bext mai2017,,caixa,2010-04-01,2015-07-01,dump,icodigo_empreendimento;icodigo_municipio_ibge_sem_dv,,
caixa_003_2017_bext_mar2017,003 2017 bext mar2017,,caixa,2010-04-01,2015-07-01,dump,icodigo_empreendimento;icodigo_municipio_ibge_sem_dv,,
caixa_003_2017_bext_out2017,003 2017 bext out2017,,caixa,2013-06-01,2017-08-01,dump,icodigo_empreendimento;icodigo_municipio_ibge_sem_dv,,
caixa_003_2017_pmcmv_3_relat_rio_executivo_31012017,003 2017 pmcmv relat rio executivo,,,,,dump,,,
caixa_003_2017_pmcmv_3_relat_rio_executivo_jul2017,003 2017 pmcmv relat rio executivo jul2017,,,,,dump,,,
caixa_003_2017_pmcmv_3_relat_rio_executivo_jun2017,003 2017 pmcmv relat rio executivo jun2017,,,,,dump,,,
caixa_003_2017_pmcmv_3_relat_rio_executivo_mai2017,003 2017 pmcmv relat rio executivo mai2017,,,,,dump,,,
caixa_003_2017_pmcmv_3_relat_rio_executivo_mar2017,003 2017 pmcmv relat rio executivo mar2017,,,,,dump,,,
caixa_003_2017_pmcmv_3_relat_rio_executivo_nov17,003 2017 pmcmv relat rio executivo nov17,,,,,dump,,,
caixa_003_2017_rel_executivo_resumo_31012017,003 2017 rel executivo resumo,,,,,dump,,,
caixa_003_2017_rel_executivo_resumo_jul2017,003 2017 rel executivo resumo jul2017,,,,,dump,,,
caixa_003_2017_rel_executivo_resumo_jun2017,003 2017 rel executivo resumo jun2017,,,,,dump,,,
caixa_003_2017_rel_executivo_resumo_mai2017,003 2017 rel executivo resumo mai2017,,,,,dump,,,
caixa_003_2017_rel_executivo_resumo_mar2017,003 2017 rel executivo resumo mar2017,,,,,dump,,,
caixa_003_2017_rel_executivo_resumo_nov17,003 2017 rel executivo resumo nov17,,,,,dump,,,
ecente_2024_07_snh_pmcmv_dados_prioritarios_af_bb_vs02_correcao,ecente pmcmv dados prioritarios af bb vs02 correcao,FAR,unknown,2012-04-09,2026-01-31,sftp,apf;codigo_ibge_do_municipio;nome_empreendimento;situacao_do_empreendimento;detalhamento_da_situacao_do_empreendimento;situacao_do_empreendimento_em_janeiro_do_ano_de_referencia;detalhamento_da_situacao_do_empreendimento_em_janeiro_do_ano,,
elatorio_executivo_31102014_bases_relatório_executivo_31102014,elatorio executivo bases relatório executivo,"CCFGTS, FAR, FDS, FGTS",unknown,2000-01-01,2016-05-08,sftp,codmunicibge;idregistro;codapf;nomeempreendimento;endereco_do_empreendimento,,
elatorio_executivo_31102014_pmcmv_relatório_executivo_31102014,elatorio executivo pmcmv relatório executivo,,,,,sftp,,,
historico_recente_202406_snh_pmcmv_dados_prioritarios_af_bb,historico recente pmcmv dados prioritarios af bb,FAR,unknown,2012-04-09,2024-06-28,sftp,apf;codigo_ibge_do_municipio;nome_empreendimento;situacao_do_empreendimento;detalhamento_da_situacao_do_empreendimento;situacao_do_empreendimento_em_janeiro_do_ano_de_referencia;detalhamento_da_situacao_do_empreendimento_em_janeiro_do_ano,,
historico_recente_202406_snh_pmcmv_dados_prioritarios_af_caixa,historico recente pmcmv dados prioritarios af caixa,FAR,unknown,2010-05-31,2024-06-30,sftp,apf;codigo_ibge_do_municipio;nome_empreendimento;situacao_do_empreendimento;mcmv_ogu_29_txt_situacao_empreendimento_janeiro_ano_dt_referenc;mcmv_ogu_31_txt_detalha_situacao_empreendimento_janeiro_ano_dt,,
historico_recente_202407_snh_pmcmv_dados_prioritarios_af_caixa,historico recente pmcmv dados prioritarios af caixa,FAR,unknown,2010-05-31,2024-07-31,sftp,apf;codigo_ibge_do_municipio;nome_empreendimento;situacao_do_empreendimento;mcmv_ogu_29_txt_situacao_empreendimento_janeiro_ano_dt_referenc;mcmv_ogu_31_txt_detalha_situacao_empreendimento_janeiro_ano_dt,,
historico_recente_202409_snh_pmcmv_dados_prioritarios_af_caixa,historico recente pmcmv dados prioritarios af caixa,FAR,unknown,2010-06-01,2024-09-30,sftp,apf;codigo_ibge_do_municipio;nome_empreendimento;situacao_do_empreendimento;mcmv_ogu_29_txt_situacao_empreendimento_janeiro_ano_dt_referenc;mcmv_ogu_31_txt_detalha_situacao_empreendimento_janeiro_ano_dt,,
historico_recente_202410_snh_pmcmv_dados_prioritarios_af_caixa,historico recente pmcmv dados prioritarios af caixa,FAR,unknown,2007-06-20,2024-10-31,sftp,apf;codigo_ibge_do_municipio;nome_empreendimento;situacao_do_empreendimento;detalhamento_da_situacao_do_empreendimento;mcmv_ogu_29_txt_situacao_empreendimento_janeiro_ano_dt_referenc;mcmv_ogu_31_txt_detalha_situacao_empreendimento_janeiro_ano_dt,,
historico_recente_202411_snh_pmcmv_dados_prioritarios_af_bb,historico recente pmcmv dados prioritarios af bb,FAR,unknown,2012-04-09,2025-03-31,sftp,apf;codigo_ibge_do_municipio;nome_empreendimento;situacao_do_empreendimento;detalhamento_da_situacao_do_empreendimento;situacao_do_empreendimento_em_janeiro_do_ano_de_referencia;detalhamento_da_situacao_do_empreendimento_em_janeiro_do_ano,,
historico_recente_202411_snh_pmcmv_dados_prioritarios_af_caixa,historico recente pmcmv dados prioritarios af caixa,FAR,unknown,2024-01-03,2024-12-08,sftp,apf;codigo_ibge_do_municipio;nome_empreendimento;situacao_do_empreendimento;detalhamento_da_situacao_do_empreendimento;situacao_do_empreendimento_em_janeiro_do_ano_de_referencia;detalhamento_da_situacao_do_empreendimento_em_janeiro_do_ano,,
historico_recente_202412_snh_pmcmv_dados_prioritarios_af_bb,historico recente pmcmv dados prioritarios af bb,FAR,unknown,2012-04-09,2025-03-31,sftp,apf;codigo_ibge_do_municipio;nome_empreendimento;situacao_do_empreendimento;detalhamento_da_situacao_do_empreendimento;situacao_do_empreendimento_em_janeiro_do_ano_de_referencia;detalhamento_da_situacao_do_empreendimento_em_janeiro_do_ano,,
historico_recente_202412_snh_pmcmv_dados_prioritarios_af_caixa,historico recente pmcmv dados prioritarios af caixa,FAR,unknown,2009-07-31,2025-04-01,sftp,apf;codigo_ibge_do_municipio;nome_empreendimento;situacao_do_empreendimento;detalhamento_da_situacao_do_empreendimento;situacao_do_empreendimento_em_janeiro_do_ano_de_referencia;detalhamento_da_situacao_do_empreendimento_em_janeiro_do_ano,,
historico_recente_2024_08_snh_pmcmv_dados_prioritarios_af_bb,historico recente pmcmv dados prioritarios af bb,FAR,unknown,2012-04-09,2025-02-28,sftp,apf;codigo_ibge_do_municipio;nome_empreendimento;situacao_do_empreendimento;detalhamento_da_situacao_do_empreendimento;situacao_do_empreendimento_em_janeiro_do_ano_de_referencia;detalhamento_da_situacao_do_empreendimento_em_janeiro_do_ano,,
historico_recente_2024_09_snh_pmcmv_dados_prioritarios_af_bb,historico recente pmcmv dados prioritarios af bb,FAR,unknown,2012-04-09,2025-02-28,sftp,apf;codigo_ibge_do_municipio;nome_empreendimento;situacao_do_empreendimento;detalhamento_da_situacao_do_empreendimento;situacao_do_empreendimento_em_janeiro_do_ano_de_referencia;detalhamento_da_situacao_do_empreendimento_em_janeiro_do_ano,,
historico_recente_2024_10_snh_pmcmv_dados_prioritarios_af_bb,historico recente pmcmv dados prioritarios af bb,FAR,unknown,2012-04-09,2025-02-28,sftp,apf;codigo_ibge_do_municipio;nome_empreendimento;situacao_do_empreendimento;detalhamento_da_situacao_do_empreendimento;situacao_do_empreendimento_em_janeiro_do_ano_de_referencia;detalhamento_da_situacao_do_empreendimento_em_janeiro_do_ano,,
historico_recente_202501_snh_pmcmv_dados_prioritarios_af_caixa,historico recente pmcmv dados prioritarios af caixa,FAR,unknown,2011-01-07,2025-01-31,sftp,apf;codigo_ibge_do_municipio;nome_empreendimento;situacao_do_empreendimento;detalhamento_da_situacao_do_empreendimento;situacao_do_empreendimento_em_janeiro_do_ano_de_referencia;detalhamento_da_situacao_do_empreendimento_em_janeiro_do_ano,,
historico_recente_202502_snh_pmcmv_dados_prioritarios_af_caixa,historico recente pmcmv dados prioritarios af caixa,FAR,unknown,2007-06-20,2025-02-28,sftp,apf;codigo_ibge_do_municipio;nome_empreendimento;situacao_do_empreendimento;detalhamento_da_situacao_do_empreendimento;situacao_do_empreendimento_em_janeiro_do_ano_de_referencia;detalhamento_da_situacao_do_empreendimento_em_janeiro_do_ano,,
historico_recente_202503_snh_pmcmv_dados_prioritarios_af_bb,historico recente pmcmv dados prioritarios af bb,FAR,unknown,2012-04-09,2025-07-31,sftp,apf;codigo_ibge_do_municipio;nome_empreendimento;situacao_do_empreendimento;detalhamento_da_situacao_do_empreendimento;situacao_do_empreendimento_em_janeiro_do_ano_de_referencia;detalhamento_da_situacao_do_empreendimento_em_janeiro_do_ano,,
historico_recente_202503_snh_pmcmv_dados_prioritarios_af_caixa,historico recente pmcmv dados prioritarios af caixa,FAR,unknown,2007-06-20,2025-03-31,sftp,apf;codigo_ibge_do_municipio;nome_empreendimento;situacao_do_empreendimento;detalhamento_da_situacao_do_empreendimento;situacao_do_empreendimento_em_janeiro_do_ano_de_referencia;detalhamento_da_situacao_do_empreendimento_em_janeiro_do_ano,,
historico_recente_202504_snh_pmcmv_dados_prioritarios_af_bb,historico recente pmcmv dados prioritarios af bb,FAR,unknown,2012-04-09,2025-07-31,sftp,apf;codigo_ibge_do_municipio;nome_empreendimento;situacao_do_empreendimento;detalhamento_da_situacao_do_empreendimento;situacao_do_empreendimento_em_janeiro_do_ano_de_referencia;detalhamento_da_situacao_do_empreendimento_em_janeiro_do_ano,,
historico_recente_202504_snh_pmcmv_dados_prioritarios_af_caixa,historico recente pmcmv dados prioritarios af caixa,FAR,unknown,2007-06-20,2025-04-30,sftp,apf;codigo_ibge_do_municipio;nome_empreendimento;situacao_do_empreendimento;detalhamento_da_situacao_do_empreendimento;situacao_do_empreendimento_em_janeiro_do_ano_de_referencia;detalhamento_da_situacao_do_empreendimento_em_janeiro_do_ano,,
historico_recente_202505_snh_pmcmv_dados_prioritarios_af_bb,historico recente pmcmv dados prioritarios af bb,FAR,unknown,2012-04-09,2025-10-11,sftp,apf;codigo_ibge_do_municipio;nome_empreendimento;situacao_do_empreendimento;detalhamento_da_situacao_do_empreendimento;situacao_do_empreendimento_em_janeiro_do_ano_de_referencia;detalhamento_da_situacao_do_empreendimento_em_janeiro_do_ano,,
historico_recente_202505_snh_pmcmv_dados_prioritarios_af_caixa,historico recente pmcmv dados prioritarios af caixa,FAR,unknown,2007-06-20,2025-05-31,sftp,apf;codigo_ibge_do_municipio;nome_empreendimento;situacao_do_empreendimento;detalhamento_da_situacao_do_empreendimento;situacao_do_empreendimento_em_janeiro_do_ano_de_referencia;detalhamento_da_situacao_do_empreendimento_em_janeiro_do_ano,,
historico_recente_202506_snh_pmcmv_dados_prioritarios_af_bb,historico recente pmcmv dados prioritarios af bb,FAR,unknown,2012-04-09,2025-10-12,sftp,apf;codigo_ibge_do_municipio;nome_empreendimento;situacao_do_empreendimento;detalhamento_da_situacao_do_empreendimento;situacao_do_empreendimento_em_janeiro_do_ano_de_referencia;detalhamento_da_situacao_do_empreendimento_em_janeiro_do_ano,,
historico_recente_202506_snh_pmcmv_dados_prioritarios_af_caixa,historico recente pmcmv dados prioritarios af caixa,FAR,unknown,2007-06-20,2025-06-30,sftp,apf;codigo_ibge_do_municipio;nome_empreendimento;situacao_do_empreendimento;detalhamento_da_situacao_do_empreendimento;situacao_do_empreendimento_em_janeiro_do_ano_de_referencia;detalhamento_da_situacao_do_empreendimento_em_janeiro_do_ano,,
historico_recente_202507_snh_pmcmv_dados_prioritarios_af_bb,historico recente pmcmv dados prioritarios af bb,FAR,unknown,2012-04-09,2026-03-01,sftp,apf;codigo_ibge_do_municipio;nome_empreendimento;situacao_do_empreendimento;detalhamento_da_situacao_do_empreendimento;situacao_do_empreendimento_em_janeiro_do_ano_de_referencia;detalhamento_da_situacao_do_empreendimento_em_janeiro_do_ano,,
historico_recente_202507_snh_pmcmv_dados_prioritarios_af_caixa,historico recente pmcmv dados prioritarios af caixa,FAR,unknown,2007-06-20,2025-07-31,sftp,apf;codigo_ibge_do_municipio;nome_empreendimento;situacao_do_empreendimento;detalhamento_da_situacao_do_empreendimento;situacao_do_empreendimento_em_janeiro_do_ano_de_referencia;detalhamento_da_situacao_do_empreendimento_em_janeiro_do_ano,,
historico_recente_202508_snh_pmcmv_dados_prioritarios_af_bb,historico recente pmcmv dados prioritarios af bb,FAR,unknown,2012-04-09,2026-11-02,sftp,apf;codigo_ibge_do_municipio;nome_empreendimento;situacao_do_empreendimento;detalhamento_da_situacao_do_empreendimento;situacao_do_empreendimento_em_janeiro_do_ano_de_referencia;detalhamento_da_situacao_do_empreendimento_em_janeiro_do_ano,,
historico_recente_202508_snh_pmcmv_dados_prioritarios_af_caixa,historico recente pmcmv dados prioritarios af caixa,FAR,unknown,2007-06-20,2025-08-31,sftp,apf;codigo_ibge_do_municipio;nome_empreendimento;situacao_do_empreendimento;detalhamento_da_situacao_do_empreendimento;situacao_do_empreendimento_em_janeiro_do_ano_de_referencia;detalhamento_da_situacao_do_empreendimento_em_janeiro_do_ano,,
historico_recente_202509_snh_pmcmv_dados_prioritarios_af_bb,historico recente pmcmv dados prioritarios af bb,FAR,unknown,2012-04-09,2026-11-02,sftp,apf;codigo_ibge_do_municipio;nome_empreendimento;situacao_do_empreendimento;detalhamento_da_situacao_do_empreendimento;situacao_do_empreendimento_em_janeiro_do_ano_de_referencia;detalhamento_da_situacao_do_empreendimento_em_janeiro_do_ano,,
historico_recente_202509_snh_pmcmv_dados_prioritarios_af_caixa,historico recente pmcmv dados prioritarios af caixa,FAR,unknown,2007-06-20,2025-09-30,sftp,apf;codigo_ibge_do_municipio;nome_empreendimento;situacao_do_empreendimento;detalhamento_da_situacao_do_empreendimento;situacao_do_empreendimento_em_janeiro_do_ano_de_referencia;detalhamento_da_situacao_do_empreendimento_em_janeiro_do_ano,,
historico_recente_202510_snh_pmcmv_dados_prioritarios_af_bb,historico recente pmcmv dados prioritarios af bb,FAR,unknown,2012-04-09,2026-06-30,sftp,apf;codigo_ibge_do_municipio;nome_empreendimento;situacao_do_empreendimento;detalhamento_da_situacao_do_empreendimento;situacao_do_empreendimento_em_janeiro_do_ano_de_referencia;detalhamento_da_situacao_do_empreendimento_em_janeiro_do_ano,,
historico_recente_202510_snh_pmcmv_dados_prioritarios_af_caixa,historico recente pmcmv dados prioritarios af caixa,FAR,unknown,2007-06-20,2025-10-31,sftp,apf;codigo_ibge_do_municipio;nome_empreendimento;situacao_do_empreendimento;detalhamento_da_situacao_do_empreendimento;situacao_do_empreendimento_em_janeiro_do_ano_de_referencia;detalhamento_da_situacao_do_empreendimento_em_janeiro_do_ano,,
historico_recente_202511_snh_pmcmv_dados_prioritarios_af_bb,historico recente pmcmv dados prioritarios af bb,FAR,unknown,2012-04-09,2026-06-30,sftp,apf;codigo_ibge_do_municipio;nome_empreendimento;situacao_do_empreendimento;detalhamento_da_situacao_do_empreendimento;situacao_do_empreendimento_em_janeiro_do_ano_de_referencia;detalhamento_da_situacao_do_empreendimento_em_janeiro_do_ano,,
historico_recente_202511_snh_pmcmv_dados_prioritarios_af_caixa,historico recente pmcmv dados prioritarios af caixa,FAR,unknown,2007-06-20,2025-11-30,sftp,apf;codigo_ibge_do_municipio;nome_empreendimento;situacao_do_empreendimento;detalhamento_da_situacao_do_empreendimento;situacao_do_empreendimento_em_janeiro_do_ano_de_referencia;detalhamento_da_situacao_do_empreendimento_em_janeiro_do_ano,,
historico_recente_202512_snh_pmcmv_dados_prioritarios_af_bb,historico recente pmcmv dados prioritarios af bb,FAR,unknown,2012-04-09,2026-04-30,sftp,apf;codigo_ibge_do_municipio;nome_empreendimento;situacao_do_empreendimento;detalhamento_da_situacao_do_empreendimento;situacao_do_empreendimento_em_janeiro_do_ano_de_referencia;detalhamento_da_situacao_do_empreendimento_em_janeiro_do_ano,,
historico_recente_202512_snh_pmcmv_dados_prioritarios_af_caixa,historico recente pmcmv dados prioritarios af caixa,FAR,unknown,2007-06-20,2025-12-31,sftp,apf;codigo_ibge_do_municipio;nome_empreendimento;situacao_do_empreendimento;detalhamento_da_situacao_do_empreendimento;situacao_do_empreendimento_em_janeiro_do_ano_de_referencia;detalhamento_da_situacao_do_empreendimento_em_janeiro_do_ano,,
historico_recente_2025_01_snh_pmcmv_dados_prioritarios_af_bb,historico recente pmcmv dados prioritarios af bb,FAR,unknown,2012-04-09,2025-07-31,sftp,apf;codigo_ibge_do_municipio;nome_empreendimento;situacao_do_empreendimento;detalhamento_da_situacao_do_empreendimento;situacao_do_empreendimento_em_janeiro_do_ano_de_referencia;detalhamento_da_situacao_do_empreendimento_em_janeiro_do_ano,,
historico_recente_2025_02_snh_pmcmv_dados_prioritarios_af_bb,historico recente pmcmv dados prioritarios af bb,FAR,unknown,2012-04-09,2025-07-31,sftp,apf;codigo_ibge_do_municipio;nome_empreendimento;situacao_do_empreendimento;detalhamento_da_situacao_do_empreendimento;situacao_do_empreendimento_em_janeiro_do_ano_de_referencia;detalhamento_da_situacao_do_empreendimento_em_janeiro_do_ano,,
historico_recente_202601_snh_pmcmv_dados_prioritarios_af_bb,historico recente pmcmv dados prioritarios af bb,FAR,unknown,2012-04-09,2026-07-31,sftp,apf;codigo_ibge_do_municipio;nome_empreendimento;situacao_do_empreendimento;detalhamento_da_situacao_do_empreendimento;situacao_do_empreendimento_em_janeiro_do_ano_de_referencia;detalhamento_da_situacao_do_empreendimento_em_janeiro_do_ano,,
historico_recente_202601_snh_pmcmv_dados_prioritarios_af_caixa,historico recente pmcmv dados prioritarios af caixa,FAR,unknown,2007-06-20,2026-01-31,sftp,apf;codigo_ibge_do_municipio;nome_empreendimento;situacao_do_empreendimento;detalhamento_da_situacao_do_empreendimento;situacao_do_empreendimento_em_janeiro_do_ano_de_referencia;detalhamento_da_situacao_do_empreendimento_em_janeiro_do_ano,,
historico_recente_202602_snh_pmcmv_dados_prioritarios_af_bb,historico recente pmcmv dados prioritarios af bb,FAR,unknown,2012-04-09,2026-07-31,sftp,apf;codigo_ibge_do_municipio;nome_empreendimento;situacao_do_empreendimento;detalhamento_da_situacao_do_empreendimento;situacao_do_empreendimento_em_janeiro_do_ano_de_referencia;detalhamento_da_situacao_do_empreendimento_em_janeiro_do_ano,,
historico_recente_202602_snh_pmcmv_dados_prioritarios_af_caixa,historico recente pmcmv dados prioritarios af caixa,FAR,unknown,2007-06-20,2026-02-28,sftp,apf;codigo_ibge_do_municipio;nome_empreendimento;situacao_do_empreendimento;detalhamento_da_situacao_do_empreendimento;situacao_do_empreendimento_em_janeiro_do_ano_de_referencia;detalhamento_da_situacao_do_empreendimento_em_janeiro_do_ano,,
historico_recente_202603_snh_pmcmv_dados_prioritarios_af_bb,historico recente pmcmv dados prioritarios af bb,FAR,unknown,2012-04-09,2026-08-31,sftp,apf;codigo_ibge_do_municipio;nome_empreendimento;situacao_do_empreendimento;detalhamento_da_situacao_do_empreendimento;situacao_do_empreendimento_em_janeiro_do_ano_de_referencia;detalhamento_da_situacao_do_empreendimento_em_janeiro_do_ano,,
historico_recente_202603_snh_pmcmv_dados_prioritarios_af_caixa,historico recente pmcmv dados prioritarios af caixa,FAR,unknown,2007-06-20,2026-03-31,sftp,apf;codigo_ibge_do_municipio;nome_empreendimento;situacao_do_empreendimento;detalhamento_da_situacao_do_empreendimento;situacao_do_empreendimento_em_janeiro_do_ano_de_referencia;detalhamento_da_situacao_do_empreendimento_em_janeiro_do_ano,,
ixa_001_2010_09___setembro_2010_contratação_pf_total___060920,ixa 001 2010 contratação pf total,PF,,2010-09-01,,sftp,,,
ixa_001_2011_09_setembro_presidencia_automatizado_mcmvii_082011,ixa 001 presidencia automatizado mcmvii,,,2011-09-01,,sftp,,,
ixa_001_2012_01_janeiro_pmcmv_relatorio_executivo_13012012_base,ixa 001 pmcmv relatorio executivo base,"CCFGTS, FAR, FDS, FGTS, Rural",unknown,,,sftp,nomeempreendimento,,
ixa_001_2012_01_janeiro_pmcmv_relatorio_executivo_31012012_base,ixa 001 pmcmv relatorio executivo base,"CCFGTS, FAR, FDS, FGTS, Rural",unknown,,,sftp,nomeempreendimento,,
ixa_001_2013_02___fevereiro_bases_relatório_executivo_15022013,ixa 001 bases relatório executivo,,,2013-02-01,,sftp,codmunicibge;idregistro;codapf;nomeempreendimento;endereco_do_empreendimento,,
ixa_001_2013_02___fevereiro_bases_relatório_executivo_28022013,ixa 001 bases relatório executivo,,,2013-02-01,,sftp,codmunicibge;idregistro;codapf;nomeempreendimento;endereco_do_empreendimento,,
ixa_001_2013_02___fevereiro_pmcmv_relatório_executivo_15022013,ixa 001 pmcmv relatório executivo,,,2013-02-01,,sftp,,,
ixa_001_2013_02___fevereiro_pmcmv_relatório_executivo_28022013,ixa 001 pmcmv relatório executivo,,,2013-02-01,,sftp,,,
ixa_001_2014_12_dezembro_bases_relatório_executivo_31122014_v2,ixa 001 bases relatório executivo v2,,,2014-12-01,,sftp,cod_munic_ibge;cod_apf;vnome_empreendimento;endereco_do_empreendimento,,
ixa_001_2015_02_fevereiro_pmcmv_3_relatório_executivo_28022015,ixa 001 pmcmv relatório executivo,,,2015-02-01,,sftp,,,
ixa_001_2015_12_dezembro_pmcmv_3_relatório_executivo_31122015v,ixa 001 pmcmv relatório executivo v,,,2015-12-01,,sftp,,,
julho_pmcmv_automatizado_continua_15072011_pmcmv__pr___15072011,pmcmv automatizado continua pmcmv pr,,,,,sftp,,,
matizado_continua_15072011_pmcmv_automatizado_continua_15072011,matizado continua pmcmv automatizado continua,,,,,sftp,,,
mbro_2009_relatorio_automatizado_31dez09final_com_base_valor_mc,mbro 2009 relatorio automatizado 31dez09final com base valor mc,,unknown,2009-12-30,2010-01-11,sftp,data_apf,,
o_recente_202406_snh_pmcmv_dados_prioritarios_af_caixa_entregas,o recente pmcmv dados prioritarios af caixa entregas,FAR,caixa,2022-09-06,2024-06-30,sftp,apf,,
o_recente_202407_snh_pmcmv_dados_prioritarios_af_caixa_entregas,o recente pmcmv dados prioritarios af caixa entregas,FAR,caixa,2022-01-12,2024-12-03,sftp,apf,,
o_recente_202408_snh_pmcmv_dados_prioritarios_af_caixa_entregas,o recente pmcmv dados prioritarios af caixa entregas,FAR,caixa,2022-01-12,2024-12-03,sftp,apf,,
o_recente_202409_snh_pmcmv_dados_prioritarios_af_caixa_entregas,o recente pmcmv dados prioritarios af caixa entregas,FAR,caixa,2010-01-06,2024-09-30,sftp,apf,,
o_recente_202410_snh_pmcmv_dados_prioritarios_af_caixa_entregas,o recente pmcmv dados prioritarios af caixa entregas,FAR,caixa,2010-01-06,2024-10-31,sftp,apf,,
o_recente_202411_snh_pmcmv_dados_prioritarios_af_caixa_entregas,o recente pmcmv dados prioritarios af caixa entregas,FAR,caixa,2010-02-05,2024-11-30,sftp,apf,,
o_recente_202412_snh_pmcmv_dados_prioritarios_af_caixa_entregas,o recente pmcmv dados prioritarios af caixa entregas,FAR,caixa,2010-01-06,2024-12-31,sftp,apf,,
o_recente_202501_snh_pmcmv_dados_prioritarios_af_caixa_entregas,o recente pmcmv dados prioritarios af caixa entregas,FAR,caixa,2010-01-06,2025-01-31,sftp,apf,,
o_recente_202502_snh_pmcmv_dados_prioritarios_af_caixa_entregas,o recente pmcmv dados prioritarios af caixa entregas,FAR,caixa,2010-01-06,2025-02-28,sftp,apf,,
o_recente_202504_snh_pmcmv_dados_prioritarios_af_caixa_entregas,o recente pmcmv dados prioritarios af caixa entregas,FAR,caixa,2010-01-06,2025-04-30,sftp,apf,,
o_recente_202505_snh_pmcmv_dados_prioritarios_af_caixa_entregas,o recente pmcmv dados prioritarios af caixa entregas,FAR,caixa,2010-01-06,2025-05-31,sftp,apf,,
o_recente_202506_snh_pmcmv_dados_prioritarios_af_caixa_entregas,o recente pmcmv dados prioritarios af caixa entregas,FAR,caixa,2010-01-06,2025-06-30,sftp,apf,,
o_recente_202507_snh_pmcmv_dados_prioritarios_af_caixa_entregas,o recente pmcmv dados prioritarios af caixa entregas,FAR,caixa,2010-01-06,2025-07-31,sftp,apf,,
o_recente_202508_snh_pmcmv_dados_prioritarios_af_caixa_entregas,o recente pmcmv dados prioritarios af caixa entregas,FAR,caixa,2010-01-06,2025-08-31,sftp,apf,,
o_recente_202509_snh_pmcmv_dados_prioritarios_af_caixa_entregas,o recente pmcmv dados prioritarios af caixa entregas,FAR,caixa,2010-01-06,2025-09-30,sftp,apf,,
o_recente_202510_snh_pmcmv_dados_prioritarios_af_caixa_entregas,o recente pmcmv dados prioritarios af caixa entregas,FAR,caixa,2010-01-06,2025-10-31,sftp,apf,,
o_recente_202511_snh_pmcmv_dados_prioritarios_af_caixa_entregas,o recente pmcmv dados prioritarios af caixa entregas,FAR,caixa,2010-01-06,2025-11-30,sftp,apf,,
o_recente_202512_snh_pmcmv_dados_prioritarios_af_caixa_entregas,o recente pmcmv dados prioritarios af caixa entregas,FAR,caixa,2010-01-06,2025-12-31,sftp,apf,,
o_recente_202601_snh_pmcmv_dados_prioritarios_af_caixa_entregas,o recente pmcmv dados prioritarios af caixa entregas,FAR,caixa,2010-01-06,2026-01-31,sftp,apf,,
o_recente_202602_snh_pmcmv_dados_prioritarios_af_caixa_entregas,o recente pmcmv dados prioritarios af caixa entregas,FAR,caixa,2010-01-06,2026-02-28,sftp,apf,,
o_recente_202603_snh_pmcmv_dados_prioritarios_af_caixa_entregas,o recente pmcmv dados prioritarios af caixa entregas,FAR,caixa,2010-01-06,2026-03-31,sftp,apf,,
o_relatorio_executivo_30092012_v3_rel_executivo_resumo_30092012,o relatorio executivo v3 rel executivo resumo,,,,,sftp,,,
relatorio_executivo_31102014_bases_relatório_executivo_3110201,relatorio executivo bases relatório executivo 1,,,,,sftp,codmunicibge;idregistro;codapf;nomeempreendimento;endereco_do_empreendimento,,
relatorio_executivo_31102014_pmcmv_relatório_executivo_3110201,relatorio executivo pmcmv relatório executivo 1,,,,,sftp,,,
storico_recente_2024_07_snh_pmcmv_dados_prioritarios_af_bb_vs02,storico recente pmcmv dados prioritarios af bb vs02,FAR,unknown,2012-04-09,2026-01-31,sftp,apf;codigo_ibge_do_municipio;nome_empreendimento;situacao_do_empreendimento;detalhamento_da_situacao_do_empreendimento;situacao_do_empreendimento_em_janeiro_do_ano_de_referencia;detalhamento_da_situacao_do_empreendimento_em_janeiro_do_ano,,
torio_executivo_18_05_2012_pmcmv_relatorio_executivo_18_05_2012,torio executivo 05 2012 pmcmv relatorio executivo 05 2012,,,,,sftp,,,
torio_executivo_30092012_v3_bases_relatório_executivo_30092012,torio executivo v3 bases relatório executivo,,,,,sftp,codmunicibge;idregistro;codapf;nomeempreendimento;endereco_do_empreendimento,,
torio_executivo_30092012_v3_pmcmv_relatório_executivo_30092012,torio executivo v3 pmcmv relatório executivo,,,,,sftp,,,
torio_executivo_31_05_2012_pmcmv_relatorio_executivo_31_05_2012,torio executivo 05 2012 pmcmv relatorio executivo 05 2012,,,,,sftp,,,
ubro_relatorio_executivo_31102014_rel_executivo_resumo_31102014,ubro relatorio executivo rel executivo resumo,,,,,sftp,,,
xa_001_2011_12_dezembro_pmcmv_relatorio_executivo_31122011_base,xa 001 pmcmv relatorio executivo base,,,2011-12-01,,sftp,nomeempreendimento,,
xa_001_2012_04_abril_2012_04_18_5a_propostas_recebidas_18042012,xa 001 5a propostas recebidas,"CCFGTS, FAR, FDS, FGTS, Rural",unknown,,,sftp,nomeempreendimento,,
xa_001_2012_04_abril_2012_04_18_5b_empreend_contratado_18042012,xa 001 5b empreend contratado,,,2012-04-01,,sftp,codmunicibge;idregistro;codapf;nomeempreendimento;endereco_do_empreendimento,,
xa_001_2012_04_abril_2012_04_18_5c_base_contratação_pf_180420,xa 001 5c base contratação pf,PF,,2012-04-01,,sftp,,,
xa_001_2013_12___dezembro_pmcmv_relat_rio_executivo_31122013_v2,xa 001 pmcmv relat rio executivo v2,,,2013-12-01,,sftp,,,
xa_001_2015_12_dezembro_pmcmv_3_relatório_executivo_31122015v2,xa 001 pmcmv relatório executivo v2,,,2015-12-01,,sftp,,,
