tabela,familia,variante,modelo_carga,evidencia
001_2011_08_agosto_previsão_de_conclusão_e_entrega_far_modelo,2011_08_agosto_previsão_de_conclusão_e_entrega_far_modelo,,full_refresh,classificacao=versao_unica; trajetoria=76; fonte_contagem=exato_count_star; nome_periodo=YYYY:2011
001_2012_02_fevereiro_base_pmcmv_relatorio_executivo_10_02_2012,2012_02_fevereiro_base_pmcmv_relatorio_executivo_10_02,,full_refresh,classificacao=versao_unica; trajetoria=536; fonte_contagem=exato_count_star; nome_periodo=YYYY:2012
001_2012_03_marco_pmcmv_relatorio_executivo_27_03_2012___cópia,2012_03_marco_pmcmv_relatorio_executivo_27_03_2012_cópia,,full_refresh,classificacao=versao_unica; trajetoria=536; fonte_contagem=exato_count_star; nome_periodo=YYYY:2012
001_2012_04_abril_cópia_de_pmcmv_relatorio_executivo_16_04_201,2012_04_abril_cópia_de_pmcmv_relatorio_executivo_16_04_201,,full_refresh,classificacao=versao_unica; trajetoria=536; fonte_contagem=exato_count_star; nome_periodo=YYYY:2012
001_2012_10_outubro_20121009_bases_relatório_executivo_0910201,2012_10_outubro_20121009_bases_relatório_executivo_0910201,,full_refresh,classificacao=versao_unica; trajetoria=18244; fonte_contagem=exato_count_star; nome_periodo=YYYY:2012
001_2012_10_outubro_20121009_bases_relatório_executivo_1610201,2012_10_outubro_20121009_bases_relatório_executivo_1610201,,full_refresh,classificacao=versao_unica; trajetoria=18352; fonte_contagem=exato_count_star; nome_periodo=YYYY:2012
001_2012_10_outubro_20121009_pmcmv_relatório_executivo_0910201,2012_10_outubro_20121009_pmcmv_relatório_executivo_0910201,,full_refresh,classificacao=versao_unica; trajetoria=536; fonte_contagem=exato_count_star; nome_periodo=YYYY:2012
001_2014_12_dezembro_rel_executivo_resumo_31122014_reprocessado,2014_12_dezembro_rel_executivo_resumo_31122014_reprocessado,,full_refresh,classificacao=versao_unica; trajetoria=536; fonte_contagem=exato_count_star; nome_periodo=YYYY:2014
011_12_dezembro_pmcmv_relatorio_executivo_31122011_base___cópi,12_dezembro_pmcmv_relatorio_executivo_31122011_base_cópi,,full_refresh,classificacao=versao_unica; trajetoria=7032; fonte_contagem=exato_count_star
018_int040_ministeriocidades_far_caixa_empreendimentos_20181001,int040_ministeriocidades_far_caixa_empreendimentos,,full_refresh,classificacao=versao_unica; trajetoria=8224; fonte_contagem=exato_count_star
01_2012_04_abril_cópia_de_pmcmv_relatorio_executivo_16_04_2012,2012_04_abril_cópia_de_pmcmv_relatorio_executivo_16_04,,full_refresh,classificacao=versao_unica; trajetoria=536; fonte_contagem=exato_count_star; nome_periodo=YYYY:2012
01_2012_05_maio_pmcmv_relatorio_executivo_31_05_2012__version_1,2012_05_maio_pmcmv_relatorio_executivo_31_05_2012_version_1,,full_refresh,classificacao=versao_unica; trajetoria=536; fonte_contagem=exato_count_star; nome_periodo=YYYY:2012
01_2012_06_junho_pmcmv_relatorio_executivo_15_06_2012_corrigido,2012_06_junho_pmcmv_relatorio_executivo_15_06_2012_corrigido,,full_refresh,classificacao=versao_unica; trajetoria=536; fonte_contagem=exato_count_star; nome_periodo=YYYY:2012
01_2012_10_outubro_20121009_bases_relatório_executivo_09102012,2012_10_outubro_20121009_bases_relatório_executivo,,full_refresh,classificacao=crescimento_nao_consistente_com_append; trajetoria=18244->18352; fonte_contagem=exato_count_star; nome_periodo=YYYY:2012
01_2012_10_outubro_20121009_bases_relatório_executivo_16102012,2012_10_outubro_20121009_bases_relatório_executivo,,full_refresh,classificacao=crescimento_nao_consistente_com_append; trajetoria=18244->18352; fonte_contagem=exato_count_star; nome_periodo=YYYY:2012
01_2012_10_outubro_20121009_pmcmv_relatório_executivo_09102012,2012_10_outubro_20121009_pmcmv_relatório_executivo,,full_refresh,classificacao=versao_unica; trajetoria=536; fonte_contagem=exato_count_star; nome_periodo=YYYY:2012
024_10_snh_pmcmv_dados_prioritarios_da_entrega_da_unidade_af_bb,10_snh_pmcmv_dados_prioritarios|af_bb|entrega_unidade,af_bb|entrega_unidade,full_refresh,classificacao=versao_unica; trajetoria=11724; fonte_contagem=exato_count_star
11_12_dezembro_pmcmv_relatorio_executivo_31122011_base___cópia,12_dezembro_pmcmv_relatorio_executivo_31122011_base_cópia,,full_refresh,classificacao=versao_unica; trajetoria=7032; fonte_contagem=exato_count_star
1_2012_04_abril_2012_04_18_pmcmv_relatorio_executivo_18_04_2012,2012_04_abril_2012_04_18_pmcmv_relatorio_executivo_18_04,,full_refresh,classificacao=versao_unica; trajetoria=536; fonte_contagem=exato_count_star; nome_periodo=YYYY:2012
1_2018_int054_ministeriocidades_far_bb_empreendimentos_20180831,2018_int054_ministeriocidades_far_bb_empreendimentos,,full_refresh,classificacao=versao_unica; trajetoria=404; fonte_contagem=exato_count_star; nome_periodo=YYYY:2018
202402_snh_pmcmv_dados_prioritarios_da_entrega_da_unidade_af_bb,snh_pmcmv_dados_prioritarios|af_bb|entrega_unidade,af_bb|entrega_unidade,full_refresh,classificacao=nao_monotona(flutua_ou_constante); trajetoria=11818->11654->11666->11676->11702->11740->11762->11790->11836->11850->11856->11860->11868->11870->11878->11882->11884->11884->11884->11898->11906; fonte_contagem=exato_count_star; nome_periodo=YYYYMM:202402
202406_snh_pmcmv_dados_prioritarios_da_entrega_da_unidade_af_bb,snh_pmcmv_dados_prioritarios|af_bb|entrega_unidade,af_bb|entrega_unidade,full_refresh,classificacao=nao_monotona(flutua_ou_constante); trajetoria=11818->11654->11666->11676->11702->11740->11762->11790->11836->11850->11856->11860->11868->11870->11878->11882->11884->11884->11884->11898->11906; fonte_contagem=exato_count_star; nome_periodo=YYYYMM:202406
202407_snh_pmcmv_dados_prioritarios_da_entrega_da_unidade_af_bb,snh_pmcmv_dados_prioritarios|af_bb|entrega_unidade,af_bb|entrega_unidade,full_refresh,classificacao=nao_monotona(flutua_ou_constante); trajetoria=11818->11654->11666->11676->11702->11740->11762->11790->11836->11850->11856->11860->11868->11870->11878->11882->11884->11884->11884->11898->11906; fonte_contagem=exato_count_star; nome_periodo=YYYYMM:202407
202408_snh_pmcmv_dados_prioritarios_da_entrega_da_unidade_af_bb,snh_pmcmv_dados_prioritarios|af_bb|entrega_unidade,af_bb|entrega_unidade,full_refresh,classificacao=nao_monotona(flutua_ou_constante); trajetoria=11818->11654->11666->11676->11702->11740->11762->11790->11836->11850->11856->11860->11868->11870->11878->11882->11884->11884->11884->11898->11906; fonte_contagem=exato_count_star; nome_periodo=YYYYMM:202408
202409_snh_pmcmv_dados_prioritarios_da_entrega_da_unidade_af_bb,snh_pmcmv_dados_prioritarios|af_bb|entrega_unidade,af_bb|entrega_unidade,full_refresh,classificacao=nao_monotona(flutua_ou_constante); trajetoria=11818->11654->11666->11676->11702->11740->11762->11790->11836->11850->11856->11860->11868->11870->11878->11882->11884->11884->11884->11898->11906; fonte_contagem=exato_count_star; nome_periodo=YYYYMM:202409
202411_snh_pmcmv_dados_prioritarios_da_entrega_da_unidade_af_bb,snh_pmcmv_dados_prioritarios|af_bb|entrega_unidade,af_bb|entrega_unidade,full_refresh,classificacao=nao_monotona(flutua_ou_constante); trajetoria=11818->11654->11666->11676->11702->11740->11762->11790->11836->11850->11856->11860->11868->11870->11878->11882->11884->11884->11884->11898->11906; fonte_contagem=exato_count_star; nome_periodo=YYYYMM:202411
202412_snh_pmcmv_dados_prioritarios_da_entrega_da_unidade_af_bb,snh_pmcmv_dados_prioritarios|af_bb|entrega_unidade,af_bb|entrega_unidade,full_refresh,classificacao=nao_monotona(flutua_ou_constante); trajetoria=11818->11654->11666->11676->11702->11740->11762->11790->11836->11850->11856->11860->11868->11870->11878->11882->11884->11884->11884->11898->11906; fonte_contagem=exato_count_star; nome_periodo=YYYYMM:202412
202501_snh_pmcmv_dados_prioritarios_da_entrega_da_unidade_af_bb,snh_pmcmv_dados_prioritarios|af_bb|entrega_unidade,af_bb|entrega_unidade,full_refresh,classificacao=nao_monotona(flutua_ou_constante); trajetoria=11818->11654->11666->11676->11702->11740->11762->11790->11836->11850->11856->11860->11868->11870->11878->11882->11884->11884->11884->11898->11906; fonte_contagem=exato_count_star; nome_periodo=YYYYMM:202501
202503_snh_pmcmv_dados_prioritarios_da_entrega_da_unidade_af_bb,snh_pmcmv_dados_prioritarios|af_bb|entrega_unidade,af_bb|entrega_unidade,full_refresh,classificacao=nao_monotona(flutua_ou_constante); trajetoria=11818->11654->11666->11676->11702->11740->11762->11790->11836->11850->11856->11860->11868->11870->11878->11882->11884->11884->11884->11898->11906; fonte_contagem=exato_count_star; nome_periodo=YYYYMM:202503
202504_snh_pmcmv_dados_prioritarios_da_entrega_da_unidade_af_bb,snh_pmcmv_dados_prioritarios|af_bb|entrega_unidade,af_bb|entrega_unidade,full_refresh,classificacao=nao_monotona(flutua_ou_constante); trajetoria=11818->11654->11666->11676->11702->11740->11762->11790->11836->11850->11856->11860->11868->11870->11878->11882->11884->11884->11884->11898->11906; fonte_contagem=exato_count_star; nome_periodo=YYYYMM:202504
202505_snh_pmcmv_dados_prioritarios_da_entrega_da_unidade_af_bb,snh_pmcmv_dados_prioritarios|af_bb|entrega_unidade,af_bb|entrega_unidade,full_refresh,classificacao=nao_monotona(flutua_ou_constante); trajetoria=11818->11654->11666->11676->11702->11740->11762->11790->11836->11850->11856->11860->11868->11870->11878->11882->11884->11884->11884->11898->11906; fonte_contagem=exato_count_star; nome_periodo=YYYYMM:202505
202506_snh_pmcmv_dados_prioritarios_da_entrega_da_unidade_af_bb,snh_pmcmv_dados_prioritarios|af_bb|entrega_unidade,af_bb|entrega_unidade,full_refresh,classificacao=nao_monotona(flutua_ou_constante); trajetoria=11818->11654->11666->11676->11702->11740->11762->11790->11836->11850->11856->11860->11868->11870->11878->11882->11884->11884->11884->11898->11906; fonte_contagem=exato_count_star; nome_periodo=YYYYMM:202506
202507_snh_pmcmv_dados_prioritarios_da_entrega_da_unidade_af_bb,snh_pmcmv_dados_prioritarios|af_bb|entrega_unidade,af_bb|entrega_unidade,full_refresh,classificacao=nao_monotona(flutua_ou_constante); trajetoria=11818->11654->11666->11676->11702->11740->11762->11790->11836->11850->11856->11860->11868->11870->11878->11882->11884->11884->11884->11898->11906; fonte_contagem=exato_count_star; nome_periodo=YYYYMM:202507
202508_snh_pmcmv_dados_prioritarios_da_entrega_da_unidade_af_bb,snh_pmcmv_dados_prioritarios|af_bb|entrega_unidade,af_bb|entrega_unidade,full_refresh,classificacao=nao_monotona(flutua_ou_constante); trajetoria=11818->11654->11666->11676->11702->11740->11762->11790->11836->11850->11856->11860->11868->11870->11878->11882->11884->11884->11884->11898->11906; fonte_contagem=exato_count_star; nome_periodo=YYYYMM:202508
202509_snh_pmcmv_dados_prioritarios_da_entrega_da_unidade_af_bb,snh_pmcmv_dados_prioritarios|af_bb|entrega_unidade,af_bb|entrega_unidade,full_refresh,classificacao=nao_monotona(flutua_ou_constante); trajetoria=11818->11654->11666->11676->11702->11740->11762->11790->11836->11850->11856->11860->11868->11870->11878->11882->11884->11884->11884->11898->11906; fonte_contagem=exato_count_star; nome_periodo=YYYYMM:202509
202510_snh_pmcmv_dados_prioritarios_da_entrega_da_unidade_af_bb,snh_pmcmv_dados_prioritarios|af_bb|entrega_unidade,af_bb|entrega_unidade,full_refresh,classificacao=nao_monotona(flutua_ou_constante); trajetoria=11818->11654->11666->11676->11702->11740->11762->11790->11836->11850->11856->11860->11868->11870->11878->11882->11884->11884->11884->11898->11906; fonte_contagem=exato_count_star; nome_periodo=YYYYMM:202510
202511_snh_pmcmv_dados_prioritarios_da_entrega_da_unidade_af_bb,snh_pmcmv_dados_prioritarios|af_bb|entrega_unidade,af_bb|entrega_unidade,full_refresh,classificacao=nao_monotona(flutua_ou_constante); trajetoria=11818->11654->11666->11676->11702->11740->11762->11790->11836->11850->11856->11860->11868->11870->11878->11882->11884->11884->11884->11898->11906; fonte_contagem=exato_count_star; nome_periodo=YYYYMM:202511
202512_snh_pmcmv_dados_prioritarios_da_entrega_da_unidade_af_bb,snh_pmcmv_dados_prioritarios|af_bb|entrega_unidade,af_bb|entrega_unidade,full_refresh,classificacao=nao_monotona(flutua_ou_constante); trajetoria=11818->11654->11666->11676->11702->11740->11762->11790->11836->11850->11856->11860->11868->11870->11878->11882->11884->11884->11884->11898->11906; fonte_contagem=exato_count_star; nome_periodo=YYYYMM:202512
202601_snh_pmcmv_dados_prioritarios_da_entrega_da_unidade_af_bb,snh_pmcmv_dados_prioritarios|af_bb|entrega_unidade,af_bb|entrega_unidade,full_refresh,classificacao=nao_monotona(flutua_ou_constante); trajetoria=11818->11654->11666->11676->11702->11740->11762->11790->11836->11850->11856->11860->11868->11870->11878->11882->11884->11884->11884->11898->11906; fonte_contagem=exato_count_star; nome_periodo=YYYYMM:202601
202602_snh_pmcmv_dados_prioritarios_da_entrega_da_unidade_af_bb,snh_pmcmv_dados_prioritarios|af_bb|entrega_unidade,af_bb|entrega_unidade,full_refresh,classificacao=nao_monotona(flutua_ou_constante); trajetoria=11818->11654->11666->11676->11702->11740->11762->11790->11836->11850->11856->11860->11868->11870->11878->11882->11884->11884->11884->11898->11906; fonte_contagem=exato_count_star; nome_periodo=YYYYMM:202602
202603_snh_pmcmv_dados_prioritarios_da_entrega_da_unidade_af_bb,snh_pmcmv_dados_prioritarios|af_bb|entrega_unidade,af_bb|entrega_unidade,full_refresh,classificacao=nao_monotona(flutua_ou_constante); trajetoria=11818->11654->11666->11676->11702->11740->11762->11790->11836->11850->11856->11860->11868->11870->11878->11882->11884->11884->11884->11898->11906; fonte_contagem=exato_count_star; nome_periodo=YYYYMM:202603
_001_2012_01_janeiro_pmcmv_relatorio_executivo_31012012_base_bd,001_2012_01_janeiro_pmcmv_relatorio_executivo_31012012_base_bd,,full_refresh,classificacao=versao_unica; trajetoria=8208; fonte_contagem=exato_count_star; nome_periodo=YYYY:2012
_001_2012_03_marco_pmcmv_relatorio_executivo_27_03_2012___cópi,001_2012_03_marco_pmcmv_relatorio_executivo_27_03_2012_cópi,,full_refresh,classificacao=versao_unica; trajetoria=536; fonte_contagem=exato_count_star; nome_periodo=YYYY:2012
_001_2012_04_abril_2012_04_18_5c_base_contratação_pf_18042012,001_2012_04_abril_2012_04_18_5c_base_contratação_pf,,full_refresh,classificacao=versao_unica; trajetoria=33914; fonte_contagem=exato_count_star; nome_periodo=YYYY:2012
_001_2012_11_novembro_sintese_20121128_evento_1_milhao_entregas,001_2012_11_novembro_sintese_20121128_evento_1_milhao|entregas,entregas,full_refresh,classificacao=versao_unica; trajetoria=84; fonte_contagem=exato_count_star; nome_periodo=YYYY:2012
_001_2013_01___janeiro_pmcmv_relatório_executivo__31__01__2013,001_2013_01_janeiro_pmcmv_relatório_executivo_31_01,,full_refresh,classificacao=versao_unica; trajetoria=536; fonte_contagem=exato_count_star; nome_periodo=YYYY:2013
_001_2015_01_janeiro_rel_executivo_resumo_31012015_reprocessado,001_2015_01_janeiro_rel_executivo_resumo_31012015_reprocessado,,full_refresh,classificacao=versao_unica; trajetoria=536; fonte_contagem=exato_count_star; nome_periodo=YYYY:2015
a_001_2010_09___setembro_2010_contratação_pf_total___06092010,a_001_2010_09_setembro_2010_contratação_pf_total,,full_refresh,classificacao=versao_unica; trajetoria=19928; fonte_contagem=exato_count_star; nome_periodo=YYYY:2010
a_001_2011_08_agosto_previsão_de_conclusão_e_entrega_far_mode,a_001_2011_08_agosto_previsão_de_conclusão_e_entrega_far_mode,,full_refresh,classificacao=versao_unica; trajetoria=76; fonte_contagem=exato_count_star; nome_periodo=YYYY:2011
a_001_2013_01___janeiro_pmcmv_relatório_executivo__31__01__201,a_001_2013_01_janeiro_pmcmv_relatório_executivo_31_01_201,,full_refresh,classificacao=versao_unica; trajetoria=536; fonte_contagem=exato_count_star; nome_periodo=YYYY:2013
aixa_001_2012_02_fevereiro_pmcmv_relatorio_executivo_17_02_2012,aixa_001_2012_02_fevereiro_pmcmv_relatorio_executivo_17_02,,full_refresh,classificacao=versao_unica; trajetoria=536; fonte_contagem=exato_count_star; nome_periodo=YYYY:2012
aixa_001_2012_02_fevereiro_pmcmv_relatorio_executivo_27_02_2012,aixa_001_2012_02_fevereiro_pmcmv_relatorio_executivo_27_02,,full_refresh,classificacao=versao_unica; trajetoria=536; fonte_contagem=exato_count_star; nome_periodo=YYYY:2012
aixa_001_2012_02_fevereiro_pmcmv_relatorio_executivo_29_02_2012,aixa_001_2012_02_fevereiro_pmcmv_relatorio_executivo_29_02,,full_refresh,classificacao=versao_unica; trajetoria=536; fonte_contagem=exato_count_star; nome_periodo=YYYY:2012
aixa_001_2013_02___fevereiro_bases_relatório_executivo_1502201,aixa_001_2013_02_fevereiro_bases_relatório_executivo_1502201,,full_refresh,classificacao=versao_unica; trajetoria=21596; fonte_contagem=exato_count_star; nome_periodo=YYYY:2013
aixa_001_2013_02___fevereiro_bases_relatório_executivo_2802201,aixa_001_2013_02_fevereiro_bases_relatório_executivo_2802201,,full_refresh,classificacao=versao_unica; trajetoria=21896; fonte_contagem=exato_count_star; nome_periodo=YYYY:2013
aixa_001_2013_02___fevereiro_pmcmv_relatório_executivo_1502201,aixa_001_2013_02_fevereiro_pmcmv_relatório_executivo_1502201,,full_refresh,classificacao=versao_unica; trajetoria=536; fonte_contagem=exato_count_star; nome_periodo=YYYY:2013
aixa_001_2013_02___fevereiro_pmcmv_relatório_executivo_2802201,aixa_001_2013_02_fevereiro_pmcmv_relatório_executivo_2802201,,full_refresh,classificacao=versao_unica; trajetoria=536; fonte_contagem=exato_count_star; nome_periodo=YYYY:2013
aixa_001_2014_12_dezembro_bases_relatório_executivo_31122014_v,aixa_001_2014_12_dezembro_bases_relatório_executivo_31122014_v,,full_refresh,classificacao=versao_unica; trajetoria=36202; fonte_contagem=exato_count_star; nome_periodo=YYYY:2014
aixa_001_2015_02_fevereiro_pmcmv_3_relatório_executivo_2802201,aixa_001_2015_02_fevereiro_pmcmv_3_relatório_executivo_2802201,,full_refresh,classificacao=versao_unica; trajetoria=536; fonte_contagem=exato_count_star; nome_periodo=YYYY:2015
aixa_001_2015_11_novembro_pmcmv_3_relatório_executivo_30112015,aixa_001_2015_11_novembro_pmcmv_3_relatório_executivo,,full_refresh,classificacao=versao_unica; trajetoria=536; fonte_contagem=exato_count_star; nome_periodo=YYYY:2015
aixa_001_2015_12_dezembro_bases_relatório_executivo_31122015v2,aixa_001_2015_12_dezembro_bases_relatório_executivo_31122015v2,,full_refresh,classificacao=versao_unica; trajetoria=39200; fonte_contagem=exato_count_star; nome_periodo=YYYY:2015
aixa_001_2016_02_fevereiro_relatorio_cidades__entregas_20160229,aixa_001_2016_02_fevereiro_relatorio_cidades,,full_refresh,classificacao=versao_unica; trajetoria=289584; fonte_contagem=exato_count_star; nome_periodo=YYYY:2016
aixa_002_2015_12_dezembro_pmcmv_3_relatório_executivo_31122015,aixa_002_2015_12_dezembro_pmcmv_3_relatório_executivo,,full_refresh,classificacao=versao_unica; trajetoria=536; fonte_contagem=exato_count_star; nome_periodo=YYYY:2015
atorio_executivo_30092012_v3_bases_relatório_executivo_3009201,atorio_executivo_30092012_v3_bases_relatório_executivo_3009201,,full_refresh,classificacao=versao_unica; trajetoria=18124; fonte_contagem=exato_count_star
atorio_executivo_30092012_v3_pmcmv_relatório_executivo_3009201,atorio_executivo_30092012_v3_pmcmv_relatório_executivo_3009201,,full_refresh,classificacao=versao_unica; trajetoria=536; fonte_contagem=exato_count_star
b_2012_04_abril_cópia_de_rel_min_cidades_valores_25_04_2012_bd,b_2012_04_abril_cópia_de_rel_min_cidades_valores_25_04_2012_bd,,full_refresh,classificacao=versao_unica; trajetoria=178; fonte_contagem=exato_count_star; nome_periodo=YYYY:2012
bb_2011_01_janeiro_rel_11jan2011,bb_2011_01_janeiro_rel_11jan2011,,full_refresh,classificacao=versao_unica; trajetoria=322; fonte_contagem=exato_count_star; nome_periodo=YYYY:2011
bb_2011_01_janeiro_rel_25jan2011,bb_2011_01_janeiro_rel_25jan2011,,full_refresh,classificacao=versao_unica; trajetoria=316; fonte_contagem=exato_count_star; nome_periodo=YYYY:2011
bb_2011_02_fevereiro_dados_22022011,bb_2011_02_fevereiro_dados,,full_refresh,classificacao=versao_unica; trajetoria=32; fonte_contagem=exato_count_star; nome_periodo=YYYY:2011
bb_2011_02_fevereiro_relatório_mcmv_bb_01_02_2011,bb_2011_02_fevereiro_relatório_mcmv_bb_01_02,,full_refresh,classificacao=versao_unica; trajetoria=316; fonte_contagem=exato_count_star; nome_periodo=YYYY:2011
bb_2011_02_fevereiro_relatório_mcmv_bb_08_02_2011,bb_2011_02_fevereiro_relatório_mcmv_bb_08_02,,full_refresh,classificacao=versao_unica; trajetoria=316; fonte_contagem=exato_count_star; nome_periodo=YYYY:2011
bb_2011_02_fevereiro_relatório_mcmv_bb_16_02_2011,bb_2011_02_fevereiro_relatório_mcmv_bb_16_02,,full_refresh,classificacao=versao_unica; trajetoria=316; fonte_contagem=exato_count_star; nome_periodo=YYYY:2011
bb_2011_03_março_relatorio_min_cidades___22mar11,bb_2011_03_março_relatorio_min_cidades_22mar11,,full_refresh,classificacao=versao_unica; trajetoria=316; fonte_contagem=exato_count_star; nome_periodo=YYYY:2011
bb_2011_04_abril_relatorio_min_cidades___18abr11,bb_2011_04_abril_relatorio_min_cidades_18abr11,,full_refresh,classificacao=versao_unica; trajetoria=316; fonte_contagem=exato_count_star; nome_periodo=YYYY:2011
bb_2011_04_abril_relatorio_min_cidades___26abr11,bb_2011_04_abril_relatorio_min_cidades_26abr11,,full_refresh,classificacao=versao_unica; trajetoria=316; fonte_contagem=exato_count_star; nome_periodo=YYYY:2011
bb_2011_05_maio_relatorio_min_cidades___03mai11,bb_2011_05_maio_relatorio_min_cidades_03mai11,,full_refresh,classificacao=versao_unica; trajetoria=316; fonte_contagem=exato_count_star; nome_periodo=YYYY:2011
bb_2011_05_maio_relatorio_min_cidades___10mai11,bb_2011_05_maio_relatorio_min_cidades_10mai11,,full_refresh,classificacao=versao_unica; trajetoria=316; fonte_contagem=exato_count_star; nome_periodo=YYYY:2011
bb_2011_05_maio_relatorio_min_cidades___17mai11,bb_2011_05_maio_relatorio_min_cidades_17mai11,,full_refresh,classificacao=versao_unica; trajetoria=316; fonte_contagem=exato_count_star; nome_periodo=YYYY:2011
bb_2011_05_maio_relatorio_min_cidades___24mai11,bb_2011_05_maio_relatorio_min_cidades_24mai11,,full_refresh,classificacao=versao_unica; trajetoria=316; fonte_contagem=exato_count_star; nome_periodo=YYYY:2011
bb_2011_06_junho_relatorio_min_cidades___07jun11,bb_2011_06_junho_relatorio_min_cidades_07jun11,,full_refresh,classificacao=versao_unica; trajetoria=316; fonte_contagem=exato_count_star; nome_periodo=YYYY:2011
bb_2011_07_julho_relatorio_min__cidades_19jul11,bb_2011_07_julho_relatorio_min_cidades_19jul11,,full_refresh,classificacao=versao_unica; trajetoria=316; fonte_contagem=exato_count_star; nome_periodo=YYYY:2011
bb_2011_07_julho_relatorio_min_cidades___12jul11,bb_2011_07_julho_relatorio_min_cidades_12jul11,,full_refresh,classificacao=versao_unica; trajetoria=316; fonte_contagem=exato_count_star; nome_periodo=YYYY:2011
bb_2011_08_agosto_balanço_23_08_2011_min__planejamento,bb_2011_08_agosto_balanço_23_08_2011_min_planejamento,,full_refresh,classificacao=versao_unica; trajetoria=12; fonte_contagem=exato_count_star; nome_periodo=YYYY:2011
bb_2011_08_agosto_relatorio_min__cidades_16ago11,bb_2011_08_agosto_relatorio_min_cidades_16ago11,,full_refresh,classificacao=versao_unica; trajetoria=106; fonte_contagem=exato_count_star; nome_periodo=YYYY:2011
bb_2011_08_agosto_relatorio_min__cidades_30ago11,bb_2011_08_agosto_relatorio_min_cidades_30ago11,,full_refresh,classificacao=versao_unica; trajetoria=106; fonte_contagem=exato_count_star; nome_periodo=YYYY:2011
bb_2011_09_setembro_relatorio_min__cidades_13set11_2,bb_2011_09_setembro_relatorio_min_cidades_13set11_2,,full_refresh,classificacao=versao_unica; trajetoria=106; fonte_contagem=exato_count_star; nome_periodo=YYYY:2011
bb_2011_10_outubro_relatorio_min__cidades_04out11,bb_2011_10_outubro_relatorio_min_cidades_04out11,,full_refresh,classificacao=versao_unica; trajetoria=106; fonte_contagem=exato_count_star; nome_periodo=YYYY:2011
bb_2011_10_outubro_relatorio_min__cidades_11out11,bb_2011_10_outubro_relatorio_min_cidades_11out11,,full_refresh,classificacao=versao_unica; trajetoria=106; fonte_contagem=exato_count_star; nome_periodo=YYYY:2011
bb_2011_10_outubro_relatorio_min__cidades_18out11,bb_2011_10_outubro_relatorio_min_cidades_18out11,,full_refresh,classificacao=versao_unica; trajetoria=106; fonte_contagem=exato_count_star; nome_periodo=YYYY:2011
bb_2011_10_outubro_relatorio_min__cidades_25out11,bb_2011_10_outubro_relatorio_min_cidades_25out11,,full_refresh,classificacao=versao_unica; trajetoria=106; fonte_contagem=exato_count_star; nome_periodo=YYYY:2011
bb_2012_01_janeiro_relatorio_min__cidades_17jan12,bb_2012_01_janeiro_relatorio_min_cidades_17jan12,,full_refresh,classificacao=versao_unica; trajetoria=110; fonte_contagem=exato_count_star; nome_periodo=YYYY:2012
bb_2012_01_janeiro_relatorio_min__cidades_24jan12,bb_2012_01_janeiro_relatorio_min_cidades_24jan12,,full_refresh,classificacao=versao_unica; trajetoria=110; fonte_contagem=exato_count_star; nome_periodo=YYYY:2012
bb_2012_01_janeiro_relatorio_min__cidades_31_01_2012,bb_2012_01_janeiro_relatorio_min_cidades_31_01,,full_refresh,classificacao=versao_unica; trajetoria=110; fonte_contagem=exato_count_star; nome_periodo=YYYY:2012
bb_2012_01_janeiro_relatorio_min_cidades_03_jan_12,bb_2012_01_janeiro_relatorio_min_cidades_03_jan_12,,full_refresh,classificacao=versao_unica; trajetoria=110; fonte_contagem=exato_count_star; nome_periodo=YYYY:2012
bb_2012_02_fevereiro_relatorio_min__cidades_06_02_2012,bb_2012_02_fevereiro_relatorio_min_cidades_06_02,,full_refresh,classificacao=versao_unica; trajetoria=110; fonte_contagem=exato_count_star; nome_periodo=YYYY:2012
bb_2012_02_fevereiro_relatorio_min__cidades_28_02_2012,bb_2012_02_fevereiro_relatorio_min_cidades_28_02,,full_refresh,classificacao=versao_unica; trajetoria=110; fonte_contagem=exato_count_star; nome_periodo=YYYY:2012
bb_2012_03_março_relatorio_min__cidades_06_03_2012,bb_2012_03_março_relatorio_min_cidades_06_03,,full_refresh,classificacao=versao_unica; trajetoria=110; fonte_contagem=exato_count_star; nome_periodo=YYYY:2012
bb_2012_03_março_relatorio_min__cidades_13_03_2012,bb_2012_03_março_relatorio_min_cidades_13_03,,full_refresh,classificacao=versao_unica; trajetoria=110; fonte_contagem=exato_count_star; nome_periodo=YYYY:2012
bb_2012_03_março_relatorio_min__cidades_20_03_2012,bb_2012_03_março_relatorio_min_cidades_20_03,,full_refresh,classificacao=versao_unica; trajetoria=110; fonte_contagem=exato_count_star; nome_periodo=YYYY:2012
bb_2012_03_março_relatorio_min__cidades_27_03_2012,bb_2012_03_março_relatorio_min_cidades_27_03,,full_refresh,classificacao=versao_unica; trajetoria=110; fonte_contagem=exato_count_star; nome_periodo=YYYY:2012
bb_2012_04_abril_cópia_de_rel_min_cidades_valores_25_04_2012_b,bb_2012_04_abril_cópia_de_rel_min_cidades_valores_25_04_2012_b,,full_refresh,classificacao=versao_unica; trajetoria=178; fonte_contagem=exato_count_star; nome_periodo=YYYY:2012
bb_2012_04_abril_rel_min_cidades_valores_25_04_2012,bb_2012_04_abril_rel_min_cidades_valores_25_04,,full_refresh,classificacao=versao_unica; trajetoria=178; fonte_contagem=exato_count_star; nome_periodo=YYYY:2012
bb_2012_04_abril_rel_min_cidades_valores_25_04_2012_bd,bb_2012_04_abril_rel_min_cidades_valores_25_04_2012_bd,,full_refresh,classificacao=versao_unica; trajetoria=178; fonte_contagem=exato_count_star; nome_periodo=YYYY:2012
bb_2012_04_abril_relatorio_min__cidades_03_04_2012,bb_2012_04_abril_relatorio_min_cidades_03_04,,full_refresh,classificacao=versao_unica; trajetoria=110; fonte_contagem=exato_count_star; nome_periodo=YYYY:2012
bb_2012_05_maio_relatorio_min__cidades_08_05_2012,bb_2012_05_maio_relatorio_min_cidades_08_05,,full_refresh,classificacao=versao_unica; trajetoria=178; fonte_contagem=exato_count_star; nome_periodo=YYYY:2012
bb_2012_05_maio_relatorio_min__cidades_08_05_2012_bd,bb_2012_05_maio_relatorio_min_cidades_08_05_2012_bd,,full_refresh,classificacao=versao_unica; trajetoria=178; fonte_contagem=exato_count_star; nome_periodo=YYYY:2012
bb_2012_05_maio_relatorio_min__cidades_15_05_2012,bb_2012_05_maio_relatorio_min_cidades_15_05,,full_refresh,classificacao=versao_unica; trajetoria=178; fonte_contagem=exato_count_star; nome_periodo=YYYY:2012
bb_2012_05_maio_relatorio_min__cidades_15_05_2012_bd,bb_2012_05_maio_relatorio_min_cidades_15_05_2012_bd,,full_refresh,classificacao=versao_unica; trajetoria=178; fonte_contagem=exato_count_star; nome_periodo=YYYY:2012
bb_2012_05_maio_relatorio_min__cidades_21_05_2012,bb_2012_05_maio_relatorio_min_cidades_21_05,,full_refresh,classificacao=versao_unica; trajetoria=178; fonte_contagem=exato_count_star; nome_periodo=YYYY:2012
bb_2012_05_maio_relatorio_min__cidades_21_05_2012___bd,bb_2012_05_maio_relatorio_min_cidades_21_05_2012_bd,,full_refresh,classificacao=versao_unica; trajetoria=178; fonte_contagem=exato_count_star; nome_periodo=YYYY:2012
bb_2012_05_maio_relatorio_min__cidades_28_05_2012,bb_2012_05_maio_relatorio_min_cidades_28_05,,full_refresh,classificacao=versao_unica; trajetoria=178; fonte_contagem=exato_count_star; nome_periodo=YYYY:2012
bb_2012_05_maio_relatorio_min__cidades_28_05_2012_ctr_caixa_bb,bb_2012_05_maio_relatorio_min_cidades_28_05_2012_ctr_caixa_bb,,full_refresh,classificacao=versao_unica; trajetoria=178; fonte_contagem=exato_count_star; nome_periodo=YYYY:2012
bb_2012_05_maio_relatorio_min__cidades_31_05_2012,bb_2012_05_maio_relatorio_min_cidades_31_05,,full_refresh,classificacao=versao_unica; trajetoria=178; fonte_contagem=exato_count_star; nome_periodo=YYYY:2012
bb_2012_05_maio_relatorio_min__cidades_31_05_2012_bd,bb_2012_05_maio_relatorio_min_cidades_31_05_2012_bd,,full_refresh,classificacao=versao_unica; trajetoria=178; fonte_contagem=exato_count_star; nome_periodo=YYYY:2012
bb_2012_05_maio_z_relatorio_caixa_3105a,bb_2012_05_maio_z_relatorio_caixa_3105a,,full_refresh,classificacao=versao_unica; trajetoria=436; fonte_contagem=exato_count_star; nome_periodo=YYYY:2012
bb_2012_06_junho_relatorio_min__cidades_04_06_2012,bb_2012_06_junho_relatorio_min_cidades_04_06,,full_refresh,classificacao=versao_unica; trajetoria=178; fonte_contagem=exato_count_star; nome_periodo=YYYY:2012
bb_2012_06_junho_relatorio_min__cidades_18_06_2012,bb_2012_06_junho_relatorio_min_cidades_18_06,,full_refresh,classificacao=versao_unica; trajetoria=178; fonte_contagem=exato_count_star; nome_periodo=YYYY:2012
bb_2012_06_junho_relatorio_min__cidades_18_06_2012_ret,bb_2012_06_junho_relatorio_min_cidades_18_06_2012_ret,,full_refresh,classificacao=versao_unica; trajetoria=178; fonte_contagem=exato_count_star; nome_periodo=YYYY:2012
bb_2012_06_junho_relatorio_min__cidades_26_06_2012,bb_2012_06_junho_relatorio_min_cidades_26_06,,full_refresh,classificacao=versao_unica; trajetoria=178; fonte_contagem=exato_count_star; nome_periodo=YYYY:2012
bb_2012_07_julho_relatorio_min__cidades_03_07_2012,bb_2012_07_julho_relatorio_min_cidades_03_07,,full_refresh,classificacao=versao_unica; trajetoria=178; fonte_contagem=exato_count_star; nome_periodo=YYYY:2012
bb_2012_07_julho_relatorio_min__cidades_09_07_2012,bb_2012_07_julho_relatorio_min_cidades_09_07,,full_refresh,classificacao=versao_unica; trajetoria=178; fonte_contagem=exato_count_star; nome_periodo=YYYY:2012
bb_2012_07_julho_relatorio_min__cidades_17_07_2012,bb_2012_07_julho_relatorio_min_cidades_17_07,,full_refresh,classificacao=versao_unica; trajetoria=178; fonte_contagem=exato_count_star; nome_periodo=YYYY:2012
bb_2012_07_julho_relatorio_min__cidades_24_07_2012,bb_2012_07_julho_relatorio_min_cidades_24_07,,full_refresh,classificacao=versao_unica; trajetoria=178; fonte_contagem=exato_count_star; nome_periodo=YYYY:2012
bb_2012_07_julho_relatorio_min__cidades_30_07_2012,bb_2012_07_julho_relatorio_min_cidades_30_07,,full_refresh,classificacao=versao_unica; trajetoria=178; fonte_contagem=exato_count_star; nome_periodo=YYYY:2012
bb_2012_08_agosto_relatorio_min__cidades_07_08_2012__1,bb_2012_08_agosto_relatorio_min_cidades_07_08_2012_1,,full_refresh,classificacao=versao_unica; trajetoria=178; fonte_contagem=exato_count_star; nome_periodo=YYYY:2012
bb_2012_08_agosto_relatorio_min__cidades_14_08_2012,bb_2012_08_agosto_relatorio_min_cidades_14_08,,full_refresh,classificacao=versao_unica; trajetoria=178; fonte_contagem=exato_count_star; nome_periodo=YYYY:2012
bb_2012_08_agosto_relatorio_min__cidades_21_08_2012,bb_2012_08_agosto_relatorio_min_cidades_21_08,,full_refresh,classificacao=versao_unica; trajetoria=178; fonte_contagem=exato_count_star; nome_periodo=YYYY:2012
bb_2012_08_agosto_relatorio_min__cidades_27_08_2012__1,bb_2012_08_agosto_relatorio_min_cidades_27_08_2012_1,,full_refresh,classificacao=versao_unica; trajetoria=178; fonte_contagem=exato_count_star; nome_periodo=YYYY:2012
bb_2012_08_agosto_relatorio_min__cidades_31_08_2012,bb_2012_08_agosto_relatorio_min_cidades_31_08,,full_refresh,classificacao=versao_unica; trajetoria=178; fonte_contagem=exato_count_star; nome_periodo=YYYY:2012
bb_2012_09_setembro_relatorio_min__cidades_01_10_2012,bb_2012_09_setembro_relatorio_min_cidades_01_10,,full_refresh,classificacao=versao_unica; trajetoria=178; fonte_contagem=exato_count_star; nome_periodo=YYYY:2012
bb_2012_09_setembro_relatorio_min__cidades_11_09_2012,bb_2012_09_setembro_relatorio_min_cidades_11_09,,full_refresh,classificacao=versao_unica; trajetoria=178; fonte_contagem=exato_count_star; nome_periodo=YYYY:2012
bb_2012_10_outubro_entrada_bb_20121023,bb_2012_10_outubro_entrada_bb,,full_refresh,classificacao=nao_monotona(flutua_ou_constante); trajetoria=604->604; fonte_contagem=exato_count_star; nome_periodo=YYYY:2012
bb_2012_10_outubro_entrada_bb_20121031,bb_2012_10_outubro_entrada_bb,,full_refresh,classificacao=nao_monotona(flutua_ou_constante); trajetoria=604->604; fonte_contagem=exato_count_star; nome_periodo=YYYY:2012
bb_2012_10_outubro_entrada_bb_20121031_ajustada,bb_2012_10_outubro_entrada_bb_20121031_ajustada,,full_refresh,classificacao=versao_unica; trajetoria=176; fonte_contagem=exato_count_star; nome_periodo=YYYY:2012
bb_2012_10_outubro_relatorio_min__cidades_09_10_2012,bb_2012_10_outubro_relatorio_min_cidades_09_10,,full_refresh,classificacao=versao_unica; trajetoria=178; fonte_contagem=exato_count_star; nome_periodo=YYYY:2012
bb_2012_10_outubro_relatorio_min__cidades_23_10_2012,bb_2012_10_outubro_relatorio_min_cidades_23_10,,full_refresh,classificacao=versao_unica; trajetoria=178; fonte_contagem=exato_count_star; nome_periodo=YYYY:2012
bb_2012_11_novembro_entrada_bb_20121106,bb_2012_11_novembro_entrada_bb,,full_refresh,classificacao=nao_monotona(flutua_ou_constante); trajetoria=604->604->604->308->308; fonte_contagem=exato_count_star; nome_periodo=YYYY:2012
bb_2012_11_novembro_entrada_bb_20121113,bb_2012_11_novembro_entrada_bb,,full_refresh,classificacao=nao_monotona(flutua_ou_constante); trajetoria=604->604->604->308->308; fonte_contagem=exato_count_star; nome_periodo=YYYY:2012
bb_2012_11_novembro_entrada_bb_20121119,bb_2012_11_novembro_entrada_bb,,full_refresh,classificacao=nao_monotona(flutua_ou_constante); trajetoria=604->604->604->308->308; fonte_contagem=exato_count_star; nome_periodo=YYYY:2012
bb_2012_11_novembro_entrada_bb_20121127,bb_2012_11_novembro_entrada_bb,,full_refresh,classificacao=nao_monotona(flutua_ou_constante); trajetoria=604->604->604->308->308; fonte_contagem=exato_count_star; nome_periodo=YYYY:2012
bb_2012_11_novembro_entrada_bb_20121127v2,bb_2012_11_novembro_entrada_bb_20121127v2,,full_refresh,classificacao=versao_unica; trajetoria=604; fonte_contagem=exato_count_star; nome_periodo=YYYY:2012
bb_2012_11_novembro_entrada_bb_20121130,bb_2012_11_novembro_entrada_bb,,full_refresh,classificacao=nao_monotona(flutua_ou_constante); trajetoria=604->604->604->308->308; fonte_contagem=exato_count_star; nome_periodo=YYYY:2012
bb_2012_12_dezembro_entrada_bb_20121210,bb_2012_12_dezembro_entrada_bb,,full_refresh,classificacao=nao_monotona(flutua_ou_constante); trajetoria=308->604->516; fonte_contagem=exato_count_star; nome_periodo=YYYY:2012
bb_2012_12_dezembro_entrada_bb_20121217,bb_2012_12_dezembro_entrada_bb,,full_refresh,classificacao=nao_monotona(flutua_ou_constante); trajetoria=308->604->516; fonte_contagem=exato_count_star; nome_periodo=YYYY:2012
bb_2012_12_dezembro_entrada_bb_20121228,bb_2012_12_dezembro_entrada_bb,,full_refresh,classificacao=nao_monotona(flutua_ou_constante); trajetoria=308->604->516; fonte_contagem=exato_count_star; nome_periodo=YYYY:2012
bb_2013_01_janeiro_entrada_bb_20130107,bb_2013_01_janeiro_entrada_bb,,full_refresh,classificacao=nao_monotona(flutua_ou_constante); trajetoria=604->516->516->516; fonte_contagem=exato_count_star; nome_periodo=YYYY:2013
bb_2013_01_janeiro_entrada_bb_20130113,bb_2013_01_janeiro_entrada_bb,,full_refresh,classificacao=nao_monotona(flutua_ou_constante); trajetoria=604->516->516->516; fonte_contagem=exato_count_star; nome_periodo=YYYY:2013
bb_2013_01_janeiro_entrada_bb_20130121,bb_2013_01_janeiro_entrada_bb,,full_refresh,classificacao=nao_monotona(flutua_ou_constante); trajetoria=604->516->516->516; fonte_contagem=exato_count_star; nome_periodo=YYYY:2013
bb_2013_01_janeiro_entrada_bb_20130128,bb_2013_01_janeiro_entrada_bb,,full_refresh,classificacao=nao_monotona(flutua_ou_constante); trajetoria=604->516->516->516; fonte_contagem=exato_count_star; nome_periodo=YYYY:2013
bb_2013_02_fevereiro_entrada_bb_20130205,bb_2013_02_fevereiro_entrada_bb,,full_refresh,classificacao=nao_monotona(flutua_ou_constante); trajetoria=516->520->516; fonte_contagem=exato_count_star; nome_periodo=YYYY:2013
bb_2013_02_fevereiro_entrada_bb_20130219,bb_2013_02_fevereiro_entrada_bb,,full_refresh,classificacao=nao_monotona(flutua_ou_constante); trajetoria=516->520->516; fonte_contagem=exato_count_star; nome_periodo=YYYY:2013
bb_2013_02_fevereiro_entrada_bb_20130226,bb_2013_02_fevereiro_entrada_bb,,full_refresh,classificacao=nao_monotona(flutua_ou_constante); trajetoria=516->520->516; fonte_contagem=exato_count_star; nome_periodo=YYYY:2013
bb_2013_02_fevereiro_propostas_bb,bb_2013_02_fevereiro_propostas_bb,,full_refresh,classificacao=versao_unica; trajetoria=178; fonte_contagem=exato_count_star; nome_periodo=YYYY:2013
bb_2013_03_marco_entrada_bb_20130305,bb_2013_03_marco_entrada_bb,,full_refresh,classificacao=nao_monotona(flutua_ou_constante); trajetoria=604->604->516->604; fonte_contagem=exato_count_star; nome_periodo=YYYY:2013
bb_2013_03_marco_entrada_bb_20130318,bb_2013_03_marco_entrada_bb,,full_refresh,classificacao=nao_monotona(flutua_ou_constante); trajetoria=604->604->516->604; fonte_contagem=exato_count_star; nome_periodo=YYYY:2013
bb_2013_03_marco_entrada_bb_20130401,bb_2013_03_marco_entrada_bb,,full_refresh,classificacao=nao_monotona(flutua_ou_constante); trajetoria=604->604->516->604; fonte_contagem=exato_count_star; nome_periodo=YYYY:2013
bb_2013_03_marco_entrada_bb_20130415,bb_2013_03_marco_entrada_bb,,full_refresh,classificacao=nao_monotona(flutua_ou_constante); trajetoria=604->604->516->604; fonte_contagem=exato_count_star; nome_periodo=YYYY:2013
bb_2013_04_abril_entrada_bb_20130429,bb_2013_04_abril_entrada_bb,,full_refresh,classificacao=versao_unica; trajetoria=604; fonte_contagem=exato_count_star; nome_periodo=YYYY:2013
bb_2013_05_maio_entrada_bb_20130506,bb_2013_05_maio_entrada_bb,,full_refresh,classificacao=nao_monotona(flutua_ou_constante); trajetoria=1232->1232; fonte_contagem=exato_count_star; nome_periodo=YYYY:2013
bb_2013_05_maio_entrada_bb_20130513,bb_2013_05_maio_entrada_bb,,full_refresh,classificacao=nao_monotona(flutua_ou_constante); trajetoria=1232->1232; fonte_contagem=exato_count_star; nome_periodo=YYYY:2013
bb_2013_06_junho_entrada_bb_20130604,bb_2013_06_junho_entrada_bb,,full_refresh,classificacao=nao_monotona(flutua_ou_constante); trajetoria=1232->1232->1232; fonte_contagem=exato_count_star; nome_periodo=YYYY:2013
bb_2013_06_junho_entrada_bb_20130618,bb_2013_06_junho_entrada_bb,,full_refresh,classificacao=nao_monotona(flutua_ou_constante); trajetoria=1232->1232->1232; fonte_contagem=exato_count_star; nome_periodo=YYYY:2013
bb_2013_06_junho_entrada_bb_20130630,bb_2013_06_junho_entrada_bb,,full_refresh,classificacao=nao_monotona(flutua_ou_constante); trajetoria=1232->1232->1232; fonte_contagem=exato_count_star; nome_periodo=YYYY:2013
bb_2013_06_junho_pmcmv_18062013_tab_andamento_obras,bb_2013_06_junho_pmcmv_18062013_tab_andamento_obras,,full_refresh,classificacao=versao_unica; trajetoria=1022; fonte_contagem=exato_count_star; nome_periodo=YYYY:2013
bb_2013_06_junho_pmcmv_18062013_tab_arquivos_dados,bb_2013_06_junho_pmcmv_18062013_tab_arquivos_dados,,full_refresh,classificacao=versao_unica; trajetoria=2; fonte_contagem=exato_count_star; nome_periodo=YYYY:2013
bb_2013_06_junho_pmcmv_18062013_tab_beneficiarios_fgts,bb_2013_06_junho_pmcmv_18062013_tab_beneficiarios_fgts,,full_refresh,classificacao=versao_unica; trajetoria=30552; fonte_contagem=exato_count_star; nome_periodo=YYYY:2013
bb_2013_06_junho_pmcmv_18062013_tab_caracterizacoes_entornos,bb_2013_06_junho_pmcmv_18062013_tab_caracterizacoes_entornos,,full_refresh,classificacao=versao_unica; trajetoria=292; fonte_contagem=exato_count_star; nome_periodo=YYYY:2013
bb_2013_06_junho_pmcmv_18062013_tab_contratos_pf_fgts,bb_2013_06_junho_pmcmv_18062013_tab_contratos_pf_fgts,,full_refresh,classificacao=versao_unica; trajetoria=38232; fonte_contagem=exato_count_star; nome_periodo=YYYY:2013
bb_2013_06_junho_pmcmv_18062013_tab_contratos_pj,bb_2013_06_junho_pmcmv_18062013_tab_contratos_pj,,full_refresh,classificacao=versao_unica; trajetoria=596; fonte_contagem=exato_count_star; nome_periodo=YYYY:2013
bb_2013_06_junho_pmcmv_18062013_tab_empreendimentos,bb_2013_06_junho_pmcmv_18062013_tab_empreendimentos,,full_refresh,classificacao=versao_unica; trajetoria=1374; fonte_contagem=exato_count_star; nome_periodo=YYYY:2013
bb_2013_06_junho_pmcmv_18062013_tab_operacoes,bb_2013_06_junho_pmcmv_18062013_tab_operacoes,,full_refresh,classificacao=versao_unica; trajetoria=1338; fonte_contagem=exato_count_star; nome_periodo=YYYY:2013
bb_2013_06_junho_pmcmv_18062013_tab_proponentes,bb_2013_06_junho_pmcmv_18062013_tab_proponentes,,full_refresh,classificacao=versao_unica; trajetoria=526; fonte_contagem=exato_count_star; nome_periodo=YYYY:2013
bb_2013_06_junho_pmcmv_18062013_tab_unidades_concluidas,bb_2013_06_junho_pmcmv_18062013_tab_unidades_concluidas,,full_refresh,classificacao=versao_unica; trajetoria=1374; fonte_contagem=exato_count_star; nome_periodo=YYYY:2013
bb_2013_07_julho_entrada_bb_20130716,bb_2013_07_julho_entrada_bb,,full_refresh,classificacao=versao_unica; trajetoria=1232; fonte_contagem=exato_count_star; nome_periodo=YYYY:2013
bb_2013_08_agosto_entrada_bb_20130802,bb_2013_08_agosto_entrada_bb,,full_refresh,classificacao=nao_monotona(flutua_ou_constante); trajetoria=1232->1232->1232; fonte_contagem=exato_count_star; nome_periodo=YYYY:2013
bb_2013_08_agosto_entrada_bb_20130819,bb_2013_08_agosto_entrada_bb,,full_refresh,classificacao=nao_monotona(flutua_ou_constante); trajetoria=1232->1232->1232; fonte_contagem=exato_count_star; nome_periodo=YYYY:2013
bb_2013_08_agosto_entrada_bb_20130904,bb_2013_08_agosto_entrada_bb,,full_refresh,classificacao=nao_monotona(flutua_ou_constante); trajetoria=1232->1232->1232; fonte_contagem=exato_count_star; nome_periodo=YYYY:2013
bb_2013_10_outubro_entrada_bb_20131105,bb_2013_10_outubro_entrada_bb,,full_refresh,classificacao=versao_unica; trajetoria=1198; fonte_contagem=exato_count_star; nome_periodo=YYYY:2013
bb_2013_11_novembro_entrada_bb_20131120,bb_2013_11_novembro_entrada_bb,,full_refresh,classificacao=nao_monotona(flutua_ou_constante); trajetoria=1198->1198; fonte_contagem=exato_count_star; nome_periodo=YYYY:2013
bb_2013_11_novembro_entrada_bb_20131204,bb_2013_11_novembro_entrada_bb,,full_refresh,classificacao=nao_monotona(flutua_ou_constante); trajetoria=1198->1198; fonte_contagem=exato_count_star; nome_periodo=YYYY:2013
bb_2013_12_dezembro_entrada_bb_20131218,bb_2013_12_dezembro_entrada_bb,,full_refresh,classificacao=crescimento_nao_consistente_com_append; trajetoria=1026->1140; fonte_contagem=exato_count_star; nome_periodo=YYYY:2013
bb_2013_12_dezembro_entrada_bb_20131223__aux_bb_far,bb_2013_12_dezembro_entrada_bb_20131223_aux_bb_far,,full_refresh,classificacao=versao_unica; trajetoria=694; fonte_contagem=exato_count_star; nome_periodo=YYYY:2013
bb_2013_12_dezembro_entrada_bb_20140102,bb_2013_12_dezembro_entrada_bb,,full_refresh,classificacao=crescimento_nao_consistente_com_append; trajetoria=1026->1140; fonte_contagem=exato_count_star; nome_periodo=YYYY:2013
bb_2014_01_janeiro_entrada_bb_20140116,bb_2014_01_janeiro_entrada_bb,,full_refresh,classificacao=versao_unica; trajetoria=1154; fonte_contagem=exato_count_star; nome_periodo=YYYY:2014
bb_2014_02_fevereiro_entrada_bb_20140217,bb_2014_02_fevereiro_entrada_bb,,full_refresh,classificacao=crescimento_nao_consistente_com_append; trajetoria=1060->1072; fonte_contagem=exato_count_star; nome_periodo=YYYY:2014
bb_2014_02_fevereiro_entrada_bb_20140306,bb_2014_02_fevereiro_entrada_bb,,full_refresh,classificacao=crescimento_nao_consistente_com_append; trajetoria=1060->1072; fonte_contagem=exato_count_star; nome_periodo=YYYY:2014
bb_2014_03_marco_entrada_bb_20140401,bb_2014_03_marco_entrada_bb,,full_refresh,classificacao=versao_unica; trajetoria=1198; fonte_contagem=exato_count_star; nome_periodo=YYYY:2014
bb_2014_04_abril_entrada_bb_20140415,bb_2014_04_abril_entrada_bb,,full_refresh,classificacao=nao_monotona(flutua_ou_constante); trajetoria=1198->1198; fonte_contagem=exato_count_star; nome_periodo=YYYY:2014
bb_2014_04_abril_entrada_bb_20140430,bb_2014_04_abril_entrada_bb,,full_refresh,classificacao=nao_monotona(flutua_ou_constante); trajetoria=1198->1198; fonte_contagem=exato_count_star; nome_periodo=YYYY:2014
bb_2014_05_maio_entrada_bb_20140516,bb_2014_05_maio_entrada_bb,,full_refresh,classificacao=nao_monotona(flutua_ou_constante); trajetoria=1198->1132; fonte_contagem=exato_count_star; nome_periodo=YYYY:2014
bb_2014_05_maio_entrada_bb_20140530,bb_2014_05_maio_entrada_bb,,full_refresh,classificacao=nao_monotona(flutua_ou_constante); trajetoria=1198->1132; fonte_contagem=exato_count_star; nome_periodo=YYYY:2014
bb_2014_06_junho_entrada_bb_20140615,bb_2014_06_junho_entrada_bb,,incremental,classificacao=append_monotono_estavel; trajetoria=1198->1214->1300; fonte_contagem=exato_count_star; nome_periodo=YYYY:2014
bb_2014_06_junho_entrada_bb_20140625,bb_2014_06_junho_entrada_bb,,incremental,classificacao=append_monotono_estavel; trajetoria=1198->1214->1300; fonte_contagem=exato_count_star; nome_periodo=YYYY:2014
bb_2014_06_junho_entrada_bb_20140701,bb_2014_06_junho_entrada_bb,,incremental,classificacao=append_monotono_estavel; trajetoria=1198->1214->1300; fonte_contagem=exato_count_star; nome_periodo=YYYY:2014
bb_2014_07_julho_entrada_bb_20140731,bb_2014_07_julho_entrada_bb,,full_refresh,classificacao=versao_unica; trajetoria=1278; fonte_contagem=exato_count_star; nome_periodo=YYYY:2014
bb_2014_08_agosto_entrada_bb_20140818_antigo,bb_2014_08_agosto_entrada_bb_20140818_antigo,,full_refresh,classificacao=versao_unica; trajetoria=1468; fonte_contagem=exato_count_star; nome_periodo=YYYY:2014
bb_2014_08_agosto_entrada_bb_20140829_antigo,bb_2014_08_agosto_entrada_bb_20140829_antigo,,full_refresh,classificacao=versao_unica; trajetoria=1468; fonte_contagem=exato_count_star; nome_periodo=YYYY:2014
bb_2014_09_setembro_entrada_bb_20140930,bb_2014_09_setembro_entrada_bb,,full_refresh,classificacao=versao_unica; trajetoria=1468; fonte_contagem=exato_count_star; nome_periodo=YYYY:2014
bb_2014_10_outubro_2014_10_30_min_cidades_pf_pf,bb_2014_10_outubro_2014_10_30_min_cidades_pf_pf,,full_refresh,classificacao=versao_unica; trajetoria=98270; fonte_contagem=exato_count_star; nome_periodo=YYYY:2014
bb_2014_10_outubro_2014_10_30_min_cidades_pj,bb_2014_10_outubro_2014_10_30_min_cidades_pj,,full_refresh,classificacao=versao_unica; trajetoria=1706; fonte_contagem=exato_count_star; nome_periodo=YYYY:2014
bb_2014_10_outubro_2014_10_30_min_cidades_pj_pf,bb_2014_10_outubro_2014_10_30_min_cidades_pj_pf,,full_refresh,classificacao=versao_unica; trajetoria=148948; fonte_contagem=exato_count_star; nome_periodo=YYYY:2014
bb_2014_10_outubro_2014_10_30_pnhr_30102014,bb_2014_10_outubro_2014_10_30_pnhr,,full_refresh,classificacao=versao_unica; trajetoria=1678; fonte_contagem=exato_count_star; nome_periodo=YYYY:2014
bb_2014_11_novembro_3011_min_cidades_pf_pf,bb_2014_11_novembro_3011_min_cidades_pf_pf,,full_refresh,classificacao=versao_unica; trajetoria=104880; fonte_contagem=exato_count_star; nome_periodo=YYYY:2014
bb_2014_11_novembro_3011_min_cidades_pj,bb_2014_11_novembro_3011_min_cidades_pj,,full_refresh,classificacao=versao_unica; trajetoria=1760; fonte_contagem=exato_count_star; nome_periodo=YYYY:2014
bb_2014_11_novembro_3011_min_cidades_pj_pf,bb_2014_11_novembro_3011_min_cidades_pj_pf,,full_refresh,classificacao=versao_unica; trajetoria=157446; fonte_contagem=exato_count_star; nome_periodo=YYYY:2014
bb_2014_11_novembro_3011_pnhr_30112014,bb_2014_11_novembro_3011_pnhr,,full_refresh,classificacao=versao_unica; trajetoria=1864; fonte_contagem=exato_count_star; nome_periodo=YYYY:2014
bb_2014_12_dezembro_min_cidades_pf_pf,bb_2014_12_dezembro_min_cidades_pf_pf,,full_refresh,classificacao=versao_unica; trajetoria=111596; fonte_contagem=exato_count_star; nome_periodo=YYYY:2014
bb_2014_12_dezembro_min_cidades_pj,bb_2014_12_dezembro_min_cidades_pj,,full_refresh,classificacao=versao_unica; trajetoria=1898; fonte_contagem=exato_count_star; nome_periodo=YYYY:2014
bb_2014_12_dezembro_min_cidades_pj_pf,bb_2014_12_dezembro_min_cidades_pj_pf,,full_refresh,classificacao=versao_unica; trajetoria=164470; fonte_contagem=exato_count_star; nome_periodo=YYYY:2014
bb_2014_12_dezembro_pnhr_15122014,bb_2014_12_dezembro_pnhr,,full_refresh,classificacao=crescimento_nao_consistente_com_append; trajetoria=1946->2032; fonte_contagem=exato_count_star; nome_periodo=YYYY:2014
bb_2014_12_dezembro_pnhr_20141231,bb_2014_12_dezembro_pnhr,,full_refresh,classificacao=crescimento_nao_consistente_com_append; trajetoria=1946->2032; fonte_contagem=exato_count_star; nome_periodo=YYYY:2014
bb_2015_01_janeiro_2015_01_15_min_cidades_pf_pf,bb_2015_01_janeiro_2015_01_15_min_cidades_pf_pf,,full_refresh,classificacao=versao_unica; trajetoria=114306; fonte_contagem=exato_count_star; nome_periodo=YYYY:2015
bb_2015_01_janeiro_2015_01_15_min_cidades_pj,bb_2015_01_janeiro_2015_01_15_min_cidades_pj,,full_refresh,classificacao=versao_unica; trajetoria=1882; fonte_contagem=exato_count_star; nome_periodo=YYYY:2015
bb_2015_01_janeiro_2015_01_15_min_cidades_pj_pf,bb_2015_01_janeiro_2015_01_15_min_cidades_pj_pf,,full_refresh,classificacao=versao_unica; trajetoria=166454; fonte_contagem=exato_count_star; nome_periodo=YYYY:2015
bb_2015_01_janeiro_2015_01_15_pnhr_15012015,bb_2015_01_janeiro_2015_01_15_pnhr,,full_refresh,classificacao=versao_unica; trajetoria=2042; fonte_contagem=exato_count_star; nome_periodo=YYYY:2015
bb_2015_01_janeiro_2015_01_31_min_cidades_pf_pf,bb_2015_01_janeiro_2015_01_31_min_cidades_pf_pf,,full_refresh,classificacao=versao_unica; trajetoria=117338; fonte_contagem=exato_count_star; nome_periodo=YYYY:2015
bb_2015_01_janeiro_2015_01_31_min_cidades_pj,bb_2015_01_janeiro_2015_01_31_min_cidades_pj,,full_refresh,classificacao=versao_unica; trajetoria=1864; fonte_contagem=exato_count_star; nome_periodo=YYYY:2015
bb_2015_01_janeiro_2015_01_31_min_cidades_pj_pf,bb_2015_01_janeiro_2015_01_31_min_cidades_pj_pf,,full_refresh,classificacao=versao_unica; trajetoria=169260; fonte_contagem=exato_count_star; nome_periodo=YYYY:2015
bb_2015_02_fevereiro_min_cidades_pf_pf,bb_2015_02_fevereiro_min_cidades_pf_pf,,full_refresh,classificacao=versao_unica; trajetoria=123090; fonte_contagem=exato_count_star; nome_periodo=YYYY:2015
bb_2015_02_fevereiro_min_cidades_pj,bb_2015_02_fevereiro_min_cidades_pj,,full_refresh,classificacao=versao_unica; trajetoria=1852; fonte_contagem=exato_count_star; nome_periodo=YYYY:2015
bb_2015_02_fevereiro_min_cidades_pj_2015_02,bb_2015_02_fevereiro_min_cidades_pj_2015_02,,full_refresh,classificacao=versao_unica; trajetoria=1852; fonte_contagem=exato_count_star; nome_periodo=YYYY:2015
bb_2015_02_fevereiro_min_cidades_pj_pf,bb_2015_02_fevereiro_min_cidades_pj_pf,,full_refresh,classificacao=versao_unica; trajetoria=175916; fonte_contagem=exato_count_star; nome_periodo=YYYY:2015
bb_2015_02_fevereiro_pnhr_28022015,bb_2015_02_fevereiro_pnhr,,full_refresh,classificacao=versao_unica; trajetoria=2046; fonte_contagem=exato_count_star; nome_periodo=YYYY:2015
bb_2015_03_marco_cgu_of_6263_tab_emp_20150831,bb_2015_03_marco_cgu_of_6263_tab_emp,,full_refresh,classificacao=versao_unica; trajetoria=0; fonte_contagem=exato_count_star; nome_periodo=YYYY:2015
bb_2015_03_marco_min_cidades_pf_pf,bb_2015_03_marco_min_cidades_pf_pf,,full_refresh,classificacao=versao_unica; trajetoria=126234; fonte_contagem=exato_count_star; nome_periodo=YYYY:2015
bb_2015_03_marco_min_cidades_pj,bb_2015_03_marco_min_cidades_pj,,full_refresh,classificacao=versao_unica; trajetoria=1884; fonte_contagem=exato_count_star; nome_periodo=YYYY:2015
bb_2015_03_marco_min_cidades_pj_2015_03,bb_2015_03_marco_min_cidades_pj_2015_03,,full_refresh,classificacao=versao_unica; trajetoria=1884; fonte_contagem=exato_count_star; nome_periodo=YYYY:2015
bb_2015_03_marco_min_cidades_pj_pf,bb_2015_03_marco_min_cidades_pj_pf,,full_refresh,classificacao=versao_unica; trajetoria=180232; fonte_contagem=exato_count_star; nome_periodo=YYYY:2015
bb_2015_03_marco_pnhr_15032015,bb_2015_03_marco_pnhr,,full_refresh,classificacao=crescimento_nao_consistente_com_append; trajetoria=2042->3194; fonte_contagem=exato_count_star; nome_periodo=YYYY:2015
bb_2015_03_marco_pnhr_31032015,bb_2015_03_marco_pnhr,,full_refresh,classificacao=crescimento_nao_consistente_com_append; trajetoria=2042->3194; fonte_contagem=exato_count_star; nome_periodo=YYYY:2015
bb_2015_04_abril_min_cidades_pf_pf,bb_2015_04_abril_min_cidades_pf_pf,,full_refresh,classificacao=versao_unica; trajetoria=135648; fonte_contagem=exato_count_star; nome_periodo=YYYY:2015
bb_2015_04_abril_min_cidades_pj,bb_2015_04_abril_min_cidades_pj,,full_refresh,classificacao=versao_unica; trajetoria=1878; fonte_contagem=exato_count_star; nome_periodo=YYYY:2015
bb_2015_04_abril_min_cidades_pj_pf,bb_2015_04_abril_min_cidades_pj_pf,,full_refresh,classificacao=versao_unica; trajetoria=194400; fonte_contagem=exato_count_star; nome_periodo=YYYY:2015
bb_2015_04_abril_pnhr_30042015,bb_2015_04_abril_pnhr,,full_refresh,classificacao=versao_unica; trajetoria=2054; fonte_contagem=exato_count_star; nome_periodo=YYYY:2015
bb_2015_05_maio_2015_05_31_min_cidades_pf_pf,bb_2015_05_maio_2015_05_31_min_cidades_pf_pf,,full_refresh,classificacao=versao_unica; trajetoria=141620; fonte_contagem=exato_count_star; nome_periodo=YYYY:2015
bb_2015_05_maio_2015_05_31_min_cidades_pj,bb_2015_05_maio_2015_05_31_min_cidades_pj,,full_refresh,classificacao=versao_unica; trajetoria=1884; fonte_contagem=exato_count_star; nome_periodo=YYYY:2015
bb_2015_05_maio_2015_05_31_min_cidades_pj_pf,bb_2015_05_maio_2015_05_31_min_cidades_pj_pf,,full_refresh,classificacao=versao_unica; trajetoria=200688; fonte_contagem=exato_count_star; nome_periodo=YYYY:2015
bb_2015_06_junho_min_cidades_pf_pf,bb_2015_06_junho_min_cidades_pf_pf,,full_refresh,classificacao=versao_unica; trajetoria=148010; fonte_contagem=exato_count_star; nome_periodo=YYYY:2015
bb_2015_06_junho_min_cidades_pj,bb_2015_06_junho_min_cidades_pj,,full_refresh,classificacao=versao_unica; trajetoria=1940; fonte_contagem=exato_count_star; nome_periodo=YYYY:2015
bb_2015_06_junho_min_cidades_pj_pf,bb_2015_06_junho_min_cidades_pj_pf,,full_refresh,classificacao=versao_unica; trajetoria=208324; fonte_contagem=exato_count_star; nome_periodo=YYYY:2015
bb_2015_08_agosto_loginfesta,bb_2015_08_agosto_loginfesta,,full_refresh,classificacao=versao_unica; trajetoria=256; fonte_contagem=exato_count_star; nome_periodo=YYYY:2015
bb_2015_08_agosto_min_cidades_pf_pf,bb_2015_08_agosto_min_cidades_pf_pf,,full_refresh,classificacao=versao_unica; trajetoria=157924; fonte_contagem=exato_count_star; nome_periodo=YYYY:2015
bb_2015_08_agosto_min_cidades_pj,bb_2015_08_agosto_min_cidades_pj,,full_refresh,classificacao=versao_unica; trajetoria=1978; fonte_contagem=exato_count_star; nome_periodo=YYYY:2015
bb_2015_08_agosto_min_cidades_pj_pf,bb_2015_08_agosto_min_cidades_pj_pf,,full_refresh,classificacao=versao_unica; trajetoria=219008; fonte_contagem=exato_count_star; nome_periodo=YYYY:2015
bb_2015_08_agosto_min_cidades_pj_sem_aspas,bb_2015_08_agosto_min_cidades_pj_sem_aspas,,full_refresh,classificacao=versao_unica; trajetoria=1978; fonte_contagem=exato_count_star; nome_periodo=YYYY:2015
bb_2015_09_setembro_min_cidades_pf_pf,bb_2015_09_setembro_min_cidades_pf_pf,,full_refresh,classificacao=versao_unica; trajetoria=163772; fonte_contagem=exato_count_star; nome_periodo=YYYY:2015
bb_2015_09_setembro_min_cidades_pj,bb_2015_09_setembro_min_cidades_pj,,full_refresh,classificacao=versao_unica; trajetoria=1982; fonte_contagem=exato_count_star; nome_periodo=YYYY:2015
bb_2015_09_setembro_min_cidades_pj_pf,bb_2015_09_setembro_min_cidades_pj_pf,,full_refresh,classificacao=versao_unica; trajetoria=225374; fonte_contagem=exato_count_star; nome_periodo=YYYY:2015
bb_2015_09_setembro_pnhr_30092015,bb_2015_09_setembro_pnhr,,full_refresh,classificacao=versao_unica; trajetoria=1774; fonte_contagem=exato_count_star; nome_periodo=YYYY:2015
bb_2015_10_outubro_min_cidades_pf_pf,bb_2015_10_outubro_min_cidades_pf_pf,,full_refresh,classificacao=versao_unica; trajetoria=169482; fonte_contagem=exato_count_star; nome_periodo=YYYY:2015
bb_2015_10_outubro_min_cidades_pj,bb_2015_10_outubro_min_cidades_pj,,full_refresh,classificacao=versao_unica; trajetoria=2012; fonte_contagem=exato_count_star; nome_periodo=YYYY:2015
bb_2015_10_outubro_min_cidades_pj_pf,bb_2015_10_outubro_min_cidades_pj_pf,,full_refresh,classificacao=versao_unica; trajetoria=229446; fonte_contagem=exato_count_star; nome_periodo=YYYY:2015
bb_2015_10_outubro_pnhr_31102015,bb_2015_10_outubro_pnhr,,full_refresh,classificacao=versao_unica; trajetoria=1942; fonte_contagem=exato_count_star; nome_periodo=YYYY:2015
bb_2015_12_dezembro_min_cidades_pf_pf,bb_2015_12_dezembro_min_cidades_pf_pf,,full_refresh,classificacao=versao_unica; trajetoria=176774; fonte_contagem=exato_count_star; nome_periodo=YYYY:2015
bb_2015_12_dezembro_min_cidades_pj,bb_2015_12_dezembro_min_cidades_pj,,full_refresh,classificacao=versao_unica; trajetoria=2060; fonte_contagem=exato_count_star; nome_periodo=YYYY:2015
bb_2015_12_dezembro_min_cidades_pj_pf,bb_2015_12_dezembro_min_cidades_pj_pf,,full_refresh,classificacao=versao_unica; trajetoria=243122; fonte_contagem=exato_count_star; nome_periodo=YYYY:2015
bb_2015_12_dezembro_pnhr_31122015,bb_2015_12_dezembro_pnhr,,full_refresh,classificacao=versao_unica; trajetoria=1982; fonte_contagem=exato_count_star; nome_periodo=YYYY:2015
bb_2016_01_janeiro_2016_01_31_min_cidades_pf_pf,bb_2016_01_janeiro_2016_01_31_min_cidades_pf_pf,,full_refresh,classificacao=versao_unica; trajetoria=178032; fonte_contagem=exato_count_star; nome_periodo=YYYY:2016
bb_2016_01_janeiro_2016_01_31_min_cidades_pj,bb_2016_01_janeiro_2016_01_31_min_cidades_pj,,full_refresh,classificacao=versao_unica; trajetoria=2074; fonte_contagem=exato_count_star; nome_periodo=YYYY:2016
bb_2016_01_janeiro_2016_01_31_min_cidades_pj_pf,bb_2016_01_janeiro_2016_01_31_min_cidades_pj_pf,,full_refresh,classificacao=versao_unica; trajetoria=244616; fonte_contagem=exato_count_star; nome_periodo=YYYY:2016
bb_2016_01_janeiro_pnhr_31012016,bb_2016_01_janeiro_pnhr,,full_refresh,classificacao=versao_unica; trajetoria=1988; fonte_contagem=exato_count_star; nome_periodo=YYYY:2016
bb_2016_02_fevereiro_2016_02_29_min_cidades_pf_pf,bb_2016_02_fevereiro_2016_02_29_min_cidades_pf_pf,,full_refresh,classificacao=versao_unica; trajetoria=181296; fonte_contagem=exato_count_star; nome_periodo=YYYY:2016
bb_2016_02_fevereiro_2016_02_29_min_cidades_pj,bb_2016_02_fevereiro_2016_02_29_min_cidades_pj,,full_refresh,classificacao=versao_unica; trajetoria=2066; fonte_contagem=exato_count_star; nome_periodo=YYYY:2016
bb_2016_02_fevereiro_2016_02_29_min_cidades_pj_pf,bb_2016_02_fevereiro_2016_02_29_min_cidades_pj_pf,,full_refresh,classificacao=versao_unica; trajetoria=246374; fonte_contagem=exato_count_star; nome_periodo=YYYY:2016
bb_2016_02_fevereiro_pnhr_29022016,bb_2016_02_fevereiro_pnhr,,full_refresh,classificacao=versao_unica; trajetoria=1982; fonte_contagem=exato_count_star; nome_periodo=YYYY:2016
bb_2016_04_abril_min_cidades_pf_pf,bb_2016_04_abril_min_cidades_pf_pf,,full_refresh,classificacao=versao_unica; trajetoria=190980; fonte_contagem=exato_count_star; nome_periodo=YYYY:2016
bb_2016_04_abril_min_cidades_pj,bb_2016_04_abril_min_cidades_pj,,full_refresh,classificacao=versao_unica; trajetoria=2006; fonte_contagem=exato_count_star; nome_periodo=YYYY:2016
bb_2016_04_abril_min_cidades_pj_pf,bb_2016_04_abril_min_cidades_pj_pf,,full_refresh,classificacao=versao_unica; trajetoria=286836; fonte_contagem=exato_count_star; nome_periodo=YYYY:2016
bb_2016_04_abril_pnhr_30042016,bb_2016_04_abril_pnhr,,full_refresh,classificacao=versao_unica; trajetoria=1994; fonte_contagem=exato_count_star; nome_periodo=YYYY:2016
bb_2016_05_maio_2016_05_31_min_cidades_pf_pf,bb_2016_05_maio_2016_05_31_min_cidades_pf_pf,,full_refresh,classificacao=versao_unica; trajetoria=192822; fonte_contagem=exato_count_star; nome_periodo=YYYY:2016
bb_2016_05_maio_2016_05_31_min_cidades_pj,bb_2016_05_maio_2016_05_31_min_cidades_pj,,full_refresh,classificacao=versao_unica; trajetoria=1984; fonte_contagem=exato_count_star; nome_periodo=YYYY:2016
bb_2016_05_maio_2016_05_31_min_cidades_pj_pf,bb_2016_05_maio_2016_05_31_min_cidades_pj_pf,,full_refresh,classificacao=versao_unica; trajetoria=293560; fonte_contagem=exato_count_star; nome_periodo=YYYY:2016
bb_2016_05_maio_pnhr_31052016,bb_2016_05_maio_pnhr,,full_refresh,classificacao=versao_unica; trajetoria=1996; fonte_contagem=exato_count_star; nome_periodo=YYYY:2016
bb_2016_06_junho_2016_06_30_min_cidades_pf_pf,bb_2016_06_junho_2016_06_30_min_cidades_pf_pf,,full_refresh,classificacao=versao_unica; trajetoria=196188; fonte_contagem=exato_count_star; nome_periodo=YYYY:2016
bb_2016_06_junho_2016_06_30_min_cidades_pj,bb_2016_06_junho_2016_06_30_min_cidades_pj,,full_refresh,classificacao=versao_unica; trajetoria=1990; fonte_contagem=exato_count_star; nome_periodo=YYYY:2016
bb_2016_06_junho_2016_06_30_min_cidades_pj_pf,bb_2016_06_junho_2016_06_30_min_cidades_pj_pf,,full_refresh,classificacao=versao_unica; trajetoria=301590; fonte_contagem=exato_count_star; nome_periodo=YYYY:2016
bb_2016_06_junho_pnhr_30062016,bb_2016_06_junho_pnhr,,full_refresh,classificacao=versao_unica; trajetoria=2016; fonte_contagem=exato_count_star; nome_periodo=YYYY:2016
bb_2016_07_julho_2016_07_31_min_cidades_pj,bb_2016_07_julho_2016_07_31_min_cidades_pj,,full_refresh,classificacao=versao_unica; trajetoria=1986; fonte_contagem=exato_count_star; nome_periodo=YYYY:2016
bb_2016_07_julho_min_cidades_pf_pf,bb_2016_07_julho_min_cidades_pf_pf,,full_refresh,classificacao=versao_unica; trajetoria=199028; fonte_contagem=exato_count_star; nome_periodo=YYYY:2016
bb_2016_07_julho_min_cidades_pj_pf,bb_2016_07_julho_min_cidades_pj_pf,,full_refresh,classificacao=versao_unica; trajetoria=310302; fonte_contagem=exato_count_star; nome_periodo=YYYY:2016
bb_2016_07_julho_pnhr_31072016,bb_2016_07_julho_pnhr,,full_refresh,classificacao=versao_unica; trajetoria=2016; fonte_contagem=exato_count_star; nome_periodo=YYYY:2016
bb_2018_2018_04_06_pf_pf,bb_2018_2018_04_06_pf_pf,,full_refresh,classificacao=versao_unica; trajetoria=230204; fonte_contagem=exato_count_star; nome_periodo=YYYY:2018
bb_2018_2018_04_06_pj,bb_2018_2018_04_06_pj,,full_refresh,classificacao=versao_unica; trajetoria=1962; fonte_contagem=exato_count_star; nome_periodo=YYYY:2018
bb_2018_2018_04_06_pj_pf,bb_2018_2018_04_06_pj_pf,,full_refresh,classificacao=versao_unica; trajetoria=406360; fonte_contagem=exato_count_star; nome_periodo=YYYY:2018
bb_2018_2018_05_10_pf_pf,bb_2018_2018_05_10_pf_pf,,full_refresh,classificacao=versao_unica; trajetoria=232432; fonte_contagem=exato_count_star; nome_periodo=YYYY:2018
bb_2018_2018_05_10_pj,bb_2018_2018_05_10_pj,,full_refresh,classificacao=versao_unica; trajetoria=1964; fonte_contagem=exato_count_star; nome_periodo=YYYY:2018
bb_2018_2018_05_10_pj_pf,bb_2018_2018_05_10_pj_pf,,full_refresh,classificacao=versao_unica; trajetoria=413964; fonte_contagem=exato_count_star; nome_periodo=YYYY:2018
bb_2018_2018_06_10_pf_pf,bb_2018_2018_06_10_pf_pf,,full_refresh,classificacao=versao_unica; trajetoria=234842; fonte_contagem=exato_count_star; nome_periodo=YYYY:2018
bb_2018_2018_06_10_pj,bb_2018_2018_06_10_pj,,full_refresh,classificacao=versao_unica; trajetoria=1972; fonte_contagem=exato_count_star; nome_periodo=YYYY:2018
bb_2018_2018_06_10_pj_pf,bb_2018_2018_06_10_pj_pf,,full_refresh,classificacao=versao_unica; trajetoria=429472; fonte_contagem=exato_count_star; nome_periodo=YYYY:2018
bb_2018_2018_07_03_pf_pf,bb_2018_2018_07_03_pf_pf,,full_refresh,classificacao=versao_unica; trajetoria=236850; fonte_contagem=exato_count_star; nome_periodo=YYYY:2018
bb_2018_2018_07_03_pj,bb_2018_2018_07_03_pj,,full_refresh,classificacao=versao_unica; trajetoria=1960; fonte_contagem=exato_count_star; nome_periodo=YYYY:2018
bb_2018_2018_07_03_pj_pf,bb_2018_2018_07_03_pj_pf,,full_refresh,classificacao=versao_unica; trajetoria=436298; fonte_contagem=exato_count_star; nome_periodo=YYYY:2018
bb_2018_2018_07_03_pnhr_04072018,bb_2018_2018_07_03_pnhr,,full_refresh,classificacao=versao_unica; trajetoria=1998; fonte_contagem=exato_count_star; nome_periodo=YYYY:2018
bb_2018_2018_08_06_pf_pf,bb_2018_2018_08_06_pf_pf,,full_refresh,classificacao=versao_unica; trajetoria=239848; fonte_contagem=exato_count_star; nome_periodo=YYYY:2018
bb_2018_2018_08_06_pj,bb_2018_2018_08_06_pj,,full_refresh,classificacao=versao_unica; trajetoria=1962; fonte_contagem=exato_count_star; nome_periodo=YYYY:2018
bb_2018_2018_08_06_pj_pf,bb_2018_2018_08_06_pj_pf,,full_refresh,classificacao=versao_unica; trajetoria=439992; fonte_contagem=exato_count_star; nome_periodo=YYYY:2018
bb_2018_2018_09_10_pf_pf,bb_2018_2018_09_10_pf_pf,,full_refresh,classificacao=versao_unica; trajetoria=242928; fonte_contagem=exato_count_star; nome_periodo=YYYY:2018
bb_2018_2018_09_10_pj,bb_2018_2018_09_10_pj,,full_refresh,classificacao=versao_unica; trajetoria=1968; fonte_contagem=exato_count_star; nome_periodo=YYYY:2018
bb_2018_2018_09_10_pj_pf,bb_2018_2018_09_10_pj_pf,,full_refresh,classificacao=versao_unica; trajetoria=447388; fonte_contagem=exato_count_star; nome_periodo=YYYY:2018
bb_2018_2018_10_01_pf_pf,bb_2018_2018_10_01_pf_pf,,full_refresh,classificacao=versao_unica; trajetoria=244860; fonte_contagem=exato_count_star; nome_periodo=YYYY:2018
bb_2018_2018_10_01_pj,bb_2018_2018_10_01_pj,,full_refresh,classificacao=versao_unica; trajetoria=1972; fonte_contagem=exato_count_star; nome_periodo=YYYY:2018
bb_2018_2018_10_01_pj_pf,bb_2018_2018_10_01_pj_pf,,full_refresh,classificacao=versao_unica; trajetoria=453934; fonte_contagem=exato_count_star; nome_periodo=YYYY:2018
bb_2018_2018_10_30_pf_pf,bb_2018_2018_10_30_pf_pf,,full_refresh,classificacao=versao_unica; trajetoria=247770; fonte_contagem=exato_count_star; nome_periodo=YYYY:2018
bb_2018_2018_10_30_pj,bb_2018_2018_10_30_pj,,full_refresh,classificacao=versao_unica; trajetoria=1980; fonte_contagem=exato_count_star; nome_periodo=YYYY:2018
bb_2018_2018_10_30_pj_pf,bb_2018_2018_10_30_pj_pf,,full_refresh,classificacao=versao_unica; trajetoria=463290; fonte_contagem=exato_count_star; nome_periodo=YYYY:2018
bb_2019_2019_03_07_pf_pf,bb_2019_2019_03_07_pf_pf,,full_refresh,classificacao=versao_unica; trajetoria=256854; fonte_contagem=exato_count_star; nome_periodo=YYYY:2019
bb_2019_2019_03_07_pj_pf,bb_2019_2019_03_07_pj_pf,,full_refresh,classificacao=versao_unica; trajetoria=2004; fonte_contagem=exato_count_star; nome_periodo=YYYY:2019
bb_2019_2019_05_07_2019_05_07_pj,bb_2019_2019_05_07_2019_05_07_pj,,full_refresh,classificacao=versao_unica; trajetoria=2008; fonte_contagem=exato_count_star; nome_periodo=YYYY:2019
bb_2019_2019_05_07_pf_pf,bb_2019_2019_05_07_pf_pf,,full_refresh,classificacao=versao_unica; trajetoria=261114; fonte_contagem=exato_count_star; nome_periodo=YYYY:2019
bb_2019_2019_05_07_pj_pf,bb_2019_2019_05_07_pj_pf,,full_refresh,classificacao=versao_unica; trajetoria=482750; fonte_contagem=exato_count_star; nome_periodo=YYYY:2019
caixa_001_2009_06_junho_2009_pmcmv_09_06_09___caixa,junho_2009_pmcmv_09_06_09_caixa,,full_refresh,classificacao=versao_unica; trajetoria=536; fonte_contagem=exato_count_star; nome_periodo=YYYY:2009
caixa_001_2009_06_junho_2009_pmcmv_19_06_2009___caixa,junho_2009_pmcmv_19_06_2009_caixa,,full_refresh,classificacao=versao_unica; trajetoria=536; fonte_contagem=exato_count_star; nome_periodo=YYYY:2009
caixa_001_2009_06_junho_2009_pmcmv_26_06_2009___caixa,junho_2009_pmcmv_26_06_2009_caixa,,full_refresh,classificacao=versao_unica; trajetoria=536; fonte_contagem=exato_count_star; nome_periodo=YYYY:2009
caixa_001_2009_07_julho_2009_pmcmv_02_07_09___caixa,julho_2009_pmcmv_02_07_09_caixa,,full_refresh,classificacao=versao_unica; trajetoria=536; fonte_contagem=exato_count_star; nome_periodo=YYYY:2009
caixa_001_2009_07_julho_2009_pmcmv_10_07_2009___casa_civil,julho_2009_pmcmv_10_07_2009_casa_civil,,full_refresh,classificacao=versao_unica; trajetoria=536; fonte_contagem=exato_count_star; nome_periodo=YYYY:2009
caixa_001_2009_07_julho_2009_pmcmv_17_07_2009___caixa,julho_2009_pmcmv_17_07_2009_caixa,,full_refresh,classificacao=versao_unica; trajetoria=536; fonte_contagem=exato_count_star; nome_periodo=YYYY:2009
caixa_001_2009_07_julho_2009_pmcmv_24_07_2009___caixa,julho_2009_pmcmv_24_07_2009_caixa,,full_refresh,classificacao=versao_unica; trajetoria=536; fonte_contagem=exato_count_star; nome_periodo=YYYY:2009
caixa_001_2009_07_julho_2009_pmcmv_31_07_2009___caixa,julho_2009_pmcmv_31_07_2009_caixa,,full_refresh,classificacao=versao_unica; trajetoria=536; fonte_contagem=exato_count_star; nome_periodo=YYYY:2009
caixa_001_2009_08_agosto_2009_pmcmv_07_08_2009___caixa,agosto_2009_pmcmv_07_08_2009_caixa,,full_refresh,classificacao=versao_unica; trajetoria=536; fonte_contagem=exato_count_star; nome_periodo=YYYY:2009
caixa_001_2009_08_agosto_2009_pmcmv_14_08_2009___caixa,agosto_2009_pmcmv_14_08_2009_caixa,,full_refresh,classificacao=versao_unica; trajetoria=536; fonte_contagem=exato_count_star; nome_periodo=YYYY:2009
caixa_001_2009_08_agosto_2009_pmcmv_20_08_2009___caixa,agosto_2009_pmcmv_20_08_2009_caixa,,full_refresh,classificacao=versao_unica; trajetoria=536; fonte_contagem=exato_count_star; nome_periodo=YYYY:2009
caixa_001_2009_08_agosto_2009_pmcmv_28_08_2009___caixa,agosto_2009_pmcmv_28_08_2009_caixa,,full_refresh,classificacao=versao_unica; trajetoria=536; fonte_contagem=exato_count_star; nome_periodo=YYYY:2009
caixa_001_2009_09_setembro_2009_pmcmv_04_09_2009___caixa,setembro_2009_pmcmv_04_09_2009_caixa,,full_refresh,classificacao=versao_unica; trajetoria=536; fonte_contagem=exato_count_star; nome_periodo=YYYY:2009
caixa_001_2009_09_setembro_2009_pmcmv_11_09_2009___caixa,setembro_2009_pmcmv_11_09_2009_caixa,,full_refresh,classificacao=versao_unica; trajetoria=536; fonte_contagem=exato_count_star; nome_periodo=YYYY:2009
caixa_001_2009_09_setembro_2009_pmcmv_17_09_2009___caixa,setembro_2009_pmcmv_17_09_2009_caixa,,full_refresh,classificacao=versao_unica; trajetoria=536; fonte_contagem=exato_count_star; nome_periodo=YYYY:2009
caixa_001_2009_09_setembro_2009_pmcmv_25_09_2009___caixa,setembro_2009_pmcmv_25_09_2009_caixa,,full_refresh,classificacao=versao_unica; trajetoria=536; fonte_contagem=exato_count_star; nome_periodo=YYYY:2009
caixa_001_2009_10_outubro_2009_pmcmv_08_10_2009___caixa,outubro_2009_pmcmv_08_10_2009_caixa,,full_refresh,classificacao=versao_unica; trajetoria=30; fonte_contagem=exato_count_star; nome_periodo=YYYY:2009
caixa_001_2009_10_outubro_2009_pmcmv_09_10_2009___caixa,outubro_2009_pmcmv_09_10_2009_caixa,,full_refresh,classificacao=versao_unica; trajetoria=536; fonte_contagem=exato_count_star; nome_periodo=YYYY:2009
caixa_001_2009_10_outubro_2009_pmcmv_16_10_2009___caixa,outubro_2009_pmcmv_16_10_2009_caixa,,full_refresh,classificacao=versao_unica; trajetoria=536; fonte_contagem=exato_count_star; nome_periodo=YYYY:2009
caixa_001_2009_10_outubro_2009_pmcmv_23_10_2009___caixa,outubro_2009_pmcmv_23_10_2009_caixa,,full_refresh,classificacao=versao_unica; trajetoria=536; fonte_contagem=exato_count_star; nome_periodo=YYYY:2009
caixa_001_2009_10_outubro_2009_pmcmv_30_10_2009___caixa,outubro_2009_pmcmv_30_10_2009_caixa,,full_refresh,classificacao=versao_unica; trajetoria=536; fonte_contagem=exato_count_star; nome_periodo=YYYY:2009
caixa_001_2009_10_outubro_2009_pmcmv_gráfico,outubro_2009_pmcmv_gráfico,,full_refresh,classificacao=versao_unica; trajetoria=536; fonte_contagem=exato_count_star; nome_periodo=YYYY:2009
caixa_001_2009_11_novembro_2009_pmcmv_06_11_2009___caixa,novembro_2009_pmcmv_06_11_2009_caixa,,full_refresh,classificacao=versao_unica; trajetoria=536; fonte_contagem=exato_count_star; nome_periodo=YYYY:2009
caixa_001_2009_11_novembro_2009_pmcmv_16_11_2009,novembro_2009_pmcmv_16_11,,full_refresh,classificacao=versao_unica; trajetoria=536; fonte_contagem=exato_count_star; nome_periodo=YYYY:2009
caixa_001_2009_11_novembro_2009_pmcmv_20_11_2009___caixa,novembro_2009_pmcmv_20_11_2009_caixa,,full_refresh,classificacao=versao_unica; trajetoria=536; fonte_contagem=exato_count_star; nome_periodo=YYYY:2009
caixa_001_2009_11_novembro_2009_pmcmv_30_11_2009___caixa,novembro_2009_pmcmv_30_11_2009_caixa,,full_refresh,classificacao=versao_unica; trajetoria=536; fonte_contagem=exato_count_star; nome_periodo=YYYY:2009
caixa_001_2009_12_dezembro_2009_pmcmv_07_12_2009,dezembro_2009_pmcmv_07_12,,full_refresh,classificacao=versao_unica; trajetoria=536; fonte_contagem=exato_count_star; nome_periodo=YYYY:2009
caixa_001_2009_12_dezembro_2009_pmcmv_14_12_2009,dezembro_2009_pmcmv_14_12,,full_refresh,classificacao=versao_unica; trajetoria=536; fonte_contagem=exato_count_star; nome_periodo=YYYY:2009
caixa_001_2009_12_dezembro_2009_pmcmv_18_12_2009,dezembro_2009_pmcmv_18_12,,full_refresh,classificacao=versao_unica; trajetoria=536; fonte_contagem=exato_count_star; nome_periodo=YYYY:2009
caixa_001_2009_12_dezembro_2009_pmcmv_20091207cc_análise,dezembro_2009_pmcmv_20091207cc_análise,,full_refresh,classificacao=versao_unica; trajetoria=536; fonte_contagem=exato_count_star; nome_periodo=YYYY:2009
caixa_001_2009_12_dezembro_2009_pmcmv_24_12_2009_parte1,dezembro_2009_pmcmv_24_12_2009_parte1,,full_refresh,classificacao=versao_unica; trajetoria=536; fonte_contagem=exato_count_star; nome_periodo=YYYY:2009
caixa_001_2009_12_dezembro_2009_pmcmv_24_12_2009_parte2,dezembro_2009_pmcmv_24_12_2009_parte2,,full_refresh,classificacao=versao_unica; trajetoria=19016; fonte_contagem=exato_count_star; nome_periodo=YYYY:2009
caixa_001_2009_12_dezembro_2009_pmcmv_31_12_2009,dezembro_2009_pmcmv_31_12,,full_refresh,classificacao=versao_unica; trajetoria=536; fonte_contagem=exato_count_star; nome_periodo=YYYY:2009
caixa_001_2009_12_dezembro_2009_pmcmv_31_12_2009_2,dezembro_2009_pmcmv_31_12_2009_2,,full_refresh,classificacao=versao_unica; trajetoria=536; fonte_contagem=exato_count_star; nome_periodo=YYYY:2009
caixa_001_2009_pmcmv_31_12_2009,pmcmv_31_12,,full_refresh,classificacao=versao_unica; trajetoria=536; fonte_contagem=exato_count_star; nome_periodo=YYYY:2009
caixa_001_2010_01__janeiro_2010_pmcmv_26_01_2010,janeiro_2010_pmcmv_26_01,,full_refresh,classificacao=versao_unica; trajetoria=536; fonte_contagem=exato_count_star; nome_periodo=YYYY:2010
caixa_001_2010_02___fevereiro_2010_pmcmv_05_02_2010___caixa,fevereiro_2010_pmcmv_05_02_2010_caixa,,full_refresh,classificacao=versao_unica; trajetoria=536; fonte_contagem=exato_count_star; nome_periodo=YYYY:2010
caixa_001_2010_02___fevereiro_2010_pmcmv_12_02_2010___caixa,fevereiro_2010_pmcmv_12_02_2010_caixa,,full_refresh,classificacao=versao_unica; trajetoria=536; fonte_contagem=exato_count_star; nome_periodo=YYYY:2010
caixa_001_2010_02___fevereiro_2010_pmcmv_19_02_10_caixa,fevereiro_2010_pmcmv_19_02_10_caixa,,full_refresh,classificacao=versao_unica; trajetoria=536; fonte_contagem=exato_count_star; nome_periodo=YYYY:2010
caixa_001_2010_02___fevereiro_2010_pmcmv_20100219,fevereiro_2010_pmcmv,,full_refresh,classificacao=nao_monotona(flutua_ou_constante); trajetoria=536->536; fonte_contagem=exato_count_star; nome_periodo=YYYY:2010
caixa_001_2010_02___fevereiro_2010_pmcmv_20100226,fevereiro_2010_pmcmv,,full_refresh,classificacao=nao_monotona(flutua_ou_constante); trajetoria=536->536; fonte_contagem=exato_count_star; nome_periodo=YYYY:2010
caixa_001_2010_03___marco_2010_pmcmv_20100305,marco_2010_pmcmv,,full_refresh,classificacao=versao_unica; trajetoria=536; fonte_contagem=exato_count_star; nome_periodo=YYYY:2010
caixa_001_2010_03___marco_2010_pmcmv_20100312_cc,marco_2010_pmcmv_20100312_cc,,full_refresh,classificacao=versao_unica; trajetoria=536; fonte_contagem=exato_count_star; nome_periodo=YYYY:2010
caixa_001_2010_03___marco_2010_pmcmv_20100319_cc,marco_2010_pmcmv_20100319_cc,,full_refresh,classificacao=versao_unica; trajetoria=536; fonte_contagem=exato_count_star; nome_periodo=YYYY:2010
caixa_001_2010_04___abril_2010_pmcmv_15_04_2010,abril_2010_pmcmv_15_04,,full_refresh,classificacao=versao_unica; trajetoria=536; fonte_contagem=exato_count_star; nome_periodo=YYYY:2010
caixa_001_2010_04___abril_2010_pmcmv_20100430,abril_2010_pmcmv,,full_refresh,classificacao=versao_unica; trajetoria=536; fonte_contagem=exato_count_star; nome_periodo=YYYY:2010
caixa_001_2010_04___abril_2010_pmcmv_23_04_2010,abril_2010_pmcmv_23_04,,full_refresh,classificacao=versao_unica; trajetoria=536; fonte_contagem=exato_count_star; nome_periodo=YYYY:2010
caixa_001_2010_05___maio_2010_pmcmv_20100507,maio_2010_pmcmv,,full_refresh,classificacao=nao_monotona(flutua_ou_constante); trajetoria=536->536->536; fonte_contagem=exato_count_star; nome_periodo=YYYY:2010
caixa_001_2010_05___maio_2010_pmcmv_20100521,maio_2010_pmcmv,,full_refresh,classificacao=nao_monotona(flutua_ou_constante); trajetoria=536->536->536; fonte_contagem=exato_count_star; nome_periodo=YYYY:2010
caixa_001_2010_05___maio_2010_pmcmv_20100527,maio_2010_pmcmv,,full_refresh,classificacao=nao_monotona(flutua_ou_constante); trajetoria=536->536->536; fonte_contagem=exato_count_star; nome_periodo=YYYY:2010
caixa_001_2010_06___junho_2010_contratação30062010,junho_2010_contratação30062010,,full_refresh,classificacao=versao_unica; trajetoria=4450; fonte_contagem=exato_count_star; nome_periodo=YYYY:2010
caixa_001_2010_06___junho_2010_pmcmv30062010_1semde2010,junho_2010_pmcmv30062010_1semde2010,,full_refresh,classificacao=versao_unica; trajetoria=536; fonte_contagem=exato_count_star; nome_periodo=YYYY:2010
caixa_001_2010_06___junho_2010_pmcmv_04062010,junho_2010_pmcmv,,full_refresh,classificacao=nao_monotona(flutua_ou_constante); trajetoria=536->536; fonte_contagem=exato_count_star; nome_periodo=YYYY:2010
caixa_001_2010_06___junho_2010_pmcmv_11062010,junho_2010_pmcmv,,full_refresh,classificacao=nao_monotona(flutua_ou_constante); trajetoria=536->536; fonte_contagem=exato_count_star; nome_periodo=YYYY:2010
caixa_001_2010_07___julho_2010_pmcmv23072010,julho_2010_pmcmv23072010,,full_refresh,classificacao=versao_unica; trajetoria=536; fonte_contagem=exato_count_star; nome_periodo=YYYY:2010
caixa_001_2010_07___julho_2010_pmcmv30062010_1semde2010,julho_2010_pmcmv30062010_1semde2010,,full_refresh,classificacao=versao_unica; trajetoria=536; fonte_contagem=exato_count_star; nome_periodo=YYYY:2010
caixa_001_2010_07___julho_2010_pmcmv30072010,julho_2010_pmcmv30072010,,full_refresh,classificacao=versao_unica; trajetoria=536; fonte_contagem=exato_count_star; nome_periodo=YYYY:2010
caixa_001_2010_07___julho_2010_pmcmv_16_07_2010,julho_2010_pmcmv_16_07,,full_refresh,classificacao=versao_unica; trajetoria=536; fonte_contagem=exato_count_star; nome_periodo=YYYY:2010
caixa_001_2010_07___julho_2010_pmcmv_30_07_2010,julho_2010_pmcmv_30_07,,full_refresh,classificacao=versao_unica; trajetoria=536; fonte_contagem=exato_count_star; nome_periodo=YYYY:2010
caixa_001_2010_08___agosto_2010_municípios_contratados_1308,agosto_2010_municípios_contratados,,full_refresh,classificacao=versao_unica; trajetoria=74; fonte_contagem=exato_count_star; nome_periodo=YYYY:2010
caixa_001_2010_08___agosto_2010_pmcmv06082010,agosto_2010_pmcmv06082010,,full_refresh,classificacao=versao_unica; trajetoria=536; fonte_contagem=exato_count_star; nome_periodo=YYYY:2010
caixa_001_2010_08___agosto_2010_pmcmv13082010,agosto_2010_pmcmv13082010,,full_refresh,classificacao=versao_unica; trajetoria=536; fonte_contagem=exato_count_star; nome_periodo=YYYY:2010
caixa_001_2010_08___agosto_2010_pmcmv20082010,agosto_2010_pmcmv20082010,,full_refresh,classificacao=versao_unica; trajetoria=536; fonte_contagem=exato_count_star; nome_periodo=YYYY:2010
caixa_001_2010_08___agosto_2010_pmcmv30082010,agosto_2010_pmcmv30082010,,full_refresh,classificacao=versao_unica; trajetoria=536; fonte_contagem=exato_count_star; nome_periodo=YYYY:2010
caixa_001_2010_08___agosto_2010_pmcmv_06_08_2010,agosto_2010_pmcmv_06_08,,full_refresh,classificacao=versao_unica; trajetoria=536; fonte_contagem=exato_count_star; nome_periodo=YYYY:2010
caixa_001_2010_08___agosto_2010_pmcmv_13_08_2010,agosto_2010_pmcmv_13_08,,full_refresh,classificacao=versao_unica; trajetoria=536; fonte_contagem=exato_count_star; nome_periodo=YYYY:2010
caixa_001_2010_09___setembro_2010_pmcmv06092010,setembro_2010_pmcmv06092010,,full_refresh,classificacao=versao_unica; trajetoria=536; fonte_contagem=exato_count_star; nome_periodo=YYYY:2010
caixa_001_2010_09___setembro_2010_pmcmv06092010_desligados,setembro_2010_pmcmv06092010_desligados,,full_refresh,classificacao=versao_unica; trajetoria=5354; fonte_contagem=exato_count_star; nome_periodo=YYYY:2010
caixa_001_2010_09___setembro_2010_pmcmv10092010,setembro_2010_pmcmv10092010,,full_refresh,classificacao=versao_unica; trajetoria=536; fonte_contagem=exato_count_star; nome_periodo=YYYY:2010
caixa_001_2010_09___setembro_2010_pmcmv21092010,setembro_2010_pmcmv21092010,,full_refresh,classificacao=versao_unica; trajetoria=536; fonte_contagem=exato_count_star; nome_periodo=YYYY:2010
caixa_001_2010_09___setembro_2010_pmcmv24092010,setembro_2010_pmcmv24092010,,full_refresh,classificacao=versao_unica; trajetoria=536; fonte_contagem=exato_count_star; nome_periodo=YYYY:2010
caixa_001_2010_10___outubro_2010_pmcmv15102010v1,outubro_2010_pmcmv15102010v1,,full_refresh,classificacao=versao_unica; trajetoria=536; fonte_contagem=exato_count_star; nome_periodo=YYYY:2010
caixa_001_2010_10___outubro_2010_pmcmv25102010,outubro_2010_pmcmv25102010,,full_refresh,classificacao=versao_unica; trajetoria=536; fonte_contagem=exato_count_star; nome_periodo=YYYY:2010
caixa_001_2010_11___novembro_2010_pmcmv_19112010,novembro_2010_pmcmv,,full_refresh,classificacao=nao_monotona(flutua_ou_constante); trajetoria=536->536; fonte_contagem=exato_count_star; nome_periodo=YYYY:2010
caixa_001_2010_11___novembro_2010_pmcmv_26112010,novembro_2010_pmcmv,,full_refresh,classificacao=nao_monotona(flutua_ou_constante); trajetoria=536->536; fonte_contagem=exato_count_star; nome_periodo=YYYY:2010
caixa_001_2010_11___novembro_2010_pmcmv_automatizado03112010,novembro_2010_pmcmv_automatizado03112010,,full_refresh,classificacao=versao_unica; trajetoria=536; fonte_contagem=exato_count_star; nome_periodo=YYYY:2010
caixa_001_2010_12___dezembro_2010_balanco_pmcmv_15122010,dezembro_2010_balanco_pmcmv,,full_refresh,classificacao=nao_monotona(flutua_ou_constante); trajetoria=536->536; fonte_contagem=exato_count_star; nome_periodo=YYYY:2010
caixa_001_2010_12___dezembro_2010_balanco_pmcmv_15_12_2010,dezembro_2010_balanco_pmcmv_15_12,,full_refresh,classificacao=versao_unica; trajetoria=536; fonte_contagem=exato_count_star; nome_periodo=YYYY:2010
caixa_001_2010_12___dezembro_2010_balanco_pmcmv_20122010,dezembro_2010_balanco_pmcmv,,full_refresh,classificacao=nao_monotona(flutua_ou_constante); trajetoria=536->536; fonte_contagem=exato_count_star; nome_periodo=YYYY:2010
caixa_001_2010_12___dezembro_2010_balanco_pmcmv_20_12_2010,dezembro_2010_balanco_pmcmv_20_12,,full_refresh,classificacao=versao_unica; trajetoria=536; fonte_contagem=exato_count_star; nome_periodo=YYYY:2010
caixa_001_2010_12___dezembro_2010_pmcmv_pj_07_12_2010,dezembro_2010_pmcmv_pj_07_12,,full_refresh,classificacao=versao_unica; trajetoria=536; fonte_contagem=exato_count_star; nome_periodo=YYYY:2010
caixa_001_2011_03_março_pmcmv_14032011,março_pmcmv,,full_refresh,classificacao=versao_unica; trajetoria=536; fonte_contagem=exato_count_star; nome_periodo=YYYY:2011
caixa_001_2011_04_abril_pmcmv_14042011,abril_pmcmv,,full_refresh,classificacao=versao_unica; trajetoria=536; fonte_contagem=exato_count_star; nome_periodo=YYYY:2011
caixa_001_2011_05_maio__pmcmv_presidencia_2,maio_pmcmv_presidencia_2,,full_refresh,classificacao=versao_unica; trajetoria=536; fonte_contagem=exato_count_star; nome_periodo=YYYY:2011
caixa_001_2011_05_maio_pmcmv_20110531,maio_pmcmv,,full_refresh,classificacao=versao_unica; trajetoria=536; fonte_contagem=exato_count_star; nome_periodo=YYYY:2011
caixa_001_2011_05_maio_pmcmv_2_20110531,maio_pmcmv_2,,full_refresh,classificacao=versao_unica; trajetoria=536; fonte_contagem=exato_count_star; nome_periodo=YYYY:2011
caixa_001_2011_05_maio_pmcmv_acumulado,maio_pmcmv_acumulado,,full_refresh,classificacao=versao_unica; trajetoria=536; fonte_contagem=exato_count_star; nome_periodo=YYYY:2011
caixa_001_2011_05_maio_presidencia,maio_presidencia,,full_refresh,classificacao=versao_unica; trajetoria=536; fonte_contagem=exato_count_star; nome_periodo=YYYY:2011
caixa_001_2011_05_maio_presidencia1__16_05_2011,maio_presidencia1_16_05,,full_refresh,classificacao=versao_unica; trajetoria=536; fonte_contagem=exato_count_star; nome_periodo=YYYY:2011
caixa_001_2011_06_junho_pmcmv_20110624,junho_pmcmv,,full_refresh,classificacao=versao_unica; trajetoria=536; fonte_contagem=exato_count_star; nome_periodo=YYYY:2011
caixa_001_2011_06_junho_pmcmv_automatizado_continua_24062011,junho_pmcmv_automatizado_continua,,full_refresh,classificacao=versao_unica; trajetoria=536; fonte_contagem=exato_count_star; nome_periodo=YYYY:2011
caixa_001_2011_06_junho_presidencia,junho_presidencia,,full_refresh,classificacao=versao_unica; trajetoria=11128; fonte_contagem=exato_count_star; nome_periodo=YYYY:2011
caixa_001_2011_07_julho_pmcmv_20110722,julho_pmcmv,,full_refresh,classificacao=versao_unica; trajetoria=536; fonte_contagem=exato_count_star; nome_periodo=YYYY:2011
caixa_001_2011_07_julho_pmcmv_automatizado_continua_04072011,julho_pmcmv_automatizado_continua,,full_refresh,classificacao=nao_monotona(flutua_ou_constante); trajetoria=536->536->536; fonte_contagem=exato_count_star; nome_periodo=YYYY:2011
caixa_001_2011_07_julho_pmcmv_automatizado_continua_15072011,julho_pmcmv_automatizado_continua,,full_refresh,classificacao=nao_monotona(flutua_ou_constante); trajetoria=536->536->536; fonte_contagem=exato_count_star; nome_periodo=YYYY:2011
caixa_001_2011_07_julho_pmcmv_automatizado_continua_22072011,julho_pmcmv_automatizado_continua,,full_refresh,classificacao=nao_monotona(flutua_ou_constante); trajetoria=536->536->536; fonte_contagem=exato_count_star; nome_periodo=YYYY:2011
caixa_001_2011_07_julho_pmcmv_automatizado_novo_01082011,julho_pmcmv_automatizado_novo,,full_refresh,classificacao=nao_monotona(flutua_ou_constante); trajetoria=536->536; fonte_contagem=exato_count_star; nome_periodo=YYYY:2011
caixa_001_2011_07_julho_pmcmv_automatizado_novo_28072011,julho_pmcmv_automatizado_novo,,full_refresh,classificacao=nao_monotona(flutua_ou_constante); trajetoria=536->536; fonte_contagem=exato_count_star; nome_periodo=YYYY:2011
caixa_001_2011_07_julho_presidencia_automatizado_01082011,julho_presidencia_automatizado,,full_refresh,classificacao=nao_monotona(flutua_ou_constante); trajetoria=11128->11128; fonte_contagem=exato_count_star; nome_periodo=YYYY:2011
caixa_001_2011_07_julho_presidencia_automatizado_28072011,julho_presidencia_automatizado,,full_refresh,classificacao=nao_monotona(flutua_ou_constante); trajetoria=11128->11128; fonte_contagem=exato_count_star; nome_periodo=YYYY:2011
caixa_001_2011_08_agosto_demanda_mc_far_pmcmv,agosto_demanda_mc_far_pmcmv,,full_refresh,classificacao=versao_unica; trajetoria=2610; fonte_contagem=exato_count_star; nome_periodo=YYYY:2011
caixa_001_2011_08_agosto_pmcmv_20110826,agosto_pmcmv,,full_refresh,classificacao=versao_unica; trajetoria=536; fonte_contagem=exato_count_star; nome_periodo=YYYY:2011
caixa_001_2011_08_agosto_pmcmv_acumulado_09_08_2011,agosto_pmcmv_acumulado_09_08,,full_refresh,classificacao=versao_unica; trajetoria=536; fonte_contagem=exato_count_star; nome_periodo=YYYY:2011
caixa_001_2011_08_agosto_pmcmv_automatizado_continua_09082011,agosto_pmcmv_automatizado_continua,,full_refresh,classificacao=versao_unica; trajetoria=536; fonte_contagem=exato_count_star; nome_periodo=YYYY:2011
caixa_001_2011_08_agosto_pmcmv_automatizado_novo_01082011,agosto_pmcmv_automatizado_novo,,full_refresh,classificacao=nao_monotona(flutua_ou_constante); trajetoria=536->536->536->536->536; fonte_contagem=exato_count_star; nome_periodo=YYYY:2011
caixa_001_2011_08_agosto_pmcmv_automatizado_novo_09082011,agosto_pmcmv_automatizado_novo,,full_refresh,classificacao=nao_monotona(flutua_ou_constante); trajetoria=536->536->536->536->536; fonte_contagem=exato_count_star; nome_periodo=YYYY:2011
caixa_001_2011_08_agosto_pmcmv_automatizado_novo_15082011,agosto_pmcmv_automatizado_novo,,full_refresh,classificacao=nao_monotona(flutua_ou_constante); trajetoria=536->536->536->536->536; fonte_contagem=exato_count_star; nome_periodo=YYYY:2011
caixa_001_2011_08_agosto_pmcmv_automatizado_novo_19082011,agosto_pmcmv_automatizado_novo,,full_refresh,classificacao=nao_monotona(flutua_ou_constante); trajetoria=536->536->536->536->536; fonte_contagem=exato_count_star; nome_periodo=YYYY:2011
caixa_001_2011_08_agosto_pmcmv_automatizado_novo_26082011,agosto_pmcmv_automatizado_novo,,full_refresh,classificacao=nao_monotona(flutua_ou_constante); trajetoria=536->536->536->536->536; fonte_contagem=exato_count_star; nome_periodo=YYYY:2011
caixa_001_2011_08_agosto_pmcmv_ii_09_08_2011,agosto_pmcmv_ii_09_08,,full_refresh,classificacao=versao_unica; trajetoria=536; fonte_contagem=exato_count_star; nome_periodo=YYYY:2011
caixa_001_2011_08_agosto_pmcmv_ii_15_08_2011,agosto_pmcmv_ii_15_08,,full_refresh,classificacao=versao_unica; trajetoria=536; fonte_contagem=exato_count_star; nome_periodo=YYYY:2011
caixa_001_2011_08_agosto_pmcmv_ii_19_08_2011,agosto_pmcmv_ii_19_08,,full_refresh,classificacao=versao_unica; trajetoria=536; fonte_contagem=exato_count_star; nome_periodo=YYYY:2011
caixa_001_2011_08_agosto_pmcmv_ii_26_08_2011,agosto_pmcmv_ii_26_08,,full_refresh,classificacao=versao_unica; trajetoria=536; fonte_contagem=exato_count_star; nome_periodo=YYYY:2011
caixa_001_2011_08_agosto_presidencia_automatizado_01082011,agosto_presidencia_automatizado,,full_refresh,classificacao=versao_unica; trajetoria=11128; fonte_contagem=exato_count_star; nome_periodo=YYYY:2011
caixa_001_2011_08_agosto_presidencia_automatizado_mcmvii_082011,agosto_presidencia_automatizado_mcmvii,,full_refresh,classificacao=versao_unica; trajetoria=11128; fonte_contagem=exato_count_star; nome_periodo=YYYY:2011
caixa_001_2011_09_setembro_pmcmv_automatizado_novo_29092011,setembro_pmcmv_automatizado_novo,,full_refresh,classificacao=versao_unica; trajetoria=536; fonte_contagem=exato_count_star; nome_periodo=YYYY:2011
caixa_001_2011_09_setembro_pmcmv_ii_09092011,setembro_pmcmv_ii,,full_refresh,classificacao=nao_monotona(flutua_ou_constante); trajetoria=536->536->536->536; fonte_contagem=exato_count_star; nome_periodo=YYYY:2011
caixa_001_2011_09_setembro_pmcmv_ii_16092011,setembro_pmcmv_ii,,full_refresh,classificacao=nao_monotona(flutua_ou_constante); trajetoria=536->536->536->536; fonte_contagem=exato_count_star; nome_periodo=YYYY:2011
caixa_001_2011_09_setembro_pmcmv_ii_23092011,setembro_pmcmv_ii,,full_refresh,classificacao=nao_monotona(flutua_ou_constante); trajetoria=536->536->536->536; fonte_contagem=exato_count_star; nome_periodo=YYYY:2011
caixa_001_2011_09_setembro_pmcmv_ii_29092011,setembro_pmcmv_ii,,full_refresh,classificacao=nao_monotona(flutua_ou_constante); trajetoria=536->536->536->536; fonte_contagem=exato_count_star; nome_periodo=YYYY:2011
caixa_001_2011_10_outubro_pmcmv_20111025,outubro_pmcmv,,full_refresh,classificacao=versao_unica; trajetoria=536; fonte_contagem=exato_count_star; nome_periodo=YYYY:2011
caixa_001_2011_10_outubro_pmcmv_automatizado_novo_13102011,outubro_pmcmv_automatizado_novo,,full_refresh,classificacao=nao_monotona(flutua_ou_constante); trajetoria=536->536; fonte_contagem=exato_count_star; nome_periodo=YYYY:2011
caixa_001_2011_10_outubro_pmcmv_automatizado_novo_20102011,outubro_pmcmv_automatizado_novo,,full_refresh,classificacao=nao_monotona(flutua_ou_constante); trajetoria=536->536; fonte_contagem=exato_count_star; nome_periodo=YYYY:2011
caixa_001_2011_11_novembro_relat_rio_executivo_mcid_21_11_11,novembro_relat_rio_executivo_mcid_21_11_11,,full_refresh,classificacao=versao_unica; trajetoria=13686; fonte_contagem=exato_count_star; nome_periodo=YYYY:2011
caixa_001_2011_11_novembro_relatório_executivo_mcid_21_11_11,novembro_relatório_executivo_mcid_21_11_11,,full_refresh,classificacao=versao_unica; trajetoria=13686; fonte_contagem=exato_count_star; nome_periodo=YYYY:2011
caixa_001_2012_01_janeiro_pmcmv_relatorio_executivo_23012012,janeiro_pmcmv_relatorio_executivo,,full_refresh,classificacao=nao_monotona(flutua_ou_constante); trajetoria=536->536->536; fonte_contagem=exato_count_star; nome_periodo=YYYY:2012
caixa_001_2012_01_janeiro_pmcmv_relatorio_executivo_27012012,janeiro_pmcmv_relatorio_executivo,,full_refresh,classificacao=nao_monotona(flutua_ou_constante); trajetoria=536->536->536; fonte_contagem=exato_count_star; nome_periodo=YYYY:2012
caixa_001_2012_01_janeiro_pmcmv_relatorio_executivo_31012012,janeiro_pmcmv_relatorio_executivo,,full_refresh,classificacao=nao_monotona(flutua_ou_constante); trajetoria=536->536->536; fonte_contagem=exato_count_star; nome_periodo=YYYY:2012
caixa_001_2012_03_marco_pmcmv_relatorio_executivo_09_03_2012,marco_pmcmv_relatorio_executivo_09_03,,full_refresh,classificacao=versao_unica; trajetoria=536; fonte_contagem=exato_count_star; nome_periodo=YYYY:2012
caixa_001_2012_03_marco_pmcmv_relatorio_executivo_16_03_2012,marco_pmcmv_relatorio_executivo_16_03,,full_refresh,classificacao=versao_unica; trajetoria=536; fonte_contagem=exato_count_star; nome_periodo=YYYY:2012
caixa_001_2012_03_marco_pmcmv_relatorio_executivo_27_03_2012,marco_pmcmv_relatorio_executivo_27_03,,full_refresh,classificacao=versao_unica; trajetoria=536; fonte_contagem=exato_count_star; nome_periodo=YYYY:2012
caixa_001_2012_03_marco_pmcmv_relatorio_executivo_31_03_2012,marco_pmcmv_relatorio_executivo_31_03,,full_refresh,classificacao=versao_unica; trajetoria=536; fonte_contagem=exato_count_star; nome_periodo=YYYY:2012
caixa_001_2012_04_abril_2012_04_18_5b1_base_empreend_contratado,abril_2012_04_18_5b1_base_empreend_contratado,,full_refresh,classificacao=versao_unica; trajetoria=7954; fonte_contagem=exato_count_star; nome_periodo=YYYY:2012
caixa_001_2012_04_abril_2012_04_18_5b_empreend_contratado,abril_2012_04_18_5b_empreend_contratado,,full_refresh,classificacao=versao_unica; trajetoria=6272; fonte_contagem=exato_count_star; nome_periodo=YYYY:2012
caixa_001_2012_04_abril_2012_04_18_5c1__base_contrata__o_pf,abril_2012_04_18_5c1_base_contrata_o_pf,,full_refresh,classificacao=versao_unica; trajetoria=30184; fonte_contagem=exato_count_star; nome_periodo=YYYY:2012
caixa_001_2012_04_abril_2012_04_18_5c_base_contrata__o_pf,abril_2012_04_18_5c_base_contrata_o_pf,,full_refresh,classificacao=versao_unica; trajetoria=33914; fonte_contagem=exato_count_star; nome_periodo=YYYY:2012
caixa_001_2012_04_abril_2012_04_18_rural_18042012,abril_2012_04_18_rural,,full_refresh,classificacao=versao_unica; trajetoria=2884; fonte_contagem=exato_count_star; nome_periodo=YYYY:2012
caixa_001_2012_04_abril_2012_04_30_ajustada_caixa_5d_base_bext,abril_2012_04_30_ajustada_caixa_5d_base_bext,,full_refresh,classificacao=versao_unica; trajetoria=6942; fonte_contagem=exato_count_star; nome_periodo=YYYY:2012
caixa_001_2012_04_abril_5b1_base_empreend_contratado,abril_5b1_base_empreend_contratado,,full_refresh,classificacao=versao_unica; trajetoria=7954; fonte_contagem=exato_count_star; nome_periodo=YYYY:2012
caixa_001_2012_04_abril_pmcmv_relatorio_executivo_18_04_2012,abril_pmcmv_relatorio_executivo_18_04,,full_refresh,classificacao=versao_unica; trajetoria=536; fonte_contagem=exato_count_star; nome_periodo=YYYY:2012
caixa_001_2012_04_abril_pmcmv_relatorio_executivo_24_04_2012,abril_pmcmv_relatorio_executivo_24_04,,full_refresh,classificacao=versao_unica; trajetoria=536; fonte_contagem=exato_count_star; nome_periodo=YYYY:2012
caixa_001_2012_04_abril_pmcmv_relatorio_executivo_30_04_2012,abril_pmcmv_relatorio_executivo_30_04,,full_refresh,classificacao=versao_unica; trajetoria=536; fonte_contagem=exato_count_star; nome_periodo=YYYY:2012
caixa_001_2012_04_abril_validacao_1604_1804,abril_validacao,,full_refresh,classificacao=versao_unica; trajetoria=6210; fonte_contagem=exato_count_star; nome_periodo=YYYY:2012
caixa_001_2012_05_maio_5b1__base_empreend_contratado,maio_5b1_base_empreend_contratado,,full_refresh,classificacao=versao_unica; trajetoria=7954; fonte_contagem=exato_count_star; nome_periodo=YYYY:2012
caixa_001_2012_05_maio_pmcmv_relatorio_executivo_07_05_2012,maio_pmcmv_relatorio_executivo_07_05,,full_refresh,classificacao=versao_unica; trajetoria=536; fonte_contagem=exato_count_star; nome_periodo=YYYY:2012
caixa_001_2012_05_maio_pmcmv_relatorio_executivo_14_05_2012,maio_pmcmv_relatorio_executivo_14_05,,full_refresh,classificacao=versao_unica; trajetoria=536; fonte_contagem=exato_count_star; nome_periodo=YYYY:2012
caixa_001_2012_05_maio_pmcmv_relatorio_executivo_28_05_2012,maio_pmcmv_relatorio_executivo_28_05,,full_refresh,classificacao=versao_unica; trajetoria=536; fonte_contagem=exato_count_star; nome_periodo=YYYY:2012
caixa_001_2012_05_maio_pmcmv_relatorio_executivo_31_05_2012,maio_pmcmv_relatorio_executivo_31_05,,full_refresh,classificacao=versao_unica; trajetoria=536; fonte_contagem=exato_count_star; nome_periodo=YYYY:2012
caixa_001_2012_06_junho_pmcmv_relatorio_executivo_30_06_2012,junho_pmcmv_relatorio_executivo_30_06,,full_refresh,classificacao=versao_unica; trajetoria=536; fonte_contagem=exato_count_star; nome_periodo=YYYY:2012
caixa_001_2012_06_junho_pmcmv_relatorio_executivo_30_06_2012v2,junho_pmcmv_relatorio_executivo_30_06_2012v2,,full_refresh,classificacao=versao_unica; trajetoria=536; fonte_contagem=exato_count_star; nome_periodo=YYYY:2012
caixa_001_2012_07_julho_bases_relatório_executivo_24_07_12,julho_bases_relatório_executivo_24_07_12,,full_refresh,classificacao=versao_unica; trajetoria=90; fonte_contagem=exato_count_star; nome_periodo=YYYY:2012
caixa_001_2012_07_julho_bases_relatório_executivo_31072012_v2,julho_bases_relatório_executivo,,full_refresh,classificacao=crescimento_nao_consistente_com_append; trajetoria=16436->37978; fonte_contagem=exato_count_star; nome_periodo=YYYY:2012
caixa_001_2012_07_julho_bases_relatório_executivo_31_07_12,julho_bases_relatório_executivo_31_07_12,,full_refresh,classificacao=versao_unica; trajetoria=16408; fonte_contagem=exato_count_star; nome_periodo=YYYY:2012
caixa_001_2012_07_julho_pmcmv_relatorio_executivo_11_07_2012,julho_pmcmv_relatorio_executivo_11_07,,full_refresh,classificacao=versao_unica; trajetoria=536; fonte_contagem=exato_count_star; nome_periodo=YYYY:2012
caixa_001_2012_07_julho_pmcmv_relatorio_executivo_11_07_2012_bd,julho_pmcmv_relatorio_executivo_11_07_2012_bd,,full_refresh,classificacao=versao_unica; trajetoria=536; fonte_contagem=exato_count_star; nome_periodo=YYYY:2012
caixa_001_2012_07_julho_pmcmv_relatorio_executivo_15_07_2012,julho_pmcmv_relatorio_executivo_15_07,,full_refresh,classificacao=versao_unica; trajetoria=536; fonte_contagem=exato_count_star; nome_periodo=YYYY:2012
caixa_001_2012_07_julho_pmcmv_relatório_executivo_24_07_12,julho_pmcmv_relatório_executivo_24_07_12,,full_refresh,classificacao=versao_unica; trajetoria=536; fonte_contagem=exato_count_star; nome_periodo=YYYY:2012
caixa_001_2012_07_julho_pmcmv_relatório_executivo_31072012_v2,julho_pmcmv_relatório_executivo,,full_refresh,classificacao=versao_unica; trajetoria=536; fonte_contagem=exato_count_star; nome_periodo=YYYY:2012
caixa_001_2012_07_julho_pmcmv_relatório_executivo_31_07_12,julho_pmcmv_relatório_executivo_31_07_12,,full_refresh,classificacao=versao_unica; trajetoria=536; fonte_contagem=exato_count_star; nome_periodo=YYYY:2012
caixa_001_2012_08_agosto_base_pf_e_pj_06_08_12,agosto_base_pf_e_pj_06_08_12,,full_refresh,classificacao=versao_unica; trajetoria=16524; fonte_contagem=exato_count_star; nome_periodo=YYYY:2012
caixa_001_2012_08_agosto_base_pf_e_pj_14_08_12,agosto_base_pf_e_pj_14_08_12,,full_refresh,classificacao=versao_unica; trajetoria=16800; fonte_contagem=exato_count_star; nome_periodo=YYYY:2012
caixa_001_2012_08_agosto_base_pf_e_pj_20_08_12,agosto_base_pf_e_pj_20_08_12,,full_refresh,classificacao=versao_unica; trajetoria=16984; fonte_contagem=exato_count_star; nome_periodo=YYYY:2012
caixa_001_2012_08_agosto_base_pf_e_pj_24_08_12,agosto_base_pf_e_pj_24_08_12,,full_refresh,classificacao=versao_unica; trajetoria=17038; fonte_contagem=exato_count_star; nome_periodo=YYYY:2012
caixa_001_2012_08_agosto_bases_relatório_executivo_31_08_12,agosto_bases_relatório_executivo_31_08_12,,full_refresh,classificacao=versao_unica; trajetoria=17220; fonte_contagem=exato_count_star; nome_periodo=YYYY:2012
caixa_001_2012_08_agosto_pmcmv_relatório_executivo_06_08_12,agosto_pmcmv_relatório_executivo_06_08_12,,full_refresh,classificacao=versao_unica; trajetoria=536; fonte_contagem=exato_count_star; nome_periodo=YYYY:2012
caixa_001_2012_08_agosto_pmcmv_relatório_executivo_14_08_12,agosto_pmcmv_relatório_executivo_14_08_12,,full_refresh,classificacao=versao_unica; trajetoria=536; fonte_contagem=exato_count_star; nome_periodo=YYYY:2012
caixa_001_2012_08_agosto_pmcmv_relatório_executivo_20_08_12,agosto_pmcmv_relatório_executivo_20_08_12,,full_refresh,classificacao=versao_unica; trajetoria=536; fonte_contagem=exato_count_star; nome_periodo=YYYY:2012
caixa_001_2012_08_agosto_pmcmv_relatório_executivo_24_08_12,agosto_pmcmv_relatório_executivo_24_08_12,,full_refresh,classificacao=versao_unica; trajetoria=536; fonte_contagem=exato_count_star; nome_periodo=YYYY:2012
caixa_001_2012_08_agosto_pmcmv_relatório_executivo_31_08_12,agosto_pmcmv_relatório_executivo_31_08_12,,full_refresh,classificacao=versao_unica; trajetoria=536; fonte_contagem=exato_count_star; nome_periodo=YYYY:2012
caixa_001_2012_09_setembro_bases_relatório_executivo_10_09_12,setembro_bases_relatório_executivo_10_09_12,,full_refresh,classificacao=versao_unica; trajetoria=17408; fonte_contagem=exato_count_star; nome_periodo=YYYY:2012
caixa_001_2012_09_setembro_bases_relatório_executivo_15_09_12,setembro_bases_relatório_executivo_15_09_12,,full_refresh,classificacao=versao_unica; trajetoria=17566; fonte_contagem=exato_count_star; nome_periodo=YYYY:2012
caixa_001_2012_09_setembro_bases_relatório_executivo_26092012,setembro_bases_relatório_executivo,,full_refresh,classificacao=crescimento_nao_consistente_com_append; trajetoria=17744->18016; fonte_contagem=exato_count_star; nome_periodo=YYYY:2012
caixa_001_2012_09_setembro_bases_relatório_executivo_30092012,setembro_bases_relatório_executivo,,full_refresh,classificacao=crescimento_nao_consistente_com_append; trajetoria=17744->18016; fonte_contagem=exato_count_star; nome_periodo=YYYY:2012
caixa_001_2012_09_setembro_pmcmv_relatório_executivo_10_09_12,setembro_pmcmv_relatório_executivo_10_09_12,,full_refresh,classificacao=versao_unica; trajetoria=536; fonte_contagem=exato_count_star; nome_periodo=YYYY:2012
caixa_001_2012_09_setembro_pmcmv_relatório_executivo_26092012,setembro_pmcmv_relatório_executivo,,full_refresh,classificacao=nao_monotona(flutua_ou_constante); trajetoria=536->536; fonte_contagem=exato_count_star; nome_periodo=YYYY:2012
caixa_001_2012_09_setembro_pmcmv_relatório_executivo_30092012,setembro_pmcmv_relatório_executivo,,full_refresh,classificacao=nao_monotona(flutua_ou_constante); trajetoria=536->536; fonte_contagem=exato_count_star; nome_periodo=YYYY:2012
caixa_001_2012_09_setembro_rel_executivo_resumo_15092012,setembro_rel_executivo_resumo,,full_refresh,classificacao=nao_monotona(flutua_ou_constante); trajetoria=536->536; fonte_contagem=exato_count_star; nome_periodo=YYYY:2012
caixa_001_2012_09_setembro_rel_executivo_resumo_26092012,setembro_rel_executivo_resumo,,full_refresh,classificacao=nao_monotona(flutua_ou_constante); trajetoria=536->536; fonte_contagem=exato_count_star; nome_periodo=YYYY:2012
caixa_001_2012_10_outubro_bases_relatório_executivo_31102012,outubro_bases_relatório_executivo,,full_refresh,classificacao=crescimento_nao_consistente_com_append; trajetoria=18738->38636; fonte_contagem=exato_count_star; nome_periodo=YYYY:2012
caixa_001_2012_10_outubro_pmcmv_relatório_executivo_31102012,outubro_pmcmv_relatório_executivo,,full_refresh,classificacao=versao_unica; trajetoria=536; fonte_contagem=exato_count_star; nome_periodo=YYYY:2012
caixa_001_2012_10_outubro_rel_executivo_resumo_31102012,outubro_rel_executivo_resumo,,full_refresh,classificacao=versao_unica; trajetoria=536; fonte_contagem=exato_count_star; nome_periodo=YYYY:2012
caixa_001_2012_11_novembro_bases_relat_rio_executivo_12112012,novembro_bases_relat_rio_executivo,,full_refresh,classificacao=versao_unica; trajetoria=19036; fonte_contagem=exato_count_star; nome_periodo=YYYY:2012
caixa_001_2012_11_novembro_bases_relatório_executivo_28112012,novembro_bases_relatório_executivo,,full_refresh,classificacao=crescimento_nao_consistente_com_append; trajetoria=19398->35188->35532->38898; fonte_contagem=exato_count_star; nome_periodo=YYYY:2012
caixa_001_2012_11_novembro_pmcmv_relat_rio_executivo_12112012,novembro_pmcmv_relat_rio_executivo,,full_refresh,classificacao=versao_unica; trajetoria=536; fonte_contagem=exato_count_star; nome_periodo=YYYY:2012
caixa_001_2012_11_novembro_pmcmv_relatório_executivo_28112012,novembro_pmcmv_relatório_executivo,,full_refresh,classificacao=nao_monotona(flutua_ou_constante); trajetoria=536->536->536; fonte_contagem=exato_count_star; nome_periodo=YYYY:2012
caixa_001_2012_12_dezembro_bases_relatório_executivo_21122012,dezembro_bases_relatório_executivo,,full_refresh,classificacao=crescimento_nao_consistente_com_append; trajetoria=20092->20904->39200; fonte_contagem=exato_count_star; nome_periodo=YYYY:2012
caixa_001_2012_12_dezembro_bases_relatório_executivo_31122012,dezembro_bases_relatório_executivo,,full_refresh,classificacao=crescimento_nao_consistente_com_append; trajetoria=20092->20904->39200; fonte_contagem=exato_count_star; nome_periodo=YYYY:2012
caixa_001_2012_12_dezembro_pmcmv_relatório_executivo_21122012,dezembro_pmcmv_relatório_executivo,,full_refresh,classificacao=nao_monotona(flutua_ou_constante); trajetoria=536->536; fonte_contagem=exato_count_star; nome_periodo=YYYY:2012
caixa_001_2012_12_dezembro_pmcmv_relatório_executivo_31122012,dezembro_pmcmv_relatório_executivo,,full_refresh,classificacao=nao_monotona(flutua_ou_constante); trajetoria=536->536; fonte_contagem=exato_count_star; nome_periodo=YYYY:2012
caixa_001_2012_12_dezembro_rel_executivo_resumo_21122012,dezembro_rel_executivo_resumo,,full_refresh,classificacao=nao_monotona(flutua_ou_constante); trajetoria=536->536->536->536; fonte_contagem=exato_count_star; nome_periodo=YYYY:2012
caixa_001_2013_01___janeiro_bases_relatório_executivo_31012013,janeiro_bases_relatório_executivo,,full_refresh,classificacao=crescimento_nao_consistente_com_append; trajetoria=21308->36598; fonte_contagem=exato_count_star; nome_periodo=YYYY:2013
caixa_001_2013_01___janeiro_pmcmv_relatório_executivo_31012013,janeiro_pmcmv_relatório_executivo,,full_refresh,classificacao=versao_unica; trajetoria=536; fonte_contagem=exato_count_star; nome_periodo=YYYY:2013
caixa_001_2013_01___janeiro_rel_executivo_resumo_31012013,janeiro_rel_executivo_resumo,,full_refresh,classificacao=versao_unica; trajetoria=536; fonte_contagem=exato_count_star; nome_periodo=YYYY:2013
caixa_001_2013_02___fevereiro_propostas_base_far,fevereiro_propostas_base_far,,full_refresh,classificacao=versao_unica; trajetoria=1928; fonte_contagem=exato_count_star; nome_periodo=YYYY:2013
caixa_001_2013_02___fevereiro_rel_executivo_resumo_15022013,fevereiro_rel_executivo_resumo,,full_refresh,classificacao=nao_monotona(flutua_ou_constante); trajetoria=536->536->536->536; fonte_contagem=exato_count_star; nome_periodo=YYYY:2013
caixa_001_2013_02___fevereiro_rel_executivo_resumo_15022013_v2,fevereiro_rel_executivo_resumo,,full_refresh,classificacao=nao_monotona(flutua_ou_constante); trajetoria=536->536->536->536; fonte_contagem=exato_count_star; nome_periodo=YYYY:2013
caixa_001_2013_02___fevereiro_rel_executivo_resumo_28022013,fevereiro_rel_executivo_resumo,,full_refresh,classificacao=nao_monotona(flutua_ou_constante); trajetoria=536->536->536->536; fonte_contagem=exato_count_star; nome_periodo=YYYY:2013
caixa_001_2013_03___março_bases_relat_rio_executivo_28032013,março_bases_relat_rio_executivo,,full_refresh,classificacao=versao_unica; trajetoria=22602; fonte_contagem=exato_count_star; nome_periodo=YYYY:2013
caixa_001_2013_03___março_bases_relatório_executivo_15032013,março_bases_relatório_executivo,,full_refresh,classificacao=crescimento_nao_consistente_com_append; trajetoria=22082->22602; fonte_contagem=exato_count_star; nome_periodo=YYYY:2013
caixa_001_2013_03___março_bases_relatório_executivo_28032013,março_bases_relatório_executivo,,full_refresh,classificacao=crescimento_nao_consistente_com_append; trajetoria=22082->22602; fonte_contagem=exato_count_star; nome_periodo=YYYY:2013
caixa_001_2013_03___março_pmcmv_relat_rio_executivo_28032013,março_pmcmv_relat_rio_executivo,,full_refresh,classificacao=versao_unica; trajetoria=536; fonte_contagem=exato_count_star; nome_periodo=YYYY:2013
caixa_001_2013_03___março_pmcmv_relatório_executivo_15032013,março_pmcmv_relatório_executivo,,full_refresh,classificacao=nao_monotona(flutua_ou_constante); trajetoria=536->536; fonte_contagem=exato_count_star; nome_periodo=YYYY:2013
caixa_001_2013_03___março_pmcmv_relatório_executivo_28032013,março_pmcmv_relatório_executivo,,full_refresh,classificacao=nao_monotona(flutua_ou_constante); trajetoria=536->536; fonte_contagem=exato_count_star; nome_periodo=YYYY:2013
caixa_001_2013_03___março_rel_executivo_resumo_15032013,março_rel_executivo_resumo,,full_refresh,classificacao=nao_monotona(flutua_ou_constante); trajetoria=536->536; fonte_contagem=exato_count_star; nome_periodo=YYYY:2013
caixa_001_2013_03___março_rel_executivo_resumo_28032013,março_rel_executivo_resumo,,full_refresh,classificacao=nao_monotona(flutua_ou_constante); trajetoria=536->536; fonte_contagem=exato_count_star; nome_periodo=YYYY:2013
caixa_001_2013_04___abril_bases_relatório_executivo_30042013,abril_bases_relatório_executivo,,full_refresh,classificacao=crescimento_nao_consistente_com_append; trajetoria=23046->36882->37096; fonte_contagem=exato_count_star; nome_periodo=YYYY:2013
caixa_001_2013_04___abril_pmcmv_relat_rio_executivo_30042013,abril_pmcmv_relat_rio_executivo,,full_refresh,classificacao=versao_unica; trajetoria=536; fonte_contagem=exato_count_star; nome_periodo=YYYY:2013
caixa_001_2013_04___abril_pmcmv_relatório_executivo_30042013,abril_pmcmv_relatório_executivo,,full_refresh,classificacao=versao_unica; trajetoria=536; fonte_contagem=exato_count_star; nome_periodo=YYYY:2013
caixa_001_2013_04___abril_rel_executivo_resumo_30042013,abril_rel_executivo_resumo,,full_refresh,classificacao=nao_monotona(flutua_ou_constante); trajetoria=536->536->536; fonte_contagem=exato_count_star; nome_periodo=YYYY:2013
caixa_001_2013_04___abril_rel_executivo_resumo_30042013_v1,abril_rel_executivo_resumo,,full_refresh,classificacao=nao_monotona(flutua_ou_constante); trajetoria=536->536->536; fonte_contagem=exato_count_star; nome_periodo=YYYY:2013
caixa_001_2013_05___maio_bases_relat_rio_executivo_150513,maio_bases_relat_rio_executivo,,full_refresh,classificacao=crescimento_nao_consistente_com_append; trajetoria=23314->37332; fonte_contagem=exato_count_star; nome_periodo=YYYY:2013
caixa_001_2013_05___maio_pmcmv_relat_rio_executivo_150513,maio_pmcmv_relat_rio_executivo,,full_refresh,classificacao=versao_unica; trajetoria=536; fonte_contagem=exato_count_star; nome_periodo=YYYY:2013
caixa_001_2013_05___maio_rel_executivo_resumo_150513,maio_rel_executivo_resumo,,full_refresh,classificacao=nao_monotona(flutua_ou_constante); trajetoria=536->536; fonte_contagem=exato_count_star; nome_periodo=YYYY:2013
caixa_001_2013_12___dezembro_bases_relat_rio_executivo,dezembro_bases_relat_rio_executivo,,full_refresh,classificacao=versao_unica; trajetoria=29888; fonte_contagem=exato_count_star; nome_periodo=YYYY:2013
caixa_001_2013_12___dezembro_rel_executivo_resumo,dezembro_rel_executivo_resumo,,full_refresh,classificacao=nao_monotona(flutua_ou_constante); trajetoria=536->536->536->536; fonte_contagem=exato_count_star; nome_periodo=YYYY:2013
caixa_001_2014_11_novembro_bases_relatório_executivo_15112014,novembro_bases_relatório_executivo,,full_refresh,classificacao=crescimento_nao_consistente_com_append; trajetoria=19398->35188->35532->38898; fonte_contagem=exato_count_star; nome_periodo=YYYY:2014
caixa_001_2014_11_novembro_bases_relatório_executivo_30112014,novembro_bases_relatório_executivo,,full_refresh,classificacao=crescimento_nao_consistente_com_append; trajetoria=19398->35188->35532->38898; fonte_contagem=exato_count_star; nome_periodo=YYYY:2014
caixa_001_2014_11_novembro_pmcmv_relatório_executivo_15112014,novembro_pmcmv_relatório_executivo,,full_refresh,classificacao=nao_monotona(flutua_ou_constante); trajetoria=536->536->536; fonte_contagem=exato_count_star; nome_periodo=YYYY:2014
caixa_001_2014_11_novembro_pmcmv_relatório_executivo_30112014,novembro_pmcmv_relatório_executivo,,full_refresh,classificacao=nao_monotona(flutua_ou_constante); trajetoria=536->536->536; fonte_contagem=exato_count_star; nome_periodo=YYYY:2014
caixa_001_2014_11_novembro_rel_executivo_resumo_15112014,novembro_rel_executivo_resumo,,full_refresh,classificacao=nao_monotona(flutua_ou_constante); trajetoria=536->536; fonte_contagem=exato_count_star; nome_periodo=YYYY:2014
caixa_001_2014_11_novembro_rel_executivo_resumo_comerc_30112014,novembro_rel_executivo_resumo_comerc,,full_refresh,classificacao=versao_unica; trajetoria=536; fonte_contagem=exato_count_star; nome_periodo=YYYY:2014
caixa_001_2014_12_dezembro_rel_executivo_resumo_31122014,dezembro_rel_executivo_resumo,,full_refresh,classificacao=nao_monotona(flutua_ou_constante); trajetoria=536->536->536->536; fonte_contagem=exato_count_star; nome_periodo=YYYY:2014
caixa_001_2014_rel_executivo_resumo_28022015,rel_executivo_resumo,,full_refresh,classificacao=nao_monotona(flutua_ou_constante); trajetoria=536->536->536->536->536->536; fonte_contagem=exato_count_star; nome_periodo=YYYY:2014
caixa_001_2014_rel_executivo_resumo_31012015,rel_executivo_resumo,,full_refresh,classificacao=nao_monotona(flutua_ou_constante); trajetoria=536->536->536->536->536->536; fonte_contagem=exato_count_star; nome_periodo=YYYY:2014
caixa_001_2015_01_janeiro_bases_relatório_executivo_31012015,janeiro_bases_relatório_executivo,,full_refresh,classificacao=crescimento_nao_consistente_com_append; trajetoria=21308->36598; fonte_contagem=exato_count_star; nome_periodo=YYYY:2015
caixa_001_2015_01_janeiro_pmcmv_3_relatório_executivo_31012015,janeiro_pmcmv_3_relatório_executivo,,full_refresh,classificacao=versao_unica; trajetoria=536; fonte_contagem=exato_count_star; nome_periodo=YYYY:2015
caixa_001_2015_02_fevereiro_bases_relatório_executivo_28022015,fevereiro_bases_relatório_executivo,,full_refresh,classificacao=versao_unica; trajetoria=36706; fonte_contagem=exato_count_star; nome_periodo=YYYY:2015
caixa_001_2015_02_fevereiro_rel_executivo_resumo_28022015,fevereiro_rel_executivo_resumo,,full_refresh,classificacao=nao_monotona(flutua_ou_constante); trajetoria=536->536->536->536; fonte_contagem=exato_count_star; nome_periodo=YYYY:2015
caixa_001_2015_03_marco_bases_relatório_executivo_31032015,marco_bases_relatório_executivo,,full_refresh,classificacao=versao_unica; trajetoria=36884; fonte_contagem=exato_count_star; nome_periodo=YYYY:2015
caixa_001_2015_03_marco_bases_relatório_executivo_31032015v2,marco_bases_relatório_executivo_31032015v2,,full_refresh,classificacao=versao_unica; trajetoria=36884; fonte_contagem=exato_count_star; nome_periodo=YYYY:2015
caixa_001_2015_03_marco_pmcmv_3_relatório_executivo_31032015,marco_pmcmv_3_relatório_executivo,,full_refresh,classificacao=versao_unica; trajetoria=536; fonte_contagem=exato_count_star; nome_periodo=YYYY:2015
caixa_001_2015_03_marco_rel_executivo_resumo_2015_31032015v2,marco_rel_executivo_resumo_2015_31032015v2,,full_refresh,classificacao=versao_unica; trajetoria=536; fonte_contagem=exato_count_star; nome_periodo=YYYY:2015
caixa_001_2015_03_marco_rel_executivo_resumo_31032015,marco_rel_executivo_resumo,,full_refresh,classificacao=versao_unica; trajetoria=536; fonte_contagem=exato_count_star; nome_periodo=YYYY:2015
caixa_001_2015_04_abril_bases_relatório_executivo_30042015,abril_bases_relatório_executivo,,full_refresh,classificacao=crescimento_nao_consistente_com_append; trajetoria=23046->36882->37096; fonte_contagem=exato_count_star; nome_periodo=YYYY:2015
caixa_001_2015_04_abril_bases_relatório_executivo_30042015_v2,abril_bases_relatório_executivo,,full_refresh,classificacao=crescimento_nao_consistente_com_append; trajetoria=23046->36882->37096; fonte_contagem=exato_count_star; nome_periodo=YYYY:2015
caixa_001_2015_04_abril_pmcmv_3_relatório_executivo_30042015,abril_pmcmv_3_relatório_executivo,,full_refresh,classificacao=versao_unica; trajetoria=536; fonte_contagem=exato_count_star; nome_periodo=YYYY:2015
caixa_001_2015_04_abril_rel_executivo_resumo_30042015,abril_rel_executivo_resumo,,full_refresh,classificacao=nao_monotona(flutua_ou_constante); trajetoria=536->536->536; fonte_contagem=exato_count_star; nome_periodo=YYYY:2015
caixa_001_2015_05_maio_bases_relat_rio_executivo_31052015,maio_bases_relat_rio_executivo,,full_refresh,classificacao=crescimento_nao_consistente_com_append; trajetoria=23314->37332; fonte_contagem=exato_count_star; nome_periodo=YYYY:2015
caixa_001_2015_05_maio_pmcmv_3_relat_rio_executivo_31052015,maio_pmcmv_3_relat_rio_executivo,,full_refresh,classificacao=versao_unica; trajetoria=536; fonte_contagem=exato_count_star; nome_periodo=YYYY:2015
caixa_001_2015_05_maio_rel_executivo_resumo_31052015,maio_rel_executivo_resumo,,full_refresh,classificacao=nao_monotona(flutua_ou_constante); trajetoria=536->536; fonte_contagem=exato_count_star; nome_periodo=YYYY:2015
caixa_001_2015_06_junho_bases_relatório_executivo_30062015,junho_bases_relatório_executivo,,full_refresh,classificacao=versao_unica; trajetoria=37604; fonte_contagem=exato_count_star; nome_periodo=YYYY:2015
caixa_001_2015_06_junho_bext_30062015,junho_bext,,full_refresh,classificacao=versao_unica; trajetoria=505104; fonte_contagem=exato_count_star; nome_periodo=YYYY:2015
caixa_001_2015_06_junho_pmcmv_3_relatório_executivo_30062015,junho_pmcmv_3_relatório_executivo,,full_refresh,classificacao=versao_unica; trajetoria=536; fonte_contagem=exato_count_star; nome_periodo=YYYY:2015
caixa_001_2015_06_junho_rel_executivo_resumo_30062015,junho_rel_executivo_resumo,,full_refresh,classificacao=versao_unica; trajetoria=536; fonte_contagem=exato_count_star; nome_periodo=YYYY:2015
caixa_001_2015_07_julho_bases_relatório_executivo_31072015,julho_bases_relatório_executivo,,full_refresh,classificacao=crescimento_nao_consistente_com_append; trajetoria=16436->37978; fonte_contagem=exato_count_star; nome_periodo=YYYY:2015
caixa_001_2015_07_julho_min_cidades_pf_pf,julho_min_cidades_pf_pf,,full_refresh,classificacao=versao_unica; trajetoria=153170; fonte_contagem=exato_count_star; nome_periodo=YYYY:2015
caixa_001_2015_07_julho_min_cidades_pj,julho_min_cidades_pj,,full_refresh,classificacao=versao_unica; trajetoria=1992; fonte_contagem=exato_count_star; nome_periodo=YYYY:2015
caixa_001_2015_07_julho_min_cidades_pj_pf,julho_min_cidades_pj_pf,,full_refresh,classificacao=versao_unica; trajetoria=213794; fonte_contagem=exato_count_star; nome_periodo=YYYY:2015
caixa_001_2015_07_julho_pmcmv_3_relatório_executivo_31072015,julho_pmcmv_3_relatório_executivo,,full_refresh,classificacao=versao_unica; trajetoria=536; fonte_contagem=exato_count_star; nome_periodo=YYYY:2015
caixa_001_2015_07_julho_rel_executivo_resumo_31072015,julho_rel_executivo_resumo,,full_refresh,classificacao=versao_unica; trajetoria=536; fonte_contagem=exato_count_star; nome_periodo=YYYY:2015
caixa_001_2015_10_outubro_bases_relatório_executivo_31102015,outubro_bases_relatório_executivo,,full_refresh,classificacao=crescimento_nao_consistente_com_append; trajetoria=18738->38636; fonte_contagem=exato_count_star; nome_periodo=YYYY:2015
caixa_001_2015_10_outubro_bext_31102015,outubro_bext,,full_refresh,classificacao=versao_unica; trajetoria=526740; fonte_contagem=exato_count_star; nome_periodo=YYYY:2015
caixa_001_2015_10_outubro_pmcmv_3_relatório_executivo31102015,outubro_pmcmv_3_relatório_executivo31102015,,full_refresh,classificacao=versao_unica; trajetoria=536; fonte_contagem=exato_count_star; nome_periodo=YYYY:2015
caixa_001_2015_10_outubro_pmcmv_3_relatório_executivo_31102015,outubro_pmcmv_3_relatório_executivo,,full_refresh,classificacao=versao_unica; trajetoria=536; fonte_contagem=exato_count_star; nome_periodo=YYYY:2015
caixa_001_2015_11_novembro_bases_relatório_executivo_30112015,novembro_bases_relatório_executivo,,full_refresh,classificacao=crescimento_nao_consistente_com_append; trajetoria=19398->35188->35532->38898; fonte_contagem=exato_count_star; nome_periodo=YYYY:2015
caixa_001_2015_11_novembro_pmcmv_3_relatório_executivo_3011201,novembro_pmcmv_3_relatório_executivo_3011201,,full_refresh,classificacao=versao_unica; trajetoria=536; fonte_contagem=exato_count_star; nome_periodo=YYYY:2015
caixa_001_2015_11_novembro_rel_executivo_resumo_30112015,novembro_rel_executivo_resumo,,full_refresh,classificacao=nao_monotona(flutua_ou_constante); trajetoria=536->536; fonte_contagem=exato_count_star; nome_periodo=YYYY:2015
caixa_001_2015_12_dezembro_bases_relatório_executivo_31122015v,dezembro_bases_relatório_executivo_31122015v,,full_refresh,classificacao=versao_unica; trajetoria=39200; fonte_contagem=exato_count_star; nome_periodo=YYYY:2015
caixa_001_2015_12_dezembro_rel_executivo_resumo_31122015v2,dezembro_rel_executivo_resumo_31122015v2,,full_refresh,classificacao=versao_unica; trajetoria=536; fonte_contagem=exato_count_star; nome_periodo=YYYY:2015
caixa_001_2015_datas_entregas_pj_mcmv_30062015,datas_entregas_pj_mcmv,,full_refresh,classificacao=versao_unica; trajetoria=98964; fonte_contagem=exato_count_star; nome_periodo=YYYY:2015
caixa_001_2016_02_fevereiro_relatorio_cidades_20160229_v2,fevereiro_relatorio_cidades,,full_refresh,classificacao=versao_unica; trajetoria=533706; fonte_contagem=exato_count_star; nome_periodo=YYYY:2016
caixa_001_2016_bases_relatório_executivo_30042016,bases_relatório_executivo,,full_refresh,classificacao=crescimento_nao_consistente_com_append; trajetoria=40054->42672; fonte_contagem=exato_count_star; nome_periodo=YYYY:2016
caixa_001_2016_bext_30042016,bext,,full_refresh,classificacao=nao_monotona(flutua_ou_constante); trajetoria=548374->0->565558; fonte_contagem=exato_count_star; nome_periodo=YYYY:2016
caixa_001_2016_bext_31102016,bext,,full_refresh,classificacao=nao_monotona(flutua_ou_constante); trajetoria=548374->0->565558; fonte_contagem=exato_count_star; nome_periodo=YYYY:2016
caixa_001_2016_grafico_mcmv_31082016,grafico_mcmv,,full_refresh,classificacao=versao_unica; trajetoria=16; fonte_contagem=exato_count_star; nome_periodo=YYYY:2016
caixa_001_2016_pmcmv_3_relatório_executivo_30042016,pmcmv_3_relatório_executivo,,full_refresh,classificacao=nao_monotona(flutua_ou_constante); trajetoria=536->536; fonte_contagem=exato_count_star; nome_periodo=YYYY:2016
caixa_001_2016_pmcmv_3_relatório_executivo_31122016,pmcmv_3_relatório_executivo,,full_refresh,classificacao=nao_monotona(flutua_ou_constante); trajetoria=536->536; fonte_contagem=exato_count_star; nome_periodo=YYYY:2016
caixa_001_2016_rel_executivo_resumo_30042016,rel_executivo_resumo,,full_refresh,classificacao=nao_monotona(flutua_ou_constante); trajetoria=536->536->536->536->536->536; fonte_contagem=exato_count_star; nome_periodo=YYYY:2016
caixa_001_2016_rel_executivo_resumo_31082016,rel_executivo_resumo,,full_refresh,classificacao=nao_monotona(flutua_ou_constante); trajetoria=536->536->536->536->536->536; fonte_contagem=exato_count_star; nome_periodo=YYYY:2016
caixa_001_2016_rel_executivo_resumo_31122016,rel_executivo_resumo,,full_refresh,classificacao=nao_monotona(flutua_ou_constante); trajetoria=536->536->536->536->536->536; fonte_contagem=exato_count_star; nome_periodo=YYYY:2016
caixa_001_2017_contratação_por_uf_nov_2017,contratação_por_uf_nov,,full_refresh,classificacao=versao_unica; trajetoria=226; fonte_contagem=exato_count_star; nome_periodo=YYYY:2017
caixa_001_2017_rel_executivo_resumo_dez17,rel_executivo_resumo_dez17,,full_refresh,classificacao=versao_unica; trajetoria=536; fonte_contagem=exato_count_star; nome_periodo=YYYY:2017
caixa_001_2018_pmcmv_3_relatório_executivo_ago2018,pmcmv_3_relatório_executivo_ago2018,,full_refresh,classificacao=versao_unica; trajetoria=536; fonte_contagem=exato_count_star; nome_periodo=YYYY:2018
caixa_001_2018_rel_executivo_resumo_ago2018,rel_executivo_resumo_ago2018,,full_refresh,classificacao=versao_unica; trajetoria=536; fonte_contagem=exato_count_star; nome_periodo=YYYY:2018
caixa_002_2015_07_julho_bext_31072015,julho_bext,,full_refresh,classificacao=versao_unica; trajetoria=510334; fonte_contagem=exato_count_star; nome_periodo=YYYY:2015
caixa_002_2015_08_agosto_bases_relatório_executivo_12082015,agosto_bases_relatório_executivo,,full_refresh,classificacao=crescimento_nao_consistente_com_append; trajetoria=37998->38246->42056; fonte_contagem=exato_count_star; nome_periodo=YYYY:2015
caixa_002_2015_08_agosto_bases_relatório_executivo_31082015,agosto_bases_relatório_executivo,,full_refresh,classificacao=crescimento_nao_consistente_com_append; trajetoria=37998->38246->42056; fonte_contagem=exato_count_star; nome_periodo=YYYY:2015
caixa_002_2015_08_agosto_pmcmv_3_relatório_executivo31082015,agosto_pmcmv_3_relatório_executivo31082015,,full_refresh,classificacao=versao_unica; trajetoria=536; fonte_contagem=exato_count_star; nome_periodo=YYYY:2015
caixa_002_2015_08_agosto_pmcmv_3_relatório_executivo_12082015,agosto_pmcmv_3_relatório_executivo,,full_refresh,classificacao=versao_unica; trajetoria=536; fonte_contagem=exato_count_star; nome_periodo=YYYY:2015
caixa_002_2015_08_agosto_rel_executivo_resumo_12082015,agosto_rel_executivo_resumo,,full_refresh,classificacao=nao_monotona(flutua_ou_constante); trajetoria=536->536; fonte_contagem=exato_count_star; nome_periodo=YYYY:2015
caixa_002_2015_08_agosto_rel_executivo_resumo_31082015,agosto_rel_executivo_resumo,,full_refresh,classificacao=nao_monotona(flutua_ou_constante); trajetoria=536->536; fonte_contagem=exato_count_star; nome_periodo=YYYY:2015
caixa_002_2015_12_dezembro_bases_relatório_executivo_31122015,dezembro_bases_relatório_executivo,,full_refresh,classificacao=crescimento_nao_consistente_com_append; trajetoria=20092->20904->39200; fonte_contagem=exato_count_star; nome_periodo=YYYY:2015
caixa_002_2015_12_dezembro_bext_31122015,dezembro_bext,,full_refresh,classificacao=versao_unica; trajetoria=531576; fonte_contagem=exato_count_star; nome_periodo=YYYY:2015
caixa_002_2015_12_dezembro_pmcmv_3_relatório_executivo_3112201,dezembro_pmcmv_3_relatório_executivo_3112201,,full_refresh,classificacao=versao_unica; trajetoria=536; fonte_contagem=exato_count_star; nome_periodo=YYYY:2015
caixa_002_2015_12_dezembro_rel_executivo_resumo_31122015,dezembro_rel_executivo_resumo,,full_refresh,classificacao=nao_monotona(flutua_ou_constante); trajetoria=536->536->536->536; fonte_contagem=exato_count_star; nome_periodo=YYYY:2015
caixa_002_2016_08_agosto_bases_relatório_executivo_31082016,agosto_bases_relatório_executivo,,full_refresh,classificacao=crescimento_nao_consistente_com_append; trajetoria=37998->38246->42056; fonte_contagem=exato_count_star; nome_periodo=YYYY:2016
caixa_002_2016_bases_relatório_executivo_31122016,bases_relatório_executivo,,full_refresh,classificacao=crescimento_nao_consistente_com_append; trajetoria=40054->42672; fonte_contagem=exato_count_star; nome_periodo=YYYY:2016
caixa_002_2016_bext_31122016,bext,,full_refresh,classificacao=nao_monotona(flutua_ou_constante); trajetoria=548374->0->565558; fonte_contagem=exato_count_star; nome_periodo=YYYY:2016
caixa_002_2017_bases_relat_rio_executivo_abr2017,bases_relat_rio_executivo_abr2017,,full_refresh,classificacao=versao_unica; trajetoria=43344; fonte_contagem=exato_count_star; nome_periodo=YYYY:2017
caixa_002_2017_bases_relat_rio_executivo_ago2017,bases_relat_rio_executivo_ago2017,,full_refresh,classificacao=versao_unica; trajetoria=44756; fonte_contagem=exato_count_star; nome_periodo=YYYY:2017
caixa_002_2017_bases_relat_rio_executivo_fev2017,bases_relat_rio_executivo_fev2017,,full_refresh,classificacao=versao_unica; trajetoria=42862; fonte_contagem=exato_count_star; nome_periodo=YYYY:2017
caixa_002_2017_bases_relatório_executivo_dez17,bases_relatório_executivo_dez17,,full_refresh,classificacao=versao_unica; trajetoria=47884; fonte_contagem=exato_count_star; nome_periodo=YYYY:2017
caixa_002_2017_bext_abr2017,bext_abr2017,,full_refresh,classificacao=versao_unica; trajetoria=569426; fonte_contagem=exato_count_star; nome_periodo=YYYY:2017
caixa_002_2017_bext_ago2017,bext_ago2017,,full_refresh,classificacao=versao_unica; trajetoria=578078; fonte_contagem=exato_count_star; nome_periodo=YYYY:2017
caixa_002_2017_bext_dez17,bext_dez17,,full_refresh,classificacao=versao_unica; trajetoria=584348; fonte_contagem=exato_count_star; nome_periodo=YYYY:2017
caixa_002_2017_bext_fev2017,bext_fev2017,,full_refresh,classificacao=versao_unica; trajetoria=567468; fonte_contagem=exato_count_star; nome_periodo=YYYY:2017
caixa_002_2017_pmcmv_3_relat_rio_executivo_abr2017,pmcmv_3_relat_rio_executivo_abr2017,,full_refresh,classificacao=versao_unica; trajetoria=536; fonte_contagem=exato_count_star; nome_periodo=YYYY:2017
caixa_002_2017_pmcmv_3_relat_rio_executivo_ago2017,pmcmv_3_relat_rio_executivo_ago2017,,full_refresh,classificacao=versao_unica; trajetoria=536; fonte_contagem=exato_count_star; nome_periodo=YYYY:2017
caixa_002_2017_pmcmv_3_relat_rio_executivo_fev2017,pmcmv_3_relat_rio_executivo_fev2017,,full_refresh,classificacao=versao_unica; trajetoria=536; fonte_contagem=exato_count_star; nome_periodo=YYYY:2017
caixa_002_2017_pmcmv_3_relatório_executivo_dez17,pmcmv_3_relatório_executivo_dez17,,full_refresh,classificacao=versao_unica; trajetoria=536; fonte_contagem=exato_count_star; nome_periodo=YYYY:2017
caixa_002_2017_rel_executivo_resumo_ago2017,rel_executivo_resumo_ago2017,,full_refresh,classificacao=versao_unica; trajetoria=536; fonte_contagem=exato_count_star; nome_periodo=YYYY:2017
caixa_002_2017_rel_executivo_resumo_fev2017,rel_executivo_resumo_fev2017,,full_refresh,classificacao=versao_unica; trajetoria=536; fonte_contagem=exato_count_star; nome_periodo=YYYY:2017
caixa_002_2018_bases_relat_rio_executivo_abr2018,bases_relat_rio_executivo_abr2018,,full_refresh,classificacao=nao_monotona(flutua_ou_constante); trajetoria=51146->51146; fonte_contagem=exato_count_star; nome_periodo=YYYY:2018
caixa_002_2018_bases_relat_rio_executivo_abr2018_v2,bases_relat_rio_executivo_abr2018,,full_refresh,classificacao=nao_monotona(flutua_ou_constante); trajetoria=51146->51146; fonte_contagem=exato_count_star; nome_periodo=YYYY:2018
caixa_002_2018_bases_relat_rio_executivo_jun2018,bases_relat_rio_executivo_jun2018,,full_refresh,classificacao=versao_unica; trajetoria=51958; fonte_contagem=exato_count_star; nome_periodo=YYYY:2018
caixa_002_2018_bases_relat_rio_executivo_mai2018,bases_relat_rio_executivo_mai2018,,full_refresh,classificacao=versao_unica; trajetoria=51546; fonte_contagem=exato_count_star; nome_periodo=YYYY:2018
caixa_002_2018_bases_relat_rio_executivo_mar18,bases_relat_rio_executivo_mar18,,full_refresh,classificacao=versao_unica; trajetoria=49154; fonte_contagem=exato_count_star; nome_periodo=YYYY:2018
caixa_002_2018_bases_relatório_executivo_ago2018,bases_relatório_executivo_ago2018,,full_refresh,classificacao=versao_unica; trajetoria=52840; fonte_contagem=exato_count_star; nome_periodo=YYYY:2018
caixa_002_2018_bext_abr18,bext_abr18,,full_refresh,classificacao=versao_unica; trajetoria=590228; fonte_contagem=exato_count_star; nome_periodo=YYYY:2018
caixa_002_2018_bext_ago18,bext_ago18,,full_refresh,classificacao=versao_unica; trajetoria=600794; fonte_contagem=exato_count_star; nome_periodo=YYYY:2018
caixa_002_2018_bext_jun18,bext_jun18,,full_refresh,classificacao=versao_unica; trajetoria=594684; fonte_contagem=exato_count_star; nome_periodo=YYYY:2018
caixa_002_2018_bext_mai18,bext_mai18,,full_refresh,classificacao=versao_unica; trajetoria=592670; fonte_contagem=exato_count_star; nome_periodo=YYYY:2018
caixa_002_2018_bext_mar18,bext_mar18,,full_refresh,classificacao=versao_unica; trajetoria=587988; fonte_contagem=exato_count_star; nome_periodo=YYYY:2018
caixa_002_2018_novo_relat_rio_executivo,novo_relat_rio_executivo,,full_refresh,classificacao=versao_unica; trajetoria=34; fonte_contagem=exato_count_star; nome_periodo=YYYY:2018
caixa_002_2018_novo_relat_rio_executivo_maio2018,novo_relat_rio_executivo_maio2018,,full_refresh,classificacao=versao_unica; trajetoria=34; fonte_contagem=exato_count_star; nome_periodo=YYYY:2018
caixa_002_2018_pmcmv_3_relat_rio_executivo_abr2018,pmcmv_3_relat_rio_executivo_abr2018,,full_refresh,classificacao=nao_monotona(flutua_ou_constante); trajetoria=536->536; fonte_contagem=exato_count_star; nome_periodo=YYYY:2018
caixa_002_2018_pmcmv_3_relat_rio_executivo_abr2018_v2,pmcmv_3_relat_rio_executivo_abr2018,,full_refresh,classificacao=nao_monotona(flutua_ou_constante); trajetoria=536->536; fonte_contagem=exato_count_star; nome_periodo=YYYY:2018
caixa_002_2018_pmcmv_3_relat_rio_executivo_jun2018,pmcmv_3_relat_rio_executivo_jun2018,,full_refresh,classificacao=versao_unica; trajetoria=536; fonte_contagem=exato_count_star; nome_periodo=YYYY:2018
caixa_002_2018_pmcmv_3_relat_rio_executivo_mai2018,pmcmv_3_relat_rio_executivo_mai2018,,full_refresh,classificacao=versao_unica; trajetoria=536; fonte_contagem=exato_count_star; nome_periodo=YYYY:2018
caixa_002_2018_pmcmv_3_relat_rio_executivo_mar18,pmcmv_3_relat_rio_executivo_mar18,,full_refresh,classificacao=versao_unica; trajetoria=536; fonte_contagem=exato_count_star; nome_periodo=YYYY:2018
caixa_002_2018_rel_executivo_resumo_abr2018,rel_executivo_resumo_abr2018,,full_refresh,classificacao=nao_monotona(flutua_ou_constante); trajetoria=536->536; fonte_contagem=exato_count_star; nome_periodo=YYYY:2018
caixa_002_2018_rel_executivo_resumo_abr2018_v2,rel_executivo_resumo_abr2018,,full_refresh,classificacao=nao_monotona(flutua_ou_constante); trajetoria=536->536; fonte_contagem=exato_count_star; nome_periodo=YYYY:2018
caixa_002_2018_rel_executivo_resumo_jun2018,rel_executivo_resumo_jun2018,,full_refresh,classificacao=versao_unica; trajetoria=536; fonte_contagem=exato_count_star; nome_periodo=YYYY:2018
caixa_002_2018_rel_executivo_resumo_mai2018,rel_executivo_resumo_mai2018,,full_refresh,classificacao=versao_unica; trajetoria=536; fonte_contagem=exato_count_star; nome_periodo=YYYY:2018
caixa_002_2018_rel_executivo_resumo_mar2018,rel_executivo_resumo_mar2018,,full_refresh,classificacao=versao_unica; trajetoria=536; fonte_contagem=exato_count_star; nome_periodo=YYYY:2018
caixa_003_2017_bases_relat_rio_executivo_31012017,bases_relat_rio_executivo,,full_refresh,classificacao=versao_unica; trajetoria=42820; fonte_contagem=exato_count_star; nome_periodo=YYYY:2017
caixa_003_2017_bases_relat_rio_executivo_jul2017,bases_relat_rio_executivo_jul2017,,full_refresh,classificacao=versao_unica; trajetoria=44358; fonte_contagem=exato_count_star; nome_periodo=YYYY:2017
caixa_003_2017_bases_relat_rio_executivo_jun2017,bases_relat_rio_executivo_jun2017,,full_refresh,classificacao=versao_unica; trajetoria=43742; fonte_contagem=exato_count_star; nome_periodo=YYYY:2017
caixa_003_2017_bases_relat_rio_executivo_mai2017,bases_relat_rio_executivo_mai2017,,full_refresh,classificacao=versao_unica; trajetoria=43690; fonte_contagem=exato_count_star; nome_periodo=YYYY:2017
caixa_003_2017_bases_relat_rio_executivo_mar2017,bases_relat_rio_executivo_mar2017,,full_refresh,classificacao=versao_unica; trajetoria=42990; fonte_contagem=exato_count_star; nome_periodo=YYYY:2017
caixa_003_2017_bases_relat_rio_executivo_nov17,bases_relat_rio_executivo_nov17,,full_refresh,classificacao=versao_unica; trajetoria=47524; fonte_contagem=exato_count_star; nome_periodo=YYYY:2017
caixa_003_2017_bext_jan_2017,bext_jan,,full_refresh,classificacao=versao_unica; trajetoria=567468; fonte_contagem=exato_count_star; nome_periodo=YYYY:2017
caixa_003_2017_bext_jul2017,bext_jul2017,,full_refresh,classificacao=versao_unica; trajetoria=569426; fonte_contagem=exato_count_star; nome_periodo=YYYY:2017
caixa_003_2017_bext_mai2017,bext_mai2017,,full_refresh,classificacao=versao_unica; trajetoria=569426; fonte_contagem=exato_count_star; nome_periodo=YYYY:2017
caixa_003_2017_bext_mar2017,bext_mar2017,,full_refresh,classificacao=versao_unica; trajetoria=569426; fonte_contagem=exato_count_star; nome_periodo=YYYY:2017
caixa_003_2017_bext_out2017,bext_out2017,,full_refresh,classificacao=versao_unica; trajetoria=583308; fonte_contagem=exato_count_star; nome_periodo=YYYY:2017
caixa_003_2017_pmcmv_3_relat_rio_executivo_31012017,pmcmv_3_relat_rio_executivo,,full_refresh,classificacao=versao_unica; trajetoria=536; fonte_contagem=exato_count_star; nome_periodo=YYYY:2017
caixa_003_2017_pmcmv_3_relat_rio_executivo_jul2017,pmcmv_3_relat_rio_executivo_jul2017,,full_refresh,classificacao=versao_unica; trajetoria=536; fonte_contagem=exato_count_star; nome_periodo=YYYY:2017
caixa_003_2017_pmcmv_3_relat_rio_executivo_jun2017,pmcmv_3_relat_rio_executivo_jun2017,,full_refresh,classificacao=versao_unica; trajetoria=536; fonte_contagem=exato_count_star; nome_periodo=YYYY:2017
caixa_003_2017_pmcmv_3_relat_rio_executivo_mai2017,pmcmv_3_relat_rio_executivo_mai2017,,full_refresh,classificacao=versao_unica; trajetoria=536; fonte_contagem=exato_count_star; nome_periodo=YYYY:2017
caixa_003_2017_pmcmv_3_relat_rio_executivo_mar2017,pmcmv_3_relat_rio_executivo_mar2017,,full_refresh,classificacao=versao_unica; trajetoria=536; fonte_contagem=exato_count_star; nome_periodo=YYYY:2017
caixa_003_2017_pmcmv_3_relat_rio_executivo_nov17,pmcmv_3_relat_rio_executivo_nov17,,full_refresh,classificacao=versao_unica; trajetoria=536; fonte_contagem=exato_count_star; nome_periodo=YYYY:2017
caixa_003_2017_rel_executivo_resumo_31012017,rel_executivo_resumo,,full_refresh,classificacao=nao_monotona(flutua_ou_constante); trajetoria=536->536->536->536->536->536; fonte_contagem=exato_count_star; nome_periodo=YYYY:2017
caixa_003_2017_rel_executivo_resumo_jul2017,rel_executivo_resumo_jul2017,,full_refresh,classificacao=versao_unica; trajetoria=536; fonte_contagem=exato_count_star; nome_periodo=YYYY:2017
caixa_003_2017_rel_executivo_resumo_jun2017,rel_executivo_resumo_jun2017,,full_refresh,classificacao=versao_unica; trajetoria=536; fonte_contagem=exato_count_star; nome_periodo=YYYY:2017
caixa_003_2017_rel_executivo_resumo_mai2017,rel_executivo_resumo_mai2017,,full_refresh,classificacao=versao_unica; trajetoria=536; fonte_contagem=exato_count_star; nome_periodo=YYYY:2017
caixa_003_2017_rel_executivo_resumo_mar2017,rel_executivo_resumo_mar2017,,full_refresh,classificacao=versao_unica; trajetoria=536; fonte_contagem=exato_count_star; nome_periodo=YYYY:2017
caixa_003_2017_rel_executivo_resumo_nov17,rel_executivo_resumo_nov17,,full_refresh,classificacao=versao_unica; trajetoria=536; fonte_contagem=exato_count_star; nome_periodo=YYYY:2017
ecente_2024_07_snh_pmcmv_dados_prioritarios_af_bb_vs02_correcao,snh_pmcmv_dados_prioritarios_af_bb_vs02_correcao|af_bb|historico_recente,af_bb|historico_recente,full_refresh,classificacao=versao_unica; trajetoria=2576; fonte_contagem=exato_count_star; nome_periodo=YYYY:2024
elatorio_executivo_31102014_bases_relatório_executivo_31102014,elatorio_executivo_31102014_bases_relatório_executivo,,full_refresh,classificacao=versao_unica; trajetoria=34270; fonte_contagem=exato_count_star
elatorio_executivo_31102014_pmcmv_relatório_executivo_31102014,elatorio_executivo_31102014_pmcmv_relatório_executivo,,full_refresh,classificacao=versao_unica; trajetoria=536; fonte_contagem=exato_count_star
historico_recente_202406_snh_pmcmv_dados_prioritarios_af_bb,snh_pmcmv_dados_prioritarios|af_bb|historico_recente,af_bb|historico_recente,full_refresh,classificacao=nao_monotona(flutua_ou_constante); trajetoria=2576->2576->2576->2576->2576->2576->2576->2576->2576->2576->2576->2576->2576->2576->2576->2576->2576->2576->2576->2576->2576; fonte_contagem=exato_count_star; nome_periodo=YYYYMM:202406
historico_recente_202406_snh_pmcmv_dados_prioritarios_af_caixa,snh_pmcmv_dados_prioritarios|af_caixa|historico_recente,af_caixa|historico_recente,full_refresh,classificacao=nao_monotona(flutua_ou_constante); trajetoria=24392->24452->24922->25710->25328->25668->25888->26072->26288->26704->27308->27718->28038->28532->29042->29624->29686->29826->29846->29866->29906; fonte_contagem=exato_count_star; nome_periodo=YYYYMM:202406
historico_recente_202407_snh_pmcmv_dados_prioritarios_af_caixa,snh_pmcmv_dados_prioritarios|af_caixa|historico_recente,af_caixa|historico_recente,full_refresh,classificacao=nao_monotona(flutua_ou_constante); trajetoria=24392->24452->24922->25710->25328->25668->25888->26072->26288->26704->27308->27718->28038->28532->29042->29624->29686->29826->29846->29866->29906; fonte_contagem=exato_count_star; nome_periodo=YYYYMM:202407
historico_recente_202409_snh_pmcmv_dados_prioritarios_af_caixa,snh_pmcmv_dados_prioritarios|af_caixa|historico_recente,af_caixa|historico_recente,full_refresh,classificacao=nao_monotona(flutua_ou_constante); trajetoria=24392->24452->24922->25710->25328->25668->25888->26072->26288->26704->27308->27718->28038->28532->29042->29624->29686->29826->29846->29866->29906; fonte_contagem=exato_count_star; nome_periodo=YYYYMM:202409
historico_recente_202410_snh_pmcmv_dados_prioritarios_af_caixa,snh_pmcmv_dados_prioritarios|af_caixa|historico_recente,af_caixa|historico_recente,full_refresh,classificacao=nao_monotona(flutua_ou_constante); trajetoria=24392->24452->24922->25710->25328->25668->25888->26072->26288->26704->27308->27718->28038->28532->29042->29624->29686->29826->29846->29866->29906; fonte_contagem=exato_count_star; nome_periodo=YYYYMM:202410
historico_recente_202411_snh_pmcmv_dados_prioritarios_af_bb,snh_pmcmv_dados_prioritarios|af_bb|historico_recente,af_bb|historico_recente,full_refresh,classificacao=nao_monotona(flutua_ou_constante); trajetoria=2576->2576->2576->2576->2576->2576->2576->2576->2576->2576->2576->2576->2576->2576->2576->2576->2576->2576->2576->2576->2576; fonte_contagem=exato_count_star; nome_periodo=YYYYMM:202411
historico_recente_202411_snh_pmcmv_dados_prioritarios_af_caixa,snh_pmcmv_dados_prioritarios|af_caixa|historico_recente,af_caixa|historico_recente,full_refresh,classificacao=nao_monotona(flutua_ou_constante); trajetoria=24392->24452->24922->25710->25328->25668->25888->26072->26288->26704->27308->27718->28038->28532->29042->29624->29686->29826->29846->29866->29906; fonte_contagem=exato_count_star; nome_periodo=YYYYMM:202411
historico_recente_202412_snh_pmcmv_dados_prioritarios_af_bb,snh_pmcmv_dados_prioritarios|af_bb|historico_recente,af_bb|historico_recente,full_refresh,classificacao=nao_monotona(flutua_ou_constante); trajetoria=2576->2576->2576->2576->2576->2576->2576->2576->2576->2576->2576->2576->2576->2576->2576->2576->2576->2576->2576->2576->2576; fonte_contagem=exato_count_star; nome_periodo=YYYYMM:202412
historico_recente_202412_snh_pmcmv_dados_prioritarios_af_caixa,snh_pmcmv_dados_prioritarios|af_caixa|historico_recente,af_caixa|historico_recente,full_refresh,classificacao=nao_monotona(flutua_ou_constante); trajetoria=24392->24452->24922->25710->25328->25668->25888->26072->26288->26704->27308->27718->28038->28532->29042->29624->29686->29826->29846->29866->29906; fonte_contagem=exato_count_star; nome_periodo=YYYYMM:202412
historico_recente_2024_08_snh_pmcmv_dados_prioritarios_af_bb,snh_pmcmv_dados_prioritarios|af_bb|historico_recente,af_bb|historico_recente,full_refresh,classificacao=nao_monotona(flutua_ou_constante); trajetoria=2576->2576->2576->2576->2576->2576->2576->2576->2576->2576->2576->2576->2576->2576->2576->2576->2576->2576->2576->2576->2576; fonte_contagem=exato_count_star; nome_periodo=YYYY:2024
historico_recente_2024_09_snh_pmcmv_dados_prioritarios_af_bb,snh_pmcmv_dados_prioritarios|af_bb|historico_recente,af_bb|historico_recente,full_refresh,classificacao=nao_monotona(flutua_ou_constante); trajetoria=2576->2576->2576->2576->2576->2576->2576->2576->2576->2576->2576->2576->2576->2576->2576->2576->2576->2576->2576->2576->2576; fonte_contagem=exato_count_star; nome_periodo=YYYY:2024
historico_recente_2024_10_snh_pmcmv_dados_prioritarios_af_bb,snh_pmcmv_dados_prioritarios|af_bb|historico_recente,af_bb|historico_recente,full_refresh,classificacao=nao_monotona(flutua_ou_constante); trajetoria=2576->2576->2576->2576->2576->2576->2576->2576->2576->2576->2576->2576->2576->2576->2576->2576->2576->2576->2576->2576->2576; fonte_contagem=exato_count_star; nome_periodo=YYYY:2024
historico_recente_202501_snh_pmcmv_dados_prioritarios_af_caixa,snh_pmcmv_dados_prioritarios|af_caixa|historico_recente,af_caixa|historico_recente,full_refresh,classificacao=nao_monotona(flutua_ou_constante); trajetoria=24392->24452->24922->25710->25328->25668->25888->26072->26288->26704->27308->27718->28038->28532->29042->29624->29686->29826->29846->29866->29906; fonte_contagem=exato_count_star; nome_periodo=YYYYMM:202501
historico_recente_202502_snh_pmcmv_dados_prioritarios_af_caixa,snh_pmcmv_dados_prioritarios|af_caixa|historico_recente,af_caixa|historico_recente,full_refresh,classificacao=nao_monotona(flutua_ou_constante); trajetoria=24392->24452->24922->25710->25328->25668->25888->26072->26288->26704->27308->27718->28038->28532->29042->29624->29686->29826->29846->29866->29906; fonte_contagem=exato_count_star; nome_periodo=YYYYMM:202502
historico_recente_202503_snh_pmcmv_dados_prioritarios_af_bb,snh_pmcmv_dados_prioritarios|af_bb|historico_recente,af_bb|historico_recente,full_refresh,classificacao=nao_monotona(flutua_ou_constante); trajetoria=2576->2576->2576->2576->2576->2576->2576->2576->2576->2576->2576->2576->2576->2576->2576->2576->2576->2576->2576->2576->2576; fonte_contagem=exato_count_star; nome_periodo=YYYYMM:202503
historico_recente_202503_snh_pmcmv_dados_prioritarios_af_caixa,snh_pmcmv_dados_prioritarios|af_caixa|historico_recente,af_caixa|historico_recente,full_refresh,classificacao=nao_monotona(flutua_ou_constante); trajetoria=24392->24452->24922->25710->25328->25668->25888->26072->26288->26704->27308->27718->28038->28532->29042->29624->29686->29826->29846->29866->29906; fonte_contagem=exato_count_star; nome_periodo=YYYYMM:202503
historico_recente_202504_snh_pmcmv_dados_prioritarios_af_bb,snh_pmcmv_dados_prioritarios|af_bb|historico_recente,af_bb|historico_recente,full_refresh,classificacao=nao_monotona(flutua_ou_constante); trajetoria=2576->2576->2576->2576->2576->2576->2576->2576->2576->2576->2576->2576->2576->2576->2576->2576->2576->2576->2576->2576->2576; fonte_contagem=exato_count_star; nome_periodo=YYYYMM:202504
historico_recente_202504_snh_pmcmv_dados_prioritarios_af_caixa,snh_pmcmv_dados_prioritarios|af_caixa|historico_recente,af_caixa|historico_recente,full_refresh,classificacao=nao_monotona(flutua_ou_constante); trajetoria=24392->24452->24922->25710->25328->25668->25888->26072->26288->26704->27308->27718->28038->28532->29042->29624->29686->29826->29846->29866->29906; fonte_contagem=exato_count_star; nome_periodo=YYYYMM:202504
historico_recente_202505_snh_pmcmv_dados_prioritarios_af_bb,snh_pmcmv_dados_prioritarios|af_bb|historico_recente,af_bb|historico_recente,full_refresh,classificacao=nao_monotona(flutua_ou_constante); trajetoria=2576->2576->2576->2576->2576->2576->2576->2576->2576->2576->2576->2576->2576->2576->2576->2576->2576->2576->2576->2576->2576; fonte_contagem=exato_count_star; nome_periodo=YYYYMM:202505
historico_recente_202505_snh_pmcmv_dados_prioritarios_af_caixa,snh_pmcmv_dados_prioritarios|af_caixa|historico_recente,af_caixa|historico_recente,full_refresh,classificacao=nao_monotona(flutua_ou_constante); trajetoria=24392->24452->24922->25710->25328->25668->25888->26072->26288->26704->27308->27718->28038->28532->29042->29624->29686->29826->29846->29866->29906; fonte_contagem=exato_count_star; nome_periodo=YYYYMM:202505
historico_recente_202506_snh_pmcmv_dados_prioritarios_af_bb,snh_pmcmv_dados_prioritarios|af_bb|historico_recente,af_bb|historico_recente,full_refresh,classificacao=nao_monotona(flutua_ou_constante); trajetoria=2576->2576->2576->2576->2576->2576->2576->2576->2576->2576->2576->2576->2576->2576->2576->2576->2576->2576->2576->2576->2576; fonte_contagem=exato_count_star; nome_periodo=YYYYMM:202506
historico_recente_202506_snh_pmcmv_dados_prioritarios_af_caixa,snh_pmcmv_dados_prioritarios|af_caixa|historico_recente,af_caixa|historico_recente,full_refresh,classificacao=nao_monotona(flutua_ou_constante); trajetoria=24392->24452->24922->25710->25328->25668->25888->26072->26288->26704->27308->27718->28038->28532->29042->29624->29686->29826->29846->29866->29906; fonte_contagem=exato_count_star; nome_periodo=YYYYMM:202506
historico_recente_202507_snh_pmcmv_dados_prioritarios_af_bb,snh_pmcmv_dados_prioritarios|af_bb|historico_recente,af_bb|historico_recente,full_refresh,classificacao=nao_monotona(flutua_ou_constante); trajetoria=2576->2576->2576->2576->2576->2576->2576->2576->2576->2576->2576->2576->2576->2576->2576->2576->2576->2576->2576->2576->2576; fonte_contagem=exato_count_star; nome_periodo=YYYYMM:202507
historico_recente_202507_snh_pmcmv_dados_prioritarios_af_caixa,snh_pmcmv_dados_prioritarios|af_caixa|historico_recente,af_caixa|historico_recente,full_refresh,classificacao=nao_monotona(flutua_ou_constante); trajetoria=24392->24452->24922->25710->25328->25668->25888->26072->26288->26704->27308->27718->28038->28532->29042->29624->29686->29826->29846->29866->29906; fonte_contagem=exato_count_star; nome_periodo=YYYYMM:202507
historico_recente_202508_snh_pmcmv_dados_prioritarios_af_bb,snh_pmcmv_dados_prioritarios|af_bb|historico_recente,af_bb|historico_recente,full_refresh,classificacao=nao_monotona(flutua_ou_constante); trajetoria=2576->2576->2576->2576->2576->2576->2576->2576->2576->2576->2576->2576->2576->2576->2576->2576->2576->2576->2576->2576->2576; fonte_contagem=exato_count_star; nome_periodo=YYYYMM:202508
historico_recente_202508_snh_pmcmv_dados_prioritarios_af_caixa,snh_pmcmv_dados_prioritarios|af_caixa|historico_recente,af_caixa|historico_recente,full_refresh,classificacao=nao_monotona(flutua_ou_constante); trajetoria=24392->24452->24922->25710->25328->25668->25888->26072->26288->26704->27308->27718->28038->28532->29042->29624->29686->29826->29846->29866->29906; fonte_contagem=exato_count_star; nome_periodo=YYYYMM:202508
historico_recente_202509_snh_pmcmv_dados_prioritarios_af_bb,snh_pmcmv_dados_prioritarios|af_bb|historico_recente,af_bb|historico_recente,full_refresh,classificacao=nao_monotona(flutua_ou_constante); trajetoria=2576->2576->2576->2576->2576->2576->2576->2576->2576->2576->2576->2576->2576->2576->2576->2576->2576->2576->2576->2576->2576; fonte_contagem=exato_count_star; nome_periodo=YYYYMM:202509
historico_recente_202509_snh_pmcmv_dados_prioritarios_af_caixa,snh_pmcmv_dados_prioritarios|af_caixa|historico_recente,af_caixa|historico_recente,full_refresh,classificacao=nao_monotona(flutua_ou_constante); trajetoria=24392->24452->24922->25710->25328->25668->25888->26072->26288->26704->27308->27718->28038->28532->29042->29624->29686->29826->29846->29866->29906; fonte_contagem=exato_count_star; nome_periodo=YYYYMM:202509
historico_recente_202510_snh_pmcmv_dados_prioritarios_af_bb,snh_pmcmv_dados_prioritarios|af_bb|historico_recente,af_bb|historico_recente,full_refresh,classificacao=nao_monotona(flutua_ou_constante); trajetoria=2576->2576->2576->2576->2576->2576->2576->2576->2576->2576->2576->2576->2576->2576->2576->2576->2576->2576->2576->2576->2576; fonte_contagem=exato_count_star; nome_periodo=YYYYMM:202510
historico_recente_202510_snh_pmcmv_dados_prioritarios_af_caixa,snh_pmcmv_dados_prioritarios|af_caixa|historico_recente,af_caixa|historico_recente,full_refresh,classificacao=nao_monotona(flutua_ou_constante); trajetoria=24392->24452->24922->25710->25328->25668->25888->26072->26288->26704->27308->27718->28038->28532->29042->29624->29686->29826->29846->29866->29906; fonte_contagem=exato_count_star; nome_periodo=YYYYMM:202510
historico_recente_202511_snh_pmcmv_dados_prioritarios_af_bb,snh_pmcmv_dados_prioritarios|af_bb|historico_recente,af_bb|historico_recente,full_refresh,classificacao=nao_monotona(flutua_ou_constante); trajetoria=2576->2576->2576->2576->2576->2576->2576->2576->2576->2576->2576->2576->2576->2576->2576->2576->2576->2576->2576->2576->2576; fonte_contagem=exato_count_star; nome_periodo=YYYYMM:202511
historico_recente_202511_snh_pmcmv_dados_prioritarios_af_caixa,snh_pmcmv_dados_prioritarios|af_caixa|historico_recente,af_caixa|historico_recente,full_refresh,classificacao=nao_monotona(flutua_ou_constante); trajetoria=24392->24452->24922->25710->25328->25668->25888->26072->26288->26704->27308->27718->28038->28532->29042->29624->29686->29826->29846->29866->29906; fonte_contagem=exato_count_star; nome_periodo=YYYYMM:202511
historico_recente_202512_snh_pmcmv_dados_prioritarios_af_bb,snh_pmcmv_dados_prioritarios|af_bb|historico_recente,af_bb|historico_recente,full_refresh,classificacao=nao_monotona(flutua_ou_constante); trajetoria=2576->2576->2576->2576->2576->2576->2576->2576->2576->2576->2576->2576->2576->2576->2576->2576->2576->2576->2576->2576->2576; fonte_contagem=exato_count_star; nome_periodo=YYYYMM:202512
historico_recente_202512_snh_pmcmv_dados_prioritarios_af_caixa,snh_pmcmv_dados_prioritarios|af_caixa|historico_recente,af_caixa|historico_recente,full_refresh,classificacao=nao_monotona(flutua_ou_constante); trajetoria=24392->24452->24922->25710->25328->25668->25888->26072->26288->26704->27308->27718->28038->28532->29042->29624->29686->29826->29846->29866->29906; fonte_contagem=exato_count_star; nome_periodo=YYYYMM:202512
historico_recente_2025_01_snh_pmcmv_dados_prioritarios_af_bb,snh_pmcmv_dados_prioritarios|af_bb|historico_recente,af_bb|historico_recente,full_refresh,classificacao=nao_monotona(flutua_ou_constante); trajetoria=2576->2576->2576->2576->2576->2576->2576->2576->2576->2576->2576->2576->2576->2576->2576->2576->2576->2576->2576->2576->2576; fonte_contagem=exato_count_star; nome_periodo=YYYY:2025
historico_recente_2025_02_snh_pmcmv_dados_prioritarios_af_bb,snh_pmcmv_dados_prioritarios|af_bb|historico_recente,af_bb|historico_recente,full_refresh,classificacao=nao_monotona(flutua_ou_constante); trajetoria=2576->2576->2576->2576->2576->2576->2576->2576->2576->2576->2576->2576->2576->2576->2576->2576->2576->2576->2576->2576->2576; fonte_contagem=exato_count_star; nome_periodo=YYYY:2025
historico_recente_202601_snh_pmcmv_dados_prioritarios_af_bb,snh_pmcmv_dados_prioritarios|af_bb|historico_recente,af_bb|historico_recente,full_refresh,classificacao=nao_monotona(flutua_ou_constante); trajetoria=2576->2576->2576->2576->2576->2576->2576->2576->2576->2576->2576->2576->2576->2576->2576->2576->2576->2576->2576->2576->2576; fonte_contagem=exato_count_star; nome_periodo=YYYYMM:202601
historico_recente_202601_snh_pmcmv_dados_prioritarios_af_caixa,snh_pmcmv_dados_prioritarios|af_caixa|historico_recente,af_caixa|historico_recente,full_refresh,classificacao=nao_monotona(flutua_ou_constante); trajetoria=24392->24452->24922->25710->25328->25668->25888->26072->26288->26704->27308->27718->28038->28532->29042->29624->29686->29826->29846->29866->29906; fonte_contagem=exato_count_star; nome_periodo=YYYYMM:202601
historico_recente_202602_snh_pmcmv_dados_prioritarios_af_bb,snh_pmcmv_dados_prioritarios|af_bb|historico_recente,af_bb|historico_recente,full_refresh,classificacao=nao_monotona(flutua_ou_constante); trajetoria=2576->2576->2576->2576->2576->2576->2576->2576->2576->2576->2576->2576->2576->2576->2576->2576->2576->2576->2576->2576->2576; fonte_contagem=exato_count_star; nome_periodo=YYYYMM:202602
historico_recente_202602_snh_pmcmv_dados_prioritarios_af_caixa,snh_pmcmv_dados_prioritarios|af_caixa|historico_recente,af_caixa|historico_recente,full_refresh,classificacao=nao_monotona(flutua_ou_constante); trajetoria=24392->24452->24922->25710->25328->25668->25888->26072->26288->26704->27308->27718->28038->28532->29042->29624->29686->29826->29846->29866->29906; fonte_contagem=exato_count_star; nome_periodo=YYYYMM:202602
historico_recente_202603_snh_pmcmv_dados_prioritarios_af_bb,snh_pmcmv_dados_prioritarios|af_bb|historico_recente,af_bb|historico_recente,full_refresh,classificacao=nao_monotona(flutua_ou_constante); trajetoria=2576->2576->2576->2576->2576->2576->2576->2576->2576->2576->2576->2576->2576->2576->2576->2576->2576->2576->2576->2576->2576; fonte_contagem=exato_count_star; nome_periodo=YYYYMM:202603
historico_recente_202603_snh_pmcmv_dados_prioritarios_af_caixa,snh_pmcmv_dados_prioritarios|af_caixa|historico_recente,af_caixa|historico_recente,full_refresh,classificacao=nao_monotona(flutua_ou_constante); trajetoria=24392->24452->24922->25710->25328->25668->25888->26072->26288->26704->27308->27718->28038->28532->29042->29624->29686->29826->29846->29866->29906; fonte_contagem=exato_count_star; nome_periodo=YYYYMM:202603
ixa_001_2010_09___setembro_2010_contratação_pf_total___060920,ixa_001_2010_09_setembro_2010_contratação_pf_total,,full_refresh,classificacao=versao_unica; trajetoria=19928; fonte_contagem=exato_count_star; nome_periodo=YYYY:2010
ixa_001_2011_09_setembro_presidencia_automatizado_mcmvii_082011,ixa_001_2011_09_setembro_presidencia_automatizado_mcmvii,,full_refresh,classificacao=versao_unica; trajetoria=11128; fonte_contagem=exato_count_star; nome_periodo=YYYY:2011
ixa_001_2012_01_janeiro_pmcmv_relatorio_executivo_13012012_base,ixa_001_2012_01_janeiro_pmcmv_relatorio_executivo_13012012_base,,full_refresh,classificacao=versao_unica; trajetoria=8006; fonte_contagem=exato_count_star; nome_periodo=YYYY:2012
ixa_001_2012_01_janeiro_pmcmv_relatorio_executivo_31012012_base,ixa_001_2012_01_janeiro_pmcmv_relatorio_executivo_31012012_base,,full_refresh,classificacao=versao_unica; trajetoria=8208; fonte_contagem=exato_count_star; nome_periodo=YYYY:2012
ixa_001_2013_02___fevereiro_bases_relatório_executivo_15022013,ixa_001_2013_02_fevereiro_bases_relatório_executivo,,full_refresh,classificacao=crescimento_nao_consistente_com_append; trajetoria=21596->21896; fonte_contagem=exato_count_star; nome_periodo=YYYY:2013
ixa_001_2013_02___fevereiro_bases_relatório_executivo_28022013,ixa_001_2013_02_fevereiro_bases_relatório_executivo,,full_refresh,classificacao=crescimento_nao_consistente_com_append; trajetoria=21596->21896; fonte_contagem=exato_count_star; nome_periodo=YYYY:2013
ixa_001_2013_02___fevereiro_pmcmv_relatório_executivo_15022013,ixa_001_2013_02_fevereiro_pmcmv_relatório_executivo,,full_refresh,classificacao=nao_monotona(flutua_ou_constante); trajetoria=536->536; fonte_contagem=exato_count_star; nome_periodo=YYYY:2013
ixa_001_2013_02___fevereiro_pmcmv_relatório_executivo_28022013,ixa_001_2013_02_fevereiro_pmcmv_relatório_executivo,,full_refresh,classificacao=nao_monotona(flutua_ou_constante); trajetoria=536->536; fonte_contagem=exato_count_star; nome_periodo=YYYY:2013
ixa_001_2014_12_dezembro_bases_relatório_executivo_31122014_v2,ixa_001_2014_12_dezembro_bases_relatório_executivo,,full_refresh,classificacao=versao_unica; trajetoria=36202; fonte_contagem=exato_count_star; nome_periodo=YYYY:2014
ixa_001_2015_02_fevereiro_pmcmv_3_relatório_executivo_28022015,ixa_001_2015_02_fevereiro_pmcmv_3_relatório_executivo,,full_refresh,classificacao=versao_unica; trajetoria=536; fonte_contagem=exato_count_star; nome_periodo=YYYY:2015
ixa_001_2015_12_dezembro_pmcmv_3_relatório_executivo_31122015v,ixa_001_2015_12_dezembro_pmcmv_3_relatório_executivo_31122015v,,full_refresh,classificacao=versao_unica; trajetoria=536; fonte_contagem=exato_count_star; nome_periodo=YYYY:2015
julho_pmcmv_automatizado_continua_15072011_pmcmv__pr___15072011,julho_pmcmv_automatizado_continua_15072011_pmcmv_pr,,full_refresh,classificacao=versao_unica; trajetoria=536; fonte_contagem=exato_count_star
matizado_continua_15072011_pmcmv_automatizado_continua_15072011,matizado_continua_15072011_pmcmv_automatizado_continua,,full_refresh,classificacao=versao_unica; trajetoria=536; fonte_contagem=exato_count_star
mbro_2009_relatorio_automatizado_31dez09final_com_base_valor_mc,mbro_2009_relatorio_automatizado_31dez09final_com_base_valor_mc,,full_refresh,classificacao=versao_unica; trajetoria=58; fonte_contagem=exato_count_star; nome_periodo=YYYY:2009
o_recente_202406_snh_pmcmv_dados_prioritarios_af_caixa_entregas,snh_pmcmv_dados_prioritarios|af_caixa|o_recente|entregas,af_caixa|o_recente|entregas,full_refresh,classificacao=nao_monotona(flutua_ou_constante); trajetoria=22566->22584->22604->22764->22778->22634->22670->22692->22706->22730->22744->22762->22766->22794->22818->22844->22920->22982->23080->23094->23150; fonte_contagem=exato_count_star; nome_periodo=YYYYMM:202406
o_recente_202407_snh_pmcmv_dados_prioritarios_af_caixa_entregas,snh_pmcmv_dados_prioritarios|af_caixa|o_recente|entregas,af_caixa|o_recente|entregas,full_refresh,classificacao=nao_monotona(flutua_ou_constante); trajetoria=22566->22584->22604->22764->22778->22634->22670->22692->22706->22730->22744->22762->22766->22794->22818->22844->22920->22982->23080->23094->23150; fonte_contagem=exato_count_star; nome_periodo=YYYYMM:202407
o_recente_202408_snh_pmcmv_dados_prioritarios_af_caixa_entregas,snh_pmcmv_dados_prioritarios|af_caixa|o_recente|entregas,af_caixa|o_recente|entregas,full_refresh,classificacao=nao_monotona(flutua_ou_constante); trajetoria=22566->22584->22604->22764->22778->22634->22670->22692->22706->22730->22744->22762->22766->22794->22818->22844->22920->22982->23080->23094->23150; fonte_contagem=exato_count_star; nome_periodo=YYYYMM:202408
o_recente_202409_snh_pmcmv_dados_prioritarios_af_caixa_entregas,snh_pmcmv_dados_prioritarios|af_caixa|o_recente|entregas,af_caixa|o_recente|entregas,full_refresh,classificacao=nao_monotona(flutua_ou_constante); trajetoria=22566->22584->22604->22764->22778->22634->22670->22692->22706->22730->22744->22762->22766->22794->22818->22844->22920->22982->23080->23094->23150; fonte_contagem=exato_count_star; nome_periodo=YYYYMM:202409
o_recente_202410_snh_pmcmv_dados_prioritarios_af_caixa_entregas,snh_pmcmv_dados_prioritarios|af_caixa|o_recente|entregas,af_caixa|o_recente|entregas,full_refresh,classificacao=nao_monotona(flutua_ou_constante); trajetoria=22566->22584->22604->22764->22778->22634->22670->22692->22706->22730->22744->22762->22766->22794->22818->22844->22920->22982->23080->23094->23150; fonte_contagem=exato_count_star; nome_periodo=YYYYMM:202410
o_recente_202411_snh_pmcmv_dados_prioritarios_af_caixa_entregas,snh_pmcmv_dados_prioritarios|af_caixa|o_recente|entregas,af_caixa|o_recente|entregas,full_refresh,classificacao=nao_monotona(flutua_ou_constante); trajetoria=22566->22584->22604->22764->22778->22634->22670->22692->22706->22730->22744->22762->22766->22794->22818->22844->22920->22982->23080->23094->23150; fonte_contagem=exato_count_star; nome_periodo=YYYYMM:202411
o_recente_202412_snh_pmcmv_dados_prioritarios_af_caixa_entregas,snh_pmcmv_dados_prioritarios|af_caixa|o_recente|entregas,af_caixa|o_recente|entregas,full_refresh,classificacao=nao_monotona(flutua_ou_constante); trajetoria=22566->22584->22604->22764->22778->22634->22670->22692->22706->22730->22744->22762->22766->22794->22818->22844->22920->22982->23080->23094->23150; fonte_contagem=exato_count_star; nome_periodo=YYYYMM:202412
o_recente_202501_snh_pmcmv_dados_prioritarios_af_caixa_entregas,snh_pmcmv_dados_prioritarios|af_caixa|o_recente|entregas,af_caixa|o_recente|entregas,full_refresh,classificacao=nao_monotona(flutua_ou_constante); trajetoria=22566->22584->22604->22764->22778->22634->22670->22692->22706->22730->22744->22762->22766->22794->22818->22844->22920->22982->23080->23094->23150; fonte_contagem=exato_count_star; nome_periodo=YYYYMM:202501
o_recente_202502_snh_pmcmv_dados_prioritarios_af_caixa_entregas,snh_pmcmv_dados_prioritarios|af_caixa|o_recente|entregas,af_caixa|o_recente|entregas,full_refresh,classificacao=nao_monotona(flutua_ou_constante); trajetoria=22566->22584->22604->22764->22778->22634->22670->22692->22706->22730->22744->22762->22766->22794->22818->22844->22920->22982->23080->23094->23150; fonte_contagem=exato_count_star; nome_periodo=YYYYMM:202502
o_recente_202504_snh_pmcmv_dados_prioritarios_af_caixa_entregas,snh_pmcmv_dados_prioritarios|af_caixa|o_recente|entregas,af_caixa|o_recente|entregas,full_refresh,classificacao=nao_monotona(flutua_ou_constante); trajetoria=22566->22584->22604->22764->22778->22634->22670->22692->22706->22730->22744->22762->22766->22794->22818->22844->22920->22982->23080->23094->23150; fonte_contagem=exato_count_star; nome_periodo=YYYYMM:202504
o_recente_202505_snh_pmcmv_dados_prioritarios_af_caixa_entregas,snh_pmcmv_dados_prioritarios|af_caixa|o_recente|entregas,af_caixa|o_recente|entregas,full_refresh,classificacao=nao_monotona(flutua_ou_constante); trajetoria=22566->22584->22604->22764->22778->22634->22670->22692->22706->22730->22744->22762->22766->22794->22818->22844->22920->22982->23080->23094->23150; fonte_contagem=exato_count_star; nome_periodo=YYYYMM:202505
o_recente_202506_snh_pmcmv_dados_prioritarios_af_caixa_entregas,snh_pmcmv_dados_prioritarios|af_caixa|o_recente|entregas,af_caixa|o_recente|entregas,full_refresh,classificacao=nao_monotona(flutua_ou_constante); trajetoria=22566->22584->22604->22764->22778->22634->22670->22692->22706->22730->22744->22762->22766->22794->22818->22844->22920->22982->23080->23094->23150; fonte_contagem=exato_count_star; nome_periodo=YYYYMM:202506
o_recente_202507_snh_pmcmv_dados_prioritarios_af_caixa_entregas,snh_pmcmv_dados_prioritarios|af_caixa|o_recente|entregas,af_caixa|o_recente|entregas,full_refresh,classificacao=nao_monotona(flutua_ou_constante); trajetoria=22566->22584->22604->22764->22778->22634->22670->22692->22706->22730->22744->22762->22766->22794->22818->22844->22920->22982->23080->23094->23150; fonte_contagem=exato_count_star; nome_periodo=YYYYMM:202507
o_recente_202508_snh_pmcmv_dados_prioritarios_af_caixa_entregas,snh_pmcmv_dados_prioritarios|af_caixa|o_recente|entregas,af_caixa|o_recente|entregas,full_refresh,classificacao=nao_monotona(flutua_ou_constante); trajetoria=22566->22584->22604->22764->22778->22634->22670->22692->22706->22730->22744->22762->22766->22794->22818->22844->22920->22982->23080->23094->23150; fonte_contagem=exato_count_star; nome_periodo=YYYYMM:202508
o_recente_202509_snh_pmcmv_dados_prioritarios_af_caixa_entregas,snh_pmcmv_dados_prioritarios|af_caixa|o_recente|entregas,af_caixa|o_recente|entregas,full_refresh,classificacao=nao_monotona(flutua_ou_constante); trajetoria=22566->22584->22604->22764->22778->22634->22670->22692->22706->22730->22744->22762->22766->22794->22818->22844->22920->22982->23080->23094->23150; fonte_contagem=exato_count_star; nome_periodo=YYYYMM:202509
o_recente_202510_snh_pmcmv_dados_prioritarios_af_caixa_entregas,snh_pmcmv_dados_prioritarios|af_caixa|o_recente|entregas,af_caixa|o_recente|entregas,full_refresh,classificacao=nao_monotona(flutua_ou_constante); trajetoria=22566->22584->22604->22764->22778->22634->22670->22692->22706->22730->22744->22762->22766->22794->22818->22844->22920->22982->23080->23094->23150; fonte_contagem=exato_count_star; nome_periodo=YYYYMM:202510
o_recente_202511_snh_pmcmv_dados_prioritarios_af_caixa_entregas,snh_pmcmv_dados_prioritarios|af_caixa|o_recente|entregas,af_caixa|o_recente|entregas,full_refresh,classificacao=nao_monotona(flutua_ou_constante); trajetoria=22566->22584->22604->22764->22778->22634->22670->22692->22706->22730->22744->22762->22766->22794->22818->22844->22920->22982->23080->23094->23150; fonte_contagem=exato_count_star; nome_periodo=YYYYMM:202511
o_recente_202512_snh_pmcmv_dados_prioritarios_af_caixa_entregas,snh_pmcmv_dados_prioritarios|af_caixa|o_recente|entregas,af_caixa|o_recente|entregas,full_refresh,classificacao=nao_monotona(flutua_ou_constante); trajetoria=22566->22584->22604->22764->22778->22634->22670->22692->22706->22730->22744->22762->22766->22794->22818->22844->22920->22982->23080->23094->23150; fonte_contagem=exato_count_star; nome_periodo=YYYYMM:202512
o_recente_202601_snh_pmcmv_dados_prioritarios_af_caixa_entregas,snh_pmcmv_dados_prioritarios|af_caixa|o_recente|entregas,af_caixa|o_recente|entregas,full_refresh,classificacao=nao_monotona(flutua_ou_constante); trajetoria=22566->22584->22604->22764->22778->22634->22670->22692->22706->22730->22744->22762->22766->22794->22818->22844->22920->22982->23080->23094->23150; fonte_contagem=exato_count_star; nome_periodo=YYYYMM:202601
o_recente_202602_snh_pmcmv_dados_prioritarios_af_caixa_entregas,snh_pmcmv_dados_prioritarios|af_caixa|o_recente|entregas,af_caixa|o_recente|entregas,full_refresh,classificacao=nao_monotona(flutua_ou_constante); trajetoria=22566->22584->22604->22764->22778->22634->22670->22692->22706->22730->22744->22762->22766->22794->22818->22844->22920->22982->23080->23094->23150; fonte_contagem=exato_count_star; nome_periodo=YYYYMM:202602
o_recente_202603_snh_pmcmv_dados_prioritarios_af_caixa_entregas,snh_pmcmv_dados_prioritarios|af_caixa|o_recente|entregas,af_caixa|o_recente|entregas,full_refresh,classificacao=nao_monotona(flutua_ou_constante); trajetoria=22566->22584->22604->22764->22778->22634->22670->22692->22706->22730->22744->22762->22766->22794->22818->22844->22920->22982->23080->23094->23150; fonte_contagem=exato_count_star; nome_periodo=YYYYMM:202603
o_relatorio_executivo_30092012_v3_rel_executivo_resumo_30092012,o_relatorio_executivo_30092012_v3_rel_executivo_resumo,,full_refresh,classificacao=versao_unica; trajetoria=536; fonte_contagem=exato_count_star
relatorio_executivo_31102014_bases_relatório_executivo_3110201,relatorio_executivo_31102014_bases_relatório_executivo_3110201,,full_refresh,classificacao=versao_unica; trajetoria=34270; fonte_contagem=exato_count_star
relatorio_executivo_31102014_pmcmv_relatório_executivo_3110201,relatorio_executivo_31102014_pmcmv_relatório_executivo_3110201,,full_refresh,classificacao=versao_unica; trajetoria=536; fonte_contagem=exato_count_star
storico_recente_2024_07_snh_pmcmv_dados_prioritarios_af_bb_vs02,snh_pmcmv_dados_prioritarios_af_bb_vs02|af_bb|historico_recente,af_bb|historico_recente,full_refresh,classificacao=versao_unica; trajetoria=2576; fonte_contagem=exato_count_star; nome_periodo=YYYY:2024
torio_executivo_18_05_2012_pmcmv_relatorio_executivo_18_05_2012,torio_executivo_18_05_2012_pmcmv_relatorio_executivo_18_05,,full_refresh,classificacao=versao_unica; trajetoria=536; fonte_contagem=exato_count_star; nome_periodo=YYYY:2012
torio_executivo_30092012_v3_bases_relatório_executivo_30092012,torio_executivo_30092012_v3_bases_relatório_executivo,,full_refresh,classificacao=versao_unica; trajetoria=18124; fonte_contagem=exato_count_star
torio_executivo_30092012_v3_pmcmv_relatório_executivo_30092012,torio_executivo_30092012_v3_pmcmv_relatório_executivo,,full_refresh,classificacao=versao_unica; trajetoria=536; fonte_contagem=exato_count_star
torio_executivo_31_05_2012_pmcmv_relatorio_executivo_31_05_2012,torio_executivo_31_05_2012_pmcmv_relatorio_executivo_31_05,,full_refresh,classificacao=versao_unica; trajetoria=536; fonte_contagem=exato_count_star; nome_periodo=YYYY:2012
ubro_relatorio_executivo_31102014_rel_executivo_resumo_31102014,ubro_relatorio_executivo_31102014_rel_executivo_resumo,,full_refresh,classificacao=versao_unica; trajetoria=536; fonte_contagem=exato_count_star
xa_001_2011_12_dezembro_pmcmv_relatorio_executivo_31122011_base,xa_001_2011_12_dezembro_pmcmv_relatorio_executivo_31122011_base,,full_refresh,classificacao=versao_unica; trajetoria=7032; fonte_contagem=exato_count_star; nome_periodo=YYYY:2011
xa_001_2012_04_abril_2012_04_18_5a_propostas_recebidas_18042012,xa_001_2012_04_abril_2012_04_18_5a_propostas_recebidas,,full_refresh,classificacao=versao_unica; trajetoria=4402; fonte_contagem=exato_count_star; nome_periodo=YYYY:2012
xa_001_2012_04_abril_2012_04_18_5b_empreend_contratado_18042012,xa_001_2012_04_abril_2012_04_18_5b_empreend_contratado,,full_refresh,classificacao=versao_unica; trajetoria=6272; fonte_contagem=exato_count_star; nome_periodo=YYYY:2012
xa_001_2012_04_abril_2012_04_18_5c_base_contratação_pf_180420,xa_001_2012_04_abril_2012_04_18_5c_base_contratação_pf,,full_refresh,classificacao=versao_unica; trajetoria=33914; fonte_contagem=exato_count_star; nome_periodo=YYYY:2012
xa_001_2013_12___dezembro_pmcmv_relat_rio_executivo_31122013_v2,xa_001_2013_12_dezembro_pmcmv_relat_rio_executivo,,full_refresh,classificacao=versao_unica; trajetoria=536; fonte_contagem=exato_count_star; nome_periodo=YYYY:2013
xa_001_2015_12_dezembro_pmcmv_3_relatório_executivo_31122015v2,xa_001_2015_12_dezembro_pmcmv_3_relatório_executivo_31122015v2,,full_refresh,classificacao=versao_unica; trajetoria=536; fonte_contagem=exato_count_star; nome_periodo=YYYY:2015
