familia,versao,coluna,status
bb_2015_03_marco_pnhr,bb_2015_03_marco_pnhr_31032015,vlr_medio_un,nova
julho_bases_relatório_executivo,caixa_001_2015_07_julho_bases_relatório_executivo_31072015,contratação_empreendimentos_mcmv_1__2_e_3__caixa,nova
julho_bases_relatório_executivo,caixa_001_2015_07_julho_bases_relatório_executivo_31072015,unnamed_1,nova
julho_bases_relatório_executivo,caixa_001_2015_07_julho_bases_relatório_executivo_31072015,unnamed_10,nova
julho_bases_relatório_executivo,caixa_001_2015_07_julho_bases_relatório_executivo_31072015,unnamed_11,nova
julho_bases_relatório_executivo,caixa_001_2015_07_julho_bases_relatório_executivo_31072015,unnamed_12,nova
julho_bases_relatório_executivo,caixa_001_2015_07_julho_bases_relatório_executivo_31072015,unnamed_13,nova
julho_bases_relatório_executivo,caixa_001_2015_07_julho_bases_relatório_executivo_31072015,unnamed_14,nova
julho_bases_relatório_executivo,caixa_001_2015_07_julho_bases_relatório_executivo_31072015,unnamed_15,nova
julho_bases_relatório_executivo,caixa_001_2015_07_julho_bases_relatório_executivo_31072015,unnamed_16,nova
julho_bases_relatório_executivo,caixa_001_2015_07_julho_bases_relatório_executivo_31072015,unnamed_17,nova
julho_bases_relatório_executivo,caixa_001_2015_07_julho_bases_relatório_executivo_31072015,unnamed_18,nova
julho_bases_relatório_executivo,caixa_001_2015_07_julho_bases_relatório_executivo_31072015,unnamed_19,nova
julho_bases_relatório_executivo,caixa_001_2015_07_julho_bases_relatório_executivo_31072015,unnamed_2,nova
julho_bases_relatório_executivo,caixa_001_2015_07_julho_bases_relatório_executivo_31072015,unnamed_20,nova
julho_bases_relatório_executivo,caixa_001_2015_07_julho_bases_relatório_executivo_31072015,unnamed_21,nova
julho_bases_relatório_executivo,caixa_001_2015_07_julho_bases_relatório_executivo_31072015,unnamed_22,nova
julho_bases_relatório_executivo,caixa_001_2015_07_julho_bases_relatório_executivo_31072015,unnamed_23,nova
julho_bases_relatório_executivo,caixa_001_2015_07_julho_bases_relatório_executivo_31072015,unnamed_24,nova
julho_bases_relatório_executivo,caixa_001_2015_07_julho_bases_relatório_executivo_31072015,unnamed_25,nova
julho_bases_relatório_executivo,caixa_001_2015_07_julho_bases_relatório_executivo_31072015,unnamed_26,nova
julho_bases_relatório_executivo,caixa_001_2015_07_julho_bases_relatório_executivo_31072015,unnamed_27,nova
julho_bases_relatório_executivo,caixa_001_2015_07_julho_bases_relatório_executivo_31072015,unnamed_28,nova
julho_bases_relatório_executivo,caixa_001_2015_07_julho_bases_relatório_executivo_31072015,unnamed_29,nova
julho_bases_relatório_executivo,caixa_001_2015_07_julho_bases_relatório_executivo_31072015,unnamed_3,nova
julho_bases_relatório_executivo,caixa_001_2015_07_julho_bases_relatório_executivo_31072015,unnamed_30,nova
julho_bases_relatório_executivo,caixa_001_2015_07_julho_bases_relatório_executivo_31072015,unnamed_31,nova
julho_bases_relatório_executivo,caixa_001_2015_07_julho_bases_relatório_executivo_31072015,unnamed_32,nova
julho_bases_relatório_executivo,caixa_001_2015_07_julho_bases_relatório_executivo_31072015,unnamed_33,nova
julho_bases_relatório_executivo,caixa_001_2015_07_julho_bases_relatório_executivo_31072015,unnamed_34,nova
julho_bases_relatório_executivo,caixa_001_2015_07_julho_bases_relatório_executivo_31072015,unnamed_4,nova
julho_bases_relatório_executivo,caixa_001_2015_07_julho_bases_relatório_executivo_31072015,unnamed_5,nova
julho_bases_relatório_executivo,caixa_001_2015_07_julho_bases_relatório_executivo_31072015,unnamed_6,nova
julho_bases_relatório_executivo,caixa_001_2015_07_julho_bases_relatório_executivo_31072015,unnamed_7,nova
julho_bases_relatório_executivo,caixa_001_2015_07_julho_bases_relatório_executivo_31072015,unnamed_8,nova
julho_bases_relatório_executivo,caixa_001_2015_07_julho_bases_relatório_executivo_31072015,unnamed_9,nova
julho_bases_relatório_executivo,caixa_001_2015_07_julho_bases_relatório_executivo_31072015,_de_obra_executada,removida
julho_bases_relatório_executivo,caixa_001_2015_07_julho_bases_relatório_executivo_31072015,administração_por_condomínio,removida
julho_bases_relatório_executivo,caixa_001_2015_07_julho_bases_relatório_executivo_31072015,ano,removida
julho_bases_relatório_executivo,caixa_001_2015_07_julho_bases_relatório_executivo_31072015,cnpj,removida
julho_bases_relatório_executivo,caixa_001_2015_07_julho_bases_relatório_executivo_31072015,codapf,removida
julho_bases_relatório_executivo,caixa_001_2015_07_julho_bases_relatório_executivo_31072015,codmunicibge,removida
julho_bases_relatório_executivo,caixa_001_2015_07_julho_bases_relatório_executivo_31072015,comercializadas,removida
julho_bases_relatório_executivo,caixa_001_2015_07_julho_bases_relatório_executivo_31072015,construtora,removida
julho_bases_relatório_executivo,caixa_001_2015_07_julho_bases_relatório_executivo_31072015,cronograma_datatermino,removida
julho_bases_relatório_executivo,caixa_001_2015_07_julho_bases_relatório_executivo_31072015,data_prevista_término_obra,removida
julho_bases_relatório_executivo,caixa_001_2015_07_julho_bases_relatório_executivo_31072015,dataprevistasr,removida
julho_bases_relatório_executivo,caixa_001_2015_07_julho_bases_relatório_executivo_31072015,endereço_do_empreendimento,removida
julho_bases_relatório_executivo,caixa_001_2015_07_julho_bases_relatório_executivo_31072015,faixa,removida
julho_bases_relatório_executivo,caixa_001_2015_07_julho_bases_relatório_executivo_31072015,faixa_divisao,removida
julho_bases_relatório_executivo,caixa_001_2015_07_julho_bases_relatório_executivo_31072015,faixa_perc,removida
julho_bases_relatório_executivo,caixa_001_2015_07_julho_bases_relatório_executivo_31072015,forma_parcelamento_solo,removida
julho_bases_relatório_executivo,caixa_001_2015_07_julho_bases_relatório_executivo_31072015,id_mcmv,removida
julho_bases_relatório_executivo,caixa_001_2015_07_julho_bases_relatório_executivo_31072015,idregistro,removida
julho_bases_relatório_executivo,caixa_001_2015_07_julho_bases_relatório_executivo_31072015,municipio,removida
julho_bases_relatório_executivo,caixa_001_2015_07_julho_bases_relatório_executivo_31072015,nomeempreendimento,removida
julho_bases_relatório_executivo,caixa_001_2015_07_julho_bases_relatório_executivo_31072015,produto,removida
julho_bases_relatório_executivo,caixa_001_2015_07_julho_bases_relatório_executivo_31072015,recortes_territoriais,removida
julho_bases_relatório_executivo,caixa_001_2015_07_julho_bases_relatório_executivo_31072015,siaci_valorsubsidio_fgts,removida
julho_bases_relatório_executivo,caixa_001_2015_07_julho_bases_relatório_executivo_31072015,siaci_valorsubsidio_ogu,removida
julho_bases_relatório_executivo,caixa_001_2015_07_julho_bases_relatório_executivo_31072015,tipologia_unidade,removida
julho_bases_relatório_executivo,caixa_001_2015_07_julho_bases_relatório_executivo_31072015,trabalho_técnico_social_tts,removida
julho_bases_relatório_executivo,caixa_001_2015_07_julho_bases_relatório_executivo_31072015,uf,removida
julho_bases_relatório_executivo,caixa_001_2015_07_julho_bases_relatório_executivo_31072015,unidades,removida
julho_bases_relatório_executivo,caixa_001_2015_07_julho_bases_relatório_executivo_31072015,unidades_concluidas,removida
julho_bases_relatório_executivo,caixa_001_2015_07_julho_bases_relatório_executivo_31072015,unidades_em_obras,removida
julho_bases_relatório_executivo,caixa_001_2015_07_julho_bases_relatório_executivo_31072015,unidades_entregues,removida
julho_bases_relatório_executivo,caixa_001_2015_07_julho_bases_relatório_executivo_31072015,valor_da_contrapartida_do_poder_público,removida
julho_bases_relatório_executivo,caixa_001_2015_07_julho_bases_relatório_executivo_31072015,valor_do_empréstimo,removida
julho_bases_relatório_executivo,caixa_001_2015_07_julho_bases_relatório_executivo_31072015,valor_total__liberado,removida
julho_bases_relatório_executivo,caixa_001_2015_07_julho_bases_relatório_executivo_31072015,valor_total_do_investimento,removida
outubro_bases_relatório_executivo,caixa_001_2015_10_outubro_bases_relatório_executivo_31102015,contratação_empreendimentos_mcmv_1__2_e_3__caixa,nova
outubro_bases_relatório_executivo,caixa_001_2015_10_outubro_bases_relatório_executivo_31102015,unnamed_1,nova
outubro_bases_relatório_executivo,caixa_001_2015_10_outubro_bases_relatório_executivo_31102015,unnamed_10,nova
outubro_bases_relatório_executivo,caixa_001_2015_10_outubro_bases_relatório_executivo_31102015,unnamed_11,nova
outubro_bases_relatório_executivo,caixa_001_2015_10_outubro_bases_relatório_executivo_31102015,unnamed_12,nova
outubro_bases_relatório_executivo,caixa_001_2015_10_outubro_bases_relatório_executivo_31102015,unnamed_13,nova
outubro_bases_relatório_executivo,caixa_001_2015_10_outubro_bases_relatório_executivo_31102015,unnamed_14,nova
outubro_bases_relatório_executivo,caixa_001_2015_10_outubro_bases_relatório_executivo_31102015,unnamed_15,nova
outubro_bases_relatório_executivo,caixa_001_2015_10_outubro_bases_relatório_executivo_31102015,unnamed_16,nova
outubro_bases_relatório_executivo,caixa_001_2015_10_outubro_bases_relatório_executivo_31102015,unnamed_17,nova
outubro_bases_relatório_executivo,caixa_001_2015_10_outubro_bases_relatório_executivo_31102015,unnamed_18,nova
outubro_bases_relatório_executivo,caixa_001_2015_10_outubro_bases_relatório_executivo_31102015,unnamed_19,nova
outubro_bases_relatório_executivo,caixa_001_2015_10_outubro_bases_relatório_executivo_31102015,unnamed_2,nova
outubro_bases_relatório_executivo,caixa_001_2015_10_outubro_bases_relatório_executivo_31102015,unnamed_20,nova
outubro_bases_relatório_executivo,caixa_001_2015_10_outubro_bases_relatório_executivo_31102015,unnamed_21,nova
outubro_bases_relatório_executivo,caixa_001_2015_10_outubro_bases_relatório_executivo_31102015,unnamed_22,nova
outubro_bases_relatório_executivo,caixa_001_2015_10_outubro_bases_relatório_executivo_31102015,unnamed_23,nova
outubro_bases_relatório_executivo,caixa_001_2015_10_outubro_bases_relatório_executivo_31102015,unnamed_24,nova
outubro_bases_relatório_executivo,caixa_001_2015_10_outubro_bases_relatório_executivo_31102015,unnamed_25,nova
outubro_bases_relatório_executivo,caixa_001_2015_10_outubro_bases_relatório_executivo_31102015,unnamed_26,nova
outubro_bases_relatório_executivo,caixa_001_2015_10_outubro_bases_relatório_executivo_31102015,unnamed_27,nova
outubro_bases_relatório_executivo,caixa_001_2015_10_outubro_bases_relatório_executivo_31102015,unnamed_28,nova
outubro_bases_relatório_executivo,caixa_001_2015_10_outubro_bases_relatório_executivo_31102015,unnamed_29,nova
outubro_bases_relatório_executivo,caixa_001_2015_10_outubro_bases_relatório_executivo_31102015,unnamed_3,nova
outubro_bases_relatório_executivo,caixa_001_2015_10_outubro_bases_relatório_executivo_31102015,unnamed_30,nova
outubro_bases_relatório_executivo,caixa_001_2015_10_outubro_bases_relatório_executivo_31102015,unnamed_31,nova
outubro_bases_relatório_executivo,caixa_001_2015_10_outubro_bases_relatório_executivo_31102015,unnamed_32,nova
outubro_bases_relatório_executivo,caixa_001_2015_10_outubro_bases_relatório_executivo_31102015,unnamed_33,nova
outubro_bases_relatório_executivo,caixa_001_2015_10_outubro_bases_relatório_executivo_31102015,unnamed_34,nova
outubro_bases_relatório_executivo,caixa_001_2015_10_outubro_bases_relatório_executivo_31102015,unnamed_4,nova
outubro_bases_relatório_executivo,caixa_001_2015_10_outubro_bases_relatório_executivo_31102015,unnamed_5,nova
outubro_bases_relatório_executivo,caixa_001_2015_10_outubro_bases_relatório_executivo_31102015,unnamed_6,nova
outubro_bases_relatório_executivo,caixa_001_2015_10_outubro_bases_relatório_executivo_31102015,unnamed_7,nova
outubro_bases_relatório_executivo,caixa_001_2015_10_outubro_bases_relatório_executivo_31102015,unnamed_8,nova
outubro_bases_relatório_executivo,caixa_001_2015_10_outubro_bases_relatório_executivo_31102015,unnamed_9,nova
outubro_bases_relatório_executivo,caixa_001_2015_10_outubro_bases_relatório_executivo_31102015,_de_obra_executada,removida
outubro_bases_relatório_executivo,caixa_001_2015_10_outubro_bases_relatório_executivo_31102015,administração_por_condomínio,removida
outubro_bases_relatório_executivo,caixa_001_2015_10_outubro_bases_relatório_executivo_31102015,ano,removida
outubro_bases_relatório_executivo,caixa_001_2015_10_outubro_bases_relatório_executivo_31102015,cnpj,removida
outubro_bases_relatório_executivo,caixa_001_2015_10_outubro_bases_relatório_executivo_31102015,codapf,removida
outubro_bases_relatório_executivo,caixa_001_2015_10_outubro_bases_relatório_executivo_31102015,codmunicibge,removida
outubro_bases_relatório_executivo,caixa_001_2015_10_outubro_bases_relatório_executivo_31102015,comercializadas,removida
outubro_bases_relatório_executivo,caixa_001_2015_10_outubro_bases_relatório_executivo_31102015,construtora,removida
outubro_bases_relatório_executivo,caixa_001_2015_10_outubro_bases_relatório_executivo_31102015,cronograma_datatermino,removida
outubro_bases_relatório_executivo,caixa_001_2015_10_outubro_bases_relatório_executivo_31102015,data_prevista_término_obra,removida
outubro_bases_relatório_executivo,caixa_001_2015_10_outubro_bases_relatório_executivo_31102015,dataprevistasr,removida
outubro_bases_relatório_executivo,caixa_001_2015_10_outubro_bases_relatório_executivo_31102015,endereço_do_empreendimento,removida
outubro_bases_relatório_executivo,caixa_001_2015_10_outubro_bases_relatório_executivo_31102015,faixa,removida
outubro_bases_relatório_executivo,caixa_001_2015_10_outubro_bases_relatório_executivo_31102015,faixa_divisao,removida
outubro_bases_relatório_executivo,caixa_001_2015_10_outubro_bases_relatório_executivo_31102015,faixa_perc,removida
outubro_bases_relatório_executivo,caixa_001_2015_10_outubro_bases_relatório_executivo_31102015,forma_parcelamento_solo,removida
outubro_bases_relatório_executivo,caixa_001_2015_10_outubro_bases_relatório_executivo_31102015,id_mcmv,removida
outubro_bases_relatório_executivo,caixa_001_2015_10_outubro_bases_relatório_executivo_31102015,idregistro,removida
outubro_bases_relatório_executivo,caixa_001_2015_10_outubro_bases_relatório_executivo_31102015,municipio,removida
outubro_bases_relatório_executivo,caixa_001_2015_10_outubro_bases_relatório_executivo_31102015,nomeempreendimento,removida
outubro_bases_relatório_executivo,caixa_001_2015_10_outubro_bases_relatório_executivo_31102015,produto,removida
outubro_bases_relatório_executivo,caixa_001_2015_10_outubro_bases_relatório_executivo_31102015,recortes_territoriais,removida
outubro_bases_relatório_executivo,caixa_001_2015_10_outubro_bases_relatório_executivo_31102015,siaci_valorsubsidio_fgts,removida
outubro_bases_relatório_executivo,caixa_001_2015_10_outubro_bases_relatório_executivo_31102015,siaci_valorsubsidio_ogu,removida
outubro_bases_relatório_executivo,caixa_001_2015_10_outubro_bases_relatório_executivo_31102015,tipologia_unidade,removida
outubro_bases_relatório_executivo,caixa_001_2015_10_outubro_bases_relatório_executivo_31102015,trabalho_técnico_social_tts,removida
outubro_bases_relatório_executivo,caixa_001_2015_10_outubro_bases_relatório_executivo_31102015,uf,removida
outubro_bases_relatório_executivo,caixa_001_2015_10_outubro_bases_relatório_executivo_31102015,unidades,removida
outubro_bases_relatório_executivo,caixa_001_2015_10_outubro_bases_relatório_executivo_31102015,unidades_concluidas,removida
outubro_bases_relatório_executivo,caixa_001_2015_10_outubro_bases_relatório_executivo_31102015,unidades_em_obras,removida
outubro_bases_relatório_executivo,caixa_001_2015_10_outubro_bases_relatório_executivo_31102015,unidades_entregues,removida
outubro_bases_relatório_executivo,caixa_001_2015_10_outubro_bases_relatório_executivo_31102015,valor_da_contrapartida_do_poder_público,removida
outubro_bases_relatório_executivo,caixa_001_2015_10_outubro_bases_relatório_executivo_31102015,valor_do_empréstimo,removida
outubro_bases_relatório_executivo,caixa_001_2015_10_outubro_bases_relatório_executivo_31102015,valor_total__liberado,removida
outubro_bases_relatório_executivo,caixa_001_2015_10_outubro_bases_relatório_executivo_31102015,valor_total_do_investimento,removida
novembro_bases_relatório_executivo,caixa_001_2015_11_novembro_bases_relatório_executivo_30112015,contratação_empreendimentos_mcmv_1__2_e_3__caixa,nova
novembro_bases_relatório_executivo,caixa_001_2015_11_novembro_bases_relatório_executivo_30112015,unnamed_1,nova
novembro_bases_relatório_executivo,caixa_001_2015_11_novembro_bases_relatório_executivo_30112015,unnamed_10,nova
novembro_bases_relatório_executivo,caixa_001_2015_11_novembro_bases_relatório_executivo_30112015,unnamed_11,nova
novembro_bases_relatório_executivo,caixa_001_2015_11_novembro_bases_relatório_executivo_30112015,unnamed_12,nova
novembro_bases_relatório_executivo,caixa_001_2015_11_novembro_bases_relatório_executivo_30112015,unnamed_13,nova
novembro_bases_relatório_executivo,caixa_001_2015_11_novembro_bases_relatório_executivo_30112015,unnamed_14,nova
novembro_bases_relatório_executivo,caixa_001_2015_11_novembro_bases_relatório_executivo_30112015,unnamed_15,nova
novembro_bases_relatório_executivo,caixa_001_2015_11_novembro_bases_relatório_executivo_30112015,unnamed_16,nova
novembro_bases_relatório_executivo,caixa_001_2015_11_novembro_bases_relatório_executivo_30112015,unnamed_17,nova
novembro_bases_relatório_executivo,caixa_001_2015_11_novembro_bases_relatório_executivo_30112015,unnamed_18,nova
novembro_bases_relatório_executivo,caixa_001_2015_11_novembro_bases_relatório_executivo_30112015,unnamed_19,nova
novembro_bases_relatório_executivo,caixa_001_2015_11_novembro_bases_relatório_executivo_30112015,unnamed_2,nova
novembro_bases_relatório_executivo,caixa_001_2015_11_novembro_bases_relatório_executivo_30112015,unnamed_20,nova
novembro_bases_relatório_executivo,caixa_001_2015_11_novembro_bases_relatório_executivo_30112015,unnamed_21,nova
novembro_bases_relatório_executivo,caixa_001_2015_11_novembro_bases_relatório_executivo_30112015,unnamed_22,nova
novembro_bases_relatório_executivo,caixa_001_2015_11_novembro_bases_relatório_executivo_30112015,unnamed_23,nova
novembro_bases_relatório_executivo,caixa_001_2015_11_novembro_bases_relatório_executivo_30112015,unnamed_24,nova
novembro_bases_relatório_executivo,caixa_001_2015_11_novembro_bases_relatório_executivo_30112015,unnamed_25,nova
novembro_bases_relatório_executivo,caixa_001_2015_11_novembro_bases_relatório_executivo_30112015,unnamed_26,nova
novembro_bases_relatório_executivo,caixa_001_2015_11_novembro_bases_relatório_executivo_30112015,unnamed_27,nova
novembro_bases_relatório_executivo,caixa_001_2015_11_novembro_bases_relatório_executivo_30112015,unnamed_28,nova
novembro_bases_relatório_executivo,caixa_001_2015_11_novembro_bases_relatório_executivo_30112015,unnamed_29,nova
novembro_bases_relatório_executivo,caixa_001_2015_11_novembro_bases_relatório_executivo_30112015,unnamed_3,nova
novembro_bases_relatório_executivo,caixa_001_2015_11_novembro_bases_relatório_executivo_30112015,unnamed_30,nova
novembro_bases_relatório_executivo,caixa_001_2015_11_novembro_bases_relatório_executivo_30112015,unnamed_31,nova
novembro_bases_relatório_executivo,caixa_001_2015_11_novembro_bases_relatório_executivo_30112015,unnamed_32,nova
novembro_bases_relatório_executivo,caixa_001_2015_11_novembro_bases_relatório_executivo_30112015,unnamed_33,nova
novembro_bases_relatório_executivo,caixa_001_2015_11_novembro_bases_relatório_executivo_30112015,unnamed_34,nova
novembro_bases_relatório_executivo,caixa_001_2015_11_novembro_bases_relatório_executivo_30112015,unnamed_4,nova
novembro_bases_relatório_executivo,caixa_001_2015_11_novembro_bases_relatório_executivo_30112015,unnamed_5,nova
novembro_bases_relatório_executivo,caixa_001_2015_11_novembro_bases_relatório_executivo_30112015,unnamed_6,nova
novembro_bases_relatório_executivo,caixa_001_2015_11_novembro_bases_relatório_executivo_30112015,unnamed_7,nova
novembro_bases_relatório_executivo,caixa_001_2015_11_novembro_bases_relatório_executivo_30112015,unnamed_8,nova
novembro_bases_relatório_executivo,caixa_001_2015_11_novembro_bases_relatório_executivo_30112015,unnamed_9,nova
novembro_bases_relatório_executivo,caixa_001_2015_11_novembro_bases_relatório_executivo_30112015,_de_obra_executada,removida
novembro_bases_relatório_executivo,caixa_001_2015_11_novembro_bases_relatório_executivo_30112015,administração_por_condomínio,removida
novembro_bases_relatório_executivo,caixa_001_2015_11_novembro_bases_relatório_executivo_30112015,ano,removida
novembro_bases_relatório_executivo,caixa_001_2015_11_novembro_bases_relatório_executivo_30112015,cnpj,removida
novembro_bases_relatório_executivo,caixa_001_2015_11_novembro_bases_relatório_executivo_30112015,codapf,removida
novembro_bases_relatório_executivo,caixa_001_2015_11_novembro_bases_relatório_executivo_30112015,codmunicibge,removida
novembro_bases_relatório_executivo,caixa_001_2015_11_novembro_bases_relatório_executivo_30112015,comercializadas,removida
novembro_bases_relatório_executivo,caixa_001_2015_11_novembro_bases_relatório_executivo_30112015,construtora,removida
novembro_bases_relatório_executivo,caixa_001_2015_11_novembro_bases_relatório_executivo_30112015,cronograma_datatermino,removida
novembro_bases_relatório_executivo,caixa_001_2015_11_novembro_bases_relatório_executivo_30112015,data_prevista_término_obra,removida
novembro_bases_relatório_executivo,caixa_001_2015_11_novembro_bases_relatório_executivo_30112015,dataprevistasr,removida
novembro_bases_relatório_executivo,caixa_001_2015_11_novembro_bases_relatório_executivo_30112015,endereço_do_empreendimento,removida
novembro_bases_relatório_executivo,caixa_001_2015_11_novembro_bases_relatório_executivo_30112015,faixa,removida
novembro_bases_relatório_executivo,caixa_001_2015_11_novembro_bases_relatório_executivo_30112015,faixa_divisao,removida
novembro_bases_relatório_executivo,caixa_001_2015_11_novembro_bases_relatório_executivo_30112015,faixa_perc,removida
novembro_bases_relatório_executivo,caixa_001_2015_11_novembro_bases_relatório_executivo_30112015,forma_parcelamento_solo,removida
novembro_bases_relatório_executivo,caixa_001_2015_11_novembro_bases_relatório_executivo_30112015,id_mcmv,removida
novembro_bases_relatório_executivo,caixa_001_2015_11_novembro_bases_relatório_executivo_30112015,idregistro,removida
novembro_bases_relatório_executivo,caixa_001_2015_11_novembro_bases_relatório_executivo_30112015,municipio,removida
novembro_bases_relatório_executivo,caixa_001_2015_11_novembro_bases_relatório_executivo_30112015,nomeempreendimento,removida
novembro_bases_relatório_executivo,caixa_001_2015_11_novembro_bases_relatório_executivo_30112015,produto,removida
novembro_bases_relatório_executivo,caixa_001_2015_11_novembro_bases_relatório_executivo_30112015,recortes_territoriais,removida
novembro_bases_relatório_executivo,caixa_001_2015_11_novembro_bases_relatório_executivo_30112015,siaci_valorsubsidio_fgts,removida
novembro_bases_relatório_executivo,caixa_001_2015_11_novembro_bases_relatório_executivo_30112015,siaci_valorsubsidio_ogu,removida
novembro_bases_relatório_executivo,caixa_001_2015_11_novembro_bases_relatório_executivo_30112015,tipologia_unidade,removida
novembro_bases_relatório_executivo,caixa_001_2015_11_novembro_bases_relatório_executivo_30112015,trabalho_técnico_social_tts,removida
novembro_bases_relatório_executivo,caixa_001_2015_11_novembro_bases_relatório_executivo_30112015,uf,removida
novembro_bases_relatório_executivo,caixa_001_2015_11_novembro_bases_relatório_executivo_30112015,unidades,removida
novembro_bases_relatório_executivo,caixa_001_2015_11_novembro_bases_relatório_executivo_30112015,unidades_concluidas,removida
novembro_bases_relatório_executivo,caixa_001_2015_11_novembro_bases_relatório_executivo_30112015,unidades_em_obras,removida
novembro_bases_relatório_executivo,caixa_001_2015_11_novembro_bases_relatório_executivo_30112015,unidades_entregues,removida
novembro_bases_relatório_executivo,caixa_001_2015_11_novembro_bases_relatório_executivo_30112015,valor_da_contrapartida_do_poder_público,removida
novembro_bases_relatório_executivo,caixa_001_2015_11_novembro_bases_relatório_executivo_30112015,valor_do_empréstimo,removida
novembro_bases_relatório_executivo,caixa_001_2015_11_novembro_bases_relatório_executivo_30112015,valor_total__liberado,removida
novembro_bases_relatório_executivo,caixa_001_2015_11_novembro_bases_relatório_executivo_30112015,valor_total_do_investimento,removida
dezembro_bases_relatório_executivo,caixa_001_2012_12_dezembro_bases_relatório_executivo_31122012,ano,nova
dezembro_bases_relatório_executivo,caixa_001_2012_12_dezembro_bases_relatório_executivo_31122012,id_mcmv,nova
dezembro_bases_relatório_executivo,caixa_002_2015_12_dezembro_bases_relatório_executivo_31122015,contratação_empreendimentos_mcmv_1__2_e_3__caixa,nova
dezembro_bases_relatório_executivo,caixa_002_2015_12_dezembro_bases_relatório_executivo_31122015,unnamed_1,nova
dezembro_bases_relatório_executivo,caixa_002_2015_12_dezembro_bases_relatório_executivo_31122015,unnamed_10,nova
dezembro_bases_relatório_executivo,caixa_002_2015_12_dezembro_bases_relatório_executivo_31122015,unnamed_11,nova
dezembro_bases_relatório_executivo,caixa_002_2015_12_dezembro_bases_relatório_executivo_31122015,unnamed_12,nova
dezembro_bases_relatório_executivo,caixa_002_2015_12_dezembro_bases_relatório_executivo_31122015,unnamed_13,nova
dezembro_bases_relatório_executivo,caixa_002_2015_12_dezembro_bases_relatório_executivo_31122015,unnamed_14,nova
dezembro_bases_relatório_executivo,caixa_002_2015_12_dezembro_bases_relatório_executivo_31122015,unnamed_15,nova
dezembro_bases_relatório_executivo,caixa_002_2015_12_dezembro_bases_relatório_executivo_31122015,unnamed_16,nova
dezembro_bases_relatório_executivo,caixa_002_2015_12_dezembro_bases_relatório_executivo_31122015,unnamed_17,nova
dezembro_bases_relatório_executivo,caixa_002_2015_12_dezembro_bases_relatório_executivo_31122015,unnamed_18,nova
dezembro_bases_relatório_executivo,caixa_002_2015_12_dezembro_bases_relatório_executivo_31122015,unnamed_19,nova
dezembro_bases_relatório_executivo,caixa_002_2015_12_dezembro_bases_relatório_executivo_31122015,unnamed_2,nova
dezembro_bases_relatório_executivo,caixa_002_2015_12_dezembro_bases_relatório_executivo_31122015,unnamed_20,nova
dezembro_bases_relatório_executivo,caixa_002_2015_12_dezembro_bases_relatório_executivo_31122015,unnamed_21,nova
dezembro_bases_relatório_executivo,caixa_002_2015_12_dezembro_bases_relatório_executivo_31122015,unnamed_22,nova
dezembro_bases_relatório_executivo,caixa_002_2015_12_dezembro_bases_relatório_executivo_31122015,unnamed_23,nova
dezembro_bases_relatório_executivo,caixa_002_2015_12_dezembro_bases_relatório_executivo_31122015,unnamed_24,nova
dezembro_bases_relatório_executivo,caixa_002_2015_12_dezembro_bases_relatório_executivo_31122015,unnamed_25,nova
dezembro_bases_relatório_executivo,caixa_002_2015_12_dezembro_bases_relatório_executivo_31122015,unnamed_26,nova
dezembro_bases_relatório_executivo,caixa_002_2015_12_dezembro_bases_relatório_executivo_31122015,unnamed_27,nova
dezembro_bases_relatório_executivo,caixa_002_2015_12_dezembro_bases_relatório_executivo_31122015,unnamed_28,nova
dezembro_bases_relatório_executivo,caixa_002_2015_12_dezembro_bases_relatório_executivo_31122015,unnamed_29,nova
dezembro_bases_relatório_executivo,caixa_002_2015_12_dezembro_bases_relatório_executivo_31122015,unnamed_3,nova
dezembro_bases_relatório_executivo,caixa_002_2015_12_dezembro_bases_relatório_executivo_31122015,unnamed_30,nova
dezembro_bases_relatório_executivo,caixa_002_2015_12_dezembro_bases_relatório_executivo_31122015,unnamed_31,nova
dezembro_bases_relatório_executivo,caixa_002_2015_12_dezembro_bases_relatório_executivo_31122015,unnamed_32,nova
dezembro_bases_relatório_executivo,caixa_002_2015_12_dezembro_bases_relatório_executivo_31122015,unnamed_33,nova
dezembro_bases_relatório_executivo,caixa_002_2015_12_dezembro_bases_relatório_executivo_31122015,unnamed_34,nova
dezembro_bases_relatório_executivo,caixa_002_2015_12_dezembro_bases_relatório_executivo_31122015,unnamed_4,nova
dezembro_bases_relatório_executivo,caixa_002_2015_12_dezembro_bases_relatório_executivo_31122015,unnamed_5,nova
dezembro_bases_relatório_executivo,caixa_002_2015_12_dezembro_bases_relatório_executivo_31122015,unnamed_6,nova
dezembro_bases_relatório_executivo,caixa_002_2015_12_dezembro_bases_relatório_executivo_31122015,unnamed_7,nova
dezembro_bases_relatório_executivo,caixa_002_2015_12_dezembro_bases_relatório_executivo_31122015,unnamed_8,nova
dezembro_bases_relatório_executivo,caixa_002_2015_12_dezembro_bases_relatório_executivo_31122015,unnamed_9,nova
dezembro_bases_relatório_executivo,caixa_002_2015_12_dezembro_bases_relatório_executivo_31122015,_de_obra_executada,removida
dezembro_bases_relatório_executivo,caixa_002_2015_12_dezembro_bases_relatório_executivo_31122015,administração_por_condomínio,removida
dezembro_bases_relatório_executivo,caixa_002_2015_12_dezembro_bases_relatório_executivo_31122015,cnpj,removida
dezembro_bases_relatório_executivo,caixa_002_2015_12_dezembro_bases_relatório_executivo_31122015,codapf,removida
dezembro_bases_relatório_executivo,caixa_002_2015_12_dezembro_bases_relatório_executivo_31122015,codmunicibge,removida
dezembro_bases_relatório_executivo,caixa_002_2015_12_dezembro_bases_relatório_executivo_31122015,comercializadas,removida
dezembro_bases_relatório_executivo,caixa_002_2015_12_dezembro_bases_relatório_executivo_31122015,construtora,removida
dezembro_bases_relatório_executivo,caixa_002_2015_12_dezembro_bases_relatório_executivo_31122015,cronograma_datatermino,removida
dezembro_bases_relatório_executivo,caixa_002_2015_12_dezembro_bases_relatório_executivo_31122015,data_prevista_término_obra,removida
dezembro_bases_relatório_executivo,caixa_002_2015_12_dezembro_bases_relatório_executivo_31122015,dataprevistasr,removida
dezembro_bases_relatório_executivo,caixa_002_2015_12_dezembro_bases_relatório_executivo_31122015,endereço_do_empreendimento,removida
dezembro_bases_relatório_executivo,caixa_002_2015_12_dezembro_bases_relatório_executivo_31122015,faixa,removida
dezembro_bases_relatório_executivo,caixa_002_2015_12_dezembro_bases_relatório_executivo_31122015,faixa_divisao,removida
dezembro_bases_relatório_executivo,caixa_002_2015_12_dezembro_bases_relatório_executivo_31122015,faixa_perc,removida
dezembro_bases_relatório_executivo,caixa_002_2015_12_dezembro_bases_relatório_executivo_31122015,forma_parcelamento_solo,removida
dezembro_bases_relatório_executivo,caixa_002_2015_12_dezembro_bases_relatório_executivo_31122015,idregistro,removida
dezembro_bases_relatório_executivo,caixa_002_2015_12_dezembro_bases_relatório_executivo_31122015,municipio,removida
dezembro_bases_relatório_executivo,caixa_002_2015_12_dezembro_bases_relatório_executivo_31122015,nomeempreendimento,removida
dezembro_bases_relatório_executivo,caixa_002_2015_12_dezembro_bases_relatório_executivo_31122015,produto,removida
dezembro_bases_relatório_executivo,caixa_002_2015_12_dezembro_bases_relatório_executivo_31122015,recortes_territoriais,removida
dezembro_bases_relatório_executivo,caixa_002_2015_12_dezembro_bases_relatório_executivo_31122015,siaci_valorsubsidio_fgts,removida
dezembro_bases_relatório_executivo,caixa_002_2015_12_dezembro_bases_relatório_executivo_31122015,siaci_valorsubsidio_ogu,removida
dezembro_bases_relatório_executivo,caixa_002_2015_12_dezembro_bases_relatório_executivo_31122015,tipologia_unidade,removida
dezembro_bases_relatório_executivo,caixa_002_2015_12_dezembro_bases_relatório_executivo_31122015,trabalho_técnico_social_tts,removida
dezembro_bases_relatório_executivo,caixa_002_2015_12_dezembro_bases_relatório_executivo_31122015,uf,removida
dezembro_bases_relatório_executivo,caixa_002_2015_12_dezembro_bases_relatório_executivo_31122015,unidades,removida
dezembro_bases_relatório_executivo,caixa_002_2015_12_dezembro_bases_relatório_executivo_31122015,unidades_concluidas,removida
dezembro_bases_relatório_executivo,caixa_002_2015_12_dezembro_bases_relatório_executivo_31122015,unidades_em_obras,removida
dezembro_bases_relatório_executivo,caixa_002_2015_12_dezembro_bases_relatório_executivo_31122015,unidades_entregues,removida
dezembro_bases_relatório_executivo,caixa_002_2015_12_dezembro_bases_relatório_executivo_31122015,valor_da_contrapartida_do_poder_público,removida
dezembro_bases_relatório_executivo,caixa_002_2015_12_dezembro_bases_relatório_executivo_31122015,valor_do_empréstimo,removida
dezembro_bases_relatório_executivo,caixa_002_2015_12_dezembro_bases_relatório_executivo_31122015,valor_total__liberado,removida
dezembro_bases_relatório_executivo,caixa_002_2015_12_dezembro_bases_relatório_executivo_31122015,valor_total_do_investimento,removida
janeiro_bases_relatório_executivo,caixa_001_2015_01_janeiro_bases_relatório_executivo_31012015,contratação_empreendimentos_mcmv_1__2_e_3__caixa,nova
janeiro_bases_relatório_executivo,caixa_001_2015_01_janeiro_bases_relatório_executivo_31012015,unnamed_1,nova
janeiro_bases_relatório_executivo,caixa_001_2015_01_janeiro_bases_relatório_executivo_31012015,unnamed_10,nova
janeiro_bases_relatório_executivo,caixa_001_2015_01_janeiro_bases_relatório_executivo_31012015,unnamed_11,nova
janeiro_bases_relatório_executivo,caixa_001_2015_01_janeiro_bases_relatório_executivo_31012015,unnamed_12,nova
janeiro_bases_relatório_executivo,caixa_001_2015_01_janeiro_bases_relatório_executivo_31012015,unnamed_13,nova
janeiro_bases_relatório_executivo,caixa_001_2015_01_janeiro_bases_relatório_executivo_31012015,unnamed_14,nova
janeiro_bases_relatório_executivo,caixa_001_2015_01_janeiro_bases_relatório_executivo_31012015,unnamed_15,nova
janeiro_bases_relatório_executivo,caixa_001_2015_01_janeiro_bases_relatório_executivo_31012015,unnamed_16,nova
janeiro_bases_relatório_executivo,caixa_001_2015_01_janeiro_bases_relatório_executivo_31012015,unnamed_17,nova
janeiro_bases_relatório_executivo,caixa_001_2015_01_janeiro_bases_relatório_executivo_31012015,unnamed_18,nova
janeiro_bases_relatório_executivo,caixa_001_2015_01_janeiro_bases_relatório_executivo_31012015,unnamed_19,nova
janeiro_bases_relatório_executivo,caixa_001_2015_01_janeiro_bases_relatório_executivo_31012015,unnamed_2,nova
janeiro_bases_relatório_executivo,caixa_001_2015_01_janeiro_bases_relatório_executivo_31012015,unnamed_20,nova
janeiro_bases_relatório_executivo,caixa_001_2015_01_janeiro_bases_relatório_executivo_31012015,unnamed_21,nova
janeiro_bases_relatório_executivo,caixa_001_2015_01_janeiro_bases_relatório_executivo_31012015,unnamed_22,nova
janeiro_bases_relatório_executivo,caixa_001_2015_01_janeiro_bases_relatório_executivo_31012015,unnamed_23,nova
janeiro_bases_relatório_executivo,caixa_001_2015_01_janeiro_bases_relatório_executivo_31012015,unnamed_24,nova
janeiro_bases_relatório_executivo,caixa_001_2015_01_janeiro_bases_relatório_executivo_31012015,unnamed_25,nova
janeiro_bases_relatório_executivo,caixa_001_2015_01_janeiro_bases_relatório_executivo_31012015,unnamed_26,nova
janeiro_bases_relatório_executivo,caixa_001_2015_01_janeiro_bases_relatório_executivo_31012015,unnamed_27,nova
janeiro_bases_relatório_executivo,caixa_001_2015_01_janeiro_bases_relatório_executivo_31012015,unnamed_28,nova
janeiro_bases_relatório_executivo,caixa_001_2015_01_janeiro_bases_relatório_executivo_31012015,unnamed_29,nova
janeiro_bases_relatório_executivo,caixa_001_2015_01_janeiro_bases_relatório_executivo_31012015,unnamed_3,nova
janeiro_bases_relatório_executivo,caixa_001_2015_01_janeiro_bases_relatório_executivo_31012015,unnamed_30,nova
janeiro_bases_relatório_executivo,caixa_001_2015_01_janeiro_bases_relatório_executivo_31012015,unnamed_31,nova
janeiro_bases_relatório_executivo,caixa_001_2015_01_janeiro_bases_relatório_executivo_31012015,unnamed_32,nova
janeiro_bases_relatório_executivo,caixa_001_2015_01_janeiro_bases_relatório_executivo_31012015,unnamed_33,nova
janeiro_bases_relatório_executivo,caixa_001_2015_01_janeiro_bases_relatório_executivo_31012015,unnamed_34,nova
janeiro_bases_relatório_executivo,caixa_001_2015_01_janeiro_bases_relatório_executivo_31012015,unnamed_4,nova
janeiro_bases_relatório_executivo,caixa_001_2015_01_janeiro_bases_relatório_executivo_31012015,unnamed_5,nova
janeiro_bases_relatório_executivo,caixa_001_2015_01_janeiro_bases_relatório_executivo_31012015,unnamed_6,nova
janeiro_bases_relatório_executivo,caixa_001_2015_01_janeiro_bases_relatório_executivo_31012015,unnamed_7,nova
janeiro_bases_relatório_executivo,caixa_001_2015_01_janeiro_bases_relatório_executivo_31012015,unnamed_8,nova
janeiro_bases_relatório_executivo,caixa_001_2015_01_janeiro_bases_relatório_executivo_31012015,unnamed_9,nova
janeiro_bases_relatório_executivo,caixa_001_2015_01_janeiro_bases_relatório_executivo_31012015,_de_obra_executada,removida
janeiro_bases_relatório_executivo,caixa_001_2015_01_janeiro_bases_relatório_executivo_31012015,administração_por_condomínio,removida
janeiro_bases_relatório_executivo,caixa_001_2015_01_janeiro_bases_relatório_executivo_31012015,ano,removida
janeiro_bases_relatório_executivo,caixa_001_2015_01_janeiro_bases_relatório_executivo_31012015,cnpj,removida
janeiro_bases_relatório_executivo,caixa_001_2015_01_janeiro_bases_relatório_executivo_31012015,codapf,removida
janeiro_bases_relatório_executivo,caixa_001_2015_01_janeiro_bases_relatório_executivo_31012015,codmunicibge,removida
janeiro_bases_relatório_executivo,caixa_001_2015_01_janeiro_bases_relatório_executivo_31012015,comercializadas,removida
janeiro_bases_relatório_executivo,caixa_001_2015_01_janeiro_bases_relatório_executivo_31012015,construtora,removida
janeiro_bases_relatório_executivo,caixa_001_2015_01_janeiro_bases_relatório_executivo_31012015,cronograma_datatermino,removida
janeiro_bases_relatório_executivo,caixa_001_2015_01_janeiro_bases_relatório_executivo_31012015,data_prevista_término_obra,removida
janeiro_bases_relatório_executivo,caixa_001_2015_01_janeiro_bases_relatório_executivo_31012015,dataprevistasr,removida
janeiro_bases_relatório_executivo,caixa_001_2015_01_janeiro_bases_relatório_executivo_31012015,endereço_do_empreendimento,removida
janeiro_bases_relatório_executivo,caixa_001_2015_01_janeiro_bases_relatório_executivo_31012015,faixa,removida
janeiro_bases_relatório_executivo,caixa_001_2015_01_janeiro_bases_relatório_executivo_31012015,faixa_divisao,removida
janeiro_bases_relatório_executivo,caixa_001_2015_01_janeiro_bases_relatório_executivo_31012015,faixa_perc,removida
janeiro_bases_relatório_executivo,caixa_001_2015_01_janeiro_bases_relatório_executivo_31012015,forma_parcelamento_solo,removida
janeiro_bases_relatório_executivo,caixa_001_2015_01_janeiro_bases_relatório_executivo_31012015,id_mcmv,removida
janeiro_bases_relatório_executivo,caixa_001_2015_01_janeiro_bases_relatório_executivo_31012015,idregistro,removida
janeiro_bases_relatório_executivo,caixa_001_2015_01_janeiro_bases_relatório_executivo_31012015,municipio,removida
janeiro_bases_relatório_executivo,caixa_001_2015_01_janeiro_bases_relatório_executivo_31012015,nomeempreendimento,removida
janeiro_bases_relatório_executivo,caixa_001_2015_01_janeiro_bases_relatório_executivo_31012015,produto,removida
janeiro_bases_relatório_executivo,caixa_001_2015_01_janeiro_bases_relatório_executivo_31012015,recortes_territoriais,removida
janeiro_bases_relatório_executivo,caixa_001_2015_01_janeiro_bases_relatório_executivo_31012015,siaci_valorsubsidio_fgts,removida
janeiro_bases_relatório_executivo,caixa_001_2015_01_janeiro_bases_relatório_executivo_31012015,siaci_valorsubsidio_ogu,removida
janeiro_bases_relatório_executivo,caixa_001_2015_01_janeiro_bases_relatório_executivo_31012015,tipologia_unidade,removida
janeiro_bases_relatório_executivo,caixa_001_2015_01_janeiro_bases_relatório_executivo_31012015,trabalho_técnico_social_tts,removida
janeiro_bases_relatório_executivo,caixa_001_2015_01_janeiro_bases_relatório_executivo_31012015,uf,removida
janeiro_bases_relatório_executivo,caixa_001_2015_01_janeiro_bases_relatório_executivo_31012015,unidades,removida
janeiro_bases_relatório_executivo,caixa_001_2015_01_janeiro_bases_relatório_executivo_31012015,unidades_concluidas,removida
janeiro_bases_relatório_executivo,caixa_001_2015_01_janeiro_bases_relatório_executivo_31012015,unidades_em_obras,removida
janeiro_bases_relatório_executivo,caixa_001_2015_01_janeiro_bases_relatório_executivo_31012015,unidades_entregues,removida
janeiro_bases_relatório_executivo,caixa_001_2015_01_janeiro_bases_relatório_executivo_31012015,valor_da_contrapartida_do_poder_público,removida
janeiro_bases_relatório_executivo,caixa_001_2015_01_janeiro_bases_relatório_executivo_31012015,valor_do_empréstimo,removida
janeiro_bases_relatório_executivo,caixa_001_2015_01_janeiro_bases_relatório_executivo_31012015,valor_total__liberado,removida
janeiro_bases_relatório_executivo,caixa_001_2015_01_janeiro_bases_relatório_executivo_31012015,valor_total_do_investimento,removida
abril_bases_relatório_executivo,caixa_001_2015_04_abril_bases_relatório_executivo_30042015,_obra_executada,nova
abril_bases_relatório_executivo,caixa_001_2015_04_abril_bases_relatório_executivo_30042015,ano_contratação,nova
abril_bases_relatório_executivo,caixa_001_2015_04_abril_bases_relatório_executivo_30042015,cmcmv,nova
abril_bases_relatório_executivo,caixa_001_2015_04_abril_bases_relatório_executivo_30042015,cod_apf,nova
abril_bases_relatório_executivo,caixa_001_2015_04_abril_bases_relatório_executivo_30042015,cod_munic_ibge,nova
abril_bases_relatório_executivo,caixa_001_2015_04_abril_bases_relatório_executivo_30042015,data_contratação,nova
abril_bases_relatório_executivo,caixa_001_2015_04_abril_bases_relatório_executivo_30042015,data_prevista_término_obras,nova
abril_bases_relatório_executivo,caixa_001_2015_04_abril_bases_relatório_executivo_30042015,data_término_obras,nova
abril_bases_relatório_executivo,caixa_001_2015_04_abril_bases_relatório_executivo_30042015,inumero_cnpj,nova
abril_bases_relatório_executivo,caixa_001_2015_04_abril_bases_relatório_executivo_30042015,iqde_unidades_entregues,nova
abril_bases_relatório_executivo,caixa_001_2015_04_abril_bases_relatório_executivo_30042015,subsidio_fgts,nova
abril_bases_relatório_executivo,caixa_001_2015_04_abril_bases_relatório_executivo_30042015,subsidio_ogu,nova
abril_bases_relatório_executivo,caixa_001_2015_04_abril_bases_relatório_executivo_30042015,uh,nova
abril_bases_relatório_executivo,caixa_001_2015_04_abril_bases_relatório_executivo_30042015,uh_comercializadas,nova
abril_bases_relatório_executivo,caixa_001_2015_04_abril_bases_relatório_executivo_30042015,uh_concluidas,nova
abril_bases_relatório_executivo,caixa_001_2015_04_abril_bases_relatório_executivo_30042015,uh_em_obras,nova
abril_bases_relatório_executivo,caixa_001_2015_04_abril_bases_relatório_executivo_30042015,valor_contrapartida_poder_público,nova
abril_bases_relatório_executivo,caixa_001_2015_04_abril_bases_relatório_executivo_30042015,valor_gestão_condominial,nova
abril_bases_relatório_executivo,caixa_001_2015_04_abril_bases_relatório_executivo_30042015,valor_total_liberado,nova
abril_bases_relatório_executivo,caixa_001_2015_04_abril_bases_relatório_executivo_30042015,valor_trabalho_social_tts,nova
abril_bases_relatório_executivo,caixa_001_2015_04_abril_bases_relatório_executivo_30042015,vfaixa_percentual,nova
abril_bases_relatório_executivo,caixa_001_2015_04_abril_bases_relatório_executivo_30042015,vnome_construtora,nova
abril_bases_relatório_executivo,caixa_001_2015_04_abril_bases_relatório_executivo_30042015,vnome_empreendimento,nova
abril_bases_relatório_executivo,caixa_001_2015_04_abril_bases_relatório_executivo_30042015,_de_obra_executada,removida
abril_bases_relatório_executivo,caixa_001_2015_04_abril_bases_relatório_executivo_30042015,administração_por_condomínio,removida
abril_bases_relatório_executivo,caixa_001_2015_04_abril_bases_relatório_executivo_30042015,ano,removida
abril_bases_relatório_executivo,caixa_001_2015_04_abril_bases_relatório_executivo_30042015,cnpj,removida
abril_bases_relatório_executivo,caixa_001_2015_04_abril_bases_relatório_executivo_30042015,codapf,removida
abril_bases_relatório_executivo,caixa_001_2015_04_abril_bases_relatório_executivo_30042015,codmunicibge,removida
abril_bases_relatório_executivo,caixa_001_2015_04_abril_bases_relatório_executivo_30042015,comercializadas,removida
abril_bases_relatório_executivo,caixa_001_2015_04_abril_bases_relatório_executivo_30042015,construtora,removida
abril_bases_relatório_executivo,caixa_001_2015_04_abril_bases_relatório_executivo_30042015,cronograma_datatermino,removida
abril_bases_relatório_executivo,caixa_001_2015_04_abril_bases_relatório_executivo_30042015,data_prevista_término_obra,removida
abril_bases_relatório_executivo,caixa_001_2015_04_abril_bases_relatório_executivo_30042015,dataprevistasr,removida
abril_bases_relatório_executivo,caixa_001_2015_04_abril_bases_relatório_executivo_30042015,faixa_perc,removida
abril_bases_relatório_executivo,caixa_001_2015_04_abril_bases_relatório_executivo_30042015,id_mcmv,removida
abril_bases_relatório_executivo,caixa_001_2015_04_abril_bases_relatório_executivo_30042015,idregistro,removida
abril_bases_relatório_executivo,caixa_001_2015_04_abril_bases_relatório_executivo_30042015,nomeempreendimento,removida
abril_bases_relatório_executivo,caixa_001_2015_04_abril_bases_relatório_executivo_30042015,siaci_valorsubsidio_fgts,removida
abril_bases_relatório_executivo,caixa_001_2015_04_abril_bases_relatório_executivo_30042015,siaci_valorsubsidio_ogu,removida
abril_bases_relatório_executivo,caixa_001_2015_04_abril_bases_relatório_executivo_30042015,trabalho_técnico_social_tts,removida
abril_bases_relatório_executivo,caixa_001_2015_04_abril_bases_relatório_executivo_30042015,unidades,removida
abril_bases_relatório_executivo,caixa_001_2015_04_abril_bases_relatório_executivo_30042015,unidades_concluidas,removida
abril_bases_relatório_executivo,caixa_001_2015_04_abril_bases_relatório_executivo_30042015,unidades_em_obras,removida
abril_bases_relatório_executivo,caixa_001_2015_04_abril_bases_relatório_executivo_30042015,unidades_entregues,removida
abril_bases_relatório_executivo,caixa_001_2015_04_abril_bases_relatório_executivo_30042015,valor_da_contrapartida_do_poder_público,removida
abril_bases_relatório_executivo,caixa_001_2015_04_abril_bases_relatório_executivo_30042015,valor_total__liberado,removida
abril_bases_relatório_executivo,caixa_001_2015_04_abril_bases_relatório_executivo_30042015_v2,_obra_executada,nova
abril_bases_relatório_executivo,caixa_001_2015_04_abril_bases_relatório_executivo_30042015_v2,ano_contratação,nova
abril_bases_relatório_executivo,caixa_001_2015_04_abril_bases_relatório_executivo_30042015_v2,cmcmv,nova
abril_bases_relatório_executivo,caixa_001_2015_04_abril_bases_relatório_executivo_30042015_v2,cod_apf,nova
abril_bases_relatório_executivo,caixa_001_2015_04_abril_bases_relatório_executivo_30042015_v2,cod_munic_ibge,nova
abril_bases_relatório_executivo,caixa_001_2015_04_abril_bases_relatório_executivo_30042015_v2,data_contratação,nova
abril_bases_relatório_executivo,caixa_001_2015_04_abril_bases_relatório_executivo_30042015_v2,data_prevista_término_obras,nova
abril_bases_relatório_executivo,caixa_001_2015_04_abril_bases_relatório_executivo_30042015_v2,data_término_obras,nova
abril_bases_relatório_executivo,caixa_001_2015_04_abril_bases_relatório_executivo_30042015_v2,inumero_cnpj,nova
abril_bases_relatório_executivo,caixa_001_2015_04_abril_bases_relatório_executivo_30042015_v2,iqde_unidades_entregues,nova
abril_bases_relatório_executivo,caixa_001_2015_04_abril_bases_relatório_executivo_30042015_v2,subsidio_fgts,nova
abril_bases_relatório_executivo,caixa_001_2015_04_abril_bases_relatório_executivo_30042015_v2,subsidio_ogu,nova
abril_bases_relatório_executivo,caixa_001_2015_04_abril_bases_relatório_executivo_30042015_v2,uh,nova
abril_bases_relatório_executivo,caixa_001_2015_04_abril_bases_relatório_executivo_30042015_v2,uh_comercializadas,nova
abril_bases_relatório_executivo,caixa_001_2015_04_abril_bases_relatório_executivo_30042015_v2,uh_concluidas,nova
abril_bases_relatório_executivo,caixa_001_2015_04_abril_bases_relatório_executivo_30042015_v2,uh_em_obras,nova
abril_bases_relatório_executivo,caixa_001_2015_04_abril_bases_relatório_executivo_30042015_v2,valor_contrapartida_poder_público,nova
abril_bases_relatório_executivo,caixa_001_2015_04_abril_bases_relatório_executivo_30042015_v2,valor_gestão_condominial,nova
abril_bases_relatório_executivo,caixa_001_2015_04_abril_bases_relatório_executivo_30042015_v2,valor_total_liberado,nova
abril_bases_relatório_executivo,caixa_001_2015_04_abril_bases_relatório_executivo_30042015_v2,valor_trabalho_social_tts,nova
abril_bases_relatório_executivo,caixa_001_2015_04_abril_bases_relatório_executivo_30042015_v2,vfaixa_percentual,nova
abril_bases_relatório_executivo,caixa_001_2015_04_abril_bases_relatório_executivo_30042015_v2,vnome_construtora,nova
abril_bases_relatório_executivo,caixa_001_2015_04_abril_bases_relatório_executivo_30042015_v2,vnome_empreendimento,nova
abril_bases_relatório_executivo,caixa_001_2015_04_abril_bases_relatório_executivo_30042015_v2,_de_obra_executada,removida
abril_bases_relatório_executivo,caixa_001_2015_04_abril_bases_relatório_executivo_30042015_v2,administração_por_condomínio,removida
abril_bases_relatório_executivo,caixa_001_2015_04_abril_bases_relatório_executivo_30042015_v2,ano,removida
abril_bases_relatório_executivo,caixa_001_2015_04_abril_bases_relatório_executivo_30042015_v2,cnpj,removida
abril_bases_relatório_executivo,caixa_001_2015_04_abril_bases_relatório_executivo_30042015_v2,codapf,removida
abril_bases_relatório_executivo,caixa_001_2015_04_abril_bases_relatório_executivo_30042015_v2,codmunicibge,removida
abril_bases_relatório_executivo,caixa_001_2015_04_abril_bases_relatório_executivo_30042015_v2,comercializadas,removida
abril_bases_relatório_executivo,caixa_001_2015_04_abril_bases_relatório_executivo_30042015_v2,construtora,removida
abril_bases_relatório_executivo,caixa_001_2015_04_abril_bases_relatório_executivo_30042015_v2,cronograma_datatermino,removida
abril_bases_relatório_executivo,caixa_001_2015_04_abril_bases_relatório_executivo_30042015_v2,data_prevista_término_obra,removida
abril_bases_relatório_executivo,caixa_001_2015_04_abril_bases_relatório_executivo_30042015_v2,dataprevistasr,removida
abril_bases_relatório_executivo,caixa_001_2015_04_abril_bases_relatório_executivo_30042015_v2,faixa_perc,removida
abril_bases_relatório_executivo,caixa_001_2015_04_abril_bases_relatório_executivo_30042015_v2,id_mcmv,removida
abril_bases_relatório_executivo,caixa_001_2015_04_abril_bases_relatório_executivo_30042015_v2,idregistro,removida
abril_bases_relatório_executivo,caixa_001_2015_04_abril_bases_relatório_executivo_30042015_v2,nomeempreendimento,removida
abril_bases_relatório_executivo,caixa_001_2015_04_abril_bases_relatório_executivo_30042015_v2,siaci_valorsubsidio_fgts,removida
abril_bases_relatório_executivo,caixa_001_2015_04_abril_bases_relatório_executivo_30042015_v2,siaci_valorsubsidio_ogu,removida
abril_bases_relatório_executivo,caixa_001_2015_04_abril_bases_relatório_executivo_30042015_v2,trabalho_técnico_social_tts,removida
abril_bases_relatório_executivo,caixa_001_2015_04_abril_bases_relatório_executivo_30042015_v2,unidades,removida
abril_bases_relatório_executivo,caixa_001_2015_04_abril_bases_relatório_executivo_30042015_v2,unidades_concluidas,removida
abril_bases_relatório_executivo,caixa_001_2015_04_abril_bases_relatório_executivo_30042015_v2,unidades_em_obras,removida
abril_bases_relatório_executivo,caixa_001_2015_04_abril_bases_relatório_executivo_30042015_v2,unidades_entregues,removida
abril_bases_relatório_executivo,caixa_001_2015_04_abril_bases_relatório_executivo_30042015_v2,valor_da_contrapartida_do_poder_público,removida
abril_bases_relatório_executivo,caixa_001_2015_04_abril_bases_relatório_executivo_30042015_v2,valor_total__liberado,removida
maio_bases_relat_rio_executivo,caixa_001_2015_05_maio_bases_relat_rio_executivo_31052015,contratação_empreendimentos_mcmv_1__2_e_3__caixa,nova
maio_bases_relat_rio_executivo,caixa_001_2015_05_maio_bases_relat_rio_executivo_31052015,unnamed_1,nova
maio_bases_relat_rio_executivo,caixa_001_2015_05_maio_bases_relat_rio_executivo_31052015,unnamed_10,nova
maio_bases_relat_rio_executivo,caixa_001_2015_05_maio_bases_relat_rio_executivo_31052015,unnamed_11,nova
maio_bases_relat_rio_executivo,caixa_001_2015_05_maio_bases_relat_rio_executivo_31052015,unnamed_12,nova
maio_bases_relat_rio_executivo,caixa_001_2015_05_maio_bases_relat_rio_executivo_31052015,unnamed_13,nova
maio_bases_relat_rio_executivo,caixa_001_2015_05_maio_bases_relat_rio_executivo_31052015,unnamed_14,nova
maio_bases_relat_rio_executivo,caixa_001_2015_05_maio_bases_relat_rio_executivo_31052015,unnamed_15,nova
maio_bases_relat_rio_executivo,caixa_001_2015_05_maio_bases_relat_rio_executivo_31052015,unnamed_16,nova
maio_bases_relat_rio_executivo,caixa_001_2015_05_maio_bases_relat_rio_executivo_31052015,unnamed_17,nova
maio_bases_relat_rio_executivo,caixa_001_2015_05_maio_bases_relat_rio_executivo_31052015,unnamed_18,nova
maio_bases_relat_rio_executivo,caixa_001_2015_05_maio_bases_relat_rio_executivo_31052015,unnamed_19,nova
maio_bases_relat_rio_executivo,caixa_001_2015_05_maio_bases_relat_rio_executivo_31052015,unnamed_2,nova
maio_bases_relat_rio_executivo,caixa_001_2015_05_maio_bases_relat_rio_executivo_31052015,unnamed_20,nova
maio_bases_relat_rio_executivo,caixa_001_2015_05_maio_bases_relat_rio_executivo_31052015,unnamed_21,nova
maio_bases_relat_rio_executivo,caixa_001_2015_05_maio_bases_relat_rio_executivo_31052015,unnamed_22,nova
maio_bases_relat_rio_executivo,caixa_001_2015_05_maio_bases_relat_rio_executivo_31052015,unnamed_23,nova
maio_bases_relat_rio_executivo,caixa_001_2015_05_maio_bases_relat_rio_executivo_31052015,unnamed_24,nova
maio_bases_relat_rio_executivo,caixa_001_2015_05_maio_bases_relat_rio_executivo_31052015,unnamed_25,nova
maio_bases_relat_rio_executivo,caixa_001_2015_05_maio_bases_relat_rio_executivo_31052015,unnamed_26,nova
maio_bases_relat_rio_executivo,caixa_001_2015_05_maio_bases_relat_rio_executivo_31052015,unnamed_27,nova
maio_bases_relat_rio_executivo,caixa_001_2015_05_maio_bases_relat_rio_executivo_31052015,unnamed_28,nova
maio_bases_relat_rio_executivo,caixa_001_2015_05_maio_bases_relat_rio_executivo_31052015,unnamed_29,nova
maio_bases_relat_rio_executivo,caixa_001_2015_05_maio_bases_relat_rio_executivo_31052015,unnamed_3,nova
maio_bases_relat_rio_executivo,caixa_001_2015_05_maio_bases_relat_rio_executivo_31052015,unnamed_30,nova
maio_bases_relat_rio_executivo,caixa_001_2015_05_maio_bases_relat_rio_executivo_31052015,unnamed_31,nova
maio_bases_relat_rio_executivo,caixa_001_2015_05_maio_bases_relat_rio_executivo_31052015,unnamed_32,nova
maio_bases_relat_rio_executivo,caixa_001_2015_05_maio_bases_relat_rio_executivo_31052015,unnamed_33,nova
maio_bases_relat_rio_executivo,caixa_001_2015_05_maio_bases_relat_rio_executivo_31052015,unnamed_4,nova
maio_bases_relat_rio_executivo,caixa_001_2015_05_maio_bases_relat_rio_executivo_31052015,unnamed_5,nova
maio_bases_relat_rio_executivo,caixa_001_2015_05_maio_bases_relat_rio_executivo_31052015,unnamed_6,nova
maio_bases_relat_rio_executivo,caixa_001_2015_05_maio_bases_relat_rio_executivo_31052015,unnamed_7,nova
maio_bases_relat_rio_executivo,caixa_001_2015_05_maio_bases_relat_rio_executivo_31052015,unnamed_8,nova
maio_bases_relat_rio_executivo,caixa_001_2015_05_maio_bases_relat_rio_executivo_31052015,unnamed_9,nova
maio_bases_relat_rio_executivo,caixa_001_2015_05_maio_bases_relat_rio_executivo_31052015,_de_obra_executada,removida
maio_bases_relat_rio_executivo,caixa_001_2015_05_maio_bases_relat_rio_executivo_31052015,administração_por_condomínio,removida
maio_bases_relat_rio_executivo,caixa_001_2015_05_maio_bases_relat_rio_executivo_31052015,ano,removida
maio_bases_relat_rio_executivo,caixa_001_2015_05_maio_bases_relat_rio_executivo_31052015,cnpj,removida
maio_bases_relat_rio_executivo,caixa_001_2015_05_maio_bases_relat_rio_executivo_31052015,codapf,removida
maio_bases_relat_rio_executivo,caixa_001_2015_05_maio_bases_relat_rio_executivo_31052015,codmunicibge,removida
maio_bases_relat_rio_executivo,caixa_001_2015_05_maio_bases_relat_rio_executivo_31052015,comercializadas,removida
maio_bases_relat_rio_executivo,caixa_001_2015_05_maio_bases_relat_rio_executivo_31052015,construtora,removida
maio_bases_relat_rio_executivo,caixa_001_2015_05_maio_bases_relat_rio_executivo_31052015,cronograma_datatermino,removida
maio_bases_relat_rio_executivo,caixa_001_2015_05_maio_bases_relat_rio_executivo_31052015,data_prevista_término_obra,removida
maio_bases_relat_rio_executivo,caixa_001_2015_05_maio_bases_relat_rio_executivo_31052015,dataprevistasr,removida
maio_bases_relat_rio_executivo,caixa_001_2015_05_maio_bases_relat_rio_executivo_31052015,endereço_do_empreendimento,removida
maio_bases_relat_rio_executivo,caixa_001_2015_05_maio_bases_relat_rio_executivo_31052015,faixa,removida
maio_bases_relat_rio_executivo,caixa_001_2015_05_maio_bases_relat_rio_executivo_31052015,faixa_divisao,removida
maio_bases_relat_rio_executivo,caixa_001_2015_05_maio_bases_relat_rio_executivo_31052015,faixa_perc,removida
maio_bases_relat_rio_executivo,caixa_001_2015_05_maio_bases_relat_rio_executivo_31052015,forma_parcelamento_solo,removida
maio_bases_relat_rio_executivo,caixa_001_2015_05_maio_bases_relat_rio_executivo_31052015,id_mcmv,removida
maio_bases_relat_rio_executivo,caixa_001_2015_05_maio_bases_relat_rio_executivo_31052015,idregistro,removida
maio_bases_relat_rio_executivo,caixa_001_2015_05_maio_bases_relat_rio_executivo_31052015,municipio,removida
maio_bases_relat_rio_executivo,caixa_001_2015_05_maio_bases_relat_rio_executivo_31052015,nomeempreendimento,removida
maio_bases_relat_rio_executivo,caixa_001_2015_05_maio_bases_relat_rio_executivo_31052015,produto,removida
maio_bases_relat_rio_executivo,caixa_001_2015_05_maio_bases_relat_rio_executivo_31052015,recortes_territoriais,removida
maio_bases_relat_rio_executivo,caixa_001_2015_05_maio_bases_relat_rio_executivo_31052015,siaci_valorsubsidio_fgts,removida
maio_bases_relat_rio_executivo,caixa_001_2015_05_maio_bases_relat_rio_executivo_31052015,siaci_valorsubsidio_ogu,removida
maio_bases_relat_rio_executivo,caixa_001_2015_05_maio_bases_relat_rio_executivo_31052015,tipologia_unidade,removida
maio_bases_relat_rio_executivo,caixa_001_2015_05_maio_bases_relat_rio_executivo_31052015,trabalho_técnico_social_tts,removida
maio_bases_relat_rio_executivo,caixa_001_2015_05_maio_bases_relat_rio_executivo_31052015,uf,removida
maio_bases_relat_rio_executivo,caixa_001_2015_05_maio_bases_relat_rio_executivo_31052015,unidades,removida
maio_bases_relat_rio_executivo,caixa_001_2015_05_maio_bases_relat_rio_executivo_31052015,unidades_concluidas,removida
maio_bases_relat_rio_executivo,caixa_001_2015_05_maio_bases_relat_rio_executivo_31052015,unidades_em_obras,removida
maio_bases_relat_rio_executivo,caixa_001_2015_05_maio_bases_relat_rio_executivo_31052015,unidades_entregues,removida
maio_bases_relat_rio_executivo,caixa_001_2015_05_maio_bases_relat_rio_executivo_31052015,valor_da_contrapartida_do_poder_público,removida
maio_bases_relat_rio_executivo,caixa_001_2015_05_maio_bases_relat_rio_executivo_31052015,valor_do_empréstimo,removida
maio_bases_relat_rio_executivo,caixa_001_2015_05_maio_bases_relat_rio_executivo_31052015,valor_total__liberado,removida
maio_bases_relat_rio_executivo,caixa_001_2015_05_maio_bases_relat_rio_executivo_31052015,valor_total_do_investimento,removida
bext,caixa_001_2016_bext_31102016,unnamed_0,nova
bext,caixa_001_2016_bext_31102016,cfaixa,removida
bext,caixa_001_2016_bext_31102016,csigla_origem,removida
bext,caixa_001_2016_bext_31102016,csigla_uf,removida
bext,caixa_001_2016_bext_31102016,iano_mes,removida
bext,caixa_001_2016_bext_31102016,icodigo_empreendimento,removida
bext,caixa_001_2016_bext_31102016,icodigo_municipio_ibge_sem_dv,removida
bext,caixa_001_2016_bext_31102016,iprograma_mcmv,removida
bext,caixa_001_2016_bext_31102016,iqde_uh,removida
bext,caixa_001_2016_bext_31102016,iqde_uh_concluidas,removida
bext,caixa_001_2016_bext_31102016,iqde_uh_em_obras,removida
bext,caixa_001_2016_bext_31102016,iqde_uh_entregues,removida
bext,caixa_001_2016_bext_31102016,mvalor_contrapartida_poder_publico,removida
bext,caixa_001_2016_bext_31102016,mvalor_desembolso,removida
bext,caixa_001_2016_bext_31102016,mvalor_emprestimo,removida
bext,caixa_001_2016_bext_31102016,mvalor_financiamento,removida
bext,caixa_001_2016_bext_31102016,mvalor_investimento,removida
bext,caixa_001_2016_bext_31102016,mvalor_subsidio,removida
bext,caixa_001_2016_bext_31102016,vfaixa_perc_obra,removida
bext,caixa_001_2016_bext_31102016,vinstituicao,removida
bext,caixa_001_2016_bext_31102016,vnome_municipio,removida
bext,caixa_001_2016_bext_31102016,vnome_produto,removida
bext,caixa_001_2016_bext_31102016,vporte_municipio,removida
bext,caixa_002_2016_bext_31122016,unnamed_0,nova
bext,caixa_002_2016_bext_31122016,unnamed_1,nova
bext,caixa_002_2016_bext_31122016,unnamed_10,nova
bext,caixa_002_2016_bext_31122016,unnamed_11,nova
bext,caixa_002_2016_bext_31122016,unnamed_12,nova
bext,caixa_002_2016_bext_31122016,unnamed_13,nova
bext,caixa_002_2016_bext_31122016,unnamed_14,nova
bext,caixa_002_2016_bext_31122016,unnamed_15,nova
bext,caixa_002_2016_bext_31122016,unnamed_16,nova
bext,caixa_002_2016_bext_31122016,unnamed_17,nova
bext,caixa_002_2016_bext_31122016,unnamed_18,nova
bext,caixa_002_2016_bext_31122016,unnamed_19,nova
bext,caixa_002_2016_bext_31122016,unnamed_2,nova
bext,caixa_002_2016_bext_31122016,unnamed_20,nova
bext,caixa_002_2016_bext_31122016,unnamed_21,nova
bext,caixa_002_2016_bext_31122016,unnamed_22,nova
bext,caixa_002_2016_bext_31122016,unnamed_3,nova
bext,caixa_002_2016_bext_31122016,unnamed_4,nova
bext,caixa_002_2016_bext_31122016,unnamed_5,nova
bext,caixa_002_2016_bext_31122016,unnamed_6,nova
bext,caixa_002_2016_bext_31122016,unnamed_7,nova
bext,caixa_002_2016_bext_31122016,unnamed_8,nova
bext,caixa_002_2016_bext_31122016,unnamed_9,nova
bext,caixa_002_2016_bext_31122016,cfaixa,removida
bext,caixa_002_2016_bext_31122016,csigla_origem,removida
bext,caixa_002_2016_bext_31122016,csigla_uf,removida
bext,caixa_002_2016_bext_31122016,iano_mes,removida
bext,caixa_002_2016_bext_31122016,icodigo_empreendimento,removida
bext,caixa_002_2016_bext_31122016,icodigo_municipio_ibge_sem_dv,removida
bext,caixa_002_2016_bext_31122016,iprograma_mcmv,removida
bext,caixa_002_2016_bext_31122016,iqde_uh,removida
bext,caixa_002_2016_bext_31122016,iqde_uh_concluidas,removida
bext,caixa_002_2016_bext_31122016,iqde_uh_em_obras,removida
bext,caixa_002_2016_bext_31122016,iqde_uh_entregues,removida
bext,caixa_002_2016_bext_31122016,mvalor_contrapartida_poder_publico,removida
bext,caixa_002_2016_bext_31122016,mvalor_desembolso,removida
bext,caixa_002_2016_bext_31122016,mvalor_emprestimo,removida
bext,caixa_002_2016_bext_31122016,mvalor_financiamento,removida
bext,caixa_002_2016_bext_31122016,mvalor_investimento,removida
bext,caixa_002_2016_bext_31122016,mvalor_subsidio,removida
bext,caixa_002_2016_bext_31122016,vfaixa_perc_obra,removida
bext,caixa_002_2016_bext_31122016,vinstituicao,removida
bext,caixa_002_2016_bext_31122016,vnome_municipio,removida
bext,caixa_002_2016_bext_31122016,vnome_produto,removida
bext,caixa_002_2016_bext_31122016,vporte_municipio,removida
agosto_bases_relatório_executivo,caixa_002_2016_08_agosto_bases_relatório_executivo_31082016,unnamed_35,nova
agosto_bases_relatório_executivo,caixa_002_2016_08_agosto_bases_relatório_executivo_31082016,unnamed_36,nova
agosto_bases_relatório_executivo,caixa_002_2016_08_agosto_bases_relatório_executivo_31082016,unnamed_37,nova
agosto_bases_relatório_executivo,caixa_002_2016_08_agosto_bases_relatório_executivo_31082016,unnamed_38,nova
agosto_bases_relatório_executivo,caixa_002_2016_08_agosto_bases_relatório_executivo_31082016,unnamed_39,nova
agosto_bases_relatório_executivo,caixa_002_2016_08_agosto_bases_relatório_executivo_31082016,unnamed_40,nova
snh_pmcmv_dados_prioritarios|af_bb|historico_recente,historico_recente_2024_10_snh_pmcmv_dados_prioritarios_af_bb,"data_de_
movimento",nova
snh_pmcmv_dados_prioritarios|af_bb|historico_recente,historico_recente_2024_10_snh_pmcmv_dados_prioritarios_af_bb,"detalhamento_da_situação_
do_empreendimento",nova
snh_pmcmv_dados_prioritarios|af_bb|historico_recente,historico_recente_2024_10_snh_pmcmv_dados_prioritarios_af_bb,"detalhamento_da_situação_do_empreendimento_
em_janeiro_do_ano",nova
snh_pmcmv_dados_prioritarios|af_bb|historico_recente,historico_recente_2024_10_snh_pmcmv_dados_prioritarios_af_bb,"quantidade_de_uhs_contratadas_
do_ano_de_referência",nova
snh_pmcmv_dados_prioritarios|af_bb|historico_recente,historico_recente_2024_10_snh_pmcmv_dados_prioritarios_af_bb,"quantidade_de_uhs_contratadas_
em_janeiro_do_ano_de_referência",nova
snh_pmcmv_dados_prioritarios|af_bb|historico_recente,historico_recente_2024_10_snh_pmcmv_dados_prioritarios_af_bb,"quantidade_de_uhs_entregues_
do_ano_de_referência",nova
snh_pmcmv_dados_prioritarios|af_bb|historico_recente,historico_recente_2024_10_snh_pmcmv_dados_prioritarios_af_bb,"quantidade_de_uhs_entregues_
em_janeiro_do_ano_de_referência",nova
snh_pmcmv_dados_prioritarios|af_bb|historico_recente,historico_recente_2024_10_snh_pmcmv_dados_prioritarios_af_bb,"quantidade_de_uhs_vigentes_
do_ano_de_referência",nova
snh_pmcmv_dados_prioritarios|af_bb|historico_recente,historico_recente_2024_10_snh_pmcmv_dados_prioritarios_af_bb,"quantidade_de_uhs_vigentes_
em_janeiro_do_ano_de_referência",nova
snh_pmcmv_dados_prioritarios|af_bb|historico_recente,historico_recente_2024_10_snh_pmcmv_dados_prioritarios_af_bb,"situação_do_empreendimento_
em_janeiro_do_ano_de_referência",nova
snh_pmcmv_dados_prioritarios|af_bb|historico_recente,historico_recente_2024_10_snh_pmcmv_dados_prioritarios_af_bb,"valor_desembolsado_
do_ano_de_referência",nova
snh_pmcmv_dados_prioritarios|af_bb|historico_recente,historico_recente_2024_10_snh_pmcmv_dados_prioritarios_af_bb,data_de_movimento,removida
snh_pmcmv_dados_prioritarios|af_bb|historico_recente,historico_recente_2024_10_snh_pmcmv_dados_prioritarios_af_bb,detalhamento_da_situação_do_empreendimento,removida
snh_pmcmv_dados_prioritarios|af_bb|historico_recente,historico_recente_2024_10_snh_pmcmv_dados_prioritarios_af_bb,detalhamento_da_situação_do_empreendimento_em_janeiro_do_ano_,removida
snh_pmcmv_dados_prioritarios|af_bb|historico_recente,historico_recente_2024_10_snh_pmcmv_dados_prioritarios_af_bb,quantidade_de_uhs_contratadas_do_ano_de_referência,removida
snh_pmcmv_dados_prioritarios|af_bb|historico_recente,historico_recente_2024_10_snh_pmcmv_dados_prioritarios_af_bb,quantidade_de_uhs_contratadas_em_janeiro_do_ano_de_referência,removida
snh_pmcmv_dados_prioritarios|af_bb|historico_recente,historico_recente_2024_10_snh_pmcmv_dados_prioritarios_af_bb,quantidade_de_uhs_entregues_do_ano_de_referência,removida
snh_pmcmv_dados_prioritarios|af_bb|historico_recente,historico_recente_2024_10_snh_pmcmv_dados_prioritarios_af_bb,quantidade_de_uhs_entregues_em_janeiro_do_ano_de_referência,removida
snh_pmcmv_dados_prioritarios|af_bb|historico_recente,historico_recente_2024_10_snh_pmcmv_dados_prioritarios_af_bb,quantidade_de_uhs_vigentes_do_ano_de_referência,removida
snh_pmcmv_dados_prioritarios|af_bb|historico_recente,historico_recente_2024_10_snh_pmcmv_dados_prioritarios_af_bb,quantidade_de_uhs_vigentes_em_janeiro_do_ano_de_referência,removida
snh_pmcmv_dados_prioritarios|af_bb|historico_recente,historico_recente_2024_10_snh_pmcmv_dados_prioritarios_af_bb,situação_do_empreendimento_em_janeiro_do_ano_de_referência,removida
snh_pmcmv_dados_prioritarios|af_bb|historico_recente,historico_recente_2024_10_snh_pmcmv_dados_prioritarios_af_bb,valor_desembolsado_do_ano_de_referência,removida
snh_pmcmv_dados_prioritarios|af_bb|historico_recente,historico_recente_202406_snh_pmcmv_dados_prioritarios_af_bb,observações,nova
snh_pmcmv_dados_prioritarios|af_bb|historico_recente,historico_recente_202406_snh_pmcmv_dados_prioritarios_af_bb,não_se_aplica,removida
snh_pmcmv_dados_prioritarios|af_bb|historico_recente,historico_recente_202406_snh_pmcmv_dados_prioritarios_af_bb,obra_não_iniciada,removida
snh_pmcmv_dados_prioritarios|af_bb|historico_recente,historico_recente_202411_snh_pmcmv_dados_prioritarios_af_bb,"data_de_
movimento",nova
snh_pmcmv_dados_prioritarios|af_bb|historico_recente,historico_recente_202411_snh_pmcmv_dados_prioritarios_af_bb,"detalhamento_da_situação_
do_empreendimento",nova
snh_pmcmv_dados_prioritarios|af_bb|historico_recente,historico_recente_202411_snh_pmcmv_dados_prioritarios_af_bb,"detalhamento_da_situação_do_empreendimento_
em_janeiro_do_ano",nova
snh_pmcmv_dados_prioritarios|af_bb|historico_recente,historico_recente_202411_snh_pmcmv_dados_prioritarios_af_bb,latitude_do_imóvel,nova
snh_pmcmv_dados_prioritarios|af_bb|historico_recente,historico_recente_202411_snh_pmcmv_dados_prioritarios_af_bb,longitude_do_imóvel,nova
snh_pmcmv_dados_prioritarios|af_bb|historico_recente,historico_recente_202411_snh_pmcmv_dados_prioritarios_af_bb,"nome_
empreendimento",nova
snh_pmcmv_dados_prioritarios|af_bb|historico_recente,historico_recente_202411_snh_pmcmv_dados_prioritarios_af_bb,"quantidade_de_uhs_contratadas_
do_ano_de_referência",nova
snh_pmcmv_dados_prioritarios|af_bb|historico_recente,historico_recente_202411_snh_pmcmv_dados_prioritarios_af_bb,"quantidade_de_uhs_contratadas_
em_janeiro_do_ano_de_referência",nova
snh_pmcmv_dados_prioritarios|af_bb|historico_recente,historico_recente_202411_snh_pmcmv_dados_prioritarios_af_bb,"quantidade_de_uhs_entregues_
do_ano_de_referência",nova
snh_pmcmv_dados_prioritarios|af_bb|historico_recente,historico_recente_202411_snh_pmcmv_dados_prioritarios_af_bb,"quantidade_de_uhs_entregues_
em_janeiro_do_ano_de_referência",nova
snh_pmcmv_dados_prioritarios|af_bb|historico_recente,historico_recente_202411_snh_pmcmv_dados_prioritarios_af_bb,"quantidade_de_uhs_vigentes_
do_ano_de_referência",nova
snh_pmcmv_dados_prioritarios|af_bb|historico_recente,historico_recente_202411_snh_pmcmv_dados_prioritarios_af_bb,"quantidade_de_uhs_vigentes_
em_janeiro_do_ano_de_referência",nova
snh_pmcmv_dados_prioritarios|af_bb|historico_recente,historico_recente_202411_snh_pmcmv_dados_prioritarios_af_bb,"situação_do_empreendimento_
em_janeiro_do_ano_de_referência",nova
snh_pmcmv_dados_prioritarios|af_bb|historico_recente,historico_recente_202411_snh_pmcmv_dados_prioritarios_af_bb,"uhs_
contratadas",nova
snh_pmcmv_dados_prioritarios|af_bb|historico_recente,historico_recente_202411_snh_pmcmv_dados_prioritarios_af_bb,"uhs_
entregues",nova
snh_pmcmv_dados_prioritarios|af_bb|historico_recente,historico_recente_202411_snh_pmcmv_dados_prioritarios_af_bb,"uhs_
vigentes",nova
snh_pmcmv_dados_prioritarios|af_bb|historico_recente,historico_recente_202411_snh_pmcmv_dados_prioritarios_af_bb,"unidades_habitacionais_
a_serem_entregues",nova
snh_pmcmv_dados_prioritarios|af_bb|historico_recente,historico_recente_202411_snh_pmcmv_dados_prioritarios_af_bb,"valor_
contratado",nova
snh_pmcmv_dados_prioritarios|af_bb|historico_recente,historico_recente_202411_snh_pmcmv_dados_prioritarios_af_bb,"valor_
desembolsado",nova
snh_pmcmv_dados_prioritarios|af_bb|historico_recente,historico_recente_202411_snh_pmcmv_dados_prioritarios_af_bb,"valor_aporte_
adicional",nova
snh_pmcmv_dados_prioritarios|af_bb|historico_recente,historico_recente_202411_snh_pmcmv_dados_prioritarios_af_bb,"valor_desembolsado_
do_ano_de_referência",nova
snh_pmcmv_dados_prioritarios|af_bb|historico_recente,historico_recente_202411_snh_pmcmv_dados_prioritarios_af_bb,data_de_movimento,removida
snh_pmcmv_dados_prioritarios|af_bb|historico_recente,historico_recente_202411_snh_pmcmv_dados_prioritarios_af_bb,detalhamento_da_situação_do_empreendimento,removida
snh_pmcmv_dados_prioritarios|af_bb|historico_recente,historico_recente_202411_snh_pmcmv_dados_prioritarios_af_bb,detalhamento_da_situação_do_empreendimento_em_janeiro_do_ano_,removida
snh_pmcmv_dados_prioritarios|af_bb|historico_recente,historico_recente_202411_snh_pmcmv_dados_prioritarios_af_bb,nome_empreendimento,removida
snh_pmcmv_dados_prioritarios|af_bb|historico_recente,historico_recente_202411_snh_pmcmv_dados_prioritarios_af_bb,quantidade_de_uhs_contratadas_do_ano_de_referência,removida
snh_pmcmv_dados_prioritarios|af_bb|historico_recente,historico_recente_202411_snh_pmcmv_dados_prioritarios_af_bb,quantidade_de_uhs_contratadas_em_janeiro_do_ano_de_referência,removida
snh_pmcmv_dados_prioritarios|af_bb|historico_recente,historico_recente_202411_snh_pmcmv_dados_prioritarios_af_bb,quantidade_de_uhs_entregues_do_ano_de_referência,removida
snh_pmcmv_dados_prioritarios|af_bb|historico_recente,historico_recente_202411_snh_pmcmv_dados_prioritarios_af_bb,quantidade_de_uhs_entregues_em_janeiro_do_ano_de_referência,removida
snh_pmcmv_dados_prioritarios|af_bb|historico_recente,historico_recente_202411_snh_pmcmv_dados_prioritarios_af_bb,quantidade_de_uhs_vigentes_do_ano_de_referência,removida
snh_pmcmv_dados_prioritarios|af_bb|historico_recente,historico_recente_202411_snh_pmcmv_dados_prioritarios_af_bb,quantidade_de_uhs_vigentes_em_janeiro_do_ano_de_referência,removida
snh_pmcmv_dados_prioritarios|af_bb|historico_recente,historico_recente_202411_snh_pmcmv_dados_prioritarios_af_bb,situação_do_empreendimento_em_janeiro_do_ano_de_referência,removida
snh_pmcmv_dados_prioritarios|af_bb|historico_recente,historico_recente_202411_snh_pmcmv_dados_prioritarios_af_bb,uhs_contratadas,removida
snh_pmcmv_dados_prioritarios|af_bb|historico_recente,historico_recente_202411_snh_pmcmv_dados_prioritarios_af_bb,uhs_entregues,removida
snh_pmcmv_dados_prioritarios|af_bb|historico_recente,historico_recente_202411_snh_pmcmv_dados_prioritarios_af_bb,uhs_vigentes,removida
snh_pmcmv_dados_prioritarios|af_bb|historico_recente,historico_recente_202411_snh_pmcmv_dados_prioritarios_af_bb,unidades_habitacionais_a_serem_entregues,removida
snh_pmcmv_dados_prioritarios|af_bb|historico_recente,historico_recente_202411_snh_pmcmv_dados_prioritarios_af_bb,valor_aporte_adicional,removida
snh_pmcmv_dados_prioritarios|af_bb|historico_recente,historico_recente_202411_snh_pmcmv_dados_prioritarios_af_bb,valor_contratado,removida
snh_pmcmv_dados_prioritarios|af_bb|historico_recente,historico_recente_202411_snh_pmcmv_dados_prioritarios_af_bb,valor_desembolsado,removida
snh_pmcmv_dados_prioritarios|af_bb|historico_recente,historico_recente_202411_snh_pmcmv_dados_prioritarios_af_bb,valor_desembolsado_do_ano_de_referência,removida
snh_pmcmv_dados_prioritarios|af_bb|historico_recente,historico_recente_202412_snh_pmcmv_dados_prioritarios_af_bb,"data_de_
movimento",nova
snh_pmcmv_dados_prioritarios|af_bb|historico_recente,historico_recente_202412_snh_pmcmv_dados_prioritarios_af_bb,"detalhamento_da_situação_
do_empreendimento",nova
snh_pmcmv_dados_prioritarios|af_bb|historico_recente,historico_recente_202412_snh_pmcmv_dados_prioritarios_af_bb,"detalhamento_da_situação_do_empreendimento_
em_janeiro_do_ano",nova
snh_pmcmv_dados_prioritarios|af_bb|historico_recente,historico_recente_202412_snh_pmcmv_dados_prioritarios_af_bb,latitude_do_imóvel,nova
snh_pmcmv_dados_prioritarios|af_bb|historico_recente,historico_recente_202412_snh_pmcmv_dados_prioritarios_af_bb,longitude_do_imóvel,nova
snh_pmcmv_dados_prioritarios|af_bb|historico_recente,historico_recente_202412_snh_pmcmv_dados_prioritarios_af_bb,"nome_
empreendimento",nova
snh_pmcmv_dados_prioritarios|af_bb|historico_recente,historico_recente_202412_snh_pmcmv_dados_prioritarios_af_bb,"quantidade_de_uhs_contratadas_
do_ano_de_referência",nova
snh_pmcmv_dados_prioritarios|af_bb|historico_recente,historico_recente_202412_snh_pmcmv_dados_prioritarios_af_bb,"quantidade_de_uhs_contratadas_
em_janeiro_do_ano_de_referência",nova
snh_pmcmv_dados_prioritarios|af_bb|historico_recente,historico_recente_202412_snh_pmcmv_dados_prioritarios_af_bb,"quantidade_de_uhs_distratadas_
do_ano_de_referência",nova
snh_pmcmv_dados_prioritarios|af_bb|historico_recente,historico_recente_202412_snh_pmcmv_dados_prioritarios_af_bb,"quantidade_de_uhs_distratadas_
em_janeiro_do_ano_de_referência",nova
snh_pmcmv_dados_prioritarios|af_bb|historico_recente,historico_recente_202412_snh_pmcmv_dados_prioritarios_af_bb,"quantidade_de_uhs_entregues_
do_ano_de_referência",nova
snh_pmcmv_dados_prioritarios|af_bb|historico_recente,historico_recente_202412_snh_pmcmv_dados_prioritarios_af_bb,"quantidade_de_uhs_entregues_
em_janeiro_do_ano_de_referência",nova
snh_pmcmv_dados_prioritarios|af_bb|historico_recente,historico_recente_202412_snh_pmcmv_dados_prioritarios_af_bb,"quantidade_de_uhs_vigentes_
do_ano_de_referência",nova
snh_pmcmv_dados_prioritarios|af_bb|historico_recente,historico_recente_202412_snh_pmcmv_dados_prioritarios_af_bb,"quantidade_de_uhs_vigentes_
em_janeiro_do_ano_de_referência",nova
snh_pmcmv_dados_prioritarios|af_bb|historico_recente,historico_recente_202412_snh_pmcmv_dados_prioritarios_af_bb,"situação_do_empreendimento_
em_janeiro_do_ano_de_referência",nova
snh_pmcmv_dados_prioritarios|af_bb|historico_recente,historico_recente_202412_snh_pmcmv_dados_prioritarios_af_bb,"uhs_
contratadas",nova
snh_pmcmv_dados_prioritarios|af_bb|historico_recente,historico_recente_202412_snh_pmcmv_dados_prioritarios_af_bb,"uhs_
entregues",nova
snh_pmcmv_dados_prioritarios|af_bb|historico_recente,historico_recente_202412_snh_pmcmv_dados_prioritarios_af_bb,"uhs_
vigentes",nova
snh_pmcmv_dados_prioritarios|af_bb|historico_recente,historico_recente_202412_snh_pmcmv_dados_prioritarios_af_bb,"unidades_habitacionais_
a_serem_entregues",nova
snh_pmcmv_dados_prioritarios|af_bb|historico_recente,historico_recente_202412_snh_pmcmv_dados_prioritarios_af_bb,"valor_
contratado",nova
snh_pmcmv_dados_prioritarios|af_bb|historico_recente,historico_recente_202412_snh_pmcmv_dados_prioritarios_af_bb,"valor_
desembolsado",nova
snh_pmcmv_dados_prioritarios|af_bb|historico_recente,historico_recente_202412_snh_pmcmv_dados_prioritarios_af_bb,"valor_aporte_
adicional",nova
snh_pmcmv_dados_prioritarios|af_bb|historico_recente,historico_recente_202412_snh_pmcmv_dados_prioritarios_af_bb,"valor_desembolsado_
do_ano_de_referência",nova
snh_pmcmv_dados_prioritarios|af_bb|historico_recente,historico_recente_202412_snh_pmcmv_dados_prioritarios_af_bb,data_de_movimento,removida
snh_pmcmv_dados_prioritarios|af_bb|historico_recente,historico_recente_202412_snh_pmcmv_dados_prioritarios_af_bb,detalhamento_da_situação_do_empreendimento,removida
snh_pmcmv_dados_prioritarios|af_bb|historico_recente,historico_recente_202412_snh_pmcmv_dados_prioritarios_af_bb,detalhamento_da_situação_do_empreendimento_em_janeiro_do_ano_,removida
snh_pmcmv_dados_prioritarios|af_bb|historico_recente,historico_recente_202412_snh_pmcmv_dados_prioritarios_af_bb,nome_empreendimento,removida
snh_pmcmv_dados_prioritarios|af_bb|historico_recente,historico_recente_202412_snh_pmcmv_dados_prioritarios_af_bb,quantidade_de_uhs_contratadas_do_ano_de_referência,removida
snh_pmcmv_dados_prioritarios|af_bb|historico_recente,historico_recente_202412_snh_pmcmv_dados_prioritarios_af_bb,quantidade_de_uhs_contratadas_em_janeiro_do_ano_de_referência,removida
snh_pmcmv_dados_prioritarios|af_bb|historico_recente,historico_recente_202412_snh_pmcmv_dados_prioritarios_af_bb,quantidade_de_uhs_distratadas_do_ano_de_referência,removida
snh_pmcmv_dados_prioritarios|af_bb|historico_recente,historico_recente_202412_snh_pmcmv_dados_prioritarios_af_bb,quantidade_de_uhs_distratadas_em_janeiro_do_ano_de_referência,removida
snh_pmcmv_dados_prioritarios|af_bb|historico_recente,historico_recente_202412_snh_pmcmv_dados_prioritarios_af_bb,quantidade_de_uhs_entregues_do_ano_de_referência,removida
snh_pmcmv_dados_prioritarios|af_bb|historico_recente,historico_recente_202412_snh_pmcmv_dados_prioritarios_af_bb,quantidade_de_uhs_entregues_em_janeiro_do_ano_de_referência,removida
snh_pmcmv_dados_prioritarios|af_bb|historico_recente,historico_recente_202412_snh_pmcmv_dados_prioritarios_af_bb,quantidade_de_uhs_vigentes_do_ano_de_referência,removida
snh_pmcmv_dados_prioritarios|af_bb|historico_recente,historico_recente_202412_snh_pmcmv_dados_prioritarios_af_bb,quantidade_de_uhs_vigentes_em_janeiro_do_ano_de_referência,removida
snh_pmcmv_dados_prioritarios|af_bb|historico_recente,historico_recente_202412_snh_pmcmv_dados_prioritarios_af_bb,situação_do_empreendimento_em_janeiro_do_ano_de_referência,removida
snh_pmcmv_dados_prioritarios|af_bb|historico_recente,historico_recente_202412_snh_pmcmv_dados_prioritarios_af_bb,uhs_contratadas,removida
snh_pmcmv_dados_prioritarios|af_bb|historico_recente,historico_recente_202412_snh_pmcmv_dados_prioritarios_af_bb,uhs_entregues,removida
snh_pmcmv_dados_prioritarios|af_bb|historico_recente,historico_recente_202412_snh_pmcmv_dados_prioritarios_af_bb,uhs_vigentes,removida
snh_pmcmv_dados_prioritarios|af_bb|historico_recente,historico_recente_202412_snh_pmcmv_dados_prioritarios_af_bb,unidades_habitacionais_a_serem_entregues,removida
snh_pmcmv_dados_prioritarios|af_bb|historico_recente,historico_recente_202412_snh_pmcmv_dados_prioritarios_af_bb,valor_aporte_adicional,removida
snh_pmcmv_dados_prioritarios|af_bb|historico_recente,historico_recente_202412_snh_pmcmv_dados_prioritarios_af_bb,valor_contratado,removida
snh_pmcmv_dados_prioritarios|af_bb|historico_recente,historico_recente_202412_snh_pmcmv_dados_prioritarios_af_bb,valor_desembolsado,removida
snh_pmcmv_dados_prioritarios|af_bb|historico_recente,historico_recente_202412_snh_pmcmv_dados_prioritarios_af_bb,valor_desembolsado_do_ano_de_referência,removida
snh_pmcmv_dados_prioritarios|af_bb|historico_recente,historico_recente_2025_01_snh_pmcmv_dados_prioritarios_af_bb,"data_de_
movimento",nova
snh_pmcmv_dados_prioritarios|af_bb|historico_recente,historico_recente_2025_01_snh_pmcmv_dados_prioritarios_af_bb,"detalhamento_da_situação_
do_empreendimento",nova
snh_pmcmv_dados_prioritarios|af_bb|historico_recente,historico_recente_2025_01_snh_pmcmv_dados_prioritarios_af_bb,"detalhamento_da_situação_do_empreendimento_
em_janeiro_do_ano",nova
snh_pmcmv_dados_prioritarios|af_bb|historico_recente,historico_recente_2025_01_snh_pmcmv_dados_prioritarios_af_bb,latitude_do_imóvel,nova
snh_pmcmv_dados_prioritarios|af_bb|historico_recente,historico_recente_2025_01_snh_pmcmv_dados_prioritarios_af_bb,longitude_do_imóvel,nova
snh_pmcmv_dados_prioritarios|af_bb|historico_recente,historico_recente_2025_01_snh_pmcmv_dados_prioritarios_af_bb,"nome_
empreendimento",nova
snh_pmcmv_dados_prioritarios|af_bb|historico_recente,historico_recente_2025_01_snh_pmcmv_dados_prioritarios_af_bb,"quantidade_de_uhs_contratadas_
do_ano_de_referência",nova
snh_pmcmv_dados_prioritarios|af_bb|historico_recente,historico_recente_2025_01_snh_pmcmv_dados_prioritarios_af_bb,"quantidade_de_uhs_contratadas_
em_janeiro_do_ano_de_referência",nova
snh_pmcmv_dados_prioritarios|af_bb|historico_recente,historico_recente_2025_01_snh_pmcmv_dados_prioritarios_af_bb,"quantidade_de_uhs_distratadas_
do_ano_de_referência",nova
snh_pmcmv_dados_prioritarios|af_bb|historico_recente,historico_recente_2025_01_snh_pmcmv_dados_prioritarios_af_bb,"quantidade_de_uhs_distratadas_
em_janeiro_do_ano_de_referência",nova
snh_pmcmv_dados_prioritarios|af_bb|historico_recente,historico_recente_2025_01_snh_pmcmv_dados_prioritarios_af_bb,"quantidade_de_uhs_entregues_
do_ano_de_referência",nova
snh_pmcmv_dados_prioritarios|af_bb|historico_recente,historico_recente_2025_01_snh_pmcmv_dados_prioritarios_af_bb,"quantidade_de_uhs_entregues_
em_janeiro_do_ano_de_referência",nova
snh_pmcmv_dados_prioritarios|af_bb|historico_recente,historico_recente_2025_01_snh_pmcmv_dados_prioritarios_af_bb,"quantidade_de_uhs_vigentes_
do_ano_de_referência",nova
snh_pmcmv_dados_prioritarios|af_bb|historico_recente,historico_recente_2025_01_snh_pmcmv_dados_prioritarios_af_bb,"quantidade_de_uhs_vigentes_
em_janeiro_do_ano_de_referência",nova
snh_pmcmv_dados_prioritarios|af_bb|historico_recente,historico_recente_2025_01_snh_pmcmv_dados_prioritarios_af_bb,"situação_do_empreendimento_
em_janeiro_do_ano_de_referência",nova
snh_pmcmv_dados_prioritarios|af_bb|historico_recente,historico_recente_2025_01_snh_pmcmv_dados_prioritarios_af_bb,"uhs_
contratadas",nova
snh_pmcmv_dados_prioritarios|af_bb|historico_recente,historico_recente_2025_01_snh_pmcmv_dados_prioritarios_af_bb,"uhs_
entregues",nova
snh_pmcmv_dados_prioritarios|af_bb|historico_recente,historico_recente_2025_01_snh_pmcmv_dados_prioritarios_af_bb,"uhs_
vigentes",nova
snh_pmcmv_dados_prioritarios|af_bb|historico_recente,historico_recente_2025_01_snh_pmcmv_dados_prioritarios_af_bb,"unidades_habitacionais_
a_serem_entregues",nova
snh_pmcmv_dados_prioritarios|af_bb|historico_recente,historico_recente_2025_01_snh_pmcmv_dados_prioritarios_af_bb,"valor_
contratado",nova
snh_pmcmv_dados_prioritarios|af_bb|historico_recente,historico_recente_2025_01_snh_pmcmv_dados_prioritarios_af_bb,"valor_
desembolsado",nova
snh_pmcmv_dados_prioritarios|af_bb|historico_recente,historico_recente_2025_01_snh_pmcmv_dados_prioritarios_af_bb,"valor_aporte_
adicional",nova
snh_pmcmv_dados_prioritarios|af_bb|historico_recente,historico_recente_2025_01_snh_pmcmv_dados_prioritarios_af_bb,"valor_desembolsado_
do_ano_de_referência",nova
snh_pmcmv_dados_prioritarios|af_bb|historico_recente,historico_recente_2025_01_snh_pmcmv_dados_prioritarios_af_bb,data_de_movimento,removida
snh_pmcmv_dados_prioritarios|af_bb|historico_recente,historico_recente_2025_01_snh_pmcmv_dados_prioritarios_af_bb,detalhamento_da_situação_do_empreendimento,removida
snh_pmcmv_dados_prioritarios|af_bb|historico_recente,historico_recente_2025_01_snh_pmcmv_dados_prioritarios_af_bb,detalhamento_da_situação_do_empreendimento_em_janeiro_do_ano_,removida
snh_pmcmv_dados_prioritarios|af_bb|historico_recente,historico_recente_2025_01_snh_pmcmv_dados_prioritarios_af_bb,nome_empreendimento,removida
snh_pmcmv_dados_prioritarios|af_bb|historico_recente,historico_recente_2025_01_snh_pmcmv_dados_prioritarios_af_bb,quantidade_de_uhs_contratadas_do_ano_de_referência,removida
snh_pmcmv_dados_prioritarios|af_bb|historico_recente,historico_recente_2025_01_snh_pmcmv_dados_prioritarios_af_bb,quantidade_de_uhs_contratadas_em_janeiro_do_ano_de_referência,removida
snh_pmcmv_dados_prioritarios|af_bb|historico_recente,historico_recente_2025_01_snh_pmcmv_dados_prioritarios_af_bb,quantidade_de_uhs_distratadas_do_ano_de_referência,removida
snh_pmcmv_dados_prioritarios|af_bb|historico_recente,historico_recente_2025_01_snh_pmcmv_dados_prioritarios_af_bb,quantidade_de_uhs_distratadas_em_janeiro_do_ano_de_referência,removida
snh_pmcmv_dados_prioritarios|af_bb|historico_recente,historico_recente_2025_01_snh_pmcmv_dados_prioritarios_af_bb,quantidade_de_uhs_entregues_do_ano_de_referência,removida
snh_pmcmv_dados_prioritarios|af_bb|historico_recente,historico_recente_2025_01_snh_pmcmv_dados_prioritarios_af_bb,quantidade_de_uhs_entregues_em_janeiro_do_ano_de_referência,removida
snh_pmcmv_dados_prioritarios|af_bb|historico_recente,historico_recente_2025_01_snh_pmcmv_dados_prioritarios_af_bb,quantidade_de_uhs_vigentes_do_ano_de_referência,removida
snh_pmcmv_dados_prioritarios|af_bb|historico_recente,historico_recente_2025_01_snh_pmcmv_dados_prioritarios_af_bb,quantidade_de_uhs_vigentes_em_janeiro_do_ano_de_referência,removida
snh_pmcmv_dados_prioritarios|af_bb|historico_recente,historico_recente_2025_01_snh_pmcmv_dados_prioritarios_af_bb,situação_do_empreendimento_em_janeiro_do_ano_de_referência,removida
snh_pmcmv_dados_prioritarios|af_bb|historico_recente,historico_recente_2025_01_snh_pmcmv_dados_prioritarios_af_bb,uhs_contratadas,removida
snh_pmcmv_dados_prioritarios|af_bb|historico_recente,historico_recente_2025_01_snh_pmcmv_dados_prioritarios_af_bb,uhs_entregues,removida
snh_pmcmv_dados_prioritarios|af_bb|historico_recente,historico_recente_2025_01_snh_pmcmv_dados_prioritarios_af_bb,uhs_vigentes,removida
snh_pmcmv_dados_prioritarios|af_bb|historico_recente,historico_recente_2025_01_snh_pmcmv_dados_prioritarios_af_bb,unidades_habitacionais_a_serem_entregues,removida
snh_pmcmv_dados_prioritarios|af_bb|historico_recente,historico_recente_2025_01_snh_pmcmv_dados_prioritarios_af_bb,valor_aporte_adicional,removida
snh_pmcmv_dados_prioritarios|af_bb|historico_recente,historico_recente_2025_01_snh_pmcmv_dados_prioritarios_af_bb,valor_contratado,removida
snh_pmcmv_dados_prioritarios|af_bb|historico_recente,historico_recente_2025_01_snh_pmcmv_dados_prioritarios_af_bb,valor_desembolsado,removida
snh_pmcmv_dados_prioritarios|af_bb|historico_recente,historico_recente_2025_01_snh_pmcmv_dados_prioritarios_af_bb,valor_desembolsado_do_ano_de_referência,removida
snh_pmcmv_dados_prioritarios|af_bb|historico_recente,historico_recente_2025_02_snh_pmcmv_dados_prioritarios_af_bb,"data_de_
movimento",nova
snh_pmcmv_dados_prioritarios|af_bb|historico_recente,historico_recente_2025_02_snh_pmcmv_dados_prioritarios_af_bb,"detalhamento_da_situação_
do_empreendimento",nova
snh_pmcmv_dados_prioritarios|af_bb|historico_recente,historico_recente_2025_02_snh_pmcmv_dados_prioritarios_af_bb,"detalhamento_da_situação_do_empreendimento_
em_janeiro_do_ano",nova
snh_pmcmv_dados_prioritarios|af_bb|historico_recente,historico_recente_2025_02_snh_pmcmv_dados_prioritarios_af_bb,latitude_do_imóvel,nova
snh_pmcmv_dados_prioritarios|af_bb|historico_recente,historico_recente_2025_02_snh_pmcmv_dados_prioritarios_af_bb,longitude_do_imóvel,nova
snh_pmcmv_dados_prioritarios|af_bb|historico_recente,historico_recente_2025_02_snh_pmcmv_dados_prioritarios_af_bb,"nome_
empreendimento",nova
snh_pmcmv_dados_prioritarios|af_bb|historico_recente,historico_recente_2025_02_snh_pmcmv_dados_prioritarios_af_bb,"quantidade_de_uhs_contratadas_
do_ano_de_referência",nova
snh_pmcmv_dados_prioritarios|af_bb|historico_recente,historico_recente_2025_02_snh_pmcmv_dados_prioritarios_af_bb,"quantidade_de_uhs_contratadas_
em_janeiro_do_ano_de_referência",nova
snh_pmcmv_dados_prioritarios|af_bb|historico_recente,historico_recente_2025_02_snh_pmcmv_dados_prioritarios_af_bb,"quantidade_de_uhs_distratadas_
do_ano_de_referência",nova
snh_pmcmv_dados_prioritarios|af_bb|historico_recente,historico_recente_2025_02_snh_pmcmv_dados_prioritarios_af_bb,"quantidade_de_uhs_distratadas_
em_janeiro_do_ano_de_referência",nova
snh_pmcmv_dados_prioritarios|af_bb|historico_recente,historico_recente_2025_02_snh_pmcmv_dados_prioritarios_af_bb,"quantidade_de_uhs_entregues_
do_ano_de_referência",nova
snh_pmcmv_dados_prioritarios|af_bb|historico_recente,historico_recente_2025_02_snh_pmcmv_dados_prioritarios_af_bb,"quantidade_de_uhs_entregues_
em_janeiro_do_ano_de_referência",nova
snh_pmcmv_dados_prioritarios|af_bb|historico_recente,historico_recente_2025_02_snh_pmcmv_dados_prioritarios_af_bb,"quantidade_de_uhs_vigentes_
do_ano_de_referência",nova
snh_pmcmv_dados_prioritarios|af_bb|historico_recente,historico_recente_2025_02_snh_pmcmv_dados_prioritarios_af_bb,"quantidade_de_uhs_vigentes_
em_janeiro_do_ano_de_referência",nova
snh_pmcmv_dados_prioritarios|af_bb|historico_recente,historico_recente_2025_02_snh_pmcmv_dados_prioritarios_af_bb,"situação_do_empreendimento_
em_janeiro_do_ano_de_referência",nova
snh_pmcmv_dados_prioritarios|af_bb|historico_recente,historico_recente_2025_02_snh_pmcmv_dados_prioritarios_af_bb,"uhs_
contratadas",nova
snh_pmcmv_dados_prioritarios|af_bb|historico_recente,historico_recente_2025_02_snh_pmcmv_dados_prioritarios_af_bb,"uhs_
entregues",nova
snh_pmcmv_dados_prioritarios|af_bb|historico_recente,historico_recente_2025_02_snh_pmcmv_dados_prioritarios_af_bb,"uhs_
vigentes",nova
snh_pmcmv_dados_prioritarios|af_bb|historico_recente,historico_recente_2025_02_snh_pmcmv_dados_prioritarios_af_bb,"unidades_habitacionais_
a_serem_entregues",nova
snh_pmcmv_dados_prioritarios|af_bb|historico_recente,historico_recente_2025_02_snh_pmcmv_dados_prioritarios_af_bb,"valor_
contratado",nova
snh_pmcmv_dados_prioritarios|af_bb|historico_recente,historico_recente_2025_02_snh_pmcmv_dados_prioritarios_af_bb,"valor_
desembolsado",nova
snh_pmcmv_dados_prioritarios|af_bb|historico_recente,historico_recente_2025_02_snh_pmcmv_dados_prioritarios_af_bb,"valor_aporte_
adicional",nova
snh_pmcmv_dados_prioritarios|af_bb|historico_recente,historico_recente_2025_02_snh_pmcmv_dados_prioritarios_af_bb,"valor_desembolsado_
do_ano_de_referência",nova
snh_pmcmv_dados_prioritarios|af_bb|historico_recente,historico_recente_2025_02_snh_pmcmv_dados_prioritarios_af_bb,data_de_movimento,removida
snh_pmcmv_dados_prioritarios|af_bb|historico_recente,historico_recente_2025_02_snh_pmcmv_dados_prioritarios_af_bb,detalhamento_da_situação_do_empreendimento,removida
snh_pmcmv_dados_prioritarios|af_bb|historico_recente,historico_recente_2025_02_snh_pmcmv_dados_prioritarios_af_bb,detalhamento_da_situação_do_empreendimento_em_janeiro_do_ano_,removida
snh_pmcmv_dados_prioritarios|af_bb|historico_recente,historico_recente_2025_02_snh_pmcmv_dados_prioritarios_af_bb,nome_empreendimento,removida
snh_pmcmv_dados_prioritarios|af_bb|historico_recente,historico_recente_2025_02_snh_pmcmv_dados_prioritarios_af_bb,quantidade_de_uhs_contratadas_do_ano_de_referência,removida
snh_pmcmv_dados_prioritarios|af_bb|historico_recente,historico_recente_2025_02_snh_pmcmv_dados_prioritarios_af_bb,quantidade_de_uhs_contratadas_em_janeiro_do_ano_de_referência,removida
snh_pmcmv_dados_prioritarios|af_bb|historico_recente,historico_recente_2025_02_snh_pmcmv_dados_prioritarios_af_bb,quantidade_de_uhs_distratadas_do_ano_de_referência,removida
snh_pmcmv_dados_prioritarios|af_bb|historico_recente,historico_recente_2025_02_snh_pmcmv_dados_prioritarios_af_bb,quantidade_de_uhs_distratadas_em_janeiro_do_ano_de_referência,removida
snh_pmcmv_dados_prioritarios|af_bb|historico_recente,historico_recente_2025_02_snh_pmcmv_dados_prioritarios_af_bb,quantidade_de_uhs_entregues_do_ano_de_referência,removida
snh_pmcmv_dados_prioritarios|af_bb|historico_recente,historico_recente_2025_02_snh_pmcmv_dados_prioritarios_af_bb,quantidade_de_uhs_entregues_em_janeiro_do_ano_de_referência,removida
snh_pmcmv_dados_prioritarios|af_bb|historico_recente,historico_recente_2025_02_snh_pmcmv_dados_prioritarios_af_bb,quantidade_de_uhs_vigentes_do_ano_de_referência,removida
snh_pmcmv_dados_prioritarios|af_bb|historico_recente,historico_recente_2025_02_snh_pmcmv_dados_prioritarios_af_bb,quantidade_de_uhs_vigentes_em_janeiro_do_ano_de_referência,removida
snh_pmcmv_dados_prioritarios|af_bb|historico_recente,historico_recente_2025_02_snh_pmcmv_dados_prioritarios_af_bb,situação_do_empreendimento_em_janeiro_do_ano_de_referência,removida
snh_pmcmv_dados_prioritarios|af_bb|historico_recente,historico_recente_2025_02_snh_pmcmv_dados_prioritarios_af_bb,uhs_contratadas,removida
snh_pmcmv_dados_prioritarios|af_bb|historico_recente,historico_recente_2025_02_snh_pmcmv_dados_prioritarios_af_bb,uhs_entregues,removida
snh_pmcmv_dados_prioritarios|af_bb|historico_recente,historico_recente_2025_02_snh_pmcmv_dados_prioritarios_af_bb,uhs_vigentes,removida
snh_pmcmv_dados_prioritarios|af_bb|historico_recente,historico_recente_2025_02_snh_pmcmv_dados_prioritarios_af_bb,unidades_habitacionais_a_serem_entregues,removida
snh_pmcmv_dados_prioritarios|af_bb|historico_recente,historico_recente_2025_02_snh_pmcmv_dados_prioritarios_af_bb,valor_aporte_adicional,removida
snh_pmcmv_dados_prioritarios|af_bb|historico_recente,historico_recente_2025_02_snh_pmcmv_dados_prioritarios_af_bb,valor_contratado,removida
snh_pmcmv_dados_prioritarios|af_bb|historico_recente,historico_recente_2025_02_snh_pmcmv_dados_prioritarios_af_bb,valor_desembolsado,removida
snh_pmcmv_dados_prioritarios|af_bb|historico_recente,historico_recente_2025_02_snh_pmcmv_dados_prioritarios_af_bb,valor_desembolsado_do_ano_de_referência,removida
snh_pmcmv_dados_prioritarios|af_bb|historico_recente,historico_recente_202503_snh_pmcmv_dados_prioritarios_af_bb,agente_financeiro,nova
snh_pmcmv_dados_prioritarios|af_bb|historico_recente,historico_recente_202503_snh_pmcmv_dados_prioritarios_af_bb,bairro_do_imóvel,nova
snh_pmcmv_dados_prioritarios|af_bb|historico_recente,historico_recente_202503_snh_pmcmv_dados_prioritarios_af_bb,cep_do_imóvel,nova
snh_pmcmv_dados_prioritarios|af_bb|historico_recente,historico_recente_202503_snh_pmcmv_dados_prioritarios_af_bb,complemento_do_endereço_do_imóvel,nova
snh_pmcmv_dados_prioritarios|af_bb|historico_recente,historico_recente_202503_snh_pmcmv_dados_prioritarios_af_bb,código_ibge_do_município,nova
snh_pmcmv_dados_prioritarios|af_bb|historico_recente,historico_recente_202503_snh_pmcmv_dados_prioritarios_af_bb,data_de_contratação,nova
snh_pmcmv_dados_prioritarios|af_bb|historico_recente,historico_recente_202503_snh_pmcmv_dados_prioritarios_af_bb,latitude_do_imóvel,nova
snh_pmcmv_dados_prioritarios|af_bb|historico_recente,historico_recente_202503_snh_pmcmv_dados_prioritarios_af_bb,logradouro_do_imóvel,nova
snh_pmcmv_dados_prioritarios|af_bb|historico_recente,historico_recente_202503_snh_pmcmv_dados_prioritarios_af_bb,longitude_do_imóvel,nova
snh_pmcmv_dados_prioritarios|af_bb|historico_recente,historico_recente_202503_snh_pmcmv_dados_prioritarios_af_bb,número_do_imóvel,nova
snh_pmcmv_dados_prioritarios|af_bb|historico_recente,historico_recente_202503_snh_pmcmv_dados_prioritarios_af_bb,observações,nova
snh_pmcmv_dados_prioritarios|af_bb|historico_recente,historico_recente_202503_snh_pmcmv_dados_prioritarios_af_bb,situação_do_empreendimento,nova
snh_pmcmv_dados_prioritarios|af_bb|historico_recente,historico_recente_202503_snh_pmcmv_dados_prioritarios_af_bb,uh_contratadas,nova
snh_pmcmv_dados_prioritarios|af_bb|historico_recente,historico_recente_202503_snh_pmcmv_dados_prioritarios_af_bb,uh_entregues,nova
snh_pmcmv_dados_prioritarios|af_bb|historico_recente,historico_recente_202503_snh_pmcmv_dados_prioritarios_af_bb,uh_vigentes,nova
snh_pmcmv_dados_prioritarios|af_bb|historico_recente,historico_recente_202503_snh_pmcmv_dados_prioritarios_af_bb,"agente_
financeiro",removida
snh_pmcmv_dados_prioritarios|af_bb|historico_recente,historico_recente_202503_snh_pmcmv_dados_prioritarios_af_bb,"código_ibge_
do_município",removida
snh_pmcmv_dados_prioritarios|af_bb|historico_recente,historico_recente_202503_snh_pmcmv_dados_prioritarios_af_bb,"data_de_
contratação",removida
snh_pmcmv_dados_prioritarios|af_bb|historico_recente,historico_recente_202503_snh_pmcmv_dados_prioritarios_af_bb,não_se_aplica,removida
snh_pmcmv_dados_prioritarios|af_bb|historico_recente,historico_recente_202503_snh_pmcmv_dados_prioritarios_af_bb,obra_não_iniciada,removida
snh_pmcmv_dados_prioritarios|af_bb|historico_recente,historico_recente_202503_snh_pmcmv_dados_prioritarios_af_bb,"situação_do_
empreendimento",removida
snh_pmcmv_dados_prioritarios|af_bb|historico_recente,historico_recente_202503_snh_pmcmv_dados_prioritarios_af_bb,uhs_contratadas,removida
snh_pmcmv_dados_prioritarios|af_bb|historico_recente,historico_recente_202503_snh_pmcmv_dados_prioritarios_af_bb,uhs_entregues,removida
snh_pmcmv_dados_prioritarios|af_bb|historico_recente,historico_recente_202503_snh_pmcmv_dados_prioritarios_af_bb,uhs_vigentes,removida
snh_pmcmv_dados_prioritarios|af_bb|historico_recente,historico_recente_202504_snh_pmcmv_dados_prioritarios_af_bb,agente_financeiro,nova
snh_pmcmv_dados_prioritarios|af_bb|historico_recente,historico_recente_202504_snh_pmcmv_dados_prioritarios_af_bb,bairro_do_imóvel,nova
snh_pmcmv_dados_prioritarios|af_bb|historico_recente,historico_recente_202504_snh_pmcmv_dados_prioritarios_af_bb,cep_do_imóvel,nova
snh_pmcmv_dados_prioritarios|af_bb|historico_recente,historico_recente_202504_snh_pmcmv_dados_prioritarios_af_bb,complemento_do_endereço_do_imóvel,nova
snh_pmcmv_dados_prioritarios|af_bb|historico_recente,historico_recente_202504_snh_pmcmv_dados_prioritarios_af_bb,código_ibge_do_município,nova
snh_pmcmv_dados_prioritarios|af_bb|historico_recente,historico_recente_202504_snh_pmcmv_dados_prioritarios_af_bb,data_de_contratação,nova
snh_pmcmv_dados_prioritarios|af_bb|historico_recente,historico_recente_202504_snh_pmcmv_dados_prioritarios_af_bb,latitude_do_imóvel,nova
snh_pmcmv_dados_prioritarios|af_bb|historico_recente,historico_recente_202504_snh_pmcmv_dados_prioritarios_af_bb,logradouro_do_imóvel,nova
snh_pmcmv_dados_prioritarios|af_bb|historico_recente,historico_recente_202504_snh_pmcmv_dados_prioritarios_af_bb,longitude_do_imóvel,nova
snh_pmcmv_dados_prioritarios|af_bb|historico_recente,historico_recente_202504_snh_pmcmv_dados_prioritarios_af_bb,número_do_imóvel,nova
snh_pmcmv_dados_prioritarios|af_bb|historico_recente,historico_recente_202504_snh_pmcmv_dados_prioritarios_af_bb,observações,nova
snh_pmcmv_dados_prioritarios|af_bb|historico_recente,historico_recente_202504_snh_pmcmv_dados_prioritarios_af_bb,situação_do_empreendimento,nova
snh_pmcmv_dados_prioritarios|af_bb|historico_recente,historico_recente_202504_snh_pmcmv_dados_prioritarios_af_bb,uh_contratadas,nova
snh_pmcmv_dados_prioritarios|af_bb|historico_recente,historico_recente_202504_snh_pmcmv_dados_prioritarios_af_bb,uh_entregues,nova
snh_pmcmv_dados_prioritarios|af_bb|historico_recente,historico_recente_202504_snh_pmcmv_dados_prioritarios_af_bb,uh_vigentes,nova
snh_pmcmv_dados_prioritarios|af_bb|historico_recente,historico_recente_202504_snh_pmcmv_dados_prioritarios_af_bb,"agente_
financeiro",removida
snh_pmcmv_dados_prioritarios|af_bb|historico_recente,historico_recente_202504_snh_pmcmv_dados_prioritarios_af_bb,"código_ibge_
do_município",removida
snh_pmcmv_dados_prioritarios|af_bb|historico_recente,historico_recente_202504_snh_pmcmv_dados_prioritarios_af_bb,"data_de_
contratação",removida
snh_pmcmv_dados_prioritarios|af_bb|historico_recente,historico_recente_202504_snh_pmcmv_dados_prioritarios_af_bb,não_se_aplica,removida
snh_pmcmv_dados_prioritarios|af_bb|historico_recente,historico_recente_202504_snh_pmcmv_dados_prioritarios_af_bb,obra_não_iniciada,removida
snh_pmcmv_dados_prioritarios|af_bb|historico_recente,historico_recente_202504_snh_pmcmv_dados_prioritarios_af_bb,"situação_do_
empreendimento",removida
snh_pmcmv_dados_prioritarios|af_bb|historico_recente,historico_recente_202504_snh_pmcmv_dados_prioritarios_af_bb,uhs_contratadas,removida
snh_pmcmv_dados_prioritarios|af_bb|historico_recente,historico_recente_202504_snh_pmcmv_dados_prioritarios_af_bb,uhs_entregues,removida
snh_pmcmv_dados_prioritarios|af_bb|historico_recente,historico_recente_202504_snh_pmcmv_dados_prioritarios_af_bb,uhs_vigentes,removida
snh_pmcmv_dados_prioritarios|af_bb|historico_recente,historico_recente_202505_snh_pmcmv_dados_prioritarios_af_bb,agente_financeiro,nova
snh_pmcmv_dados_prioritarios|af_bb|historico_recente,historico_recente_202505_snh_pmcmv_dados_prioritarios_af_bb,bairro_do_imóvel,nova
snh_pmcmv_dados_prioritarios|af_bb|historico_recente,historico_recente_202505_snh_pmcmv_dados_prioritarios_af_bb,cep_do_imóvel,nova
snh_pmcmv_dados_prioritarios|af_bb|historico_recente,historico_recente_202505_snh_pmcmv_dados_prioritarios_af_bb,complemento_do_endereço_do_imóvel,nova
snh_pmcmv_dados_prioritarios|af_bb|historico_recente,historico_recente_202505_snh_pmcmv_dados_prioritarios_af_bb,código_ibge_do_município,nova
snh_pmcmv_dados_prioritarios|af_bb|historico_recente,historico_recente_202505_snh_pmcmv_dados_prioritarios_af_bb,data_de_contratação,nova
snh_pmcmv_dados_prioritarios|af_bb|historico_recente,historico_recente_202505_snh_pmcmv_dados_prioritarios_af_bb,latitude_do_imóvel,nova
snh_pmcmv_dados_prioritarios|af_bb|historico_recente,historico_recente_202505_snh_pmcmv_dados_prioritarios_af_bb,logradouro_do_imóvel,nova
snh_pmcmv_dados_prioritarios|af_bb|historico_recente,historico_recente_202505_snh_pmcmv_dados_prioritarios_af_bb,longitude_do_imóvel,nova
snh_pmcmv_dados_prioritarios|af_bb|historico_recente,historico_recente_202505_snh_pmcmv_dados_prioritarios_af_bb,número_do_imóvel,nova
snh_pmcmv_dados_prioritarios|af_bb|historico_recente,historico_recente_202505_snh_pmcmv_dados_prioritarios_af_bb,observações,nova
snh_pmcmv_dados_prioritarios|af_bb|historico_recente,historico_recente_202505_snh_pmcmv_dados_prioritarios_af_bb,situação_do_empreendimento,nova
snh_pmcmv_dados_prioritarios|af_bb|historico_recente,historico_recente_202505_snh_pmcmv_dados_prioritarios_af_bb,uh_contratadas,nova
snh_pmcmv_dados_prioritarios|af_bb|historico_recente,historico_recente_202505_snh_pmcmv_dados_prioritarios_af_bb,uh_entregues,nova
snh_pmcmv_dados_prioritarios|af_bb|historico_recente,historico_recente_202505_snh_pmcmv_dados_prioritarios_af_bb,uh_vigentes,nova
snh_pmcmv_dados_prioritarios|af_bb|historico_recente,historico_recente_202505_snh_pmcmv_dados_prioritarios_af_bb,"agente_
financeiro",removida
snh_pmcmv_dados_prioritarios|af_bb|historico_recente,historico_recente_202505_snh_pmcmv_dados_prioritarios_af_bb,"código_ibge_
do_município",removida
snh_pmcmv_dados_prioritarios|af_bb|historico_recente,historico_recente_202505_snh_pmcmv_dados_prioritarios_af_bb,"data_de_
contratação",removida
snh_pmcmv_dados_prioritarios|af_bb|historico_recente,historico_recente_202505_snh_pmcmv_dados_prioritarios_af_bb,não_se_aplica,removida
snh_pmcmv_dados_prioritarios|af_bb|historico_recente,historico_recente_202505_snh_pmcmv_dados_prioritarios_af_bb,obra_não_iniciada,removida
snh_pmcmv_dados_prioritarios|af_bb|historico_recente,historico_recente_202505_snh_pmcmv_dados_prioritarios_af_bb,"situação_do_
empreendimento",removida
snh_pmcmv_dados_prioritarios|af_bb|historico_recente,historico_recente_202505_snh_pmcmv_dados_prioritarios_af_bb,uhs_contratadas,removida
snh_pmcmv_dados_prioritarios|af_bb|historico_recente,historico_recente_202505_snh_pmcmv_dados_prioritarios_af_bb,uhs_entregues,removida
snh_pmcmv_dados_prioritarios|af_bb|historico_recente,historico_recente_202505_snh_pmcmv_dados_prioritarios_af_bb,uhs_vigentes,removida
snh_pmcmv_dados_prioritarios|af_bb|historico_recente,historico_recente_202506_snh_pmcmv_dados_prioritarios_af_bb,agente_financeiro,nova
snh_pmcmv_dados_prioritarios|af_bb|historico_recente,historico_recente_202506_snh_pmcmv_dados_prioritarios_af_bb,bairro_do_imóvel,nova
snh_pmcmv_dados_prioritarios|af_bb|historico_recente,historico_recente_202506_snh_pmcmv_dados_prioritarios_af_bb,cep_do_imóvel,nova
snh_pmcmv_dados_prioritarios|af_bb|historico_recente,historico_recente_202506_snh_pmcmv_dados_prioritarios_af_bb,complemento_do_endereço_do_imóvel,nova
snh_pmcmv_dados_prioritarios|af_bb|historico_recente,historico_recente_202506_snh_pmcmv_dados_prioritarios_af_bb,código_ibge_do_município,nova
snh_pmcmv_dados_prioritarios|af_bb|historico_recente,historico_recente_202506_snh_pmcmv_dados_prioritarios_af_bb,data_de_contratação,nova
snh_pmcmv_dados_prioritarios|af_bb|historico_recente,historico_recente_202506_snh_pmcmv_dados_prioritarios_af_bb,latitude_do_imóvel,nova
snh_pmcmv_dados_prioritarios|af_bb|historico_recente,historico_recente_202506_snh_pmcmv_dados_prioritarios_af_bb,logradouro_do_imóvel,nova
snh_pmcmv_dados_prioritarios|af_bb|historico_recente,historico_recente_202506_snh_pmcmv_dados_prioritarios_af_bb,longitude_do_imóvel,nova
snh_pmcmv_dados_prioritarios|af_bb|historico_recente,historico_recente_202506_snh_pmcmv_dados_prioritarios_af_bb,número_do_imóvel,nova
snh_pmcmv_dados_prioritarios|af_bb|historico_recente,historico_recente_202506_snh_pmcmv_dados_prioritarios_af_bb,observações,nova
snh_pmcmv_dados_prioritarios|af_bb|historico_recente,historico_recente_202506_snh_pmcmv_dados_prioritarios_af_bb,situação_do_empreendimento,nova
snh_pmcmv_dados_prioritarios|af_bb|historico_recente,historico_recente_202506_snh_pmcmv_dados_prioritarios_af_bb,uh_contratadas,nova
snh_pmcmv_dados_prioritarios|af_bb|historico_recente,historico_recente_202506_snh_pmcmv_dados_prioritarios_af_bb,uh_entregues,nova
snh_pmcmv_dados_prioritarios|af_bb|historico_recente,historico_recente_202506_snh_pmcmv_dados_prioritarios_af_bb,uh_vigentes,nova
snh_pmcmv_dados_prioritarios|af_bb|historico_recente,historico_recente_202506_snh_pmcmv_dados_prioritarios_af_bb,"agente_
financeiro",removida
snh_pmcmv_dados_prioritarios|af_bb|historico_recente,historico_recente_202506_snh_pmcmv_dados_prioritarios_af_bb,"código_ibge_
do_município",removida
snh_pmcmv_dados_prioritarios|af_bb|historico_recente,historico_recente_202506_snh_pmcmv_dados_prioritarios_af_bb,"data_de_
contratação",removida
snh_pmcmv_dados_prioritarios|af_bb|historico_recente,historico_recente_202506_snh_pmcmv_dados_prioritarios_af_bb,não_se_aplica,removida
snh_pmcmv_dados_prioritarios|af_bb|historico_recente,historico_recente_202506_snh_pmcmv_dados_prioritarios_af_bb,obra_não_iniciada,removida
snh_pmcmv_dados_prioritarios|af_bb|historico_recente,historico_recente_202506_snh_pmcmv_dados_prioritarios_af_bb,"situação_do_
empreendimento",removida
snh_pmcmv_dados_prioritarios|af_bb|historico_recente,historico_recente_202506_snh_pmcmv_dados_prioritarios_af_bb,uhs_contratadas,removida
snh_pmcmv_dados_prioritarios|af_bb|historico_recente,historico_recente_202506_snh_pmcmv_dados_prioritarios_af_bb,uhs_entregues,removida
snh_pmcmv_dados_prioritarios|af_bb|historico_recente,historico_recente_202506_snh_pmcmv_dados_prioritarios_af_bb,uhs_vigentes,removida
snh_pmcmv_dados_prioritarios|af_bb|historico_recente,historico_recente_202507_snh_pmcmv_dados_prioritarios_af_bb,agente_financeiro,nova
snh_pmcmv_dados_prioritarios|af_bb|historico_recente,historico_recente_202507_snh_pmcmv_dados_prioritarios_af_bb,bairro_do_imóvel,nova
snh_pmcmv_dados_prioritarios|af_bb|historico_recente,historico_recente_202507_snh_pmcmv_dados_prioritarios_af_bb,cep_do_imóvel,nova
snh_pmcmv_dados_prioritarios|af_bb|historico_recente,historico_recente_202507_snh_pmcmv_dados_prioritarios_af_bb,complemento_do_endereço_do_imóvel,nova
snh_pmcmv_dados_prioritarios|af_bb|historico_recente,historico_recente_202507_snh_pmcmv_dados_prioritarios_af_bb,código_ibge_do_município,nova
snh_pmcmv_dados_prioritarios|af_bb|historico_recente,historico_recente_202507_snh_pmcmv_dados_prioritarios_af_bb,data_de_contratação,nova
snh_pmcmv_dados_prioritarios|af_bb|historico_recente,historico_recente_202507_snh_pmcmv_dados_prioritarios_af_bb,latitude_do_imóvel,nova
snh_pmcmv_dados_prioritarios|af_bb|historico_recente,historico_recente_202507_snh_pmcmv_dados_prioritarios_af_bb,logradouro_do_imóvel,nova
snh_pmcmv_dados_prioritarios|af_bb|historico_recente,historico_recente_202507_snh_pmcmv_dados_prioritarios_af_bb,longitude_do_imóvel,nova
snh_pmcmv_dados_prioritarios|af_bb|historico_recente,historico_recente_202507_snh_pmcmv_dados_prioritarios_af_bb,número_do_imóvel,nova
snh_pmcmv_dados_prioritarios|af_bb|historico_recente,historico_recente_202507_snh_pmcmv_dados_prioritarios_af_bb,observações,nova
snh_pmcmv_dados_prioritarios|af_bb|historico_recente,historico_recente_202507_snh_pmcmv_dados_prioritarios_af_bb,situação_do_empreendimento,nova
snh_pmcmv_dados_prioritarios|af_bb|historico_recente,historico_recente_202507_snh_pmcmv_dados_prioritarios_af_bb,uh_contratadas,nova
snh_pmcmv_dados_prioritarios|af_bb|historico_recente,historico_recente_202507_snh_pmcmv_dados_prioritarios_af_bb,uh_entregues,nova
snh_pmcmv_dados_prioritarios|af_bb|historico_recente,historico_recente_202507_snh_pmcmv_dados_prioritarios_af_bb,uh_vigentes,nova
snh_pmcmv_dados_prioritarios|af_bb|historico_recente,historico_recente_202507_snh_pmcmv_dados_prioritarios_af_bb,"agente_
financeiro",removida
snh_pmcmv_dados_prioritarios|af_bb|historico_recente,historico_recente_202507_snh_pmcmv_dados_prioritarios_af_bb,"código_ibge_
do_município",removida
snh_pmcmv_dados_prioritarios|af_bb|historico_recente,historico_recente_202507_snh_pmcmv_dados_prioritarios_af_bb,"data_de_
contratação",removida
snh_pmcmv_dados_prioritarios|af_bb|historico_recente,historico_recente_202507_snh_pmcmv_dados_prioritarios_af_bb,não_se_aplica,removida
snh_pmcmv_dados_prioritarios|af_bb|historico_recente,historico_recente_202507_snh_pmcmv_dados_prioritarios_af_bb,obra_não_iniciada,removida
snh_pmcmv_dados_prioritarios|af_bb|historico_recente,historico_recente_202507_snh_pmcmv_dados_prioritarios_af_bb,"situação_do_
empreendimento",removida
snh_pmcmv_dados_prioritarios|af_bb|historico_recente,historico_recente_202507_snh_pmcmv_dados_prioritarios_af_bb,uhs_contratadas,removida
snh_pmcmv_dados_prioritarios|af_bb|historico_recente,historico_recente_202507_snh_pmcmv_dados_prioritarios_af_bb,uhs_entregues,removida
snh_pmcmv_dados_prioritarios|af_bb|historico_recente,historico_recente_202507_snh_pmcmv_dados_prioritarios_af_bb,uhs_vigentes,removida
snh_pmcmv_dados_prioritarios|af_bb|historico_recente,historico_recente_202508_snh_pmcmv_dados_prioritarios_af_bb,agente_financeiro,nova
snh_pmcmv_dados_prioritarios|af_bb|historico_recente,historico_recente_202508_snh_pmcmv_dados_prioritarios_af_bb,bairro_do_imóvel,nova
snh_pmcmv_dados_prioritarios|af_bb|historico_recente,historico_recente_202508_snh_pmcmv_dados_prioritarios_af_bb,cep_do_imóvel,nova
snh_pmcmv_dados_prioritarios|af_bb|historico_recente,historico_recente_202508_snh_pmcmv_dados_prioritarios_af_bb,complemento_do_endereço_do_imóvel,nova
snh_pmcmv_dados_prioritarios|af_bb|historico_recente,historico_recente_202508_snh_pmcmv_dados_prioritarios_af_bb,código_ibge_do_município,nova
snh_pmcmv_dados_prioritarios|af_bb|historico_recente,historico_recente_202508_snh_pmcmv_dados_prioritarios_af_bb,data_de_contratação,nova
snh_pmcmv_dados_prioritarios|af_bb|historico_recente,historico_recente_202508_snh_pmcmv_dados_prioritarios_af_bb,latitude_do_imóvel,nova
snh_pmcmv_dados_prioritarios|af_bb|historico_recente,historico_recente_202508_snh_pmcmv_dados_prioritarios_af_bb,logradouro_do_imóvel,nova
snh_pmcmv_dados_prioritarios|af_bb|historico_recente,historico_recente_202508_snh_pmcmv_dados_prioritarios_af_bb,longitude_do_imóvel,nova
snh_pmcmv_dados_prioritarios|af_bb|historico_recente,historico_recente_202508_snh_pmcmv_dados_prioritarios_af_bb,número_do_imóvel,nova
snh_pmcmv_dados_prioritarios|af_bb|historico_recente,historico_recente_202508_snh_pmcmv_dados_prioritarios_af_bb,observações,nova
snh_pmcmv_dados_prioritarios|af_bb|historico_recente,historico_recente_202508_snh_pmcmv_dados_prioritarios_af_bb,situação_do_empreendimento,nova
snh_pmcmv_dados_prioritarios|af_bb|historico_recente,historico_recente_202508_snh_pmcmv_dados_prioritarios_af_bb,uh_contratadas,nova
snh_pmcmv_dados_prioritarios|af_bb|historico_recente,historico_recente_202508_snh_pmcmv_dados_prioritarios_af_bb,uh_entregues,nova
snh_pmcmv_dados_prioritarios|af_bb|historico_recente,historico_recente_202508_snh_pmcmv_dados_prioritarios_af_bb,uh_vigentes,nova
snh_pmcmv_dados_prioritarios|af_bb|historico_recente,historico_recente_202508_snh_pmcmv_dados_prioritarios_af_bb,"agente_
financeiro",removida
snh_pmcmv_dados_prioritarios|af_bb|historico_recente,historico_recente_202508_snh_pmcmv_dados_prioritarios_af_bb,"código_ibge_
do_município",removida
snh_pmcmv_dados_prioritarios|af_bb|historico_recente,historico_recente_202508_snh_pmcmv_dados_prioritarios_af_bb,"data_de_
contratação",removida
snh_pmcmv_dados_prioritarios|af_bb|historico_recente,historico_recente_202508_snh_pmcmv_dados_prioritarios_af_bb,não_se_aplica,removida
snh_pmcmv_dados_prioritarios|af_bb|historico_recente,historico_recente_202508_snh_pmcmv_dados_prioritarios_af_bb,obra_não_iniciada,removida
snh_pmcmv_dados_prioritarios|af_bb|historico_recente,historico_recente_202508_snh_pmcmv_dados_prioritarios_af_bb,"situação_do_
empreendimento",removida
snh_pmcmv_dados_prioritarios|af_bb|historico_recente,historico_recente_202508_snh_pmcmv_dados_prioritarios_af_bb,uhs_contratadas,removida
snh_pmcmv_dados_prioritarios|af_bb|historico_recente,historico_recente_202508_snh_pmcmv_dados_prioritarios_af_bb,uhs_entregues,removida
snh_pmcmv_dados_prioritarios|af_bb|historico_recente,historico_recente_202508_snh_pmcmv_dados_prioritarios_af_bb,uhs_vigentes,removida
snh_pmcmv_dados_prioritarios|af_bb|historico_recente,historico_recente_202509_snh_pmcmv_dados_prioritarios_af_bb,agente_financeiro,nova
snh_pmcmv_dados_prioritarios|af_bb|historico_recente,historico_recente_202509_snh_pmcmv_dados_prioritarios_af_bb,bairro_do_imóvel,nova
snh_pmcmv_dados_prioritarios|af_bb|historico_recente,historico_recente_202509_snh_pmcmv_dados_prioritarios_af_bb,cep_do_imóvel,nova
snh_pmcmv_dados_prioritarios|af_bb|historico_recente,historico_recente_202509_snh_pmcmv_dados_prioritarios_af_bb,complemento_do_endereço_do_imóvel,nova
snh_pmcmv_dados_prioritarios|af_bb|historico_recente,historico_recente_202509_snh_pmcmv_dados_prioritarios_af_bb,código_ibge_do_município,nova
snh_pmcmv_dados_prioritarios|af_bb|historico_recente,historico_recente_202509_snh_pmcmv_dados_prioritarios_af_bb,data_de_contratação,nova
snh_pmcmv_dados_prioritarios|af_bb|historico_recente,historico_recente_202509_snh_pmcmv_dados_prioritarios_af_bb,latitude_do_imóvel,nova
snh_pmcmv_dados_prioritarios|af_bb|historico_recente,historico_recente_202509_snh_pmcmv_dados_prioritarios_af_bb,logradouro_do_imóvel,nova
snh_pmcmv_dados_prioritarios|af_bb|historico_recente,historico_recente_202509_snh_pmcmv_dados_prioritarios_af_bb,longitude_do_imóvel,nova
snh_pmcmv_dados_prioritarios|af_bb|historico_recente,historico_recente_202509_snh_pmcmv_dados_prioritarios_af_bb,número_do_imóvel,nova
snh_pmcmv_dados_prioritarios|af_bb|historico_recente,historico_recente_202509_snh_pmcmv_dados_prioritarios_af_bb,observações,nova
snh_pmcmv_dados_prioritarios|af_bb|historico_recente,historico_recente_202509_snh_pmcmv_dados_prioritarios_af_bb,situação_do_empreendimento,nova
snh_pmcmv_dados_prioritarios|af_bb|historico_recente,historico_recente_202509_snh_pmcmv_dados_prioritarios_af_bb,uh_contratadas,nova
snh_pmcmv_dados_prioritarios|af_bb|historico_recente,historico_recente_202509_snh_pmcmv_dados_prioritarios_af_bb,uh_entregues,nova
snh_pmcmv_dados_prioritarios|af_bb|historico_recente,historico_recente_202509_snh_pmcmv_dados_prioritarios_af_bb,uh_vigentes,nova
snh_pmcmv_dados_prioritarios|af_bb|historico_recente,historico_recente_202509_snh_pmcmv_dados_prioritarios_af_bb,"agente_
financeiro",removida
snh_pmcmv_dados_prioritarios|af_bb|historico_recente,historico_recente_202509_snh_pmcmv_dados_prioritarios_af_bb,"código_ibge_
do_município",removida
snh_pmcmv_dados_prioritarios|af_bb|historico_recente,historico_recente_202509_snh_pmcmv_dados_prioritarios_af_bb,"data_de_
contratação",removida
snh_pmcmv_dados_prioritarios|af_bb|historico_recente,historico_recente_202509_snh_pmcmv_dados_prioritarios_af_bb,não_se_aplica,removida
snh_pmcmv_dados_prioritarios|af_bb|historico_recente,historico_recente_202509_snh_pmcmv_dados_prioritarios_af_bb,obra_não_iniciada,removida
snh_pmcmv_dados_prioritarios|af_bb|historico_recente,historico_recente_202509_snh_pmcmv_dados_prioritarios_af_bb,"situação_do_
empreendimento",removida
snh_pmcmv_dados_prioritarios|af_bb|historico_recente,historico_recente_202509_snh_pmcmv_dados_prioritarios_af_bb,uhs_contratadas,removida
snh_pmcmv_dados_prioritarios|af_bb|historico_recente,historico_recente_202509_snh_pmcmv_dados_prioritarios_af_bb,uhs_entregues,removida
snh_pmcmv_dados_prioritarios|af_bb|historico_recente,historico_recente_202509_snh_pmcmv_dados_prioritarios_af_bb,uhs_vigentes,removida
snh_pmcmv_dados_prioritarios|af_bb|historico_recente,historico_recente_202510_snh_pmcmv_dados_prioritarios_af_bb,agente_financeiro,nova
snh_pmcmv_dados_prioritarios|af_bb|historico_recente,historico_recente_202510_snh_pmcmv_dados_prioritarios_af_bb,bairro_do_imóvel,nova
snh_pmcmv_dados_prioritarios|af_bb|historico_recente,historico_recente_202510_snh_pmcmv_dados_prioritarios_af_bb,cep_do_imóvel,nova
snh_pmcmv_dados_prioritarios|af_bb|historico_recente,historico_recente_202510_snh_pmcmv_dados_prioritarios_af_bb,complemento_do_endereço_do_imóvel,nova
snh_pmcmv_dados_prioritarios|af_bb|historico_recente,historico_recente_202510_snh_pmcmv_dados_prioritarios_af_bb,código_ibge_do_município,nova
snh_pmcmv_dados_prioritarios|af_bb|historico_recente,historico_recente_202510_snh_pmcmv_dados_prioritarios_af_bb,data_de_contratação,nova
snh_pmcmv_dados_prioritarios|af_bb|historico_recente,historico_recente_202510_snh_pmcmv_dados_prioritarios_af_bb,latitude_do_imóvel,nova
snh_pmcmv_dados_prioritarios|af_bb|historico_recente,historico_recente_202510_snh_pmcmv_dados_prioritarios_af_bb,logradouro_do_imóvel,nova
snh_pmcmv_dados_prioritarios|af_bb|historico_recente,historico_recente_202510_snh_pmcmv_dados_prioritarios_af_bb,longitude_do_imóvel,nova
snh_pmcmv_dados_prioritarios|af_bb|historico_recente,historico_recente_202510_snh_pmcmv_dados_prioritarios_af_bb,número_do_imóvel,nova
snh_pmcmv_dados_prioritarios|af_bb|historico_recente,historico_recente_202510_snh_pmcmv_dados_prioritarios_af_bb,observações,nova
snh_pmcmv_dados_prioritarios|af_bb|historico_recente,historico_recente_202510_snh_pmcmv_dados_prioritarios_af_bb,situação_do_empreendimento,nova
snh_pmcmv_dados_prioritarios|af_bb|historico_recente,historico_recente_202510_snh_pmcmv_dados_prioritarios_af_bb,uh_contratadas,nova
snh_pmcmv_dados_prioritarios|af_bb|historico_recente,historico_recente_202510_snh_pmcmv_dados_prioritarios_af_bb,uh_entregues,nova
snh_pmcmv_dados_prioritarios|af_bb|historico_recente,historico_recente_202510_snh_pmcmv_dados_prioritarios_af_bb,uh_vigentes,nova
snh_pmcmv_dados_prioritarios|af_bb|historico_recente,historico_recente_202510_snh_pmcmv_dados_prioritarios_af_bb,"agente_
financeiro",removida
snh_pmcmv_dados_prioritarios|af_bb|historico_recente,historico_recente_202510_snh_pmcmv_dados_prioritarios_af_bb,"código_ibge_
do_município",removida
snh_pmcmv_dados_prioritarios|af_bb|historico_recente,historico_recente_202510_snh_pmcmv_dados_prioritarios_af_bb,"data_de_
contratação",removida
snh_pmcmv_dados_prioritarios|af_bb|historico_recente,historico_recente_202510_snh_pmcmv_dados_prioritarios_af_bb,não_se_aplica,removida
snh_pmcmv_dados_prioritarios|af_bb|historico_recente,historico_recente_202510_snh_pmcmv_dados_prioritarios_af_bb,obra_não_iniciada,removida
snh_pmcmv_dados_prioritarios|af_bb|historico_recente,historico_recente_202510_snh_pmcmv_dados_prioritarios_af_bb,"situação_do_
empreendimento",removida
snh_pmcmv_dados_prioritarios|af_bb|historico_recente,historico_recente_202510_snh_pmcmv_dados_prioritarios_af_bb,uhs_contratadas,removida
snh_pmcmv_dados_prioritarios|af_bb|historico_recente,historico_recente_202510_snh_pmcmv_dados_prioritarios_af_bb,uhs_entregues,removida
snh_pmcmv_dados_prioritarios|af_bb|historico_recente,historico_recente_202510_snh_pmcmv_dados_prioritarios_af_bb,uhs_vigentes,removida
snh_pmcmv_dados_prioritarios|af_bb|historico_recente,historico_recente_202511_snh_pmcmv_dados_prioritarios_af_bb,agente_financeiro,nova
snh_pmcmv_dados_prioritarios|af_bb|historico_recente,historico_recente_202511_snh_pmcmv_dados_prioritarios_af_bb,bairro_do_imóvel,nova
snh_pmcmv_dados_prioritarios|af_bb|historico_recente,historico_recente_202511_snh_pmcmv_dados_prioritarios_af_bb,cep_do_imóvel,nova
snh_pmcmv_dados_prioritarios|af_bb|historico_recente,historico_recente_202511_snh_pmcmv_dados_prioritarios_af_bb,complemento_do_endereço_do_imóvel,nova
snh_pmcmv_dados_prioritarios|af_bb|historico_recente,historico_recente_202511_snh_pmcmv_dados_prioritarios_af_bb,código_ibge_do_município,nova
snh_pmcmv_dados_prioritarios|af_bb|historico_recente,historico_recente_202511_snh_pmcmv_dados_prioritarios_af_bb,data_de_contratação,nova
snh_pmcmv_dados_prioritarios|af_bb|historico_recente,historico_recente_202511_snh_pmcmv_dados_prioritarios_af_bb,latitude_do_imóvel,nova
snh_pmcmv_dados_prioritarios|af_bb|historico_recente,historico_recente_202511_snh_pmcmv_dados_prioritarios_af_bb,logradouro_do_imóvel,nova
snh_pmcmv_dados_prioritarios|af_bb|historico_recente,historico_recente_202511_snh_pmcmv_dados_prioritarios_af_bb,longitude_do_imóvel,nova
snh_pmcmv_dados_prioritarios|af_bb|historico_recente,historico_recente_202511_snh_pmcmv_dados_prioritarios_af_bb,número_do_imóvel,nova
snh_pmcmv_dados_prioritarios|af_bb|historico_recente,historico_recente_202511_snh_pmcmv_dados_prioritarios_af_bb,observações,nova
snh_pmcmv_dados_prioritarios|af_bb|historico_recente,historico_recente_202511_snh_pmcmv_dados_prioritarios_af_bb,situação_do_empreendimento,nova
snh_pmcmv_dados_prioritarios|af_bb|historico_recente,historico_recente_202511_snh_pmcmv_dados_prioritarios_af_bb,uh_contratadas,nova
snh_pmcmv_dados_prioritarios|af_bb|historico_recente,historico_recente_202511_snh_pmcmv_dados_prioritarios_af_bb,uh_entregues,nova
snh_pmcmv_dados_prioritarios|af_bb|historico_recente,historico_recente_202511_snh_pmcmv_dados_prioritarios_af_bb,uh_vigentes,nova
snh_pmcmv_dados_prioritarios|af_bb|historico_recente,historico_recente_202511_snh_pmcmv_dados_prioritarios_af_bb,"agente_
financeiro",removida
snh_pmcmv_dados_prioritarios|af_bb|historico_recente,historico_recente_202511_snh_pmcmv_dados_prioritarios_af_bb,"código_ibge_
do_município",removida
snh_pmcmv_dados_prioritarios|af_bb|historico_recente,historico_recente_202511_snh_pmcmv_dados_prioritarios_af_bb,"data_de_
contratação",removida
snh_pmcmv_dados_prioritarios|af_bb|historico_recente,historico_recente_202511_snh_pmcmv_dados_prioritarios_af_bb,não_se_aplica,removida
snh_pmcmv_dados_prioritarios|af_bb|historico_recente,historico_recente_202511_snh_pmcmv_dados_prioritarios_af_bb,obra_não_iniciada,removida
snh_pmcmv_dados_prioritarios|af_bb|historico_recente,historico_recente_202511_snh_pmcmv_dados_prioritarios_af_bb,"situação_do_
empreendimento",removida
snh_pmcmv_dados_prioritarios|af_bb|historico_recente,historico_recente_202511_snh_pmcmv_dados_prioritarios_af_bb,uhs_contratadas,removida
snh_pmcmv_dados_prioritarios|af_bb|historico_recente,historico_recente_202511_snh_pmcmv_dados_prioritarios_af_bb,uhs_entregues,removida
snh_pmcmv_dados_prioritarios|af_bb|historico_recente,historico_recente_202511_snh_pmcmv_dados_prioritarios_af_bb,uhs_vigentes,removida
snh_pmcmv_dados_prioritarios|af_bb|historico_recente,historico_recente_202512_snh_pmcmv_dados_prioritarios_af_bb,agente_financeiro,nova
snh_pmcmv_dados_prioritarios|af_bb|historico_recente,historico_recente_202512_snh_pmcmv_dados_prioritarios_af_bb,bairro_do_imóvel,nova
snh_pmcmv_dados_prioritarios|af_bb|historico_recente,historico_recente_202512_snh_pmcmv_dados_prioritarios_af_bb,cep_do_imóvel,nova
snh_pmcmv_dados_prioritarios|af_bb|historico_recente,historico_recente_202512_snh_pmcmv_dados_prioritarios_af_bb,complemento_do_endereço_do_imóvel,nova
snh_pmcmv_dados_prioritarios|af_bb|historico_recente,historico_recente_202512_snh_pmcmv_dados_prioritarios_af_bb,código_ibge_do_município,nova
snh_pmcmv_dados_prioritarios|af_bb|historico_recente,historico_recente_202512_snh_pmcmv_dados_prioritarios_af_bb,data_de_contratação,nova
snh_pmcmv_dados_prioritarios|af_bb|historico_recente,historico_recente_202512_snh_pmcmv_dados_prioritarios_af_bb,latitude_do_imóvel,nova
snh_pmcmv_dados_prioritarios|af_bb|historico_recente,historico_recente_202512_snh_pmcmv_dados_prioritarios_af_bb,logradouro_do_imóvel,nova
snh_pmcmv_dados_prioritarios|af_bb|historico_recente,historico_recente_202512_snh_pmcmv_dados_prioritarios_af_bb,longitude_do_imóvel,nova
snh_pmcmv_dados_prioritarios|af_bb|historico_recente,historico_recente_202512_snh_pmcmv_dados_prioritarios_af_bb,número_do_imóvel,nova
snh_pmcmv_dados_prioritarios|af_bb|historico_recente,historico_recente_202512_snh_pmcmv_dados_prioritarios_af_bb,observações,nova
snh_pmcmv_dados_prioritarios|af_bb|historico_recente,historico_recente_202512_snh_pmcmv_dados_prioritarios_af_bb,situação_do_empreendimento,nova
snh_pmcmv_dados_prioritarios|af_bb|historico_recente,historico_recente_202512_snh_pmcmv_dados_prioritarios_af_bb,uh_contratadas,nova
snh_pmcmv_dados_prioritarios|af_bb|historico_recente,historico_recente_202512_snh_pmcmv_dados_prioritarios_af_bb,uh_entregues,nova
snh_pmcmv_dados_prioritarios|af_bb|historico_recente,historico_recente_202512_snh_pmcmv_dados_prioritarios_af_bb,uh_vigentes,nova
snh_pmcmv_dados_prioritarios|af_bb|historico_recente,historico_recente_202512_snh_pmcmv_dados_prioritarios_af_bb,"agente_
financeiro",removida
snh_pmcmv_dados_prioritarios|af_bb|historico_recente,historico_recente_202512_snh_pmcmv_dados_prioritarios_af_bb,"código_ibge_
do_município",removida
snh_pmcmv_dados_prioritarios|af_bb|historico_recente,historico_recente_202512_snh_pmcmv_dados_prioritarios_af_bb,"data_de_
contratação",removida
snh_pmcmv_dados_prioritarios|af_bb|historico_recente,historico_recente_202512_snh_pmcmv_dados_prioritarios_af_bb,não_se_aplica,removida
snh_pmcmv_dados_prioritarios|af_bb|historico_recente,historico_recente_202512_snh_pmcmv_dados_prioritarios_af_bb,obra_não_iniciada,removida
snh_pmcmv_dados_prioritarios|af_bb|historico_recente,historico_recente_202512_snh_pmcmv_dados_prioritarios_af_bb,"situação_do_
empreendimento",removida
snh_pmcmv_dados_prioritarios|af_bb|historico_recente,historico_recente_202512_snh_pmcmv_dados_prioritarios_af_bb,uhs_contratadas,removida
snh_pmcmv_dados_prioritarios|af_bb|historico_recente,historico_recente_202512_snh_pmcmv_dados_prioritarios_af_bb,uhs_entregues,removida
snh_pmcmv_dados_prioritarios|af_bb|historico_recente,historico_recente_202512_snh_pmcmv_dados_prioritarios_af_bb,uhs_vigentes,removida
snh_pmcmv_dados_prioritarios|af_bb|historico_recente,historico_recente_202601_snh_pmcmv_dados_prioritarios_af_bb,agente_financeiro,nova
snh_pmcmv_dados_prioritarios|af_bb|historico_recente,historico_recente_202601_snh_pmcmv_dados_prioritarios_af_bb,bairro_do_imóvel,nova
snh_pmcmv_dados_prioritarios|af_bb|historico_recente,historico_recente_202601_snh_pmcmv_dados_prioritarios_af_bb,cep_do_imóvel,nova
snh_pmcmv_dados_prioritarios|af_bb|historico_recente,historico_recente_202601_snh_pmcmv_dados_prioritarios_af_bb,complemento_do_endereço_do_imóvel,nova
snh_pmcmv_dados_prioritarios|af_bb|historico_recente,historico_recente_202601_snh_pmcmv_dados_prioritarios_af_bb,código_ibge_do_município,nova
snh_pmcmv_dados_prioritarios|af_bb|historico_recente,historico_recente_202601_snh_pmcmv_dados_prioritarios_af_bb,data_de_contratação,nova
snh_pmcmv_dados_prioritarios|af_bb|historico_recente,historico_recente_202601_snh_pmcmv_dados_prioritarios_af_bb,latitude_do_imóvel,nova
snh_pmcmv_dados_prioritarios|af_bb|historico_recente,historico_recente_202601_snh_pmcmv_dados_prioritarios_af_bb,logradouro_do_imóvel,nova
snh_pmcmv_dados_prioritarios|af_bb|historico_recente,historico_recente_202601_snh_pmcmv_dados_prioritarios_af_bb,longitude_do_imóvel,nova
snh_pmcmv_dados_prioritarios|af_bb|historico_recente,historico_recente_202601_snh_pmcmv_dados_prioritarios_af_bb,número_do_imóvel,nova
snh_pmcmv_dados_prioritarios|af_bb|historico_recente,historico_recente_202601_snh_pmcmv_dados_prioritarios_af_bb,observações,nova
snh_pmcmv_dados_prioritarios|af_bb|historico_recente,historico_recente_202601_snh_pmcmv_dados_prioritarios_af_bb,situação_do_empreendimento,nova
snh_pmcmv_dados_prioritarios|af_bb|historico_recente,historico_recente_202601_snh_pmcmv_dados_prioritarios_af_bb,uh_contratadas,nova
snh_pmcmv_dados_prioritarios|af_bb|historico_recente,historico_recente_202601_snh_pmcmv_dados_prioritarios_af_bb,uh_entregues,nova
snh_pmcmv_dados_prioritarios|af_bb|historico_recente,historico_recente_202601_snh_pmcmv_dados_prioritarios_af_bb,uh_vigentes,nova
snh_pmcmv_dados_prioritarios|af_bb|historico_recente,historico_recente_202601_snh_pmcmv_dados_prioritarios_af_bb,"agente_
financeiro",removida
snh_pmcmv_dados_prioritarios|af_bb|historico_recente,historico_recente_202601_snh_pmcmv_dados_prioritarios_af_bb,"código_ibge_
do_município",removida
snh_pmcmv_dados_prioritarios|af_bb|historico_recente,historico_recente_202601_snh_pmcmv_dados_prioritarios_af_bb,"data_de_
contratação",removida
snh_pmcmv_dados_prioritarios|af_bb|historico_recente,historico_recente_202601_snh_pmcmv_dados_prioritarios_af_bb,não_se_aplica,removida
snh_pmcmv_dados_prioritarios|af_bb|historico_recente,historico_recente_202601_snh_pmcmv_dados_prioritarios_af_bb,obra_não_iniciada,removida
snh_pmcmv_dados_prioritarios|af_bb|historico_recente,historico_recente_202601_snh_pmcmv_dados_prioritarios_af_bb,"situação_do_
empreendimento",removida
snh_pmcmv_dados_prioritarios|af_bb|historico_recente,historico_recente_202601_snh_pmcmv_dados_prioritarios_af_bb,uhs_contratadas,removida
snh_pmcmv_dados_prioritarios|af_bb|historico_recente,historico_recente_202601_snh_pmcmv_dados_prioritarios_af_bb,uhs_entregues,removida
snh_pmcmv_dados_prioritarios|af_bb|historico_recente,historico_recente_202601_snh_pmcmv_dados_prioritarios_af_bb,uhs_vigentes,removida
snh_pmcmv_dados_prioritarios|af_bb|historico_recente,historico_recente_202602_snh_pmcmv_dados_prioritarios_af_bb,agente_financeiro,nova
snh_pmcmv_dados_prioritarios|af_bb|historico_recente,historico_recente_202602_snh_pmcmv_dados_prioritarios_af_bb,bairro_do_imóvel,nova
snh_pmcmv_dados_prioritarios|af_bb|historico_recente,historico_recente_202602_snh_pmcmv_dados_prioritarios_af_bb,cep_do_imóvel,nova
snh_pmcmv_dados_prioritarios|af_bb|historico_recente,historico_recente_202602_snh_pmcmv_dados_prioritarios_af_bb,complemento_do_endereço_do_imóvel,nova
snh_pmcmv_dados_prioritarios|af_bb|historico_recente,historico_recente_202602_snh_pmcmv_dados_prioritarios_af_bb,código_ibge_do_município,nova
snh_pmcmv_dados_prioritarios|af_bb|historico_recente,historico_recente_202602_snh_pmcmv_dados_prioritarios_af_bb,data_de_contratação,nova
snh_pmcmv_dados_prioritarios|af_bb|historico_recente,historico_recente_202602_snh_pmcmv_dados_prioritarios_af_bb,latitude_do_imóvel,nova
snh_pmcmv_dados_prioritarios|af_bb|historico_recente,historico_recente_202602_snh_pmcmv_dados_prioritarios_af_bb,logradouro_do_imóvel,nova
snh_pmcmv_dados_prioritarios|af_bb|historico_recente,historico_recente_202602_snh_pmcmv_dados_prioritarios_af_bb,longitude_do_imóvel,nova
snh_pmcmv_dados_prioritarios|af_bb|historico_recente,historico_recente_202602_snh_pmcmv_dados_prioritarios_af_bb,número_do_imóvel,nova
snh_pmcmv_dados_prioritarios|af_bb|historico_recente,historico_recente_202602_snh_pmcmv_dados_prioritarios_af_bb,observações,nova
snh_pmcmv_dados_prioritarios|af_bb|historico_recente,historico_recente_202602_snh_pmcmv_dados_prioritarios_af_bb,situação_do_empreendimento,nova
snh_pmcmv_dados_prioritarios|af_bb|historico_recente,historico_recente_202602_snh_pmcmv_dados_prioritarios_af_bb,uh_contratadas,nova
snh_pmcmv_dados_prioritarios|af_bb|historico_recente,historico_recente_202602_snh_pmcmv_dados_prioritarios_af_bb,uh_entregues,nova
snh_pmcmv_dados_prioritarios|af_bb|historico_recente,historico_recente_202602_snh_pmcmv_dados_prioritarios_af_bb,uh_vigentes,nova
snh_pmcmv_dados_prioritarios|af_bb|historico_recente,historico_recente_202602_snh_pmcmv_dados_prioritarios_af_bb,"agente_
financeiro",removida
snh_pmcmv_dados_prioritarios|af_bb|historico_recente,historico_recente_202602_snh_pmcmv_dados_prioritarios_af_bb,"código_ibge_
do_município",removida
snh_pmcmv_dados_prioritarios|af_bb|historico_recente,historico_recente_202602_snh_pmcmv_dados_prioritarios_af_bb,"data_de_
contratação",removida
snh_pmcmv_dados_prioritarios|af_bb|historico_recente,historico_recente_202602_snh_pmcmv_dados_prioritarios_af_bb,não_se_aplica,removida
snh_pmcmv_dados_prioritarios|af_bb|historico_recente,historico_recente_202602_snh_pmcmv_dados_prioritarios_af_bb,obra_não_iniciada,removida
snh_pmcmv_dados_prioritarios|af_bb|historico_recente,historico_recente_202602_snh_pmcmv_dados_prioritarios_af_bb,"situação_do_
empreendimento",removida
snh_pmcmv_dados_prioritarios|af_bb|historico_recente,historico_recente_202602_snh_pmcmv_dados_prioritarios_af_bb,uhs_contratadas,removida
snh_pmcmv_dados_prioritarios|af_bb|historico_recente,historico_recente_202602_snh_pmcmv_dados_prioritarios_af_bb,uhs_entregues,removida
snh_pmcmv_dados_prioritarios|af_bb|historico_recente,historico_recente_202602_snh_pmcmv_dados_prioritarios_af_bb,uhs_vigentes,removida
snh_pmcmv_dados_prioritarios|af_bb|historico_recente,historico_recente_202603_snh_pmcmv_dados_prioritarios_af_bb,agente_financeiro,nova
snh_pmcmv_dados_prioritarios|af_bb|historico_recente,historico_recente_202603_snh_pmcmv_dados_prioritarios_af_bb,bairro_do_imóvel,nova
snh_pmcmv_dados_prioritarios|af_bb|historico_recente,historico_recente_202603_snh_pmcmv_dados_prioritarios_af_bb,cep_do_imóvel,nova
snh_pmcmv_dados_prioritarios|af_bb|historico_recente,historico_recente_202603_snh_pmcmv_dados_prioritarios_af_bb,complemento_do_endereço_do_imóvel,nova
snh_pmcmv_dados_prioritarios|af_bb|historico_recente,historico_recente_202603_snh_pmcmv_dados_prioritarios_af_bb,código_ibge_do_município,nova
snh_pmcmv_dados_prioritarios|af_bb|historico_recente,historico_recente_202603_snh_pmcmv_dados_prioritarios_af_bb,data_de_contratação,nova
snh_pmcmv_dados_prioritarios|af_bb|historico_recente,historico_recente_202603_snh_pmcmv_dados_prioritarios_af_bb,latitude_do_imóvel,nova
snh_pmcmv_dados_prioritarios|af_bb|historico_recente,historico_recente_202603_snh_pmcmv_dados_prioritarios_af_bb,logradouro_do_imóvel,nova
snh_pmcmv_dados_prioritarios|af_bb|historico_recente,historico_recente_202603_snh_pmcmv_dados_prioritarios_af_bb,longitude_do_imóvel,nova
snh_pmcmv_dados_prioritarios|af_bb|historico_recente,historico_recente_202603_snh_pmcmv_dados_prioritarios_af_bb,número_do_imóvel,nova
snh_pmcmv_dados_prioritarios|af_bb|historico_recente,historico_recente_202603_snh_pmcmv_dados_prioritarios_af_bb,observações,nova
snh_pmcmv_dados_prioritarios|af_bb|historico_recente,historico_recente_202603_snh_pmcmv_dados_prioritarios_af_bb,situação_do_empreendimento,nova
snh_pmcmv_dados_prioritarios|af_bb|historico_recente,historico_recente_202603_snh_pmcmv_dados_prioritarios_af_bb,uh_contratadas,nova
snh_pmcmv_dados_prioritarios|af_bb|historico_recente,historico_recente_202603_snh_pmcmv_dados_prioritarios_af_bb,uh_entregues,nova
snh_pmcmv_dados_prioritarios|af_bb|historico_recente,historico_recente_202603_snh_pmcmv_dados_prioritarios_af_bb,uh_vigentes,nova
snh_pmcmv_dados_prioritarios|af_bb|historico_recente,historico_recente_202603_snh_pmcmv_dados_prioritarios_af_bb,"agente_
financeiro",removida
snh_pmcmv_dados_prioritarios|af_bb|historico_recente,historico_recente_202603_snh_pmcmv_dados_prioritarios_af_bb,"código_ibge_
do_município",removida
snh_pmcmv_dados_prioritarios|af_bb|historico_recente,historico_recente_202603_snh_pmcmv_dados_prioritarios_af_bb,"data_de_
contratação",removida
snh_pmcmv_dados_prioritarios|af_bb|historico_recente,historico_recente_202603_snh_pmcmv_dados_prioritarios_af_bb,não_se_aplica,removida
snh_pmcmv_dados_prioritarios|af_bb|historico_recente,historico_recente_202603_snh_pmcmv_dados_prioritarios_af_bb,obra_não_iniciada,removida
snh_pmcmv_dados_prioritarios|af_bb|historico_recente,historico_recente_202603_snh_pmcmv_dados_prioritarios_af_bb,"situação_do_
empreendimento",removida
snh_pmcmv_dados_prioritarios|af_bb|historico_recente,historico_recente_202603_snh_pmcmv_dados_prioritarios_af_bb,uhs_contratadas,removida
snh_pmcmv_dados_prioritarios|af_bb|historico_recente,historico_recente_202603_snh_pmcmv_dados_prioritarios_af_bb,uhs_entregues,removida
snh_pmcmv_dados_prioritarios|af_bb|historico_recente,historico_recente_202603_snh_pmcmv_dados_prioritarios_af_bb,uhs_vigentes,removida
snh_pmcmv_dados_prioritarios|af_caixa|historico_recente,historico_recente_202407_snh_pmcmv_dados_prioritarios_af_caixa,dt_previsao_entrega,nova
snh_pmcmv_dados_prioritarios|af_caixa|historico_recente,historico_recente_202407_snh_pmcmv_dados_prioritarios_af_caixa,qt_uh_previsao_entrega,nova
snh_pmcmv_dados_prioritarios|af_caixa|historico_recente,historico_recente_202409_snh_pmcmv_dados_prioritarios_af_caixa,dt_previsao_entrega,nova
snh_pmcmv_dados_prioritarios|af_caixa|historico_recente,historico_recente_202409_snh_pmcmv_dados_prioritarios_af_caixa,qt_uh_previsao_entrega,nova
snh_pmcmv_dados_prioritarios|af_caixa|historico_recente,historico_recente_202410_snh_pmcmv_dados_prioritarios_af_caixa,detalhamento_da_situação_do_empreendimento,nova
snh_pmcmv_dados_prioritarios|af_caixa|historico_recente,historico_recente_202410_snh_pmcmv_dados_prioritarios_af_caixa,dt_previsao_entrega,nova
snh_pmcmv_dados_prioritarios|af_caixa|historico_recente,historico_recente_202410_snh_pmcmv_dados_prioritarios_af_caixa,mcmv_ogu_28_qtd_entregues_ano_dt_referencia,nova
snh_pmcmv_dados_prioritarios|af_caixa|historico_recente,historico_recente_202410_snh_pmcmv_dados_prioritarios_af_caixa,qt_uh_previsao_entrega,nova
snh_pmcmv_dados_prioritarios|af_caixa|historico_recente,historico_recente_202410_snh_pmcmv_dados_prioritarios_af_caixa,quantidade_de_uhs_contratadas_do_ano_de_referência,nova
snh_pmcmv_dados_prioritarios|af_caixa|historico_recente,historico_recente_202410_snh_pmcmv_dados_prioritarios_af_caixa,quantidade_de_uhs_contratadas_em_janeiro_do_ano_de_referência,nova
snh_pmcmv_dados_prioritarios|af_caixa|historico_recente,historico_recente_202410_snh_pmcmv_dados_prioritarios_af_caixa,quantidade_de_uhs_distratadas,nova
snh_pmcmv_dados_prioritarios|af_caixa|historico_recente,historico_recente_202410_snh_pmcmv_dados_prioritarios_af_caixa,quantidade_de_uhs_distratadas_do_ano_de_referência,nova
snh_pmcmv_dados_prioritarios|af_caixa|historico_recente,historico_recente_202410_snh_pmcmv_dados_prioritarios_af_caixa,quantidade_de_uhs_distratadas_em_janeiro_do_ano_de_referência,nova
snh_pmcmv_dados_prioritarios|af_caixa|historico_recente,historico_recente_202410_snh_pmcmv_dados_prioritarios_af_caixa,quantidade_de_uhs_entregues_em_janeiro_do_ano_de_referência,nova
snh_pmcmv_dados_prioritarios|af_caixa|historico_recente,historico_recente_202410_snh_pmcmv_dados_prioritarios_af_caixa,quantidade_de_uhs_vigentes_do_ano_de_referência,nova
snh_pmcmv_dados_prioritarios|af_caixa|historico_recente,historico_recente_202410_snh_pmcmv_dados_prioritarios_af_caixa,classificação_dos_paralisados,removida
snh_pmcmv_dados_prioritarios|af_caixa|historico_recente,historico_recente_202410_snh_pmcmv_dados_prioritarios_af_caixa,mcmv_ogu_28_qtd_entregues__ano_dt_referencia,removida
snh_pmcmv_dados_prioritarios|af_caixa|historico_recente,historico_recente_202411_snh_pmcmv_dados_prioritarios_af_caixa,bairro_do_imóvel,nova
snh_pmcmv_dados_prioritarios|af_caixa|historico_recente,historico_recente_202411_snh_pmcmv_dados_prioritarios_af_caixa,cep_do_imóvel,nova
snh_pmcmv_dados_prioritarios|af_caixa|historico_recente,historico_recente_202411_snh_pmcmv_dados_prioritarios_af_caixa,complemento_do_endereço_do_imóvel,nova
snh_pmcmv_dados_prioritarios|af_caixa|historico_recente,historico_recente_202411_snh_pmcmv_dados_prioritarios_af_caixa,data_da_previsão_da_entrega,nova
snh_pmcmv_dados_prioritarios|af_caixa|historico_recente,historico_recente_202411_snh_pmcmv_dados_prioritarios_af_caixa,detalhamento_da_situação_do_empreendimento,nova
snh_pmcmv_dados_prioritarios|af_caixa|historico_recente,historico_recente_202411_snh_pmcmv_dados_prioritarios_af_caixa,detalhamento_da_situação_do_empreendimento_em_janeiro_do_ano_,nova
snh_pmcmv_dados_prioritarios|af_caixa|historico_recente,historico_recente_202411_snh_pmcmv_dados_prioritarios_af_caixa,latitude_do_imóvel,nova
snh_pmcmv_dados_prioritarios|af_caixa|historico_recente,historico_recente_202411_snh_pmcmv_dados_prioritarios_af_caixa,logradouro_do_imóvel,nova
snh_pmcmv_dados_prioritarios|af_caixa|historico_recente,historico_recente_202411_snh_pmcmv_dados_prioritarios_af_caixa,longitude_do_imóvel,nova
snh_pmcmv_dados_prioritarios|af_caixa|historico_recente,historico_recente_202411_snh_pmcmv_dados_prioritarios_af_caixa,número_do_imóvel,nova
snh_pmcmv_dados_prioritarios|af_caixa|historico_recente,historico_recente_202411_snh_pmcmv_dados_prioritarios_af_caixa,quantidade_de_uhs_contratadas_do_ano_de_referência,nova
snh_pmcmv_dados_prioritarios|af_caixa|historico_recente,historico_recente_202411_snh_pmcmv_dados_prioritarios_af_caixa,quantidade_de_uhs_contratadas_em_janeiro_do_ano_de_referência,nova
snh_pmcmv_dados_prioritarios|af_caixa|historico_recente,historico_recente_202411_snh_pmcmv_dados_prioritarios_af_caixa,quantidade_de_uhs_distratadas,nova
snh_pmcmv_dados_prioritarios|af_caixa|historico_recente,historico_recente_202411_snh_pmcmv_dados_prioritarios_af_caixa,quantidade_de_uhs_distratadas_do_ano_de_referência,nova
snh_pmcmv_dados_prioritarios|af_caixa|historico_recente,historico_recente_202411_snh_pmcmv_dados_prioritarios_af_caixa,quantidade_de_uhs_distratadas_em_janeiro_do_ano_de_referência,nova
snh_pmcmv_dados_prioritarios|af_caixa|historico_recente,historico_recente_202411_snh_pmcmv_dados_prioritarios_af_caixa,quantidade_de_uhs_entregues_do_ano_de_referência,nova
snh_pmcmv_dados_prioritarios|af_caixa|historico_recente,historico_recente_202411_snh_pmcmv_dados_prioritarios_af_caixa,quantidade_de_uhs_entregues_em_janeiro_do_ano_de_referência,nova
snh_pmcmv_dados_prioritarios|af_caixa|historico_recente,historico_recente_202411_snh_pmcmv_dados_prioritarios_af_caixa,quantidade_de_uhs_vigentes_do_ano_de_referência,nova
snh_pmcmv_dados_prioritarios|af_caixa|historico_recente,historico_recente_202411_snh_pmcmv_dados_prioritarios_af_caixa,quantidade_de_uhs_vigentes_em_janeiro_do_ano_de_referência,nova
snh_pmcmv_dados_prioritarios|af_caixa|historico_recente,historico_recente_202411_snh_pmcmv_dados_prioritarios_af_caixa,situação_do_empreendimento_em_janeiro_do_ano_de_referência,nova
snh_pmcmv_dados_prioritarios|af_caixa|historico_recente,historico_recente_202411_snh_pmcmv_dados_prioritarios_af_caixa,unidades_habitacionais_a_serem_entregues,nova
snh_pmcmv_dados_prioritarios|af_caixa|historico_recente,historico_recente_202411_snh_pmcmv_dados_prioritarios_af_caixa,valor_desembolsado_do_ano_de_referência,nova
snh_pmcmv_dados_prioritarios|af_caixa|historico_recente,historico_recente_202411_snh_pmcmv_dados_prioritarios_af_caixa,classificação_dos_paralisados,removida
snh_pmcmv_dados_prioritarios|af_caixa|historico_recente,historico_recente_202411_snh_pmcmv_dados_prioritarios_af_caixa,mcmv_ogu_27_qtd_vigentes_janeiro_ano_dt_referencia,removida
snh_pmcmv_dados_prioritarios|af_caixa|historico_recente,historico_recente_202411_snh_pmcmv_dados_prioritarios_af_caixa,mcmv_ogu_28_qtd_entregues__ano_dt_referencia,removida
snh_pmcmv_dados_prioritarios|af_caixa|historico_recente,historico_recente_202411_snh_pmcmv_dados_prioritarios_af_caixa,mcmv_ogu_29_txt_situacao_empreendimento_janeiro_ano_dt_referenc,removida
snh_pmcmv_dados_prioritarios|af_caixa|historico_recente,historico_recente_202411_snh_pmcmv_dados_prioritarios_af_caixa,mcmv_ogu_30_vlr_desembolsado_no_ano_dt_referencia,removida
snh_pmcmv_dados_prioritarios|af_caixa|historico_recente,historico_recente_202411_snh_pmcmv_dados_prioritarios_af_caixa,mcmv_ogu_31_txt_detalha_situacao_empreendimento_janeiro_ano_dt_,removida
snh_pmcmv_dados_prioritarios|af_caixa|historico_recente,historico_recente_202412_snh_pmcmv_dados_prioritarios_af_caixa,bairro_do_imóvel,nova
snh_pmcmv_dados_prioritarios|af_caixa|historico_recente,historico_recente_202412_snh_pmcmv_dados_prioritarios_af_caixa,cep_do_imóvel,nova
snh_pmcmv_dados_prioritarios|af_caixa|historico_recente,historico_recente_202412_snh_pmcmv_dados_prioritarios_af_caixa,complemento_do_endereço_do_imóvel,nova
snh_pmcmv_dados_prioritarios|af_caixa|historico_recente,historico_recente_202412_snh_pmcmv_dados_prioritarios_af_caixa,data_da_previsão_da_entrega,nova
snh_pmcmv_dados_prioritarios|af_caixa|historico_recente,historico_recente_202412_snh_pmcmv_dados_prioritarios_af_caixa,detalhamento_da_situação_do_empreendimento,nova
snh_pmcmv_dados_prioritarios|af_caixa|historico_recente,historico_recente_202412_snh_pmcmv_dados_prioritarios_af_caixa,detalhamento_da_situação_do_empreendimento_em_janeiro_do_ano_,nova
snh_pmcmv_dados_prioritarios|af_caixa|historico_recente,historico_recente_202412_snh_pmcmv_dados_prioritarios_af_caixa,latitude_do_imóvel,nova
snh_pmcmv_dados_prioritarios|af_caixa|historico_recente,historico_recente_202412_snh_pmcmv_dados_prioritarios_af_caixa,logradouro_do_imóvel,nova
snh_pmcmv_dados_prioritarios|af_caixa|historico_recente,historico_recente_202412_snh_pmcmv_dados_prioritarios_af_caixa,longitude_do_imóvel,nova
snh_pmcmv_dados_prioritarios|af_caixa|historico_recente,historico_recente_202412_snh_pmcmv_dados_prioritarios_af_caixa,número_do_imóvel,nova
snh_pmcmv_dados_prioritarios|af_caixa|historico_recente,historico_recente_202412_snh_pmcmv_dados_prioritarios_af_caixa,quantidade_de_uhs_contratadas_do_ano_de_referência,nova
snh_pmcmv_dados_prioritarios|af_caixa|historico_recente,historico_recente_202412_snh_pmcmv_dados_prioritarios_af_caixa,quantidade_de_uhs_contratadas_em_janeiro_do_ano_de_referência,nova
snh_pmcmv_dados_prioritarios|af_caixa|historico_recente,historico_recente_202412_snh_pmcmv_dados_prioritarios_af_caixa,quantidade_de_uhs_distratadas,nova
snh_pmcmv_dados_prioritarios|af_caixa|historico_recente,historico_recente_202412_snh_pmcmv_dados_prioritarios_af_caixa,quantidade_de_uhs_distratadas_do_ano_de_referência,nova
snh_pmcmv_dados_prioritarios|af_caixa|historico_recente,historico_recente_202412_snh_pmcmv_dados_prioritarios_af_caixa,quantidade_de_uhs_distratadas_em_janeiro_do_ano_de_referência,nova
snh_pmcmv_dados_prioritarios|af_caixa|historico_recente,historico_recente_202412_snh_pmcmv_dados_prioritarios_af_caixa,quantidade_de_uhs_entregues_do_ano_de_referência,nova
snh_pmcmv_dados_prioritarios|af_caixa|historico_recente,historico_recente_202412_snh_pmcmv_dados_prioritarios_af_caixa,quantidade_de_uhs_entregues_em_janeiro_do_ano_de_referência,nova
snh_pmcmv_dados_prioritarios|af_caixa|historico_recente,historico_recente_202412_snh_pmcmv_dados_prioritarios_af_caixa,quantidade_de_uhs_vigentes_do_ano_de_referência,nova
snh_pmcmv_dados_prioritarios|af_caixa|historico_recente,historico_recente_202412_snh_pmcmv_dados_prioritarios_af_caixa,quantidade_de_uhs_vigentes_em_janeiro_do_ano_de_referência,nova
snh_pmcmv_dados_prioritarios|af_caixa|historico_recente,historico_recente_202412_snh_pmcmv_dados_prioritarios_af_caixa,situação_do_empreendimento_em_janeiro_do_ano_de_referência,nova
snh_pmcmv_dados_prioritarios|af_caixa|historico_recente,historico_recente_202412_snh_pmcmv_dados_prioritarios_af_caixa,unidades_habitacionais_a_serem_entregues,nova
snh_pmcmv_dados_prioritarios|af_caixa|historico_recente,historico_recente_202412_snh_pmcmv_dados_prioritarios_af_caixa,valor_desembolsado_do_ano_de_referência,nova
snh_pmcmv_dados_prioritarios|af_caixa|historico_recente,historico_recente_202412_snh_pmcmv_dados_prioritarios_af_caixa,classificação_dos_paralisados,removida
snh_pmcmv_dados_prioritarios|af_caixa|historico_recente,historico_recente_202412_snh_pmcmv_dados_prioritarios_af_caixa,mcmv_ogu_27_qtd_vigentes_janeiro_ano_dt_referencia,removida
snh_pmcmv_dados_prioritarios|af_caixa|historico_recente,historico_recente_202412_snh_pmcmv_dados_prioritarios_af_caixa,mcmv_ogu_28_qtd_entregues__ano_dt_referencia,removida
snh_pmcmv_dados_prioritarios|af_caixa|historico_recente,historico_recente_202412_snh_pmcmv_dados_prioritarios_af_caixa,mcmv_ogu_29_txt_situacao_empreendimento_janeiro_ano_dt_referenc,removida
snh_pmcmv_dados_prioritarios|af_caixa|historico_recente,historico_recente_202412_snh_pmcmv_dados_prioritarios_af_caixa,mcmv_ogu_30_vlr_desembolsado_no_ano_dt_referencia,removida
snh_pmcmv_dados_prioritarios|af_caixa|historico_recente,historico_recente_202412_snh_pmcmv_dados_prioritarios_af_caixa,mcmv_ogu_31_txt_detalha_situacao_empreendimento_janeiro_ano_dt_,removida
snh_pmcmv_dados_prioritarios|af_caixa|historico_recente,historico_recente_202501_snh_pmcmv_dados_prioritarios_af_caixa,bairro_do_imóvel,nova
snh_pmcmv_dados_prioritarios|af_caixa|historico_recente,historico_recente_202501_snh_pmcmv_dados_prioritarios_af_caixa,cep_do_imóvel,nova
snh_pmcmv_dados_prioritarios|af_caixa|historico_recente,historico_recente_202501_snh_pmcmv_dados_prioritarios_af_caixa,complemento_do_endereço_do_imóvel,nova
snh_pmcmv_dados_prioritarios|af_caixa|historico_recente,historico_recente_202501_snh_pmcmv_dados_prioritarios_af_caixa,data_da_previsão_da_entrega,nova
snh_pmcmv_dados_prioritarios|af_caixa|historico_recente,historico_recente_202501_snh_pmcmv_dados_prioritarios_af_caixa,detalhamento_da_situação_do_empreendimento,nova
snh_pmcmv_dados_prioritarios|af_caixa|historico_recente,historico_recente_202501_snh_pmcmv_dados_prioritarios_af_caixa,detalhamento_da_situação_do_empreendimento_em_janeiro_do_ano_,nova
snh_pmcmv_dados_prioritarios|af_caixa|historico_recente,historico_recente_202501_snh_pmcmv_dados_prioritarios_af_caixa,latitude_do_imóvel,nova
snh_pmcmv_dados_prioritarios|af_caixa|historico_recente,historico_recente_202501_snh_pmcmv_dados_prioritarios_af_caixa,logradouro_do_imóvel,nova
snh_pmcmv_dados_prioritarios|af_caixa|historico_recente,historico_recente_202501_snh_pmcmv_dados_prioritarios_af_caixa,longitude_do_imóvel,nova
snh_pmcmv_dados_prioritarios|af_caixa|historico_recente,historico_recente_202501_snh_pmcmv_dados_prioritarios_af_caixa,número_do_imóvel,nova
snh_pmcmv_dados_prioritarios|af_caixa|historico_recente,historico_recente_202501_snh_pmcmv_dados_prioritarios_af_caixa,quantidade_de_uhs_contratadas_do_ano_de_referência,nova
snh_pmcmv_dados_prioritarios|af_caixa|historico_recente,historico_recente_202501_snh_pmcmv_dados_prioritarios_af_caixa,quantidade_de_uhs_contratadas_em_janeiro_do_ano_de_referência,nova
snh_pmcmv_dados_prioritarios|af_caixa|historico_recente,historico_recente_202501_snh_pmcmv_dados_prioritarios_af_caixa,quantidade_de_uhs_distratadas,nova
snh_pmcmv_dados_prioritarios|af_caixa|historico_recente,historico_recente_202501_snh_pmcmv_dados_prioritarios_af_caixa,quantidade_de_uhs_distratadas_do_ano_de_referência,nova
snh_pmcmv_dados_prioritarios|af_caixa|historico_recente,historico_recente_202501_snh_pmcmv_dados_prioritarios_af_caixa,quantidade_de_uhs_distratadas_em_janeiro_do_ano_de_referência,nova
snh_pmcmv_dados_prioritarios|af_caixa|historico_recente,historico_recente_202501_snh_pmcmv_dados_prioritarios_af_caixa,quantidade_de_uhs_entregues_do_ano_de_referência,nova
snh_pmcmv_dados_prioritarios|af_caixa|historico_recente,historico_recente_202501_snh_pmcmv_dados_prioritarios_af_caixa,quantidade_de_uhs_entregues_em_janeiro_do_ano_de_referência,nova
snh_pmcmv_dados_prioritarios|af_caixa|historico_recente,historico_recente_202501_snh_pmcmv_dados_prioritarios_af_caixa,quantidade_de_uhs_vigentes_do_ano_de_referência,nova
snh_pmcmv_dados_prioritarios|af_caixa|historico_recente,historico_recente_202501_snh_pmcmv_dados_prioritarios_af_caixa,quantidade_de_uhs_vigentes_em_janeiro_do_ano_de_referência,nova
snh_pmcmv_dados_prioritarios|af_caixa|historico_recente,historico_recente_202501_snh_pmcmv_dados_prioritarios_af_caixa,situação_do_empreendimento_em_janeiro_do_ano_de_referência,nova
snh_pmcmv_dados_prioritarios|af_caixa|historico_recente,historico_recente_202501_snh_pmcmv_dados_prioritarios_af_caixa,unidades_habitacionais_a_serem_entregues,nova
snh_pmcmv_dados_prioritarios|af_caixa|historico_recente,historico_recente_202501_snh_pmcmv_dados_prioritarios_af_caixa,valor_desembolsado_do_ano_de_referência,nova
snh_pmcmv_dados_prioritarios|af_caixa|historico_recente,historico_recente_202501_snh_pmcmv_dados_prioritarios_af_caixa,classificação_dos_paralisados,removida
snh_pmcmv_dados_prioritarios|af_caixa|historico_recente,historico_recente_202501_snh_pmcmv_dados_prioritarios_af_caixa,mcmv_ogu_27_qtd_vigentes_janeiro_ano_dt_referencia,removida
snh_pmcmv_dados_prioritarios|af_caixa|historico_recente,historico_recente_202501_snh_pmcmv_dados_prioritarios_af_caixa,mcmv_ogu_28_qtd_entregues__ano_dt_referencia,removida
snh_pmcmv_dados_prioritarios|af_caixa|historico_recente,historico_recente_202501_snh_pmcmv_dados_prioritarios_af_caixa,mcmv_ogu_29_txt_situacao_empreendimento_janeiro_ano_dt_referenc,removida
snh_pmcmv_dados_prioritarios|af_caixa|historico_recente,historico_recente_202501_snh_pmcmv_dados_prioritarios_af_caixa,mcmv_ogu_30_vlr_desembolsado_no_ano_dt_referencia,removida
snh_pmcmv_dados_prioritarios|af_caixa|historico_recente,historico_recente_202501_snh_pmcmv_dados_prioritarios_af_caixa,mcmv_ogu_31_txt_detalha_situacao_empreendimento_janeiro_ano_dt_,removida
snh_pmcmv_dados_prioritarios|af_caixa|historico_recente,historico_recente_202502_snh_pmcmv_dados_prioritarios_af_caixa,bairro_do_imóvel,nova
snh_pmcmv_dados_prioritarios|af_caixa|historico_recente,historico_recente_202502_snh_pmcmv_dados_prioritarios_af_caixa,cep_do_imóvel,nova
snh_pmcmv_dados_prioritarios|af_caixa|historico_recente,historico_recente_202502_snh_pmcmv_dados_prioritarios_af_caixa,complemento_do_endereço_do_imóvel,nova
snh_pmcmv_dados_prioritarios|af_caixa|historico_recente,historico_recente_202502_snh_pmcmv_dados_prioritarios_af_caixa,data_da_previsão_da_entrega,nova
snh_pmcmv_dados_prioritarios|af_caixa|historico_recente,historico_recente_202502_snh_pmcmv_dados_prioritarios_af_caixa,detalhamento_da_situação_do_empreendimento,nova
snh_pmcmv_dados_prioritarios|af_caixa|historico_recente,historico_recente_202502_snh_pmcmv_dados_prioritarios_af_caixa,detalhamento_da_situação_do_empreendimento_em_janeiro_do_ano_,nova
snh_pmcmv_dados_prioritarios|af_caixa|historico_recente,historico_recente_202502_snh_pmcmv_dados_prioritarios_af_caixa,latitude_do_imóvel,nova
snh_pmcmv_dados_prioritarios|af_caixa|historico_recente,historico_recente_202502_snh_pmcmv_dados_prioritarios_af_caixa,logradouro_do_imóvel,nova
snh_pmcmv_dados_prioritarios|af_caixa|historico_recente,historico_recente_202502_snh_pmcmv_dados_prioritarios_af_caixa,longitude_do_imóvel,nova
snh_pmcmv_dados_prioritarios|af_caixa|historico_recente,historico_recente_202502_snh_pmcmv_dados_prioritarios_af_caixa,número_do_imóvel,nova
snh_pmcmv_dados_prioritarios|af_caixa|historico_recente,historico_recente_202502_snh_pmcmv_dados_prioritarios_af_caixa,quantidade_de_uhs_contratadas_do_ano_de_referência,nova
snh_pmcmv_dados_prioritarios|af_caixa|historico_recente,historico_recente_202502_snh_pmcmv_dados_prioritarios_af_caixa,quantidade_de_uhs_contratadas_em_janeiro_do_ano_de_referência,nova
snh_pmcmv_dados_prioritarios|af_caixa|historico_recente,historico_recente_202502_snh_pmcmv_dados_prioritarios_af_caixa,quantidade_de_uhs_distratadas,nova
snh_pmcmv_dados_prioritarios|af_caixa|historico_recente,historico_recente_202502_snh_pmcmv_dados_prioritarios_af_caixa,quantidade_de_uhs_distratadas_do_ano_de_referência,nova
snh_pmcmv_dados_prioritarios|af_caixa|historico_recente,historico_recente_202502_snh_pmcmv_dados_prioritarios_af_caixa,quantidade_de_uhs_distratadas_em_janeiro_do_ano_de_referência,nova
snh_pmcmv_dados_prioritarios|af_caixa|historico_recente,historico_recente_202502_snh_pmcmv_dados_prioritarios_af_caixa,quantidade_de_uhs_entregues_do_ano_de_referência,nova
snh_pmcmv_dados_prioritarios|af_caixa|historico_recente,historico_recente_202502_snh_pmcmv_dados_prioritarios_af_caixa,quantidade_de_uhs_entregues_em_janeiro_do_ano_de_referência,nova
snh_pmcmv_dados_prioritarios|af_caixa|historico_recente,historico_recente_202502_snh_pmcmv_dados_prioritarios_af_caixa,quantidade_de_uhs_vigentes_do_ano_de_referência,nova
snh_pmcmv_dados_prioritarios|af_caixa|historico_recente,historico_recente_202502_snh_pmcmv_dados_prioritarios_af_caixa,quantidade_de_uhs_vigentes_em_janeiro_do_ano_de_referência,nova
snh_pmcmv_dados_prioritarios|af_caixa|historico_recente,historico_recente_202502_snh_pmcmv_dados_prioritarios_af_caixa,situação_do_empreendimento_em_janeiro_do_ano_de_referência,nova
snh_pmcmv_dados_prioritarios|af_caixa|historico_recente,historico_recente_202502_snh_pmcmv_dados_prioritarios_af_caixa,unidades_habitacionais_a_serem_entregues,nova
snh_pmcmv_dados_prioritarios|af_caixa|historico_recente,historico_recente_202502_snh_pmcmv_dados_prioritarios_af_caixa,valor_desembolsado_do_ano_de_referência,nova
snh_pmcmv_dados_prioritarios|af_caixa|historico_recente,historico_recente_202502_snh_pmcmv_dados_prioritarios_af_caixa,classificação_dos_paralisados,removida
snh_pmcmv_dados_prioritarios|af_caixa|historico_recente,historico_recente_202502_snh_pmcmv_dados_prioritarios_af_caixa,mcmv_ogu_27_qtd_vigentes_janeiro_ano_dt_referencia,removida
snh_pmcmv_dados_prioritarios|af_caixa|historico_recente,historico_recente_202502_snh_pmcmv_dados_prioritarios_af_caixa,mcmv_ogu_28_qtd_entregues__ano_dt_referencia,removida
snh_pmcmv_dados_prioritarios|af_caixa|historico_recente,historico_recente_202502_snh_pmcmv_dados_prioritarios_af_caixa,mcmv_ogu_29_txt_situacao_empreendimento_janeiro_ano_dt_referenc,removida
snh_pmcmv_dados_prioritarios|af_caixa|historico_recente,historico_recente_202502_snh_pmcmv_dados_prioritarios_af_caixa,mcmv_ogu_30_vlr_desembolsado_no_ano_dt_referencia,removida
snh_pmcmv_dados_prioritarios|af_caixa|historico_recente,historico_recente_202502_snh_pmcmv_dados_prioritarios_af_caixa,mcmv_ogu_31_txt_detalha_situacao_empreendimento_janeiro_ano_dt_,removida
snh_pmcmv_dados_prioritarios|af_caixa|historico_recente,historico_recente_202503_snh_pmcmv_dados_prioritarios_af_caixa,bairro_do_imóvel,nova
snh_pmcmv_dados_prioritarios|af_caixa|historico_recente,historico_recente_202503_snh_pmcmv_dados_prioritarios_af_caixa,cep_do_imóvel,nova
snh_pmcmv_dados_prioritarios|af_caixa|historico_recente,historico_recente_202503_snh_pmcmv_dados_prioritarios_af_caixa,complemento_do_endereço_do_imóvel,nova
snh_pmcmv_dados_prioritarios|af_caixa|historico_recente,historico_recente_202503_snh_pmcmv_dados_prioritarios_af_caixa,data_da_previsão_da_entrega,nova
snh_pmcmv_dados_prioritarios|af_caixa|historico_recente,historico_recente_202503_snh_pmcmv_dados_prioritarios_af_caixa,detalhamento_da_situação_do_empreendimento,nova
snh_pmcmv_dados_prioritarios|af_caixa|historico_recente,historico_recente_202503_snh_pmcmv_dados_prioritarios_af_caixa,detalhamento_da_situação_do_empreendimento_em_janeiro_do_ano_,nova
snh_pmcmv_dados_prioritarios|af_caixa|historico_recente,historico_recente_202503_snh_pmcmv_dados_prioritarios_af_caixa,latitude_do_imóvel,nova
snh_pmcmv_dados_prioritarios|af_caixa|historico_recente,historico_recente_202503_snh_pmcmv_dados_prioritarios_af_caixa,logradouro_do_imóvel,nova
snh_pmcmv_dados_prioritarios|af_caixa|historico_recente,historico_recente_202503_snh_pmcmv_dados_prioritarios_af_caixa,longitude_do_imóvel,nova
snh_pmcmv_dados_prioritarios|af_caixa|historico_recente,historico_recente_202503_snh_pmcmv_dados_prioritarios_af_caixa,número_do_imóvel,nova
snh_pmcmv_dados_prioritarios|af_caixa|historico_recente,historico_recente_202503_snh_pmcmv_dados_prioritarios_af_caixa,quantidade_de_uhs_contratadas_do_ano_de_referência,nova
snh_pmcmv_dados_prioritarios|af_caixa|historico_recente,historico_recente_202503_snh_pmcmv_dados_prioritarios_af_caixa,quantidade_de_uhs_contratadas_em_janeiro_do_ano_de_referência,nova
snh_pmcmv_dados_prioritarios|af_caixa|historico_recente,historico_recente_202503_snh_pmcmv_dados_prioritarios_af_caixa,quantidade_de_uhs_distratadas,nova
snh_pmcmv_dados_prioritarios|af_caixa|historico_recente,historico_recente_202503_snh_pmcmv_dados_prioritarios_af_caixa,quantidade_de_uhs_distratadas_do_ano_de_referência,nova
snh_pmcmv_dados_prioritarios|af_caixa|historico_recente,historico_recente_202503_snh_pmcmv_dados_prioritarios_af_caixa,quantidade_de_uhs_distratadas_em_janeiro_do_ano_de_referência,nova
snh_pmcmv_dados_prioritarios|af_caixa|historico_recente,historico_recente_202503_snh_pmcmv_dados_prioritarios_af_caixa,quantidade_de_uhs_entregues_do_ano_de_referência,nova
snh_pmcmv_dados_prioritarios|af_caixa|historico_recente,historico_recente_202503_snh_pmcmv_dados_prioritarios_af_caixa,quantidade_de_uhs_entregues_em_janeiro_do_ano_de_referência,nova
snh_pmcmv_dados_prioritarios|af_caixa|historico_recente,historico_recente_202503_snh_pmcmv_dados_prioritarios_af_caixa,quantidade_de_uhs_vigentes_do_ano_de_referência,nova
snh_pmcmv_dados_prioritarios|af_caixa|historico_recente,historico_recente_202503_snh_pmcmv_dados_prioritarios_af_caixa,quantidade_de_uhs_vigentes_em_janeiro_do_ano_de_referência,nova
snh_pmcmv_dados_prioritarios|af_caixa|historico_recente,historico_recente_202503_snh_pmcmv_dados_prioritarios_af_caixa,situação_do_empreendimento_em_janeiro_do_ano_de_referência,nova
snh_pmcmv_dados_prioritarios|af_caixa|historico_recente,historico_recente_202503_snh_pmcmv_dados_prioritarios_af_caixa,unidades_habitacionais_a_serem_entregues,nova
snh_pmcmv_dados_prioritarios|af_caixa|historico_recente,historico_recente_202503_snh_pmcmv_dados_prioritarios_af_caixa,valor_desembolsado_do_ano_de_referência,nova
snh_pmcmv_dados_prioritarios|af_caixa|historico_recente,historico_recente_202503_snh_pmcmv_dados_prioritarios_af_caixa,classificação_dos_paralisados,removida
snh_pmcmv_dados_prioritarios|af_caixa|historico_recente,historico_recente_202503_snh_pmcmv_dados_prioritarios_af_caixa,mcmv_ogu_27_qtd_vigentes_janeiro_ano_dt_referencia,removida
snh_pmcmv_dados_prioritarios|af_caixa|historico_recente,historico_recente_202503_snh_pmcmv_dados_prioritarios_af_caixa,mcmv_ogu_28_qtd_entregues__ano_dt_referencia,removida
snh_pmcmv_dados_prioritarios|af_caixa|historico_recente,historico_recente_202503_snh_pmcmv_dados_prioritarios_af_caixa,mcmv_ogu_29_txt_situacao_empreendimento_janeiro_ano_dt_referenc,removida
snh_pmcmv_dados_prioritarios|af_caixa|historico_recente,historico_recente_202503_snh_pmcmv_dados_prioritarios_af_caixa,mcmv_ogu_30_vlr_desembolsado_no_ano_dt_referencia,removida
snh_pmcmv_dados_prioritarios|af_caixa|historico_recente,historico_recente_202503_snh_pmcmv_dados_prioritarios_af_caixa,mcmv_ogu_31_txt_detalha_situacao_empreendimento_janeiro_ano_dt_,removida
snh_pmcmv_dados_prioritarios|af_caixa|historico_recente,historico_recente_202504_snh_pmcmv_dados_prioritarios_af_caixa,bairro_do_imóvel,nova
snh_pmcmv_dados_prioritarios|af_caixa|historico_recente,historico_recente_202504_snh_pmcmv_dados_prioritarios_af_caixa,cep_do_imóvel,nova
snh_pmcmv_dados_prioritarios|af_caixa|historico_recente,historico_recente_202504_snh_pmcmv_dados_prioritarios_af_caixa,complemento_do_endereço_do_imóvel,nova
snh_pmcmv_dados_prioritarios|af_caixa|historico_recente,historico_recente_202504_snh_pmcmv_dados_prioritarios_af_caixa,data_da_previsão_da_entrega,nova
snh_pmcmv_dados_prioritarios|af_caixa|historico_recente,historico_recente_202504_snh_pmcmv_dados_prioritarios_af_caixa,detalhamento_da_situação_do_empreendimento,nova
snh_pmcmv_dados_prioritarios|af_caixa|historico_recente,historico_recente_202504_snh_pmcmv_dados_prioritarios_af_caixa,detalhamento_da_situação_do_empreendimento_em_janeiro_do_ano_,nova
snh_pmcmv_dados_prioritarios|af_caixa|historico_recente,historico_recente_202504_snh_pmcmv_dados_prioritarios_af_caixa,latitude_do_imóvel,nova
snh_pmcmv_dados_prioritarios|af_caixa|historico_recente,historico_recente_202504_snh_pmcmv_dados_prioritarios_af_caixa,logradouro_do_imóvel,nova
snh_pmcmv_dados_prioritarios|af_caixa|historico_recente,historico_recente_202504_snh_pmcmv_dados_prioritarios_af_caixa,longitude_do_imóvel,nova
snh_pmcmv_dados_prioritarios|af_caixa|historico_recente,historico_recente_202504_snh_pmcmv_dados_prioritarios_af_caixa,número_do_imóvel,nova
snh_pmcmv_dados_prioritarios|af_caixa|historico_recente,historico_recente_202504_snh_pmcmv_dados_prioritarios_af_caixa,quantidade_de_uhs_contratadas_do_ano_de_referência,nova
snh_pmcmv_dados_prioritarios|af_caixa|historico_recente,historico_recente_202504_snh_pmcmv_dados_prioritarios_af_caixa,quantidade_de_uhs_contratadas_em_janeiro_do_ano_de_referência,nova
snh_pmcmv_dados_prioritarios|af_caixa|historico_recente,historico_recente_202504_snh_pmcmv_dados_prioritarios_af_caixa,quantidade_de_uhs_distratadas,nova
snh_pmcmv_dados_prioritarios|af_caixa|historico_recente,historico_recente_202504_snh_pmcmv_dados_prioritarios_af_caixa,quantidade_de_uhs_distratadas_do_ano_de_referência,nova
snh_pmcmv_dados_prioritarios|af_caixa|historico_recente,historico_recente_202504_snh_pmcmv_dados_prioritarios_af_caixa,quantidade_de_uhs_distratadas_em_janeiro_do_ano_de_referência,nova
snh_pmcmv_dados_prioritarios|af_caixa|historico_recente,historico_recente_202504_snh_pmcmv_dados_prioritarios_af_caixa,quantidade_de_uhs_entregues_do_ano_de_referência,nova
snh_pmcmv_dados_prioritarios|af_caixa|historico_recente,historico_recente_202504_snh_pmcmv_dados_prioritarios_af_caixa,quantidade_de_uhs_entregues_em_janeiro_do_ano_de_referência,nova
snh_pmcmv_dados_prioritarios|af_caixa|historico_recente,historico_recente_202504_snh_pmcmv_dados_prioritarios_af_caixa,quantidade_de_uhs_vigentes_do_ano_de_referência,nova
snh_pmcmv_dados_prioritarios|af_caixa|historico_recente,historico_recente_202504_snh_pmcmv_dados_prioritarios_af_caixa,quantidade_de_uhs_vigentes_em_janeiro_do_ano_de_referência,nova
snh_pmcmv_dados_prioritarios|af_caixa|historico_recente,historico_recente_202504_snh_pmcmv_dados_prioritarios_af_caixa,situação_do_empreendimento_em_janeiro_do_ano_de_referência,nova
snh_pmcmv_dados_prioritarios|af_caixa|historico_recente,historico_recente_202504_snh_pmcmv_dados_prioritarios_af_caixa,unidades_habitacionais_a_serem_entregues,nova
snh_pmcmv_dados_prioritarios|af_caixa|historico_recente,historico_recente_202504_snh_pmcmv_dados_prioritarios_af_caixa,valor_desembolsado_do_ano_de_referência,nova
snh_pmcmv_dados_prioritarios|af_caixa|historico_recente,historico_recente_202504_snh_pmcmv_dados_prioritarios_af_caixa,classificação_dos_paralisados,removida
snh_pmcmv_dados_prioritarios|af_caixa|historico_recente,historico_recente_202504_snh_pmcmv_dados_prioritarios_af_caixa,mcmv_ogu_27_qtd_vigentes_janeiro_ano_dt_referencia,removida
snh_pmcmv_dados_prioritarios|af_caixa|historico_recente,historico_recente_202504_snh_pmcmv_dados_prioritarios_af_caixa,mcmv_ogu_28_qtd_entregues__ano_dt_referencia,removida
snh_pmcmv_dados_prioritarios|af_caixa|historico_recente,historico_recente_202504_snh_pmcmv_dados_prioritarios_af_caixa,mcmv_ogu_29_txt_situacao_empreendimento_janeiro_ano_dt_referenc,removida
snh_pmcmv_dados_prioritarios|af_caixa|historico_recente,historico_recente_202504_snh_pmcmv_dados_prioritarios_af_caixa,mcmv_ogu_30_vlr_desembolsado_no_ano_dt_referencia,removida
snh_pmcmv_dados_prioritarios|af_caixa|historico_recente,historico_recente_202504_snh_pmcmv_dados_prioritarios_af_caixa,mcmv_ogu_31_txt_detalha_situacao_empreendimento_janeiro_ano_dt_,removida
snh_pmcmv_dados_prioritarios|af_caixa|historico_recente,historico_recente_202505_snh_pmcmv_dados_prioritarios_af_caixa,bairro_do_imóvel,nova
snh_pmcmv_dados_prioritarios|af_caixa|historico_recente,historico_recente_202505_snh_pmcmv_dados_prioritarios_af_caixa,cep_do_imóvel,nova
snh_pmcmv_dados_prioritarios|af_caixa|historico_recente,historico_recente_202505_snh_pmcmv_dados_prioritarios_af_caixa,complemento_do_endereço_do_imóvel,nova
snh_pmcmv_dados_prioritarios|af_caixa|historico_recente,historico_recente_202505_snh_pmcmv_dados_prioritarios_af_caixa,data_da_previsão_da_entrega,nova
snh_pmcmv_dados_prioritarios|af_caixa|historico_recente,historico_recente_202505_snh_pmcmv_dados_prioritarios_af_caixa,detalhamento_da_situação_do_empreendimento,nova
snh_pmcmv_dados_prioritarios|af_caixa|historico_recente,historico_recente_202505_snh_pmcmv_dados_prioritarios_af_caixa,detalhamento_da_situação_do_empreendimento_em_janeiro_do_ano_,nova
snh_pmcmv_dados_prioritarios|af_caixa|historico_recente,historico_recente_202505_snh_pmcmv_dados_prioritarios_af_caixa,latitude_do_imóvel,nova
snh_pmcmv_dados_prioritarios|af_caixa|historico_recente,historico_recente_202505_snh_pmcmv_dados_prioritarios_af_caixa,logradouro_do_imóvel,nova
snh_pmcmv_dados_prioritarios|af_caixa|historico_recente,historico_recente_202505_snh_pmcmv_dados_prioritarios_af_caixa,longitude_do_imóvel,nova
snh_pmcmv_dados_prioritarios|af_caixa|historico_recente,historico_recente_202505_snh_pmcmv_dados_prioritarios_af_caixa,número_do_imóvel,nova
snh_pmcmv_dados_prioritarios|af_caixa|historico_recente,historico_recente_202505_snh_pmcmv_dados_prioritarios_af_caixa,quantidade_de_uhs_contratadas_do_ano_de_referência,nova
snh_pmcmv_dados_prioritarios|af_caixa|historico_recente,historico_recente_202505_snh_pmcmv_dados_prioritarios_af_caixa,quantidade_de_uhs_contratadas_em_janeiro_do_ano_de_referência,nova
snh_pmcmv_dados_prioritarios|af_caixa|historico_recente,historico_recente_202505_snh_pmcmv_dados_prioritarios_af_caixa,quantidade_de_uhs_distratadas,nova
snh_pmcmv_dados_prioritarios|af_caixa|historico_recente,historico_recente_202505_snh_pmcmv_dados_prioritarios_af_caixa,quantidade_de_uhs_distratadas_do_ano_de_referência,nova
snh_pmcmv_dados_prioritarios|af_caixa|historico_recente,historico_recente_202505_snh_pmcmv_dados_prioritarios_af_caixa,quantidade_de_uhs_distratadas_em_janeiro_do_ano_de_referência,nova
snh_pmcmv_dados_prioritarios|af_caixa|historico_recente,historico_recente_202505_snh_pmcmv_dados_prioritarios_af_caixa,quantidade_de_uhs_entregues_do_ano_de_referência,nova
snh_pmcmv_dados_prioritarios|af_caixa|historico_recente,historico_recente_202505_snh_pmcmv_dados_prioritarios_af_caixa,quantidade_de_uhs_entregues_em_janeiro_do_ano_de_referência,nova
snh_pmcmv_dados_prioritarios|af_caixa|historico_recente,historico_recente_202505_snh_pmcmv_dados_prioritarios_af_caixa,quantidade_de_uhs_vigentes_do_ano_de_referência,nova
snh_pmcmv_dados_prioritarios|af_caixa|historico_recente,historico_recente_202505_snh_pmcmv_dados_prioritarios_af_caixa,quantidade_de_uhs_vigentes_em_janeiro_do_ano_de_referência,nova
snh_pmcmv_dados_prioritarios|af_caixa|historico_recente,historico_recente_202505_snh_pmcmv_dados_prioritarios_af_caixa,situação_do_empreendimento_em_janeiro_do_ano_de_referência,nova
snh_pmcmv_dados_prioritarios|af_caixa|historico_recente,historico_recente_202505_snh_pmcmv_dados_prioritarios_af_caixa,unidades_habitacionais_a_serem_entregues,nova
snh_pmcmv_dados_prioritarios|af_caixa|historico_recente,historico_recente_202505_snh_pmcmv_dados_prioritarios_af_caixa,valor_desembolsado_do_ano_de_referência,nova
snh_pmcmv_dados_prioritarios|af_caixa|historico_recente,historico_recente_202505_snh_pmcmv_dados_prioritarios_af_caixa,classificação_dos_paralisados,removida
snh_pmcmv_dados_prioritarios|af_caixa|historico_recente,historico_recente_202505_snh_pmcmv_dados_prioritarios_af_caixa,mcmv_ogu_27_qtd_vigentes_janeiro_ano_dt_referencia,removida
snh_pmcmv_dados_prioritarios|af_caixa|historico_recente,historico_recente_202505_snh_pmcmv_dados_prioritarios_af_caixa,mcmv_ogu_28_qtd_entregues__ano_dt_referencia,removida
snh_pmcmv_dados_prioritarios|af_caixa|historico_recente,historico_recente_202505_snh_pmcmv_dados_prioritarios_af_caixa,mcmv_ogu_29_txt_situacao_empreendimento_janeiro_ano_dt_referenc,removida
snh_pmcmv_dados_prioritarios|af_caixa|historico_recente,historico_recente_202505_snh_pmcmv_dados_prioritarios_af_caixa,mcmv_ogu_30_vlr_desembolsado_no_ano_dt_referencia,removida
snh_pmcmv_dados_prioritarios|af_caixa|historico_recente,historico_recente_202505_snh_pmcmv_dados_prioritarios_af_caixa,mcmv_ogu_31_txt_detalha_situacao_empreendimento_janeiro_ano_dt_,removida
snh_pmcmv_dados_prioritarios|af_caixa|historico_recente,historico_recente_202506_snh_pmcmv_dados_prioritarios_af_caixa,bairro_do_imóvel,nova
snh_pmcmv_dados_prioritarios|af_caixa|historico_recente,historico_recente_202506_snh_pmcmv_dados_prioritarios_af_caixa,cep_do_imóvel,nova
snh_pmcmv_dados_prioritarios|af_caixa|historico_recente,historico_recente_202506_snh_pmcmv_dados_prioritarios_af_caixa,complemento_do_endereço_do_imóvel,nova
snh_pmcmv_dados_prioritarios|af_caixa|historico_recente,historico_recente_202506_snh_pmcmv_dados_prioritarios_af_caixa,data_da_previsão_da_entrega,nova
snh_pmcmv_dados_prioritarios|af_caixa|historico_recente,historico_recente_202506_snh_pmcmv_dados_prioritarios_af_caixa,detalhamento_da_situação_do_empreendimento,nova
snh_pmcmv_dados_prioritarios|af_caixa|historico_recente,historico_recente_202506_snh_pmcmv_dados_prioritarios_af_caixa,detalhamento_da_situação_do_empreendimento_em_janeiro_do_ano_,nova
snh_pmcmv_dados_prioritarios|af_caixa|historico_recente,historico_recente_202506_snh_pmcmv_dados_prioritarios_af_caixa,latitude_do_imóvel,nova
snh_pmcmv_dados_prioritarios|af_caixa|historico_recente,historico_recente_202506_snh_pmcmv_dados_prioritarios_af_caixa,logradouro_do_imóvel,nova
snh_pmcmv_dados_prioritarios|af_caixa|historico_recente,historico_recente_202506_snh_pmcmv_dados_prioritarios_af_caixa,longitude_do_imóvel,nova
snh_pmcmv_dados_prioritarios|af_caixa|historico_recente,historico_recente_202506_snh_pmcmv_dados_prioritarios_af_caixa,número_do_imóvel,nova
snh_pmcmv_dados_prioritarios|af_caixa|historico_recente,historico_recente_202506_snh_pmcmv_dados_prioritarios_af_caixa,quantidade_de_uhs_contratadas_do_ano_de_referência,nova
snh_pmcmv_dados_prioritarios|af_caixa|historico_recente,historico_recente_202506_snh_pmcmv_dados_prioritarios_af_caixa,quantidade_de_uhs_contratadas_em_janeiro_do_ano_de_referência,nova
snh_pmcmv_dados_prioritarios|af_caixa|historico_recente,historico_recente_202506_snh_pmcmv_dados_prioritarios_af_caixa,quantidade_de_uhs_distratadas,nova
snh_pmcmv_dados_prioritarios|af_caixa|historico_recente,historico_recente_202506_snh_pmcmv_dados_prioritarios_af_caixa,quantidade_de_uhs_distratadas_do_ano_de_referência,nova
snh_pmcmv_dados_prioritarios|af_caixa|historico_recente,historico_recente_202506_snh_pmcmv_dados_prioritarios_af_caixa,quantidade_de_uhs_distratadas_em_janeiro_do_ano_de_referência,nova
snh_pmcmv_dados_prioritarios|af_caixa|historico_recente,historico_recente_202506_snh_pmcmv_dados_prioritarios_af_caixa,quantidade_de_uhs_entregues_do_ano_de_referência,nova
snh_pmcmv_dados_prioritarios|af_caixa|historico_recente,historico_recente_202506_snh_pmcmv_dados_prioritarios_af_caixa,quantidade_de_uhs_entregues_em_janeiro_do_ano_de_referência,nova
snh_pmcmv_dados_prioritarios|af_caixa|historico_recente,historico_recente_202506_snh_pmcmv_dados_prioritarios_af_caixa,quantidade_de_uhs_vigentes_do_ano_de_referência,nova
snh_pmcmv_dados_prioritarios|af_caixa|historico_recente,historico_recente_202506_snh_pmcmv_dados_prioritarios_af_caixa,quantidade_de_uhs_vigentes_em_janeiro_do_ano_de_referência,nova
snh_pmcmv_dados_prioritarios|af_caixa|historico_recente,historico_recente_202506_snh_pmcmv_dados_prioritarios_af_caixa,situação_do_empreendimento_em_janeiro_do_ano_de_referência,nova
snh_pmcmv_dados_prioritarios|af_caixa|historico_recente,historico_recente_202506_snh_pmcmv_dados_prioritarios_af_caixa,unidades_habitacionais_a_serem_entregues,nova
snh_pmcmv_dados_prioritarios|af_caixa|historico_recente,historico_recente_202506_snh_pmcmv_dados_prioritarios_af_caixa,valor_desembolsado_do_ano_de_referência,nova
snh_pmcmv_dados_prioritarios|af_caixa|historico_recente,historico_recente_202506_snh_pmcmv_dados_prioritarios_af_caixa,classificação_dos_paralisados,removida
snh_pmcmv_dados_prioritarios|af_caixa|historico_recente,historico_recente_202506_snh_pmcmv_dados_prioritarios_af_caixa,mcmv_ogu_27_qtd_vigentes_janeiro_ano_dt_referencia,removida
snh_pmcmv_dados_prioritarios|af_caixa|historico_recente,historico_recente_202506_snh_pmcmv_dados_prioritarios_af_caixa,mcmv_ogu_28_qtd_entregues__ano_dt_referencia,removida
snh_pmcmv_dados_prioritarios|af_caixa|historico_recente,historico_recente_202506_snh_pmcmv_dados_prioritarios_af_caixa,mcmv_ogu_29_txt_situacao_empreendimento_janeiro_ano_dt_referenc,removida
snh_pmcmv_dados_prioritarios|af_caixa|historico_recente,historico_recente_202506_snh_pmcmv_dados_prioritarios_af_caixa,mcmv_ogu_30_vlr_desembolsado_no_ano_dt_referencia,removida
snh_pmcmv_dados_prioritarios|af_caixa|historico_recente,historico_recente_202506_snh_pmcmv_dados_prioritarios_af_caixa,mcmv_ogu_31_txt_detalha_situacao_empreendimento_janeiro_ano_dt_,removida
snh_pmcmv_dados_prioritarios|af_caixa|historico_recente,historico_recente_202507_snh_pmcmv_dados_prioritarios_af_caixa,bairro_do_imóvel,nova
snh_pmcmv_dados_prioritarios|af_caixa|historico_recente,historico_recente_202507_snh_pmcmv_dados_prioritarios_af_caixa,cep_do_imóvel,nova
snh_pmcmv_dados_prioritarios|af_caixa|historico_recente,historico_recente_202507_snh_pmcmv_dados_prioritarios_af_caixa,complemento_do_endereço_do_imóvel,nova
snh_pmcmv_dados_prioritarios|af_caixa|historico_recente,historico_recente_202507_snh_pmcmv_dados_prioritarios_af_caixa,data_da_previsão_da_entrega,nova
snh_pmcmv_dados_prioritarios|af_caixa|historico_recente,historico_recente_202507_snh_pmcmv_dados_prioritarios_af_caixa,detalhamento_da_situação_do_empreendimento,nova
snh_pmcmv_dados_prioritarios|af_caixa|historico_recente,historico_recente_202507_snh_pmcmv_dados_prioritarios_af_caixa,detalhamento_da_situação_do_empreendimento_em_janeiro_do_ano_,nova
snh_pmcmv_dados_prioritarios|af_caixa|historico_recente,historico_recente_202507_snh_pmcmv_dados_prioritarios_af_caixa,latitude_do_imóvel,nova
snh_pmcmv_dados_prioritarios|af_caixa|historico_recente,historico_recente_202507_snh_pmcmv_dados_prioritarios_af_caixa,logradouro_do_imóvel,nova
snh_pmcmv_dados_prioritarios|af_caixa|historico_recente,historico_recente_202507_snh_pmcmv_dados_prioritarios_af_caixa,longitude_do_imóvel,nova
snh_pmcmv_dados_prioritarios|af_caixa|historico_recente,historico_recente_202507_snh_pmcmv_dados_prioritarios_af_caixa,número_do_imóvel,nova
snh_pmcmv_dados_prioritarios|af_caixa|historico_recente,historico_recente_202507_snh_pmcmv_dados_prioritarios_af_caixa,quantidade_de_uhs_contratadas_do_ano_de_referência,nova
snh_pmcmv_dados_prioritarios|af_caixa|historico_recente,historico_recente_202507_snh_pmcmv_dados_prioritarios_af_caixa,quantidade_de_uhs_contratadas_em_janeiro_do_ano_de_referência,nova
snh_pmcmv_dados_prioritarios|af_caixa|historico_recente,historico_recente_202507_snh_pmcmv_dados_prioritarios_af_caixa,quantidade_de_uhs_distratadas,nova
snh_pmcmv_dados_prioritarios|af_caixa|historico_recente,historico_recente_202507_snh_pmcmv_dados_prioritarios_af_caixa,quantidade_de_uhs_distratadas_do_ano_de_referência,nova
snh_pmcmv_dados_prioritarios|af_caixa|historico_recente,historico_recente_202507_snh_pmcmv_dados_prioritarios_af_caixa,quantidade_de_uhs_distratadas_em_janeiro_do_ano_de_referência,nova
snh_pmcmv_dados_prioritarios|af_caixa|historico_recente,historico_recente_202507_snh_pmcmv_dados_prioritarios_af_caixa,quantidade_de_uhs_entregues_do_ano_de_referência,nova
snh_pmcmv_dados_prioritarios|af_caixa|historico_recente,historico_recente_202507_snh_pmcmv_dados_prioritarios_af_caixa,quantidade_de_uhs_entregues_em_janeiro_do_ano_de_referência,nova
snh_pmcmv_dados_prioritarios|af_caixa|historico_recente,historico_recente_202507_snh_pmcmv_dados_prioritarios_af_caixa,quantidade_de_uhs_vigentes_do_ano_de_referência,nova
snh_pmcmv_dados_prioritarios|af_caixa|historico_recente,historico_recente_202507_snh_pmcmv_dados_prioritarios_af_caixa,quantidade_de_uhs_vigentes_em_janeiro_do_ano_de_referência,nova
snh_pmcmv_dados_prioritarios|af_caixa|historico_recente,historico_recente_202507_snh_pmcmv_dados_prioritarios_af_caixa,situação_do_empreendimento_em_janeiro_do_ano_de_referência,nova
snh_pmcmv_dados_prioritarios|af_caixa|historico_recente,historico_recente_202507_snh_pmcmv_dados_prioritarios_af_caixa,unidades_habitacionais_a_serem_entregues,nova
snh_pmcmv_dados_prioritarios|af_caixa|historico_recente,historico_recente_202507_snh_pmcmv_dados_prioritarios_af_caixa,valor_desembolsado_do_ano_de_referência,nova
snh_pmcmv_dados_prioritarios|af_caixa|historico_recente,historico_recente_202507_snh_pmcmv_dados_prioritarios_af_caixa,classificação_dos_paralisados,removida
snh_pmcmv_dados_prioritarios|af_caixa|historico_recente,historico_recente_202507_snh_pmcmv_dados_prioritarios_af_caixa,mcmv_ogu_27_qtd_vigentes_janeiro_ano_dt_referencia,removida
snh_pmcmv_dados_prioritarios|af_caixa|historico_recente,historico_recente_202507_snh_pmcmv_dados_prioritarios_af_caixa,mcmv_ogu_28_qtd_entregues__ano_dt_referencia,removida
snh_pmcmv_dados_prioritarios|af_caixa|historico_recente,historico_recente_202507_snh_pmcmv_dados_prioritarios_af_caixa,mcmv_ogu_29_txt_situacao_empreendimento_janeiro_ano_dt_referenc,removida
snh_pmcmv_dados_prioritarios|af_caixa|historico_recente,historico_recente_202507_snh_pmcmv_dados_prioritarios_af_caixa,mcmv_ogu_30_vlr_desembolsado_no_ano_dt_referencia,removida
snh_pmcmv_dados_prioritarios|af_caixa|historico_recente,historico_recente_202507_snh_pmcmv_dados_prioritarios_af_caixa,mcmv_ogu_31_txt_detalha_situacao_empreendimento_janeiro_ano_dt_,removida
snh_pmcmv_dados_prioritarios|af_caixa|historico_recente,historico_recente_202508_snh_pmcmv_dados_prioritarios_af_caixa,bairro_do_imóvel,nova
snh_pmcmv_dados_prioritarios|af_caixa|historico_recente,historico_recente_202508_snh_pmcmv_dados_prioritarios_af_caixa,cep_do_imóvel,nova
snh_pmcmv_dados_prioritarios|af_caixa|historico_recente,historico_recente_202508_snh_pmcmv_dados_prioritarios_af_caixa,complemento_do_endereço_do_imóvel,nova
snh_pmcmv_dados_prioritarios|af_caixa|historico_recente,historico_recente_202508_snh_pmcmv_dados_prioritarios_af_caixa,data_da_previsão_da_entrega,nova
snh_pmcmv_dados_prioritarios|af_caixa|historico_recente,historico_recente_202508_snh_pmcmv_dados_prioritarios_af_caixa,detalhamento_da_situação_do_empreendimento,nova
snh_pmcmv_dados_prioritarios|af_caixa|historico_recente,historico_recente_202508_snh_pmcmv_dados_prioritarios_af_caixa,detalhamento_da_situação_do_empreendimento_em_janeiro_do_ano_,nova
snh_pmcmv_dados_prioritarios|af_caixa|historico_recente,historico_recente_202508_snh_pmcmv_dados_prioritarios_af_caixa,latitude_do_imóvel,nova
snh_pmcmv_dados_prioritarios|af_caixa|historico_recente,historico_recente_202508_snh_pmcmv_dados_prioritarios_af_caixa,logradouro_do_imóvel,nova
snh_pmcmv_dados_prioritarios|af_caixa|historico_recente,historico_recente_202508_snh_pmcmv_dados_prioritarios_af_caixa,longitude_do_imóvel,nova
snh_pmcmv_dados_prioritarios|af_caixa|historico_recente,historico_recente_202508_snh_pmcmv_dados_prioritarios_af_caixa,número_do_imóvel,nova
snh_pmcmv_dados_prioritarios|af_caixa|historico_recente,historico_recente_202508_snh_pmcmv_dados_prioritarios_af_caixa,quantidade_de_uhs_contratadas_do_ano_de_referência,nova
snh_pmcmv_dados_prioritarios|af_caixa|historico_recente,historico_recente_202508_snh_pmcmv_dados_prioritarios_af_caixa,quantidade_de_uhs_contratadas_em_janeiro_do_ano_de_referência,nova
snh_pmcmv_dados_prioritarios|af_caixa|historico_recente,historico_recente_202508_snh_pmcmv_dados_prioritarios_af_caixa,quantidade_de_uhs_distratadas,nova
snh_pmcmv_dados_prioritarios|af_caixa|historico_recente,historico_recente_202508_snh_pmcmv_dados_prioritarios_af_caixa,quantidade_de_uhs_distratadas_do_ano_de_referência,nova
snh_pmcmv_dados_prioritarios|af_caixa|historico_recente,historico_recente_202508_snh_pmcmv_dados_prioritarios_af_caixa,quantidade_de_uhs_distratadas_em_janeiro_do_ano_de_referência,nova
snh_pmcmv_dados_prioritarios|af_caixa|historico_recente,historico_recente_202508_snh_pmcmv_dados_prioritarios_af_caixa,quantidade_de_uhs_entregues_do_ano_de_referência,nova
snh_pmcmv_dados_prioritarios|af_caixa|historico_recente,historico_recente_202508_snh_pmcmv_dados_prioritarios_af_caixa,quantidade_de_uhs_entregues_em_janeiro_do_ano_de_referência,nova
snh_pmcmv_dados_prioritarios|af_caixa|historico_recente,historico_recente_202508_snh_pmcmv_dados_prioritarios_af_caixa,quantidade_de_uhs_vigentes_do_ano_de_referência,nova
snh_pmcmv_dados_prioritarios|af_caixa|historico_recente,historico_recente_202508_snh_pmcmv_dados_prioritarios_af_caixa,quantidade_de_uhs_vigentes_em_janeiro_do_ano_de_referência,nova
snh_pmcmv_dados_prioritarios|af_caixa|historico_recente,historico_recente_202508_snh_pmcmv_dados_prioritarios_af_caixa,situação_do_empreendimento_em_janeiro_do_ano_de_referência,nova
snh_pmcmv_dados_prioritarios|af_caixa|historico_recente,historico_recente_202508_snh_pmcmv_dados_prioritarios_af_caixa,unidades_habitacionais_a_serem_entregues,nova
snh_pmcmv_dados_prioritarios|af_caixa|historico_recente,historico_recente_202508_snh_pmcmv_dados_prioritarios_af_caixa,valor_desembolsado_do_ano_de_referência,nova
snh_pmcmv_dados_prioritarios|af_caixa|historico_recente,historico_recente_202508_snh_pmcmv_dados_prioritarios_af_caixa,classificação_dos_paralisados,removida
snh_pmcmv_dados_prioritarios|af_caixa|historico_recente,historico_recente_202508_snh_pmcmv_dados_prioritarios_af_caixa,mcmv_ogu_27_qtd_vigentes_janeiro_ano_dt_referencia,removida
snh_pmcmv_dados_prioritarios|af_caixa|historico_recente,historico_recente_202508_snh_pmcmv_dados_prioritarios_af_caixa,mcmv_ogu_28_qtd_entregues__ano_dt_referencia,removida
snh_pmcmv_dados_prioritarios|af_caixa|historico_recente,historico_recente_202508_snh_pmcmv_dados_prioritarios_af_caixa,mcmv_ogu_29_txt_situacao_empreendimento_janeiro_ano_dt_referenc,removida
snh_pmcmv_dados_prioritarios|af_caixa|historico_recente,historico_recente_202508_snh_pmcmv_dados_prioritarios_af_caixa,mcmv_ogu_30_vlr_desembolsado_no_ano_dt_referencia,removida
snh_pmcmv_dados_prioritarios|af_caixa|historico_recente,historico_recente_202508_snh_pmcmv_dados_prioritarios_af_caixa,mcmv_ogu_31_txt_detalha_situacao_empreendimento_janeiro_ano_dt_,removida
snh_pmcmv_dados_prioritarios|af_caixa|historico_recente,historico_recente_202509_snh_pmcmv_dados_prioritarios_af_caixa,bairro_do_imóvel,nova
snh_pmcmv_dados_prioritarios|af_caixa|historico_recente,historico_recente_202509_snh_pmcmv_dados_prioritarios_af_caixa,cep_do_imóvel,nova
snh_pmcmv_dados_prioritarios|af_caixa|historico_recente,historico_recente_202509_snh_pmcmv_dados_prioritarios_af_caixa,complemento_do_endereço_do_imóvel,nova
snh_pmcmv_dados_prioritarios|af_caixa|historico_recente,historico_recente_202509_snh_pmcmv_dados_prioritarios_af_caixa,data_da_previsão_da_entrega,nova
snh_pmcmv_dados_prioritarios|af_caixa|historico_recente,historico_recente_202509_snh_pmcmv_dados_prioritarios_af_caixa,detalhamento_da_situação_do_empreendimento,nova
snh_pmcmv_dados_prioritarios|af_caixa|historico_recente,historico_recente_202509_snh_pmcmv_dados_prioritarios_af_caixa,detalhamento_da_situação_do_empreendimento_em_janeiro_do_ano_,nova
snh_pmcmv_dados_prioritarios|af_caixa|historico_recente,historico_recente_202509_snh_pmcmv_dados_prioritarios_af_caixa,latitude_do_imóvel,nova
snh_pmcmv_dados_prioritarios|af_caixa|historico_recente,historico_recente_202509_snh_pmcmv_dados_prioritarios_af_caixa,logradouro_do_imóvel,nova
snh_pmcmv_dados_prioritarios|af_caixa|historico_recente,historico_recente_202509_snh_pmcmv_dados_prioritarios_af_caixa,longitude_do_imóvel,nova
snh_pmcmv_dados_prioritarios|af_caixa|historico_recente,historico_recente_202509_snh_pmcmv_dados_prioritarios_af_caixa,número_do_imóvel,nova
snh_pmcmv_dados_prioritarios|af_caixa|historico_recente,historico_recente_202509_snh_pmcmv_dados_prioritarios_af_caixa,quantidade_de_uhs_contratadas_do_ano_de_referência,nova
snh_pmcmv_dados_prioritarios|af_caixa|historico_recente,historico_recente_202509_snh_pmcmv_dados_prioritarios_af_caixa,quantidade_de_uhs_contratadas_em_janeiro_do_ano_de_referência,nova
snh_pmcmv_dados_prioritarios|af_caixa|historico_recente,historico_recente_202509_snh_pmcmv_dados_prioritarios_af_caixa,quantidade_de_uhs_distratadas,nova
snh_pmcmv_dados_prioritarios|af_caixa|historico_recente,historico_recente_202509_snh_pmcmv_dados_prioritarios_af_caixa,quantidade_de_uhs_distratadas_do_ano_de_referência,nova
snh_pmcmv_dados_prioritarios|af_caixa|historico_recente,historico_recente_202509_snh_pmcmv_dados_prioritarios_af_caixa,quantidade_de_uhs_distratadas_em_janeiro_do_ano_de_referência,nova
snh_pmcmv_dados_prioritarios|af_caixa|historico_recente,historico_recente_202509_snh_pmcmv_dados_prioritarios_af_caixa,quantidade_de_uhs_entregues_do_ano_de_referência,nova
snh_pmcmv_dados_prioritarios|af_caixa|historico_recente,historico_recente_202509_snh_pmcmv_dados_prioritarios_af_caixa,quantidade_de_uhs_entregues_em_janeiro_do_ano_de_referência,nova
snh_pmcmv_dados_prioritarios|af_caixa|historico_recente,historico_recente_202509_snh_pmcmv_dados_prioritarios_af_caixa,quantidade_de_uhs_vigentes_do_ano_de_referência,nova
snh_pmcmv_dados_prioritarios|af_caixa|historico_recente,historico_recente_202509_snh_pmcmv_dados_prioritarios_af_caixa,quantidade_de_uhs_vigentes_em_janeiro_do_ano_de_referência,nova
snh_pmcmv_dados_prioritarios|af_caixa|historico_recente,historico_recente_202509_snh_pmcmv_dados_prioritarios_af_caixa,situação_do_empreendimento_em_janeiro_do_ano_de_referência,nova
snh_pmcmv_dados_prioritarios|af_caixa|historico_recente,historico_recente_202509_snh_pmcmv_dados_prioritarios_af_caixa,unidades_habitacionais_a_serem_entregues,nova
snh_pmcmv_dados_prioritarios|af_caixa|historico_recente,historico_recente_202509_snh_pmcmv_dados_prioritarios_af_caixa,valor_desembolsado_do_ano_de_referência,nova
snh_pmcmv_dados_prioritarios|af_caixa|historico_recente,historico_recente_202509_snh_pmcmv_dados_prioritarios_af_caixa,classificação_dos_paralisados,removida
snh_pmcmv_dados_prioritarios|af_caixa|historico_recente,historico_recente_202509_snh_pmcmv_dados_prioritarios_af_caixa,mcmv_ogu_27_qtd_vigentes_janeiro_ano_dt_referencia,removida
snh_pmcmv_dados_prioritarios|af_caixa|historico_recente,historico_recente_202509_snh_pmcmv_dados_prioritarios_af_caixa,mcmv_ogu_28_qtd_entregues__ano_dt_referencia,removida
snh_pmcmv_dados_prioritarios|af_caixa|historico_recente,historico_recente_202509_snh_pmcmv_dados_prioritarios_af_caixa,mcmv_ogu_29_txt_situacao_empreendimento_janeiro_ano_dt_referenc,removida
snh_pmcmv_dados_prioritarios|af_caixa|historico_recente,historico_recente_202509_snh_pmcmv_dados_prioritarios_af_caixa,mcmv_ogu_30_vlr_desembolsado_no_ano_dt_referencia,removida
snh_pmcmv_dados_prioritarios|af_caixa|historico_recente,historico_recente_202509_snh_pmcmv_dados_prioritarios_af_caixa,mcmv_ogu_31_txt_detalha_situacao_empreendimento_janeiro_ano_dt_,removida
snh_pmcmv_dados_prioritarios|af_caixa|historico_recente,historico_recente_202510_snh_pmcmv_dados_prioritarios_af_caixa,bairro_do_imóvel,nova
snh_pmcmv_dados_prioritarios|af_caixa|historico_recente,historico_recente_202510_snh_pmcmv_dados_prioritarios_af_caixa,cep_do_imóvel,nova
snh_pmcmv_dados_prioritarios|af_caixa|historico_recente,historico_recente_202510_snh_pmcmv_dados_prioritarios_af_caixa,complemento_do_endereço_do_imóvel,nova
snh_pmcmv_dados_prioritarios|af_caixa|historico_recente,historico_recente_202510_snh_pmcmv_dados_prioritarios_af_caixa,data_da_previsão_da_entrega,nova
snh_pmcmv_dados_prioritarios|af_caixa|historico_recente,historico_recente_202510_snh_pmcmv_dados_prioritarios_af_caixa,detalhamento_da_situação_do_empreendimento,nova
snh_pmcmv_dados_prioritarios|af_caixa|historico_recente,historico_recente_202510_snh_pmcmv_dados_prioritarios_af_caixa,detalhamento_da_situação_do_empreendimento_em_janeiro_do_ano_,nova
snh_pmcmv_dados_prioritarios|af_caixa|historico_recente,historico_recente_202510_snh_pmcmv_dados_prioritarios_af_caixa,latitude_do_imóvel,nova
snh_pmcmv_dados_prioritarios|af_caixa|historico_recente,historico_recente_202510_snh_pmcmv_dados_prioritarios_af_caixa,logradouro_do_imóvel,nova
snh_pmcmv_dados_prioritarios|af_caixa|historico_recente,historico_recente_202510_snh_pmcmv_dados_prioritarios_af_caixa,longitude_do_imóvel,nova
snh_pmcmv_dados_prioritarios|af_caixa|historico_recente,historico_recente_202510_snh_pmcmv_dados_prioritarios_af_caixa,número_do_imóvel,nova
snh_pmcmv_dados_prioritarios|af_caixa|historico_recente,historico_recente_202510_snh_pmcmv_dados_prioritarios_af_caixa,quantidade_de_uhs_contratadas_do_ano_de_referência,nova
snh_pmcmv_dados_prioritarios|af_caixa|historico_recente,historico_recente_202510_snh_pmcmv_dados_prioritarios_af_caixa,quantidade_de_uhs_contratadas_em_janeiro_do_ano_de_referência,nova
snh_pmcmv_dados_prioritarios|af_caixa|historico_recente,historico_recente_202510_snh_pmcmv_dados_prioritarios_af_caixa,quantidade_de_uhs_distratadas,nova
snh_pmcmv_dados_prioritarios|af_caixa|historico_recente,historico_recente_202510_snh_pmcmv_dados_prioritarios_af_caixa,quantidade_de_uhs_distratadas_do_ano_de_referência,nova
snh_pmcmv_dados_prioritarios|af_caixa|historico_recente,historico_recente_202510_snh_pmcmv_dados_prioritarios_af_caixa,quantidade_de_uhs_distratadas_em_janeiro_do_ano_de_referência,nova
snh_pmcmv_dados_prioritarios|af_caixa|historico_recente,historico_recente_202510_snh_pmcmv_dados_prioritarios_af_caixa,quantidade_de_uhs_entregues_do_ano_de_referência,nova
snh_pmcmv_dados_prioritarios|af_caixa|historico_recente,historico_recente_202510_snh_pmcmv_dados_prioritarios_af_caixa,quantidade_de_uhs_entregues_em_janeiro_do_ano_de_referência,nova
snh_pmcmv_dados_prioritarios|af_caixa|historico_recente,historico_recente_202510_snh_pmcmv_dados_prioritarios_af_caixa,quantidade_de_uhs_vigentes_do_ano_de_referência,nova
snh_pmcmv_dados_prioritarios|af_caixa|historico_recente,historico_recente_202510_snh_pmcmv_dados_prioritarios_af_caixa,quantidade_de_uhs_vigentes_em_janeiro_do_ano_de_referência,nova
snh_pmcmv_dados_prioritarios|af_caixa|historico_recente,historico_recente_202510_snh_pmcmv_dados_prioritarios_af_caixa,situação_do_empreendimento_em_janeiro_do_ano_de_referência,nova
snh_pmcmv_dados_prioritarios|af_caixa|historico_recente,historico_recente_202510_snh_pmcmv_dados_prioritarios_af_caixa,unidades_habitacionais_a_serem_entregues,nova
snh_pmcmv_dados_prioritarios|af_caixa|historico_recente,historico_recente_202510_snh_pmcmv_dados_prioritarios_af_caixa,valor_desembolsado_do_ano_de_referência,nova
snh_pmcmv_dados_prioritarios|af_caixa|historico_recente,historico_recente_202510_snh_pmcmv_dados_prioritarios_af_caixa,classificação_dos_paralisados,removida
snh_pmcmv_dados_prioritarios|af_caixa|historico_recente,historico_recente_202510_snh_pmcmv_dados_prioritarios_af_caixa,mcmv_ogu_27_qtd_vigentes_janeiro_ano_dt_referencia,removida
snh_pmcmv_dados_prioritarios|af_caixa|historico_recente,historico_recente_202510_snh_pmcmv_dados_prioritarios_af_caixa,mcmv_ogu_28_qtd_entregues__ano_dt_referencia,removida
snh_pmcmv_dados_prioritarios|af_caixa|historico_recente,historico_recente_202510_snh_pmcmv_dados_prioritarios_af_caixa,mcmv_ogu_29_txt_situacao_empreendimento_janeiro_ano_dt_referenc,removida
snh_pmcmv_dados_prioritarios|af_caixa|historico_recente,historico_recente_202510_snh_pmcmv_dados_prioritarios_af_caixa,mcmv_ogu_30_vlr_desembolsado_no_ano_dt_referencia,removida
snh_pmcmv_dados_prioritarios|af_caixa|historico_recente,historico_recente_202510_snh_pmcmv_dados_prioritarios_af_caixa,mcmv_ogu_31_txt_detalha_situacao_empreendimento_janeiro_ano_dt_,removida
snh_pmcmv_dados_prioritarios|af_caixa|historico_recente,historico_recente_202511_snh_pmcmv_dados_prioritarios_af_caixa,bairro_do_imóvel,nova
snh_pmcmv_dados_prioritarios|af_caixa|historico_recente,historico_recente_202511_snh_pmcmv_dados_prioritarios_af_caixa,cep_do_imóvel,nova
snh_pmcmv_dados_prioritarios|af_caixa|historico_recente,historico_recente_202511_snh_pmcmv_dados_prioritarios_af_caixa,complemento_do_endereço_do_imóvel,nova
snh_pmcmv_dados_prioritarios|af_caixa|historico_recente,historico_recente_202511_snh_pmcmv_dados_prioritarios_af_caixa,data_da_previsão_da_entrega,nova
snh_pmcmv_dados_prioritarios|af_caixa|historico_recente,historico_recente_202511_snh_pmcmv_dados_prioritarios_af_caixa,detalhamento_da_situação_do_empreendimento,nova
snh_pmcmv_dados_prioritarios|af_caixa|historico_recente,historico_recente_202511_snh_pmcmv_dados_prioritarios_af_caixa,detalhamento_da_situação_do_empreendimento_em_janeiro_do_ano_,nova
snh_pmcmv_dados_prioritarios|af_caixa|historico_recente,historico_recente_202511_snh_pmcmv_dados_prioritarios_af_caixa,latitude_do_imóvel,nova
snh_pmcmv_dados_prioritarios|af_caixa|historico_recente,historico_recente_202511_snh_pmcmv_dados_prioritarios_af_caixa,logradouro_do_imóvel,nova
snh_pmcmv_dados_prioritarios|af_caixa|historico_recente,historico_recente_202511_snh_pmcmv_dados_prioritarios_af_caixa,longitude_do_imóvel,nova
snh_pmcmv_dados_prioritarios|af_caixa|historico_recente,historico_recente_202511_snh_pmcmv_dados_prioritarios_af_caixa,número_do_imóvel,nova
snh_pmcmv_dados_prioritarios|af_caixa|historico_recente,historico_recente_202511_snh_pmcmv_dados_prioritarios_af_caixa,quantidade_de_uhs_contratadas_do_ano_de_referência,nova
snh_pmcmv_dados_prioritarios|af_caixa|historico_recente,historico_recente_202511_snh_pmcmv_dados_prioritarios_af_caixa,quantidade_de_uhs_contratadas_em_janeiro_do_ano_de_referência,nova
snh_pmcmv_dados_prioritarios|af_caixa|historico_recente,historico_recente_202511_snh_pmcmv_dados_prioritarios_af_caixa,quantidade_de_uhs_distratadas,nova
snh_pmcmv_dados_prioritarios|af_caixa|historico_recente,historico_recente_202511_snh_pmcmv_dados_prioritarios_af_caixa,quantidade_de_uhs_distratadas_do_ano_de_referência,nova
snh_pmcmv_dados_prioritarios|af_caixa|historico_recente,historico_recente_202511_snh_pmcmv_dados_prioritarios_af_caixa,quantidade_de_uhs_distratadas_em_janeiro_do_ano_de_referência,nova
snh_pmcmv_dados_prioritarios|af_caixa|historico_recente,historico_recente_202511_snh_pmcmv_dados_prioritarios_af_caixa,quantidade_de_uhs_entregues_do_ano_de_referência,nova
snh_pmcmv_dados_prioritarios|af_caixa|historico_recente,historico_recente_202511_snh_pmcmv_dados_prioritarios_af_caixa,quantidade_de_uhs_entregues_em_janeiro_do_ano_de_referência,nova
snh_pmcmv_dados_prioritarios|af_caixa|historico_recente,historico_recente_202511_snh_pmcmv_dados_prioritarios_af_caixa,quantidade_de_uhs_vigentes_do_ano_de_referência,nova
snh_pmcmv_dados_prioritarios|af_caixa|historico_recente,historico_recente_202511_snh_pmcmv_dados_prioritarios_af_caixa,quantidade_de_uhs_vigentes_em_janeiro_do_ano_de_referência,nova
snh_pmcmv_dados_prioritarios|af_caixa|historico_recente,historico_recente_202511_snh_pmcmv_dados_prioritarios_af_caixa,situação_do_empreendimento_em_janeiro_do_ano_de_referência,nova
snh_pmcmv_dados_prioritarios|af_caixa|historico_recente,historico_recente_202511_snh_pmcmv_dados_prioritarios_af_caixa,unidades_habitacionais_a_serem_entregues,nova
snh_pmcmv_dados_prioritarios|af_caixa|historico_recente,historico_recente_202511_snh_pmcmv_dados_prioritarios_af_caixa,valor_desembolsado_do_ano_de_referência,nova
snh_pmcmv_dados_prioritarios|af_caixa|historico_recente,historico_recente_202511_snh_pmcmv_dados_prioritarios_af_caixa,classificação_dos_paralisados,removida
snh_pmcmv_dados_prioritarios|af_caixa|historico_recente,historico_recente_202511_snh_pmcmv_dados_prioritarios_af_caixa,mcmv_ogu_27_qtd_vigentes_janeiro_ano_dt_referencia,removida
snh_pmcmv_dados_prioritarios|af_caixa|historico_recente,historico_recente_202511_snh_pmcmv_dados_prioritarios_af_caixa,mcmv_ogu_28_qtd_entregues__ano_dt_referencia,removida
snh_pmcmv_dados_prioritarios|af_caixa|historico_recente,historico_recente_202511_snh_pmcmv_dados_prioritarios_af_caixa,mcmv_ogu_29_txt_situacao_empreendimento_janeiro_ano_dt_referenc,removida
snh_pmcmv_dados_prioritarios|af_caixa|historico_recente,historico_recente_202511_snh_pmcmv_dados_prioritarios_af_caixa,mcmv_ogu_30_vlr_desembolsado_no_ano_dt_referencia,removida
snh_pmcmv_dados_prioritarios|af_caixa|historico_recente,historico_recente_202511_snh_pmcmv_dados_prioritarios_af_caixa,mcmv_ogu_31_txt_detalha_situacao_empreendimento_janeiro_ano_dt_,removida
snh_pmcmv_dados_prioritarios|af_caixa|historico_recente,historico_recente_202512_snh_pmcmv_dados_prioritarios_af_caixa,bairro_do_imóvel,nova
snh_pmcmv_dados_prioritarios|af_caixa|historico_recente,historico_recente_202512_snh_pmcmv_dados_prioritarios_af_caixa,cep_do_imóvel,nova
snh_pmcmv_dados_prioritarios|af_caixa|historico_recente,historico_recente_202512_snh_pmcmv_dados_prioritarios_af_caixa,complemento_do_endereço_do_imóvel,nova
snh_pmcmv_dados_prioritarios|af_caixa|historico_recente,historico_recente_202512_snh_pmcmv_dados_prioritarios_af_caixa,data_da_previsão_da_entrega,nova
snh_pmcmv_dados_prioritarios|af_caixa|historico_recente,historico_recente_202512_snh_pmcmv_dados_prioritarios_af_caixa,detalhamento_da_situação_do_empreendimento,nova
snh_pmcmv_dados_prioritarios|af_caixa|historico_recente,historico_recente_202512_snh_pmcmv_dados_prioritarios_af_caixa,detalhamento_da_situação_do_empreendimento_em_janeiro_do_ano_,nova
snh_pmcmv_dados_prioritarios|af_caixa|historico_recente,historico_recente_202512_snh_pmcmv_dados_prioritarios_af_caixa,latitude_do_imóvel,nova
snh_pmcmv_dados_prioritarios|af_caixa|historico_recente,historico_recente_202512_snh_pmcmv_dados_prioritarios_af_caixa,logradouro_do_imóvel,nova
snh_pmcmv_dados_prioritarios|af_caixa|historico_recente,historico_recente_202512_snh_pmcmv_dados_prioritarios_af_caixa,longitude_do_imóvel,nova
snh_pmcmv_dados_prioritarios|af_caixa|historico_recente,historico_recente_202512_snh_pmcmv_dados_prioritarios_af_caixa,número_do_imóvel,nova
snh_pmcmv_dados_prioritarios|af_caixa|historico_recente,historico_recente_202512_snh_pmcmv_dados_prioritarios_af_caixa,quantidade_de_uhs_contratadas_do_ano_de_referência,nova
snh_pmcmv_dados_prioritarios|af_caixa|historico_recente,historico_recente_202512_snh_pmcmv_dados_prioritarios_af_caixa,quantidade_de_uhs_contratadas_em_janeiro_do_ano_de_referência,nova
snh_pmcmv_dados_prioritarios|af_caixa|historico_recente,historico_recente_202512_snh_pmcmv_dados_prioritarios_af_caixa,quantidade_de_uhs_distratadas,nova
snh_pmcmv_dados_prioritarios|af_caixa|historico_recente,historico_recente_202512_snh_pmcmv_dados_prioritarios_af_caixa,quantidade_de_uhs_distratadas_do_ano_de_referência,nova
snh_pmcmv_dados_prioritarios|af_caixa|historico_recente,historico_recente_202512_snh_pmcmv_dados_prioritarios_af_caixa,quantidade_de_uhs_distratadas_em_janeiro_do_ano_de_referência,nova
snh_pmcmv_dados_prioritarios|af_caixa|historico_recente,historico_recente_202512_snh_pmcmv_dados_prioritarios_af_caixa,quantidade_de_uhs_entregues_do_ano_de_referência,nova
snh_pmcmv_dados_prioritarios|af_caixa|historico_recente,historico_recente_202512_snh_pmcmv_dados_prioritarios_af_caixa,quantidade_de_uhs_entregues_em_janeiro_do_ano_de_referência,nova
snh_pmcmv_dados_prioritarios|af_caixa|historico_recente,historico_recente_202512_snh_pmcmv_dados_prioritarios_af_caixa,quantidade_de_uhs_vigentes_do_ano_de_referência,nova
snh_pmcmv_dados_prioritarios|af_caixa|historico_recente,historico_recente_202512_snh_pmcmv_dados_prioritarios_af_caixa,quantidade_de_uhs_vigentes_em_janeiro_do_ano_de_referência,nova
snh_pmcmv_dados_prioritarios|af_caixa|historico_recente,historico_recente_202512_snh_pmcmv_dados_prioritarios_af_caixa,situação_do_empreendimento_em_janeiro_do_ano_de_referência,nova
snh_pmcmv_dados_prioritarios|af_caixa|historico_recente,historico_recente_202512_snh_pmcmv_dados_prioritarios_af_caixa,unidades_habitacionais_a_serem_entregues,nova
snh_pmcmv_dados_prioritarios|af_caixa|historico_recente,historico_recente_202512_snh_pmcmv_dados_prioritarios_af_caixa,valor_desembolsado_do_ano_de_referência,nova
snh_pmcmv_dados_prioritarios|af_caixa|historico_recente,historico_recente_202512_snh_pmcmv_dados_prioritarios_af_caixa,classificação_dos_paralisados,removida
snh_pmcmv_dados_prioritarios|af_caixa|historico_recente,historico_recente_202512_snh_pmcmv_dados_prioritarios_af_caixa,mcmv_ogu_27_qtd_vigentes_janeiro_ano_dt_referencia,removida
snh_pmcmv_dados_prioritarios|af_caixa|historico_recente,historico_recente_202512_snh_pmcmv_dados_prioritarios_af_caixa,mcmv_ogu_28_qtd_entregues__ano_dt_referencia,removida
snh_pmcmv_dados_prioritarios|af_caixa|historico_recente,historico_recente_202512_snh_pmcmv_dados_prioritarios_af_caixa,mcmv_ogu_29_txt_situacao_empreendimento_janeiro_ano_dt_referenc,removida
snh_pmcmv_dados_prioritarios|af_caixa|historico_recente,historico_recente_202512_snh_pmcmv_dados_prioritarios_af_caixa,mcmv_ogu_30_vlr_desembolsado_no_ano_dt_referencia,removida
snh_pmcmv_dados_prioritarios|af_caixa|historico_recente,historico_recente_202512_snh_pmcmv_dados_prioritarios_af_caixa,mcmv_ogu_31_txt_detalha_situacao_empreendimento_janeiro_ano_dt_,removida
snh_pmcmv_dados_prioritarios|af_caixa|historico_recente,historico_recente_202601_snh_pmcmv_dados_prioritarios_af_caixa,bairro_do_imóvel,nova
snh_pmcmv_dados_prioritarios|af_caixa|historico_recente,historico_recente_202601_snh_pmcmv_dados_prioritarios_af_caixa,cep_do_imóvel,nova
snh_pmcmv_dados_prioritarios|af_caixa|historico_recente,historico_recente_202601_snh_pmcmv_dados_prioritarios_af_caixa,complemento_do_endereço_do_imóvel,nova
snh_pmcmv_dados_prioritarios|af_caixa|historico_recente,historico_recente_202601_snh_pmcmv_dados_prioritarios_af_caixa,data_da_previsão_da_entrega,nova
snh_pmcmv_dados_prioritarios|af_caixa|historico_recente,historico_recente_202601_snh_pmcmv_dados_prioritarios_af_caixa,detalhamento_da_situação_do_empreendimento,nova
snh_pmcmv_dados_prioritarios|af_caixa|historico_recente,historico_recente_202601_snh_pmcmv_dados_prioritarios_af_caixa,detalhamento_da_situação_do_empreendimento_em_janeiro_do_ano_,nova
snh_pmcmv_dados_prioritarios|af_caixa|historico_recente,historico_recente_202601_snh_pmcmv_dados_prioritarios_af_caixa,latitude_do_imóvel,nova
snh_pmcmv_dados_prioritarios|af_caixa|historico_recente,historico_recente_202601_snh_pmcmv_dados_prioritarios_af_caixa,logradouro_do_imóvel,nova
snh_pmcmv_dados_prioritarios|af_caixa|historico_recente,historico_recente_202601_snh_pmcmv_dados_prioritarios_af_caixa,longitude_do_imóvel,nova
snh_pmcmv_dados_prioritarios|af_caixa|historico_recente,historico_recente_202601_snh_pmcmv_dados_prioritarios_af_caixa,número_do_imóvel,nova
snh_pmcmv_dados_prioritarios|af_caixa|historico_recente,historico_recente_202601_snh_pmcmv_dados_prioritarios_af_caixa,quantidade_de_uhs_contratadas_do_ano_de_referência,nova
snh_pmcmv_dados_prioritarios|af_caixa|historico_recente,historico_recente_202601_snh_pmcmv_dados_prioritarios_af_caixa,quantidade_de_uhs_contratadas_em_janeiro_do_ano_de_referência,nova
snh_pmcmv_dados_prioritarios|af_caixa|historico_recente,historico_recente_202601_snh_pmcmv_dados_prioritarios_af_caixa,quantidade_de_uhs_distratadas,nova
snh_pmcmv_dados_prioritarios|af_caixa|historico_recente,historico_recente_202601_snh_pmcmv_dados_prioritarios_af_caixa,quantidade_de_uhs_distratadas_do_ano_de_referência,nova
snh_pmcmv_dados_prioritarios|af_caixa|historico_recente,historico_recente_202601_snh_pmcmv_dados_prioritarios_af_caixa,quantidade_de_uhs_distratadas_em_janeiro_do_ano_de_referência,nova
snh_pmcmv_dados_prioritarios|af_caixa|historico_recente,historico_recente_202601_snh_pmcmv_dados_prioritarios_af_caixa,quantidade_de_uhs_entregues_do_ano_de_referência,nova
snh_pmcmv_dados_prioritarios|af_caixa|historico_recente,historico_recente_202601_snh_pmcmv_dados_prioritarios_af_caixa,quantidade_de_uhs_entregues_em_janeiro_do_ano_de_referência,nova
snh_pmcmv_dados_prioritarios|af_caixa|historico_recente,historico_recente_202601_snh_pmcmv_dados_prioritarios_af_caixa,quantidade_de_uhs_vigentes_do_ano_de_referência,nova
snh_pmcmv_dados_prioritarios|af_caixa|historico_recente,historico_recente_202601_snh_pmcmv_dados_prioritarios_af_caixa,quantidade_de_uhs_vigentes_em_janeiro_do_ano_de_referência,nova
snh_pmcmv_dados_prioritarios|af_caixa|historico_recente,historico_recente_202601_snh_pmcmv_dados_prioritarios_af_caixa,situação_do_empreendimento_em_janeiro_do_ano_de_referência,nova
snh_pmcmv_dados_prioritarios|af_caixa|historico_recente,historico_recente_202601_snh_pmcmv_dados_prioritarios_af_caixa,unidades_habitacionais_a_serem_entregues,nova
snh_pmcmv_dados_prioritarios|af_caixa|historico_recente,historico_recente_202601_snh_pmcmv_dados_prioritarios_af_caixa,valor_desembolsado_do_ano_de_referência,nova
snh_pmcmv_dados_prioritarios|af_caixa|historico_recente,historico_recente_202601_snh_pmcmv_dados_prioritarios_af_caixa,classificação_dos_paralisados,removida
snh_pmcmv_dados_prioritarios|af_caixa|historico_recente,historico_recente_202601_snh_pmcmv_dados_prioritarios_af_caixa,mcmv_ogu_27_qtd_vigentes_janeiro_ano_dt_referencia,removida
snh_pmcmv_dados_prioritarios|af_caixa|historico_recente,historico_recente_202601_snh_pmcmv_dados_prioritarios_af_caixa,mcmv_ogu_28_qtd_entregues__ano_dt_referencia,removida
snh_pmcmv_dados_prioritarios|af_caixa|historico_recente,historico_recente_202601_snh_pmcmv_dados_prioritarios_af_caixa,mcmv_ogu_29_txt_situacao_empreendimento_janeiro_ano_dt_referenc,removida
snh_pmcmv_dados_prioritarios|af_caixa|historico_recente,historico_recente_202601_snh_pmcmv_dados_prioritarios_af_caixa,mcmv_ogu_30_vlr_desembolsado_no_ano_dt_referencia,removida
snh_pmcmv_dados_prioritarios|af_caixa|historico_recente,historico_recente_202601_snh_pmcmv_dados_prioritarios_af_caixa,mcmv_ogu_31_txt_detalha_situacao_empreendimento_janeiro_ano_dt_,removida
snh_pmcmv_dados_prioritarios|af_caixa|historico_recente,historico_recente_202602_snh_pmcmv_dados_prioritarios_af_caixa,bairro_do_imóvel,nova
snh_pmcmv_dados_prioritarios|af_caixa|historico_recente,historico_recente_202602_snh_pmcmv_dados_prioritarios_af_caixa,cep_do_imóvel,nova
snh_pmcmv_dados_prioritarios|af_caixa|historico_recente,historico_recente_202602_snh_pmcmv_dados_prioritarios_af_caixa,complemento_do_endereço_do_imóvel,nova
snh_pmcmv_dados_prioritarios|af_caixa|historico_recente,historico_recente_202602_snh_pmcmv_dados_prioritarios_af_caixa,data_da_previsão_da_entrega,nova
snh_pmcmv_dados_prioritarios|af_caixa|historico_recente,historico_recente_202602_snh_pmcmv_dados_prioritarios_af_caixa,detalhamento_da_situação_do_empreendimento,nova
snh_pmcmv_dados_prioritarios|af_caixa|historico_recente,historico_recente_202602_snh_pmcmv_dados_prioritarios_af_caixa,detalhamento_da_situação_do_empreendimento_em_janeiro_do_ano_,nova
snh_pmcmv_dados_prioritarios|af_caixa|historico_recente,historico_recente_202602_snh_pmcmv_dados_prioritarios_af_caixa,latitude_do_imóvel,nova
snh_pmcmv_dados_prioritarios|af_caixa|historico_recente,historico_recente_202602_snh_pmcmv_dados_prioritarios_af_caixa,logradouro_do_imóvel,nova
snh_pmcmv_dados_prioritarios|af_caixa|historico_recente,historico_recente_202602_snh_pmcmv_dados_prioritarios_af_caixa,longitude_do_imóvel,nova
snh_pmcmv_dados_prioritarios|af_caixa|historico_recente,historico_recente_202602_snh_pmcmv_dados_prioritarios_af_caixa,número_do_imóvel,nova
snh_pmcmv_dados_prioritarios|af_caixa|historico_recente,historico_recente_202602_snh_pmcmv_dados_prioritarios_af_caixa,quantidade_de_uhs_contratadas_do_ano_de_referência,nova
snh_pmcmv_dados_prioritarios|af_caixa|historico_recente,historico_recente_202602_snh_pmcmv_dados_prioritarios_af_caixa,quantidade_de_uhs_contratadas_em_janeiro_do_ano_de_referência,nova
snh_pmcmv_dados_prioritarios|af_caixa|historico_recente,historico_recente_202602_snh_pmcmv_dados_prioritarios_af_caixa,quantidade_de_uhs_distratadas,nova
snh_pmcmv_dados_prioritarios|af_caixa|historico_recente,historico_recente_202602_snh_pmcmv_dados_prioritarios_af_caixa,quantidade_de_uhs_distratadas_do_ano_de_referência,nova
snh_pmcmv_dados_prioritarios|af_caixa|historico_recente,historico_recente_202602_snh_pmcmv_dados_prioritarios_af_caixa,quantidade_de_uhs_distratadas_em_janeiro_do_ano_de_referência,nova
snh_pmcmv_dados_prioritarios|af_caixa|historico_recente,historico_recente_202602_snh_pmcmv_dados_prioritarios_af_caixa,quantidade_de_uhs_entregues_do_ano_de_referência,nova
snh_pmcmv_dados_prioritarios|af_caixa|historico_recente,historico_recente_202602_snh_pmcmv_dados_prioritarios_af_caixa,quantidade_de_uhs_entregues_em_janeiro_do_ano_de_referência,nova
snh_pmcmv_dados_prioritarios|af_caixa|historico_recente,historico_recente_202602_snh_pmcmv_dados_prioritarios_af_caixa,quantidade_de_uhs_vigentes_do_ano_de_referência,nova
snh_pmcmv_dados_prioritarios|af_caixa|historico_recente,historico_recente_202602_snh_pmcmv_dados_prioritarios_af_caixa,quantidade_de_uhs_vigentes_em_janeiro_do_ano_de_referência,nova
snh_pmcmv_dados_prioritarios|af_caixa|historico_recente,historico_recente_202602_snh_pmcmv_dados_prioritarios_af_caixa,situação_do_empreendimento_em_janeiro_do_ano_de_referência,nova
snh_pmcmv_dados_prioritarios|af_caixa|historico_recente,historico_recente_202602_snh_pmcmv_dados_prioritarios_af_caixa,unidades_habitacionais_a_serem_entregues,nova
snh_pmcmv_dados_prioritarios|af_caixa|historico_recente,historico_recente_202602_snh_pmcmv_dados_prioritarios_af_caixa,valor_desembolsado_do_ano_de_referência,nova
snh_pmcmv_dados_prioritarios|af_caixa|historico_recente,historico_recente_202602_snh_pmcmv_dados_prioritarios_af_caixa,classificação_dos_paralisados,removida
snh_pmcmv_dados_prioritarios|af_caixa|historico_recente,historico_recente_202602_snh_pmcmv_dados_prioritarios_af_caixa,mcmv_ogu_27_qtd_vigentes_janeiro_ano_dt_referencia,removida
snh_pmcmv_dados_prioritarios|af_caixa|historico_recente,historico_recente_202602_snh_pmcmv_dados_prioritarios_af_caixa,mcmv_ogu_28_qtd_entregues__ano_dt_referencia,removida
snh_pmcmv_dados_prioritarios|af_caixa|historico_recente,historico_recente_202602_snh_pmcmv_dados_prioritarios_af_caixa,mcmv_ogu_29_txt_situacao_empreendimento_janeiro_ano_dt_referenc,removida
snh_pmcmv_dados_prioritarios|af_caixa|historico_recente,historico_recente_202602_snh_pmcmv_dados_prioritarios_af_caixa,mcmv_ogu_30_vlr_desembolsado_no_ano_dt_referencia,removida
snh_pmcmv_dados_prioritarios|af_caixa|historico_recente,historico_recente_202602_snh_pmcmv_dados_prioritarios_af_caixa,mcmv_ogu_31_txt_detalha_situacao_empreendimento_janeiro_ano_dt_,removida
snh_pmcmv_dados_prioritarios|af_caixa|historico_recente,historico_recente_202603_snh_pmcmv_dados_prioritarios_af_caixa,bairro_do_imóvel,nova
snh_pmcmv_dados_prioritarios|af_caixa|historico_recente,historico_recente_202603_snh_pmcmv_dados_prioritarios_af_caixa,cep_do_imóvel,nova
snh_pmcmv_dados_prioritarios|af_caixa|historico_recente,historico_recente_202603_snh_pmcmv_dados_prioritarios_af_caixa,complemento_do_endereço_do_imóvel,nova
snh_pmcmv_dados_prioritarios|af_caixa|historico_recente,historico_recente_202603_snh_pmcmv_dados_prioritarios_af_caixa,data_da_previsão_da_entrega,nova
snh_pmcmv_dados_prioritarios|af_caixa|historico_recente,historico_recente_202603_snh_pmcmv_dados_prioritarios_af_caixa,detalhamento_da_situação_do_empreendimento,nova
snh_pmcmv_dados_prioritarios|af_caixa|historico_recente,historico_recente_202603_snh_pmcmv_dados_prioritarios_af_caixa,detalhamento_da_situação_do_empreendimento_em_janeiro_do_ano_,nova
snh_pmcmv_dados_prioritarios|af_caixa|historico_recente,historico_recente_202603_snh_pmcmv_dados_prioritarios_af_caixa,latitude_do_imóvel,nova
snh_pmcmv_dados_prioritarios|af_caixa|historico_recente,historico_recente_202603_snh_pmcmv_dados_prioritarios_af_caixa,logradouro_do_imóvel,nova
snh_pmcmv_dados_prioritarios|af_caixa|historico_recente,historico_recente_202603_snh_pmcmv_dados_prioritarios_af_caixa,longitude_do_imóvel,nova
snh_pmcmv_dados_prioritarios|af_caixa|historico_recente,historico_recente_202603_snh_pmcmv_dados_prioritarios_af_caixa,número_do_imóvel,nova
snh_pmcmv_dados_prioritarios|af_caixa|historico_recente,historico_recente_202603_snh_pmcmv_dados_prioritarios_af_caixa,quantidade_de_uhs_contratadas_do_ano_de_referência,nova
snh_pmcmv_dados_prioritarios|af_caixa|historico_recente,historico_recente_202603_snh_pmcmv_dados_prioritarios_af_caixa,quantidade_de_uhs_contratadas_em_janeiro_do_ano_de_referência,nova
snh_pmcmv_dados_prioritarios|af_caixa|historico_recente,historico_recente_202603_snh_pmcmv_dados_prioritarios_af_caixa,quantidade_de_uhs_distratadas,nova
snh_pmcmv_dados_prioritarios|af_caixa|historico_recente,historico_recente_202603_snh_pmcmv_dados_prioritarios_af_caixa,quantidade_de_uhs_distratadas_do_ano_de_referência,nova
snh_pmcmv_dados_prioritarios|af_caixa|historico_recente,historico_recente_202603_snh_pmcmv_dados_prioritarios_af_caixa,quantidade_de_uhs_distratadas_em_janeiro_do_ano_de_referência,nova
snh_pmcmv_dados_prioritarios|af_caixa|historico_recente,historico_recente_202603_snh_pmcmv_dados_prioritarios_af_caixa,quantidade_de_uhs_entregues_do_ano_de_referência,nova
snh_pmcmv_dados_prioritarios|af_caixa|historico_recente,historico_recente_202603_snh_pmcmv_dados_prioritarios_af_caixa,quantidade_de_uhs_entregues_em_janeiro_do_ano_de_referência,nova
snh_pmcmv_dados_prioritarios|af_caixa|historico_recente,historico_recente_202603_snh_pmcmv_dados_prioritarios_af_caixa,quantidade_de_uhs_vigentes_do_ano_de_referência,nova
snh_pmcmv_dados_prioritarios|af_caixa|historico_recente,historico_recente_202603_snh_pmcmv_dados_prioritarios_af_caixa,quantidade_de_uhs_vigentes_em_janeiro_do_ano_de_referência,nova
snh_pmcmv_dados_prioritarios|af_caixa|historico_recente,historico_recente_202603_snh_pmcmv_dados_prioritarios_af_caixa,situação_do_empreendimento_em_janeiro_do_ano_de_referência,nova
snh_pmcmv_dados_prioritarios|af_caixa|historico_recente,historico_recente_202603_snh_pmcmv_dados_prioritarios_af_caixa,unidades_habitacionais_a_serem_entregues,nova
snh_pmcmv_dados_prioritarios|af_caixa|historico_recente,historico_recente_202603_snh_pmcmv_dados_prioritarios_af_caixa,valor_desembolsado_do_ano_de_referência,nova
snh_pmcmv_dados_prioritarios|af_caixa|historico_recente,historico_recente_202603_snh_pmcmv_dados_prioritarios_af_caixa,classificação_dos_paralisados,removida
snh_pmcmv_dados_prioritarios|af_caixa|historico_recente,historico_recente_202603_snh_pmcmv_dados_prioritarios_af_caixa,mcmv_ogu_27_qtd_vigentes_janeiro_ano_dt_referencia,removida
snh_pmcmv_dados_prioritarios|af_caixa|historico_recente,historico_recente_202603_snh_pmcmv_dados_prioritarios_af_caixa,mcmv_ogu_28_qtd_entregues__ano_dt_referencia,removida
snh_pmcmv_dados_prioritarios|af_caixa|historico_recente,historico_recente_202603_snh_pmcmv_dados_prioritarios_af_caixa,mcmv_ogu_29_txt_situacao_empreendimento_janeiro_ano_dt_referenc,removida
snh_pmcmv_dados_prioritarios|af_caixa|historico_recente,historico_recente_202603_snh_pmcmv_dados_prioritarios_af_caixa,mcmv_ogu_30_vlr_desembolsado_no_ano_dt_referencia,removida
snh_pmcmv_dados_prioritarios|af_caixa|historico_recente,historico_recente_202603_snh_pmcmv_dados_prioritarios_af_caixa,mcmv_ogu_31_txt_detalha_situacao_empreendimento_janeiro_ano_dt_,removida
snh_pmcmv_dados_prioritarios|af_caixa|o_recente|entregas,o_recente_202408_snh_pmcmv_dados_prioritarios_af_caixa_entregas,check,nova
